genes;condiciones
113219467,1513,200407,54,2696,4574;Primary1,Primary2,Primary3,Primary4,Primary5,Primary6,Primary7,Primary8,Primary9,Primary10,Primary11,Primary12,Primary13,Primary14,Primary16,Primary17,Primary18,Primary19,Primary20,Primary21,Primary22,Primary23
113219467,4852,4574;Primary1,Primary2,Primary3,Primary4,Primary5,Primary6,Primary7,Primary8,Primary9,Primary10,Primary11,Primary12,Primary13,Primary14,Primary15,Primary16,Primary17,Primary18,Primary19,Primary20,Primary21,Primary23
113219467,285;Primary1,Primary2,Primary3,Primary4,Primary5,Primary6,Primary8,Primary9,Primary10,Primary11,Primary12,Primary13,Primary14,Primary15,Primary16,Primary17,Primary18,Primary19,Primary20,Primary21,Primary22,Primary23
113219467,1152,2696;Primary1,Primary2,Primary3,Primary4,Primary5,Primary6,Primary7,Primary8,Primary9,Primary10,Primary11,Primary12,Primary13,Primary15,Primary16,Primary17,Primary18,Primary19,Primary20,Primary21,Primary22,Primary23
113219467,92086;Primary1,Primary2,Primary3,Primary4,Primary5,Primary6,Primary7,Primary8,Primary9,Primary10,Primary11,Primary12,Primary13,Primary14,Primary15,Primary16,Primary17,Primary18,Primary19,Primary20,Primary21,Primary22,Primary23
113219467,4574;Primary1,Primary2,Primary3,Primary4,Primary5,Primary6,Primary7,Primary8,Primary9,Primary10,Primary11,Primary12,Primary13,Primary14,Primary15,Primary16,Primary17,Primary18,Primary19,Primary20,Primary21,Primary22,Primary23
85452,57530,5225;Primary1,Primary2,Primary4,Primary5,Primary6,Primary7,Primary8,Primary9,Primary10,Primary11,Primary12,Primary13,Primary14,Primary15,Primary16,Primary17,Primary18,Primary19,Primary20,Primary21,Primary22,Primary23
85452,6496,653082,11081;Primary1,Primary3,Primary4,Primary5,Primary6,Primary7,Primary8,Primary9,Primary10,Primary11,Primary12,Primary13,Primary14,Primary15,Primary16,Primary17,Primary18,Primary19,Primary20,Primary21,Primary22,Primary23
85452,776,339983,5225,11081,246,27134;Primary1,Primary3,Primary4,Primary5,Primary6,Primary7,Primary8,Primary9,Primary10,Primary11,Primary12,Primary13,Primary14,Primary15,Primary16,Primary17,Primary18,Primary19,Primary20,Primary21,Primary22,Primary23
85452,339983,5225;Primary1,Primary2,Primary3,Primary4,Primary5,Primary6,Primary7,Primary8,Primary9,Primary10,Primary11,Primary12,Primary13,Primary14,Primary15,Primary16,Primary17,Primary18,Primary19,Primary20,Primary21,Primary22,Primary23
85452,1161;Primary1,Primary2,Primary3,Primary4,Primary5,Primary6,Primary7,Primary8,Primary9,Primary10,Primary11,Primary12,Primary13,Primary14,Primary15,Primary16,Primary17,Primary18,Primary19,Primary20,Primary21,Primary22,Primary23
85452,641384;Primary1,Primary2,Primary3,Primary4,Primary5,Primary7,Primary8,Primary9,Primary10,Primary11,Primary12,Primary13,Primary14,Primary15,Primary16,Primary17,Primary18,Primary19,Primary20,Primary21,Primary22,Primary23
85452,160728,339983,5225,11081,246,27134,4861;Primary1,Primary3,Primary4,Primary5,Primary6,Primary7,Primary8,Primary9,Primary10,Primary11,Primary12,Primary13,Primary14,Primary15,Primary16,Primary17,Primary18,Primary19,Primary20,Primary21,Primary22,Primary23
85452,100033430,339983,1161;Primary1,Primary2,Primary3,Primary4,Primary5,Primary6,Primary7,Primary8,Primary9,Primary10,Primary11,Primary12,Primary13,Primary14,Primary15,Primary16,Primary17,Primary19,Primary20,Primary21,Primary22,Primary23
85452,6532,6496,653082;Primary1,Primary3,Primary4,Primary5,Primary6,Primary7,Primary8,Primary9,Primary10,Primary11,Primary12,Primary13,Primary14,Primary15,Primary16,Primary17,Primary18,Primary19,Primary20,Primary21,Primary22,Primary23
85452,27134,6496,11081;Primary1,Primary3,Primary4,Primary5,Primary6,Primary7,Primary8,Primary9,Primary10,Primary11,Primary12,Primary13,Primary14,Primary15,Primary16,Primary17,Primary18,Primary19,Primary20,Primary21,Primary22,Primary23
54897,388633,10071,9228,114569,83481,22943,22941,7080,284111,64073;Primary1,Primary2,Primary3,Primary4,Primary5,Primary6,Primary7,Primary8,Primary9,Primary10,Primary11,Primary12,Primary13,Primary14,Primary15,Primary16,Primary18,Primary19,Primary20,Primary21,Primary22,Primary23
54897,277,116228,10071,9228,114569,83481,22943,22941,7080,284111,64073,4680,112268252;Primary1,Primary2,Primary3,Primary4,Primary5,Primary7,Primary8,Primary9,Primary10,Primary11,Primary12,Primary13,Primary14,Primary15,Primary16,Primary17,Primary18,Primary19,Primary20,Primary21,Primary22,Primary23
54897,1746,10071,9228,114569,83481,22943,22941,3229,28984,7080,284111,64073;Primary1,Primary2,Primary3,Primary4,Primary5,Primary6,Primary7,Primary8,Primary9,Primary10,Primary11,Primary13,Primary14,Primary15,Primary16,Primary17,Primary18,Primary19,Primary20,Primary21,Primary22,Primary23
54897,10071,9228,114569,83481,22943,22941,7080,284111,64073;Primary1,Primary2,Primary3,Primary4,Primary5,Primary6,Primary7,Primary8,Primary9,Primary10,Primary11,Primary12,Primary13,Primary14,Primary15,Primary16,Primary17,Primary18,Primary19,Primary20,Primary21,Primary22,Primary23
54897,6505,10071,9228,114569,138428,22943,22941,284111,50964,64073;Primary1,Primary2,Primary3,Primary4,Primary5,Primary6,Primary8,Primary9,Primary10,Primary11,Primary12,Primary13,Primary14,Primary15,Primary16,Primary17,Primary18,Primary19,Primary20,Primary21,Primary22,Primary23
54897,138428,10071,9228,114569,22943,22941,284111,50964,64073;Primary1,Primary2,Primary3,Primary4,Primary5,Primary6,Primary7,Primary8,Primary9,Primary10,Primary11,Primary12,Primary13,Primary14,Primary15,Primary16,Primary17,Primary18,Primary19,Primary20,Primary21,Primary22,Primary23
54897,286207,10071,114569,138428,22943,22941,284111,50964,64073;Primary1,Primary2,Primary3,Primary4,Primary5,Primary6,Primary7,Primary8,Primary9,Primary10,Primary11,Primary12,Primary13,Primary14,Primary15,Primary16,Primary17,Primary18,Primary19,Primary20,Primary21,Primary22,Primary23
54897,83643,10071,9228,114569,83481,22943,22941,28984,7080,284111,64073;Primary1,Primary2,Primary3,Primary4,Primary5,Primary6,Primary7,Primary8,Primary9,Primary10,Primary11,Primary12,Primary13,Primary14,Primary15,Primary16,Primary17,Primary18,Primary20,Primary21,Primary22,Primary23
54897,729238,10071,9228,114569,138428,22943,22941,7080,284111,50964,64073,84700;Primary1,Primary2,Primary3,Primary4,Primary5,Primary6,Primary7,Primary8,Primary9,Primary10,Primary12,Primary13,Primary14,Primary15,Primary16,Primary17,Primary18,Primary19,Primary20,Primary21,Primary22,Primary23
54897,6337,277,10071,9228,114569,83481,22943,22941,7080,284111,64073,4680,112268252;Primary1,Primary2,Primary3,Primary4,Primary5,Primary7,Primary8,Primary9,Primary10,Primary11,Primary12,Primary13,Primary14,Primary15,Primary16,Primary17,Primary18,Primary19,Primary20,Primary21,Primary22,Primary23
54897,3875,1746,10071,114569,22943,22941,3229,7080,284111,64073;Primary1,Primary2,Primary3,Primary4,Primary5,Primary6,Primary7,Primary8,Primary9,Primary10,Primary11,Primary13,Primary14,Primary15,Primary16,Primary17,Primary18,Primary19,Primary20,Primary21,Primary22,Primary23
54897,387882,10071,9228,114569,83481,22943,22941,7080,284111,64073;Primary1,Primary2,Primary3,Primary4,Primary5,Primary6,Primary7,Primary8,Primary9,Primary11,Primary12,Primary13,Primary14,Primary15,Primary16,Primary17,Primary18,Primary19,Primary20,Primary21,Primary22,Primary23
54897,28984,10071,9228,114569,83481,22943,22941,7080,284111,64073;Primary1,Primary2,Primary3,Primary4,Primary5,Primary6,Primary7,Primary8,Primary9,Primary10,Primary11,Primary12,Primary13,Primary14,Primary15,Primary16,Primary17,Primary19,Primary20,Primary21,Primary22,Primary23
54897,3960,10071,9228,114569,22943,22941,28984,7080,284111,64073;Primary1,Primary2,Primary3,Primary4,Primary5,Primary6,Primary7,Primary8,Primary9,Primary10,Primary12,Primary13,Primary14,Primary15,Primary16,Primary17,Primary18,Primary19,Primary20,Primary21,Primary22,Primary23
54897,6473,277,10071,9228,114569,83481,22943,22941,7080,284111,64073,4680,112268252;Primary1,Primary2,Primary3,Primary4,Primary5,Primary7,Primary8,Primary9,Primary10,Primary11,Primary12,Primary13,Primary14,Primary15,Primary16,Primary17,Primary18,Primary19,Primary20,Primary21,Primary22,Primary23
127733,339983;Primary1,Primary2,Primary3,Primary4,Primary5,Primary6,Primary7,Primary8,Primary9,Primary10,Primary11,Primary12,Primary13,Primary14,Primary15,Primary16,Primary17,Primary18,Primary19,Primary20,Primary21,Primary22,Primary23
7780,163720,100996506,340267;Primary1,Primary2,Primary3,Primary4,Primary5,Primary6,Primary7,Primary8,Primary9,Primary10,Primary11,Primary12,Primary13,Primary14,Primary15,Primary16,Primary17,Primary18,Primary19,Primary21,Primary22,Primary23
7780,1999,100996506,340267,6440,1556;Primary2,Primary3,Primary4,Primary5,Primary6,Primary7,Primary8,Primary9,Primary10,Primary11,Primary12,Primary13,Primary14,Primary15,Primary16,Primary17,Primary18,Primary19,Primary20,Primary21,Primary22,Primary23
7780,100996506,340267;Primary1,Primary2,Primary3,Primary4,Primary5,Primary6,Primary7,Primary8,Primary9,Primary10,Primary11,Primary12,Primary13,Primary14,Primary15,Primary16,Primary17,Primary18,Primary19,Primary20,Primary21,Primary22,Primary23
7780,200373,285429,196335,9622;Primary1,Primary2,Primary3,Primary4,Primary5,Primary6,Primary8,Primary9,Primary10,Primary11,Primary12,Primary13,Primary14,Primary15,Primary16,Primary17,Primary18,Primary19,Primary20,Primary21,Primary22,Primary23
7780,11148,100996506,340267;Primary1,Primary2,Primary3,Primary4,Primary5,Primary7,Primary8,Primary9,Primary10,Primary11,Primary12,Primary13,Primary14,Primary15,Primary16,Primary17,Primary18,Primary19,Primary20,Primary21,Primary22,Primary23
7780,4585,100996506,340267;Primary1,Primary2,Primary3,Primary4,Primary6,Primary7,Primary8,Primary9,Primary10,Primary11,Primary12,Primary13,Primary14,Primary15,Primary16,Primary17,Primary18,Primary19,Primary20,Primary21,Primary22,Primary23
7780,56955,84851,340267,3880;Primary1,Primary2,Primary3,Primary4,Primary5,Primary6,Primary7,Primary8,Primary9,Primary10,Primary11,Primary12,Primary13,Primary14,Primary15,Primary16,Primary17,Primary18,Primary19,Primary20,Primary21,Primary22,Primary23
7780,168090,56955,340267,155465,6440,3880;Primary1,Primary2,Primary3,Primary4,Primary5,Primary6,Primary7,Primary8,Primary9,Primary10,Primary11,Primary12,Primary14,Primary15,Primary16,Primary17,Primary18,Primary19,Primary20,Primary21,Primary22,Primary23
7780,155465,56955,340267,6440,3880;Primary1,Primary2,Primary3,Primary4,Primary5,Primary6,Primary7,Primary8,Primary9,Primary10,Primary11,Primary12,Primary13,Primary14,Primary15,Primary16,Primary17,Primary18,Primary19,Primary20,Primary21,Primary22,Primary23
7780,1080,56955,340267,155465,6440,3880;Primary1,Primary2,Primary3,Primary4,Primary5,Primary6,Primary7,Primary8,Primary9,Primary11,Primary12,Primary13,Primary14,Primary15,Primary16,Primary17,Primary18,Primary19,Primary20,Primary21,Primary22,Primary23
7780,100133669;Primary1,Primary2,Primary3,Primary4,Primary5,Primary6,Primary7,Primary8,Primary9,Primary10,Primary11,Primary12,Primary13,Primary14,Primary15,Primary16,Primary17,Primary18,Primary19,Primary20,Primary21,Primary23
7780,6505,56955,340267,6440,3880;Primary1,Primary2,Primary3,Primary4,Primary5,Primary6,Primary7,Primary8,Primary9,Primary10,Primary11,Primary12,Primary13,Primary14,Primary16,Primary17,Primary18,Primary19,Primary20,Primary21,Primary22,Primary23
7780,89,56955,155465,6440,3880;Primary1,Primary2,Primary3,Primary4,Primary5,Primary6,Primary7,Primary8,Primary9,Primary10,Primary12,Primary13,Primary14,Primary15,Primary16,Primary17,Primary18,Primary19,Primary20,Primary21,Primary22,Primary23
7780,100033430,100996506,340267,3880;Primary1,Primary2,Primary3,Primary4,Primary5,Primary6,Primary7,Primary9,Primary10,Primary11,Primary12,Primary13,Primary14,Primary15,Primary16,Primary17,Primary18,Primary19,Primary20,Primary21,Primary22,Primary23
7780,253982,6440,6505,3880;Primary1,Primary2,Primary3,Primary4,Primary5,Primary6,Primary7,Primary9,Primary10,Primary11,Primary12,Primary13,Primary14,Primary15,Primary16,Primary17,Primary18,Primary19,Primary20,Primary21,Primary22,Primary23
7780,9914,100996506;Primary1,Primary2,Primary3,Primary4,Primary5,Primary6,Primary7,Primary8,Primary9,Primary10,Primary11,Primary12,Primary13,Primary14,Primary15,Primary16,Primary17,Primary18,Primary19,Primary20,Primary21,Primary22,Primary23
7780,4693,285429,196335,9622;Primary1,Primary2,Primary3,Primary4,Primary5,Primary6,Primary8,Primary9,Primary10,Primary11,Primary12,Primary13,Primary14,Primary15,Primary16,Primary17,Primary18,Primary19,Primary20,Primary21,Primary22,Primary23
1043,149465,1906,4629,28824;Primary1,Primary2,Primary3,Primary4,Primary5,Primary6,Primary7,Primary8,Primary9,Primary10,Primary11,Primary12,Primary13,Primary14,Primary15,Primary16,Primary17,Primary18,Primary19,Primary20,Primary21,Primary22,Primary23
1043,9411,1906,4629,28824;Primary1,Primary2,Primary3,Primary4,Primary5,Primary6,Primary7,Primary8,Primary9,Primary10,Primary11,Primary12,Primary13,Primary14,Primary15,Primary16,Primary17,Primary18,Primary19,Primary20,Primary21,Primary22,Primary23
1043,57402,149465,1906,4629,28824;Primary1,Primary2,Primary3,Primary5,Primary6,Primary7,Primary8,Primary9,Primary10,Primary11,Primary12,Primary13,Primary14,Primary15,Primary16,Primary17,Primary18,Primary19,Primary20,Primary21,Primary22,Primary23
1043,2327,503640;Primary1,Primary2,Primary3,Primary4,Primary6,Primary7,Primary8,Primary9,Primary10,Primary11,Primary12,Primary13,Primary14,Primary15,Primary16,Primary17,Primary18,Primary19,Primary20,Primary21,Primary22,Primary23
1043,1510,149465,1906,109729127,4629,28824;Primary1,Primary2,Primary3,Primary4,Primary5,Primary6,Primary7,Primary8,Primary10,Primary11,Primary12,Primary13,Primary14,Primary15,Primary16,Primary17,Primary18,Primary19,Primary20,Primary21,Primary22,Primary23
1043,9173,116984,28824;Primary1,Primary2,Primary3,Primary4,Primary5,Primary6,Primary7,Primary8,Primary9,Primary10,Primary11,Primary12,Primary13,Primary14,Primary15,Primary16,Primary17,Primary18,Primary19,Primary20,Primary21,Primary22,Primary23
1043,10203,9411,1906,4629,28824,56241;Primary1,Primary2,Primary3,Primary4,Primary5,Primary7,Primary8,Primary9,Primary10,Primary11,Primary12,Primary13,Primary14,Primary15,Primary16,Primary17,Primary18,Primary19,Primary20,Primary21,Primary22,Primary23
1043,4057,9173,11148,131873,120892,113218482,112268252,28824,26226,6523;Primary1,Primary2,Primary3,Primary4,Primary6,Primary7,Primary8,Primary9,Primary10,Primary11,Primary12,Primary13,Primary14,Primary15,Primary16,Primary17,Primary18,Primary19,Primary20,Primary21,Primary22,Primary23
1043,64332,9173,131873,102466759;Primary1,Primary2,Primary3,Primary4,Primary6,Primary7,Primary8,Primary9,Primary10,Primary11,Primary12,Primary13,Primary14,Primary15,Primary16,Primary17,Primary18,Primary19,Primary20,Primary21,Primary22,Primary23
1043,27074,149465,1906,109729127,28824;Primary1,Primary2,Primary3,Primary4,Primary5,Primary6,Primary7,Primary8,Primary9,Primary10,Primary11,Primary12,Primary13,Primary14,Primary15,Primary17,Primary18,Primary19,Primary20,Primary21,Primary22,Primary23
1043,4585,149465,1906,93035,4629,28824;Primary1,Primary2,Primary3,Primary4,Primary5,Primary6,Primary8,Primary9,Primary10,Primary11,Primary12,Primary13,Primary14,Primary15,Primary16,Primary17,Primary18,Primary19,Primary20,Primary21,Primary22,Primary23
1043,730,149465,1906,109729127,4629,28824;Primary2,Primary3,Primary4,Primary5,Primary6,Primary7,Primary8,Primary9,Primary10,Primary11,Primary12,Primary13,Primary14,Primary15,Primary16,Primary17,Primary18,Primary19,Primary20,Primary21,Primary22,Primary23
1043,6969,149465,109729127,28824;Primary1,Primary3,Primary4,Primary5,Primary6,Primary7,Primary8,Primary9,Primary10,Primary11,Primary12,Primary13,Primary14,Primary15,Primary16,Primary17,Primary18,Primary19,Primary20,Primary21,Primary22,Primary23
1043,93035,4629,28824;Primary1,Primary2,Primary3,Primary4,Primary5,Primary6,Primary7,Primary8,Primary9,Primary10,Primary11,Primary12,Primary13,Primary14,Primary15,Primary16,Primary17,Primary18,Primary19,Primary20,Primary21,Primary22,Primary23
1043,3434,149465,10203,1906,109729127,28824;Primary1,Primary2,Primary3,Primary4,Primary5,Primary6,Primary7,Primary8,Primary9,Primary10,Primary11,Primary12,Primary13,Primary14,Primary15,Primary16,Primary17,Primary18,Primary19,Primary20,Primary21,Primary23
1043,144571,116984;Primary1,Primary3,Primary4,Primary5,Primary6,Primary7,Primary8,Primary9,Primary10,Primary11,Primary12,Primary13,Primary14,Primary15,Primary16,Primary17,Primary18,Primary19,Primary20,Primary21,Primary22,Primary23
1043,109729127,149465,4629,28824;Primary1,Primary2,Primary3,Primary4,Primary5,Primary6,Primary7,Primary8,Primary9,Primary10,Primary11,Primary12,Primary13,Primary14,Primary15,Primary16,Primary17,Primary18,Primary19,Primary20,Primary21,Primary22,Primary23
1043,825,120892;Primary1,Primary2,Primary3,Primary4,Primary6,Primary7,Primary8,Primary9,Primary10,Primary11,Primary12,Primary13,Primary14,Primary15,Primary16,Primary17,Primary18,Primary19,Primary20,Primary21,Primary22,Primary23
1043,3240,149465,730,1906,4629,28824;Primary2,Primary3,Primary4,Primary5,Primary6,Primary7,Primary8,Primary9,Primary10,Primary11,Primary12,Primary13,Primary14,Primary15,Primary16,Primary17,Primary18,Primary19,Primary20,Primary21,Primary22,Primary23
1043,218,149465,1906,4629,28824;Primary1,Primary2,Primary4,Primary5,Primary6,Primary7,Primary8,Primary9,Primary10,Primary11,Primary12,Primary13,Primary14,Primary15,Primary16,Primary17,Primary18,Primary19,Primary20,Primary21,Primary22,Primary23
1043,503645,4057,11148,120892,113218482,112268252,26226,6523;Primary1,Primary2,Primary3,Primary4,Primary6,Primary7,Primary8,Primary9,Primary10,Primary11,Primary12,Primary13,Primary14,Primary15,Primary16,Primary17,Primary18,Primary19,Primary20,Primary21,Primary22,Primary23
1043,718,149465,4629,3240,28824;Primary2,Primary3,Primary4,Primary5,Primary6,Primary7,Primary8,Primary9,Primary10,Primary11,Primary12,Primary13,Primary14,Primary15,Primary16,Primary17,Primary18,Primary19,Primary20,Primary21,Primary22,Primary23
1043,8537,9411,1906,28824;Primary1,Primary2,Primary3,Primary4,Primary5,Primary6,Primary8,Primary9,Primary10,Primary11,Primary12,Primary13,Primary14,Primary15,Primary16,Primary17,Primary18,Primary19,Primary20,Primary21,Primary22,Primary23
1043,7113,4585;Primary1,Primary2,Primary3,Primary4,Primary5,Primary6,Primary8,Primary9,Primary10,Primary11,Primary12,Primary13,Primary14,Primary15,Primary16,Primary17,Primary18,Primary19,Primary20,Primary21,Primary22,Primary23
1043,26226,9173,116984;Primary1,Primary2,Primary3,Primary4,Primary5,Primary6,Primary7,Primary8,Primary9,Primary10,Primary11,Primary12,Primary13,Primary14,Primary15,Primary16,Primary17,Primary18,Primary19,Primary20,Primary21,Primary22,Primary23
1043,56241,149465,1906,109729127,4629,28824;Primary1,Primary2,Primary3,Primary4,Primary5,Primary7,Primary8,Primary9,Primary10,Primary11,Primary12,Primary13,Primary14,Primary15,Primary16,Primary17,Primary18,Primary19,Primary20,Primary21,Primary22,Primary23
1043,6103,9411,1906,4629,28824;Primary1,Primary2,Primary3,Primary4,Primary5,Primary6,Primary7,Primary8,Primary10,Primary11,Primary12,Primary13,Primary14,Primary15,Primary16,Primary17,Primary18,Primary19,Primary20,Primary21,Primary22,Primary23
1043,102466759,9173,4057,11148,131873,113218482,112268252,28824,26226,6523;Primary1,Primary2,Primary3,Primary4,Primary6,Primary7,Primary8,Primary9,Primary10,Primary11,Primary12,Primary13,Primary14,Primary15,Primary16,Primary17,Primary18,Primary19,Primary20,Primary21,Primary22,Primary23
2537,149465,4852,24150,4693;Primary1,Primary2,Primary3,Primary4,Primary6,Primary7,Primary8,Primary9,Primary10,Primary11,Primary12,Primary13,Primary14,Primary15,Primary16,Primary17,Primary18,Primary19,Primary20,Primary21,Primary22,Primary23
2537,128218,632,654433,285429,390083,24150,1555;Primary1,Primary2,Primary3,Primary4,Primary5,Primary6,Primary7,Primary8,Primary9,Primary10,Primary11,Primary12,Primary13,Primary14,Primary15,Primary16,Primary17,Primary18,Primary19,Primary20,Primary21,Primary22,Primary23
2537,10103,6097,654433,4693;Primary1,Primary2,Primary4,Primary5,Primary6,Primary7,Primary8,Primary9,Primary10,Primary11,Primary12,Primary13,Primary14,Primary15,Primary16,Primary17,Primary18,Primary19,Primary20,Primary21,Primary22,Primary23
2537,1580,128218,632,654433,390083,1555;Primary1,Primary2,Primary3,Primary4,Primary5,Primary7,Primary8,Primary9,Primary10,Primary11,Primary12,Primary13,Primary14,Primary15,Primary16,Primary17,Primary18,Primary19,Primary20,Primary21,Primary22,Primary23
2537,6097,654433,4852,4693;Primary1,Primary2,Primary3,Primary4,Primary5,Primary6,Primary7,Primary8,Primary9,Primary10,Primary11,Primary12,Primary13,Primary14,Primary15,Primary16,Primary17,Primary18,Primary19,Primary20,Primary21,Primary22,Primary23
2537,1380,128218,632,654433,285429,390083,606,24150,1555;Primary1,Primary2,Primary3,Primary4,Primary5,Primary6,Primary7,Primary9,Primary10,Primary11,Primary12,Primary13,Primary14,Primary15,Primary16,Primary17,Primary18,Primary19,Primary20,Primary21,Primary22,Primary23
2537,200373,128218,632,285429,390083,24150,1555;Primary1,Primary2,Primary3,Primary4,Primary5,Primary6,Primary7,Primary8,Primary9,Primary10,Primary11,Primary12,Primary13,Primary14,Primary15,Primary16,Primary17,Primary18,Primary19,Primary20,Primary22,Primary23
2537,105377033,128218,632,1555,128602;Primary1,Primary2,Primary3,Primary4,Primary5,Primary6,Primary8,Primary9,Primary10,Primary11,Primary12,Primary13,Primary14,Primary15,Primary16,Primary17,Primary18,Primary19,Primary20,Primary21,Primary22,Primary23
2537,389376,128218,632,654433,285429,390083,24150,1555,128602;Primary1,Primary2,Primary3,Primary4,Primary5,Primary6,Primary7,Primary8,Primary9,Primary10,Primary11,Primary12,Primary13,Primary14,Primary15,Primary17,Primary18,Primary19,Primary20,Primary21,Primary22,Primary23
2537,100133669,128218,632,285429,24150,1555;Primary1,Primary2,Primary3,Primary4,Primary5,Primary6,Primary7,Primary8,Primary9,Primary10,Primary11,Primary12,Primary13,Primary14,Primary15,Primary16,Primary17,Primary18,Primary19,Primary20,Primary21,Primary22,Primary23
2537,3434,128218,632,100133669,1555;Primary1,Primary2,Primary3,Primary4,Primary6,Primary7,Primary8,Primary9,Primary10,Primary11,Primary12,Primary13,Primary14,Primary15,Primary16,Primary17,Primary18,Primary19,Primary20,Primary21,Primary22,Primary23
2537,196335,632,654433,285429,390083,24150,89765,4693;Primary1,Primary2,Primary3,Primary4,Primary5,Primary6,Primary7,Primary8,Primary9,Primary10,Primary11,Primary12,Primary13,Primary14,Primary15,Primary16,Primary17,Primary18,Primary19,Primary20,Primary21,Primary22,Primary23
2537,109729127,6097,128602;Primary1,Primary2,Primary3,Primary4,Primary6,Primary7,Primary8,Primary9,Primary10,Primary11,Primary12,Primary13,Primary14,Primary15,Primary16,Primary17,Primary18,Primary19,Primary20,Primary21,Primary22,Primary23
2537,85349,128218,632,654433,390083,24150,1555;Primary1,Primary2,Primary4,Primary5,Primary6,Primary7,Primary8,Primary9,Primary10,Primary11,Primary12,Primary13,Primary14,Primary15,Primary16,Primary17,Primary18,Primary19,Primary20,Primary21,Primary22,Primary23
2537,766,632,1380,100133669,24150,1555;Primary1,Primary2,Primary3,Primary4,Primary5,Primary6,Primary7,Primary9,Primary10,Primary11,Primary12,Primary13,Primary14,Primary15,Primary16,Primary17,Primary18,Primary19,Primary20,Primary21,Primary22,Primary23
2537,6928,128218,632,285429,390083,1555;Primary1,Primary2,Primary3,Primary4,Primary5,Primary6,Primary7,Primary8,Primary9,Primary10,Primary11,Primary12,Primary13,Primary14,Primary15,Primary16,Primary17,Primary18,Primary20,Primary21,Primary22,Primary23
2537,110806280,654433,285429,390083,196335,24150,89765,4693;Primary1,Primary2,Primary3,Primary4,Primary5,Primary6,Primary7,Primary8,Primary9,Primary10,Primary11,Primary12,Primary13,Primary14,Primary15,Primary16,Primary17,Primary18,Primary19,Primary20,Primary21,Primary22,Primary23
2537,3249,128218,632,1555,128602;Primary1,Primary2,Primary3,Primary4,Primary5,Primary6,Primary7,Primary8,Primary9,Primary10,Primary11,Primary12,Primary13,Primary14,Primary15,Primary16,Primary17,Primary18,Primary19,Primary20,Primary21,Primary22,Primary23
2537,5675,4852,4693;Primary1,Primary2,Primary3,Primary4,Primary5,Primary6,Primary7,Primary8,Primary9,Primary10,Primary11,Primary12,Primary13,Primary14,Primary15,Primary16,Primary17,Primary18,Primary19,Primary20,Primary21,Primary23
2537,9622,6097,654433,285429,4852,196335,4693;Primary1,Primary2,Primary3,Primary4,Primary5,Primary6,Primary7,Primary8,Primary9,Primary10,Primary11,Primary12,Primary13,Primary14,Primary15,Primary16,Primary17,Primary18,Primary19,Primary20,Primary22,Primary23
2537,1471,4852,24150,4693;Primary1,Primary2,Primary3,Primary4,Primary5,Primary6,Primary7,Primary8,Primary9,Primary10,Primary11,Primary12,Primary13,Primary14,Primary15,Primary16,Primary17,Primary18,Primary19,Primary20,Primary21,Primary23
2537,128602,128218,632,654433,1555;Primary1,Primary2,Primary3,Primary4,Primary5,Primary6,Primary7,Primary8,Primary9,Primary10,Primary11,Primary12,Primary13,Primary14,Primary15,Primary16,Primary17,Primary18,Primary19,Primary20,Primary21,Primary22,Primary23
149465,1510,1906,28824;Primary1,Primary2,Primary3,Primary4,Primary5,Primary6,Primary7,Primary8,Primary9,Primary10,Primary11,Primary12,Primary13,Primary14,Primary15,Primary16,Primary17,Primary18,Primary19,Primary20,Primary21,Primary22,Primary23
149465,9173,1043,116984,109729127,28824,26226;Primary1,Primary2,Primary3,Primary4,Primary5,Primary7,Primary8,Primary9,Primary10,Primary11,Primary12,Primary13,Primary14,Primary15,Primary16,Primary17,Primary18,Primary19,Primary20,Primary21,Primary22,Primary23
149465,10203,1043,1510,1906,4629,28824;Primary1,Primary2,Primary3,Primary4,Primary5,Primary6,Primary7,Primary8,Primary9,Primary10,Primary11,Primary12,Primary13,Primary14,Primary15,Primary16,Primary17,Primary18,Primary19,Primary20,Primary21,Primary22
149465,116984,1043,1906,28824;Primary1,Primary2,Primary3,Primary4,Primary5,Primary6,Primary7,Primary8,Primary9,Primary11,Primary12,Primary13,Primary14,Primary15,Primary16,Primary17,Primary18,Primary19,Primary20,Primary21,Primary22,Primary23
149465,3434,109729127,28824;Primary1,Primary2,Primary3,Primary4,Primary5,Primary6,Primary7,Primary8,Primary9,Primary10,Primary11,Primary12,Primary13,Primary14,Primary15,Primary16,Primary17,Primary18,Primary19,Primary20,Primary21,Primary22,Primary23
149465,146556,1510,28824;Primary1,Primary2,Primary3,Primary4,Primary5,Primary6,Primary7,Primary8,Primary9,Primary10,Primary11,Primary13,Primary14,Primary15,Primary16,Primary17,Primary18,Primary19,Primary20,Primary21,Primary22,Primary23
149465,26226,1043,1510,1906,28824;Primary1,Primary2,Primary3,Primary4,Primary5,Primary7,Primary8,Primary9,Primary10,Primary11,Primary12,Primary13,Primary14,Primary15,Primary16,Primary17,Primary18,Primary19,Primary20,Primary21,Primary22,Primary23
149465,56241,1906,4629,28824;Primary1,Primary2,Primary3,Primary4,Primary5,Primary6,Primary7,Primary8,Primary9,Primary10,Primary11,Primary12,Primary13,Primary14,Primary15,Primary16,Primary17,Primary18,Primary19,Primary20,Primary21,Primary22,Primary23
128218,6097,632,654433,128602,4693;Primary1,Primary2,Primary3,Primary4,Primary5,Primary6,Primary7,Primary8,Primary9,Primary10,Primary11,Primary12,Primary13,Primary14,Primary15,Primary16,Primary17,Primary18,Primary19,Primary20,Primary21,Primary22
128218,105379028,632,3249,1555;Primary1,Primary2,Primary3,Primary4,Primary5,Primary6,Primary7,Primary8,Primary9,Primary10,Primary11,Primary12,Primary13,Primary15,Primary16,Primary17,Primary18,Primary19,Primary20,Primary21,Primary22,Primary23
128218,353189,632,285429,24150,1555;Primary1,Primary2,Primary3,Primary5,Primary6,Primary7,Primary8,Primary9,Primary10,Primary11,Primary12,Primary13,Primary14,Primary15,Primary16,Primary17,Primary18,Primary19,Primary20,Primary21,Primary22,Primary23
128218,4852,2537,632,654433,24150,1555,128602;Primary1,Primary2,Primary3,Primary4,Primary5,Primary6,Primary7,Primary8,Primary9,Primary10,Primary11,Primary12,Primary13,Primary14,Primary15,Primary16,Primary17,Primary18,Primary19,Primary20,Primary21,Primary22
128218,196335,2537,632,654433,285429,390083,24150,1555,89765;Primary1,Primary2,Primary3,Primary4,Primary5,Primary6,Primary7,Primary8,Primary9,Primary10,Primary11,Primary12,Primary13,Primary14,Primary15,Primary16,Primary17,Primary18,Primary19,Primary20,Primary22,Primary23
128218,113218482,632,654433;Primary1,Primary2,Primary3,Primary4,Primary5,Primary7,Primary8,Primary9,Primary10,Primary11,Primary12,Primary13,Primary14,Primary15,Primary16,Primary17,Primary18,Primary19,Primary20,Primary21,Primary22,Primary23
128218,89765,2537,632,654433,285429,100133669,390083,196335,24150,1555,4693;Primary1,Primary2,Primary3,Primary4,Primary5,Primary6,Primary7,Primary8,Primary9,Primary10,Primary11,Primary12,Primary13,Primary14,Primary15,Primary16,Primary17,Primary18,Primary19,Primary20,Primary21,Primary22
84842,6496,6532;Primary1,Primary2,Primary3,Primary4,Primary5,Primary6,Primary7,Primary8,Primary9,Primary10,Primary11,Primary12,Primary13,Primary14,Primary15,Primary16,Primary17,Primary18,Primary19,Primary20,Primary21,Primary22,Primary23
84842,441151,6496;Primary1,Primary2,Primary3,Primary4,Primary5,Primary6,Primary7,Primary8,Primary9,Primary10,Primary12,Primary13,Primary14,Primary15,Primary16,Primary17,Primary18,Primary19,Primary20,Primary21,Primary22,Primary23
84842,11081,160728,388327,27134;Primary1,Primary2,Primary4,Primary5,Primary6,Primary7,Primary8,Primary9,Primary10,Primary11,Primary12,Primary13,Primary14,Primary15,Primary16,Primary17,Primary18,Primary19,Primary20,Primary21,Primary22,Primary23
10103,105371242;Primary1,Primary2,Primary3,Primary4,Primary6,Primary7,Primary8,Primary9,Primary10,Primary11,Primary12,Primary13,Primary14,Primary15,Primary16,Primary17,Primary18,Primary19,Primary20,Primary21,Primary22,Primary23
10103,6097,654433;Primary1,Primary2,Primary3,Primary4,Primary5,Primary6,Primary7,Primary8,Primary9,Primary10,Primary11,Primary12,Primary13,Primary14,Primary15,Primary16,Primary17,Primary18,Primary19,Primary20,Primary21,Primary22,Primary23
10103,4852,2537,6097,654433;Primary1,Primary2,Primary3,Primary4,Primary5,Primary6,Primary7,Primary8,Primary9,Primary10,Primary11,Primary12,Primary13,Primary14,Primary15,Primary17,Primary18,Primary19,Primary20,Primary21,Primary22,Primary23
10103,390083,2537,654433,4693;Primary1,Primary2,Primary4,Primary5,Primary6,Primary7,Primary8,Primary9,Primary10,Primary11,Primary12,Primary13,Primary14,Primary15,Primary16,Primary17,Primary18,Primary19,Primary20,Primary21,Primary22,Primary23
10103,3855;Primary1,Primary2,Primary3,Primary4,Primary6,Primary7,Primary8,Primary9,Primary10,Primary11,Primary12,Primary13,Primary14,Primary15,Primary16,Primary17,Primary18,Primary19,Primary20,Primary21,Primary22,Primary23
10103,109729127,6097;Primary1,Primary2,Primary3,Primary4,Primary6,Primary7,Primary8,Primary9,Primary10,Primary11,Primary12,Primary13,Primary14,Primary15,Primary16,Primary17,Primary18,Primary19,Primary20,Primary21,Primary22,Primary23
10103,2277;Primary1,Primary2,Primary3,Primary4,Primary5,Primary7,Primary8,Primary9,Primary10,Primary11,Primary12,Primary13,Primary14,Primary15,Primary16,Primary17,Primary18,Primary19,Primary20,Primary21,Primary22,Primary23
1580,79098,406969,388743,105373265,112268422,33,4057,201625,11148,131873,645843,200879,306,641776,105180391,102723849,65217,3856,113218482,112268252,105372793,6523;Primary1,Primary2,Primary3,Primary4,Primary5,Primary6,Primary7,Primary8,Primary9,Primary10,Primary11,Primary12,Primary13,Primary14,Primary15,Primary16,Primary17,Primary18,Primary19,Primary20,Primary21,Primary23
1580,200373;Primary1,Primary2,Primary3,Primary4,Primary5,Primary6,Primary7,Primary8,Primary9,Primary10,Primary11,Primary12,Primary13,Primary14,Primary15,Primary16,Primary17,Primary18,Primary19,Primary20,Primary22,Primary23
1580,105180390,79098,388743,105373265,112268422,33,4057,201625,11148,131873,645843,200879,306,641776,105180391,102723849,65217,3856,113218482,94025,112268252,105372793,6523;Primary1,Primary2,Primary3,Primary4,Primary5,Primary6,Primary7,Primary8,Primary9,Primary10,Primary11,Primary12,Primary13,Primary14,Primary15,Primary16,Primary17,Primary18,Primary19,Primary20,Primary21,Primary23
1580,541473,105372793,2277;Primary1,Primary2,Primary3,Primary4,Primary5,Primary6,Primary7,Primary8,Primary9,Primary10,Primary11,Primary12,Primary13,Primary14,Primary15,Primary16,Primary17,Primary18,Primary19,Primary20,Primary21,Primary22,Primary23
1580,285989,79098,112268422,4057,201625,11148,131873,200879,306,102723849,60494,113218482,112268252,105372793,6523,2277;Primary1,Primary2,Primary3,Primary4,Primary5,Primary6,Primary7,Primary8,Primary9,Primary10,Primary11,Primary12,Primary13,Primary14,Primary15,Primary16,Primary17,Primary18,Primary19,Primary20,Primary21,Primary23
1580,137872,541473,105372793,2277;Primary1,Primary2,Primary3,Primary5,Primary6,Primary7,Primary8,Primary9,Primary10,Primary11,Primary12,Primary13,Primary14,Primary15,Primary16,Primary17,Primary18,Primary19,Primary20,Primary21,Primary22,Primary23
1580,100133669,2537,128218,632,1555;Primary1,Primary2,Primary3,Primary4,Primary5,Primary7,Primary8,Primary9,Primary10,Primary11,Primary12,Primary13,Primary14,Primary15,Primary16,Primary17,Primary18,Primary19,Primary20,Primary21,Primary22,Primary23
1580,728643,79098,406969,388743,105373265,112268422,33,4057,201625,11148,131873,645843,200879,306,641776,102723849,65217,3856,113218482,112268252,105372793,6523;Primary1,Primary2,Primary3,Primary4,Primary5,Primary6,Primary7,Primary8,Primary9,Primary10,Primary11,Primary12,Primary13,Primary14,Primary15,Primary16,Primary17,Primary18,Primary19,Primary20,Primary21,Primary23
1580,6441,3856,113218482,112268252,105372793,2277;Primary1,Primary2,Primary3,Primary4,Primary5,Primary6,Primary7,Primary8,Primary9,Primary10,Primary11,Primary13,Primary14,Primary15,Primary16,Primary17,Primary18,Primary19,Primary20,Primary21,Primary22,Primary23
1580,60494,79098,406969,105373265,112268422,33,4057,201625,11148,131873,645843,200879,306,102723849,728643,65217,3856,113218482,112268252,105372793,6523,2277;Primary1,Primary2,Primary3,Primary4,Primary5,Primary6,Primary7,Primary8,Primary9,Primary10,Primary11,Primary12,Primary13,Primary14,Primary15,Primary16,Primary17,Primary18,Primary19,Primary20,Primary21,Primary23
1580,619383,641776,105180391,541473;Primary1,Primary2,Primary3,Primary4,Primary5,Primary6,Primary7,Primary8,Primary9,Primary10,Primary11,Primary12,Primary13,Primary14,Primary15,Primary16,Primary17,Primary18,Primary19,Primary20,Primary21,Primary23
1580,399949,131873,285989;Primary1,Primary2,Primary3,Primary4,Primary5,Primary6,Primary7,Primary8,Primary9,Primary10,Primary11,Primary12,Primary13,Primary14,Primary15,Primary16,Primary17,Primary18,Primary19,Primary20,Primary21,Primary23
1580,6337,406969,388743,645843,641776,105180391,3856,112268252;Primary1,Primary2,Primary3,Primary4,Primary5,Primary6,Primary7,Primary8,Primary9,Primary10,Primary11,Primary12,Primary13,Primary14,Primary15,Primary16,Primary17,Primary18,Primary19,Primary20,Primary21,Primary23
1580,120892,79098,388743,112268422,33,4057,201625,11148,131873,645843,200879,306,105180390,105180391,102723849,3856,113218482,94025,112268252,105372793,6523;Primary1,Primary2,Primary3,Primary4,Primary5,Primary6,Primary7,Primary8,Primary9,Primary10,Primary11,Primary12,Primary13,Primary14,Primary15,Primary16,Primary17,Primary18,Primary19,Primary20,Primary21,Primary23
1580,3856,113218482,112268252,105372793,6523,2277;Primary1,Primary2,Primary3,Primary4,Primary5,Primary6,Primary7,Primary8,Primary9,Primary10,Primary11,Primary12,Primary13,Primary14,Primary15,Primary16,Primary17,Primary18,Primary19,Primary20,Primary21,Primary22,Primary23
1580,144535,3856,113218482,2277;Primary1,Primary2,Primary3,Primary4,Primary5,Primary6,Primary8,Primary9,Primary10,Primary11,Primary12,Primary13,Primary14,Primary15,Primary16,Primary17,Primary18,Primary19,Primary20,Primary21,Primary22,Primary23
1580,341676,79098,406969,105373265,112268422,33,4057,201625,11148,645843,200879,306,641776,105180391,102723849,65217,113218482,112268252,105372793,6523,2277;Primary1,Primary2,Primary3,Primary4,Primary5,Primary6,Primary7,Primary8,Primary9,Primary10,Primary11,Primary12,Primary13,Primary14,Primary15,Primary16,Primary17,Primary18,Primary19,Primary20,Primary21,Primary23
1580,767566,79098,406969,105373265,112268422,33,4057,11148,131873,200879,306,102723849,728643,65217,60494,3856,113218482,112268252,105372793,6523,2277;Primary1,Primary2,Primary3,Primary4,Primary5,Primary6,Primary7,Primary8,Primary9,Primary10,Primary11,Primary12,Primary13,Primary14,Primary15,Primary16,Primary17,Primary18,Primary19,Primary20,Primary21,Primary23
1580,606;Primary1,Primary2,Primary3,Primary4,Primary5,Primary6,Primary7,Primary9,Primary10,Primary11,Primary12,Primary13,Primary14,Primary15,Primary16,Primary17,Primary18,Primary19,Primary20,Primary21,Primary22,Primary23
1580,103504738,3856,113218482,112268252,105372793,6523,2277;Primary1,Primary2,Primary3,Primary5,Primary6,Primary7,Primary8,Primary9,Primary10,Primary11,Primary12,Primary13,Primary14,Primary15,Primary16,Primary17,Primary18,Primary19,Primary20,Primary21,Primary22,Primary23
1580,146177,3856,113218482,112268252,105372793,6523,2277;Primary2,Primary3,Primary4,Primary5,Primary6,Primary7,Primary8,Primary9,Primary10,Primary11,Primary12,Primary13,Primary14,Primary15,Primary16,Primary17,Primary18,Primary19,Primary20,Primary21,Primary22,Primary23
1580,2125,3856,113218482,112268252,105372793,6523,2277;Primary1,Primary2,Primary3,Primary4,Primary5,Primary6,Primary7,Primary8,Primary9,Primary10,Primary11,Primary12,Primary13,Primary14,Primary15,Primary17,Primary18,Primary19,Primary20,Primary21,Primary22,Primary23
1580,3249,2537,128218,632,1555,128602;Primary1,Primary2,Primary3,Primary4,Primary5,Primary7,Primary8,Primary9,Primary10,Primary11,Primary12,Primary13,Primary14,Primary15,Primary16,Primary17,Primary18,Primary19,Primary20,Primary21,Primary22,Primary23
1580,4680,79098,406969,388743,4057,11148,645843,200879,728643,3856,113218482,112268252,6523;Primary1,Primary2,Primary3,Primary4,Primary5,Primary6,Primary7,Primary8,Primary9,Primary10,Primary11,Primary12,Primary13,Primary14,Primary15,Primary16,Primary17,Primary18,Primary19,Primary20,Primary21,Primary23
1580,128602,2537,128218,632,654433,1555;Primary1,Primary2,Primary3,Primary4,Primary5,Primary7,Primary8,Primary9,Primary10,Primary11,Primary12,Primary13,Primary14,Primary15,Primary16,Primary17,Primary18,Primary19,Primary20,Primary21,Primary22,Primary23
1580,26609,3856,113218482,112268252,105372793,6523,2277;Primary1,Primary2,Primary3,Primary4,Primary5,Primary6,Primary7,Primary8,Primary9,Primary10,Primary11,Primary12,Primary13,Primary14,Primary15,Primary16,Primary17,Primary19,Primary20,Primary21,Primary22,Primary23
1580,102723508,79098,105373265,112268422,4057,201625,11148,131873,200879,306,728643,60494,3856,113218482,112268252,105372793,6523,2277;Primary1,Primary2,Primary3,Primary4,Primary5,Primary6,Primary7,Primary8,Primary9,Primary10,Primary11,Primary12,Primary13,Primary14,Primary15,Primary16,Primary17,Primary18,Primary19,Primary20,Primary21,Primary23
1580,102466759,79098,105373265,112268422,4057,201625,11148,131873,200879,306,102723849,728643,3856,113218482,94025,112268252,105372793,6523,2277;Primary1,Primary2,Primary3,Primary4,Primary5,Primary6,Primary7,Primary8,Primary9,Primary10,Primary11,Primary12,Primary13,Primary14,Primary15,Primary16,Primary17,Primary18,Primary19,Primary20,Primary21,Primary23
163720,1999,56955,340267,10129;Primary1,Primary2,Primary3,Primary4,Primary5,Primary6,Primary7,Primary8,Primary9,Primary10,Primary11,Primary12,Primary13,Primary14,Primary15,Primary16,Primary17,Primary18,Primary19,Primary21,Primary22,Primary23
163720,130271,56955,340267,10129;Primary1,Primary2,Primary3,Primary4,Primary5,Primary6,Primary7,Primary8,Primary9,Primary10,Primary11,Primary12,Primary13,Primary14,Primary15,Primary16,Primary17,Primary18,Primary19,Primary21,Primary22,Primary23
163720,100130449,56955,340267,6440,3880;Primary1,Primary2,Primary3,Primary4,Primary5,Primary6,Primary7,Primary8,Primary9,Primary10,Primary11,Primary12,Primary13,Primary14,Primary15,Primary16,Primary17,Primary18,Primary19,Primary21,Primary22,Primary23
163720,56955,340267;Primary1,Primary2,Primary3,Primary4,Primary5,Primary6,Primary7,Primary8,Primary9,Primary10,Primary11,Primary12,Primary13,Primary14,Primary15,Primary16,Primary17,Primary18,Primary19,Primary20,Primary21,Primary22,Primary23
163720,84851,7780,340267,6440,3880;Primary1,Primary2,Primary3,Primary4,Primary5,Primary6,Primary7,Primary8,Primary9,Primary10,Primary11,Primary12,Primary13,Primary14,Primary15,Primary16,Primary17,Primary18,Primary19,Primary21,Primary22,Primary23
163720,168090,56955,340267,155465,6440,3880;Primary1,Primary2,Primary3,Primary4,Primary5,Primary6,Primary7,Primary8,Primary9,Primary10,Primary11,Primary12,Primary13,Primary14,Primary15,Primary16,Primary17,Primary18,Primary19,Primary21,Primary22,Primary23
163720,155465,7780,56955,340267,6440,3880;Primary1,Primary2,Primary3,Primary4,Primary5,Primary6,Primary7,Primary8,Primary9,Primary10,Primary11,Primary12,Primary13,Primary14,Primary15,Primary16,Primary17,Primary18,Primary19,Primary21,Primary22,Primary23
163720,285;Primary1,Primary2,Primary3,Primary4,Primary5,Primary6,Primary7,Primary8,Primary9,Primary10,Primary11,Primary12,Primary13,Primary14,Primary15,Primary16,Primary17,Primary18,Primary19,Primary20,Primary21,Primary22
163720,6101,3929;Primary1,Primary2,Primary3,Primary4,Primary5,Primary6,Primary8,Primary9,Primary10,Primary11,Primary12,Primary13,Primary14,Primary15,Primary16,Primary17,Primary18,Primary19,Primary20,Primary21,Primary22,Primary23
163720,93035,340267;Primary1,Primary2,Primary3,Primary4,Primary6,Primary7,Primary8,Primary9,Primary10,Primary11,Primary12,Primary13,Primary14,Primary15,Primary16,Primary17,Primary18,Primary19,Primary20,Primary21,Primary22,Primary23
163720,6505,100130449,56955,6440,3880;Primary1,Primary2,Primary3,Primary4,Primary5,Primary6,Primary7,Primary8,Primary9,Primary10,Primary11,Primary12,Primary13,Primary14,Primary15,Primary16,Primary17,Primary18,Primary19,Primary21,Primary22,Primary23
163720,10529,340267;Primary1,Primary2,Primary3,Primary4,Primary5,Primary7,Primary8,Primary9,Primary10,Primary11,Primary12,Primary13,Primary14,Primary15,Primary16,Primary17,Primary18,Primary19,Primary20,Primary21,Primary22,Primary23
163720,143884;Primary1,Primary2,Primary3,Primary4,Primary5,Primary7,Primary8,Primary9,Primary10,Primary11,Primary12,Primary13,Primary14,Primary15,Primary16,Primary17,Primary18,Primary19,Primary20,Primary21,Primary22,Primary23
163720,55507;Primary1,Primary2,Primary3,Primary4,Primary5,Primary6,Primary7,Primary8,Primary9,Primary10,Primary11,Primary12,Primary13,Primary14,Primary15,Primary17,Primary18,Primary19,Primary20,Primary21,Primary22,Primary23
163720,55930,130271;Primary1,Primary2,Primary3,Primary4,Primary5,Primary6,Primary7,Primary8,Primary9,Primary10,Primary11,Primary12,Primary13,Primary14,Primary15,Primary16,Primary17,Primary18,Primary19,Primary21,Primary22,Primary23
1579,163479,3240,55808,66002,1048;Primary1,Primary3,Primary4,Primary5,Primary6,Primary7,Primary8,Primary9,Primary10,Primary11,Primary12,Primary13,Primary14,Primary15,Primary16,Primary17,Primary18,Primary19,Primary20,Primary21,Primary22,Primary23
1579,2327,6332,63924,9370,100874095,57110,730,100129460,563,5346,3240,66002,1048;Primary1,Primary2,Primary3,Primary4,Primary5,Primary7,Primary8,Primary9,Primary10,Primary11,Primary12,Primary13,Primary14,Primary15,Primary16,Primary17,Primary18,Primary19,Primary20,Primary21,Primary22,Primary23
1579,1999,63924,9370,100874095,57110,730,100129460,563,5346,3240,66002,1556,1048;Primary1,Primary2,Primary3,Primary4,Primary5,Primary6,Primary8,Primary9,Primary10,Primary11,Primary12,Primary13,Primary14,Primary15,Primary16,Primary17,Primary18,Primary19,Primary20,Primary21,Primary22,Primary23
1579,63924,9370,100874095,57110,730,100129460,563,5346,3240,66002,1048;Primary1,Primary2,Primary3,Primary4,Primary5,Primary6,Primary7,Primary8,Primary9,Primary10,Primary11,Primary12,Primary13,Primary14,Primary15,Primary16,Primary17,Primary18,Primary19,Primary20,Primary21,Primary22,Primary23
1579,79908,63924,9370,100874095,100129460,5346,3240,66002,1048;Primary1,Primary2,Primary3,Primary4,Primary5,Primary6,Primary7,Primary8,Primary9,Primary10,Primary11,Primary12,Primary13,Primary14,Primary15,Primary16,Primary17,Primary18,Primary19,Primary20,Primary21,Primary22,Primary23
1579,222256,63924,100129460;Primary1,Primary2,Primary3,Primary4,Primary5,Primary6,Primary7,Primary8,Primary9,Primary10,Primary11,Primary12,Primary14,Primary15,Primary16,Primary17,Primary18,Primary19,Primary20,Primary21,Primary22,Primary23
1579,107984125,63924,9370,100874095,563,5346,3240,55808,66002,1048;Primary1,Primary2,Primary3,Primary4,Primary5,Primary6,Primary7,Primary8,Primary9,Primary10,Primary11,Primary12,Primary13,Primary14,Primary15,Primary17,Primary18,Primary19,Primary20,Primary21,Primary22,Primary23
1579,2065,9370,100874095,57110,563,5346,3240,66002,1048;Primary1,Primary2,Primary3,Primary4,Primary5,Primary6,Primary7,Primary8,Primary9,Primary10,Primary11,Primary13,Primary14,Primary15,Primary16,Primary17,Primary18,Primary19,Primary20,Primary21,Primary22,Primary23
1579,4629,63924,9370,100874095,730,100129460,563,5346,3240,55808,718,66002,1048;Primary1,Primary2,Primary3,Primary4,Primary6,Primary7,Primary8,Primary9,Primary10,Primary11,Primary12,Primary13,Primary14,Primary15,Primary16,Primary17,Primary18,Primary19,Primary20,Primary21,Primary22,Primary23
1579,146177,6799;Primary1,Primary2,Primary3,Primary4,Primary5,Primary7,Primary8,Primary9,Primary10,Primary11,Primary12,Primary13,Primary14,Primary15,Primary16,Primary17,Primary18,Primary19,Primary20,Primary21,Primary22,Primary23
1579,6799,57110,5346;Primary1,Primary2,Primary3,Primary4,Primary5,Primary6,Primary7,Primary8,Primary9,Primary10,Primary11,Primary12,Primary13,Primary14,Primary15,Primary16,Primary17,Primary18,Primary19,Primary20,Primary21,Primary22,Primary23
1579,503640,2327,79908,100129460,5346,3240,66002,1048;Primary1,Primary2,Primary3,Primary4,Primary5,Primary7,Primary8,Primary9,Primary10,Primary11,Primary12,Primary13,Primary14,Primary15,Primary16,Primary17,Primary18,Primary19,Primary20,Primary21,Primary22,Primary23
1579,55808,63924,9370,100874095,57110,100129460,5346,3240,66002,1048;Primary1,Primary2,Primary3,Primary4,Primary5,Primary6,Primary7,Primary8,Primary9,Primary10,Primary11,Primary12,Primary13,Primary14,Primary15,Primary16,Primary17,Primary18,Primary19,Primary20,Primary21,Primary22,Primary23
1579,718,63924,9370,100874095,57110,730,100129460,563,5346,3240,55808,66002,1048;Primary1,Primary2,Primary3,Primary4,Primary6,Primary7,Primary8,Primary9,Primary10,Primary11,Primary12,Primary13,Primary14,Primary15,Primary16,Primary17,Primary18,Primary19,Primary20,Primary21,Primary22,Primary23
1579,1556;Primary1,Primary2,Primary3,Primary4,Primary5,Primary6,Primary7,Primary8,Primary9,Primary10,Primary11,Primary12,Primary13,Primary14,Primary15,Primary16,Primary17,Primary18,Primary19,Primary20,Primary21,Primary22,Primary23
1579,6523;Primary1,Primary2,Primary3,Primary4,Primary5,Primary7,Primary8,Primary9,Primary10,Primary11,Primary12,Primary13,Primary14,Primary15,Primary16,Primary17,Primary18,Primary19,Primary20,Primary21,Primary22,Primary23
22996,55289,100874002,353189,361;Primary1,Primary2,Primary3,Primary4,Primary5,Primary6,Primary7,Primary8,Primary9,Primary10,Primary11,Primary12,Primary13,Primary14,Primary15,Primary16,Primary17,Primary18,Primary19,Primary21,Primary22,Primary23
22996,10018;Primary1,Primary2,Primary3,Primary4,Primary5,Primary6,Primary7,Primary8,Primary9,Primary10,Primary11,Primary12,Primary13,Primary14,Primary15,Primary16,Primary17,Primary18,Primary19,Primary20,Primary21,Primary22
22996,8999;Primary1,Primary2,Primary3,Primary5,Primary6,Primary7,Primary8,Primary9,Primary10,Primary11,Primary12,Primary13,Primary14,Primary15,Primary16,Primary17,Primary18,Primary19,Primary20,Primary21,Primary22,Primary23
22996,219790;Primary1,Primary2,Primary3,Primary4,Primary5,Primary6,Primary7,Primary8,Primary9,Primary10,Primary11,Primary12,Primary13,Primary14,Primary16,Primary17,Primary18,Primary19,Primary20,Primary21,Primary22,Primary23
440590,57402,115019,55289,10018,256076,84525,2160,353189,10595,126353;Primary1,Primary2,Primary3,Primary4,Primary5,Primary6,Primary7,Primary8,Primary9,Primary10,Primary11,Primary12,Primary13,Primary14,Primary15,Primary16,Primary17,Primary18,Primary19,Primary20,Primary21,Primary22,Primary23
440590,26084,57402,115019,55289,10018,256076,84525,353189,222166,103504738,10595,94025;Primary1,Primary2,Primary3,Primary4,Primary5,Primary7,Primary8,Primary9,Primary10,Primary11,Primary12,Primary13,Primary14,Primary15,Primary16,Primary17,Primary18,Primary19,Primary20,Primary21,Primary22,Primary23
440590,1040,57402,115019,55289,10018,84525,2160,353189,10595,126353;Primary1,Primary2,Primary3,Primary4,Primary5,Primary6,Primary7,Primary8,Primary9,Primary10,Primary11,Primary12,Primary13,Primary14,Primary15,Primary16,Primary17,Primary18,Primary19,Primary20,Primary21,Primary22,Primary23
440590,100874002,57402,115019,55289,256076,84525,353189,10595,361;Primary1,Primary2,Primary3,Primary4,Primary5,Primary6,Primary7,Primary8,Primary9,Primary10,Primary11,Primary12,Primary14,Primary15,Primary16,Primary17,Primary18,Primary19,Primary20,Primary21,Primary22,Primary23
440590,222166,57402,55289,10018,256076,84525,2160,353189,10595;Primary1,Primary2,Primary3,Primary4,Primary5,Primary6,Primary7,Primary8,Primary9,Primary10,Primary11,Primary12,Primary13,Primary14,Primary15,Primary16,Primary17,Primary18,Primary19,Primary20,Primary21,Primary22,Primary23
440590,259294,10018,26084;Primary1,Primary2,Primary3,Primary4,Primary5,Primary7,Primary8,Primary9,Primary10,Primary11,Primary12,Primary13,Primary14,Primary15,Primary16,Primary17,Primary18,Primary19,Primary20,Primary21,Primary22,Primary23
440590,107984498,57402,115019,55289,10018,256076,84525,2160,353189,222166,103504738,10595,94025;Primary1,Primary2,Primary3,Primary4,Primary5,Primary7,Primary8,Primary9,Primary10,Primary11,Primary12,Primary13,Primary14,Primary15,Primary16,Primary17,Primary18,Primary19,Primary20,Primary21,Primary22,Primary23
440590,253970,57402,115019,55289,10018,256076,84525,2160,353189,10595,126353;Primary1,Primary2,Primary3,Primary4,Primary5,Primary6,Primary7,Primary8,Primary9,Primary10,Primary11,Primary12,Primary14,Primary15,Primary16,Primary17,Primary18,Primary19,Primary20,Primary21,Primary22,Primary23
440590,7473,55289,10018,84525,1040,2160,353189,253970,10595;Primary1,Primary2,Primary3,Primary4,Primary5,Primary6,Primary7,Primary9,Primary10,Primary11,Primary12,Primary13,Primary14,Primary15,Primary16,Primary17,Primary18,Primary19,Primary20,Primary21,Primary22,Primary23
440590,361,57402,115019,55289,256076,84525,2160,353189,10595;Primary1,Primary2,Primary3,Primary4,Primary5,Primary6,Primary7,Primary8,Primary9,Primary10,Primary11,Primary12,Primary13,Primary14,Primary15,Primary16,Primary17,Primary18,Primary19,Primary20,Primary21,Primary22,Primary23
440590,7620;Primary1,Primary2,Primary3,Primary4,Primary5,Primary7,Primary8,Primary9,Primary10,Primary11,Primary12,Primary13,Primary14,Primary15,Primary16,Primary17,Primary18,Primary19,Primary20,Primary21,Primary22,Primary23
440590,107985317,115019,55289,84525,1040,2160,353189,10595;Primary1,Primary2,Primary3,Primary4,Primary5,Primary6,Primary7,Primary8,Primary9,Primary10,Primary11,Primary12,Primary14,Primary15,Primary16,Primary17,Primary18,Primary19,Primary20,Primary21,Primary22,Primary23
388633,276,277,278,116228,10071,9228,22941,64073;Primary1,Primary2,Primary3,Primary4,Primary5,Primary6,Primary7,Primary8,Primary9,Primary10,Primary11,Primary12,Primary13,Primary14,Primary15,Primary16,Primary18,Primary19,Primary20,Primary21,Primary22,Primary23
388633,8436,401492;Primary1,Primary2,Primary3,Primary4,Primary5,Primary6,Primary7,Primary8,Primary10,Primary11,Primary12,Primary13,Primary14,Primary15,Primary16,Primary17,Primary18,Primary19,Primary20,Primary21,Primary22,Primary23
388633,195814,10071,114569,83481,22943,22941,28984,7080,284111,64073;Primary1,Primary2,Primary3,Primary4,Primary5,Primary6,Primary7,Primary8,Primary9,Primary10,Primary11,Primary12,Primary13,Primary14,Primary15,Primary16,Primary18,Primary19,Primary20,Primary21,Primary22,Primary23
388633,58524,277,10071,9228,114569,22943,22941,387882,28984,7080,284111,50964,64073;Primary1,Primary2,Primary3,Primary4,Primary5,Primary6,Primary7,Primary8,Primary9,Primary10,Primary11,Primary12,Primary13,Primary14,Primary15,Primary16,Primary18,Primary19,Primary20,Primary21,Primary22,Primary23
388633,138428,54897,10071,9228,114569,22943,22941,284111,50964,64073;Primary1,Primary2,Primary3,Primary4,Primary5,Primary6,Primary7,Primary8,Primary9,Primary10,Primary11,Primary12,Primary13,Primary14,Primary15,Primary16,Primary18,Primary19,Primary20,Primary21,Primary22,Primary23
388633,286207,54897,10071,114569,138428,22943,22941,284111,50964,64073;Primary1,Primary2,Primary3,Primary4,Primary5,Primary6,Primary7,Primary8,Primary9,Primary10,Primary11,Primary12,Primary13,Primary14,Primary15,Primary16,Primary18,Primary19,Primary20,Primary21,Primary22,Primary23
388633,729238,10071,114569,58524,22943,22941,3229,387882,7080,284111,64073;Primary1,Primary2,Primary3,Primary4,Primary5,Primary6,Primary7,Primary8,Primary9,Primary10,Primary11,Primary12,Primary13,Primary14,Primary15,Primary16,Primary18,Primary19,Primary20,Primary21,Primary22,Primary23
388633,10579,3229,28984,7080,64073;Primary1,Primary2,Primary3,Primary4,Primary5,Primary6,Primary7,Primary8,Primary9,Primary10,Primary11,Primary12,Primary13,Primary14,Primary15,Primary16,Primary18,Primary19,Primary20,Primary21,Primary22,Primary23
388633,7356;Primary1,Primary2,Primary3,Primary4,Primary5,Primary6,Primary7,Primary8,Primary9,Primary10,Primary11,Primary12,Primary13,Primary14,Primary15,Primary16,Primary17,Primary18,Primary19,Primary21,Primary22,Primary23
388633,3229,10071,9228,114569,58524,22943,22941,387882,28984,7080,284111,50964,64073;Primary1,Primary2,Primary3,Primary4,Primary5,Primary6,Primary7,Primary8,Primary9,Primary10,Primary11,Primary12,Primary13,Primary14,Primary15,Primary16,Primary18,Primary19,Primary20,Primary21,Primary22,Primary23
388633,28984,277,116228,10071,9228,114569,83481,22943,22941,284111,64073;Primary1,Primary2,Primary3,Primary4,Primary5,Primary6,Primary7,Primary8,Primary9,Primary10,Primary11,Primary12,Primary13,Primary14,Primary15,Primary16,Primary18,Primary19,Primary20,Primary21,Primary22,Primary23
388633,80381;Primary1,Primary2,Primary3,Primary4,Primary5,Primary6,Primary7,Primary8,Primary9,Primary10,Primary11,Primary12,Primary13,Primary14,Primary15,Primary16,Primary17,Primary18,Primary19,Primary20,Primary21,Primary22,Primary23
388633,55567,10071,195814,114569,22943,22941,3229,7080,999,284111,64073;Primary1,Primary2,Primary3,Primary4,Primary5,Primary6,Primary7,Primary8,Primary9,Primary10,Primary11,Primary12,Primary13,Primary14,Primary15,Primary16,Primary18,Primary19,Primary20,Primary21,Primary22,Primary23
388633,999,276,277,10071,9228,22943,22941,284111,64073;Primary1,Primary2,Primary3,Primary4,Primary5,Primary6,Primary7,Primary8,Primary9,Primary10,Primary11,Primary12,Primary13,Primary14,Primary15,Primary16,Primary18,Primary19,Primary20,Primary21,Primary22,Primary23
388633,3909,276,277,278,22941,64073;Primary1,Primary2,Primary3,Primary4,Primary5,Primary6,Primary7,Primary8,Primary9,Primary10,Primary11,Primary12,Primary13,Primary14,Primary15,Primary16,Primary18,Primary19,Primary20,Primary21,Primary22,Primary23
388633,3960,114569,58524,22943,22941,28984,7080,999,284111,64073,6473;Primary1,Primary2,Primary3,Primary4,Primary5,Primary6,Primary7,Primary8,Primary9,Primary10,Primary11,Primary12,Primary13,Primary14,Primary15,Primary16,Primary18,Primary19,Primary20,Primary21,Primary22,Primary23
388633,7125;Primary1,Primary2,Primary3,Primary4,Primary5,Primary6,Primary7,Primary8,Primary9,Primary10,Primary11,Primary12,Primary13,Primary15,Primary16,Primary17,Primary18,Primary19,Primary20,Primary21,Primary22,Primary23
388633,6473,277,10071,9228,114569,58524,22943,22941,387882,28984,7080,284111,64073;Primary1,Primary2,Primary3,Primary4,Primary5,Primary6,Primary7,Primary8,Primary9,Primary10,Primary11,Primary12,Primary13,Primary14,Primary15,Primary16,Primary18,Primary19,Primary20,Primary21,Primary22,Primary23
4070,115019;Primary1,Primary2,Primary3,Primary5,Primary6,Primary7,Primary8,Primary9,Primary10,Primary11,Primary12,Primary13,Primary14,Primary15,Primary16,Primary17,Primary18,Primary19,Primary20,Primary21,Primary22,Primary23
4070,9173;Primary1,Primary2,Primary3,Primary4,Primary5,Primary6,Primary7,Primary8,Primary9,Primary11,Primary12,Primary13,Primary14,Primary15,Primary16,Primary17,Primary18,Primary19,Primary20,Primary21,Primary22,Primary23
4070,285335;Primary1,Primary2,Primary3,Primary4,Primary5,Primary6,Primary7,Primary8,Primary9,Primary10,Primary11,Primary12,Primary14,Primary15,Primary16,Primary17,Primary18,Primary19,Primary20,Primary21,Primary22,Primary23
4070,26226,9173;Primary1,Primary2,Primary3,Primary4,Primary5,Primary6,Primary7,Primary8,Primary9,Primary10,Primary11,Primary12,Primary13,Primary14,Primary15,Primary16,Primary17,Primary18,Primary19,Primary20,Primary22,Primary23
100996301,27022,255928,3207;Primary1,Primary2,Primary3,Primary4,Primary5,Primary6,Primary7,Primary8,Primary9,Primary10,Primary11,Primary12,Primary13,Primary14,Primary15,Primary16,Primary17,Primary18,Primary19,Primary20,Primary21,Primary22,Primary23
100996301,7203,27022,255928,4062,7546,57524,8153,3780;Primary1,Primary2,Primary3,Primary4,Primary5,Primary6,Primary7,Primary8,Primary9,Primary10,Primary11,Primary12,Primary13,Primary14,Primary15,Primary16,Primary17,Primary18,Primary19,Primary21,Primary22,Primary23
100996301,57669,27022,255928;Primary1,Primary2,Primary4,Primary5,Primary6,Primary7,Primary8,Primary9,Primary10,Primary11,Primary12,Primary13,Primary14,Primary15,Primary16,Primary17,Primary18,Primary19,Primary20,Primary21,Primary22,Primary23
100996301,81615,27022;Primary1,Primary2,Primary3,Primary5,Primary6,Primary7,Primary8,Primary9,Primary10,Primary11,Primary12,Primary13,Primary14,Primary15,Primary16,Primary17,Primary18,Primary19,Primary20,Primary21,Primary22,Primary23
100996301,10586,4892;Primary1,Primary2,Primary3,Primary4,Primary5,Primary6,Primary7,Primary8,Primary9,Primary10,Primary11,Primary12,Primary13,Primary14,Primary15,Primary16,Primary17,Primary18,Primary19,Primary21,Primary22,Primary23
100996301,79632,27022,255928;Primary1,Primary2,Primary3,Primary4,Primary5,Primary6,Primary7,Primary8,Primary9,Primary10,Primary11,Primary12,Primary13,Primary14,Primary16,Primary17,Primary18,Primary19,Primary20,Primary21,Primary22,Primary23
100996301,9699,27022,4062;Primary1,Primary2,Primary3,Primary4,Primary5,Primary6,Primary7,Primary8,Primary9,Primary10,Primary11,Primary12,Primary13,Primary15,Primary16,Primary17,Primary18,Primary19,Primary20,Primary21,Primary22,Primary23
100996301,4062,27022,3207;Primary1,Primary2,Primary3,Primary4,Primary5,Primary6,Primary7,Primary8,Primary9,Primary10,Primary11,Primary12,Primary13,Primary14,Primary15,Primary16,Primary17,Primary18,Primary19,Primary20,Primary21,Primary22,Primary23
100996301,4892,27022,255928,7546,57524,8153;Primary1,Primary2,Primary3,Primary4,Primary5,Primary6,Primary7,Primary8,Primary9,Primary10,Primary11,Primary12,Primary13,Primary14,Primary15,Primary16,Primary17,Primary18,Primary19,Primary21,Primary22,Primary23
100996301,3481,27022,255928,7546,8153;Primary1,Primary2,Primary3,Primary4,Primary5,Primary6,Primary7,Primary8,Primary9,Primary10,Primary11,Primary12,Primary13,Primary14,Primary15,Primary16,Primary17,Primary18,Primary19,Primary21,Primary22,Primary23
100996301,1132,27022;Primary1,Primary2,Primary3,Primary4,Primary6,Primary7,Primary8,Primary9,Primary10,Primary11,Primary12,Primary13,Primary14,Primary15,Primary16,Primary17,Primary18,Primary19,Primary20,Primary21,Primary22,Primary23
100996301,7473;Primary1,Primary2,Primary3,Primary4,Primary5,Primary6,Primary7,Primary8,Primary9,Primary10,Primary11,Primary12,Primary13,Primary14,Primary15,Primary16,Primary17,Primary18,Primary19,Primary21,Primary22,Primary23
9411,1510,1043,10203,1906,4629,28824;Primary1,Primary2,Primary3,Primary4,Primary5,Primary6,Primary7,Primary8,Primary9,Primary10,Primary11,Primary12,Primary13,Primary14,Primary15,Primary16,Primary17,Primary18,Primary19,Primary20,Primary21,Primary22
9411,7851,10203,1910;Primary1,Primary2,Primary3,Primary4,Primary5,Primary6,Primary7,Primary8,Primary9,Primary10,Primary11,Primary12,Primary13,Primary14,Primary15,Primary16,Primary17,Primary18,Primary19,Primary20,Primary21,Primary22,Primary23
9411,8436,54861;Primary1,Primary2,Primary3,Primary4,Primary5,Primary6,Primary7,Primary8,Primary9,Primary10,Primary11,Primary12,Primary13,Primary14,Primary15,Primary16,Primary17,Primary18,Primary19,Primary20,Primary21,Primary22,Primary23
9411,54861,7851,57186;Primary1,Primary2,Primary3,Primary4,Primary5,Primary6,Primary7,Primary8,Primary9,Primary10,Primary11,Primary12,Primary13,Primary14,Primary15,Primary16,Primary17,Primary18,Primary19,Primary20,Primary21,Primary22,Primary23
9411,27074,10203,1906;Primary1,Primary2,Primary3,Primary4,Primary5,Primary6,Primary7,Primary8,Primary9,Primary10,Primary11,Primary12,Primary13,Primary14,Primary15,Primary16,Primary17,Primary18,Primary19,Primary20,Primary21,Primary22,Primary23
9411,221395,7851,54861;Primary1,Primary2,Primary3,Primary4,Primary5,Primary6,Primary7,Primary8,Primary9,Primary10,Primary11,Primary12,Primary13,Primary14,Primary15,Primary17,Primary18,Primary19,Primary20,Primary21,Primary22,Primary23
9411,8537,1906,6103;Primary1,Primary2,Primary3,Primary4,Primary5,Primary6,Primary7,Primary8,Primary9,Primary10,Primary11,Primary12,Primary13,Primary14,Primary15,Primary16,Primary17,Primary18,Primary19,Primary20,Primary21,Primary22,Primary23
9411,56241,7851,10203,4629;Primary1,Primary2,Primary3,Primary4,Primary5,Primary6,Primary7,Primary8,Primary9,Primary10,Primary11,Primary12,Primary13,Primary14,Primary15,Primary16,Primary17,Primary18,Primary19,Primary20,Primary21,Primary22,Primary23
9411,6103,54861,1906;Primary1,Primary2,Primary3,Primary4,Primary5,Primary6,Primary7,Primary8,Primary9,Primary10,Primary11,Primary12,Primary13,Primary14,Primary15,Primary16,Primary17,Primary18,Primary19,Primary20,Primary21,Primary22,Primary23
9411,57477,7851,10203;Primary1,Primary2,Primary3,Primary4,Primary5,Primary6,Primary7,Primary8,Primary9,Primary10,Primary11,Primary12,Primary13,Primary14,Primary15,Primary16,Primary17,Primary18,Primary19,Primary20,Primary21,Primary22,Primary23
54112,115019;Primary1,Primary2,Primary3,Primary4,Primary5,Primary6,Primary7,Primary8,Primary9,Primary10,Primary11,Primary12,Primary13,Primary14,Primary15,Primary16,Primary17,Primary18,Primary19,Primary20,Primary21,Primary22,Primary23
54112,55289,115019,107984498,103504738;Primary1,Primary2,Primary3,Primary4,Primary5,Primary6,Primary7,Primary8,Primary9,Primary10,Primary11,Primary12,Primary13,Primary15,Primary16,Primary17,Primary18,Primary19,Primary20,Primary21,Primary22,Primary23
54112,3206;Primary1,Primary2,Primary3,Primary4,Primary5,Primary6,Primary7,Primary8,Primary9,Primary10,Primary11,Primary12,Primary13,Primary14,Primary15,Primary17,Primary18,Primary19,Primary20,Primary21,Primary22,Primary23
54112,107984498,115019,55289,103504738;Primary1,Primary2,Primary3,Primary4,Primary5,Primary6,Primary7,Primary8,Primary9,Primary10,Primary11,Primary12,Primary13,Primary14,Primary15,Primary17,Primary18,Primary19,Primary20,Primary21,Primary22,Primary23
54112,363;Primary1,Primary2,Primary3,Primary4,Primary5,Primary7,Primary8,Primary9,Primary10,Primary11,Primary12,Primary13,Primary14,Primary15,Primary16,Primary17,Primary18,Primary19,Primary20,Primary21,Primary22,Primary23
54112,2696;Primary1,Primary2,Primary3,Primary4,Primary5,Primary6,Primary7,Primary8,Primary9,Primary10,Primary11,Primary12,Primary13,Primary14,Primary15,Primary16,Primary17,Primary18,Primary19,Primary20,Primary21,Primary22
276,277,278,116228,10071,9228,22941,64073;Primary1,Primary2,Primary3,Primary4,Primary5,Primary6,Primary7,Primary8,Primary9,Primary10,Primary11,Primary12,Primary13,Primary14,Primary15,Primary16,Primary17,Primary18,Primary19,Primary20,Primary21,Primary22,Primary23
276,7203,278,2595;Primary1,Primary2,Primary3,Primary4,Primary5,Primary6,Primary7,Primary8,Primary9,Primary10,Primary11,Primary12,Primary13,Primary14,Primary16,Primary17,Primary18,Primary19,Primary20,Primary21,Primary22,Primary23
276,4179,278,649946,7620,100529240;Primary1,Primary2,Primary3,Primary4,Primary5,Primary6,Primary7,Primary8,Primary9,Primary10,Primary11,Primary12,Primary13,Primary14,Primary16,Primary17,Primary18,Primary19,Primary20,Primary21,Primary22,Primary23
276,51185,116228,619383;Primary1,Primary2,Primary3,Primary4,Primary6,Primary7,Primary8,Primary9,Primary10,Primary11,Primary12,Primary13,Primary14,Primary15,Primary16,Primary17,Primary18,Primary19,Primary20,Primary21,Primary22,Primary23
276,64332,277,619383;Primary1,Primary2,Primary3,Primary4,Primary5,Primary6,Primary7,Primary8,Primary9,Primary10,Primary11,Primary12,Primary13,Primary14,Primary16,Primary17,Primary18,Primary19,Primary20,Primary21,Primary22,Primary23
276,55892,102723849,1577,100652781,94025,100529240;Primary1,Primary2,Primary3,Primary4,Primary5,Primary6,Primary7,Primary8,Primary9,Primary10,Primary11,Primary12,Primary13,Primary14,Primary16,Primary17,Primary18,Primary19,Primary20,Primary21,Primary22,Primary23
276,9370,278,100874095,9228,22941,5346,64073;Primary2,Primary3,Primary4,Primary5,Primary6,Primary7,Primary8,Primary9,Primary10,Primary11,Primary12,Primary13,Primary14,Primary15,Primary16,Primary17,Primary18,Primary19,Primary20,Primary21,Primary22,Primary23
276,441251,278,259294;Primary1,Primary2,Primary3,Primary4,Primary5,Primary6,Primary7,Primary8,Primary9,Primary10,Primary11,Primary12,Primary13,Primary14,Primary16,Primary17,Primary18,Primary19,Primary20,Primary21,Primary22,Primary23
276,105180390,278,105180391,102723849,1577,619383;Primary1,Primary2,Primary3,Primary4,Primary5,Primary6,Primary7,Primary8,Primary9,Primary10,Primary11,Primary12,Primary13,Primary14,Primary16,Primary17,Primary18,Primary19,Primary20,Primary21,Primary22,Primary23
276,641776,105180390,105180391,102723849,1577,619383,503645;Primary1,Primary2,Primary3,Primary4,Primary5,Primary6,Primary7,Primary8,Primary9,Primary10,Primary11,Primary12,Primary13,Primary14,Primary16,Primary17,Primary18,Primary19,Primary20,Primary21,Primary22,Primary23
276,137872,278,259294;Primary1,Primary2,Primary3,Primary4,Primary5,Primary6,Primary7,Primary8,Primary9,Primary10,Primary11,Primary12,Primary13,Primary14,Primary16,Primary17,Primary18,Primary19,Primary20,Primary21,Primary22,Primary23
276,114569,277,116228,10071,9228,83481,22943,22941,28984,284111,64073,4680,112268252;Primary1,Primary2,Primary3,Primary4,Primary5,Primary7,Primary8,Primary9,Primary10,Primary11,Primary12,Primary13,Primary14,Primary15,Primary16,Primary17,Primary18,Primary19,Primary20,Primary21,Primary22,Primary23
276,83481,277,278,116228,10071,9228,22943,22941,28984,284111,64073;Primary1,Primary2,Primary3,Primary5,Primary6,Primary7,Primary8,Primary9,Primary10,Primary11,Primary12,Primary13,Primary14,Primary15,Primary16,Primary17,Primary18,Primary19,Primary20,Primary21,Primary22,Primary23
276,22943,277,116228,10071,9228,22941,284111,64073;Primary1,Primary2,Primary3,Primary4,Primary5,Primary6,Primary7,Primary8,Primary9,Primary10,Primary11,Primary12,Primary13,Primary14,Primary15,Primary16,Primary17,Primary18,Primary19,Primary20,Primary21,Primary22,Primary23
276,619383,277,278,116228;Primary1,Primary2,Primary3,Primary4,Primary5,Primary6,Primary7,Primary8,Primary9,Primary10,Primary11,Primary12,Primary13,Primary14,Primary15,Primary16,Primary17,Primary18,Primary19,Primary20,Primary21,Primary22,Primary23
276,6337,277,278,9228,5349,4680;Primary1,Primary2,Primary3,Primary4,Primary5,Primary6,Primary7,Primary8,Primary9,Primary10,Primary11,Primary12,Primary13,Primary14,Primary15,Primary16,Primary17,Primary18,Primary19,Primary20,Primary21,Primary22,Primary23
276,120892,278,105180390,105180391,102723849,1577,100652781,94025;Primary1,Primary2,Primary3,Primary4,Primary5,Primary6,Primary7,Primary8,Primary9,Primary10,Primary11,Primary12,Primary13,Primary14,Primary16,Primary17,Primary18,Primary19,Primary20,Primary21,Primary22,Primary23
276,28984,277,278,116228,10071,22943,22941,284111,64073,4680;Primary1,Primary2,Primary3,Primary4,Primary5,Primary7,Primary8,Primary9,Primary10,Primary11,Primary12,Primary13,Primary14,Primary15,Primary16,Primary17,Primary18,Primary19,Primary20,Primary21,Primary22,Primary23
276,100033436,277,278,116228,10071,9228,22941;Primary1,Primary2,Primary3,Primary4,Primary5,Primary6,Primary7,Primary9,Primary10,Primary11,Primary12,Primary13,Primary14,Primary15,Primary16,Primary17,Primary18,Primary19,Primary20,Primary21,Primary22,Primary23
276,2595,277,278;Primary1,Primary2,Primary3,Primary4,Primary5,Primary6,Primary7,Primary8,Primary9,Primary10,Primary11,Primary12,Primary13,Primary14,Primary16,Primary17,Primary18,Primary19,Primary20,Primary21,Primary22,Primary23
276,55930,278,22941,3909,64073;Primary1,Primary2,Primary3,Primary4,Primary5,Primary6,Primary8,Primary9,Primary10,Primary11,Primary12,Primary13,Primary14,Primary15,Primary16,Primary17,Primary18,Primary19,Primary20,Primary21,Primary22,Primary23
276,5346,277,278,116228,10071,9228,22941,999,64073;Primary2,Primary3,Primary4,Primary5,Primary6,Primary7,Primary8,Primary9,Primary10,Primary11,Primary12,Primary13,Primary14,Primary15,Primary16,Primary17,Primary18,Primary19,Primary20,Primary21,Primary22,Primary23
276,21,10071,9228,114569,22943,22941,999,284111,64073;Primary1,Primary2,Primary3,Primary4,Primary5,Primary6,Primary7,Primary9,Primary10,Primary11,Primary12,Primary13,Primary14,Primary15,Primary16,Primary17,Primary18,Primary19,Primary20,Primary21,Primary22,Primary23
276,999,277,10071,9228,22943,22941,284111,64073;Primary1,Primary2,Primary3,Primary4,Primary5,Primary6,Primary7,Primary8,Primary9,Primary10,Primary11,Primary12,Primary13,Primary14,Primary15,Primary16,Primary17,Primary18,Primary19,Primary20,Primary21,Primary22,Primary23
276,3909,277,278,10071,9228,22941,999,64073;Primary1,Primary2,Primary3,Primary4,Primary5,Primary6,Primary7,Primary8,Primary9,Primary10,Primary11,Primary12,Primary13,Primary14,Primary15,Primary16,Primary17,Primary18,Primary19,Primary21,Primary22,Primary23
276,5349,277,278,10071,9228;Primary1,Primary2,Primary3,Primary4,Primary5,Primary6,Primary7,Primary8,Primary9,Primary10,Primary11,Primary12,Primary13,Primary14,Primary15,Primary16,Primary17,Primary18,Primary19,Primary20,Primary21,Primary22,Primary23
276,3960,277,10071,9228,22943,22941,28984,999,284111,64073,6473;Primary1,Primary2,Primary3,Primary4,Primary5,Primary6,Primary7,Primary8,Primary9,Primary10,Primary12,Primary13,Primary14,Primary15,Primary16,Primary17,Primary18,Primary19,Primary20,Primary21,Primary22,Primary23
276,4680,277,278,116228,9228;Primary1,Primary2,Primary3,Primary4,Primary5,Primary6,Primary7,Primary8,Primary9,Primary10,Primary11,Primary12,Primary13,Primary14,Primary15,Primary16,Primary17,Primary18,Primary19,Primary20,Primary21,Primary22,Primary23
276,94059,278,105180390,105180391,102723849,619383;Primary1,Primary2,Primary3,Primary4,Primary5,Primary6,Primary7,Primary8,Primary9,Primary10,Primary11,Primary12,Primary13,Primary14,Primary16,Primary17,Primary18,Primary19,Primary20,Primary21,Primary22,Primary23
276,79818,278,441251;Primary1,Primary2,Primary3,Primary4,Primary5,Primary6,Primary7,Primary8,Primary9,Primary10,Primary11,Primary12,Primary13,Primary14,Primary16,Primary17,Primary18,Primary19,Primary20,Primary21,Primary22,Primary23
276,6473,277,278,10071,9228,22941,999,64073;Primary1,Primary2,Primary3,Primary4,Primary5,Primary6,Primary7,Primary8,Primary9,Primary10,Primary12,Primary13,Primary14,Primary15,Primary16,Primary17,Primary18,Primary19,Primary20,Primary21,Primary22,Primary23
277,1746,10071,9228,195814,114569,83481,22943,22941,3229,28984,7080,284111,64073;Primary1,Primary2,Primary3,Primary4,Primary5,Primary6,Primary7,Primary8,Primary9,Primary10,Primary11,Primary13,Primary14,Primary15,Primary16,Primary17,Primary18,Primary19,Primary20,Primary21,Primary22,Primary23
277,63924,116228,10071,114569,83481,22943,22941,28984,5346,284111,64073;Primary2,Primary3,Primary4,Primary5,Primary6,Primary7,Primary8,Primary9,Primary10,Primary11,Primary12,Primary13,Primary14,Primary15,Primary16,Primary17,Primary18,Primary19,Primary20,Primary21,Primary22,Primary23
277,201625,541473,619383;Primary1,Primary2,Primary3,Primary4,Primary5,Primary6,Primary7,Primary8,Primary9,Primary10,Primary11,Primary12,Primary13,Primary14,Primary16,Primary17,Primary18,Primary19,Primary20,Primary21,Primary22,Primary23
277,114327,619383;Primary1,Primary2,Primary3,Primary4,Primary5,Primary6,Primary7,Primary8,Primary9,Primary10,Primary11,Primary12,Primary13,Primary14,Primary16,Primary17,Primary18,Primary19,Primary20,Primary21,Primary22,Primary23
277,285989,201625,619383;Primary1,Primary2,Primary3,Primary4,Primary5,Primary6,Primary7,Primary8,Primary9,Primary10,Primary11,Primary12,Primary13,Primary14,Primary16,Primary17,Primary18,Primary19,Primary20,Primary21,Primary22,Primary23
277,195814,116228,10071,9228,114569,83481,22943,22941,28984,7080,284111,64073,4680,112268252;Primary1,Primary2,Primary3,Primary4,Primary5,Primary7,Primary8,Primary9,Primary10,Primary11,Primary12,Primary13,Primary14,Primary15,Primary16,Primary17,Primary18,Primary19,Primary20,Primary21,Primary22,Primary23
277,114569,116228,10071,9228,83481,22943,22941,28984,284111,64073;Primary1,Primary2,Primary3,Primary4,Primary5,Primary6,Primary7,Primary8,Primary9,Primary10,Primary11,Primary12,Primary13,Primary14,Primary15,Primary16,Primary17,Primary18,Primary19,Primary20,Primary21,Primary22,Primary23
277,58524,10071,114569,22943,22941,387882,28984,7080,284111,50964,64073;Primary1,Primary2,Primary3,Primary4,Primary5,Primary6,Primary7,Primary8,Primary9,Primary10,Primary11,Primary12,Primary13,Primary14,Primary15,Primary16,Primary17,Primary18,Primary19,Primary20,Primary21,Primary22,Primary23
277,286207,10071,114569,58524,22943,22941,7080,284111,50964,64073;Primary1,Primary2,Primary3,Primary4,Primary5,Primary6,Primary7,Primary9,Primary10,Primary11,Primary12,Primary13,Primary14,Primary15,Primary16,Primary17,Primary18,Primary19,Primary20,Primary21,Primary22,Primary23
277,10579,10071,9228,114569,83481,22943,22941,3229,28984,7080,284111,64073;Primary1,Primary2,Primary3,Primary4,Primary5,Primary6,Primary7,Primary8,Primary9,Primary10,Primary11,Primary13,Primary14,Primary15,Primary16,Primary17,Primary18,Primary19,Primary20,Primary21,Primary22,Primary23
277,399949,285989;Primary1,Primary2,Primary3,Primary4,Primary5,Primary6,Primary7,Primary8,Primary9,Primary10,Primary11,Primary12,Primary13,Primary14,Primary16,Primary17,Primary18,Primary19,Primary20,Primary21,Primary22,Primary23
277,3229,116228,10071,9228,114569,83481,22943,22941,28984,7080,999,284111,64073;Primary1,Primary2,Primary3,Primary4,Primary5,Primary6,Primary7,Primary8,Primary9,Primary10,Primary11,Primary13,Primary14,Primary15,Primary16,Primary17,Primary18,Primary19,Primary20,Primary21,Primary22,Primary23
277,387882,10071,9228,114569,22943,22941,28984,7080,284111,50964,64073;Primary1,Primary2,Primary3,Primary4,Primary5,Primary6,Primary7,Primary8,Primary9,Primary10,Primary11,Primary12,Primary13,Primary14,Primary15,Primary16,Primary17,Primary18,Primary19,Primary20,Primary21,Primary22,Primary23
277,7080,10071,9228,114569,83481,22943,22941,28984,284111,64073;Primary1,Primary2,Primary3,Primary4,Primary5,Primary6,Primary7,Primary8,Primary9,Primary10,Primary11,Primary12,Primary13,Primary14,Primary15,Primary16,Primary17,Primary18,Primary19,Primary20,Primary21,Primary22,Primary23
277,825,541473,2595;Primary1,Primary2,Primary3,Primary4,Primary5,Primary6,Primary7,Primary8,Primary9,Primary10,Primary11,Primary12,Primary13,Primary14,Primary16,Primary17,Primary18,Primary19,Primary20,Primary21,Primary22,Primary23
277,105372793,201625,541473;Primary1,Primary2,Primary3,Primary4,Primary5,Primary6,Primary7,Primary8,Primary9,Primary10,Primary11,Primary12,Primary13,Primary14,Primary16,Primary17,Primary18,Primary19,Primary20,Primary21,Primary22,Primary23
277,6473,10071,9228,114569,22943,22941,387882,28984,7080,284111,64073;Primary1,Primary2,Primary3,Primary4,Primary5,Primary6,Primary7,Primary8,Primary9,Primary10,Primary11,Primary12,Primary13,Primary14,Primary15,Primary16,Primary17,Primary18,Primary19,Primary20,Primary21,Primary22,Primary23
278,999,276,277,116228,10071,9228,22941,64073;Primary1,Primary2,Primary3,Primary4,Primary5,Primary6,Primary7,Primary8,Primary9,Primary10,Primary11,Primary13,Primary14,Primary15,Primary16,Primary17,Primary18,Primary19,Primary20,Primary21,Primary22,Primary23
278,6473,276,277,116228,10071,9228,22941,64073;Primary1,Primary2,Primary3,Primary4,Primary5,Primary6,Primary7,Primary8,Primary9,Primary10,Primary11,Primary12,Primary13,Primary14,Primary15,Primary16,Primary17,Primary18,Primary20,Primary21,Primary22,Primary23
278,102725051;Primary1,Primary2,Primary3,Primary4,Primary5,Primary6,Primary7,Primary8,Primary9,Primary10,Primary11,Primary12,Primary13,Primary14,Primary16,Primary17,Primary18,Primary19,Primary20,Primary21,Primary22,Primary23
163479,4582;Primary1,Primary2,Primary3,Primary4,Primary5,Primary6,Primary7,Primary8,Primary9,Primary10,Primary11,Primary12,Primary13,Primary14,Primary16,Primary17,Primary18,Primary19,Primary20,Primary21,Primary22,Primary23
163479,1999,1556;Primary1,Primary3,Primary4,Primary5,Primary6,Primary7,Primary8,Primary9,Primary10,Primary11,Primary12,Primary13,Primary14,Primary15,Primary16,Primary17,Primary18,Primary19,Primary20,Primary21,Primary22,Primary23
163479,79908,1048;Primary1,Primary2,Primary3,Primary4,Primary5,Primary6,Primary8,Primary9,Primary10,Primary11,Primary12,Primary13,Primary14,Primary15,Primary16,Primary17,Primary18,Primary19,Primary20,Primary21,Primary22,Primary23
163479,10129;Primary1,Primary2,Primary3,Primary4,Primary6,Primary7,Primary8,Primary9,Primary10,Primary11,Primary12,Primary13,Primary14,Primary15,Primary16,Primary17,Primary18,Primary19,Primary20,Primary21,Primary22,Primary23
163479,9914;Primary2,Primary3,Primary4,Primary5,Primary6,Primary7,Primary8,Primary9,Primary10,Primary11,Primary12,Primary13,Primary14,Primary15,Primary16,Primary17,Primary18,Primary19,Primary20,Primary21,Primary22,Primary23
163479,503645;Primary1,Primary2,Primary3,Primary4,Primary5,Primary7,Primary8,Primary9,Primary10,Primary11,Primary12,Primary13,Primary14,Primary15,Primary16,Primary17,Primary18,Primary19,Primary20,Primary21,Primary22,Primary23
163479,1556,1579;Primary1,Primary3,Primary4,Primary5,Primary6,Primary7,Primary8,Primary9,Primary10,Primary11,Primary12,Primary13,Primary14,Primary15,Primary16,Primary17,Primary18,Primary19,Primary20,Primary21,Primary22,Primary23
105371242,1513,4852,54,1471,109729184;Primary1,Primary2,Primary4,Primary5,Primary6,Primary7,Primary8,Primary9,Primary10,Primary11,Primary12,Primary13,Primary14,Primary15,Primary16,Primary17,Primary18,Primary19,Primary20,Primary21,Primary22,Primary23
105371242,4852;Primary1,Primary2,Primary3,Primary4,Primary5,Primary6,Primary7,Primary8,Primary9,Primary10,Primary11,Primary12,Primary13,Primary14,Primary15,Primary16,Primary17,Primary18,Primary19,Primary20,Primary21,Primary22,Primary23
105371242,727897,11254;Primary1,Primary2,Primary3,Primary4,Primary6,Primary7,Primary8,Primary9,Primary10,Primary11,Primary12,Primary13,Primary14,Primary15,Primary16,Primary17,Primary18,Primary19,Primary20,Primary21,Primary22,Primary23
105371242,85349;Primary1,Primary2,Primary3,Primary4,Primary5,Primary6,Primary7,Primary8,Primary9,Primary10,Primary11,Primary12,Primary13,Primary14,Primary15,Primary16,Primary17,Primary18,Primary19,Primary20,Primary21,Primary22
105371242,6354,1513,54,1471,109729184;Primary1,Primary2,Primary4,Primary5,Primary6,Primary7,Primary8,Primary9,Primary10,Primary11,Primary12,Primary13,Primary14,Primary15,Primary16,Primary17,Primary18,Primary19,Primary20,Primary21,Primary22,Primary23
105371242,5675;Primary1,Primary2,Primary4,Primary5,Primary6,Primary7,Primary8,Primary9,Primary10,Primary11,Primary12,Primary13,Primary14,Primary15,Primary16,Primary17,Primary18,Primary19,Primary20,Primary21,Primary22,Primary23
1513,6097,284680,200407,54769,1152,284266,54,10331,2696,164312,1471,4318,109729184;Primary1,Primary2,Primary3,Primary4,Primary5,Primary6,Primary7,Primary8,Primary9,Primary10,Primary11,Primary12,Primary13,Primary14,Primary15,Primary16,Primary17,Primary18,Primary19,Primary20,Primary21,Primary23
1513,284680,200407,54769,1152,284266,54,10331,2696,4318,109729184,23562;Primary1,Primary2,Primary3,Primary4,Primary5,Primary6,Primary7,Primary8,Primary9,Primary10,Primary11,Primary12,Primary13,Primary14,Primary15,Primary16,Primary17,Primary18,Primary19,Primary20,Primary21,Primary22,Primary23
1513,654433,6097,200407,54769,1152,284266,54,10331,2696,1471,4318,109729184;Primary1,Primary2,Primary3,Primary4,Primary5,Primary6,Primary7,Primary8,Primary9,Primary10,Primary11,Primary12,Primary13,Primary14,Primary15,Primary16,Primary17,Primary18,Primary19,Primary20,Primary21,Primary23
1513,105374373,54769,1152,284266,54,10331,4318,109729184;Primary1,Primary2,Primary3,Primary4,Primary5,Primary6,Primary7,Primary8,Primary9,Primary10,Primary11,Primary12,Primary13,Primary14,Primary15,Primary16,Primary17,Primary18,Primary19,Primary20,Primary21,Primary22
1513,389376,9356,54,10331;Primary1,Primary2,Primary3,Primary4,Primary5,Primary6,Primary7,Primary8,Primary9,Primary10,Primary11,Primary12,Primary13,Primary14,Primary15,Primary16,Primary17,Primary18,Primary19,Primary20,Primary21,Primary22
1513,4852,200407,1152,284266,54,10331,2696,164312,1471,4318,109729184;Primary1,Primary2,Primary3,Primary4,Primary5,Primary6,Primary7,Primary8,Primary9,Primary10,Primary11,Primary12,Primary13,Primary14,Primary15,Primary16,Primary17,Primary18,Primary19,Primary20,Primary21,Primary22,Primary23
1513,375612,284680,200407,54769,1152,284266,54,10331,2696,164312,4318,109729184;Primary1,Primary2,Primary3,Primary4,Primary5,Primary6,Primary7,Primary8,Primary9,Primary10,Primary11,Primary12,Primary13,Primary14,Primary15,Primary16,Primary17,Primary18,Primary19,Primary20,Primary21,Primary23
1513,140766,200407,1152,6354,284266,54,10331,2696,164312,1471,4318,109729184;Primary1,Primary2,Primary3,Primary4,Primary5,Primary6,Primary7,Primary8,Primary9,Primary10,Primary11,Primary12,Primary13,Primary14,Primary15,Primary16,Primary17,Primary18,Primary19,Primary20,Primary21,Primary22,Primary23
1513,219793,284266,54,2696,164312,1471;Primary1,Primary2,Primary3,Primary4,Primary5,Primary6,Primary7,Primary8,Primary9,Primary11,Primary12,Primary13,Primary14,Primary15,Primary16,Primary17,Primary18,Primary19,Primary20,Primary21,Primary22,Primary23
1513,727897,4852,1471;Primary1,Primary2,Primary4,Primary5,Primary6,Primary7,Primary8,Primary9,Primary10,Primary11,Primary12,Primary13,Primary14,Primary15,Primary16,Primary17,Primary18,Primary19,Primary20,Primary21,Primary22,Primary23
1513,363,284266,54;Primary1,Primary2,Primary3,Primary4,Primary5,Primary6,Primary7,Primary8,Primary9,Primary10,Primary11,Primary12,Primary13,Primary14,Primary15,Primary16,Primary17,Primary18,Primary19,Primary20,Primary21,Primary22
1513,6354,200407,54769,1152,284266,54,10331,2696,164312,1471,4318,109729184;Primary1,Primary2,Primary3,Primary4,Primary5,Primary6,Primary7,Primary8,Primary9,Primary10,Primary11,Primary12,Primary13,Primary14,Primary15,Primary16,Primary17,Primary18,Primary19,Primary20,Primary21,Primary22,Primary23
1513,116844,284680,200407,54769,1152,284266,54,10331,2696,4318,109729184;Primary1,Primary2,Primary3,Primary4,Primary5,Primary7,Primary8,Primary9,Primary10,Primary11,Primary12,Primary13,Primary14,Primary15,Primary16,Primary17,Primary18,Primary19,Primary20,Primary21,Primary22,Primary23
1513,2208,389376,54,1471;Primary1,Primary2,Primary3,Primary4,Primary5,Primary6,Primary7,Primary8,Primary9,Primary10,Primary11,Primary12,Primary13,Primary14,Primary15,Primary16,Primary17,Primary18,Primary19,Primary20,Primary21,Primary22
1513,9622,200407,4852,54,2696,164312,1471;Primary1,Primary2,Primary3,Primary4,Primary5,Primary6,Primary7,Primary8,Primary9,Primary10,Primary11,Primary12,Primary13,Primary14,Primary15,Primary16,Primary17,Primary18,Primary19,Primary20,Primary22,Primary23
1513,4693,200407,654433,54769,1152,284266,54,10331,2696,1471,4318,109729184;Primary1,Primary2,Primary3,Primary4,Primary5,Primary6,Primary7,Primary8,Primary9,Primary10,Primary11,Primary12,Primary13,Primary14,Primary15,Primary16,Primary17,Primary18,Primary19,Primary20,Primary21,Primary23
1513,4574,113219467,54;Primary1,Primary2,Primary3,Primary4,Primary5,Primary6,Primary7,Primary8,Primary9,Primary10,Primary11,Primary12,Primary13,Primary14,Primary15,Primary17,Primary18,Primary19,Primary20,Primary21,Primary22,Primary23
57530,56896,1286,100419743,5225,11081,160728,246,27134;Primary1,Primary2,Primary3,Primary4,Primary5,Primary6,Primary7,Primary8,Primary9,Primary10,Primary11,Primary12,Primary13,Primary14,Primary15,Primary16,Primary17,Primary18,Primary19,Primary20,Primary21,Primary22,Primary23
57530,6496,56896,1286,100419743,5225,11081,160728,246,27134;Primary1,Primary2,Primary4,Primary5,Primary6,Primary7,Primary8,Primary9,Primary10,Primary11,Primary12,Primary13,Primary14,Primary15,Primary16,Primary17,Primary18,Primary19,Primary20,Primary21,Primary22,Primary23
57530,654412,56896,100419743,100302161,11081,160728,246,27134;Primary1,Primary2,Primary3,Primary4,Primary5,Primary6,Primary7,Primary8,Primary9,Primary11,Primary12,Primary13,Primary14,Primary15,Primary16,Primary17,Primary18,Primary19,Primary20,Primary21,Primary22,Primary23
57530,4057,5225,100302161,11081,160728,246,27134;Primary1,Primary2,Primary3,Primary4,Primary5,Primary7,Primary8,Primary9,Primary10,Primary11,Primary12,Primary13,Primary14,Primary15,Primary16,Primary17,Primary18,Primary19,Primary20,Primary21,Primary22,Primary23
57530,401089,56896,100419743,1515,388327;Primary1,Primary3,Primary4,Primary5,Primary6,Primary7,Primary8,Primary9,Primary10,Primary11,Primary12,Primary13,Primary14,Primary15,Primary16,Primary17,Primary18,Primary19,Primary20,Primary21,Primary22,Primary23
57530,79740,56896,1286,100419743,5225,11081,160728,100033430,246,27134;Primary1,Primary2,Primary3,Primary4,Primary5,Primary6,Primary8,Primary9,Primary10,Primary11,Primary12,Primary13,Primary14,Primary15,Primary16,Primary17,Primary18,Primary19,Primary20,Primary21,Primary22,Primary23
57530,339983,56896,100419743,5225,100302161,11081,160728,246,27134,4861;Primary1,Primary2,Primary3,Primary4,Primary5,Primary6,Primary7,Primary8,Primary9,Primary10,Primary11,Primary12,Primary13,Primary14,Primary15,Primary16,Primary17,Primary19,Primary20,Primary21,Primary22,Primary23
57530,306;Primary1,Primary2,Primary3,Primary4,Primary5,Primary7,Primary8,Primary9,Primary10,Primary11,Primary12,Primary13,Primary14,Primary15,Primary16,Primary17,Primary18,Primary19,Primary20,Primary21,Primary22,Primary23
57530,1040,56896,1286,100419743,5225,11081,160728,246,27134;Primary1,Primary2,Primary3,Primary5,Primary6,Primary7,Primary8,Primary9,Primary10,Primary11,Primary12,Primary13,Primary14,Primary15,Primary16,Primary17,Primary18,Primary19,Primary20,Primary21,Primary22,Primary23
57530,653082,56896,6496,100419743,5225,11081,160728,246,388327,27134;Primary1,Primary2,Primary4,Primary5,Primary6,Primary7,Primary8,Primary9,Primary10,Primary11,Primary12,Primary13,Primary14,Primary15,Primary16,Primary17,Primary18,Primary19,Primary20,Primary21,Primary22,Primary23
57530,1161,653082,5225;Primary1,Primary2,Primary4,Primary5,Primary6,Primary7,Primary8,Primary9,Primary10,Primary11,Primary12,Primary13,Primary14,Primary15,Primary16,Primary17,Primary18,Primary19,Primary20,Primary21,Primary22,Primary23
57530,441151,56896,1286,100419743,5225,100302161,11081,160728,246,27134,54084;Primary1,Primary2,Primary3,Primary4,Primary5,Primary6,Primary7,Primary8,Primary9,Primary10,Primary12,Primary13,Primary14,Primary15,Primary16,Primary17,Primary18,Primary19,Primary20,Primary21,Primary22,Primary23
57530,114569,56896,1286,100419743,5225,11081,160728,246,388327,284111,27134;Primary1,Primary2,Primary3,Primary4,Primary5,Primary6,Primary7,Primary8,Primary9,Primary10,Primary11,Primary12,Primary13,Primary14,Primary16,Primary17,Primary18,Primary19,Primary20,Primary21,Primary22,Primary23
57530,100302161,56896,100419743,5225,11081,160728,246,27134;Primary1,Primary2,Primary3,Primary4,Primary5,Primary6,Primary7,Primary8,Primary9,Primary10,Primary11,Primary12,Primary13,Primary14,Primary15,Primary16,Primary17,Primary18,Primary19,Primary20,Primary21,Primary22,Primary23
57530,1515,56896,1286,100419743,5225,11081,160728,1381,57524,246,388327,27134,3780;Primary1,Primary2,Primary3,Primary4,Primary5,Primary6,Primary7,Primary8,Primary9,Primary10,Primary11,Primary13,Primary14,Primary15,Primary16,Primary17,Primary18,Primary19,Primary20,Primary21,Primary22,Primary23
57530,399726,56896,100419743,11081,160728,246,388327;Primary1,Primary2,Primary3,Primary4,Primary5,Primary6,Primary7,Primary8,Primary9,Primary10,Primary11,Primary12,Primary13,Primary14,Primary15,Primary16,Primary17,Primary18,Primary19,Primary20,Primary21,Primary22,Primary23
57530,388327,56896,100419743,5225,11081,160728,246,27134;Primary1,Primary2,Primary3,Primary4,Primary5,Primary6,Primary7,Primary8,Primary9,Primary10,Primary11,Primary12,Primary13,Primary14,Primary15,Primary16,Primary17,Primary18,Primary19,Primary20,Primary21,Primary22,Primary23
57530,762,56896,100419743,5225,100302161,11081,160728,246,27134,4861;Primary2,Primary3,Primary4,Primary5,Primary6,Primary7,Primary8,Primary9,Primary10,Primary11,Primary12,Primary13,Primary14,Primary15,Primary16,Primary17,Primary18,Primary19,Primary20,Primary21,Primary22,Primary23
57530,3993;Primary1,Primary3,Primary4,Primary5,Primary6,Primary7,Primary8,Primary9,Primary10,Primary11,Primary12,Primary13,Primary14,Primary15,Primary16,Primary17,Primary18,Primary19,Primary20,Primary21,Primary22,Primary23
57530,4861,56896,1286,100419743,5225,11081,160728,246,27134;Primary1,Primary2,Primary3,Primary4,Primary5,Primary6,Primary7,Primary8,Primary9,Primary10,Primary11,Primary12,Primary13,Primary14,Primary15,Primary16,Primary17,Primary19,Primary20,Primary21,Primary22,Primary23
6097,632,2537,654433,285429,390083,196335,24150,89765,4693;Primary1,Primary2,Primary3,Primary4,Primary5,Primary6,Primary7,Primary8,Primary9,Primary10,Primary11,Primary12,Primary13,Primary14,Primary15,Primary17,Primary18,Primary19,Primary20,Primary21,Primary22,Primary23
6097,200407,4852,375612,10331,164312;Primary1,Primary2,Primary3,Primary4,Primary5,Primary6,Primary7,Primary8,Primary9,Primary10,Primary11,Primary12,Primary13,Primary14,Primary15,Primary16,Primary17,Primary18,Primary19,Primary20,Primary21,Primary22,Primary23
6097,105374373,284680,200407,54769,1152,284266,54,10331,2696,4318,109729184;Primary1,Primary2,Primary3,Primary4,Primary5,Primary6,Primary7,Primary8,Primary9,Primary10,Primary11,Primary12,Primary13,Primary14,Primary15,Primary16,Primary17,Primary18,Primary19,Primary20,Primary21,Primary23
6097,389376,2208,1471;Primary1,Primary2,Primary3,Primary4,Primary5,Primary6,Primary7,Primary8,Primary9,Primary10,Primary11,Primary12,Primary13,Primary14,Primary15,Primary16,Primary17,Primary18,Primary19,Primary20,Primary21,Primary22
6097,54769,200407,1152,284266,54,10331,164312,1471,4318,109729184;Primary1,Primary2,Primary3,Primary4,Primary5,Primary6,Primary7,Primary8,Primary9,Primary10,Primary11,Primary12,Primary13,Primary14,Primary15,Primary16,Primary17,Primary18,Primary19,Primary20,Primary21,Primary22,Primary23
6097,140766,1513,200407,1152,6354,284266,54,10331,2696,164312,1471,4318,109729184;Primary1,Primary2,Primary3,Primary4,Primary5,Primary6,Primary7,Primary8,Primary9,Primary10,Primary11,Primary12,Primary13,Primary14,Primary15,Primary16,Primary17,Primary18,Primary19,Primary20,Primary21,Primary23
6097,363,200407,54769,10331,4318,109729184;Primary1,Primary2,Primary3,Primary5,Primary6,Primary7,Primary8,Primary9,Primary10,Primary11,Primary12,Primary13,Primary14,Primary15,Primary16,Primary17,Primary18,Primary19,Primary20,Primary21,Primary22,Primary23
6097,1152,200407,4852,284266,54,10331,164312,1471,4318,109729184;Primary1,Primary2,Primary3,Primary4,Primary5,Primary6,Primary7,Primary8,Primary9,Primary10,Primary11,Primary12,Primary13,Primary14,Primary15,Primary16,Primary17,Primary18,Primary19,Primary20,Primary21,Primary22,Primary23
6097,6354,1513,200407,54769,1152,284266,54,10331,2696,164312,1471,4318,109729184;Primary1,Primary2,Primary3,Primary4,Primary5,Primary6,Primary7,Primary8,Primary9,Primary10,Primary11,Primary12,Primary13,Primary14,Primary15,Primary16,Primary17,Primary18,Primary19,Primary20,Primary21,Primary23
6097,1555,2537,632,654433,285429,390083,24150,128602;Primary1,Primary2,Primary3,Primary4,Primary5,Primary6,Primary7,Primary8,Primary9,Primary10,Primary11,Primary12,Primary13,Primary14,Primary15,Primary17,Primary18,Primary19,Primary20,Primary21,Primary22,Primary23
6097,128602,2537,654433;Primary1,Primary2,Primary3,Primary4,Primary5,Primary6,Primary7,Primary8,Primary9,Primary10,Primary11,Primary12,Primary13,Primary14,Primary15,Primary16,Primary17,Primary18,Primary19,Primary20,Primary21,Primary22,Primary23
6097,23562,200407,54769,284266,54,10331,164312,1471,4318,109729184;Primary1,Primary2,Primary3,Primary4,Primary5,Primary6,Primary7,Primary8,Primary9,Primary10,Primary11,Primary12,Primary13,Primary14,Primary15,Primary16,Primary17,Primary18,Primary20,Primary21,Primary22,Primary23
57402,10203,1906,4629,28824,56241;Primary1,Primary2,Primary3,Primary5,Primary6,Primary7,Primary8,Primary9,Primary10,Primary11,Primary12,Primary13,Primary14,Primary15,Primary16,Primary17,Primary18,Primary19,Primary20,Primary21,Primary22,Primary23
57402,100874002,115019,55289,256076,84525,353189,10595,361;Primary1,Primary2,Primary3,Primary4,Primary5,Primary6,Primary7,Primary8,Primary9,Primary10,Primary11,Primary12,Primary13,Primary14,Primary15,Primary16,Primary17,Primary18,Primary19,Primary20,Primary21,Primary22,Primary23
57402,441251,353189,222166,107984498,253970,103504738,94025;Primary1,Primary2,Primary3,Primary4,Primary5,Primary7,Primary8,Primary9,Primary10,Primary11,Primary12,Primary13,Primary14,Primary15,Primary16,Primary17,Primary18,Primary19,Primary20,Primary21,Primary22,Primary23
57402,3434,149465,109729127,28824;Primary1,Primary2,Primary3,Primary5,Primary6,Primary7,Primary8,Primary9,Primary10,Primary11,Primary12,Primary13,Primary14,Primary15,Primary16,Primary17,Primary18,Primary19,Primary20,Primary21,Primary22,Primary23
57402,441581,115019,55289,10018,256076,2160,353189,10595,7473;Primary1,Primary2,Primary3,Primary4,Primary5,Primary6,Primary7,Primary8,Primary9,Primary10,Primary11,Primary13,Primary14,Primary15,Primary16,Primary17,Primary18,Primary19,Primary20,Primary21,Primary22,Primary23
57402,107984498,115019,55289,256076,353189,103504738;Primary1,Primary2,Primary3,Primary4,Primary5,Primary6,Primary7,Primary8,Primary9,Primary10,Primary11,Primary12,Primary13,Primary14,Primary15,Primary16,Primary17,Primary18,Primary19,Primary20,Primary21,Primary22,Primary23
57402,109729127,1043,149465,4629,28824;Primary1,Primary2,Primary3,Primary5,Primary6,Primary7,Primary8,Primary9,Primary10,Primary11,Primary12,Primary13,Primary14,Primary15,Primary16,Primary17,Primary18,Primary19,Primary20,Primary21,Primary22,Primary23
57402,253970,115019,55289,256076,84525,2160,353189,10595,361;Primary1,Primary2,Primary3,Primary4,Primary5,Primary6,Primary7,Primary8,Primary9,Primary10,Primary11,Primary12,Primary13,Primary14,Primary15,Primary16,Primary17,Primary18,Primary19,Primary20,Primary21,Primary22,Primary23
57402,103504738,115019,55289,256076,84525,353189,10595;Primary1,Primary2,Primary3,Primary4,Primary5,Primary6,Primary7,Primary8,Primary9,Primary10,Primary11,Primary12,Primary13,Primary14,Primary15,Primary16,Primary17,Primary18,Primary19,Primary20,Primary21,Primary22,Primary23
57402,644649;Primary1,Primary2,Primary3,Primary5,Primary6,Primary7,Primary8,Primary9,Primary10,Primary11,Primary12,Primary13,Primary14,Primary15,Primary16,Primary17,Primary18,Primary19,Primary20,Primary21,Primary22,Primary23
57402,7473,115019,55289,10018,256076,84525,2160,353189,10595;Primary1,Primary2,Primary3,Primary4,Primary5,Primary6,Primary7,Primary8,Primary9,Primary10,Primary11,Primary13,Primary14,Primary15,Primary16,Primary17,Primary18,Primary19,Primary20,Primary21,Primary22,Primary23
57402,107985317,115019,55289,256076,84525,2160,353189,253970,10595,361,126353;Primary1,Primary2,Primary3,Primary4,Primary6,Primary7,Primary8,Primary9,Primary10,Primary11,Primary12,Primary13,Primary14,Primary15,Primary16,Primary17,Primary18,Primary19,Primary20,Primary21,Primary22,Primary23
57402,56241,149465,1906,4629,28824;Primary1,Primary2,Primary3,Primary5,Primary6,Primary7,Primary8,Primary9,Primary10,Primary11,Primary12,Primary13,Primary14,Primary15,Primary16,Primary17,Primary18,Primary19,Primary20,Primary21,Primary22,Primary23
4582,10129;Primary1,Primary2,Primary3,Primary4,Primary5,Primary6,Primary7,Primary8,Primary9,Primary10,Primary11,Primary12,Primary13,Primary14,Primary16,Primary17,Primary18,Primary19,Primary20,Primary21,Primary22,Primary23
4582,5265;Primary1,Primary2,Primary3,Primary4,Primary5,Primary6,Primary7,Primary8,Primary10,Primary11,Primary12,Primary13,Primary14,Primary15,Primary16,Primary17,Primary18,Primary19,Primary20,Primary21,Primary22,Primary23
57111,255928,10568,448831,7060,105,6441,441581,1028,7546,6751,1381,57524,8153,4222,57526;Primary1,Primary2,Primary3,Primary4,Primary5,Primary6,Primary7,Primary8,Primary9,Primary10,Primary12,Primary13,Primary14,Primary15,Primary16,Primary17,Primary18,Primary19,Primary20,Primary21,Primary22,Primary23
57111,6262,10568,448831,7060,105,6441,441581,1028,6751,1381,57524,4222,57526,340596;Primary1,Primary2,Primary3,Primary4,Primary5,Primary6,Primary8,Primary9,Primary10,Primary11,Primary12,Primary13,Primary14,Primary15,Primary16,Primary17,Primary18,Primary19,Primary20,Primary21,Primary22,Primary23
57111,105373265,7060,4892,65998,8091,4222;Primary1,Primary2,Primary3,Primary4,Primary5,Primary7,Primary8,Primary9,Primary10,Primary11,Primary12,Primary13,Primary14,Primary15,Primary16,Primary17,Primary18,Primary19,Primary20,Primary21,Primary22,Primary23
57111,56896,1746,10568,100419743,7060,1515,105,6441,4892,441581,1028,6751,1381,57524,4222,2627;Primary1,Primary2,Primary3,Primary4,Primary5,Primary6,Primary7,Primary9,Primary10,Primary11,Primary12,Primary13,Primary14,Primary15,Primary16,Primary17,Primary18,Primary19,Primary20,Primary21,Primary22,Primary23
57111,1746,10568,7060,105,6441,441581,1028,6751,1381,57524,4222,2627;Primary1,Primary2,Primary3,Primary4,Primary5,Primary6,Primary7,Primary8,Primary9,Primary10,Primary11,Primary12,Primary13,Primary14,Primary15,Primary16,Primary17,Primary18,Primary19,Primary20,Primary21,Primary22,Primary23
57111,10586,448831,7060,105,6441,4892,441581,1028,6751,1381,4222,340596;Primary1,Primary2,Primary3,Primary4,Primary5,Primary6,Primary7,Primary8,Primary9,Primary10,Primary11,Primary12,Primary13,Primary14,Primary15,Primary16,Primary17,Primary18,Primary19,Primary20,Primary21,Primary22,Primary23
57111,448831,10568,7060,105,6441,4892,441581,1028,7546,6751,1381,57524,4222,340596;Primary1,Primary2,Primary3,Primary4,Primary5,Primary6,Primary7,Primary8,Primary9,Primary10,Primary11,Primary12,Primary13,Primary14,Primary15,Primary16,Primary17,Primary18,Primary19,Primary20,Primary21,Primary22,Primary23
57111,100506658,8091;Primary1,Primary2,Primary3,Primary4,Primary5,Primary6,Primary7,Primary9,Primary10,Primary11,Primary12,Primary13,Primary14,Primary15,Primary16,Primary17,Primary18,Primary19,Primary20,Primary21,Primary22,Primary23
57111,155465,7060,105,4892,441581,6751;Primary1,Primary2,Primary3,Primary4,Primary5,Primary6,Primary8,Primary9,Primary10,Primary11,Primary12,Primary13,Primary14,Primary15,Primary16,Primary17,Primary18,Primary19,Primary20,Primary21,Primary22,Primary23
57111,222183,1746,10568,7060,105,6441,441581,1028,6751,1381,57524,4222,2627;Primary1,Primary2,Primary3,Primary4,Primary5,Primary6,Primary7,Primary8,Primary9,Primary10,Primary11,Primary12,Primary13,Primary14,Primary15,Primary16,Primary17,Primary19,Primary20,Primary21,Primary22,Primary23
57111,9211,10568,448831,7060,105,6441,4892,441581,1028,6751,1381,57524,4222,57526,340596;Primary1,Primary2,Primary3,Primary4,Primary5,Primary6,Primary7,Primary8,Primary9,Primary10,Primary12,Primary13,Primary14,Primary15,Primary16,Primary17,Primary18,Primary19,Primary20,Primary21,Primary22,Primary23
57111,10579,100129940,4222,2627;Primary1,Primary2,Primary3,Primary4,Primary5,Primary6,Primary7,Primary8,Primary9,Primary10,Primary11,Primary12,Primary13,Primary14,Primary16,Primary17,Primary18,Primary19,Primary20,Primary21,Primary22,Primary23
57111,3481,7060,105,6441,441581,100129940,6751,1381,4222,2627,57526;Primary1,Primary2,Primary3,Primary4,Primary5,Primary6,Primary7,Primary8,Primary9,Primary10,Primary12,Primary13,Primary14,Primary15,Primary16,Primary17,Primary18,Primary19,Primary20,Primary21,Primary22,Primary23
57111,65998,10568,6441,1028,100129940,7546,57524,4222,340596;Primary1,Primary2,Primary3,Primary4,Primary5,Primary6,Primary7,Primary8,Primary9,Primary10,Primary11,Primary12,Primary13,Primary14,Primary15,Primary16,Primary17,Primary18,Primary19,Primary20,Primary21,Primary22,Primary23
57111,5544,7060,105,6441,4892,1028,7546,57524,4222,340596;Primary1,Primary2,Primary4,Primary5,Primary6,Primary7,Primary8,Primary9,Primary10,Primary11,Primary12,Primary13,Primary14,Primary15,Primary16,Primary17,Primary18,Primary19,Primary20,Primary21,Primary22,Primary23
57111,5545,7060,105,6441,4892,441581,1028,7546,1381,57524,4222,340596;Primary1,Primary2,Primary3,Primary4,Primary5,Primary6,Primary8,Primary9,Primary10,Primary11,Primary12,Primary13,Primary14,Primary15,Primary16,Primary17,Primary18,Primary19,Primary20,Primary21,Primary22,Primary23
57111,3229,1746,10568,448831,7060,105,6441,4892,441581,1028,7546,6751,1381,57524,4222,2627,340596;Primary1,Primary2,Primary3,Primary4,Primary5,Primary6,Primary7,Primary8,Primary9,Primary10,Primary11,Primary12,Primary13,Primary14,Primary16,Primary17,Primary18,Primary19,Primary20,Primary21,Primary22,Primary23
57111,2065,10568,448831,7060,105,6441,4892,441581,1028,7546,6751,1381,57524,4222,340596;Primary2,Primary3,Primary4,Primary5,Primary6,Primary7,Primary8,Primary9,Primary10,Primary11,Primary12,Primary13,Primary14,Primary15,Primary16,Primary17,Primary18,Primary19,Primary20,Primary21,Primary22,Primary23
57111,8091,448831,6441,57526;Primary1,Primary2,Primary3,Primary4,Primary5,Primary6,Primary7,Primary8,Primary9,Primary10,Primary11,Primary12,Primary13,Primary14,Primary15,Primary16,Primary17,Primary18,Primary19,Primary20,Primary21,Primary22,Primary23
57111,100129940,10568,7060,105,6441,4892,441581,1028,7546,6751,1381,57524,4222,340596;Primary1,Primary2,Primary3,Primary4,Primary5,Primary6,Primary7,Primary8,Primary9,Primary10,Primary11,Primary12,Primary13,Primary14,Primary15,Primary16,Primary17,Primary18,Primary19,Primary20,Primary21,Primary22,Primary23
57111,4604,10568,448831,7060,105,6441,4892,441581,1028,6751,1381,57524,4222,2627,57526,340596;Primary1,Primary2,Primary3,Primary4,Primary5,Primary6,Primary7,Primary8,Primary9,Primary10,Primary11,Primary12,Primary13,Primary14,Primary15,Primary16,Primary18,Primary19,Primary20,Primary21,Primary22,Primary23
57111,79148,10568,448831,7060,105,6441,441581,1028,6751,1381,4222,57526;Primary1,Primary2,Primary3,Primary4,Primary5,Primary6,Primary7,Primary8,Primary9,Primary10,Primary11,Primary12,Primary13,Primary14,Primary15,Primary16,Primary17,Primary19,Primary20,Primary21,Primary22,Primary23
57111,8153,56896,10568,10586,100419743,7060,105,6441,4892,441581,1028,6751,1381,57524,4222,340596;Primary1,Primary2,Primary3,Primary4,Primary5,Primary6,Primary7,Primary9,Primary10,Primary11,Primary12,Primary13,Primary14,Primary15,Primary16,Primary17,Primary18,Primary19,Primary20,Primary21,Primary22,Primary23
57111,3780,56896,10568,448831,100419743,7060,1515,105,6441,4892,441581,1028,7546,6751,1381,57524,4222,340596;Primary1,Primary2,Primary3,Primary4,Primary5,Primary6,Primary7,Primary9,Primary10,Primary11,Primary12,Primary13,Primary14,Primary15,Primary16,Primary17,Primary18,Primary19,Primary20,Primary21,Primary22,Primary23
57111,57526,10568,448831,7060,105,6441,441581,1028,6751,1381,57524,4222,340596;Primary1,Primary2,Primary3,Primary4,Primary5,Primary6,Primary7,Primary8,Primary9,Primary10,Primary11,Primary12,Primary13,Primary14,Primary15,Primary16,Primary17,Primary18,Primary19,Primary20,Primary21,Primary22,Primary23
632,1380,285429,390083,196335,24150,89765;Primary1,Primary2,Primary3,Primary4,Primary5,Primary6,Primary7,Primary8,Primary9,Primary10,Primary11,Primary12,Primary13,Primary14,Primary15,Primary16,Primary17,Primary18,Primary19,Primary20,Primary21,Primary22,Primary23
632,10599,285429,9622;Primary1,Primary2,Primary3,Primary4,Primary5,Primary6,Primary7,Primary8,Primary9,Primary10,Primary11,Primary12,Primary13,Primary14,Primary15,Primary16,Primary17,Primary18,Primary19,Primary20,Primary21,Primary23
632,5053,200373,285429,255189,9622,128674;Primary1,Primary2,Primary3,Primary4,Primary5,Primary6,Primary7,Primary8,Primary9,Primary10,Primary11,Primary12,Primary13,Primary14,Primary15,Primary16,Primary17,Primary18,Primary19,Primary20,Primary21,Primary23
632,100820829,24150,89765,4693;Primary1,Primary2,Primary3,Primary4,Primary5,Primary6,Primary7,Primary8,Primary9,Primary10,Primary11,Primary12,Primary13,Primary14,Primary15,Primary16,Primary17,Primary18,Primary19,Primary20,Primary21,Primary23
632,110806280,285429,390083,196335,24150,4693;Primary1,Primary2,Primary3,Primary4,Primary5,Primary6,Primary7,Primary8,Primary9,Primary10,Primary11,Primary12,Primary13,Primary14,Primary15,Primary16,Primary17,Primary18,Primary19,Primary20,Primary21,Primary22
112770,84525,1040,353189,107985317;Primary1,Primary2,Primary3,Primary4,Primary5,Primary6,Primary7,Primary8,Primary9,Primary10,Primary11,Primary12,Primary13,Primary14,Primary15,Primary16,Primary18,Primary19,Primary20,Primary21,Primary22,Primary23
112770,100874002;Primary1,Primary2,Primary3,Primary4,Primary5,Primary6,Primary7,Primary9,Primary10,Primary11,Primary12,Primary13,Primary14,Primary15,Primary16,Primary17,Primary18,Primary19,Primary20,Primary21,Primary22,Primary23
7203,255928,222389,7546,57524,8153,3780;Primary1,Primary2,Primary3,Primary4,Primary5,Primary6,Primary7,Primary8,Primary9,Primary11,Primary12,Primary13,Primary14,Primary15,Primary16,Primary17,Primary18,Primary19,Primary20,Primary21,Primary22,Primary23
7203,56896,100419743,1515,399726,57524,8153,3780;Primary1,Primary2,Primary3,Primary4,Primary5,Primary6,Primary7,Primary8,Primary9,Primary10,Primary12,Primary13,Primary14,Primary15,Primary16,Primary17,Primary18,Primary19,Primary20,Primary21,Primary22,Primary23
7203,100130701;Primary1,Primary2,Primary3,Primary4,Primary5,Primary6,Primary7,Primary8,Primary10,Primary11,Primary12,Primary13,Primary14,Primary15,Primary16,Primary17,Primary18,Primary19,Primary20,Primary21,Primary22,Primary23
7203,401089,1515,3780;Primary1,Primary2,Primary3,Primary4,Primary5,Primary6,Primary7,Primary8,Primary9,Primary11,Primary12,Primary13,Primary14,Primary15,Primary16,Primary17,Primary18,Primary19,Primary20,Primary21,Primary22,Primary23
7203,57110,10568,222183,1515,7546,57524,8153,3780;Primary2,Primary3,Primary4,Primary5,Primary6,Primary7,Primary8,Primary9,Primary10,Primary11,Primary12,Primary13,Primary14,Primary15,Primary16,Primary17,Primary18,Primary19,Primary20,Primary21,Primary22,Primary23
7203,10568,222183,1515,7546,57524,8153,3780;Primary1,Primary2,Primary3,Primary4,Primary5,Primary6,Primary7,Primary8,Primary9,Primary10,Primary11,Primary12,Primary13,Primary14,Primary15,Primary16,Primary17,Primary18,Primary19,Primary20,Primary21,Primary22,Primary23
7203,441151,767567;Primary1,Primary2,Primary3,Primary4,Primary5,Primary6,Primary7,Primary8,Primary9,Primary10,Primary11,Primary13,Primary14,Primary15,Primary16,Primary17,Primary18,Primary19,Primary20,Primary21,Primary22,Primary23
7203,100506380,1515,399726,7080,57524,8153,3780;Primary1,Primary2,Primary3,Primary4,Primary5,Primary6,Primary7,Primary8,Primary9,Primary10,Primary11,Primary12,Primary13,Primary14,Primary16,Primary17,Primary18,Primary19,Primary20,Primary21,Primary22,Primary23
7203,102723635,767567;Primary1,Primary2,Primary3,Primary4,Primary5,Primary6,Primary7,Primary8,Primary9,Primary11,Primary12,Primary13,Primary14,Primary15,Primary16,Primary17,Primary18,Primary19,Primary20,Primary21,Primary22,Primary23
7203,222389,255928,7546,57524,8153,3780;Primary1,Primary2,Primary3,Primary4,Primary5,Primary7,Primary8,Primary9,Primary10,Primary11,Primary12,Primary13,Primary14,Primary15,Primary16,Primary17,Primary18,Primary19,Primary20,Primary21,Primary22,Primary23
7203,399726,1515,57524,8153,3780;Primary1,Primary2,Primary3,Primary4,Primary5,Primary6,Primary7,Primary8,Primary9,Primary10,Primary11,Primary12,Primary13,Primary14,Primary15,Primary16,Primary17,Primary18,Primary19,Primary20,Primary21,Primary22,Primary23
7203,4892,10568,100419743,1028,7546,57524,8153,4222,3780,340596;Primary1,Primary2,Primary3,Primary4,Primary5,Primary6,Primary7,Primary9,Primary10,Primary11,Primary12,Primary13,Primary14,Primary15,Primary16,Primary17,Primary18,Primary19,Primary20,Primary21,Primary22,Primary23
7203,8091,10568,222183,1515,1028,7546,57524,8153,3780;Primary1,Primary2,Primary3,Primary4,Primary5,Primary7,Primary8,Primary9,Primary10,Primary11,Primary12,Primary13,Primary14,Primary15,Primary16,Primary17,Primary18,Primary19,Primary20,Primary21,Primary22,Primary23
7203,4604,100419743,4892,1028,57524,4222,2627,3780,340596;Primary1,Primary2,Primary3,Primary4,Primary5,Primary6,Primary7,Primary9,Primary10,Primary11,Primary12,Primary13,Primary14,Primary15,Primary16,Primary17,Primary18,Primary19,Primary20,Primary21,Primary22,Primary23
7203,7080,10568,222183,1515,7546,57524,8153,3780;Primary1,Primary2,Primary3,Primary4,Primary5,Primary6,Primary7,Primary8,Primary9,Primary10,Primary11,Primary12,Primary13,Primary14,Primary16,Primary17,Primary18,Primary19,Primary20,Primary21,Primary22,Primary23
7203,767566,255928,7546,57524,8153,3780,388555;Primary1,Primary2,Primary3,Primary4,Primary5,Primary7,Primary8,Primary9,Primary10,Primary11,Primary12,Primary13,Primary14,Primary15,Primary16,Primary17,Primary18,Primary19,Primary20,Primary21,Primary22,Primary23
7203,767567,8153;Primary1,Primary2,Primary3,Primary4,Primary5,Primary6,Primary7,Primary8,Primary9,Primary10,Primary11,Primary12,Primary13,Primary14,Primary15,Primary16,Primary17,Primary18,Primary19,Primary20,Primary21,Primary22,Primary23
7203,2595;Primary1,Primary2,Primary3,Primary4,Primary5,Primary6,Primary7,Primary8,Primary9,Primary10,Primary11,Primary12,Primary13,Primary14,Primary15,Primary16,Primary17,Primary18,Primary19,Primary20,Primary21,Primary22,Primary23
7203,825,2595;Primary1,Primary2,Primary3,Primary4,Primary5,Primary6,Primary7,Primary8,Primary9,Primary10,Primary11,Primary12,Primary13,Primary14,Primary16,Primary17,Primary18,Primary19,Primary20,Primary21,Primary22,Primary23
7203,1381,10568,222183,1515,7546,57524,8153,3780;Primary1,Primary2,Primary3,Primary4,Primary5,Primary6,Primary7,Primary8,Primary9,Primary10,Primary12,Primary13,Primary14,Primary15,Primary16,Primary17,Primary18,Primary19,Primary20,Primary21,Primary22,Primary23
7203,112268155;Primary1,Primary2,Primary3,Primary4,Primary5,Primary6,Primary7,Primary8,Primary9,Primary10,Primary11,Primary12,Primary13,Primary14,Primary16,Primary17,Primary18,Primary19,Primary20,Primary21,Primary22,Primary23
7203,2627,10568,100419743,4892,1028,7546,57524,4222,3780,340596;Primary1,Primary2,Primary3,Primary4,Primary5,Primary6,Primary7,Primary9,Primary10,Primary11,Primary12,Primary13,Primary14,Primary15,Primary16,Primary17,Primary18,Primary19,Primary20,Primary21,Primary22,Primary23
7203,498,767567;Primary1,Primary2,Primary3,Primary4,Primary5,Primary6,Primary7,Primary8,Primary9,Primary10,Primary11,Primary12,Primary13,Primary14,Primary15,Primary16,Primary17,Primary18,Primary19,Primary20,Primary21,Primary22,Primary23
7203,2922,10568,222183,1515,1028,7546,57524,8153,3780;Primary1,Primary2,Primary3,Primary4,Primary5,Primary6,Primary7,Primary8,Primary9,Primary10,Primary11,Primary12,Primary14,Primary15,Primary16,Primary17,Primary18,Primary19,Primary20,Primary21,Primary22,Primary23
7203,54084,441151,57524,8153,3780;Primary1,Primary2,Primary3,Primary4,Primary5,Primary6,Primary7,Primary8,Primary9,Primary10,Primary11,Primary13,Primary14,Primary15,Primary16,Primary17,Primary18,Primary19,Primary20,Primary21,Primary22,Primary23
284680,105374373,54769,1152,284266,54,10331,2696,4318,109729184;Primary1,Primary2,Primary3,Primary4,Primary5,Primary6,Primary7,Primary8,Primary9,Primary10,Primary11,Primary12,Primary13,Primary14,Primary15,Primary16,Primary17,Primary18,Primary19,Primary20,Primary21,Primary22,Primary23
284680,6354,1513,200407,54769,1152,284266,54,10331,2696,164312,1471,4318,109729184;Primary1,Primary2,Primary3,Primary4,Primary5,Primary6,Primary7,Primary8,Primary10,Primary11,Primary12,Primary13,Primary14,Primary15,Primary16,Primary17,Primary18,Primary19,Primary20,Primary21,Primary22,Primary23
284680,164312,1513,200407,54769,1152,6354,284266,54,10331,2696,4318,109729184,23562;Primary1,Primary2,Primary3,Primary4,Primary5,Primary6,Primary7,Primary8,Primary9,Primary11,Primary12,Primary13,Primary14,Primary15,Primary16,Primary17,Primary18,Primary19,Primary20,Primary21,Primary22,Primary23
2327,79098,6332,4057,201625,11148,131873,306,728643,3856,113218482,112268252,6523,102466759;Primary2,Primary3,Primary4,Primary5,Primary6,Primary7,Primary8,Primary9,Primary10,Primary11,Primary12,Primary13,Primary14,Primary15,Primary16,Primary17,Primary18,Primary19,Primary20,Primary21,Primary22,Primary23
2327,9173,64332;Primary2,Primary3,Primary4,Primary5,Primary6,Primary7,Primary8,Primary9,Primary10,Primary11,Primary12,Primary13,Primary14,Primary15,Primary16,Primary17,Primary18,Primary19,Primary20,Primary21,Primary22,Primary23
2327,6332,503640;Primary1,Primary2,Primary3,Primary4,Primary5,Primary6,Primary7,Primary8,Primary9,Primary10,Primary11,Primary12,Primary13,Primary14,Primary15,Primary16,Primary17,Primary18,Primary19,Primary20,Primary21,Primary22,Primary23
2327,9370,100874095,730,100129460,5346,3240,718,66002,1048;Primary1,Primary2,Primary3,Primary4,Primary5,Primary6,Primary7,Primary8,Primary9,Primary10,Primary11,Primary12,Primary13,Primary14,Primary15,Primary16,Primary17,Primary18,Primary19,Primary20,Primary21,Primary22,Primary23
2327,79908,1579,63924,9370,100874095,100129460,5346,3240,66002,1048;Primary1,Primary2,Primary3,Primary4,Primary5,Primary7,Primary8,Primary9,Primary10,Primary11,Primary12,Primary13,Primary14,Primary15,Primary16,Primary17,Primary18,Primary19,Primary20,Primary21,Primary22,Primary23
2327,285989,79098,4057,201625,11148,131873,306,113218482,112268252,6523,102466759;Primary2,Primary3,Primary4,Primary5,Primary6,Primary7,Primary8,Primary9,Primary10,Primary11,Primary12,Primary13,Primary14,Primary15,Primary16,Primary17,Primary18,Primary19,Primary20,Primary21,Primary22,Primary23
2327,733,6332;Primary1,Primary2,Primary3,Primary4,Primary5,Primary6,Primary7,Primary8,Primary9,Primary10,Primary11,Primary12,Primary13,Primary15,Primary16,Primary17,Primary18,Primary19,Primary20,Primary21,Primary22,Primary23
2327,692072,503640;Primary2,Primary3,Primary4,Primary5,Primary6,Primary7,Primary8,Primary9,Primary10,Primary11,Primary12,Primary13,Primary14,Primary15,Primary16,Primary17,Primary18,Primary19,Primary20,Primary21,Primary22,Primary23
2327,7225,107984406;Primary1,Primary3,Primary4,Primary5,Primary6,Primary7,Primary8,Primary9,Primary10,Primary11,Primary12,Primary13,Primary14,Primary15,Primary16,Primary17,Primary18,Primary19,Primary20,Primary21,Primary22,Primary23
2327,4317,6332,503640;Primary1,Primary3,Primary4,Primary5,Primary6,Primary7,Primary8,Primary9,Primary10,Primary11,Primary12,Primary13,Primary14,Primary15,Primary16,Primary17,Primary18,Primary19,Primary20,Primary21,Primary22,Primary23
2327,107984406;Primary1,Primary2,Primary3,Primary4,Primary5,Primary6,Primary7,Primary8,Primary9,Primary10,Primary11,Primary12,Primary13,Primary14,Primary15,Primary16,Primary17,Primary18,Primary19,Primary20,Primary21,Primary22,Primary23
2327,120892,6332,503640;Primary1,Primary2,Primary4,Primary5,Primary6,Primary7,Primary8,Primary9,Primary10,Primary11,Primary12,Primary13,Primary14,Primary15,Primary16,Primary17,Primary18,Primary19,Primary20,Primary21,Primary22,Primary23
2327,999,6332;Primary1,Primary2,Primary3,Primary4,Primary5,Primary6,Primary7,Primary8,Primary9,Primary10,Primary11,Primary12,Primary13,Primary14,Primary16,Primary17,Primary18,Primary19,Primary20,Primary21,Primary22,Primary23
2327,55808,1579,6332,63924,9370,100874095,57110,100129460,5346,3240,66002,1048;Primary1,Primary2,Primary3,Primary4,Primary5,Primary7,Primary8,Primary9,Primary10,Primary11,Primary12,Primary13,Primary14,Primary15,Primary16,Primary17,Primary18,Primary19,Primary20,Primary21,Primary22,Primary23
2327,148213;Primary1,Primary2,Primary4,Primary5,Primary6,Primary7,Primary8,Primary9,Primary10,Primary11,Primary12,Primary13,Primary14,Primary15,Primary16,Primary17,Primary18,Primary19,Primary20,Primary21,Primary22,Primary23
2327,94059,79818;Primary2,Primary3,Primary4,Primary5,Primary6,Primary7,Primary8,Primary9,Primary10,Primary11,Primary12,Primary13,Primary14,Primary15,Primary16,Primary17,Primary18,Primary19,Primary20,Primary21,Primary22,Primary23
2327,79818,6332,503640;Primary1,Primary2,Primary3,Primary5,Primary6,Primary7,Primary8,Primary9,Primary10,Primary11,Primary12,Primary13,Primary14,Primary15,Primary16,Primary17,Primary18,Primary19,Primary20,Primary21,Primary22,Primary23
2327,57186,730;Primary1,Primary2,Primary3,Primary4,Primary5,Primary6,Primary7,Primary8,Primary10,Primary11,Primary12,Primary13,Primary14,Primary15,Primary16,Primary17,Primary18,Primary19,Primary20,Primary21,Primary22,Primary23
2327,26226,9173;Primary2,Primary3,Primary4,Primary5,Primary6,Primary7,Primary8,Primary9,Primary10,Primary11,Primary12,Primary13,Primary14,Primary15,Primary16,Primary17,Primary18,Primary19,Primary20,Primary21,Primary22,Primary23
57710,58524,10579;Primary2,Primary3,Primary4,Primary5,Primary6,Primary7,Primary8,Primary9,Primary10,Primary11,Primary12,Primary13,Primary14,Primary15,Primary16,Primary17,Primary18,Primary19,Primary20,Primary21,Primary22,Primary23
57710,10579;Primary1,Primary2,Primary3,Primary4,Primary5,Primary6,Primary7,Primary8,Primary9,Primary10,Primary11,Primary12,Primary13,Primary14,Primary15,Primary16,Primary17,Primary18,Primary19,Primary20,Primary21,Primary22,Primary23
57710,387882,10579;Primary1,Primary2,Primary3,Primary4,Primary5,Primary6,Primary7,Primary8,Primary9,Primary11,Primary12,Primary13,Primary14,Primary15,Primary16,Primary17,Primary18,Primary19,Primary20,Primary21,Primary22,Primary23
1999,6262,340267,10129;Primary1,Primary2,Primary3,Primary4,Primary5,Primary6,Primary7,Primary8,Primary9,Primary10,Primary11,Primary13,Primary14,Primary15,Primary16,Primary17,Primary18,Primary19,Primary20,Primary21,Primary22,Primary23
1999,100996506,340267,10129;Primary1,Primary2,Primary3,Primary4,Primary5,Primary6,Primary7,Primary8,Primary9,Primary10,Primary11,Primary12,Primary13,Primary14,Primary15,Primary16,Primary17,Primary18,Primary19,Primary20,Primary21,Primary22
1999,100130449,56955,6440,3880;Primary2,Primary3,Primary4,Primary5,Primary6,Primary7,Primary8,Primary9,Primary10,Primary11,Primary12,Primary13,Primary14,Primary15,Primary16,Primary17,Primary18,Primary19,Primary20,Primary21,Primary22,Primary23
1999,4585,340267,10129,3880;Primary1,Primary2,Primary3,Primary4,Primary6,Primary7,Primary8,Primary9,Primary10,Primary11,Primary12,Primary13,Primary14,Primary15,Primary16,Primary17,Primary18,Primary19,Primary20,Primary21,Primary22,Primary23
1999,56955,7780,84851,340267,6440,3880;Primary2,Primary3,Primary4,Primary5,Primary6,Primary7,Primary8,Primary9,Primary10,Primary11,Primary12,Primary13,Primary14,Primary15,Primary16,Primary17,Primary18,Primary19,Primary20,Primary21,Primary22,Primary23
1999,92304;Primary2,Primary3,Primary4,Primary5,Primary6,Primary7,Primary8,Primary9,Primary10,Primary11,Primary12,Primary13,Primary14,Primary15,Primary16,Primary17,Primary18,Primary19,Primary20,Primary21,Primary22,Primary23
1999,168090,56955,340267,155465,6440,3880,1556;Primary2,Primary3,Primary4,Primary5,Primary6,Primary7,Primary8,Primary9,Primary10,Primary11,Primary12,Primary13,Primary14,Primary15,Primary16,Primary17,Primary18,Primary19,Primary20,Primary21,Primary22,Primary23
1999,340267,10129;Primary1,Primary2,Primary3,Primary4,Primary5,Primary6,Primary7,Primary8,Primary9,Primary10,Primary11,Primary12,Primary13,Primary14,Primary15,Primary16,Primary17,Primary18,Primary19,Primary20,Primary21,Primary22,Primary23
1999,155465,7780,56955,340267,6440,3880,1556;Primary2,Primary3,Primary4,Primary5,Primary6,Primary7,Primary8,Primary9,Primary10,Primary11,Primary12,Primary13,Primary14,Primary15,Primary16,Primary17,Primary18,Primary19,Primary20,Primary21,Primary22,Primary23
1999,1080,155465,89,1556;Primary2,Primary3,Primary4,Primary5,Primary6,Primary7,Primary8,Primary9,Primary10,Primary11,Primary12,Primary13,Primary14,Primary15,Primary16,Primary17,Primary18,Primary19,Primary20,Primary21,Primary22,Primary23
1999,93035,340267,10129;Primary1,Primary2,Primary3,Primary4,Primary6,Primary7,Primary8,Primary9,Primary10,Primary11,Primary12,Primary13,Primary14,Primary15,Primary16,Primary17,Primary18,Primary19,Primary20,Primary21,Primary22,Primary23
1999,474354,100996506;Primary1,Primary2,Primary3,Primary4,Primary5,Primary6,Primary7,Primary8,Primary9,Primary11,Primary12,Primary13,Primary14,Primary15,Primary16,Primary17,Primary18,Primary19,Primary20,Primary21,Primary22,Primary23
1999,55930,340267,3880;Primary1,Primary2,Primary3,Primary4,Primary5,Primary6,Primary7,Primary8,Primary9,Primary10,Primary11,Primary12,Primary13,Primary14,Primary16,Primary17,Primary18,Primary19,Primary20,Primary21,Primary22,Primary23
1999,6799,1579,57110,5346,1556;Primary1,Primary2,Primary3,Primary4,Primary5,Primary6,Primary8,Primary9,Primary10,Primary11,Primary12,Primary13,Primary14,Primary15,Primary16,Primary17,Primary18,Primary19,Primary20,Primary21,Primary22,Primary23
1999,440352,340267,10129;Primary1,Primary2,Primary3,Primary4,Primary5,Primary7,Primary8,Primary9,Primary10,Primary11,Primary12,Primary13,Primary14,Primary15,Primary16,Primary17,Primary18,Primary19,Primary20,Primary21,Primary22,Primary23
1999,9914,1556;Primary1,Primary3,Primary4,Primary5,Primary6,Primary7,Primary8,Primary9,Primary10,Primary11,Primary12,Primary13,Primary14,Primary15,Primary16,Primary17,Primary18,Primary19,Primary20,Primary21,Primary22,Primary23
1999,1770,340267,10129;Primary1,Primary2,Primary4,Primary5,Primary6,Primary7,Primary8,Primary9,Primary10,Primary11,Primary12,Primary13,Primary14,Primary15,Primary16,Primary17,Primary18,Primary19,Primary20,Primary21,Primary22,Primary23
1999,3880,340267;Primary1,Primary2,Primary3,Primary4,Primary5,Primary6,Primary7,Primary8,Primary9,Primary10,Primary11,Primary12,Primary13,Primary14,Primary15,Primary16,Primary17,Primary18,Primary19,Primary20,Primary21,Primary22,Primary23
1999,55808,1579,63924,9370,100874095,57110,100129460,563,5346,3240,66002,1556,1048;Primary1,Primary2,Primary3,Primary4,Primary5,Primary6,Primary8,Primary9,Primary10,Primary11,Primary12,Primary13,Primary14,Primary15,Primary16,Primary17,Primary18,Primary19,Primary20,Primary21,Primary22,Primary23
1999,718,63924,9370,100874095,730,100129460,563,5346,3240,66002,1556,1048;Primary1,Primary2,Primary3,Primary4,Primary5,Primary6,Primary8,Primary9,Primary10,Primary11,Primary12,Primary13,Primary14,Primary15,Primary16,Primary17,Primary18,Primary19,Primary20,Primary21,Primary22,Primary23
1999,1556,10129;Primary1,Primary2,Primary3,Primary4,Primary5,Primary6,Primary7,Primary8,Primary9,Primary10,Primary11,Primary12,Primary13,Primary14,Primary15,Primary16,Primary17,Primary18,Primary19,Primary20,Primary21,Primary22,Primary23
115019,79098,105373265,112268422,4057,201625,11148,645843,200879,306,728643,65217,3856,113218482,103504738,94025,112268252,105372793,6523,2277;Primary1,Primary2,Primary3,Primary5,Primary6,Primary7,Primary8,Primary9,Primary10,Primary11,Primary12,Primary13,Primary14,Primary15,Primary16,Primary17,Primary18,Primary19,Primary20,Primary21,Primary22,Primary23
115019,26084,10018,1040;Primary1,Primary2,Primary3,Primary4,Primary5,Primary6,Primary7,Primary8,Primary9,Primary10,Primary11,Primary12,Primary13,Primary14,Primary15,Primary16,Primary17,Primary18,Primary19,Primary20,Primary21,Primary22,Primary23
115019,222166,440590,57402,55289,10018,256076,84525,2160,353189,10595,126353;Primary1,Primary2,Primary3,Primary4,Primary5,Primary6,Primary7,Primary8,Primary9,Primary10,Primary11,Primary12,Primary13,Primary14,Primary15,Primary17,Primary18,Primary19,Primary20,Primary21,Primary22,Primary23
115019,441251,107984498,103504738;Primary1,Primary2,Primary3,Primary4,Primary5,Primary6,Primary7,Primary8,Primary9,Primary10,Primary11,Primary12,Primary13,Primary14,Primary15,Primary16,Primary17,Primary18,Primary19,Primary20,Primary21,Primary22,Primary23
115019,137872,26084,107984498,103504738;Primary1,Primary2,Primary3,Primary4,Primary5,Primary6,Primary7,Primary8,Primary9,Primary10,Primary11,Primary12,Primary13,Primary14,Primary15,Primary16,Primary17,Primary18,Primary19,Primary20,Primary21,Primary23
115019,8395,84525,1040,107985317;Primary1,Primary2,Primary3,Primary4,Primary5,Primary6,Primary7,Primary8,Primary9,Primary10,Primary11,Primary12,Primary13,Primary14,Primary15,Primary16,Primary17,Primary18,Primary19,Primary20,Primary21,Primary22,Primary23
115019,120892,79098,112268422,4057,201625,11148,645843,200879,306,3856,113218482,103504738,94025,112268252,105372793,6523,2277;Primary1,Primary2,Primary3,Primary5,Primary6,Primary7,Primary8,Primary9,Primary10,Primary11,Primary12,Primary13,Primary14,Primary15,Primary16,Primary17,Primary18,Primary19,Primary20,Primary21,Primary22,Primary23
115019,7473,55289,10018,84525,2160,353189,253970,103504738,10595;Primary1,Primary2,Primary3,Primary4,Primary5,Primary7,Primary8,Primary9,Primary10,Primary11,Primary12,Primary13,Primary14,Primary15,Primary16,Primary17,Primary18,Primary19,Primary20,Primary21,Primary22,Primary23
115019,2125,4057,11148,306,113218482,94025,2277,102723508;Primary1,Primary2,Primary3,Primary5,Primary6,Primary7,Primary8,Primary9,Primary10,Primary11,Primary12,Primary13,Primary14,Primary15,Primary16,Primary17,Primary18,Primary19,Primary20,Primary21,Primary22,Primary23
115019,116844,79098,728643,113218482;Primary1,Primary2,Primary3,Primary5,Primary6,Primary7,Primary8,Primary9,Primary10,Primary11,Primary12,Primary13,Primary14,Primary15,Primary16,Primary17,Primary18,Primary19,Primary20,Primary21,Primary22,Primary23
115019,107985317,55289,84525,1040,2160,353189,10595;Primary1,Primary2,Primary3,Primary4,Primary5,Primary6,Primary7,Primary8,Primary9,Primary10,Primary11,Primary12,Primary13,Primary14,Primary15,Primary16,Primary17,Primary18,Primary19,Primary20,Primary21,Primary22,Primary23
115019,26226,4057,11148,306,120892,3856,113218482,94025,112268252,105372793;Primary1,Primary2,Primary3,Primary5,Primary6,Primary7,Primary8,Primary9,Primary10,Primary11,Primary12,Primary13,Primary14,Primary15,Primary16,Primary17,Primary18,Primary19,Primary20,Primary21,Primary22,Primary23
115019,102723508,79098,105373265,112268422,4057,201625,11148,200879,306,728643,3856,113218482,103504738,94025,112268252,105372793,2277;Primary1,Primary2,Primary3,Primary5,Primary6,Primary7,Primary8,Primary9,Primary10,Primary11,Primary12,Primary13,Primary14,Primary15,Primary16,Primary17,Primary18,Primary19,Primary20,Primary21,Primary22,Primary23
1510,8436,9411,27074,1906;Primary1,Primary2,Primary3,Primary4,Primary5,Primary6,Primary7,Primary8,Primary9,Primary10,Primary11,Primary12,Primary13,Primary14,Primary15,Primary16,Primary18,Primary19,Primary20,Primary21,Primary22,Primary23
1510,27074,1906,6103;Primary1,Primary2,Primary3,Primary4,Primary5,Primary6,Primary7,Primary8,Primary9,Primary10,Primary11,Primary12,Primary13,Primary14,Primary15,Primary16,Primary17,Primary18,Primary19,Primary20,Primary21,Primary22,Primary23
1510,3434,149465,1906,109729127,28824;Primary1,Primary2,Primary3,Primary4,Primary5,Primary6,Primary7,Primary8,Primary9,Primary10,Primary11,Primary12,Primary13,Primary14,Primary15,Primary16,Primary17,Primary18,Primary19,Primary20,Primary21,Primary23
1510,724026,27074,1906;Primary1,Primary2,Primary3,Primary4,Primary5,Primary6,Primary7,Primary8,Primary9,Primary10,Primary11,Primary12,Primary13,Primary15,Primary16,Primary17,Primary18,Primary19,Primary20,Primary21,Primary22,Primary23
1510,56241,149465,1906,109729127,4629,28824;Primary1,Primary2,Primary3,Primary4,Primary5,Primary6,Primary7,Primary8,Primary10,Primary11,Primary12,Primary13,Primary14,Primary15,Primary16,Primary17,Primary18,Primary19,Primary20,Primary21,Primary22,Primary23
5284,79083,54854;Primary1,Primary2,Primary3,Primary4,Primary5,Primary6,Primary7,Primary8,Primary9,Primary10,Primary11,Primary12,Primary13,Primary14,Primary15,Primary16,Primary17,Primary18,Primary20,Primary21,Primary22,Primary23
5284,54848;Primary1,Primary2,Primary3,Primary4,Primary5,Primary6,Primary7,Primary8,Primary9,Primary10,Primary11,Primary12,Primary13,Primary14,Primary15,Primary16,Primary17,Primary18,Primary19,Primary20,Primary21,Primary22,Primary23
5284,6101,54848,54854;Primary1,Primary2,Primary3,Primary4,Primary5,Primary6,Primary7,Primary8,Primary9,Primary10,Primary11,Primary12,Primary13,Primary14,Primary15,Primary16,Primary17,Primary18,Primary20,Primary21,Primary22,Primary23
5284,79977,728276,54854;Primary1,Primary2,Primary4,Primary5,Primary6,Primary7,Primary8,Primary9,Primary10,Primary11,Primary12,Primary13,Primary14,Primary15,Primary16,Primary17,Primary18,Primary19,Primary20,Primary21,Primary22,Primary23
5284,4583;Primary1,Primary2,Primary3,Primary4,Primary5,Primary6,Primary7,Primary9,Primary10,Primary11,Primary12,Primary13,Primary14,Primary15,Primary16,Primary17,Primary18,Primary19,Primary20,Primary21,Primary22,Primary23
5284,728276,54854;Primary1,Primary2,Primary3,Primary4,Primary5,Primary6,Primary7,Primary8,Primary9,Primary10,Primary11,Primary12,Primary13,Primary14,Primary15,Primary16,Primary17,Primary18,Primary19,Primary20,Primary21,Primary22,Primary23
5284,6928,54854;Primary1,Primary2,Primary3,Primary4,Primary5,Primary6,Primary7,Primary8,Primary9,Primary10,Primary11,Primary12,Primary13,Primary14,Primary15,Primary17,Primary18,Primary19,Primary20,Primary21,Primary22,Primary23
5284,3929,6101,54854;Primary1,Primary2,Primary3,Primary4,Primary5,Primary6,Primary7,Primary8,Primary9,Primary10,Primary11,Primary12,Primary13,Primary14,Primary15,Primary16,Primary17,Primary18,Primary20,Primary21,Primary22,Primary23
5284,23562,728276,54854;Primary1,Primary2,Primary3,Primary4,Primary5,Primary6,Primary7,Primary8,Primary9,Primary10,Primary11,Primary12,Primary13,Primary14,Primary15,Primary16,Primary17,Primary18,Primary19,Primary20,Primary21,Primary22
79098,406969,388743,105373265,112268422,33,4057,201625,11148,131873,645843,200879,306,641776,105180391,102723849,65217,3856,113218482,112268252,105372793,6523;Primary1,Primary2,Primary3,Primary4,Primary5,Primary6,Primary7,Primary8,Primary9,Primary10,Primary11,Primary12,Primary13,Primary14,Primary15,Primary16,Primary17,Primary18,Primary19,Primary20,Primary21,Primary22,Primary23
79098,9173,4057,201625,11148,131873,306,285989,113218482,112268252,105372793,28824,6523,2277,102466759;Primary1,Primary2,Primary3,Primary4,Primary6,Primary7,Primary8,Primary9,Primary10,Primary11,Primary12,Primary13,Primary14,Primary15,Primary16,Primary17,Primary18,Primary19,Primary20,Primary21,Primary22,Primary23
79098,80122;Primary1,Primary2,Primary3,Primary4,Primary5,Primary6,Primary7,Primary8,Primary9,Primary11,Primary12,Primary13,Primary14,Primary15,Primary16,Primary17,Primary18,Primary19,Primary20,Primary21,Primary22,Primary23
79098,2122,105373265,201625,11148,131873,105372793,6523;Primary1,Primary2,Primary3,Primary4,Primary5,Primary6,Primary7,Primary8,Primary9,Primary10,Primary11,Primary12,Primary13,Primary14,Primary15,Primary16,Primary18,Primary19,Primary20,Primary21,Primary22,Primary23
79098,886,406969,105373265,112268422,4057,201625,11148,131873,200879,306,102723849,728643,60494,113218482,767566,112268252,6523;Primary1,Primary2,Primary3,Primary4,Primary5,Primary6,Primary7,Primary8,Primary9,Primary10,Primary12,Primary13,Primary14,Primary15,Primary16,Primary17,Primary18,Primary19,Primary20,Primary21,Primary22,Primary23
79098,780,4057,11148,131873,728643,65217,3856,113218482,112268252,2277,102466759;Primary1,Primary2,Primary3,Primary4,Primary5,Primary6,Primary7,Primary8,Primary9,Primary11,Primary12,Primary13,Primary14,Primary15,Primary16,Primary17,Primary18,Primary19,Primary20,Primary21,Primary22,Primary23
79098,105180390,388743,105373265,112268422,33,4057,201625,11148,131873,645843,200879,306,641776,105180391,102723849,65217,3856,113218482,94025,112268252,105372793,6523;Primary1,Primary2,Primary3,Primary4,Primary5,Primary6,Primary7,Primary8,Primary9,Primary10,Primary11,Primary12,Primary13,Primary14,Primary15,Primary16,Primary17,Primary18,Primary19,Primary20,Primary21,Primary22,Primary23
79098,541473,112268422,4057,201625,11148,645843,200879,641776,105180391,102723849,3856,113218482,112268252,105372793,6523,2277;Primary1,Primary2,Primary3,Primary4,Primary5,Primary6,Primary7,Primary8,Primary9,Primary11,Primary12,Primary13,Primary14,Primary15,Primary16,Primary17,Primary18,Primary19,Primary20,Primary21,Primary22,Primary23
79098,285989,406969,112268422,4057,201625,11148,131873,200879,306,102723849,113218482,112268252,105372793,6523,2277;Primary1,Primary2,Primary3,Primary4,Primary5,Primary6,Primary7,Primary8,Primary9,Primary10,Primary11,Primary12,Primary13,Primary14,Primary15,Primary16,Primary17,Primary18,Primary19,Primary20,Primary21,Primary22,Primary23
79098,9228,406969,388743,105373265,112268422,33,4057,201625,11148,645843,200879,306,102723849,728643,113218482,4680,112268252,105372793;Primary1,Primary2,Primary3,Primary4,Primary5,Primary6,Primary7,Primary8,Primary9,Primary10,Primary11,Primary12,Primary13,Primary14,Primary16,Primary17,Primary18,Primary19,Primary20,Primary21,Primary22,Primary23
79098,102724057,406969,388743,105373265,112268422,33,4057,201625,11148,131873,645843,200879,306,641776,105180391,102723849,3856,113218482,112268252,105372793,6523;Primary1,Primary3,Primary4,Primary5,Primary6,Primary7,Primary8,Primary9,Primary10,Primary11,Primary12,Primary13,Primary14,Primary15,Primary16,Primary17,Primary18,Primary19,Primary20,Primary21,Primary22,Primary23
79098,728643,406969,388743,105373265,112268422,33,4057,201625,11148,131873,645843,200879,306,641776,102723849,65217,3856,113218482,112268252,105372793,6523;Primary1,Primary2,Primary3,Primary4,Primary5,Primary6,Primary7,Primary8,Primary9,Primary10,Primary11,Primary12,Primary13,Primary14,Primary15,Primary16,Primary17,Primary18,Primary19,Primary20,Primary21,Primary22,Primary23
79098,6441,406969,4057,3856,113218482,8091,112268252,105372793,2277;Primary1,Primary2,Primary3,Primary4,Primary5,Primary6,Primary7,Primary8,Primary9,Primary10,Primary11,Primary13,Primary14,Primary15,Primary16,Primary17,Primary18,Primary19,Primary20,Primary21,Primary22,Primary23
79098,378938,201625,11148,645843,200879,105180390,641776,105180391,102723849,109136579,113218482,112268252,6523;Primary1,Primary2,Primary3,Primary4,Primary5,Primary6,Primary8,Primary9,Primary10,Primary11,Primary12,Primary13,Primary14,Primary15,Primary16,Primary17,Primary18,Primary19,Primary20,Primary21,Primary22,Primary23
79098,60494,406969,105373265,112268422,33,4057,201625,11148,131873,645843,200879,306,102723849,728643,65217,3856,113218482,112268252,105372793,6523,2277;Primary1,Primary2,Primary3,Primary4,Primary5,Primary6,Primary7,Primary8,Primary9,Primary10,Primary11,Primary12,Primary13,Primary14,Primary15,Primary16,Primary17,Primary18,Primary19,Primary20,Primary21,Primary22,Primary23
79098,6337,406969,388743,105373265,112268422,33,4057,201625,11148,131873,645843,200879,306,105180390,641776,105180391,102723849,65217,3856,113218482,94025,4680,112268252,105372793,6523;Primary1,Primary2,Primary3,Primary4,Primary5,Primary6,Primary7,Primary8,Primary9,Primary10,Primary11,Primary12,Primary13,Primary14,Primary16,Primary17,Primary18,Primary19,Primary20,Primary21,Primary22,Primary23
79098,120892,388743,105373265,112268422,6332,33,4057,201625,11148,131873,645843,200879,306,105180390,641776,105180391,102723849,65217,3856,113218482,94025,112268252,105372793,6523;Primary2,Primary3,Primary4,Primary5,Primary6,Primary7,Primary8,Primary9,Primary10,Primary11,Primary12,Primary13,Primary14,Primary15,Primary16,Primary17,Primary18,Primary19,Primary20,Primary21,Primary22,Primary23
79098,107984498,105373265,112268422,33,4057,201625,11148,131873,645843,200879,306,105180390,102723849,3856,113218482,103504738,94025,112268252,105372793,6523,2277;Primary1,Primary2,Primary3,Primary5,Primary6,Primary7,Primary8,Primary9,Primary10,Primary11,Primary12,Primary13,Primary14,Primary15,Primary16,Primary17,Primary18,Primary19,Primary20,Primary21,Primary22,Primary23
79098,8091,105373265,131873,728643,65217,3856,767566,388555;Primary1,Primary2,Primary3,Primary4,Primary5,Primary6,Primary7,Primary8,Primary9,Primary10,Primary11,Primary12,Primary13,Primary14,Primary15,Primary16,Primary17,Primary18,Primary19,Primary20,Primary21,Primary22,Primary23
79098,144535,201625,11148,645843,65217,113218482;Primary1,Primary2,Primary3,Primary4,Primary5,Primary6,Primary7,Primary8,Primary9,Primary10,Primary11,Primary12,Primary13,Primary14,Primary15,Primary16,Primary17,Primary18,Primary19,Primary20,Primary21,Primary23
79098,341676,406969,105373265,112268422,33,4057,201625,11148,645843,200879,306,641776,105180391,102723849,65217,113218482,112268252,105372793,2277;Primary1,Primary2,Primary3,Primary4,Primary5,Primary6,Primary7,Primary8,Primary9,Primary10,Primary11,Primary12,Primary13,Primary14,Primary15,Primary16,Primary17,Primary18,Primary19,Primary20,Primary21,Primary22,Primary23
79098,767566,406969,105373265,112268422,33,4057,201625,11148,131873,200879,306,102723849,728643,65217,60494,3856,113218482,112268252,388555,105372793,6523;Primary1,Primary2,Primary3,Primary4,Primary5,Primary6,Primary7,Primary8,Primary9,Primary10,Primary11,Primary12,Primary13,Primary14,Primary15,Primary16,Primary17,Primary18,Primary19,Primary20,Primary21,Primary22,Primary23
79098,100652781,388743,105373265,112268422,6332,33,4057,201625,11148,131873,645843,200879,306,105180390,641776,105180391,102723849,120892,3856,113218482,94025,112268252,105372793,6523;Primary2,Primary3,Primary4,Primary5,Primary6,Primary7,Primary8,Primary9,Primary10,Primary11,Primary12,Primary13,Primary14,Primary15,Primary16,Primary17,Primary18,Primary19,Primary20,Primary21,Primary22,Primary23
79098,146177,406969,105373265,112268422,6332,33,4057,11148,131873,200879,306,102723849,728643,65217,60494,3856,113218482,767566,112268252,388555,105372793,6523;Primary2,Primary3,Primary4,Primary5,Primary6,Primary7,Primary8,Primary9,Primary10,Primary11,Primary12,Primary13,Primary14,Primary15,Primary16,Primary17,Primary18,Primary19,Primary20,Primary21,Primary22,Primary23
79098,440352,388743,105373265,112268422,33,4057,201625,11148,131873,645843,200879,306,105180390,641776,105180391,102723849,3856,113218482,100652781,503645,112268252,105372793,6523,2277;Primary1,Primary2,Primary3,Primary4,Primary5,Primary6,Primary8,Primary9,Primary10,Primary11,Primary12,Primary13,Primary14,Primary15,Primary16,Primary17,Primary18,Primary19,Primary20,Primary21,Primary22,Primary23
79098,400578,105373265,112268422,4057,201625,11148,131873,645843,200879,105180390,641776,105180391,102723849,113218482,341676,100652781,112268252,105372793,6523;Primary1,Primary2,Primary3,Primary4,Primary5,Primary6,Primary8,Primary9,Primary10,Primary11,Primary12,Primary13,Primary14,Primary15,Primary16,Primary17,Primary18,Primary19,Primary20,Primary21,Primary22,Primary23
79098,503645,388743,105373265,112268422,33,4057,201625,11148,131873,645843,200879,306,105180390,641776,105180391,102723849,113218482,341676,100652781,284434,112268252,105372793,6523;Primary1,Primary2,Primary4,Primary5,Primary6,Primary7,Primary8,Primary9,Primary10,Primary11,Primary12,Primary13,Primary14,Primary15,Primary16,Primary17,Primary18,Primary19,Primary20,Primary21,Primary22,Primary23
79098,2125,406969,105373265,112268422,4057,11148,200879,306,728643,3856,113218482,112268252,2277;Primary1,Primary2,Primary3,Primary4,Primary5,Primary6,Primary7,Primary8,Primary9,Primary10,Primary11,Primary12,Primary13,Primary14,Primary15,Primary16,Primary17,Primary18,Primary19,Primary20,Primary21,Primary23
79098,116844,728643,113218482;Primary1,Primary2,Primary3,Primary4,Primary5,Primary6,Primary7,Primary8,Primary9,Primary10,Primary11,Primary12,Primary13,Primary14,Primary15,Primary16,Primary17,Primary18,Primary19,Primary20,Primary21,Primary22,Primary23
79098,284434,388743,105373265,112268422,33,4057,201625,11148,131873,645843,200879,306,105180390,641776,105180391,102723849,3856,113218482,341676,100652781,112268252,105372793,6523;Primary1,Primary2,Primary4,Primary5,Primary6,Primary7,Primary8,Primary9,Primary10,Primary11,Primary12,Primary13,Primary14,Primary15,Primary16,Primary17,Primary18,Primary19,Primary20,Primary21,Primary22,Primary23
79098,10331;Primary1,Primary2,Primary3,Primary4,Primary5,Primary7,Primary8,Primary9,Primary10,Primary11,Primary12,Primary13,Primary14,Primary15,Primary16,Primary17,Primary18,Primary19,Primary20,Primary21,Primary22,Primary23
79098,5349,388743,105373265,33,4057,201625,11148,131873,645843,200879,306,105180390,641776,105180391,102723849,65217,6337,3856,113218482,4680,112268252,6523;Primary1,Primary2,Primary3,Primary4,Primary5,Primary6,Primary7,Primary8,Primary9,Primary10,Primary11,Primary12,Primary13,Primary14,Primary16,Primary17,Primary18,Primary19,Primary20,Primary21,Primary22,Primary23
79098,4680,406969,388743,4057,11148,645843,200879,728643,3856,113218482,112268252,6523;Primary1,Primary2,Primary3,Primary4,Primary5,Primary6,Primary7,Primary8,Primary9,Primary10,Primary11,Primary12,Primary13,Primary14,Primary15,Primary16,Primary17,Primary18,Primary19,Primary20,Primary21,Primary22,Primary23
79098,388555,406969,105373265,112268422,33,4057,201625,11148,131873,200879,306,641776,105180391,102723849,65217,3856,113218482,112268252,105372793,6523;Primary1,Primary2,Primary3,Primary4,Primary5,Primary6,Primary7,Primary8,Primary9,Primary10,Primary11,Primary12,Primary13,Primary14,Primary15,Primary16,Primary17,Primary18,Primary19,Primary20,Primary21,Primary22,Primary23
79098,79818,388743,105373265,33,4057,201625,11148,131873,645843,200879,306,105180390,641776,105180391,102723849,65217,3856,113218482,103504738,94025,112268252,105372793,6523;Primary1,Primary2,Primary3,Primary5,Primary6,Primary7,Primary8,Primary9,Primary10,Primary11,Primary12,Primary13,Primary14,Primary15,Primary16,Primary17,Primary18,Primary19,Primary20,Primary21,Primary22,Primary23
79098,28824,406969,388743,105373265,112268422,33,4057,201625,11148,131873,645843,200879,306,641776,102723849,728643,65217,3856,113218482,112268252,105372793,26226,6523;Primary1,Primary2,Primary3,Primary4,Primary6,Primary7,Primary8,Primary9,Primary10,Primary11,Primary12,Primary13,Primary14,Primary15,Primary16,Primary17,Primary18,Primary19,Primary20,Primary21,Primary22,Primary23
79098,26609,406969,105373265,112268422,4057,201625,11148,131873,645843,200879,306,102723849,728643,65217,60494,3856,113218482,112268252,105372793,6523,2277;Primary1,Primary2,Primary3,Primary4,Primary5,Primary6,Primary7,Primary8,Primary9,Primary10,Primary11,Primary12,Primary13,Primary14,Primary15,Primary16,Primary17,Primary19,Primary20,Primary21,Primary22,Primary23
79098,2277,406969,105373265,112268422,33,4057,201625,11148,131873,645843,200879,306,641776,105180391,102723849,65217,3856,113218482,112268252,105372793,6523;Primary1,Primary2,Primary3,Primary4,Primary5,Primary6,Primary7,Primary8,Primary9,Primary10,Primary11,Primary12,Primary13,Primary14,Primary15,Primary16,Primary17,Primary18,Primary19,Primary20,Primary21,Primary22,Primary23
79098,389852,406969,112268422,33,4057,11148,131873,200879,306,728643,3856,113218482,767566,112268252,388555,105372793,6523,2277;Primary1,Primary2,Primary4,Primary5,Primary6,Primary7,Primary8,Primary9,Primary10,Primary11,Primary12,Primary13,Primary14,Primary15,Primary16,Primary17,Primary18,Primary19,Primary20,Primary21,Primary22,Primary23
79098,102723508,105373265,112268422,4057,201625,11148,131873,200879,306,728643,60494,3856,113218482,767566,112268252,105372793,6523;Primary1,Primary2,Primary3,Primary4,Primary5,Primary6,Primary7,Primary8,Primary9,Primary10,Primary11,Primary12,Primary13,Primary14,Primary15,Primary16,Primary17,Primary18,Primary19,Primary20,Primary21,Primary22,Primary23
79098,102466759,105373265,112268422,4057,201625,11148,131873,200879,306,102723849,728643,3856,113218482,94025,112268252,105372793,6523,2277;Primary1,Primary2,Primary3,Primary4,Primary5,Primary6,Primary7,Primary8,Primary9,Primary10,Primary11,Primary12,Primary13,Primary14,Primary15,Primary16,Primary17,Primary18,Primary19,Primary20,Primary21,Primary22,Primary23
79098,57526,406969,105373265,112268422,4057,201625,11148,131873,645843,200879,306,102723849,728643,60494,3856,113218482,8091,112268252,388555,6523;Primary1,Primary2,Primary3,Primary4,Primary5,Primary6,Primary7,Primary8,Primary9,Primary10,Primary11,Primary13,Primary14,Primary15,Primary16,Primary17,Primary18,Primary19,Primary20,Primary21,Primary22,Primary23
79098,102723382,406969,112268422,33,4057,201625,11148,131873,645843,200879,306,102723849,728643,60494,3856,113218482,341676,112268252,105372793,6523,2277;Primary1,Primary2,Primary4,Primary5,Primary6,Primary7,Primary8,Primary9,Primary10,Primary11,Primary12,Primary13,Primary14,Primary15,Primary16,Primary17,Primary18,Primary19,Primary20,Primary21,Primary22,Primary23
722,51365;Primary1,Primary2,Primary3,Primary4,Primary5,Primary6,Primary7,Primary8,Primary9,Primary10,Primary11,Primary12,Primary13,Primary14,Primary15,Primary16,Primary17,Primary18,Primary19,Primary20,Primary22,Primary23
1604,116228,83481,28984;Primary1,Primary2,Primary3,Primary4,Primary5,Primary6,Primary7,Primary9,Primary10,Primary11,Primary12,Primary13,Primary14,Primary15,Primary16,Primary17,Primary18,Primary19,Primary20,Primary21,Primary22,Primary23
1604,6496,114569;Primary1,Primary2,Primary3,Primary4,Primary5,Primary6,Primary7,Primary8,Primary9,Primary10,Primary11,Primary12,Primary13,Primary14,Primary16,Primary17,Primary18,Primary19,Primary20,Primary21,Primary22,Primary23
1604,63924;Primary2,Primary3,Primary4,Primary5,Primary6,Primary7,Primary8,Primary9,Primary10,Primary11,Primary12,Primary13,Primary14,Primary15,Primary16,Primary17,Primary18,Primary19,Primary20,Primary21,Primary22,Primary23
1604,653082;Primary1,Primary2,Primary3,Primary4,Primary5,Primary6,Primary7,Primary8,Primary9,Primary10,Primary11,Primary12,Primary13,Primary14,Primary15,Primary16,Primary17,Primary18,Primary19,Primary20,Primary21,Primary22,Primary23
1604,79632,21;Primary1,Primary2,Primary3,Primary4,Primary5,Primary6,Primary7,Primary8,Primary9,Primary10,Primary11,Primary13,Primary14,Primary15,Primary16,Primary17,Primary18,Primary19,Primary20,Primary21,Primary22,Primary23
1604,114569,21;Primary1,Primary2,Primary3,Primary4,Primary6,Primary7,Primary8,Primary9,Primary10,Primary11,Primary12,Primary13,Primary14,Primary15,Primary16,Primary17,Primary18,Primary19,Primary20,Primary21,Primary22,Primary23
1604,100033436,21;Primary1,Primary2,Primary3,Primary4,Primary6,Primary7,Primary8,Primary9,Primary10,Primary11,Primary12,Primary13,Primary14,Primary15,Primary16,Primary17,Primary18,Primary19,Primary20,Primary21,Primary22,Primary23
1604,21;Primary1,Primary2,Primary3,Primary4,Primary5,Primary6,Primary7,Primary8,Primary9,Primary10,Primary11,Primary12,Primary13,Primary14,Primary15,Primary16,Primary17,Primary18,Primary19,Primary20,Primary21,Primary22,Primary23
1380,200373,285429,390083,196335,10599,9622;Primary1,Primary2,Primary3,Primary4,Primary5,Primary6,Primary7,Primary9,Primary10,Primary11,Primary12,Primary13,Primary14,Primary15,Primary16,Primary17,Primary18,Primary19,Primary20,Primary21,Primary22,Primary23
1380,375612,24150,89765;Primary1,Primary2,Primary3,Primary4,Primary5,Primary6,Primary7,Primary8,Primary9,Primary10,Primary11,Primary12,Primary13,Primary14,Primary15,Primary16,Primary17,Primary18,Primary19,Primary20,Primary22,Primary23
1380,100133669,2537,128218,632,285429,24150,1555;Primary1,Primary2,Primary3,Primary4,Primary5,Primary6,Primary7,Primary9,Primary10,Primary11,Primary12,Primary13,Primary14,Primary15,Primary16,Primary17,Primary18,Primary19,Primary20,Primary21,Primary22,Primary23
1380,60494;Primary1,Primary2,Primary3,Primary4,Primary5,Primary7,Primary8,Primary9,Primary10,Primary11,Primary12,Primary13,Primary14,Primary15,Primary16,Primary17,Primary18,Primary19,Primary20,Primary21,Primary22,Primary23
1380,10599,196335,89765;Primary1,Primary2,Primary3,Primary4,Primary5,Primary6,Primary7,Primary8,Primary9,Primary10,Primary11,Primary12,Primary13,Primary14,Primary15,Primary16,Primary17,Primary18,Primary19,Primary20,Primary21,Primary22,Primary23
1380,606,24150,766;Primary1,Primary2,Primary3,Primary4,Primary5,Primary6,Primary7,Primary8,Primary9,Primary10,Primary11,Primary12,Primary13,Primary14,Primary15,Primary16,Primary17,Primary18,Primary19,Primary20,Primary21,Primary22,Primary23
1380,100820829,196335,24150,110806280,89765,4693;Primary1,Primary2,Primary3,Primary4,Primary5,Primary6,Primary7,Primary9,Primary10,Primary11,Primary12,Primary13,Primary14,Primary15,Primary16,Primary17,Primary18,Primary19,Primary20,Primary21,Primary22,Primary23
1380,110806280,2537,654433,285429,390083,196335,606,24150,89765,4693;Primary1,Primary2,Primary3,Primary4,Primary5,Primary6,Primary7,Primary9,Primary10,Primary11,Primary12,Primary13,Primary14,Primary15,Primary16,Primary17,Primary18,Primary19,Primary20,Primary21,Primary22,Primary23
1380,9476,285429,390083,196335,24150,89765;Primary1,Primary2,Primary3,Primary4,Primary5,Primary6,Primary7,Primary8,Primary9,Primary10,Primary12,Primary13,Primary14,Primary15,Primary16,Primary17,Primary18,Primary19,Primary20,Primary21,Primary22,Primary23
1380,728226,766;Primary1,Primary2,Primary3,Primary4,Primary5,Primary6,Primary7,Primary8,Primary9,Primary10,Primary11,Primary12,Primary13,Primary14,Primary15,Primary16,Primary17,Primary18,Primary19,Primary20,Primary21,Primary22,Primary23
1380,4693,2537,632,654433,285429,390083,196335,606,24150,89765;Primary1,Primary2,Primary3,Primary4,Primary5,Primary6,Primary7,Primary9,Primary10,Primary11,Primary12,Primary13,Primary14,Primary15,Primary16,Primary17,Primary18,Primary19,Primary20,Primary21,Primary22,Primary23
4179,168374,649946,100529240;Primary1,Primary2,Primary3,Primary4,Primary5,Primary6,Primary7,Primary8,Primary9,Primary10,Primary11,Primary12,Primary13,Primary14,Primary15,Primary16,Primary17,Primary18,Primary19,Primary20,Primary21,Primary22,Primary23
4179,441251,100529240;Primary1,Primary2,Primary3,Primary4,Primary6,Primary7,Primary8,Primary9,Primary10,Primary11,Primary12,Primary13,Primary14,Primary15,Primary16,Primary17,Primary18,Primary19,Primary20,Primary21,Primary22,Primary23
4179,112268155,168374;Primary1,Primary2,Primary3,Primary4,Primary5,Primary6,Primary7,Primary8,Primary9,Primary11,Primary12,Primary13,Primary14,Primary15,Primary16,Primary17,Primary18,Primary19,Primary20,Primary21,Primary22,Primary23
4179,7620,649946,100529240;Primary1,Primary2,Primary3,Primary4,Primary5,Primary6,Primary7,Primary8,Primary9,Primary10,Primary11,Primary12,Primary13,Primary14,Primary15,Primary16,Primary17,Primary18,Primary19,Primary20,Primary21,Primary22,Primary23
4179,148213,168374,100529240,102723552;Primary1,Primary2,Primary3,Primary4,Primary5,Primary6,Primary7,Primary8,Primary9,Primary10,Primary11,Primary12,Primary13,Primary14,Primary15,Primary16,Primary17,Primary18,Primary19,Primary20,Primary21,Primary22,Primary23
4179,342892,168374,649946,100529240;Primary1,Primary2,Primary3,Primary5,Primary6,Primary7,Primary8,Primary9,Primary10,Primary11,Primary12,Primary13,Primary14,Primary15,Primary16,Primary17,Primary18,Primary19,Primary20,Primary21,Primary22,Primary23
4179,677831,168374,100158262;Primary1,Primary2,Primary3,Primary4,Primary5,Primary6,Primary8,Primary9,Primary10,Primary11,Primary12,Primary13,Primary14,Primary15,Primary16,Primary17,Primary18,Primary19,Primary20,Primary21,Primary22,Primary23
4179,102725051,168374,649946,100529240;Primary1,Primary2,Primary3,Primary4,Primary5,Primary6,Primary7,Primary8,Primary9,Primary10,Primary11,Primary12,Primary13,Primary14,Primary15,Primary16,Primary17,Primary18,Primary19,Primary20,Primary22,Primary23
255928,81615,100996301,27022;Primary1,Primary3,Primary4,Primary5,Primary6,Primary7,Primary8,Primary9,Primary10,Primary11,Primary12,Primary13,Primary14,Primary15,Primary16,Primary17,Primary18,Primary19,Primary20,Primary21,Primary22,Primary23
255928,1285,886,9211,3481;Primary1,Primary2,Primary3,Primary4,Primary5,Primary6,Primary7,Primary8,Primary9,Primary10,Primary11,Primary12,Primary13,Primary14,Primary15,Primary16,Primary17,Primary18,Primary19,Primary20,Primary21,Primary22,Primary23
255928,57110,222389,7546,57524,8153,3780;Primary2,Primary3,Primary4,Primary5,Primary6,Primary7,Primary8,Primary9,Primary10,Primary11,Primary12,Primary13,Primary14,Primary15,Primary16,Primary17,Primary18,Primary19,Primary20,Primary21,Primary22,Primary23
255928,441151,57524,8153,54084;Primary1,Primary2,Primary3,Primary4,Primary5,Primary6,Primary7,Primary8,Primary9,Primary10,Primary11,Primary13,Primary14,Primary15,Primary16,Primary17,Primary18,Primary19,Primary20,Primary21,Primary22,Primary23
255928,5340,1285,9211;Primary1,Primary2,Primary3,Primary4,Primary5,Primary6,Primary7,Primary8,Primary9,Primary10,Primary11,Primary12,Primary13,Primary14,Primary15,Primary16,Primary17,Primary18,Primary19,Primary20,Primary21,Primary22,Primary23
255928,222183,7203,7546,57524,8153,3780;Primary1,Primary2,Primary3,Primary4,Primary5,Primary6,Primary7,Primary8,Primary9,Primary10,Primary11,Primary12,Primary13,Primary14,Primary15,Primary16,Primary17,Primary19,Primary20,Primary21,Primary22,Primary23
255928,1080;Primary1,Primary2,Primary3,Primary4,Primary5,Primary6,Primary8,Primary9,Primary10,Primary11,Primary12,Primary13,Primary14,Primary15,Primary16,Primary17,Primary18,Primary19,Primary20,Primary21,Primary22,Primary23
255928,100506380,3207,3481;Primary1,Primary2,Primary3,Primary4,Primary5,Primary6,Primary7,Primary8,Primary9,Primary10,Primary11,Primary12,Primary13,Primary14,Primary16,Primary17,Primary18,Primary19,Primary20,Primary21,Primary22,Primary23
255928,4062,100996301,27022;Primary1,Primary2,Primary3,Primary4,Primary5,Primary6,Primary7,Primary8,Primary9,Primary10,Primary12,Primary13,Primary14,Primary15,Primary16,Primary17,Primary18,Primary19,Primary20,Primary21,Primary22,Primary23
255928,1515,10568,222183,7546,1381,57524,8153,3780;Primary1,Primary2,Primary3,Primary4,Primary5,Primary6,Primary7,Primary8,Primary9,Primary10,Primary12,Primary13,Primary14,Primary15,Primary16,Primary17,Primary18,Primary19,Primary20,Primary21,Primary22,Primary23
255928,222389,7546,57524,8153,3780;Primary1,Primary2,Primary3,Primary4,Primary5,Primary6,Primary7,Primary8,Primary9,Primary10,Primary11,Primary12,Primary13,Primary14,Primary15,Primary16,Primary17,Primary18,Primary19,Primary20,Primary21,Primary22,Primary23
255928,4892,5544,5545,7546,57524;Primary1,Primary2,Primary3,Primary4,Primary5,Primary6,Primary7,Primary8,Primary9,Primary10,Primary11,Primary12,Primary13,Primary14,Primary15,Primary16,Primary17,Primary18,Primary19,Primary20,Primary21,Primary22,Primary23
255928,5544,1285,5340;Primary1,Primary2,Primary3,Primary4,Primary5,Primary6,Primary7,Primary8,Primary9,Primary10,Primary11,Primary12,Primary13,Primary14,Primary15,Primary16,Primary17,Primary18,Primary19,Primary20,Primary21,Primary22,Primary23
255928,5545,1285,3481,5544;Primary1,Primary2,Primary3,Primary4,Primary5,Primary6,Primary7,Primary8,Primary9,Primary10,Primary11,Primary12,Primary13,Primary14,Primary15,Primary16,Primary17,Primary18,Primary19,Primary20,Primary21,Primary22,Primary23
255928,100129940,4892,7546,57524,8153;Primary1,Primary2,Primary3,Primary4,Primary5,Primary6,Primary7,Primary8,Primary10,Primary11,Primary12,Primary13,Primary14,Primary15,Primary16,Primary17,Primary18,Primary19,Primary20,Primary21,Primary22,Primary23
255928,7080,79632,1515,222389,7546,57524,8153;Primary1,Primary2,Primary3,Primary4,Primary5,Primary6,Primary7,Primary8,Primary9,Primary10,Primary11,Primary12,Primary13,Primary14,Primary16,Primary17,Primary18,Primary19,Primary20,Primary21,Primary22,Primary23
255928,767567,3207,3481,7546;Primary1,Primary2,Primary3,Primary4,Primary5,Primary6,Primary7,Primary8,Primary9,Primary10,Primary11,Primary12,Primary13,Primary15,Primary16,Primary17,Primary18,Primary19,Primary20,Primary21,Primary22,Primary23
255928,255189,1285,886,9211,3481;Primary1,Primary2,Primary3,Primary4,Primary5,Primary6,Primary7,Primary8,Primary9,Primary10,Primary11,Primary12,Primary13,Primary14,Primary15,Primary16,Primary17,Primary18,Primary19,Primary20,Primary22,Primary23
255928,246,9211;Primary1,Primary2,Primary3,Primary4,Primary5,Primary6,Primary7,Primary9,Primary10,Primary11,Primary12,Primary13,Primary14,Primary15,Primary16,Primary17,Primary18,Primary19,Primary20,Primary21,Primary22,Primary23
255928,3219,1285,5544,5545;Primary1,Primary2,Primary3,Primary4,Primary5,Primary6,Primary7,Primary8,Primary9,Primary10,Primary11,Primary12,Primary13,Primary14,Primary15,Primary16,Primary17,Primary18,Primary19,Primary20,Primary21,Primary22,Primary23
255928,2922,222389,7546,57524,8153,3780;Primary1,Primary2,Primary3,Primary4,Primary5,Primary6,Primary7,Primary8,Primary9,Primary10,Primary11,Primary12,Primary14,Primary15,Primary16,Primary17,Primary18,Primary19,Primary20,Primary21,Primary22,Primary23
255928,81832,4892,3481,767567,8153;Primary1,Primary2,Primary3,Primary4,Primary5,Primary6,Primary7,Primary8,Primary9,Primary10,Primary11,Primary12,Primary13,Primary15,Primary16,Primary17,Primary18,Primary19,Primary20,Primary21,Primary22,Primary23
255928,128674;Primary1,Primary2,Primary3,Primary4,Primary5,Primary6,Primary7,Primary8,Primary9,Primary10,Primary11,Primary12,Primary13,Primary14,Primary15,Primary16,Primary17,Primary18,Primary19,Primary20,Primary22,Primary23
255928,54084,886,9211;Primary1,Primary2,Primary3,Primary4,Primary5,Primary6,Primary7,Primary8,Primary9,Primary10,Primary11,Primary12,Primary13,Primary14,Primary15,Primary16,Primary17,Primary18,Primary19,Primary20,Primary21,Primary22,Primary23
255928,84700,886,9211,54084;Primary1,Primary2,Primary3,Primary4,Primary5,Primary6,Primary7,Primary8,Primary9,Primary10,Primary11,Primary12,Primary13,Primary14,Primary16,Primary17,Primary18,Primary19,Primary20,Primary21,Primary22,Primary23
406969,151531,285989;Primary1,Primary2,Primary3,Primary4,Primary5,Primary6,Primary7,Primary8,Primary9,Primary10,Primary11,Primary12,Primary13,Primary14,Primary15,Primary16,Primary17,Primary18,Primary19,Primary20,Primary21,Primary22,Primary23
406969,6332,79098,388743,105373265,112268422,33,4057,201625,11148,131873,645843,200879,306,105180390,641776,105180391,102723849,65217,3856,113218482,112268252,105372793,6523;Primary2,Primary3,Primary4,Primary5,Primary6,Primary7,Primary8,Primary9,Primary10,Primary11,Primary12,Primary13,Primary14,Primary15,Primary16,Primary17,Primary18,Primary19,Primary20,Primary21,Primary22,Primary23
406969,1285,105373265,112268422,33,65217,60494,767566,388555;Primary1,Primary2,Primary3,Primary4,Primary5,Primary6,Primary7,Primary8,Primary9,Primary10,Primary12,Primary13,Primary14,Primary15,Primary16,Primary17,Primary18,Primary19,Primary20,Primary21,Primary22,Primary23
406969,51185,285989;Primary1,Primary2,Primary3,Primary4,Primary6,Primary7,Primary8,Primary9,Primary10,Primary11,Primary12,Primary13,Primary14,Primary15,Primary16,Primary17,Primary18,Primary19,Primary20,Primary21,Primary22,Primary23
406969,51554,112268422,201625,645843,200879,102723849,341676,105372793;Primary1,Primary2,Primary3,Primary4,Primary6,Primary7,Primary8,Primary9,Primary10,Primary11,Primary12,Primary13,Primary14,Primary15,Primary16,Primary17,Primary18,Primary19,Primary20,Primary21,Primary22,Primary23
406969,57575,100033436;Primary1,Primary2,Primary3,Primary4,Primary5,Primary7,Primary8,Primary9,Primary10,Primary11,Primary12,Primary13,Primary14,Primary15,Primary16,Primary17,Primary18,Primary19,Primary20,Primary21,Primary22,Primary23
406969,1767,388743,4057,645843,728643,3856,113218482,4680,112268252;Primary2,Primary3,Primary4,Primary5,Primary6,Primary7,Primary8,Primary9,Primary10,Primary11,Primary12,Primary13,Primary14,Primary15,Primary16,Primary17,Primary18,Primary19,Primary20,Primary21,Primary22,Primary23
406969,105180390,79098,388743,105373265,112268422,33,4057,201625,11148,131873,645843,200879,306,641776,105180391,102723849,728643,65217,3856,113218482,112268252,105372793,6523,2277;Primary1,Primary2,Primary3,Primary4,Primary5,Primary6,Primary8,Primary9,Primary10,Primary11,Primary12,Primary13,Primary14,Primary15,Primary16,Primary17,Primary18,Primary19,Primary20,Primary21,Primary22,Primary23
406969,100302170;Primary1,Primary2,Primary3,Primary4,Primary5,Primary6,Primary7,Primary8,Primary9,Primary10,Primary11,Primary12,Primary13,Primary14,Primary16,Primary17,Primary18,Primary19,Primary20,Primary21,Primary22,Primary23
406969,619383,388743,33,645843,200879,641776,105180391,102723849,112268252,105372793;Primary1,Primary2,Primary3,Primary4,Primary5,Primary6,Primary7,Primary8,Primary9,Primary11,Primary12,Primary13,Primary14,Primary15,Primary16,Primary17,Primary18,Primary19,Primary20,Primary21,Primary22,Primary23
406969,399949,112268422,33,4057,11148,131873,200879,306,285989,65217,60494,112268252,105372793,2277;Primary1,Primary2,Primary3,Primary4,Primary5,Primary6,Primary7,Primary8,Primary9,Primary11,Primary12,Primary13,Primary14,Primary15,Primary16,Primary17,Primary18,Primary19,Primary20,Primary21,Primary22,Primary23
406969,6337,388743,645843,641776,105180391,3856,112268252;Primary1,Primary2,Primary3,Primary4,Primary5,Primary6,Primary7,Primary8,Primary9,Primary10,Primary11,Primary12,Primary13,Primary14,Primary15,Primary16,Primary17,Primary18,Primary19,Primary20,Primary21,Primary22,Primary23
406969,8091,79098,388743,105373265,112268422,33,4057,201625,11148,131873,645843,200879,306,102723849,728643,65217,3856,113218482,112268252,388555,105372793,6523;Primary1,Primary2,Primary3,Primary4,Primary5,Primary6,Primary7,Primary8,Primary9,Primary10,Primary11,Primary13,Primary14,Primary15,Primary16,Primary17,Primary18,Primary19,Primary20,Primary21,Primary22,Primary23
406969,103504738,79098,388743,105373265,112268422,33,4057,201625,11148,131873,645843,200879,306,105180390,641776,105180391,102723849,65217,3856,113218482,94025,112268252,105372793,6523;Primary1,Primary2,Primary3,Primary5,Primary6,Primary7,Primary8,Primary9,Primary10,Primary11,Primary12,Primary13,Primary14,Primary15,Primary16,Primary17,Primary18,Primary19,Primary20,Primary21,Primary22,Primary23
406969,21,100033436;Primary1,Primary2,Primary3,Primary4,Primary5,Primary7,Primary8,Primary9,Primary10,Primary11,Primary12,Primary13,Primary14,Primary15,Primary16,Primary17,Primary18,Primary19,Primary20,Primary21,Primary22,Primary23
406969,2125,79098,105373265,112268422,33,4057,11148,131873,200879,306,102723849,728643,60494,3856,113218482,767566,112268252,388555,105372793,6523;Primary1,Primary2,Primary3,Primary4,Primary5,Primary6,Primary7,Primary8,Primary9,Primary10,Primary11,Primary12,Primary13,Primary14,Primary15,Primary17,Primary18,Primary19,Primary20,Primary21,Primary22,Primary23
406969,5349,388743,105180390,641776,105180391;Primary1,Primary2,Primary3,Primary4,Primary5,Primary6,Primary7,Primary9,Primary10,Primary11,Primary12,Primary13,Primary14,Primary15,Primary16,Primary17,Primary18,Primary19,Primary20,Primary21,Primary22,Primary23
406969,84765,60494;Primary1,Primary2,Primary3,Primary4,Primary5,Primary6,Primary7,Primary8,Primary9,Primary10,Primary11,Primary12,Primary13,Primary14,Primary15,Primary16,Primary17,Primary18,Primary19,Primary21,Primary22,Primary23
406969,692213,131873,728643;Primary1,Primary2,Primary3,Primary4,Primary5,Primary6,Primary7,Primary8,Primary9,Primary11,Primary12,Primary13,Primary14,Primary15,Primary16,Primary17,Primary18,Primary19,Primary20,Primary21,Primary22,Primary23
406969,389852,112268422,200879,341676,105372793,2277;Primary1,Primary2,Primary3,Primary4,Primary5,Primary6,Primary7,Primary9,Primary10,Primary11,Primary12,Primary13,Primary14,Primary15,Primary16,Primary17,Primary18,Primary19,Primary20,Primary21,Primary22,Primary23
406969,102723508,79098,105373265,112268422,4057,201625,11148,131873,200879,306,728643,60494,3856,113218482,767566,4680,112268252,105372793,6523;Primary1,Primary2,Primary3,Primary4,Primary5,Primary6,Primary7,Primary8,Primary9,Primary10,Primary11,Primary12,Primary13,Primary14,Primary16,Primary17,Primary18,Primary19,Primary20,Primary21,Primary22,Primary23
388743,6332,33,11148,131873,645843,200879,306,102723849,120892,100652781,6523;Primary1,Primary2,Primary3,Primary4,Primary5,Primary6,Primary7,Primary8,Primary9,Primary10,Primary11,Primary12,Primary13,Primary14,Primary15,Primary16,Primary17,Primary18,Primary19,Primary20,Primary21,Primary22,Primary23
388743,1767,5349,4680;Primary1,Primary2,Primary3,Primary4,Primary5,Primary6,Primary7,Primary8,Primary9,Primary10,Primary11,Primary12,Primary13,Primary14,Primary15,Primary16,Primary17,Primary18,Primary19,Primary20,Primary21,Primary22,Primary23
388743,1577,112268422,33,4057,201625,11148,645843,200879,306,105180390,641776,105180391,102723849,6337,341676,100652781,94025,112268252,105372793;Primary1,Primary2,Primary3,Primary4,Primary5,Primary6,Primary7,Primary8,Primary9,Primary10,Primary11,Primary12,Primary13,Primary14,Primary16,Primary17,Primary18,Primary19,Primary20,Primary21,Primary22,Primary23
388743,10071,999,5349;Primary1,Primary2,Primary3,Primary4,Primary5,Primary7,Primary8,Primary9,Primary10,Primary11,Primary12,Primary13,Primary14,Primary15,Primary16,Primary17,Primary18,Primary19,Primary20,Primary21,Primary22,Primary23
388743,378938,201625,11148,645843,105180390,641776,105180391,102723849,109136579,440352,503645;Primary1,Primary2,Primary3,Primary4,Primary5,Primary6,Primary7,Primary8,Primary9,Primary10,Primary11,Primary12,Primary13,Primary15,Primary16,Primary17,Primary18,Primary19,Primary20,Primary21,Primary22,Primary23
388743,120892,112268422,33,4057,201625,11148,131873,645843,200879,306,105180390,102723849,3856,113218482,100652781,94025,112268252,105372793,6523;Primary1,Primary2,Primary3,Primary4,Primary5,Primary6,Primary7,Primary8,Primary9,Primary10,Primary11,Primary12,Primary13,Primary14,Primary15,Primary16,Primary17,Primary18,Primary19,Primary20,Primary21,Primary22,Primary23
388743,341676,79098,406969,105373265,112268422,33,4057,201625,11148,645843,200879,306,105180390,641776,105180391,102723849,65217,6337,113218482,94025,4680,112268252,105372793;Primary1,Primary2,Primary3,Primary4,Primary5,Primary6,Primary7,Primary8,Primary9,Primary10,Primary11,Primary12,Primary13,Primary14,Primary16,Primary17,Primary18,Primary19,Primary20,Primary21,Primary22,Primary23
388743,100652781,105373265,112268422,33,4057,201625,11148,131873,645843,200879,306,105180390,641776,105180391,102723849,3856,113218482,94025,112268252,105372793,6523;Primary1,Primary2,Primary3,Primary4,Primary5,Primary6,Primary7,Primary8,Primary9,Primary10,Primary11,Primary12,Primary13,Primary14,Primary15,Primary16,Primary17,Primary18,Primary19,Primary20,Primary21,Primary22,Primary23
388743,146177,6332,33,131873,200879,120892,3856,5349,6523;Primary1,Primary2,Primary3,Primary4,Primary5,Primary6,Primary7,Primary8,Primary9,Primary10,Primary11,Primary12,Primary13,Primary14,Primary16,Primary17,Primary18,Primary19,Primary20,Primary21,Primary22,Primary23
388743,440352,105373265,33,201625,11148,645843,105180390,641776,105180391,102723849,6337,100652781,503645,5349,6523;Primary1,Primary2,Primary3,Primary4,Primary5,Primary6,Primary7,Primary8,Primary9,Primary10,Primary11,Primary12,Primary13,Primary14,Primary16,Primary17,Primary18,Primary19,Primary20,Primary21,Primary22,Primary23
388743,503645,105373265,112268422,33,4057,201625,11148,645843,200879,105180390,641776,105180391,102723849,113218482,100652781,112268252,105372793,6523;Primary1,Primary2,Primary3,Primary4,Primary5,Primary6,Primary7,Primary8,Primary9,Primary10,Primary11,Primary12,Primary13,Primary14,Primary15,Primary16,Primary17,Primary18,Primary19,Primary20,Primary21,Primary22,Primary23
388743,503640,6332,200879,120892,100652781,503645,284434,6523;Primary1,Primary2,Primary3,Primary4,Primary5,Primary6,Primary7,Primary8,Primary9,Primary10,Primary11,Primary12,Primary13,Primary14,Primary16,Primary17,Primary18,Primary19,Primary20,Primary21,Primary22,Primary23
388743,163131,105373265,112268422,33,4057,11148,131873,200879,306,105180390,641776,105180391,102723849,65217,6337,3856,113218482,94025,4680,112268252,105372793;Primary1,Primary2,Primary3,Primary4,Primary5,Primary6,Primary7,Primary8,Primary9,Primary10,Primary11,Primary12,Primary13,Primary14,Primary16,Primary17,Primary18,Primary19,Primary20,Primary21,Primary22,Primary23
388743,284323,33,11148,306,105180390,641776,105180391,102723849,1577,6337,341676,100652781,163131;Primary1,Primary2,Primary3,Primary4,Primary5,Primary6,Primary7,Primary8,Primary9,Primary10,Primary11,Primary12,Primary13,Primary14,Primary16,Primary17,Primary18,Primary19,Primary20,Primary21,Primary22,Primary23
388743,388555,79098,406969,105373265,112268422,33,4057,201625,11148,131873,200879,306,105180390,641776,105180391,102723849,65217,6337,3856,113218482,4680,112268252,105372793,6523;Primary1,Primary2,Primary3,Primary4,Primary5,Primary6,Primary7,Primary8,Primary9,Primary10,Primary11,Primary12,Primary13,Primary14,Primary16,Primary17,Primary18,Primary19,Primary20,Primary21,Primary22,Primary23
388743,79784,4680;Primary1,Primary2,Primary3,Primary4,Primary5,Primary6,Primary7,Primary8,Primary9,Primary10,Primary12,Primary13,Primary14,Primary15,Primary16,Primary17,Primary18,Primary19,Primary20,Primary21,Primary22,Primary23
388743,2277,79098,406969,105373265,112268422,6332,33,4057,201625,11148,131873,645843,200879,306,641776,105180391,102723849,65217,3856,113218482,112268252,105372793,6523;Primary2,Primary3,Primary4,Primary5,Primary6,Primary7,Primary8,Primary9,Primary10,Primary11,Primary12,Primary13,Primary14,Primary15,Primary16,Primary17,Primary18,Primary19,Primary20,Primary21,Primary22,Primary23
6262,56896,100419743,7060,105,6441,441581,6751,1381,4222,57526,340596;Primary1,Primary2,Primary3,Primary4,Primary5,Primary6,Primary7,Primary9,Primary10,Primary11,Primary12,Primary13,Primary14,Primary15,Primary16,Primary17,Primary18,Primary19,Primary20,Primary21,Primary22,Primary23
6262,100130449,3880;Primary1,Primary2,Primary3,Primary4,Primary5,Primary6,Primary7,Primary8,Primary9,Primary10,Primary11,Primary13,Primary14,Primary15,Primary16,Primary17,Primary18,Primary19,Primary20,Primary21,Primary22,Primary23
6262,10586,7060,105,6441,441581,6751,1381,57526,340596;Primary1,Primary2,Primary3,Primary5,Primary6,Primary7,Primary8,Primary9,Primary10,Primary11,Primary12,Primary13,Primary14,Primary15,Primary16,Primary17,Primary18,Primary19,Primary20,Primary21,Primary22,Primary23
6262,7060,105,6441,6751,1381,4222,57526,340596;Primary1,Primary2,Primary3,Primary4,Primary5,Primary6,Primary7,Primary8,Primary9,Primary10,Primary11,Primary12,Primary13,Primary14,Primary15,Primary16,Primary17,Primary18,Primary19,Primary20,Primary21,Primary22,Primary23
6262,222389,2065;Primary1,Primary2,Primary3,Primary4,Primary5,Primary6,Primary8,Primary9,Primary10,Primary11,Primary12,Primary13,Primary14,Primary15,Primary16,Primary17,Primary18,Primary19,Primary20,Primary21,Primary22,Primary23
6262,9211,7060,105,6441,1028,6751,1381,4222,57526,340596;Primary1,Primary2,Primary3,Primary4,Primary5,Primary6,Primary7,Primary8,Primary9,Primary10,Primary12,Primary13,Primary14,Primary15,Primary16,Primary17,Primary18,Primary19,Primary20,Primary21,Primary22,Primary23
6262,5544,7060,105,6441,1028,5545,6751,1381,4222,57526,340596;Primary1,Primary2,Primary3,Primary4,Primary5,Primary6,Primary7,Primary8,Primary9,Primary10,Primary12,Primary13,Primary14,Primary15,Primary16,Primary17,Primary18,Primary19,Primary20,Primary21,Primary22,Primary23
6262,5545,7060,4222,340596;Primary1,Primary2,Primary3,Primary4,Primary5,Primary6,Primary7,Primary8,Primary9,Primary10,Primary11,Primary12,Primary13,Primary14,Primary15,Primary16,Primary17,Primary18,Primary19,Primary20,Primary21,Primary22,Primary23
6262,2065,7060,105,6751,1381,4222,57526;Primary1,Primary2,Primary3,Primary4,Primary5,Primary6,Primary7,Primary8,Primary9,Primary10,Primary11,Primary12,Primary13,Primary14,Primary15,Primary16,Primary17,Primary18,Primary19,Primary20,Primary21,Primary22,Primary23
6262,3880,1999,340267;Primary1,Primary2,Primary3,Primary4,Primary5,Primary6,Primary7,Primary8,Primary9,Primary10,Primary11,Primary13,Primary14,Primary15,Primary16,Primary17,Primary18,Primary19,Primary20,Primary21,Primary22,Primary23
6262,3219,5545;Primary1,Primary2,Primary3,Primary4,Primary5,Primary6,Primary7,Primary8,Primary9,Primary10,Primary12,Primary13,Primary14,Primary15,Primary16,Primary17,Primary18,Primary19,Primary20,Primary21,Primary22,Primary23
6262,1556,1999,10129;Primary1,Primary2,Primary3,Primary4,Primary5,Primary6,Primary7,Primary8,Primary9,Primary10,Primary11,Primary13,Primary14,Primary15,Primary16,Primary17,Primary18,Primary19,Primary20,Primary21,Primary22,Primary23
116228,51554,51185;Primary1,Primary2,Primary3,Primary4,Primary5,Primary6,Primary7,Primary8,Primary9,Primary10,Primary11,Primary12,Primary13,Primary14,Primary16,Primary17,Primary18,Primary19,Primary20,Primary21,Primary22,Primary23
116228,195814,10071,114569,83481,22943,22941,3229,28984,7080,999,284111,64073;Primary1,Primary2,Primary4,Primary5,Primary6,Primary7,Primary8,Primary9,Primary10,Primary11,Primary12,Primary13,Primary14,Primary15,Primary16,Primary17,Primary18,Primary19,Primary20,Primary21,Primary22,Primary23
116228,6337,276,277,278,9228,5349,4680;Primary1,Primary2,Primary4,Primary5,Primary6,Primary7,Primary8,Primary9,Primary10,Primary11,Primary12,Primary13,Primary14,Primary15,Primary16,Primary17,Primary18,Primary19,Primary20,Primary21,Primary22,Primary23
116228,387882,277,10071,9228,114569,22943,22941,28984,7080,284111,50964,64073;Primary1,Primary2,Primary4,Primary5,Primary6,Primary7,Primary8,Primary9,Primary10,Primary11,Primary12,Primary13,Primary14,Primary15,Primary16,Primary17,Primary18,Primary19,Primary20,Primary21,Primary22,Primary23
116228,341676,105372793;Primary1,Primary2,Primary3,Primary4,Primary5,Primary6,Primary7,Primary8,Primary9,Primary10,Primary11,Primary12,Primary13,Primary14,Primary16,Primary17,Primary18,Primary19,Primary20,Primary21,Primary22,Primary23
116228,7080,277,10071,9228,114569,83481,22943,22941,28984,999,284111,64073,6473;Primary1,Primary2,Primary4,Primary5,Primary6,Primary7,Primary8,Primary9,Primary10,Primary11,Primary12,Primary13,Primary14,Primary15,Primary16,Primary17,Primary18,Primary19,Primary20,Primary21,Primary22,Primary23
116228,100033436,9228;Primary1,Primary2,Primary3,Primary4,Primary5,Primary6,Primary7,Primary8,Primary9,Primary10,Primary11,Primary12,Primary13,Primary14,Primary15,Primary16,Primary17,Primary18,Primary19,Primary20,Primary21,Primary22,Primary23
116228,55567,10071,195814,114569,22943,22941,3229,7080,999,284111,64073;Primary1,Primary2,Primary4,Primary5,Primary6,Primary7,Primary8,Primary9,Primary10,Primary11,Primary12,Primary13,Primary14,Primary15,Primary16,Primary17,Primary18,Primary19,Primary20,Primary21,Primary22,Primary23
116228,999,276,277,278,10071,9228,22943,22941,284111,64073;Primary1,Primary2,Primary4,Primary5,Primary6,Primary7,Primary8,Primary9,Primary10,Primary11,Primary12,Primary13,Primary14,Primary15,Primary16,Primary17,Primary18,Primary19,Primary20,Primary21,Primary22,Primary23
116228,400578,619383;Primary1,Primary2,Primary3,Primary4,Primary5,Primary6,Primary7,Primary8,Primary9,Primary10,Primary11,Primary12,Primary13,Primary14,Primary16,Primary17,Primary18,Primary19,Primary20,Primary21,Primary22,Primary23
116228,50964,277,10071,9228,114569,83481,22943,22941,28984,7080,284111,64073;Primary1,Primary2,Primary4,Primary5,Primary6,Primary7,Primary8,Primary9,Primary10,Primary11,Primary12,Primary13,Primary14,Primary15,Primary16,Primary17,Primary18,Primary19,Primary20,Primary21,Primary22,Primary23
116228,5349,276,277,278,10071,9228,999;Primary1,Primary2,Primary4,Primary5,Primary6,Primary7,Primary8,Primary9,Primary10,Primary11,Primary12,Primary13,Primary14,Primary15,Primary16,Primary17,Primary18,Primary19,Primary20,Primary21,Primary22,Primary23
116228,3960,277,10071,9228,114569,22943,22941,28984,5346,284111,64073;Primary2,Primary3,Primary4,Primary5,Primary6,Primary7,Primary8,Primary9,Primary10,Primary11,Primary12,Primary13,Primary14,Primary15,Primary16,Primary17,Primary18,Primary19,Primary20,Primary21,Primary22,Primary23
116228,105372793,51554,389852;Primary1,Primary2,Primary3,Primary4,Primary5,Primary6,Primary7,Primary8,Primary9,Primary10,Primary11,Primary12,Primary13,Primary14,Primary16,Primary17,Primary18,Primary19,Primary20,Primary21,Primary22,Primary23
116228,6473,276,277,10071,9228,22943,22941,999,284111,64073;Primary1,Primary2,Primary4,Primary5,Primary6,Primary7,Primary8,Primary9,Primary10,Primary11,Primary12,Primary13,Primary14,Primary15,Primary16,Primary17,Primary18,Primary19,Primary20,Primary21,Primary22,Primary23
116228,102723382,341676;Primary1,Primary2,Primary3,Primary4,Primary5,Primary6,Primary7,Primary8,Primary9,Primary10,Primary11,Primary12,Primary13,Primary14,Primary16,Primary17,Primary18,Primary19,Primary20,Primary21,Primary22,Primary23
105373265,26084,112268422,4057,131873,306,728643,767566,388555;Primary1,Primary2,Primary3,Primary5,Primary6,Primary7,Primary8,Primary9,Primary10,Primary11,Primary12,Primary13,Primary14,Primary15,Primary16,Primary17,Primary18,Primary19,Primary20,Primary21,Primary22,Primary23
105373265,285989,79098,406969,112268422,33,4057,201625,11148,131873,645843,200879,306,102723849,728643,65217,60494,3856,113218482,112268252,105372793,6523,2277;Primary1,Primary2,Primary3,Primary4,Primary5,Primary6,Primary7,Primary8,Primary9,Primary11,Primary12,Primary13,Primary14,Primary15,Primary16,Primary17,Primary18,Primary19,Primary20,Primary21,Primary22,Primary23
105373265,1577,112268422,33,4057,201625,11148,131873,200879,306,105180390,641776,105180391,102723849,65217,341676,94025,163131,388555,105372793;Primary1,Primary2,Primary3,Primary4,Primary5,Primary6,Primary7,Primary8,Primary9,Primary10,Primary11,Primary13,Primary14,Primary15,Primary16,Primary17,Primary18,Primary19,Primary20,Primary21,Primary22,Primary23
105373265,100302170,33,4057,201625,11148,645843,102723849,113218482,100652781,112268252,6523;Primary1,Primary2,Primary3,Primary4,Primary5,Primary6,Primary7,Primary9,Primary10,Primary11,Primary12,Primary13,Primary14,Primary15,Primary16,Primary17,Primary18,Primary19,Primary20,Primary21,Primary22,Primary23
105373265,693188,131873,728643,8091,767566,388555;Primary1,Primary2,Primary3,Primary4,Primary5,Primary6,Primary7,Primary8,Primary9,Primary11,Primary12,Primary13,Primary14,Primary15,Primary16,Primary17,Primary18,Primary19,Primary20,Primary21,Primary22,Primary23
105373265,120892,79098,388743,112268422,33,4057,201625,11148,131873,200879,306,102723849,3856,113218482,100652781,94025,112268252,388555,105372793,6523;Primary1,Primary2,Primary3,Primary4,Primary5,Primary6,Primary7,Primary8,Primary9,Primary10,Primary11,Primary13,Primary14,Primary15,Primary16,Primary17,Primary18,Primary19,Primary20,Primary21,Primary22,Primary23
105373265,440352,33,201625,11148,645843,105180390,641776,105180391,102723849,100652781,503645;Primary1,Primary2,Primary3,Primary4,Primary5,Primary6,Primary7,Primary8,Primary9,Primary10,Primary11,Primary12,Primary13,Primary14,Primary15,Primary16,Primary17,Primary18,Primary19,Primary20,Primary21,Primary22,Primary23
105373265,503640,112268422,6332,33,4057,201625,11148,131873,645843,200879,306,102723849,120892,3856,113218482,100652781,112268252,105372793,6523,2277;Primary2,Primary3,Primary4,Primary5,Primary6,Primary7,Primary8,Primary9,Primary10,Primary11,Primary12,Primary13,Primary14,Primary15,Primary16,Primary17,Primary18,Primary19,Primary20,Primary21,Primary22,Primary23
105373265,116844,79098,4057,201625,11148,200879,728643,3856,113218482,112268252;Primary1,Primary2,Primary3,Primary4,Primary5,Primary6,Primary7,Primary8,Primary9,Primary10,Primary11,Primary12,Primary13,Primary14,Primary15,Primary16,Primary17,Primary18,Primary19,Primary20,Primary21,Primary22
105373265,284434,79098,112268422,6332,33,4057,201625,11148,645843,200879,105180390,641776,105180391,102723849,120892,113218482,341676,100652781,503645,112268252,105372793;Primary2,Primary3,Primary4,Primary5,Primary6,Primary7,Primary8,Primary9,Primary10,Primary11,Primary12,Primary13,Primary14,Primary15,Primary16,Primary17,Primary18,Primary19,Primary20,Primary21,Primary22,Primary23
105373265,163131,112268422,33,4057,11148,131873,200879,306,105180390,641776,105180391,102723849,65217,3856,113218482,94025,112268252;Primary1,Primary2,Primary3,Primary4,Primary5,Primary6,Primary7,Primary8,Primary9,Primary10,Primary11,Primary12,Primary13,Primary14,Primary15,Primary16,Primary17,Primary18,Primary19,Primary20,Primary21,Primary22,Primary23
56896,654412,100419743,160728,246;Primary1,Primary2,Primary3,Primary4,Primary5,Primary6,Primary7,Primary8,Primary9,Primary10,Primary11,Primary12,Primary13,Primary14,Primary15,Primary16,Primary17,Primary18,Primary19,Primary20,Primary21,Primary22,Primary23
56896,401089,100419743,1515,388327;Primary1,Primary2,Primary3,Primary4,Primary5,Primary6,Primary7,Primary8,Primary9,Primary10,Primary11,Primary12,Primary13,Primary14,Primary15,Primary16,Primary17,Primary18,Primary19,Primary20,Primary21,Primary22,Primary23
56896,10586,57111,10568,448831,100419743,7060,105,6441,4892,441581,1028,6751,1381,57524,4222,57526,340596;Primary1,Primary2,Primary3,Primary4,Primary5,Primary6,Primary7,Primary9,Primary10,Primary11,Primary12,Primary13,Primary14,Primary15,Primary16,Primary17,Primary18,Primary19,Primary20,Primary21,Primary22,Primary23
56896,9771,448831,100419743,7060,105,441581,6751,1381,4222;Primary1,Primary2,Primary3,Primary4,Primary5,Primary6,Primary7,Primary9,Primary10,Primary11,Primary12,Primary13,Primary14,Primary15,Primary16,Primary17,Primary18,Primary19,Primary20,Primary21,Primary22,Primary23
56896,222183,57111,10568,100419743,7060,1515,105,6441,4892,441581,1028,7546,6751,1381,57524,4222,2627,3780,340596;Primary1,Primary2,Primary3,Primary4,Primary5,Primary6,Primary7,Primary9,Primary10,Primary11,Primary12,Primary13,Primary14,Primary15,Primary16,Primary17,Primary18,Primary19,Primary20,Primary21,Primary22,Primary23
56896,4062,401089,100419743,1515,3780;Primary1,Primary2,Primary3,Primary4,Primary5,Primary6,Primary7,Primary8,Primary9,Primary10,Primary11,Primary12,Primary13,Primary14,Primary15,Primary16,Primary17,Primary18,Primary19,Primary21,Primary22,Primary23
56896,222389,1515,57524,3780;Primary1,Primary2,Primary3,Primary4,Primary5,Primary7,Primary8,Primary9,Primary10,Primary11,Primary12,Primary13,Primary14,Primary15,Primary16,Primary17,Primary18,Primary19,Primary20,Primary21,Primary22,Primary23
56896,9118,100419743,1515,399726,388327;Primary1,Primary2,Primary3,Primary4,Primary5,Primary6,Primary7,Primary8,Primary9,Primary10,Primary11,Primary12,Primary13,Primary14,Primary15,Primary16,Primary17,Primary18,Primary19,Primary21,Primary22,Primary23
56896,84867,1286,100419743,246;Primary1,Primary2,Primary3,Primary4,Primary5,Primary6,Primary7,Primary8,Primary9,Primary10,Primary11,Primary12,Primary13,Primary14,Primary15,Primary17,Primary18,Primary19,Primary20,Primary21,Primary22,Primary23
56896,1132,1286;Primary1,Primary2,Primary3,Primary5,Primary6,Primary7,Primary8,Primary9,Primary10,Primary11,Primary12,Primary13,Primary14,Primary15,Primary16,Primary17,Primary18,Primary19,Primary20,Primary21,Primary22,Primary23
56896,5544,100419743,1515,4892,1028,5545,7546,57524,8153,4222,3780,340596;Primary1,Primary2,Primary3,Primary4,Primary5,Primary6,Primary7,Primary9,Primary10,Primary11,Primary12,Primary13,Primary14,Primary15,Primary16,Primary17,Primary18,Primary19,Primary20,Primary21,Primary22,Primary23
56896,5545,6262,100419743,7060,4222,340596;Primary1,Primary2,Primary3,Primary4,Primary5,Primary6,Primary7,Primary9,Primary10,Primary11,Primary12,Primary13,Primary14,Primary15,Primary16,Primary17,Primary18,Primary19,Primary20,Primary21,Primary22,Primary23
56896,7080,401089,100419743,1515,399726,3780;Primary1,Primary2,Primary3,Primary4,Primary5,Primary6,Primary7,Primary8,Primary9,Primary10,Primary11,Primary12,Primary13,Primary14,Primary16,Primary17,Primary18,Primary19,Primary20,Primary21,Primary22,Primary23
56896,57524,1515,399726,3780;Primary1,Primary2,Primary3,Primary4,Primary5,Primary6,Primary7,Primary8,Primary9,Primary10,Primary11,Primary12,Primary13,Primary14,Primary15,Primary16,Primary17,Primary18,Primary19,Primary20,Primary21,Primary22,Primary23
56896,21,1286,100419743,5225,114569,11081,160728,246,284111,27134;Primary1,Primary2,Primary3,Primary4,Primary5,Primary6,Primary7,Primary8,Primary9,Primary10,Primary11,Primary12,Primary13,Primary14,Primary16,Primary17,Primary18,Primary19,Primary20,Primary21,Primary22,Primary23
56896,253982,79740,100419743,5225,11081,160728,100033430,246,27134,4861;Primary1,Primary2,Primary3,Primary4,Primary5,Primary6,Primary8,Primary9,Primary10,Primary11,Primary12,Primary13,Primary14,Primary15,Primary16,Primary17,Primary18,Primary19,Primary20,Primary21,Primary22,Primary23
56896,3780,401089,100419743,1515;Primary1,Primary2,Primary3,Primary4,Primary5,Primary6,Primary7,Primary8,Primary9,Primary10,Primary11,Primary12,Primary13,Primary14,Primary15,Primary16,Primary17,Primary18,Primary19,Primary20,Primary21,Primary22,Primary23
56896,4861,100419743,5225,100302161,11081,160728,246,27134;Primary1,Primary2,Primary3,Primary4,Primary5,Primary6,Primary7,Primary8,Primary9,Primary10,Primary11,Primary12,Primary13,Primary14,Primary15,Primary16,Primary17,Primary18,Primary19,Primary20,Primary21,Primary22,Primary23
56896,728226,100419743,5225,11081,160728,246,27134;Primary1,Primary2,Primary3,Primary4,Primary5,Primary6,Primary7,Primary8,Primary9,Primary10,Primary11,Primary13,Primary14,Primary15,Primary16,Primary17,Primary18,Primary19,Primary20,Primary21,Primary22,Primary23
692209,406903;Primary1,Primary2,Primary3,Primary4,Primary5,Primary6,Primary7,Primary8,Primary9,Primary10,Primary11,Primary12,Primary13,Primary14,Primary15,Primary16,Primary17,Primary18,Primary19,Primary20,Primary21,Primary22,Primary23
692209,27283,406903;Primary1,Primary3,Primary4,Primary5,Primary6,Primary7,Primary8,Primary9,Primary10,Primary11,Primary12,Primary13,Primary14,Primary15,Primary16,Primary17,Primary18,Primary19,Primary20,Primary21,Primary22,Primary23
692209,387882;Primary1,Primary2,Primary3,Primary4,Primary5,Primary6,Primary7,Primary8,Primary9,Primary10,Primary11,Primary12,Primary13,Primary14,Primary16,Primary17,Primary18,Primary19,Primary20,Primary21,Primary22,Primary23
692209,100506686;Primary1,Primary2,Primary3,Primary5,Primary6,Primary7,Primary8,Primary9,Primary10,Primary11,Primary12,Primary13,Primary14,Primary15,Primary16,Primary17,Primary18,Primary19,Primary20,Primary21,Primary22,Primary23
692209,246100,406903,1485;Primary1,Primary2,Primary3,Primary4,Primary5,Primary6,Primary7,Primary8,Primary9,Primary10,Primary11,Primary12,Primary14,Primary15,Primary16,Primary17,Primary18,Primary19,Primary20,Primary21,Primary22,Primary23
165186,130367;Primary1,Primary2,Primary3,Primary4,Primary5,Primary6,Primary7,Primary8,Primary9,Primary10,Primary12,Primary13,Primary14,Primary15,Primary16,Primary17,Primary18,Primary19,Primary20,Primary21,Primary22,Primary23
165186,101929066;Primary1,Primary2,Primary3,Primary4,Primary5,Primary6,Primary7,Primary8,Primary9,Primary10,Primary11,Primary12,Primary13,Primary14,Primary15,Primary17,Primary18,Primary19,Primary20,Primary21,Primary22,Primary23
165186,4586;Primary1,Primary2,Primary3,Primary4,Primary5,Primary6,Primary7,Primary9,Primary10,Primary11,Primary12,Primary13,Primary14,Primary15,Primary16,Primary17,Primary18,Primary19,Primary20,Primary21,Primary22,Primary23
130271,692058,400578;Primary1,Primary2,Primary3,Primary5,Primary6,Primary7,Primary8,Primary9,Primary10,Primary11,Primary12,Primary13,Primary14,Primary15,Primary16,Primary17,Primary18,Primary19,Primary20,Primary21,Primary22,Primary23
130271,100130449,692058,400578;Primary1,Primary2,Primary3,Primary4,Primary5,Primary6,Primary7,Primary9,Primary10,Primary11,Primary12,Primary13,Primary14,Primary15,Primary16,Primary17,Primary18,Primary19,Primary20,Primary21,Primary22,Primary23
130271,55892,7620,100529240;Primary1,Primary2,Primary3,Primary4,Primary5,Primary6,Primary8,Primary9,Primary10,Primary11,Primary12,Primary13,Primary14,Primary15,Primary16,Primary17,Primary18,Primary19,Primary20,Primary21,Primary22,Primary23
130271,4585,56955,340267,10129,3880;Primary1,Primary2,Primary3,Primary4,Primary6,Primary7,Primary8,Primary9,Primary10,Primary11,Primary12,Primary13,Primary14,Primary15,Primary16,Primary17,Primary18,Primary19,Primary20,Primary21,Primary22,Primary23
130271,56955,340267,3880;Primary1,Primary2,Primary3,Primary4,Primary5,Primary6,Primary7,Primary8,Primary9,Primary10,Primary11,Primary12,Primary13,Primary14,Primary15,Primary16,Primary17,Primary18,Primary19,Primary20,Primary21,Primary22,Primary23
130271,102723849,1577;Primary1,Primary2,Primary3,Primary4,Primary5,Primary7,Primary8,Primary9,Primary10,Primary11,Primary12,Primary13,Primary14,Primary15,Primary16,Primary17,Primary18,Primary19,Primary20,Primary21,Primary22,Primary23
130271,10071,56955,340267,3880;Primary1,Primary2,Primary3,Primary4,Primary5,Primary6,Primary7,Primary8,Primary9,Primary10,Primary11,Primary12,Primary13,Primary14,Primary16,Primary17,Primary18,Primary19,Primary20,Primary21,Primary22,Primary23
130271,10529;Primary1,Primary2,Primary3,Primary5,Primary6,Primary7,Primary8,Primary9,Primary10,Primary11,Primary12,Primary13,Primary14,Primary15,Primary16,Primary17,Primary18,Primary19,Primary20,Primary21,Primary22,Primary23
130271,143884;Primary1,Primary2,Primary3,Primary4,Primary5,Primary6,Primary8,Primary9,Primary10,Primary11,Primary12,Primary13,Primary14,Primary15,Primary16,Primary17,Primary18,Primary19,Primary20,Primary21,Primary22,Primary23
130271,55507,340267,10071;Primary1,Primary2,Primary3,Primary4,Primary5,Primary6,Primary7,Primary8,Primary9,Primary10,Primary11,Primary12,Primary13,Primary14,Primary16,Primary17,Primary18,Primary19,Primary20,Primary21,Primary22,Primary23
130271,10129,340267;Primary1,Primary2,Primary3,Primary4,Primary5,Primary6,Primary7,Primary8,Primary9,Primary10,Primary11,Primary12,Primary13,Primary14,Primary15,Primary16,Primary17,Primary18,Primary19,Primary20,Primary21,Primary22,Primary23
130271,55930;Primary1,Primary2,Primary3,Primary4,Primary5,Primary6,Primary7,Primary8,Primary9,Primary10,Primary11,Primary12,Primary13,Primary14,Primary15,Primary16,Primary17,Primary18,Primary19,Primary20,Primary21,Primary22,Primary23
130271,1770,692058,3880;Primary1,Primary2,Primary4,Primary5,Primary6,Primary7,Primary8,Primary9,Primary10,Primary11,Primary12,Primary13,Primary14,Primary15,Primary16,Primary17,Primary18,Primary19,Primary20,Primary21,Primary22,Primary23
130271,400578;Primary1,Primary2,Primary3,Primary4,Primary5,Primary6,Primary7,Primary8,Primary9,Primary10,Primary11,Primary12,Primary13,Primary14,Primary15,Primary16,Primary17,Primary18,Primary19,Primary20,Primary21,Primary22,Primary23
130271,148213,7620,100529240;Primary1,Primary2,Primary3,Primary4,Primary5,Primary6,Primary8,Primary9,Primary10,Primary11,Primary12,Primary13,Primary14,Primary15,Primary16,Primary17,Primary18,Primary19,Primary20,Primary21,Primary22,Primary23
130271,102723552,148213,100529240;Primary1,Primary2,Primary3,Primary4,Primary5,Primary6,Primary8,Primary9,Primary10,Primary11,Primary12,Primary13,Primary14,Primary15,Primary16,Primary17,Primary18,Primary19,Primary20,Primary21,Primary22,Primary23
130271,8537;Primary1,Primary2,Primary3,Primary4,Primary5,Primary6,Primary7,Primary8,Primary9,Primary10,Primary11,Primary12,Primary13,Primary14,Primary15,Primary16,Primary18,Primary19,Primary20,Primary21,Primary22,Primary23
130271,100158262;Primary1,Primary3,Primary4,Primary5,Primary6,Primary7,Primary8,Primary9,Primary10,Primary11,Primary12,Primary13,Primary14,Primary15,Primary16,Primary17,Primary18,Primary19,Primary20,Primary21,Primary22,Primary23
6496,112268422,646480,218,102723382;Primary1,Primary2,Primary3,Primary4,Primary5,Primary7,Primary8,Primary9,Primary10,Primary11,Primary12,Primary13,Primary14,Primary15,Primary16,Primary17,Primary18,Primary19,Primary20,Primary21,Primary22,Primary23
6496,654412,56896,100419743,11081,160728,246;Primary1,Primary2,Primary4,Primary5,Primary6,Primary7,Primary8,Primary9,Primary10,Primary11,Primary12,Primary13,Primary14,Primary15,Primary16,Primary17,Primary18,Primary19,Primary20,Primary21,Primary22,Primary23
6496,776,5225,11081,246,6532,27134;Primary1,Primary2,Primary4,Primary5,Primary6,Primary7,Primary8,Primary9,Primary10,Primary11,Primary12,Primary13,Primary14,Primary15,Primary16,Primary17,Primary18,Primary19,Primary20,Primary21,Primary22,Primary23
6496,401089,56896,100419743,1515,388327;Primary1,Primary2,Primary4,Primary5,Primary6,Primary7,Primary8,Primary9,Primary10,Primary11,Primary12,Primary13,Primary14,Primary15,Primary16,Primary17,Primary18,Primary19,Primary20,Primary21,Primary22,Primary23
6496,339983,5225,100302161,11081,246,27134,4861;Primary1,Primary2,Primary4,Primary5,Primary6,Primary7,Primary8,Primary9,Primary10,Primary11,Primary12,Primary13,Primary14,Primary15,Primary16,Primary17,Primary18,Primary19,Primary20,Primary21,Primary22,Primary23
6496,653082,11081;Primary1,Primary2,Primary3,Primary4,Primary5,Primary6,Primary7,Primary8,Primary9,Primary10,Primary11,Primary12,Primary13,Primary14,Primary15,Primary16,Primary17,Primary18,Primary19,Primary20,Primary21,Primary22,Primary23
6496,1161,653082,11081;Primary1,Primary3,Primary4,Primary5,Primary6,Primary7,Primary8,Primary9,Primary10,Primary11,Primary12,Primary13,Primary14,Primary15,Primary16,Primary17,Primary18,Primary19,Primary20,Primary21,Primary22,Primary23
6496,117156,646480,595135,1770,218;Primary1,Primary2,Primary3,Primary4,Primary5,Primary6,Primary7,Primary9,Primary10,Primary11,Primary12,Primary13,Primary14,Primary15,Primary16,Primary17,Primary18,Primary19,Primary20,Primary21,Primary22,Primary23
6496,92304;Primary1,Primary2,Primary3,Primary4,Primary5,Primary6,Primary8,Primary9,Primary10,Primary11,Primary12,Primary13,Primary14,Primary15,Primary16,Primary17,Primary18,Primary19,Primary20,Primary21,Primary22,Primary23
6496,646480,218,102723382;Primary1,Primary2,Primary3,Primary4,Primary5,Primary6,Primary7,Primary8,Primary9,Primary10,Primary11,Primary12,Primary13,Primary14,Primary15,Primary16,Primary17,Primary18,Primary19,Primary20,Primary21,Primary22,Primary23
6496,100302161,57530,56896,100419743,5225,11081,160728,246,27134;Primary1,Primary2,Primary4,Primary5,Primary6,Primary7,Primary8,Primary9,Primary10,Primary11,Primary12,Primary13,Primary14,Primary15,Primary16,Primary17,Primary18,Primary19,Primary20,Primary21,Primary22,Primary23
6496,399726,57530,56896,100419743,653082,11081,160728,246,388327;Primary1,Primary2,Primary4,Primary5,Primary6,Primary7,Primary8,Primary9,Primary10,Primary11,Primary12,Primary13,Primary14,Primary15,Primary16,Primary17,Primary18,Primary19,Primary20,Primary21,Primary22,Primary23
6496,727897,117156,646480,112577518,85349,1770,218,11254;Primary1,Primary2,Primary3,Primary4,Primary5,Primary6,Primary7,Primary9,Primary10,Primary11,Primary12,Primary13,Primary14,Primary15,Primary16,Primary17,Primary18,Primary19,Primary20,Primary21,Primary22,Primary23
6496,341676,6532,102723382;Primary1,Primary2,Primary3,Primary4,Primary5,Primary7,Primary8,Primary9,Primary10,Primary11,Primary12,Primary13,Primary14,Primary15,Primary16,Primary17,Primary18,Primary19,Primary20,Primary21,Primary22,Primary23
6496,100033430,1286,100419743,5225,11081,160728,246,6532,27134;Primary1,Primary2,Primary4,Primary5,Primary6,Primary7,Primary8,Primary9,Primary10,Primary11,Primary12,Primary13,Primary14,Primary15,Primary16,Primary17,Primary18,Primary19,Primary20,Primary21,Primary22,Primary23
6496,1381,653082,11081;Primary1,Primary2,Primary3,Primary4,Primary5,Primary6,Primary7,Primary8,Primary9,Primary10,Primary11,Primary13,Primary14,Primary15,Primary16,Primary17,Primary18,Primary19,Primary20,Primary21,Primary22,Primary23
6496,27134,11081;Primary1,Primary2,Primary3,Primary4,Primary5,Primary6,Primary7,Primary8,Primary9,Primary10,Primary11,Primary12,Primary13,Primary14,Primary15,Primary16,Primary17,Primary18,Primary19,Primary20,Primary21,Primary22,Primary23
6496,3780,56896,401089,100419743,1515;Primary1,Primary2,Primary4,Primary5,Primary6,Primary7,Primary8,Primary9,Primary10,Primary11,Primary12,Primary13,Primary14,Primary15,Primary16,Primary17,Primary18,Primary19,Primary20,Primary21,Primary22,Primary23
6496,4861,56896,100419743,653082,5225,11081,160728,246,388327,27134;Primary1,Primary2,Primary4,Primary5,Primary6,Primary7,Primary8,Primary9,Primary10,Primary11,Primary12,Primary13,Primary14,Primary15,Primary16,Primary17,Primary18,Primary19,Primary20,Primary21,Primary22,Primary23
1768,3434;Primary1,Primary2,Primary3,Primary4,Primary6,Primary7,Primary8,Primary9,Primary10,Primary11,Primary12,Primary13,Primary14,Primary15,Primary16,Primary17,Primary18,Primary19,Primary20,Primary21,Primary22,Primary23
100996506,100130449,56955,340267,3880;Primary1,Primary2,Primary3,Primary4,Primary5,Primary6,Primary7,Primary9,Primary10,Primary11,Primary12,Primary13,Primary14,Primary15,Primary16,Primary17,Primary18,Primary19,Primary20,Primary21,Primary22,Primary23
100996506,105377033;Primary1,Primary2,Primary3,Primary4,Primary5,Primary6,Primary7,Primary8,Primary9,Primary10,Primary11,Primary12,Primary13,Primary14,Primary15,Primary16,Primary17,Primary18,Primary19,Primary20,Primary21,Primary22,Primary23
100996506,56955,7780,340267,3880;Primary1,Primary2,Primary3,Primary4,Primary5,Primary6,Primary7,Primary8,Primary9,Primary10,Primary11,Primary12,Primary13,Primary14,Primary15,Primary16,Primary17,Primary18,Primary19,Primary20,Primary21,Primary22
100996506,10551,340267;Primary1,Primary2,Primary3,Primary4,Primary5,Primary6,Primary7,Primary8,Primary9,Primary10,Primary11,Primary12,Primary13,Primary15,Primary16,Primary17,Primary18,Primary19,Primary20,Primary21,Primary22,Primary23
100996506,155465,7780,340267,6440;Primary1,Primary2,Primary3,Primary4,Primary5,Primary6,Primary7,Primary8,Primary9,Primary10,Primary11,Primary13,Primary14,Primary15,Primary16,Primary17,Primary18,Primary19,Primary20,Primary21,Primary22,Primary23
100996506,105180391,340267;Primary1,Primary2,Primary3,Primary4,Primary5,Primary7,Primary8,Primary9,Primary10,Primary11,Primary12,Primary13,Primary14,Primary15,Primary16,Primary17,Primary18,Primary19,Primary20,Primary21,Primary22,Primary23
100996506,10071,340267;Primary1,Primary2,Primary3,Primary4,Primary5,Primary6,Primary7,Primary8,Primary9,Primary10,Primary11,Primary12,Primary13,Primary14,Primary16,Primary17,Primary18,Primary19,Primary20,Primary21,Primary22,Primary23
100996506,6440,7780,340267;Primary1,Primary2,Primary3,Primary4,Primary5,Primary6,Primary7,Primary8,Primary9,Primary10,Primary11,Primary12,Primary13,Primary14,Primary15,Primary16,Primary17,Primary19,Primary20,Primary21,Primary22,Primary23
100996506,93035,340267;Primary1,Primary2,Primary3,Primary4,Primary6,Primary7,Primary8,Primary9,Primary10,Primary11,Primary12,Primary13,Primary14,Primary15,Primary16,Primary17,Primary18,Primary19,Primary20,Primary21,Primary22,Primary23
100996506,474354;Primary1,Primary2,Primary3,Primary4,Primary5,Primary6,Primary7,Primary8,Primary9,Primary10,Primary11,Primary12,Primary13,Primary14,Primary15,Primary16,Primary17,Primary18,Primary19,Primary20,Primary21,Primary22,Primary23
100996506,117155,474354;Primary1,Primary2,Primary3,Primary4,Primary5,Primary6,Primary7,Primary8,Primary9,Primary10,Primary11,Primary12,Primary13,Primary14,Primary15,Primary17,Primary18,Primary19,Primary20,Primary21,Primary22,Primary23
100996506,503645,474354;Primary1,Primary2,Primary3,Primary4,Primary5,Primary7,Primary8,Primary9,Primary10,Primary11,Primary12,Primary13,Primary14,Primary15,Primary16,Primary17,Primary18,Primary19,Primary20,Primary21,Primary22,Primary23
6439,177;Primary1,Primary2,Primary3,Primary5,Primary6,Primary7,Primary8,Primary9,Primary10,Primary11,Primary12,Primary13,Primary14,Primary15,Primary16,Primary17,Primary18,Primary19,Primary20,Primary21,Primary22,Primary23
6439,693188,692213;Primary1,Primary2,Primary3,Primary4,Primary5,Primary6,Primary7,Primary8,Primary9,Primary10,Primary11,Primary12,Primary13,Primary14,Primary15,Primary16,Primary17,Primary18,Primary19,Primary20,Primary21,Primary23
200407,105374373,284680,54769,1152,284266,54,10331,2696,4318,109729184;Primary1,Primary2,Primary3,Primary4,Primary5,Primary6,Primary7,Primary8,Primary9,Primary10,Primary11,Primary12,Primary13,Primary14,Primary15,Primary16,Primary17,Primary18,Primary19,Primary20,Primary22,Primary23
200407,24150,4852,375612;Primary1,Primary2,Primary3,Primary4,Primary5,Primary6,Primary7,Primary8,Primary9,Primary10,Primary11,Primary12,Primary13,Primary14,Primary15,Primary16,Primary17,Primary18,Primary19,Primary20,Primary21,Primary23
200407,5675,4852,1471,4693;Primary2,Primary3,Primary4,Primary5,Primary6,Primary7,Primary8,Primary9,Primary10,Primary11,Primary12,Primary13,Primary14,Primary15,Primary16,Primary17,Primary18,Primary19,Primary20,Primary21,Primary22,Primary23
200407,4693,6097,4852,54,10331,1471;Primary1,Primary2,Primary3,Primary4,Primary5,Primary6,Primary7,Primary8,Primary9,Primary10,Primary11,Primary12,Primary13,Primary14,Primary15,Primary16,Primary17,Primary18,Primary19,Primary20,Primary21,Primary22,Primary23
200407,11254,4852,164312,1471;Primary1,Primary2,Primary4,Primary5,Primary6,Primary7,Primary8,Primary9,Primary10,Primary11,Primary12,Primary13,Primary14,Primary15,Primary16,Primary17,Primary18,Primary19,Primary20,Primary21,Primary22,Primary23
9173,51185,26226;Primary1,Primary2,Primary3,Primary4,Primary5,Primary6,Primary7,Primary8,Primary9,Primary10,Primary11,Primary12,Primary13,Primary14,Primary16,Primary17,Primary18,Primary19,Primary20,Primary21,Primary22,Primary23
9173,64332;Primary1,Primary2,Primary3,Primary4,Primary5,Primary6,Primary7,Primary8,Primary9,Primary10,Primary11,Primary12,Primary13,Primary14,Primary15,Primary16,Primary17,Primary18,Primary19,Primary20,Primary21,Primary22,Primary23
9173,1906,1043,149465,109729127,28824,26226;Primary1,Primary2,Primary3,Primary4,Primary5,Primary7,Primary8,Primary9,Primary10,Primary11,Primary12,Primary13,Primary14,Primary15,Primary16,Primary17,Primary18,Primary19,Primary20,Primary21,Primary22,Primary23
9173,137872;Primary1,Primary2,Primary3,Primary4,Primary6,Primary7,Primary8,Primary9,Primary10,Primary11,Primary12,Primary13,Primary14,Primary15,Primary16,Primary17,Primary18,Primary19,Primary20,Primary21,Primary22,Primary23
9173,649946,26226;Primary2,Primary3,Primary4,Primary5,Primary6,Primary7,Primary8,Primary9,Primary10,Primary11,Primary12,Primary13,Primary14,Primary15,Primary16,Primary17,Primary18,Primary19,Primary20,Primary21,Primary22,Primary23
9173,144571,1043,116984;Primary1,Primary2,Primary3,Primary4,Primary5,Primary6,Primary7,Primary8,Primary9,Primary10,Primary11,Primary12,Primary14,Primary15,Primary16,Primary17,Primary18,Primary19,Primary20,Primary21,Primary22,Primary23
9173,3856,79098,4057,201625,11148,131873,306,120892,113218482,112268252,105372793,28824,26226,6523,2277;Primary1,Primary2,Primary3,Primary4,Primary6,Primary7,Primary8,Primary9,Primary10,Primary11,Primary12,Primary13,Primary14,Primary15,Primary16,Primary17,Primary18,Primary19,Primary20,Primary21,Primary22,Primary23
9173,3240,1043,116984,28824;Primary2,Primary3,Primary4,Primary5,Primary6,Primary7,Primary8,Primary9,Primary10,Primary11,Primary12,Primary13,Primary14,Primary15,Primary16,Primary17,Primary18,Primary19,Primary20,Primary21,Primary22,Primary23
9173,8537,1043,1906,28824;Primary1,Primary2,Primary3,Primary4,Primary5,Primary6,Primary8,Primary9,Primary10,Primary11,Primary12,Primary13,Primary14,Primary15,Primary16,Primary17,Primary18,Primary19,Primary20,Primary21,Primary22,Primary23
9173,26609,26226;Primary1,Primary2,Primary3,Primary4,Primary5,Primary6,Primary7,Primary8,Primary9,Primary10,Primary11,Primary12,Primary13,Primary14,Primary15,Primary16,Primary17,Primary19,Primary20,Primary21,Primary22,Primary23
7851,115677;Primary1,Primary2,Primary3,Primary4,Primary5,Primary6,Primary7,Primary8,Primary9,Primary10,Primary11,Primary12,Primary13,Primary14,Primary15,Primary16,Primary17,Primary18,Primary19,Primary20,Primary21,Primary22,Primary23
7851,8436,9411,54861,57186;Primary1,Primary2,Primary3,Primary4,Primary5,Primary6,Primary7,Primary8,Primary9,Primary10,Primary11,Primary12,Primary13,Primary14,Primary15,Primary16,Primary18,Primary19,Primary20,Primary21,Primary22,Primary23
7851,27074,9411,10203,1906,57477;Primary2,Primary3,Primary4,Primary5,Primary6,Primary7,Primary8,Primary9,Primary10,Primary11,Primary12,Primary13,Primary14,Primary15,Primary16,Primary17,Primary18,Primary19,Primary20,Primary21,Primary22,Primary23
7851,1906,9411,10203,1910,57477;Primary1,Primary2,Primary3,Primary4,Primary5,Primary7,Primary8,Primary9,Primary10,Primary11,Primary12,Primary13,Primary14,Primary15,Primary16,Primary17,Primary18,Primary19,Primary20,Primary21,Primary22,Primary23
7851,221395,54861;Primary1,Primary2,Primary3,Primary4,Primary5,Primary6,Primary7,Primary8,Primary9,Primary10,Primary11,Primary12,Primary13,Primary14,Primary15,Primary16,Primary17,Primary18,Primary19,Primary20,Primary21,Primary22,Primary23
7851,56892,54861,221395;Primary1,Primary2,Primary3,Primary4,Primary5,Primary7,Primary8,Primary9,Primary10,Primary11,Primary12,Primary13,Primary14,Primary15,Primary16,Primary17,Primary18,Primary19,Primary20,Primary21,Primary22,Primary23
55289,3206,10018,26084;Primary1,Primary2,Primary3,Primary4,Primary5,Primary7,Primary8,Primary9,Primary10,Primary11,Primary12,Primary13,Primary14,Primary15,Primary16,Primary17,Primary18,Primary19,Primary20,Primary21,Primary22,Primary23
55289,8395,115019,256076,84525,1040,100874002,353189,10595,361,107985317;Primary1,Primary2,Primary3,Primary4,Primary5,Primary6,Primary7,Primary9,Primary10,Primary11,Primary12,Primary13,Primary14,Primary15,Primary16,Primary17,Primary18,Primary19,Primary20,Primary21,Primary22,Primary23
55289,219790,10018;Primary1,Primary2,Primary3,Primary4,Primary5,Primary6,Primary7,Primary8,Primary9,Primary10,Primary11,Primary12,Primary13,Primary14,Primary16,Primary17,Primary18,Primary19,Primary20,Primary21,Primary22,Primary23
55289,7473,10018,84525,2160,353189,10595;Primary1,Primary2,Primary3,Primary4,Primary5,Primary6,Primary7,Primary8,Primary9,Primary10,Primary11,Primary12,Primary13,Primary14,Primary15,Primary16,Primary17,Primary18,Primary19,Primary20,Primary21,Primary22,Primary23
10018,100874002,440590,57402,115019,55289,256076,84525,353189,10595,126353;Primary1,Primary2,Primary3,Primary4,Primary5,Primary6,Primary7,Primary8,Primary9,Primary10,Primary11,Primary12,Primary13,Primary15,Primary16,Primary17,Primary18,Primary19,Primary20,Primary21,Primary22,Primary23
10018,3206,26084,259294;Primary1,Primary2,Primary3,Primary4,Primary5,Primary6,Primary7,Primary8,Primary9,Primary10,Primary11,Primary12,Primary13,Primary15,Primary16,Primary17,Primary18,Primary19,Primary20,Primary21,Primary22,Primary23
10018,259294,26084;Primary1,Primary2,Primary3,Primary4,Primary5,Primary6,Primary7,Primary8,Primary9,Primary10,Primary11,Primary12,Primary13,Primary14,Primary15,Primary16,Primary17,Primary18,Primary19,Primary20,Primary21,Primary22,Primary23
10018,253970,440590,57402,115019,55289,256076,84525,2160,353189,222166,10595;Primary1,Primary2,Primary3,Primary4,Primary5,Primary6,Primary7,Primary8,Primary9,Primary10,Primary11,Primary12,Primary13,Primary14,Primary16,Primary17,Primary18,Primary19,Primary20,Primary21,Primary22,Primary23
10018,361,440590,57402,115019,55289,256076,84525,2160,353189,10595,126353;Primary1,Primary2,Primary3,Primary4,Primary5,Primary6,Primary7,Primary8,Primary9,Primary10,Primary11,Primary12,Primary13,Primary14,Primary15,Primary16,Primary17,Primary18,Primary19,Primary20,Primary21,Primary22
654433,375612,6097,4852,24150,4693;Primary1,Primary2,Primary3,Primary4,Primary5,Primary6,Primary7,Primary9,Primary10,Primary11,Primary12,Primary13,Primary14,Primary15,Primary16,Primary17,Primary18,Primary19,Primary20,Primary21,Primary22,Primary23
654433,100133669,2537,128218,632,285429,390083,24150,1555;Primary1,Primary2,Primary3,Primary4,Primary5,Primary6,Primary8,Primary9,Primary10,Primary11,Primary12,Primary13,Primary14,Primary15,Primary16,Primary17,Primary18,Primary19,Primary20,Primary21,Primary22,Primary23
654433,3249,2537,128218,632,390083,24150,1555;Primary1,Primary2,Primary3,Primary4,Primary5,Primary6,Primary7,Primary8,Primary9,Primary10,Primary11,Primary12,Primary13,Primary14,Primary15,Primary16,Primary17,Primary18,Primary19,Primary20,Primary21,Primary22
112268422,80122,79098,201625,131873,285989,102723508;Primary1,Primary2,Primary3,Primary4,Primary5,Primary6,Primary7,Primary8,Primary9,Primary10,Primary11,Primary12,Primary13,Primary14,Primary15,Primary17,Primary18,Primary19,Primary20,Primary21,Primary22,Primary23
112268422,151531,406969,33,105372793,2277,389852;Primary1,Primary2,Primary4,Primary5,Primary6,Primary7,Primary8,Primary9,Primary10,Primary11,Primary12,Primary13,Primary14,Primary15,Primary16,Primary17,Primary18,Primary19,Primary20,Primary21,Primary22,Primary23
112268422,285335,4057,60494,102723508;Primary1,Primary2,Primary3,Primary4,Primary5,Primary6,Primary7,Primary8,Primary9,Primary10,Primary11,Primary12,Primary13,Primary14,Primary15,Primary16,Primary18,Primary19,Primary20,Primary21,Primary22,Primary23
112268422,55892,102723849,1577,100652781,94025;Primary1,Primary2,Primary3,Primary4,Primary5,Primary6,Primary7,Primary8,Primary9,Primary10,Primary11,Primary12,Primary13,Primary14,Primary15,Primary16,Primary17,Primary18,Primary19,Primary20,Primary21,Primary22,Primary23
112268422,117156,200879,646480,85349,1770,218,102723382;Primary1,Primary2,Primary3,Primary4,Primary5,Primary7,Primary8,Primary9,Primary10,Primary11,Primary12,Primary13,Primary14,Primary15,Primary16,Primary17,Primary18,Primary19,Primary20,Primary21,Primary22,Primary23
112268422,541473,201625,11148,105180391,102723849,105372793,2277;Primary1,Primary2,Primary3,Primary4,Primary5,Primary6,Primary7,Primary8,Primary9,Primary10,Primary11,Primary12,Primary13,Primary14,Primary15,Primary16,Primary17,Primary18,Primary19,Primary20,Primary21,Primary22,Primary23
112268422,1577,33,4057,201625,11148,645843,200879,306,105180390,641776,105180391,102723849,341676,100652781,94025,105372793;Primary1,Primary2,Primary3,Primary4,Primary5,Primary6,Primary7,Primary8,Primary9,Primary10,Primary11,Primary12,Primary13,Primary14,Primary15,Primary16,Primary17,Primary18,Primary19,Primary20,Primary21,Primary22,Primary23
112268422,112577518,117156,646480,85349,1770,218,105372793,11254,102723382;Primary1,Primary2,Primary3,Primary4,Primary5,Primary7,Primary8,Primary9,Primary10,Primary11,Primary12,Primary13,Primary14,Primary15,Primary16,Primary17,Primary18,Primary19,Primary20,Primary21,Primary22,Primary23
112268422,649946,200879,102723849,1577,120892,100652781,503645,284434,105372793;Primary1,Primary3,Primary4,Primary5,Primary6,Primary7,Primary8,Primary9,Primary10,Primary11,Primary12,Primary13,Primary14,Primary15,Primary16,Primary17,Primary18,Primary19,Primary20,Primary21,Primary22,Primary23
112268422,7620,4057,200879,306,102723849,1577,120892,107984498,100652781,503645,94025,100529240,105372793;Primary1,Primary2,Primary3,Primary5,Primary6,Primary7,Primary8,Primary9,Primary10,Primary11,Primary12,Primary13,Primary14,Primary15,Primary16,Primary17,Primary18,Primary19,Primary20,Primary21,Primary22,Primary23
112268422,284434,33,645843,200879,105180390,641776,105180391,102723849,1577,341676,100652781,503645,105372793;Primary1,Primary2,Primary3,Primary4,Primary5,Primary6,Primary7,Primary8,Primary9,Primary10,Primary11,Primary12,Primary13,Primary14,Primary15,Primary16,Primary17,Primary18,Primary19,Primary20,Primary21,Primary22,Primary23
112268422,284323,388743,33,201625,11148,131873,200879,306,105180390,641776,105180391,102723849,65217,94025,105372793;Primary1,Primary3,Primary4,Primary5,Primary6,Primary7,Primary8,Primary9,Primary10,Primary11,Primary12,Primary13,Primary14,Primary15,Primary16,Primary17,Primary18,Primary19,Primary20,Primary21,Primary22,Primary23
112268422,84765,105372793,6523,2277;Primary1,Primary2,Primary3,Primary4,Primary5,Primary6,Primary7,Primary9,Primary10,Primary11,Primary12,Primary13,Primary14,Primary15,Primary16,Primary17,Primary18,Primary19,Primary20,Primary21,Primary22,Primary23
112268422,100529240,33,4057,11148,200879,306,102723849,1577,120892,107984498,100652781,503645,94025,105372793;Primary1,Primary2,Primary3,Primary5,Primary6,Primary7,Primary8,Primary9,Primary10,Primary11,Primary12,Primary13,Primary14,Primary15,Primary16,Primary17,Primary18,Primary19,Primary20,Primary21,Primary22,Primary23
112268422,389852,200879,105372793,2277;Primary1,Primary2,Primary3,Primary4,Primary5,Primary6,Primary7,Primary8,Primary9,Primary10,Primary11,Primary12,Primary13,Primary14,Primary15,Primary16,Primary17,Primary18,Primary19,Primary20,Primary21,Primary22,Primary23
654412,7433;Primary1,Primary2,Primary3,Primary4,Primary5,Primary6,Primary7,Primary8,Primary9,Primary10,Primary11,Primary12,Primary13,Primary14,Primary15,Primary16,Primary17,Primary18,Primary19,Primary20,Primary21,Primary23
654412,401089,56896,100419743;Primary1,Primary2,Primary3,Primary4,Primary5,Primary6,Primary7,Primary8,Primary10,Primary11,Primary12,Primary13,Primary14,Primary15,Primary16,Primary17,Primary18,Primary19,Primary20,Primary21,Primary22,Primary23
654412,399726,57530,56896,100419743,11081,160728,246,388327;Primary1,Primary2,Primary3,Primary4,Primary5,Primary6,Primary7,Primary8,Primary9,Primary11,Primary12,Primary13,Primary14,Primary15,Primary16,Primary17,Primary18,Primary19,Primary20,Primary21,Primary22,Primary23
654412,762,56896,100419743,160728,246;Primary2,Primary3,Primary4,Primary5,Primary6,Primary7,Primary8,Primary9,Primary10,Primary11,Primary12,Primary13,Primary14,Primary15,Primary16,Primary17,Primary18,Primary19,Primary20,Primary21,Primary22,Primary23
200373,285429,390083,196335,9622,89765;Primary1,Primary2,Primary3,Primary4,Primary5,Primary6,Primary7,Primary8,Primary9,Primary10,Primary11,Primary12,Primary13,Primary14,Primary15,Primary16,Primary17,Primary18,Primary19,Primary20,Primary21,Primary22,Primary23
200373,10599,196335,9622,89765;Primary1,Primary2,Primary3,Primary4,Primary5,Primary6,Primary7,Primary8,Primary9,Primary10,Primary11,Primary12,Primary13,Primary14,Primary15,Primary16,Primary17,Primary18,Primary19,Primary20,Primary21,Primary22,Primary23
200373,5053,10599,9622;Primary1,Primary2,Primary3,Primary4,Primary5,Primary6,Primary7,Primary8,Primary9,Primary10,Primary11,Primary12,Primary13,Primary14,Primary15,Primary16,Primary17,Primary18,Primary19,Primary20,Primary21,Primary22,Primary23
200373,606,24150;Primary1,Primary2,Primary3,Primary4,Primary5,Primary6,Primary7,Primary8,Primary9,Primary10,Primary11,Primary12,Primary13,Primary14,Primary15,Primary16,Primary17,Primary18,Primary19,Primary20,Primary22,Primary23
200373,6928,285429,390083,196335;Primary1,Primary2,Primary3,Primary4,Primary5,Primary6,Primary7,Primary8,Primary9,Primary10,Primary11,Primary12,Primary13,Primary14,Primary15,Primary16,Primary17,Primary18,Primary20,Primary21,Primary22,Primary23
200373,110806280,285429,390083,196335,24150,4693;Primary1,Primary2,Primary3,Primary4,Primary5,Primary6,Primary7,Primary8,Primary9,Primary10,Primary11,Primary12,Primary13,Primary14,Primary15,Primary16,Primary17,Primary18,Primary19,Primary20,Primary21,Primary22
200373,128674,5053,9622;Primary1,Primary2,Primary3,Primary4,Primary5,Primary6,Primary7,Primary8,Primary9,Primary10,Primary11,Primary12,Primary13,Primary14,Primary15,Primary16,Primary17,Primary18,Primary19,Primary20,Primary21,Primary22,Primary23
200373,4693,1380,285429,390083,196335,24150,89765;Primary1,Primary2,Primary3,Primary4,Primary5,Primary6,Primary7,Primary8,Primary9,Primary10,Primary11,Primary12,Primary13,Primary14,Primary15,Primary16,Primary17,Primary18,Primary19,Primary20,Primary21,Primary22
57669,1285,5340;Primary1,Primary2,Primary3,Primary4,Primary5,Primary6,Primary7,Primary8,Primary9,Primary10,Primary11,Primary12,Primary13,Primary14,Primary15,Primary16,Primary17,Primary18,Primary19,Primary21,Primary22,Primary23
57669,79632;Primary1,Primary2,Primary3,Primary4,Primary5,Primary6,Primary7,Primary8,Primary9,Primary10,Primary11,Primary12,Primary13,Primary14,Primary16,Primary17,Primary18,Primary19,Primary20,Primary21,Primary22,Primary23
57669,5340;Primary1,Primary2,Primary3,Primary4,Primary5,Primary6,Primary7,Primary8,Primary9,Primary10,Primary11,Primary12,Primary13,Primary14,Primary15,Primary16,Primary17,Primary18,Primary19,Primary20,Primary21,Primary22,Primary23
57669,4062,100996301,27022;Primary1,Primary2,Primary4,Primary5,Primary6,Primary7,Primary8,Primary9,Primary10,Primary11,Primary12,Primary13,Primary14,Primary15,Primary16,Primary17,Primary18,Primary19,Primary20,Primary21,Primary22,Primary23
57669,1132;Primary1,Primary2,Primary4,Primary5,Primary6,Primary7,Primary8,Primary9,Primary10,Primary11,Primary12,Primary13,Primary14,Primary15,Primary16,Primary17,Primary18,Primary19,Primary20,Primary21,Primary22,Primary23
57669,5625;Primary1,Primary2,Primary3,Primary4,Primary5,Primary6,Primary7,Primary8,Primary9,Primary10,Primary11,Primary12,Primary13,Primary14,Primary15,Primary16,Primary17,Primary18,Primary19,Primary20,Primary21,Primary22,Primary23
81615,7060,105,4892,441581,7546,6751,340596;Primary1,Primary2,Primary3,Primary4,Primary5,Primary6,Primary7,Primary8,Primary9,Primary10,Primary11,Primary12,Primary13,Primary14,Primary15,Primary16,Primary17,Primary18,Primary19,Primary21,Primary22,Primary23
81615,3207,4062;Primary1,Primary2,Primary3,Primary4,Primary5,Primary6,Primary7,Primary8,Primary10,Primary11,Primary12,Primary13,Primary14,Primary15,Primary16,Primary17,Primary18,Primary19,Primary20,Primary21,Primary22,Primary23
81615,4062;Primary1,Primary2,Primary3,Primary4,Primary5,Primary6,Primary7,Primary8,Primary9,Primary10,Primary11,Primary12,Primary13,Primary14,Primary15,Primary16,Primary17,Primary18,Primary19,Primary20,Primary21,Primary22,Primary23
81615,64137;Primary1,Primary2,Primary3,Primary4,Primary5,Primary6,Primary7,Primary8,Primary9,Primary10,Primary11,Primary12,Primary13,Primary14,Primary15,Primary16,Primary17,Primary18,Primary19,Primary20,Primary21,Primary22,Primary23
81615,57524,7546;Primary1,Primary2,Primary3,Primary4,Primary5,Primary6,Primary7,Primary9,Primary10,Primary11,Primary12,Primary13,Primary14,Primary15,Primary16,Primary17,Primary18,Primary19,Primary20,Primary21,Primary22,Primary23
81615,8153,7060,105,4892,7546,340596;Primary1,Primary2,Primary3,Primary4,Primary5,Primary6,Primary7,Primary8,Primary9,Primary10,Primary11,Primary12,Primary13,Primary14,Primary15,Primary16,Primary17,Primary18,Primary19,Primary21,Primary22,Primary23
81615,81832,4892;Primary1,Primary2,Primary3,Primary4,Primary5,Primary6,Primary7,Primary8,Primary9,Primary10,Primary11,Primary12,Primary13,Primary15,Primary16,Primary17,Primary18,Primary19,Primary20,Primary21,Primary22,Primary23
80122,780;Primary1,Primary2,Primary3,Primary4,Primary5,Primary6,Primary7,Primary8,Primary9,Primary10,Primary11,Primary12,Primary13,Primary14,Primary15,Primary16,Primary17,Primary18,Primary19,Primary20,Primary21,Primary22,Primary23
80122,345895,399949;Primary1,Primary2,Primary3,Primary4,Primary5,Primary6,Primary7,Primary8,Primary9,Primary10,Primary11,Primary12,Primary13,Primary14,Primary15,Primary17,Primary18,Primary19,Primary20,Primary21,Primary22,Primary23
80122,541473,112268422,201625;Primary1,Primary2,Primary3,Primary4,Primary5,Primary6,Primary7,Primary8,Primary9,Primary10,Primary11,Primary12,Primary13,Primary14,Primary15,Primary17,Primary18,Primary19,Primary20,Primary21,Primary22,Primary23
80122,285989;Primary1,Primary2,Primary3,Primary4,Primary5,Primary6,Primary7,Primary8,Primary9,Primary10,Primary11,Primary12,Primary13,Primary14,Primary15,Primary16,Primary17,Primary18,Primary19,Primary20,Primary21,Primary22,Primary23
80122,693188,780;Primary1,Primary2,Primary3,Primary4,Primary5,Primary6,Primary7,Primary8,Primary9,Primary10,Primary11,Primary12,Primary13,Primary14,Primary15,Primary17,Primary18,Primary19,Primary20,Primary21,Primary22,Primary23
80122,399949,131873,285989;Primary1,Primary2,Primary3,Primary4,Primary5,Primary6,Primary7,Primary8,Primary9,Primary10,Primary11,Primary12,Primary13,Primary14,Primary15,Primary17,Primary18,Primary19,Primary20,Primary21,Primary22,Primary23
80122,2125;Primary1,Primary2,Primary3,Primary4,Primary5,Primary6,Primary7,Primary8,Primary9,Primary11,Primary12,Primary13,Primary14,Primary15,Primary16,Primary17,Primary18,Primary19,Primary20,Primary21,Primary22,Primary23
151531,33,406969,285989;Primary2,Primary3,Primary4,Primary5,Primary6,Primary7,Primary8,Primary9,Primary10,Primary11,Primary12,Primary13,Primary14,Primary15,Primary16,Primary17,Primary18,Primary19,Primary20,Primary21,Primary22,Primary23
151531,4057,406969,11148,285989,112268252,2277;Primary1,Primary2,Primary3,Primary4,Primary5,Primary6,Primary7,Primary8,Primary9,Primary10,Primary12,Primary13,Primary14,Primary15,Primary16,Primary17,Primary18,Primary19,Primary20,Primary21,Primary22,Primary23
151531,306,406969,33,767566,388555,2277;Primary1,Primary2,Primary3,Primary4,Primary5,Primary6,Primary7,Primary8,Primary9,Primary10,Primary11,Primary12,Primary13,Primary14,Primary15,Primary16,Primary17,Primary18,Primary19,Primary21,Primary22,Primary23
151531,102724057,406969,33,306,2277;Primary1,Primary3,Primary4,Primary5,Primary6,Primary7,Primary8,Primary9,Primary10,Primary11,Primary12,Primary13,Primary14,Primary15,Primary16,Primary17,Primary18,Primary19,Primary20,Primary21,Primary22,Primary23
151531,65217,406969,33,285989;Primary1,Primary2,Primary3,Primary4,Primary5,Primary6,Primary7,Primary8,Primary9,Primary10,Primary11,Primary13,Primary14,Primary15,Primary16,Primary17,Primary18,Primary19,Primary20,Primary21,Primary22,Primary23
151531,6441,406969;Primary1,Primary2,Primary3,Primary4,Primary5,Primary6,Primary7,Primary8,Primary9,Primary10,Primary11,Primary13,Primary14,Primary15,Primary16,Primary17,Primary18,Primary19,Primary20,Primary21,Primary22,Primary23
151531,60494,406969,4057,11148,112268252,2277;Primary1,Primary2,Primary3,Primary4,Primary5,Primary6,Primary7,Primary8,Primary9,Primary10,Primary12,Primary13,Primary14,Primary15,Primary16,Primary17,Primary18,Primary19,Primary20,Primary21,Primary22,Primary23
151531,399949,406969,33,285989,2277;Primary1,Primary2,Primary3,Primary4,Primary5,Primary6,Primary7,Primary8,Primary9,Primary11,Primary12,Primary13,Primary14,Primary15,Primary16,Primary17,Primary18,Primary19,Primary20,Primary21,Primary22,Primary23
151531,2125,406969;Primary1,Primary2,Primary3,Primary4,Primary5,Primary6,Primary7,Primary8,Primary9,Primary10,Primary11,Primary12,Primary13,Primary14,Primary15,Primary17,Primary18,Primary19,Primary20,Primary21,Primary22,Primary23
151531,388555,406969,33,65217,767566;Primary1,Primary2,Primary3,Primary4,Primary5,Primary6,Primary7,Primary8,Primary9,Primary10,Primary11,Primary13,Primary14,Primary15,Primary16,Primary17,Primary18,Primary19,Primary20,Primary21,Primary22,Primary23
151531,2277,406969,285989;Primary1,Primary2,Primary3,Primary4,Primary5,Primary6,Primary7,Primary9,Primary10,Primary11,Primary12,Primary13,Primary14,Primary15,Primary16,Primary17,Primary18,Primary19,Primary20,Primary21,Primary22,Primary23
151531,102723508,285989;Primary1,Primary2,Primary3,Primary4,Primary5,Primary6,Primary7,Primary8,Primary9,Primary10,Primary11,Primary12,Primary13,Primary14,Primary15,Primary16,Primary17,Primary18,Primary19,Primary20,Primary21,Primary22,Primary23
151531,102723382,406969,112268422,33,105372793,2277;Primary1,Primary2,Primary4,Primary5,Primary6,Primary7,Primary8,Primary9,Primary10,Primary11,Primary12,Primary13,Primary14,Primary15,Primary16,Primary17,Primary18,Primary19,Primary20,Primary21,Primary22,Primary23
3694,2266;Primary1,Primary2,Primary3,Primary4,Primary5,Primary6,Primary7,Primary8,Primary9,Primary10,Primary11,Primary12,Primary13,Primary14,Primary15,Primary16,Primary17,Primary18,Primary19,Primary20,Primary22,Primary23
3694,653509;Primary1,Primary2,Primary3,Primary4,Primary5,Primary6,Primary7,Primary8,Primary9,Primary10,Primary11,Primary12,Primary14,Primary15,Primary16,Primary17,Primary18,Primary19,Primary20,Primary21,Primary22,Primary23
3694,142827,93517,246100,1485;Primary1,Primary2,Primary3,Primary4,Primary5,Primary7,Primary8,Primary9,Primary10,Primary11,Primary12,Primary13,Primary14,Primary15,Primary16,Primary17,Primary18,Primary19,Primary20,Primary21,Primary22,Primary23
3694,93517,246100,1485;Primary1,Primary2,Primary3,Primary4,Primary5,Primary6,Primary7,Primary8,Primary9,Primary10,Primary11,Primary12,Primary13,Primary14,Primary15,Primary16,Primary17,Primary18,Primary19,Primary20,Primary21,Primary22,Primary23
3694,3993;Primary1,Primary2,Primary3,Primary4,Primary5,Primary6,Primary7,Primary9,Primary10,Primary11,Primary12,Primary13,Primary14,Primary15,Primary16,Primary17,Primary18,Primary19,Primary20,Primary21,Primary22,Primary23
3694,2922;Primary1,Primary2,Primary3,Primary4,Primary5,Primary6,Primary7,Primary8,Primary9,Primary10,Primary11,Primary12,Primary13,Primary14,Primary15,Primary16,Primary17,Primary18,Primary19,Primary20,Primary21,Primary22,Primary23
3694,30848,93517,246100,1485;Primary1,Primary2,Primary3,Primary4,Primary5,Primary6,Primary7,Primary8,Primary9,Primary10,Primary11,Primary12,Primary13,Primary14,Primary15,Primary16,Primary17,Primary19,Primary20,Primary21,Primary22,Primary23
6332,64332,120892,100652781,503640,6523;Primary1,Primary2,Primary3,Primary4,Primary5,Primary6,Primary7,Primary8,Primary9,Primary11,Primary12,Primary13,Primary14,Primary15,Primary16,Primary17,Primary18,Primary19,Primary20,Primary21,Primary22,Primary23
6332,1767,388743,100652781,503640,6523;Primary1,Primary2,Primary3,Primary4,Primary5,Primary6,Primary7,Primary8,Primary9,Primary10,Primary11,Primary12,Primary13,Primary14,Primary16,Primary17,Primary18,Primary19,Primary20,Primary21,Primary22,Primary23
6332,1577,112268422,33,4057,201625,11148,645843,200879,306,105180390,641776,105180391,102723849,120892,341676,100652781,94025,112268252,105372793;Primary2,Primary3,Primary4,Primary5,Primary6,Primary7,Primary8,Primary9,Primary10,Primary11,Primary12,Primary13,Primary14,Primary15,Primary16,Primary17,Primary18,Primary19,Primary20,Primary21,Primary22,Primary23
6332,641384,33,200879,102723849,120892,100652781,503645,284434,6523;Primary1,Primary2,Primary3,Primary4,Primary5,Primary6,Primary7,Primary9,Primary10,Primary11,Primary12,Primary13,Primary14,Primary15,Primary16,Primary17,Primary18,Primary19,Primary20,Primary21,Primary22,Primary23
6332,60494,79098,406969,105373265,112268422,33,4057,201625,11148,131873,645843,200879,306,102723849,728643,65217,3856,113218482,112268252,105372793,6523,2277;Primary2,Primary3,Primary4,Primary5,Primary6,Primary7,Primary8,Primary9,Primary10,Primary11,Primary12,Primary13,Primary14,Primary15,Primary16,Primary17,Primary18,Primary19,Primary20,Primary21,Primary22,Primary23
6332,649946,200879,102723849,1577,120892,100652781,503645,284434;Primary1,Primary3,Primary4,Primary5,Primary6,Primary7,Primary8,Primary9,Primary10,Primary11,Primary12,Primary13,Primary14,Primary15,Primary16,Primary17,Primary18,Primary19,Primary20,Primary21,Primary22,Primary23
6332,341676,79098,406969,388743,105373265,112268422,33,4057,201625,11148,131873,645843,200879,306,105180390,641776,105180391,102723849,65217,113218482,112268252,105372793,6523;Primary2,Primary3,Primary4,Primary5,Primary6,Primary7,Primary8,Primary9,Primary10,Primary11,Primary12,Primary13,Primary14,Primary15,Primary16,Primary17,Primary18,Primary19,Primary20,Primary21,Primary22,Primary23
6332,103504738,388743,33,11148,131873,645843,200879,306,102723849,120892,100652781,94025,79818,6523;Primary1,Primary2,Primary3,Primary5,Primary6,Primary7,Primary8,Primary9,Primary10,Primary11,Primary12,Primary13,Primary14,Primary15,Primary16,Primary17,Primary18,Primary19,Primary20,Primary21,Primary22,Primary23
6332,146177,33,131873,200879,306,120892,6523;Primary1,Primary2,Primary3,Primary4,Primary5,Primary6,Primary7,Primary8,Primary9,Primary10,Primary11,Primary12,Primary13,Primary14,Primary15,Primary16,Primary17,Primary18,Primary19,Primary20,Primary21,Primary22,Primary23
6332,440352,33,11148,645843,102723849,100652781,503645;Primary1,Primary2,Primary3,Primary4,Primary5,Primary6,Primary7,Primary8,Primary9,Primary10,Primary11,Primary12,Primary13,Primary14,Primary15,Primary16,Primary17,Primary18,Primary19,Primary20,Primary21,Primary22,Primary23
6332,503645,388743,33,11148,645843,200879,102723849,120892,100652781,6523;Primary1,Primary2,Primary3,Primary4,Primary5,Primary6,Primary7,Primary8,Primary9,Primary10,Primary11,Primary12,Primary13,Primary14,Primary15,Primary16,Primary17,Primary18,Primary19,Primary20,Primary21,Primary22,Primary23
6332,284434,33,645843,200879,102723849,120892,100652781,503645,6523;Primary1,Primary2,Primary3,Primary4,Primary5,Primary6,Primary7,Primary8,Primary9,Primary10,Primary11,Primary12,Primary13,Primary14,Primary15,Primary16,Primary17,Primary18,Primary19,Primary20,Primary21,Primary22,Primary23
6332,5349,388743,33,11148,131873,645843,200879,102723849,120892,3856,112268252,6523;Primary1,Primary2,Primary3,Primary4,Primary5,Primary6,Primary7,Primary8,Primary9,Primary10,Primary11,Primary12,Primary13,Primary14,Primary16,Primary17,Primary18,Primary19,Primary20,Primary21,Primary22,Primary23
6332,163131,105373265,112268422,33,4057,11148,131873,200879,306,105180390,641776,105180391,102723849,65217,3856,113218482,94025,112268252;Primary2,Primary3,Primary4,Primary5,Primary6,Primary7,Primary8,Primary9,Primary10,Primary11,Primary12,Primary13,Primary14,Primary15,Primary16,Primary17,Primary18,Primary19,Primary20,Primary21,Primary22,Primary23
6332,1556,1579;Primary1,Primary2,Primary3,Primary4,Primary5,Primary7,Primary8,Primary9,Primary10,Primary11,Primary12,Primary13,Primary14,Primary15,Primary16,Primary17,Primary18,Primary19,Primary20,Primary21,Primary22,Primary23
6332,388555,79098,406969,105373265,112268422,33,4057,201625,11148,131873,200879,306,641776,105180391,102723849,65217,3856,113218482,112268252,105372793,6523,2277;Primary2,Primary3,Primary4,Primary5,Primary6,Primary7,Primary8,Primary9,Primary10,Primary11,Primary12,Primary13,Primary14,Primary15,Primary16,Primary17,Primary18,Primary19,Primary20,Primary21,Primary22,Primary23
6332,26226,2327,4057,11148,306,3856,113218482,503640,112268252,6523;Primary2,Primary3,Primary4,Primary5,Primary6,Primary7,Primary8,Primary9,Primary10,Primary11,Primary12,Primary13,Primary14,Primary15,Primary16,Primary17,Primary18,Primary19,Primary20,Primary21,Primary22,Primary23
115677,54997;Primary1,Primary2,Primary3,Primary4,Primary5,Primary6,Primary7,Primary8,Primary9,Primary10,Primary11,Primary12,Primary13,Primary14,Primary15,Primary16,Primary17,Primary18,Primary19,Primary20,Primary21,Primary22,Primary23
115677,55808;Primary1,Primary2,Primary3,Primary4,Primary5,Primary6,Primary7,Primary8,Primary9,Primary10,Primary11,Primary12,Primary13,Primary14,Primary15,Primary16,Primary17,Primary18,Primary19,Primary20,Primary21,Primary22,Primary23
115677,57186,7851;Primary1,Primary2,Primary4,Primary5,Primary6,Primary7,Primary8,Primary9,Primary10,Primary11,Primary12,Primary13,Primary14,Primary15,Primary16,Primary17,Primary18,Primary19,Primary20,Primary21,Primary22,Primary23
1746,57575,1515;Primary1,Primary2,Primary3,Primary4,Primary5,Primary6,Primary8,Primary9,Primary10,Primary11,Primary12,Primary13,Primary14,Primary15,Primary16,Primary17,Primary18,Primary19,Primary20,Primary21,Primary22,Primary23
1746,10586,57111,448831,7060,105,6441,4892,441581,1028,3229,6751,1381,4222,57526,340596;Primary1,Primary2,Primary3,Primary4,Primary5,Primary6,Primary7,Primary8,Primary9,Primary10,Primary11,Primary12,Primary13,Primary14,Primary16,Primary17,Primary18,Primary19,Primary20,Primary21,Primary22,Primary23
1746,79632,1515;Primary1,Primary2,Primary3,Primary4,Primary5,Primary6,Primary7,Primary8,Primary9,Primary10,Primary11,Primary12,Primary13,Primary14,Primary15,Primary16,Primary17,Primary18,Primary19,Primary20,Primary21,Primary22,Primary23
1746,100506380,1515;Primary1,Primary2,Primary3,Primary4,Primary5,Primary6,Primary7,Primary8,Primary9,Primary10,Primary12,Primary13,Primary14,Primary15,Primary16,Primary17,Primary18,Primary19,Primary20,Primary21,Primary22,Primary23
1746,157310,3875;Primary1,Primary2,Primary3,Primary4,Primary5,Primary6,Primary7,Primary8,Primary9,Primary10,Primary11,Primary12,Primary13,Primary14,Primary15,Primary16,Primary17,Primary18,Primary19,Primary20,Primary21,Primary22,Primary23
1746,58524,277,10071,114569,22943,22941,3229,387882,28984,7080,284111,50964,64073;Primary1,Primary2,Primary3,Primary4,Primary5,Primary6,Primary7,Primary8,Primary9,Primary10,Primary11,Primary13,Primary14,Primary15,Primary16,Primary17,Primary18,Primary19,Primary20,Primary21,Primary22,Primary23
1746,1515,10568,1028,1381,57524;Primary1,Primary2,Primary3,Primary4,Primary5,Primary6,Primary7,Primary8,Primary9,Primary10,Primary11,Primary12,Primary13,Primary14,Primary15,Primary16,Primary17,Primary18,Primary19,Primary20,Primary21,Primary22,Primary23
1746,138428,54897,10071,9228,114569,22943,22941,3229,7080,284111,50964,64073;Primary1,Primary2,Primary3,Primary4,Primary5,Primary6,Primary7,Primary8,Primary9,Primary10,Primary11,Primary13,Primary14,Primary15,Primary16,Primary17,Primary18,Primary19,Primary20,Primary21,Primary22,Primary23
1746,286207,54897,10071,114569,138428,22943,22941,3229,7080,284111,50964,64073;Primary1,Primary2,Primary3,Primary4,Primary5,Primary6,Primary7,Primary8,Primary9,Primary10,Primary11,Primary13,Primary14,Primary15,Primary16,Primary17,Primary18,Primary19,Primary20,Primary21,Primary22,Primary23
1746,83643;Primary1,Primary2,Primary3,Primary4,Primary5,Primary6,Primary7,Primary8,Primary9,Primary10,Primary11,Primary13,Primary14,Primary15,Primary16,Primary17,Primary18,Primary19,Primary20,Primary21,Primary22,Primary23
1746,399726,56896,1515,4892,1028,57524,4222;Primary1,Primary2,Primary3,Primary4,Primary5,Primary6,Primary7,Primary9,Primary10,Primary11,Primary12,Primary13,Primary14,Primary15,Primary16,Primary17,Primary18,Primary19,Primary20,Primary21,Primary22,Primary23
1746,729238,10071,114569,58524,22943,22941,3229,387882,7080,284111,64073,6473;Primary1,Primary2,Primary3,Primary4,Primary5,Primary6,Primary7,Primary8,Primary9,Primary10,Primary11,Primary13,Primary14,Primary15,Primary16,Primary17,Primary18,Primary19,Primary20,Primary21,Primary22,Primary23
1746,10579,3229,7080;Primary1,Primary2,Primary3,Primary4,Primary5,Primary6,Primary7,Primary8,Primary9,Primary10,Primary11,Primary12,Primary13,Primary14,Primary15,Primary16,Primary17,Primary18,Primary19,Primary20,Primary21,Primary22,Primary23
1746,3229,79632,7080;Primary1,Primary2,Primary3,Primary4,Primary5,Primary6,Primary7,Primary8,Primary9,Primary10,Primary11,Primary12,Primary13,Primary14,Primary15,Primary16,Primary17,Primary18,Primary19,Primary20,Primary21,Primary22,Primary23
1746,2065,7060,105,6751,1381,4222,57526;Primary1,Primary2,Primary3,Primary4,Primary5,Primary6,Primary7,Primary8,Primary9,Primary10,Primary11,Primary12,Primary13,Primary14,Primary16,Primary17,Primary18,Primary19,Primary20,Primary21,Primary22,Primary23
1746,8091,57111,10568,7060,105,6441,441581,1028,6751,1381,57524,4222,2627,57526;Primary1,Primary2,Primary3,Primary4,Primary5,Primary7,Primary8,Primary9,Primary10,Primary11,Primary12,Primary13,Primary14,Primary15,Primary16,Primary17,Primary18,Primary19,Primary20,Primary21,Primary22,Primary23
1746,100129940,57111,10568,7060,105,6441,4892,441581,1028,3229,7546,6751,1381,57524,4222,2627,340596;Primary1,Primary2,Primary3,Primary4,Primary5,Primary6,Primary7,Primary8,Primary9,Primary10,Primary11,Primary12,Primary13,Primary14,Primary16,Primary17,Primary18,Primary19,Primary20,Primary21,Primary22,Primary23
1746,4604,7060,105,4892,441581,6751,1381,4222,2627,340596;Primary1,Primary2,Primary3,Primary4,Primary5,Primary6,Primary7,Primary8,Primary9,Primary10,Primary11,Primary12,Primary13,Primary14,Primary16,Primary17,Primary18,Primary19,Primary20,Primary21,Primary22,Primary23
1746,387882,277,10071,9228,114569,22943,22941,3229,28984,7080,284111,50964,64073;Primary1,Primary2,Primary3,Primary4,Primary5,Primary6,Primary7,Primary8,Primary9,Primary10,Primary11,Primary13,Primary14,Primary15,Primary16,Primary17,Primary18,Primary19,Primary20,Primary21,Primary22,Primary23
1746,2595,1515;Primary1,Primary2,Primary3,Primary4,Primary5,Primary6,Primary7,Primary8,Primary9,Primary10,Primary11,Primary12,Primary13,Primary14,Primary15,Primary16,Primary18,Primary19,Primary20,Primary21,Primary22,Primary23
1746,21,79632,114569,7080;Primary1,Primary2,Primary3,Primary4,Primary5,Primary6,Primary7,Primary8,Primary9,Primary10,Primary11,Primary13,Primary14,Primary15,Primary16,Primary17,Primary18,Primary19,Primary20,Primary21,Primary22,Primary23
1746,55567,3875,3229,7080;Primary1,Primary2,Primary3,Primary4,Primary5,Primary6,Primary8,Primary9,Primary10,Primary11,Primary12,Primary13,Primary14,Primary15,Primary16,Primary17,Primary18,Primary19,Primary20,Primary21,Primary22,Primary23
1746,8153,10568,7060,222183,1028,3229,7546,1381,57524,340596;Primary1,Primary2,Primary3,Primary4,Primary5,Primary6,Primary7,Primary8,Primary9,Primary10,Primary11,Primary12,Primary13,Primary14,Primary16,Primary17,Primary18,Primary19,Primary20,Primary21,Primary22,Primary23
1746,2922,10568,7060,1028,1381,57524,4222;Primary1,Primary2,Primary3,Primary4,Primary5,Primary6,Primary7,Primary8,Primary9,Primary10,Primary11,Primary12,Primary14,Primary15,Primary16,Primary17,Primary18,Primary19,Primary20,Primary21,Primary22,Primary23
1746,3780,10568,222183,1515,1028,3229,7546,7080,1381,57524,8153;Primary1,Primary2,Primary3,Primary4,Primary5,Primary6,Primary7,Primary8,Primary9,Primary10,Primary11,Primary12,Primary13,Primary14,Primary16,Primary17,Primary18,Primary19,Primary20,Primary21,Primary22,Primary23
1746,6473,277,10071,9228,114569,22943,22941,3229,387882,28984,7080,284111,64073;Primary1,Primary2,Primary3,Primary4,Primary5,Primary6,Primary7,Primary8,Primary9,Primary10,Primary11,Primary13,Primary14,Primary15,Primary16,Primary17,Primary18,Primary19,Primary20,Primary21,Primary22,Primary23
1746,57526,57111,10568,448831,7060,105,6441,4892,441581,1028,3229,6751,1381,57524,4222,2627,340596;Primary1,Primary2,Primary3,Primary4,Primary5,Primary6,Primary7,Primary8,Primary9,Primary10,Primary11,Primary12,Primary13,Primary14,Primary16,Primary17,Primary18,Primary19,Primary20,Primary21,Primary22,Primary23
406903,26797;Primary1,Primary2,Primary3,Primary5,Primary6,Primary7,Primary8,Primary9,Primary10,Primary11,Primary12,Primary13,Primary14,Primary15,Primary16,Primary17,Primary18,Primary19,Primary20,Primary21,Primary22,Primary23
406903,399949;Primary1,Primary2,Primary3,Primary4,Primary5,Primary7,Primary8,Primary9,Primary10,Primary11,Primary12,Primary13,Primary14,Primary15,Primary16,Primary17,Primary18,Primary19,Primary20,Primary21,Primary22,Primary23
406903,158798;Primary1,Primary2,Primary3,Primary4,Primary5,Primary6,Primary7,Primary8,Primary9,Primary10,Primary11,Primary12,Primary13,Primary14,Primary15,Primary16,Primary17,Primary18,Primary19,Primary20,Primary21,Primary23
10203,51185;Primary1,Primary2,Primary3,Primary4,Primary5,Primary7,Primary8,Primary9,Primary10,Primary11,Primary12,Primary13,Primary14,Primary15,Primary16,Primary17,Primary18,Primary19,Primary20,Primary21,Primary22,Primary23
10203,4585,1043,1906,93035,4629,28824;Primary1,Primary2,Primary3,Primary4,Primary5,Primary6,Primary8,Primary9,Primary10,Primary11,Primary12,Primary13,Primary14,Primary15,Primary16,Primary17,Primary18,Primary19,Primary20,Primary21,Primary22,Primary23
10203,730,1906,4629,28824,56241;Primary2,Primary3,Primary4,Primary5,Primary6,Primary7,Primary8,Primary9,Primary10,Primary11,Primary12,Primary13,Primary14,Primary15,Primary16,Primary17,Primary18,Primary19,Primary20,Primary21,Primary22,Primary23
10203,644649;Primary1,Primary2,Primary3,Primary4,Primary5,Primary6,Primary7,Primary8,Primary10,Primary11,Primary12,Primary13,Primary14,Primary15,Primary16,Primary17,Primary18,Primary19,Primary20,Primary21,Primary22,Primary23
10203,218,1043,1906,4629,28824;Primary1,Primary2,Primary4,Primary5,Primary6,Primary7,Primary8,Primary9,Primary10,Primary11,Primary12,Primary13,Primary14,Primary15,Primary16,Primary17,Primary18,Primary19,Primary20,Primary21,Primary22,Primary23
10203,126353,57402,4629,28824;Primary1,Primary2,Primary3,Primary5,Primary6,Primary7,Primary8,Primary9,Primary10,Primary11,Primary12,Primary13,Primary14,Primary15,Primary16,Primary17,Primary18,Primary19,Primary20,Primary21,Primary22,Primary23
10203,28824,9411,1906,4629,56241;Primary1,Primary2,Primary3,Primary4,Primary5,Primary6,Primary7,Primary8,Primary9,Primary10,Primary11,Primary12,Primary13,Primary14,Primary15,Primary16,Primary17,Primary18,Primary19,Primary20,Primary21,Primary22,Primary23
10203,26226,1043,1906,4629,28824;Primary1,Primary2,Primary3,Primary4,Primary5,Primary7,Primary8,Primary9,Primary10,Primary11,Primary12,Primary13,Primary14,Primary15,Primary16,Primary17,Primary18,Primary19,Primary20,Primary21,Primary22,Primary23
8436,221395,9411,54861;Primary1,Primary2,Primary3,Primary4,Primary5,Primary6,Primary7,Primary8,Primary9,Primary10,Primary11,Primary12,Primary13,Primary14,Primary15,Primary17,Primary18,Primary19,Primary20,Primary21,Primary22,Primary23
8436,56892;Primary1,Primary2,Primary3,Primary4,Primary5,Primary6,Primary7,Primary8,Primary9,Primary10,Primary11,Primary12,Primary13,Primary14,Primary15,Primary16,Primary18,Primary19,Primary20,Primary21,Primary22,Primary23
8436,401492;Primary1,Primary2,Primary3,Primary4,Primary5,Primary6,Primary7,Primary8,Primary9,Primary10,Primary11,Primary12,Primary13,Primary14,Primary15,Primary16,Primary17,Primary18,Primary19,Primary20,Primary21,Primary22,Primary23
8436,101928580;Primary1,Primary2,Primary3,Primary4,Primary5,Primary6,Primary8,Primary9,Primary10,Primary11,Primary12,Primary13,Primary14,Primary15,Primary16,Primary17,Primary18,Primary19,Primary20,Primary21,Primary22,Primary23
8436,107984406;Primary1,Primary2,Primary3,Primary4,Primary5,Primary6,Primary7,Primary8,Primary9,Primary10,Primary11,Primary12,Primary13,Primary14,Primary15,Primary16,Primary17,Primary18,Primary19,Primary20,Primary21,Primary22,Primary23
8436,54997,401492;Primary1,Primary2,Primary3,Primary4,Primary5,Primary6,Primary7,Primary8,Primary9,Primary10,Primary11,Primary12,Primary13,Primary14,Primary15,Primary16,Primary18,Primary19,Primary20,Primary21,Primary22,Primary23
8436,1910,9411,7851;Primary1,Primary2,Primary3,Primary4,Primary5,Primary6,Primary7,Primary8,Primary9,Primary10,Primary11,Primary12,Primary13,Primary14,Primary15,Primary16,Primary18,Primary19,Primary20,Primary21,Primary22,Primary23
8436,2627;Primary1,Primary2,Primary3,Primary4,Primary5,Primary6,Primary7,Primary8,Primary9,Primary10,Primary11,Primary13,Primary14,Primary15,Primary16,Primary17,Primary18,Primary19,Primary20,Primary21,Primary22,Primary23
692058,130367,595135;Primary1,Primary2,Primary3,Primary4,Primary5,Primary6,Primary7,Primary8,Primary9,Primary10,Primary11,Primary12,Primary13,Primary14,Primary15,Primary17,Primary18,Primary19,Primary20,Primary21,Primary22,Primary23
692058,100130449;Primary1,Primary2,Primary3,Primary4,Primary5,Primary6,Primary7,Primary8,Primary9,Primary10,Primary11,Primary12,Primary13,Primary14,Primary15,Primary16,Primary17,Primary18,Primary19,Primary20,Primary21,Primary22,Primary23
692058,340267,10551,3880;Primary1,Primary2,Primary3,Primary4,Primary5,Primary6,Primary7,Primary8,Primary9,Primary11,Primary12,Primary13,Primary14,Primary15,Primary16,Primary17,Primary18,Primary19,Primary20,Primary21,Primary22,Primary23
692058,10551;Primary1,Primary2,Primary3,Primary4,Primary5,Primary6,Primary7,Primary8,Primary9,Primary10,Primary11,Primary12,Primary13,Primary14,Primary15,Primary16,Primary17,Primary18,Primary19,Primary20,Primary21,Primary22,Primary23
692058,1080,10551,3880;Primary1,Primary2,Primary4,Primary5,Primary6,Primary7,Primary8,Primary9,Primary10,Primary11,Primary12,Primary13,Primary14,Primary15,Primary16,Primary17,Primary18,Primary19,Primary20,Primary21,Primary22,Primary23
692058,595135;Primary1,Primary2,Primary3,Primary4,Primary5,Primary6,Primary7,Primary8,Primary9,Primary10,Primary11,Primary12,Primary13,Primary14,Primary15,Primary16,Primary17,Primary18,Primary19,Primary20,Primary21,Primary22,Primary23
692058,10129;Primary1,Primary3,Primary4,Primary5,Primary6,Primary7,Primary8,Primary9,Primary10,Primary11,Primary12,Primary13,Primary14,Primary15,Primary16,Primary17,Primary18,Primary19,Primary20,Primary21,Primary22,Primary23
692058,55329,10551;Primary1,Primary2,Primary3,Primary5,Primary6,Primary7,Primary8,Primary9,Primary10,Primary11,Primary12,Primary13,Primary14,Primary15,Primary16,Primary17,Primary18,Primary19,Primary20,Primary21,Primary22,Primary23
692058,400578;Primary1,Primary2,Primary3,Primary4,Primary5,Primary6,Primary7,Primary8,Primary9,Primary10,Primary11,Primary12,Primary13,Primary14,Primary15,Primary16,Primary17,Primary18,Primary19,Primary20,Primary21,Primary22,Primary23
692058,102723382,595135;Primary1,Primary2,Primary3,Primary4,Primary5,Primary6,Primary8,Primary9,Primary10,Primary11,Primary12,Primary13,Primary14,Primary15,Primary16,Primary17,Primary18,Primary19,Primary20,Primary21,Primary22,Primary23
33,55892,112268422,11148,200879,105180390,102723849,1577,341676,100652781,94025,163131;Primary1,Primary2,Primary3,Primary4,Primary6,Primary7,Primary8,Primary9,Primary10,Primary11,Primary12,Primary13,Primary14,Primary15,Primary16,Primary17,Primary18,Primary19,Primary20,Primary21,Primary22,Primary23
33,10529;Primary1,Primary2,Primary3,Primary4,Primary5,Primary6,Primary7,Primary8,Primary9,Primary10,Primary11,Primary12,Primary13,Primary14,Primary15,Primary16,Primary17,Primary18,Primary19,Primary20,Primary21,Primary22,Primary23
33,5544,5545;Primary1,Primary2,Primary3,Primary4,Primary5,Primary7,Primary8,Primary9,Primary10,Primary11,Primary12,Primary13,Primary14,Primary15,Primary16,Primary17,Primary18,Primary19,Primary20,Primary21,Primary22,Primary23
33,284323,11148,306,105180390,641776,105180391,102723849,1577,341676,100652781,163131;Primary1,Primary2,Primary3,Primary4,Primary5,Primary6,Primary7,Primary8,Primary9,Primary10,Primary11,Primary12,Primary13,Primary14,Primary15,Primary16,Primary17,Primary18,Primary19,Primary20,Primary21,Primary22,Primary23
33,389852,112268422,11148,200879,105180391,102723849,1577,341676,105372793,2277;Primary1,Primary2,Primary3,Primary4,Primary5,Primary6,Primary8,Primary9,Primary10,Primary11,Primary12,Primary13,Primary14,Primary15,Primary16,Primary17,Primary18,Primary19,Primary20,Primary21,Primary22,Primary23
33,102723508,79098,105373265,112268422,4057,201625,11148,131873,200879,306,728643,60494,3856,113218482,112268252,388555,105372793,6523,2277;Primary2,Primary3,Primary4,Primary5,Primary6,Primary7,Primary8,Primary9,Primary10,Primary11,Primary12,Primary13,Primary14,Primary15,Primary16,Primary17,Primary18,Primary19,Primary20,Primary21,Primary22,Primary23
33,102466759,79098,105373265,112268422,4057,201625,11148,131873,645843,200879,306,105180390,641776,105180391,102723849,728643,65217,3856,113218482,94025,112268252,105372793,6523,2277;Primary1,Primary2,Primary3,Primary4,Primary5,Primary6,Primary8,Primary9,Primary10,Primary11,Primary12,Primary13,Primary14,Primary15,Primary16,Primary17,Primary18,Primary19,Primary20,Primary21,Primary22,Primary23
130367,153643;Primary1,Primary2,Primary3,Primary4,Primary5,Primary6,Primary7,Primary8,Primary9,Primary10,Primary11,Primary12,Primary13,Primary14,Primary15,Primary16,Primary17,Primary18,Primary19,Primary20,Primary21,Primary22,Primary23
130367,135656,153643;Primary1,Primary3,Primary4,Primary5,Primary6,Primary7,Primary8,Primary9,Primary10,Primary11,Primary12,Primary13,Primary14,Primary15,Primary16,Primary17,Primary18,Primary19,Primary20,Primary21,Primary22,Primary23
130367,646480,595135,1770,218;Primary1,Primary2,Primary3,Primary4,Primary5,Primary6,Primary7,Primary8,Primary9,Primary10,Primary11,Primary12,Primary13,Primary14,Primary15,Primary17,Primary18,Primary19,Primary20,Primary21,Primary22,Primary23
130367,83481;Primary1,Primary2,Primary3,Primary4,Primary5,Primary6,Primary7,Primary8,Primary9,Primary10,Primary11,Primary12,Primary13,Primary14,Primary16,Primary17,Primary18,Primary19,Primary20,Primary21,Primary22,Primary23
130367,595135;Primary1,Primary2,Primary3,Primary4,Primary5,Primary6,Primary7,Primary8,Primary9,Primary10,Primary11,Primary12,Primary13,Primary14,Primary15,Primary16,Primary17,Primary18,Primary19,Primary20,Primary21,Primary22,Primary23
130367,4586;Primary1,Primary2,Primary3,Primary4,Primary5,Primary6,Primary7,Primary9,Primary10,Primary11,Primary12,Primary13,Primary14,Primary15,Primary16,Primary17,Primary18,Primary19,Primary20,Primary21,Primary22,Primary23
130367,9356;Primary1,Primary2,Primary4,Primary5,Primary6,Primary7,Primary8,Primary9,Primary10,Primary11,Primary12,Primary13,Primary14,Primary15,Primary16,Primary17,Primary18,Primary19,Primary20,Primary21,Primary22,Primary23
130367,85349,646480,1770,218;Primary1,Primary2,Primary3,Primary4,Primary5,Primary6,Primary7,Primary8,Primary9,Primary10,Primary11,Primary12,Primary13,Primary14,Primary15,Primary17,Primary18,Primary19,Primary20,Primary21,Primary22,Primary23
1286,776,79740,5225,11081,246,27134;Primary1,Primary2,Primary3,Primary4,Primary5,Primary6,Primary7,Primary8,Primary9,Primary10,Primary12,Primary13,Primary14,Primary15,Primary16,Primary17,Primary18,Primary19,Primary20,Primary21,Primary22,Primary23
1286,79740,441151,11081;Primary1,Primary2,Primary3,Primary4,Primary5,Primary6,Primary7,Primary8,Primary9,Primary10,Primary11,Primary12,Primary13,Primary14,Primary15,Primary16,Primary17,Primary18,Primary19,Primary20,Primary21,Primary22,Primary23
1286,886,419,441151,9211,54084;Primary1,Primary2,Primary3,Primary4,Primary5,Primary6,Primary7,Primary9,Primary10,Primary11,Primary12,Primary13,Primary14,Primary15,Primary16,Primary17,Primary18,Primary19,Primary20,Primary21,Primary22,Primary23
1286,641384,776;Primary1,Primary2,Primary3,Primary4,Primary5,Primary6,Primary7,Primary8,Primary9,Primary10,Primary12,Primary13,Primary14,Primary15,Primary16,Primary17,Primary18,Primary19,Primary20,Primary21,Primary22,Primary23
1286,222389;Primary1,Primary2,Primary3,Primary4,Primary5,Primary6,Primary7,Primary8,Primary9,Primary10,Primary11,Primary13,Primary14,Primary15,Primary16,Primary17,Primary18,Primary19,Primary20,Primary21,Primary22,Primary23
1286,606,100419743,5225,11081,160728,246,27134;Primary1,Primary2,Primary3,Primary4,Primary5,Primary6,Primary7,Primary8,Primary9,Primary10,Primary11,Primary12,Primary13,Primary14,Primary15,Primary16,Primary17,Primary18,Primary19,Primary20,Primary21,Primary23
1286,100033430,79740,11081;Primary1,Primary2,Primary3,Primary4,Primary5,Primary6,Primary7,Primary8,Primary9,Primary10,Primary11,Primary12,Primary13,Primary14,Primary15,Primary16,Primary17,Primary18,Primary19,Primary20,Primary21,Primary22,Primary23
1286,8153,441151,57524,3780,54084;Primary1,Primary2,Primary3,Primary4,Primary5,Primary6,Primary7,Primary8,Primary9,Primary10,Primary11,Primary13,Primary14,Primary15,Primary16,Primary17,Primary18,Primary19,Primary20,Primary21,Primary22,Primary23
1286,54084,79740,441151;Primary1,Primary2,Primary3,Primary4,Primary5,Primary6,Primary7,Primary8,Primary9,Primary10,Primary11,Primary12,Primary13,Primary14,Primary15,Primary16,Primary17,Primary18,Primary19,Primary20,Primary21,Primary22,Primary23
1286,728226,79740,5225,11081,100033430,246,27134;Primary1,Primary2,Primary3,Primary4,Primary5,Primary6,Primary7,Primary8,Primary9,Primary10,Primary12,Primary13,Primary14,Primary15,Primary16,Primary17,Primary18,Primary19,Primary20,Primary21,Primary22,Primary23
1285,100506658;Primary1,Primary2,Primary3,Primary4,Primary5,Primary6,Primary7,Primary8,Primary9,Primary10,Primary12,Primary13,Primary14,Primary15,Primary16,Primary17,Primary18,Primary19,Primary20,Primary21,Primary22,Primary23
1285,441151,767566,3780;Primary1,Primary2,Primary3,Primary4,Primary5,Primary7,Primary8,Primary9,Primary10,Primary11,Primary12,Primary13,Primary14,Primary15,Primary16,Primary17,Primary18,Primary19,Primary20,Primary21,Primary22,Primary23
1285,345895;Primary1,Primary2,Primary3,Primary4,Primary5,Primary6,Primary7,Primary8,Primary9,Primary11,Primary12,Primary13,Primary14,Primary15,Primary16,Primary17,Primary18,Primary19,Primary20,Primary21,Primary22,Primary23
1285,8091,105373265,65217,767566,388555;Primary1,Primary2,Primary3,Primary4,Primary5,Primary6,Primary7,Primary8,Primary9,Primary10,Primary12,Primary13,Primary14,Primary15,Primary16,Primary17,Primary18,Primary19,Primary20,Primary21,Primary22,Primary23
1285,341676,406969,105373265,112268422,33,65217,767566,388555;Primary1,Primary2,Primary3,Primary4,Primary5,Primary6,Primary7,Primary8,Primary9,Primary10,Primary12,Primary13,Primary14,Primary15,Primary16,Primary17,Primary18,Primary19,Primary20,Primary21,Primary22,Primary23
1285,767566;Primary1,Primary2,Primary3,Primary4,Primary5,Primary6,Primary7,Primary8,Primary9,Primary10,Primary11,Primary12,Primary13,Primary14,Primary15,Primary16,Primary17,Primary18,Primary19,Primary20,Primary21,Primary22,Primary23
1285,8153,255928,3481,5544,5545,3219;Primary1,Primary2,Primary3,Primary4,Primary5,Primary7,Primary8,Primary9,Primary10,Primary11,Primary12,Primary13,Primary14,Primary15,Primary16,Primary17,Primary18,Primary19,Primary20,Primary21,Primary22,Primary23
1285,3780,255928,5544,8153,388555;Primary1,Primary2,Primary3,Primary4,Primary5,Primary7,Primary8,Primary9,Primary10,Primary11,Primary12,Primary13,Primary14,Primary15,Primary16,Primary17,Primary18,Primary19,Primary20,Primary21,Primary22,Primary23
1285,79784;Primary1,Primary2,Primary3,Primary4,Primary5,Primary6,Primary7,Primary8,Primary9,Primary10,Primary11,Primary12,Primary13,Primary14,Primary15,Primary16,Primary17,Primary18,Primary19,Primary20,Primary21,Primary22,Primary23
1285,54084,255928,886,9211;Primary1,Primary2,Primary3,Primary4,Primary5,Primary7,Primary8,Primary9,Primary10,Primary11,Primary12,Primary13,Primary14,Primary15,Primary16,Primary17,Primary18,Primary19,Primary20,Primary21,Primary22,Primary23
1285,389852;Primary1,Primary2,Primary3,Primary4,Primary5,Primary6,Primary7,Primary8,Primary9,Primary10,Primary11,Primary13,Primary14,Primary15,Primary16,Primary17,Primary18,Primary19,Primary20,Primary21,Primary22,Primary23
79083,54848,6101;Primary1,Primary2,Primary3,Primary4,Primary5,Primary6,Primary7,Primary8,Primary9,Primary10,Primary11,Primary12,Primary13,Primary14,Primary15,Primary16,Primary17,Primary18,Primary19,Primary20,Primary21,Primary22
79083,4583;Primary1,Primary2,Primary3,Primary4,Primary5,Primary6,Primary7,Primary9,Primary10,Primary11,Primary12,Primary13,Primary14,Primary15,Primary16,Primary17,Primary18,Primary19,Primary20,Primary21,Primary22,Primary23
79083,3929;Primary1,Primary2,Primary3,Primary4,Primary5,Primary6,Primary7,Primary8,Primary9,Primary10,Primary11,Primary12,Primary13,Primary14,Primary15,Primary16,Primary17,Primary18,Primary19,Primary21,Primary22,Primary23
9208,647024;Primary1,Primary2,Primary3,Primary4,Primary5,Primary6,Primary8,Primary9,Primary10,Primary11,Primary12,Primary13,Primary14,Primary15,Primary16,Primary17,Primary18,Primary19,Primary20,Primary21,Primary22,Primary23
9208,221395;Primary1,Primary2,Primary3,Primary4,Primary5,Primary6,Primary7,Primary8,Primary10,Primary11,Primary12,Primary13,Primary14,Primary15,Primary16,Primary17,Primary18,Primary19,Primary20,Primary21,Primary22,Primary23
9208,6103;Primary1,Primary2,Primary3,Primary4,Primary5,Primary6,Primary7,Primary8,Primary10,Primary11,Primary12,Primary13,Primary14,Primary15,Primary16,Primary17,Primary18,Primary19,Primary20,Primary21,Primary22,Primary23
100130449,79740,100033430,253982;Primary1,Primary2,Primary3,Primary4,Primary5,Primary7,Primary8,Primary9,Primary10,Primary11,Primary12,Primary13,Primary14,Primary15,Primary16,Primary17,Primary18,Primary19,Primary20,Primary21,Primary22,Primary23
100130449,56955,6440,6505,3880;Primary1,Primary2,Primary3,Primary4,Primary5,Primary6,Primary7,Primary8,Primary9,Primary10,Primary11,Primary12,Primary13,Primary14,Primary15,Primary16,Primary17,Primary18,Primary19,Primary20,Primary21,Primary22,Primary23
100130449,57575,6505;Primary1,Primary2,Primary3,Primary4,Primary5,Primary6,Primary7,Primary8,Primary9,Primary10,Primary11,Primary13,Primary14,Primary15,Primary16,Primary17,Primary18,Primary19,Primary20,Primary21,Primary22,Primary23
100130449,101927516;Primary1,Primary3,Primary4,Primary5,Primary6,Primary7,Primary8,Primary9,Primary10,Primary11,Primary12,Primary13,Primary14,Primary15,Primary16,Primary17,Primary18,Primary19,Primary20,Primary21,Primary22,Primary23
100130449,100874002;Primary1,Primary2,Primary3,Primary5,Primary6,Primary7,Primary8,Primary9,Primary10,Primary11,Primary12,Primary13,Primary14,Primary15,Primary16,Primary17,Primary18,Primary19,Primary20,Primary21,Primary22,Primary23
100130449,168090,56955,6440,6505,3880;Primary1,Primary2,Primary3,Primary4,Primary5,Primary6,Primary7,Primary8,Primary9,Primary10,Primary11,Primary12,Primary13,Primary14,Primary15,Primary16,Primary18,Primary19,Primary20,Primary21,Primary22,Primary23
100130449,340267,130271,56955,3880;Primary1,Primary2,Primary3,Primary4,Primary5,Primary6,Primary7,Primary9,Primary10,Primary11,Primary12,Primary13,Primary14,Primary15,Primary16,Primary17,Primary18,Primary19,Primary20,Primary21,Primary22,Primary23
100130449,10071,56955,340267,6505,3880;Primary1,Primary2,Primary3,Primary4,Primary5,Primary6,Primary7,Primary8,Primary9,Primary10,Primary11,Primary12,Primary13,Primary14,Primary16,Primary17,Primary18,Primary19,Primary20,Primary21,Primary22,Primary23
100130449,22941,79740,253982;Primary1,Primary2,Primary3,Primary4,Primary5,Primary6,Primary7,Primary8,Primary9,Primary10,Primary11,Primary12,Primary13,Primary14,Primary16,Primary17,Primary18,Primary19,Primary20,Primary21,Primary22,Primary23
100130449,55507;Primary1,Primary2,Primary3,Primary4,Primary5,Primary6,Primary7,Primary9,Primary10,Primary11,Primary12,Primary13,Primary14,Primary15,Primary16,Primary17,Primary18,Primary19,Primary20,Primary21,Primary22,Primary23
100130449,100033430,253982;Primary1,Primary3,Primary4,Primary5,Primary6,Primary7,Primary8,Primary9,Primary10,Primary11,Primary12,Primary13,Primary14,Primary15,Primary16,Primary17,Primary18,Primary19,Primary20,Primary21,Primary22,Primary23
100130449,100033436;Primary1,Primary2,Primary3,Primary4,Primary5,Primary6,Primary8,Primary9,Primary10,Primary11,Primary12,Primary13,Primary14,Primary15,Primary16,Primary17,Primary18,Primary19,Primary20,Primary21,Primary22,Primary23
100130449,55930,6440,6505;Primary1,Primary2,Primary3,Primary5,Primary6,Primary7,Primary8,Primary9,Primary10,Primary11,Primary12,Primary13,Primary14,Primary15,Primary16,Primary17,Primary18,Primary19,Primary20,Primary21,Primary22,Primary23
100130449,253982;Primary1,Primary2,Primary3,Primary4,Primary5,Primary6,Primary7,Primary8,Primary9,Primary10,Primary11,Primary12,Primary13,Primary14,Primary15,Primary16,Primary17,Primary18,Primary19,Primary20,Primary21,Primary22,Primary23
51185,63924;Primary2,Primary3,Primary4,Primary5,Primary6,Primary7,Primary8,Primary9,Primary10,Primary11,Primary12,Primary13,Primary14,Primary15,Primary16,Primary17,Primary18,Primary19,Primary20,Primary21,Primary22,Primary23
51185,649946;Primary2,Primary3,Primary4,Primary5,Primary6,Primary7,Primary8,Primary9,Primary10,Primary11,Primary12,Primary13,Primary14,Primary15,Primary16,Primary17,Primary18,Primary19,Primary20,Primary21,Primary22,Primary23
51185,6337,276,4680;Primary1,Primary2,Primary3,Primary4,Primary6,Primary7,Primary8,Primary9,Primary10,Primary11,Primary12,Primary13,Primary14,Primary15,Primary16,Primary17,Primary18,Primary19,Primary20,Primary21,Primary22,Primary23
51185,55507;Primary1,Primary2,Primary3,Primary4,Primary5,Primary6,Primary8,Primary9,Primary10,Primary11,Primary12,Primary13,Primary14,Primary15,Primary16,Primary17,Primary18,Primary19,Primary20,Primary21,Primary22,Primary23
51185,644649;Primary1,Primary2,Primary3,Primary4,Primary5,Primary7,Primary8,Primary9,Primary10,Primary11,Primary12,Primary13,Primary14,Primary15,Primary16,Primary17,Primary18,Primary19,Primary20,Primary21,Primary22,Primary23
51185,3240;Primary2,Primary3,Primary4,Primary5,Primary6,Primary7,Primary8,Primary9,Primary10,Primary11,Primary12,Primary13,Primary14,Primary15,Primary16,Primary17,Primary18,Primary19,Primary20,Primary21,Primary22,Primary23
51185,4680,276,116228;Primary1,Primary2,Primary3,Primary4,Primary6,Primary7,Primary8,Primary9,Primary10,Primary11,Primary12,Primary13,Primary14,Primary15,Primary16,Primary17,Primary18,Primary19,Primary20,Primary21,Primary22,Primary23
63924,9223,730,563;Primary1,Primary2,Primary3,Primary4,Primary5,Primary6,Primary8,Primary9,Primary10,Primary11,Primary12,Primary13,Primary14,Primary15,Primary16,Primary17,Primary18,Primary19,Primary20,Primary21,Primary22,Primary23
63924,256076,9370,100874095,730,100129460,5346,3240,66002,1048;Primary1,Primary2,Primary3,Primary5,Primary6,Primary7,Primary8,Primary9,Primary10,Primary11,Primary12,Primary13,Primary14,Primary15,Primary16,Primary17,Primary18,Primary19,Primary20,Primary21,Primary22,Primary23
63924,4883,83481;Primary2,Primary3,Primary4,Primary5,Primary6,Primary7,Primary8,Primary9,Primary10,Primary11,Primary12,Primary13,Primary14,Primary15,Primary16,Primary17,Primary18,Primary19,Primary20,Primary21,Primary22,Primary23
63924,195814,10071,114569,83481,22943,22941,28984,284111,64073;Primary2,Primary3,Primary4,Primary5,Primary6,Primary7,Primary8,Primary9,Primary10,Primary11,Primary12,Primary13,Primary14,Primary15,Primary16,Primary17,Primary18,Primary19,Primary20,Primary21,Primary22,Primary23
63924,9052,195814;Primary2,Primary3,Primary4,Primary5,Primary6,Primary7,Primary8,Primary9,Primary10,Primary11,Primary12,Primary13,Primary14,Primary15,Primary16,Primary17,Primary18,Primary19,Primary20,Primary21,Primary22,Primary23
63924,6799,1579,9370,100874095,57110,79908,5346,3240,66002,1048;Primary1,Primary2,Primary3,Primary4,Primary5,Primary6,Primary7,Primary8,Primary9,Primary10,Primary12,Primary13,Primary14,Primary15,Primary16,Primary17,Primary18,Primary19,Primary20,Primary21,Primary22,Primary23
63924,718,9370,100874095,730,100129460,563,5346,3240,66002,1048;Primary1,Primary2,Primary3,Primary4,Primary5,Primary6,Primary7,Primary8,Primary9,Primary10,Primary11,Primary12,Primary13,Primary14,Primary15,Primary16,Primary17,Primary18,Primary19,Primary20,Primary21,Primary22,Primary23
63924,100505495;Primary1,Primary3,Primary4,Primary5,Primary6,Primary7,Primary8,Primary9,Primary10,Primary11,Primary12,Primary13,Primary14,Primary15,Primary16,Primary17,Primary18,Primary19,Primary20,Primary21,Primary22,Primary23
79188,1767;Primary1,Primary2,Primary3,Primary4,Primary5,Primary7,Primary8,Primary9,Primary10,Primary11,Primary12,Primary13,Primary14,Primary15,Primary16,Primary17,Primary18,Primary19,Primary20,Primary21,Primary22,Primary23
79188,83481;Primary1,Primary2,Primary3,Primary4,Primary5,Primary6,Primary7,Primary8,Primary9,Primary10,Primary11,Primary12,Primary13,Primary14,Primary15,Primary16,Primary17,Primary19,Primary20,Primary21,Primary22,Primary23
105377033,155465,1080;Primary1,Primary2,Primary3,Primary4,Primary5,Primary6,Primary7,Primary8,Primary9,Primary10,Primary11,Primary12,Primary13,Primary14,Primary15,Primary16,Primary17,Primary18,Primary19,Primary20,Primary21,Primary23
105377033,105375355;Primary1,Primary2,Primary3,Primary4,Primary5,Primary6,Primary7,Primary8,Primary9,Primary10,Primary11,Primary12,Primary13,Primary14,Primary15,Primary16,Primary17,Primary18,Primary19,Primary20,Primary21,Primary22,Primary23
105377033,100133669;Primary1,Primary2,Primary4,Primary5,Primary6,Primary7,Primary8,Primary9,Primary10,Primary11,Primary12,Primary13,Primary14,Primary15,Primary16,Primary17,Primary18,Primary19,Primary20,Primary21,Primary22,Primary23
105377033,766;Primary1,Primary2,Primary3,Primary4,Primary5,Primary6,Primary7,Primary9,Primary10,Primary11,Primary12,Primary13,Primary14,Primary15,Primary16,Primary17,Primary18,Primary19,Primary20,Primary21,Primary22,Primary23
105377033,728226;Primary1,Primary2,Primary3,Primary4,Primary5,Primary6,Primary7,Primary9,Primary10,Primary11,Primary12,Primary13,Primary14,Primary15,Primary16,Primary17,Primary18,Primary19,Primary20,Primary21,Primary22,Primary23
54861,9223,57186;Primary1,Primary2,Primary3,Primary4,Primary5,Primary6,Primary7,Primary8,Primary9,Primary10,Primary11,Primary13,Primary14,Primary15,Primary16,Primary17,Primary18,Primary19,Primary20,Primary21,Primary22,Primary23
54861,27074,9411,6103;Primary2,Primary3,Primary4,Primary5,Primary6,Primary7,Primary8,Primary9,Primary10,Primary11,Primary12,Primary13,Primary14,Primary15,Primary16,Primary17,Primary18,Primary19,Primary20,Primary21,Primary22,Primary23
54861,4883;Primary1,Primary2,Primary3,Primary4,Primary5,Primary6,Primary7,Primary8,Primary10,Primary11,Primary12,Primary13,Primary14,Primary15,Primary16,Primary17,Primary18,Primary19,Primary20,Primary21,Primary22,Primary23
54861,1906,9411,57186;Primary1,Primary2,Primary3,Primary4,Primary5,Primary6,Primary7,Primary8,Primary9,Primary10,Primary11,Primary12,Primary13,Primary14,Primary15,Primary16,Primary17,Primary18,Primary19,Primary20,Primary21,Primary22,Primary23
54861,9771;Primary1,Primary2,Primary3,Primary4,Primary5,Primary6,Primary7,Primary8,Primary9,Primary10,Primary11,Primary13,Primary14,Primary15,Primary16,Primary17,Primary18,Primary19,Primary20,Primary21,Primary22,Primary23
54861,56892,8436;Primary1,Primary2,Primary3,Primary4,Primary5,Primary6,Primary7,Primary8,Primary9,Primary10,Primary11,Primary12,Primary13,Primary15,Primary16,Primary17,Primary18,Primary19,Primary20,Primary21,Primary22,Primary23
54861,401492,221395;Primary1,Primary2,Primary3,Primary4,Primary6,Primary7,Primary8,Primary9,Primary10,Primary11,Primary12,Primary13,Primary14,Primary15,Primary16,Primary17,Primary18,Primary19,Primary20,Primary21,Primary22,Primary23
54861,7225,221395;Primary1,Primary3,Primary4,Primary5,Primary6,Primary7,Primary8,Primary9,Primary10,Primary11,Primary12,Primary13,Primary14,Primary15,Primary16,Primary17,Primary18,Primary19,Primary20,Primary21,Primary22,Primary23
54861,107984406,8436;Primary1,Primary2,Primary3,Primary4,Primary5,Primary7,Primary8,Primary9,Primary10,Primary11,Primary12,Primary13,Primary14,Primary15,Primary16,Primary17,Primary18,Primary19,Primary20,Primary21,Primary22,Primary23
54861,1910,9411,7851,1906,57186;Primary1,Primary2,Primary4,Primary5,Primary6,Primary7,Primary8,Primary9,Primary10,Primary11,Primary12,Primary13,Primary14,Primary15,Primary16,Primary17,Primary18,Primary19,Primary20,Primary21,Primary22,Primary23
54861,57477,9411,7851;Primary1,Primary2,Primary3,Primary4,Primary5,Primary6,Primary7,Primary8,Primary9,Primary10,Primary11,Primary12,Primary13,Primary14,Primary15,Primary16,Primary17,Primary18,Primary19,Primary21,Primary22,Primary23
4057,4583;Primary1,Primary2,Primary3,Primary4,Primary5,Primary7,Primary8,Primary9,Primary10,Primary11,Primary12,Primary13,Primary14,Primary15,Primary16,Primary17,Primary18,Primary19,Primary20,Primary21,Primary22,Primary23
4057,503640,2327,6332,201625,11148,131873,306,3856,113218482,112268252,6523,102466759;Primary2,Primary3,Primary4,Primary5,Primary6,Primary7,Primary8,Primary9,Primary10,Primary11,Primary12,Primary13,Primary14,Primary15,Primary16,Primary17,Primary18,Primary19,Primary20,Primary21,Primary22,Primary23
4057,2125,11148,3856,113218482,2277,102723508;Primary1,Primary2,Primary3,Primary4,Primary5,Primary6,Primary7,Primary8,Primary9,Primary10,Primary11,Primary12,Primary13,Primary14,Primary15,Primary16,Primary17,Primary18,Primary19,Primary20,Primary21,Primary22,Primary23
4057,116844,79098,105373265,11148,645843,200879,728643,60494,3856,113218482,112268252,6523,2277;Primary1,Primary2,Primary3,Primary4,Primary5,Primary6,Primary7,Primary8,Primary9,Primary10,Primary11,Primary12,Primary13,Primary14,Primary15,Primary17,Primary18,Primary19,Primary20,Primary21,Primary22,Primary23
4057,7620,306,102723849,341676,94025,79818,102466759;Primary1,Primary2,Primary4,Primary5,Primary6,Primary7,Primary8,Primary9,Primary10,Primary11,Primary12,Primary13,Primary14,Primary15,Primary16,Primary17,Primary18,Primary19,Primary20,Primary21,Primary22,Primary23
4057,284323,33,11148,200879,306,105180390,105180391,102723849,1577,341676,100652781,503645,163131,105372793;Primary1,Primary2,Primary3,Primary4,Primary5,Primary6,Primary8,Primary9,Primary10,Primary11,Primary12,Primary13,Primary14,Primary15,Primary16,Primary17,Primary18,Primary19,Primary20,Primary21,Primary22,Primary23
4057,79818,11148,131873,306,105180390,641776,105180391,102723849,94025,112268252,6523;Primary1,Primary2,Primary3,Primary4,Primary5,Primary6,Primary7,Primary8,Primary9,Primary10,Primary11,Primary12,Primary13,Primary14,Primary15,Primary16,Primary17,Primary18,Primary19,Primary20,Primary21,Primary22,Primary23
4057,26226,11148,645843,306,120892,3856,113218482,100652781,112268252,105372793;Primary1,Primary2,Primary3,Primary4,Primary5,Primary6,Primary7,Primary8,Primary9,Primary10,Primary11,Primary12,Primary13,Primary14,Primary15,Primary16,Primary17,Primary18,Primary19,Primary20,Primary21,Primary22,Primary23
4057,389852,79098,406969,112268422,201625,11148,645843,200879,102723849,3856,113218482,112268252,105372793,6523,2277;Primary1,Primary2,Primary3,Primary4,Primary5,Primary6,Primary7,Primary8,Primary9,Primary10,Primary12,Primary13,Primary14,Primary15,Primary16,Primary17,Primary18,Primary19,Primary20,Primary21,Primary22,Primary23
776,339983,5225,100302161,11081,246,27134,4861;Primary1,Primary2,Primary3,Primary4,Primary5,Primary7,Primary8,Primary9,Primary10,Primary11,Primary12,Primary13,Primary14,Primary15,Primary16,Primary17,Primary18,Primary19,Primary20,Primary21,Primary22,Primary23
776,100419743,5225,100302161,11081,160728,246,27134,4861;Primary1,Primary2,Primary3,Primary4,Primary5,Primary7,Primary8,Primary9,Primary10,Primary11,Primary12,Primary13,Primary14,Primary15,Primary16,Primary17,Primary18,Primary19,Primary20,Primary21,Primary22,Primary23
776,5225,11081,246,27134;Primary1,Primary2,Primary3,Primary4,Primary5,Primary6,Primary7,Primary8,Primary9,Primary10,Primary11,Primary12,Primary13,Primary14,Primary15,Primary16,Primary17,Primary18,Primary19,Primary20,Primary21,Primary22,Primary23
776,641384,100302170;Primary1,Primary2,Primary3,Primary4,Primary5,Primary6,Primary7,Primary8,Primary9,Primary10,Primary11,Primary12,Primary13,Primary14,Primary15,Primary16,Primary17,Primary18,Primary19,Primary20,Primary21,Primary22,Primary23
776,4586,100033430,6532;Primary1,Primary2,Primary3,Primary4,Primary5,Primary7,Primary8,Primary9,Primary10,Primary11,Primary12,Primary13,Primary14,Primary15,Primary16,Primary17,Primary18,Primary19,Primary20,Primary21,Primary22,Primary23
776,22941,5225,11081,284111,27134;Primary1,Primary2,Primary3,Primary4,Primary5,Primary6,Primary7,Primary8,Primary9,Primary10,Primary11,Primary12,Primary13,Primary14,Primary16,Primary17,Primary18,Primary19,Primary20,Primary21,Primary22,Primary23
776,341676,284323;Primary1,Primary2,Primary3,Primary4,Primary5,Primary6,Primary7,Primary9,Primary10,Primary11,Primary12,Primary13,Primary14,Primary15,Primary16,Primary17,Primary18,Primary19,Primary20,Primary21,Primary22,Primary23
776,100033430,79740,11081;Primary1,Primary2,Primary3,Primary4,Primary5,Primary7,Primary8,Primary9,Primary10,Primary11,Primary12,Primary13,Primary14,Primary15,Primary16,Primary17,Primary18,Primary19,Primary20,Primary21,Primary22,Primary23
776,100033436,22941,11081;Primary1,Primary2,Primary3,Primary4,Primary5,Primary6,Primary7,Primary8,Primary9,Primary10,Primary11,Primary12,Primary13,Primary14,Primary16,Primary17,Primary18,Primary19,Primary20,Primary21,Primary22,Primary23
776,1381,100419743,5225,11081,246,27134;Primary1,Primary2,Primary3,Primary4,Primary5,Primary6,Primary7,Primary8,Primary9,Primary10,Primary11,Primary13,Primary14,Primary15,Primary16,Primary17,Primary18,Primary19,Primary20,Primary21,Primary22,Primary23
776,253982;Primary1,Primary2,Primary3,Primary4,Primary5,Primary6,Primary7,Primary8,Primary9,Primary10,Primary11,Primary12,Primary13,Primary14,Primary15,Primary16,Primary17,Primary18,Primary19,Primary20,Primary21,Primary22,Primary23
776,766,5225,253982;Primary1,Primary2,Primary3,Primary4,Primary5,Primary6,Primary7,Primary8,Primary9,Primary10,Primary11,Primary12,Primary13,Primary14,Primary15,Primary16,Primary17,Primary18,Primary19,Primary20,Primary21,Primary23
776,84765;Primary1,Primary2,Primary3,Primary4,Primary5,Primary6,Primary7,Primary8,Primary9,Primary10,Primary11,Primary12,Primary13,Primary14,Primary15,Primary17,Primary18,Primary19,Primary20,Primary21,Primary22,Primary23
201625,2122;Primary1,Primary2,Primary3,Primary4,Primary5,Primary6,Primary7,Primary8,Primary9,Primary10,Primary11,Primary12,Primary13,Primary14,Primary15,Primary16,Primary17,Primary18,Primary19,Primary20,Primary21,Primary22,Primary23
201625,780,131873,285989,102466759;Primary1,Primary2,Primary3,Primary4,Primary5,Primary6,Primary7,Primary8,Primary9,Primary10,Primary11,Primary12,Primary13,Primary15,Primary16,Primary17,Primary18,Primary19,Primary20,Primary21,Primary22,Primary23
201625,10551,400578;Primary1,Primary2,Primary3,Primary4,Primary5,Primary7,Primary8,Primary9,Primary10,Primary11,Primary12,Primary13,Primary14,Primary15,Primary16,Primary17,Primary18,Primary19,Primary20,Primary21,Primary22,Primary23
201625,219793,541473;Primary1,Primary2,Primary3,Primary4,Primary5,Primary6,Primary7,Primary8,Primary9,Primary10,Primary11,Primary12,Primary13,Primary14,Primary15,Primary16,Primary17,Primary18,Primary19,Primary20,Primary21,Primary22
201625,378938,645843,105180390,641776,105180391,102723849,109136579,440352,400578;Primary1,Primary2,Primary3,Primary4,Primary5,Primary6,Primary7,Primary8,Primary9,Primary10,Primary11,Primary12,Primary13,Primary14,Primary15,Primary16,Primary17,Primary18,Primary19,Primary20,Primary21,Primary22,Primary23
201625,399949,285989,400578;Primary1,Primary2,Primary3,Primary4,Primary5,Primary6,Primary8,Primary9,Primary10,Primary11,Primary12,Primary13,Primary14,Primary15,Primary16,Primary17,Primary18,Primary19,Primary20,Primary21,Primary22,Primary23
201625,144535,11148,645843,102723849,113218482,100652781,503645;Primary1,Primary2,Primary3,Primary4,Primary5,Primary6,Primary7,Primary8,Primary9,Primary10,Primary11,Primary12,Primary13,Primary14,Primary15,Primary16,Primary17,Primary18,Primary19,Primary20,Primary22,Primary23
201625,400578,645843,105180390,641776,105180391,102723849,1577,440352,503645;Primary1,Primary2,Primary3,Primary4,Primary5,Primary6,Primary7,Primary8,Primary9,Primary10,Primary11,Primary12,Primary13,Primary14,Primary15,Primary16,Primary17,Primary18,Primary19,Primary20,Primary21,Primary22,Primary23
201625,94059,105180390,641776,105180391,102723849,79818;Primary1,Primary2,Primary3,Primary4,Primary5,Primary6,Primary7,Primary8,Primary9,Primary10,Primary11,Primary12,Primary13,Primary15,Primary16,Primary17,Primary18,Primary19,Primary20,Primary21,Primary22,Primary23
9223,730,563;Primary1,Primary2,Primary3,Primary4,Primary5,Primary6,Primary7,Primary8,Primary9,Primary10,Primary11,Primary12,Primary13,Primary14,Primary15,Primary16,Primary17,Primary18,Primary19,Primary20,Primary21,Primary22,Primary23
9223,56892;Primary1,Primary2,Primary3,Primary4,Primary5,Primary6,Primary7,Primary8,Primary9,Primary10,Primary11,Primary12,Primary13,Primary15,Primary16,Primary17,Primary18,Primary19,Primary20,Primary21,Primary22,Primary23
9223,7225,57186;Primary1,Primary3,Primary4,Primary5,Primary6,Primary7,Primary8,Primary9,Primary10,Primary11,Primary12,Primary13,Primary14,Primary15,Primary16,Primary17,Primary18,Primary19,Primary20,Primary21,Primary22,Primary23
9223,107984406,57186;Primary1,Primary2,Primary3,Primary4,Primary5,Primary6,Primary8,Primary9,Primary10,Primary11,Primary12,Primary13,Primary14,Primary15,Primary16,Primary17,Primary18,Primary19,Primary20,Primary21,Primary22,Primary23
9223,54997;Primary1,Primary2,Primary3,Primary4,Primary5,Primary6,Primary8,Primary9,Primary10,Primary11,Primary12,Primary13,Primary14,Primary15,Primary16,Primary17,Primary18,Primary19,Primary20,Primary21,Primary22,Primary23
9223,9365;Primary1,Primary2,Primary3,Primary4,Primary5,Primary6,Primary7,Primary8,Primary9,Primary10,Primary12,Primary13,Primary14,Primary15,Primary16,Primary17,Primary18,Primary19,Primary20,Primary21,Primary22,Primary23
9223,57186,730;Primary1,Primary2,Primary3,Primary4,Primary5,Primary6,Primary7,Primary8,Primary9,Primary10,Primary11,Primary12,Primary13,Primary14,Primary15,Primary16,Primary17,Primary18,Primary19,Primary20,Primary21,Primary22,Primary23
64332,2122;Primary1,Primary2,Primary3,Primary4,Primary5,Primary6,Primary7,Primary8,Primary9,Primary10,Primary11,Primary12,Primary13,Primary14,Primary15,Primary16,Primary17,Primary18,Primary19,Primary20,Primary21,Primary22,Primary23
64332,142827;Primary1,Primary2,Primary3,Primary4,Primary5,Primary6,Primary7,Primary8,Primary9,Primary10,Primary11,Primary12,Primary14,Primary15,Primary16,Primary17,Primary18,Primary19,Primary20,Primary21,Primary22,Primary23
64332,649946,120892,100652781,503640;Primary1,Primary2,Primary3,Primary4,Primary5,Primary6,Primary7,Primary8,Primary9,Primary11,Primary12,Primary13,Primary14,Primary15,Primary16,Primary17,Primary18,Primary19,Primary20,Primary21,Primary22,Primary23
64332,94059;Primary1,Primary2,Primary3,Primary4,Primary5,Primary6,Primary7,Primary8,Primary10,Primary11,Primary12,Primary13,Primary14,Primary15,Primary16,Primary17,Primary18,Primary19,Primary20,Primary21,Primary22,Primary23
64332,26226,9173;Primary1,Primary2,Primary3,Primary4,Primary5,Primary6,Primary7,Primary8,Primary9,Primary11,Primary12,Primary13,Primary14,Primary15,Primary16,Primary17,Primary18,Primary19,Primary20,Primary21,Primary22,Primary23
55081,26609;Primary1,Primary2,Primary4,Primary5,Primary6,Primary7,Primary8,Primary9,Primary10,Primary11,Primary12,Primary13,Primary14,Primary15,Primary16,Primary17,Primary18,Primary19,Primary20,Primary21,Primary22,Primary23
11148,55892,102723849,1577,100652781,94025,112268252;Primary1,Primary2,Primary4,Primary5,Primary6,Primary7,Primary8,Primary9,Primary10,Primary11,Primary12,Primary13,Primary14,Primary15,Primary16,Primary17,Primary18,Primary19,Primary20,Primary21,Primary22,Primary23
11148,56955,7780,340267,6440,3880;Primary1,Primary2,Primary3,Primary4,Primary5,Primary7,Primary8,Primary9,Primary10,Primary11,Primary12,Primary13,Primary14,Primary15,Primary16,Primary17,Primary18,Primary19,Primary20,Primary21,Primary22,Primary23
11148,168090,56955,340267,6440,3880;Primary1,Primary2,Primary3,Primary4,Primary5,Primary7,Primary8,Primary9,Primary10,Primary11,Primary12,Primary13,Primary14,Primary15,Primary16,Primary17,Primary18,Primary19,Primary20,Primary21,Primary22,Primary23
285335,645843;Primary1,Primary2,Primary3,Primary4,Primary5,Primary6,Primary8,Primary9,Primary10,Primary11,Primary12,Primary13,Primary14,Primary15,Primary16,Primary17,Primary18,Primary19,Primary20,Primary21,Primary22,Primary23
51365,114327;Primary1,Primary2,Primary3,Primary4,Primary5,Primary6,Primary7,Primary8,Primary9,Primary10,Primary12,Primary13,Primary14,Primary15,Primary16,Primary17,Primary18,Primary19,Primary20,Primary21,Primary22,Primary23
51365,653509;Primary1,Primary2,Primary3,Primary4,Primary5,Primary6,Primary7,Primary8,Primary9,Primary10,Primary11,Primary12,Primary13,Primary14,Primary16,Primary17,Primary18,Primary19,Primary20,Primary21,Primary22,Primary23
100130701,84867;Primary1,Primary2,Primary3,Primary4,Primary5,Primary6,Primary7,Primary8,Primary9,Primary10,Primary11,Primary12,Primary13,Primary14,Primary15,Primary16,Primary18,Primary19,Primary20,Primary21,Primary22,Primary23
100130701,54997;Primary2,Primary3,Primary4,Primary5,Primary6,Primary7,Primary8,Primary9,Primary10,Primary11,Primary12,Primary13,Primary14,Primary15,Primary16,Primary17,Primary18,Primary19,Primary20,Primary21,Primary22,Primary23
100130701,2627;Primary1,Primary2,Primary3,Primary4,Primary5,Primary6,Primary7,Primary8,Primary9,Primary10,Primary11,Primary13,Primary14,Primary15,Primary16,Primary17,Primary18,Primary19,Primary20,Primary21,Primary22,Primary23
256076,1040,440590,57402,115019,55289,10018,84525,2160,353189,253970,10595,126353;Primary1,Primary2,Primary3,Primary4,Primary5,Primary6,Primary7,Primary9,Primary10,Primary11,Primary12,Primary13,Primary14,Primary15,Primary16,Primary17,Primary18,Primary19,Primary20,Primary21,Primary22,Primary23
256076,54997;Primary1,Primary2,Primary3,Primary5,Primary6,Primary7,Primary8,Primary9,Primary10,Primary11,Primary12,Primary13,Primary14,Primary15,Primary16,Primary17,Primary18,Primary19,Primary20,Primary21,Primary22,Primary23
256076,55808,63924,9370,100874095,100129460,5346,3240,66002,1048;Primary1,Primary2,Primary3,Primary5,Primary6,Primary7,Primary8,Primary9,Primary10,Primary11,Primary12,Primary13,Primary14,Primary15,Primary16,Primary17,Primary18,Primary19,Primary20,Primary21,Primary22,Primary23
256076,107985317,115019,55289,84525,1040,2160,353189,10595;Primary2,Primary3,Primary4,Primary5,Primary6,Primary7,Primary8,Primary9,Primary10,Primary11,Primary12,Primary13,Primary14,Primary15,Primary16,Primary17,Primary18,Primary19,Primary20,Primary21,Primary22,Primary23
256076,79818,103504738;Primary1,Primary2,Primary3,Primary4,Primary5,Primary7,Primary8,Primary9,Primary10,Primary11,Primary12,Primary13,Primary14,Primary15,Primary16,Primary17,Primary18,Primary19,Primary20,Primary21,Primary22,Primary23
131873,780,102466759;Primary1,Primary2,Primary3,Primary4,Primary5,Primary6,Primary7,Primary8,Primary9,Primary10,Primary11,Primary12,Primary13,Primary14,Primary15,Primary16,Primary17,Primary18,Primary19,Primary20,Primary21,Primary22,Primary23
131873,541473,79098,112268422,201625,11148,102723849,113218482,105372793,2277;Primary1,Primary2,Primary3,Primary4,Primary5,Primary6,Primary7,Primary8,Primary9,Primary10,Primary11,Primary13,Primary14,Primary15,Primary16,Primary17,Primary18,Primary19,Primary20,Primary21,Primary22,Primary23
131873,1577,112268422,33,4057,201625,11148,200879,306,105180390,641776,105180391,102723849,285989,113218482,112268252,105372793,6523,102466759;Primary1,Primary2,Primary3,Primary4,Primary5,Primary6,Primary8,Primary9,Primary10,Primary11,Primary12,Primary13,Primary14,Primary15,Primary16,Primary17,Primary18,Primary19,Primary20,Primary21,Primary22,Primary23
131873,693188,692213;Primary2,Primary3,Primary4,Primary5,Primary6,Primary7,Primary8,Primary9,Primary10,Primary11,Primary12,Primary13,Primary14,Primary15,Primary16,Primary17,Primary18,Primary19,Primary20,Primary21,Primary22,Primary23
131873,692072,285989,692213;Primary1,Primary3,Primary4,Primary5,Primary6,Primary7,Primary8,Primary9,Primary10,Primary11,Primary12,Primary13,Primary14,Primary15,Primary16,Primary17,Primary18,Primary19,Primary20,Primary21,Primary22,Primary23
131873,399949,285989,692213;Primary1,Primary2,Primary3,Primary4,Primary5,Primary6,Primary7,Primary8,Primary9,Primary10,Primary11,Primary12,Primary13,Primary14,Primary15,Primary16,Primary17,Primary18,Primary19,Primary20,Primary21,Primary22,Primary23
131873,341676,79098,406969,388743,105373265,112268422,33,4057,201625,11148,645843,200879,306,641776,105180391,102723849,65217,3856,113218482,112268252,105372793,6523;Primary1,Primary2,Primary4,Primary5,Primary6,Primary7,Primary8,Primary9,Primary10,Primary11,Primary12,Primary13,Primary14,Primary15,Primary16,Primary17,Primary18,Primary19,Primary20,Primary21,Primary22,Primary23
51554,25976;Primary1,Primary2,Primary3,Primary4,Primary5,Primary7,Primary8,Primary9,Primary10,Primary11,Primary12,Primary13,Primary14,Primary15,Primary16,Primary17,Primary18,Primary19,Primary20,Primary21,Primary22,Primary23
51554,55892,112268422,105372793;Primary1,Primary2,Primary3,Primary4,Primary5,Primary6,Primary7,Primary8,Primary9,Primary10,Primary11,Primary12,Primary13,Primary14,Primary15,Primary16,Primary17,Primary18,Primary19,Primary20,Primary21,Primary22
51554,105180391,112268422,201625,645843,200879,102723849,341676,105372793;Primary1,Primary2,Primary3,Primary4,Primary6,Primary7,Primary8,Primary9,Primary10,Primary11,Primary12,Primary13,Primary14,Primary15,Primary16,Primary17,Primary18,Primary19,Primary20,Primary21,Primary22,Primary23
51554,541473,105372793,389852;Primary1,Primary2,Primary3,Primary4,Primary5,Primary6,Primary7,Primary8,Primary9,Primary10,Primary11,Primary12,Primary13,Primary14,Primary15,Primary16,Primary17,Primary18,Primary19,Primary20,Primary21,Primary23
51554,649946,105372793,26226;Primary1,Primary3,Primary4,Primary5,Primary6,Primary7,Primary8,Primary9,Primary10,Primary11,Primary12,Primary13,Primary14,Primary15,Primary16,Primary17,Primary18,Primary19,Primary20,Primary21,Primary22,Primary23
51554,120892,105372793,389852;Primary2,Primary3,Primary4,Primary5,Primary6,Primary7,Primary8,Primary9,Primary10,Primary11,Primary12,Primary13,Primary14,Primary15,Primary16,Primary17,Primary18,Primary19,Primary20,Primary21,Primary22,Primary23
51554,400578,112268422,105372793,389852;Primary1,Primary2,Primary3,Primary4,Primary5,Primary6,Primary8,Primary9,Primary10,Primary11,Primary12,Primary13,Primary14,Primary15,Primary16,Primary17,Primary18,Primary19,Primary20,Primary21,Primary22,Primary23
51554,100529240,105372793,389852;Primary1,Primary2,Primary3,Primary5,Primary6,Primary7,Primary8,Primary9,Primary10,Primary11,Primary12,Primary13,Primary14,Primary15,Primary16,Primary17,Primary18,Primary19,Primary20,Primary21,Primary22,Primary23
51554,105372793,389852;Primary1,Primary2,Primary3,Primary4,Primary5,Primary6,Primary7,Primary8,Primary9,Primary10,Primary11,Primary12,Primary13,Primary14,Primary15,Primary16,Primary17,Primary18,Primary19,Primary20,Primary21,Primary22,Primary23
51554,26226,105372793,102723382;Primary1,Primary2,Primary4,Primary5,Primary6,Primary7,Primary8,Primary9,Primary10,Primary11,Primary12,Primary13,Primary14,Primary15,Primary16,Primary17,Primary18,Primary19,Primary20,Primary21,Primary22,Primary23
51554,102723382,112268422,341676;Primary1,Primary2,Primary3,Primary4,Primary6,Primary7,Primary8,Primary9,Primary10,Primary11,Primary12,Primary13,Primary14,Primary15,Primary16,Primary17,Primary18,Primary19,Primary20,Primary21,Primary22,Primary23
401089,79740,388327;Primary1,Primary2,Primary3,Primary4,Primary5,Primary6,Primary7,Primary8,Primary10,Primary11,Primary12,Primary13,Primary14,Primary15,Primary16,Primary17,Primary18,Primary19,Primary20,Primary21,Primary22,Primary23
401089,57110,100506380,1515;Primary2,Primary3,Primary4,Primary5,Primary6,Primary7,Primary8,Primary9,Primary10,Primary11,Primary12,Primary13,Primary14,Primary15,Primary16,Primary17,Primary18,Primary19,Primary20,Primary21,Primary22,Primary23
401089,100506380,1515,388327;Primary1,Primary2,Primary3,Primary4,Primary5,Primary6,Primary7,Primary8,Primary9,Primary10,Primary11,Primary12,Primary13,Primary14,Primary15,Primary16,Primary17,Primary18,Primary19,Primary20,Primary21,Primary22,Primary23
401089,102723635;Primary1,Primary2,Primary3,Primary4,Primary5,Primary6,Primary7,Primary8,Primary9,Primary10,Primary11,Primary12,Primary13,Primary15,Primary16,Primary17,Primary18,Primary19,Primary20,Primary21,Primary22,Primary23
401089,399726,56896,100419743,1515,388327;Primary1,Primary2,Primary3,Primary4,Primary5,Primary6,Primary7,Primary8,Primary9,Primary10,Primary11,Primary12,Primary14,Primary15,Primary16,Primary17,Primary18,Primary19,Primary20,Primary21,Primary22,Primary23
401089,3481;Primary1,Primary2,Primary3,Primary4,Primary5,Primary6,Primary7,Primary9,Primary10,Primary11,Primary12,Primary13,Primary14,Primary15,Primary16,Primary17,Primary18,Primary19,Primary20,Primary21,Primary22,Primary23
401089,84867,56896,100419743,3780;Primary1,Primary2,Primary3,Primary4,Primary5,Primary6,Primary7,Primary8,Primary9,Primary10,Primary11,Primary12,Primary13,Primary14,Primary15,Primary17,Primary18,Primary19,Primary20,Primary21,Primary22,Primary23
401089,767566,1515,3780;Primary1,Primary2,Primary3,Primary4,Primary5,Primary7,Primary8,Primary9,Primary10,Primary11,Primary12,Primary13,Primary14,Primary15,Primary16,Primary17,Primary18,Primary19,Primary20,Primary21,Primary22,Primary23
401089,767567,100506380,1515;Primary1,Primary2,Primary3,Primary4,Primary5,Primary6,Primary7,Primary8,Primary9,Primary10,Primary11,Primary12,Primary13,Primary15,Primary16,Primary17,Primary18,Primary19,Primary20,Primary21,Primary22,Primary23
401089,57524,7203,1515,399726,3780;Primary1,Primary2,Primary3,Primary4,Primary5,Primary6,Primary7,Primary8,Primary10,Primary11,Primary12,Primary13,Primary14,Primary15,Primary16,Primary17,Primary18,Primary19,Primary20,Primary21,Primary22,Primary23
401089,246,56896,100419743,388327,3780;Primary1,Primary2,Primary3,Primary4,Primary5,Primary6,Primary7,Primary8,Primary9,Primary10,Primary11,Primary13,Primary14,Primary15,Primary16,Primary17,Primary18,Primary19,Primary20,Primary21,Primary22,Primary23
645843,2122;Primary1,Primary2,Primary3,Primary4,Primary5,Primary6,Primary7,Primary8,Primary9,Primary11,Primary12,Primary13,Primary14,Primary15,Primary16,Primary17,Primary18,Primary19,Primary20,Primary21,Primary22,Primary23
645843,55892,112268422,200879,102723849,1577,341676,100652781,94025,105372793;Primary1,Primary2,Primary3,Primary4,Primary5,Primary6,Primary7,Primary8,Primary9,Primary10,Primary11,Primary12,Primary13,Primary14,Primary15,Primary16,Primary17,Primary18,Primary19,Primary20,Primary21,Primary22
645843,4317,6332,120892,284434,6523;Primary1,Primary3,Primary4,Primary5,Primary6,Primary7,Primary8,Primary9,Primary10,Primary11,Primary12,Primary13,Primary14,Primary15,Primary16,Primary17,Primary18,Primary19,Primary20,Primary21,Primary22,Primary23
645843,767566,79098,406969,105373265,112268422,33,4057,201625,11148,131873,200879,306,102723849,728643,65217,3856,113218482,112268252,388555,105372793,6523,2277;Primary1,Primary2,Primary3,Primary4,Primary5,Primary6,Primary7,Primary8,Primary9,Primary10,Primary12,Primary13,Primary14,Primary15,Primary16,Primary17,Primary18,Primary19,Primary20,Primary21,Primary22,Primary23
645843,388555,79098,406969,388743,105373265,112268422,33,4057,201625,11148,131873,200879,306,641776,105180391,102723849,728643,65217,3856,113218482,112268252,105372793,6523;Primary1,Primary2,Primary3,Primary4,Primary5,Primary6,Primary7,Primary8,Primary9,Primary10,Primary11,Primary13,Primary14,Primary15,Primary16,Primary17,Primary18,Primary19,Primary20,Primary21,Primary22,Primary23
645843,102466759,79098,105373265,112268422,33,4057,201625,11148,131873,200879,306,102723849,728643,65217,3856,113218482,103504738,94025,112268252,105372793,6523,2277;Primary1,Primary2,Primary3,Primary5,Primary6,Primary7,Primary8,Primary9,Primary10,Primary11,Primary12,Primary13,Primary14,Primary15,Primary16,Primary17,Primary18,Primary19,Primary20,Primary21,Primary22,Primary23
26084,780,131873,102466759;Primary1,Primary2,Primary3,Primary5,Primary6,Primary7,Primary8,Primary9,Primary10,Primary11,Primary12,Primary13,Primary14,Primary15,Primary16,Primary17,Primary18,Primary19,Primary20,Primary21,Primary22,Primary23
26084,3206;Primary1,Primary2,Primary3,Primary4,Primary5,Primary6,Primary7,Primary8,Primary9,Primary10,Primary11,Primary12,Primary13,Primary14,Primary15,Primary16,Primary17,Primary18,Primary19,Primary20,Primary21,Primary22,Primary23
26084,441251,115019,107984498,103504738;Primary1,Primary3,Primary4,Primary5,Primary6,Primary7,Primary8,Primary9,Primary10,Primary11,Primary12,Primary13,Primary14,Primary15,Primary16,Primary17,Primary18,Primary19,Primary20,Primary21,Primary22,Primary23
26084,137872,259294,107984498;Primary1,Primary2,Primary3,Primary4,Primary5,Primary6,Primary7,Primary9,Primary10,Primary11,Primary12,Primary13,Primary14,Primary15,Primary16,Primary17,Primary18,Primary19,Primary20,Primary21,Primary22,Primary23
26084,693188,780;Primary1,Primary2,Primary3,Primary5,Primary6,Primary7,Primary8,Primary9,Primary10,Primary11,Primary12,Primary13,Primary14,Primary15,Primary16,Primary17,Primary18,Primary19,Primary20,Primary21,Primary22,Primary23
26084,107984498,115019,103504738;Primary1,Primary2,Primary3,Primary4,Primary5,Primary6,Primary7,Primary8,Primary9,Primary10,Primary11,Primary12,Primary13,Primary14,Primary15,Primary16,Primary17,Primary18,Primary19,Primary20,Primary21,Primary22,Primary23
26084,8091,105373265,131873,728643,767566,388555;Primary1,Primary2,Primary3,Primary5,Primary6,Primary7,Primary8,Primary9,Primary10,Primary11,Primary12,Primary13,Primary14,Primary15,Primary16,Primary17,Primary18,Primary19,Primary20,Primary21,Primary22,Primary23
26084,361,440590,57402,115019,55289,256076,84525,353189,103504738,10595,94025;Primary1,Primary2,Primary3,Primary4,Primary5,Primary7,Primary8,Primary9,Primary10,Primary11,Primary12,Primary13,Primary14,Primary15,Primary16,Primary17,Primary18,Primary19,Primary20,Primary21,Primary22,Primary23
26084,94025,107984498,103504738;Primary1,Primary2,Primary3,Primary4,Primary5,Primary6,Primary7,Primary8,Primary9,Primary10,Primary11,Primary12,Primary13,Primary14,Primary15,Primary16,Primary17,Primary18,Primary19,Primary20,Primary21,Primary22,Primary23
26084,7620,107984498,103504738,94025,79818;Primary1,Primary2,Primary4,Primary5,Primary6,Primary7,Primary8,Primary9,Primary10,Primary11,Primary12,Primary13,Primary14,Primary15,Primary16,Primary17,Primary18,Primary19,Primary20,Primary21,Primary22,Primary23
26084,79818,259294,107984498;Primary2,Primary3,Primary4,Primary5,Primary6,Primary7,Primary8,Primary9,Primary10,Primary11,Primary12,Primary13,Primary14,Primary15,Primary16,Primary17,Primary18,Primary19,Primary20,Primary21,Primary22,Primary23
26084,102723508,105373265,112268422,4057,131873,306,728643,767566;Primary1,Primary2,Primary3,Primary5,Primary6,Primary7,Primary8,Primary9,Primary10,Primary11,Primary12,Primary13,Primary14,Primary15,Primary16,Primary17,Primary18,Primary19,Primary20,Primary21,Primary22,Primary23
26084,102466759,105373265,112268422,4057,131873,306,728643,102723508;Primary1,Primary2,Primary3,Primary5,Primary6,Primary7,Primary8,Primary9,Primary10,Primary11,Primary12,Primary13,Primary14,Primary15,Primary16,Primary17,Primary18,Primary19,Primary20,Primary21,Primary22,Primary23
25976,84239;Primary1,Primary2,Primary3,Primary4,Primary5,Primary6,Primary7,Primary8,Primary9,Primary10,Primary11,Primary12,Primary13,Primary14,Primary15,Primary16,Primary17,Primary18,Primary19,Primary21,Primary22,Primary23
25976,93035,644649;Primary2,Primary3,Primary4,Primary5,Primary6,Primary7,Primary8,Primary9,Primary10,Primary11,Primary12,Primary13,Primary14,Primary15,Primary16,Primary17,Primary18,Primary19,Primary20,Primary21,Primary22,Primary23
25976,644649;Primary1,Primary2,Primary3,Primary4,Primary5,Primary6,Primary7,Primary8,Primary9,Primary10,Primary11,Primary12,Primary13,Primary14,Primary15,Primary16,Primary17,Primary18,Primary19,Primary20,Primary21,Primary22,Primary23
79740,1040,1286,441151,11081;Primary1,Primary2,Primary3,Primary5,Primary6,Primary7,Primary8,Primary9,Primary10,Primary11,Primary12,Primary13,Primary14,Primary15,Primary16,Primary17,Primary18,Primary19,Primary20,Primary21,Primary22,Primary23
79740,57575,22941;Primary1,Primary2,Primary3,Primary4,Primary5,Primary6,Primary7,Primary8,Primary9,Primary10,Primary11,Primary12,Primary13,Primary14,Primary16,Primary17,Primary18,Primary19,Primary20,Primary21,Primary22,Primary23
79740,92304;Primary1,Primary2,Primary4,Primary5,Primary6,Primary7,Primary8,Primary9,Primary10,Primary11,Primary12,Primary13,Primary14,Primary15,Primary16,Primary17,Primary18,Primary19,Primary20,Primary21,Primary22,Primary23
79740,1080,89;Primary1,Primary2,Primary3,Primary4,Primary5,Primary6,Primary7,Primary9,Primary10,Primary11,Primary12,Primary13,Primary14,Primary15,Primary16,Primary17,Primary18,Primary19,Primary20,Primary21,Primary22,Primary23
79740,6505,100130449,253982;Primary1,Primary2,Primary3,Primary4,Primary5,Primary6,Primary7,Primary8,Primary9,Primary10,Primary11,Primary12,Primary13,Primary14,Primary16,Primary17,Primary18,Primary19,Primary20,Primary21,Primary22,Primary23
79740,399726,57530,56896,100419743,11081,160728,246,388327;Primary1,Primary2,Primary3,Primary4,Primary5,Primary6,Primary8,Primary9,Primary10,Primary11,Primary12,Primary13,Primary14,Primary15,Primary16,Primary17,Primary18,Primary19,Primary20,Primary21,Primary22,Primary23
79740,4586,100033430;Primary1,Primary2,Primary3,Primary4,Primary5,Primary6,Primary7,Primary8,Primary9,Primary10,Primary12,Primary13,Primary14,Primary15,Primary16,Primary17,Primary18,Primary19,Primary20,Primary21,Primary22,Primary23
79740,84867;Primary1,Primary2,Primary3,Primary4,Primary5,Primary6,Primary8,Primary9,Primary10,Primary11,Primary12,Primary13,Primary14,Primary15,Primary16,Primary17,Primary18,Primary19,Primary20,Primary21,Primary22,Primary23
79740,1132,1286;Primary1,Primary2,Primary3,Primary5,Primary6,Primary7,Primary8,Primary9,Primary10,Primary11,Primary12,Primary13,Primary14,Primary15,Primary16,Primary17,Primary18,Primary19,Primary20,Primary21,Primary22,Primary23
79740,57524,1286,100419743,441151,11081,3780;Primary1,Primary2,Primary3,Primary4,Primary5,Primary6,Primary7,Primary8,Primary9,Primary10,Primary11,Primary13,Primary14,Primary15,Primary16,Primary17,Primary18,Primary19,Primary20,Primary21,Primary22,Primary23
79740,253982,100033430;Primary1,Primary2,Primary3,Primary4,Primary5,Primary6,Primary7,Primary8,Primary9,Primary10,Primary11,Primary12,Primary13,Primary14,Primary15,Primary16,Primary17,Primary18,Primary19,Primary20,Primary21,Primary22,Primary23
79740,388327,57530,56896,100419743,5225,11081,160728,246,27134;Primary1,Primary2,Primary3,Primary4,Primary5,Primary6,Primary8,Primary9,Primary10,Primary11,Primary12,Primary13,Primary14,Primary15,Primary16,Primary17,Primary18,Primary19,Primary20,Primary21,Primary22,Primary23
79740,284111,1286,441151,11081;Primary1,Primary2,Primary3,Primary4,Primary5,Primary6,Primary7,Primary8,Primary9,Primary10,Primary11,Primary12,Primary13,Primary14,Primary16,Primary17,Primary18,Primary19,Primary20,Primary21,Primary22,Primary23
79740,6532,1286,11081,100033430;Primary1,Primary2,Primary4,Primary5,Primary6,Primary7,Primary8,Primary9,Primary10,Primary11,Primary12,Primary13,Primary14,Primary15,Primary16,Primary17,Primary18,Primary19,Primary20,Primary21,Primary22,Primary23
79740,5625,441151;Primary1,Primary2,Primary3,Primary4,Primary5,Primary6,Primary7,Primary8,Primary9,Primary10,Primary11,Primary12,Primary13,Primary14,Primary15,Primary16,Primary17,Primary18,Primary19,Primary21,Primary22,Primary23
2122,541473,201625,11148,105372793;Primary1,Primary2,Primary3,Primary4,Primary5,Primary6,Primary7,Primary8,Primary9,Primary10,Primary11,Primary12,Primary13,Primary14,Primary15,Primary16,Primary18,Primary19,Primary20,Primary21,Primary22,Primary23
2122,103504738,79098,201625,131873;Primary1,Primary2,Primary3,Primary5,Primary6,Primary7,Primary8,Primary9,Primary10,Primary11,Primary12,Primary13,Primary14,Primary15,Primary16,Primary17,Primary18,Primary19,Primary20,Primary21,Primary22,Primary23
2122,100652781,201625;Primary1,Primary3,Primary4,Primary5,Primary6,Primary7,Primary8,Primary9,Primary10,Primary11,Primary12,Primary13,Primary14,Primary15,Primary16,Primary17,Primary18,Primary19,Primary20,Primary21,Primary22,Primary23
2122,8537;Primary1,Primary2,Primary3,Primary4,Primary6,Primary7,Primary8,Primary9,Primary10,Primary11,Primary12,Primary13,Primary14,Primary15,Primary16,Primary17,Primary18,Primary19,Primary20,Primary21,Primary22,Primary23
55892,168374,649946,7620,100529240;Primary1,Primary3,Primary4,Primary5,Primary6,Primary7,Primary8,Primary9,Primary10,Primary11,Primary12,Primary13,Primary14,Primary15,Primary16,Primary17,Primary18,Primary19,Primary20,Primary21,Primary22,Primary23
55892,641384,200879,102723849,1577,100652781;Primary1,Primary2,Primary3,Primary4,Primary5,Primary6,Primary7,Primary9,Primary10,Primary11,Primary12,Primary13,Primary14,Primary15,Primary16,Primary17,Primary18,Primary19,Primary20,Primary21,Primary22,Primary23
55892,143884,1577,100652781;Primary1,Primary2,Primary3,Primary4,Primary5,Primary6,Primary7,Primary8,Primary9,Primary10,Primary11,Primary12,Primary13,Primary14,Primary15,Primary16,Primary17,Primary18,Primary19,Primary21,Primary22,Primary23
55892,107984498,112268422,200879,102723849,1577,100652781,94025,7620,163131,100529240;Primary1,Primary2,Primary3,Primary5,Primary6,Primary7,Primary8,Primary9,Primary10,Primary11,Primary12,Primary13,Primary14,Primary15,Primary16,Primary17,Primary18,Primary19,Primary20,Primary21,Primary22,Primary23
55892,503645,102723849,1577,649946,100652781;Primary1,Primary3,Primary4,Primary5,Primary6,Primary7,Primary8,Primary9,Primary10,Primary11,Primary12,Primary13,Primary14,Primary15,Primary16,Primary17,Primary18,Primary19,Primary20,Primary21,Primary22,Primary23
55892,7620,94025,100529240;Primary1,Primary2,Primary3,Primary4,Primary5,Primary6,Primary7,Primary8,Primary9,Primary10,Primary11,Primary12,Primary13,Primary14,Primary15,Primary16,Primary17,Primary18,Primary19,Primary20,Primary21,Primary22,Primary23
55892,284434,112268422,645843,200879,102723849,1577,341676,100652781,105372793;Primary1,Primary2,Primary3,Primary4,Primary5,Primary6,Primary7,Primary8,Primary9,Primary10,Primary11,Primary12,Primary13,Primary14,Primary15,Primary16,Primary17,Primary18,Primary19,Primary20,Primary21,Primary22
55892,148213,7620,100529240;Primary2,Primary3,Primary4,Primary5,Primary6,Primary7,Primary8,Primary9,Primary10,Primary11,Primary12,Primary13,Primary14,Primary15,Primary16,Primary17,Primary18,Primary19,Primary20,Primary21,Primary22,Primary23
55892,163131,102723849,1577,100652781,503645,284323;Primary1,Primary3,Primary4,Primary5,Primary6,Primary7,Primary8,Primary9,Primary10,Primary11,Primary12,Primary13,Primary14,Primary15,Primary16,Primary17,Primary18,Primary19,Primary20,Primary21,Primary22,Primary23
55892,100529240,102723849,1577,100652781,94025;Primary1,Primary2,Primary3,Primary4,Primary5,Primary6,Primary7,Primary8,Primary9,Primary10,Primary11,Primary12,Primary13,Primary14,Primary15,Primary16,Primary17,Primary18,Primary19,Primary20,Primary21,Primary22,Primary23
55892,94059,102723849,1577;Primary1,Primary2,Primary4,Primary5,Primary6,Primary7,Primary8,Primary9,Primary10,Primary11,Primary12,Primary13,Primary14,Primary15,Primary16,Primary17,Primary18,Primary19,Primary20,Primary21,Primary22,Primary23
55892,105372793,112268422,200879,102723849,1577,107984498,100652781,94025,7620,100529240;Primary1,Primary2,Primary3,Primary5,Primary6,Primary7,Primary8,Primary9,Primary10,Primary11,Primary12,Primary13,Primary14,Primary15,Primary16,Primary17,Primary18,Primary19,Primary20,Primary21,Primary22,Primary23
55892,28824,112268422,33,11148,200879,105180390,102723849,341676,100652781,94025,163131,112268252;Primary1,Primary2,Primary3,Primary4,Primary6,Primary7,Primary8,Primary9,Primary10,Primary11,Primary12,Primary13,Primary14,Primary15,Primary16,Primary17,Primary18,Primary19,Primary20,Primary21,Primary22,Primary23
27074,3248;Primary1,Primary2,Primary3,Primary4,Primary5,Primary6,Primary7,Primary8,Primary9,Primary10,Primary11,Primary12,Primary13,Primary15,Primary16,Primary17,Primary18,Primary19,Primary20,Primary21,Primary22,Primary23
27074,221395,54861;Primary2,Primary3,Primary4,Primary5,Primary6,Primary7,Primary8,Primary9,Primary10,Primary11,Primary12,Primary13,Primary14,Primary15,Primary16,Primary17,Primary18,Primary19,Primary20,Primary21,Primary22,Primary23
27074,109729127;Primary1,Primary2,Primary3,Primary4,Primary5,Primary6,Primary7,Primary8,Primary9,Primary10,Primary11,Primary12,Primary13,Primary14,Primary15,Primary16,Primary17,Primary18,Primary19,Primary20,Primary21,Primary22,Primary23
27074,1910,9411,10203;Primary1,Primary2,Primary3,Primary4,Primary5,Primary6,Primary7,Primary8,Primary9,Primary10,Primary11,Primary12,Primary13,Primary14,Primary15,Primary16,Primary17,Primary18,Primary19,Primary20,Primary21,Primary22,Primary23
27074,724026;Primary1,Primary2,Primary3,Primary4,Primary5,Primary6,Primary7,Primary8,Primary9,Primary10,Primary11,Primary12,Primary13,Primary14,Primary15,Primary17,Primary18,Primary19,Primary20,Primary21,Primary22,Primary23
27074,218,10203,1906;Primary1,Primary2,Primary4,Primary5,Primary6,Primary7,Primary8,Primary9,Primary10,Primary11,Primary12,Primary13,Primary14,Primary15,Primary16,Primary17,Primary18,Primary19,Primary20,Primary21,Primary22,Primary23
27074,1636;Primary1,Primary2,Primary3,Primary4,Primary6,Primary7,Primary8,Primary9,Primary10,Primary11,Primary12,Primary13,Primary14,Primary15,Primary16,Primary17,Primary18,Primary19,Primary20,Primary21,Primary22,Primary23
27074,26226,1510,1906;Primary1,Primary2,Primary3,Primary4,Primary5,Primary7,Primary8,Primary9,Primary10,Primary11,Primary12,Primary13,Primary14,Primary15,Primary16,Primary17,Primary18,Primary19,Primary20,Primary21,Primary22,Primary23
27074,6103,9411,1906;Primary1,Primary2,Primary3,Primary4,Primary5,Primary6,Primary7,Primary8,Primary9,Primary10,Primary11,Primary12,Primary13,Primary14,Primary15,Primary16,Primary17,Primary18,Primary19,Primary20,Primary21,Primary22,Primary23
27074,57477,9411,10203,1906;Primary1,Primary2,Primary3,Primary4,Primary5,Primary6,Primary8,Primary9,Primary10,Primary11,Primary12,Primary13,Primary14,Primary15,Primary16,Primary17,Primary18,Primary19,Primary20,Primary21,Primary22,Primary23
200879,727897,117156,646480,85349,1770,218,102723382;Primary1,Primary2,Primary3,Primary4,Primary5,Primary7,Primary8,Primary9,Primary10,Primary11,Primary12,Primary13,Primary14,Primary15,Primary16,Primary17,Primary18,Primary19,Primary20,Primary21,Primary22,Primary23
200879,503640,6332,120892,100652781,503645,284434,6523;Primary1,Primary2,Primary3,Primary4,Primary5,Primary6,Primary7,Primary8,Primary9,Primary10,Primary11,Primary12,Primary13,Primary14,Primary15,Primary16,Primary17,Primary18,Primary19,Primary20,Primary21,Primary22,Primary23
200879,116844,79098,645843,728643,113218482;Primary1,Primary2,Primary4,Primary5,Primary6,Primary7,Primary8,Primary9,Primary10,Primary11,Primary12,Primary13,Primary14,Primary15,Primary16,Primary17,Primary18,Primary19,Primary20,Primary21,Primary22,Primary23
9370,114569,9228,22943,22941,5346,284111,64073;Primary2,Primary3,Primary4,Primary5,Primary6,Primary7,Primary8,Primary9,Primary10,Primary11,Primary12,Primary13,Primary14,Primary15,Primary16,Primary17,Primary18,Primary19,Primary20,Primary21,Primary22,Primary23
9370,22943,276,100874095,9228,22941,5346,284111,64073;Primary2,Primary3,Primary4,Primary5,Primary6,Primary7,Primary8,Primary9,Primary10,Primary11,Primary12,Primary13,Primary14,Primary15,Primary16,Primary17,Primary18,Primary19,Primary20,Primary21,Primary22,Primary23
9370,253970,100874095;Primary2,Primary3,Primary4,Primary5,Primary6,Primary7,Primary8,Primary9,Primary10,Primary11,Primary12,Primary13,Primary14,Primary15,Primary16,Primary17,Primary18,Primary19,Primary20,Primary21,Primary22,Primary23
9370,3909,276,100874095,22943,22941,5346,284111,64073;Primary2,Primary3,Primary4,Primary5,Primary6,Primary7,Primary8,Primary9,Primary10,Primary11,Primary12,Primary13,Primary14,Primary15,Primary16,Primary17,Primary18,Primary19,Primary20,Primary21,Primary22,Primary23
57110,79908,1579,63924,9370,100874095,730,100129460,563,5346,3240,66002,1048;Primary1,Primary3,Primary4,Primary5,Primary6,Primary7,Primary8,Primary9,Primary10,Primary11,Primary12,Primary13,Primary14,Primary15,Primary16,Primary17,Primary18,Primary19,Primary20,Primary21,Primary22,Primary23
57110,399726,7203,1515,57524,8153,3780;Primary2,Primary3,Primary4,Primary5,Primary6,Primary7,Primary8,Primary9,Primary10,Primary11,Primary12,Primary13,Primary14,Primary15,Primary16,Primary17,Primary18,Primary19,Primary20,Primary21,Primary22,Primary23
57110,3481,255928,7546,8153;Primary2,Primary3,Primary4,Primary5,Primary6,Primary7,Primary8,Primary9,Primary10,Primary11,Primary12,Primary13,Primary14,Primary15,Primary16,Primary17,Primary18,Primary19,Primary20,Primary21,Primary22,Primary23
57110,2065;Primary1,Primary2,Primary3,Primary4,Primary5,Primary6,Primary7,Primary8,Primary9,Primary10,Primary11,Primary12,Primary13,Primary14,Primary15,Primary16,Primary17,Primary18,Primary19,Primary20,Primary21,Primary22,Primary23
57110,100129940,10568,222183,7546,1381,57524;Primary2,Primary3,Primary4,Primary5,Primary6,Primary7,Primary8,Primary9,Primary10,Primary11,Primary12,Primary13,Primary14,Primary15,Primary16,Primary17,Primary18,Primary19,Primary20,Primary21,Primary22,Primary23
57110,54997,730,563,3240,1048;Primary1,Primary2,Primary3,Primary4,Primary5,Primary6,Primary7,Primary8,Primary10,Primary11,Primary12,Primary13,Primary14,Primary15,Primary16,Primary17,Primary18,Primary19,Primary20,Primary21,Primary22,Primary23
57110,1381,10568,222183,1515,7546,57524,8153,3780;Primary2,Primary3,Primary4,Primary5,Primary6,Primary7,Primary8,Primary9,Primary10,Primary11,Primary12,Primary13,Primary14,Primary15,Primary16,Primary17,Primary18,Primary19,Primary20,Primary21,Primary22,Primary23
57110,4222,10568,100129940,7546,1381,57524;Primary2,Primary3,Primary4,Primary5,Primary6,Primary7,Primary8,Primary9,Primary10,Primary11,Primary12,Primary13,Primary14,Primary15,Primary16,Primary17,Primary18,Primary19,Primary20,Primary21,Primary22,Primary23
57110,762,79908;Primary1,Primary2,Primary3,Primary4,Primary5,Primary6,Primary7,Primary9,Primary10,Primary11,Primary12,Primary13,Primary14,Primary15,Primary16,Primary17,Primary18,Primary19,Primary20,Primary21,Primary22,Primary23
57110,2627,10568,222183,100129940,1381,57524;Primary2,Primary3,Primary4,Primary5,Primary6,Primary7,Primary8,Primary9,Primary10,Primary11,Primary12,Primary13,Primary14,Primary15,Primary16,Primary17,Primary18,Primary19,Primary20,Primary21,Primary22,Primary23
84239,340267;Primary1,Primary2,Primary3,Primary4,Primary5,Primary6,Primary8,Primary9,Primary10,Primary11,Primary12,Primary13,Primary14,Primary15,Primary16,Primary17,Primary18,Primary19,Primary20,Primary21,Primary22,Primary23
84239,101929066;Primary1,Primary2,Primary3,Primary4,Primary5,Primary6,Primary7,Primary8,Primary9,Primary10,Primary11,Primary12,Primary13,Primary15,Primary16,Primary17,Primary18,Primary19,Primary20,Primary21,Primary22,Primary23
84239,5625;Primary1,Primary2,Primary3,Primary4,Primary5,Primary6,Primary7,Primary9,Primary10,Primary11,Primary12,Primary13,Primary14,Primary15,Primary16,Primary17,Primary18,Primary19,Primary20,Primary21,Primary22,Primary23
4585,116984,1043,1906,28824;Primary1,Primary2,Primary3,Primary4,Primary5,Primary6,Primary8,Primary9,Primary10,Primary11,Primary12,Primary13,Primary14,Primary15,Primary16,Primary17,Primary18,Primary19,Primary20,Primary21,Primary22,Primary23
4585,56955,7780,340267,3880;Primary1,Primary2,Primary3,Primary4,Primary6,Primary7,Primary8,Primary9,Primary10,Primary11,Primary12,Primary13,Primary14,Primary15,Primary16,Primary17,Primary18,Primary19,Primary20,Primary21,Primary22,Primary23
4585,6969,7113;Primary1,Primary2,Primary3,Primary4,Primary5,Primary6,Primary8,Primary9,Primary10,Primary11,Primary12,Primary13,Primary14,Primary15,Primary16,Primary17,Primary18,Primary19,Primary20,Primary21,Primary22,Primary23
4585,10071,55507;Primary1,Primary2,Primary3,Primary4,Primary5,Primary6,Primary7,Primary8,Primary9,Primary10,Primary11,Primary12,Primary13,Primary14,Primary16,Primary17,Primary18,Primary19,Primary20,Primary21,Primary22,Primary23
4585,93035,8537;Primary1,Primary2,Primary3,Primary4,Primary5,Primary6,Primary7,Primary8,Primary9,Primary10,Primary11,Primary12,Primary13,Primary14,Primary15,Primary16,Primary17,Primary18,Primary19,Primary20,Primary21,Primary22,Primary23
4585,83481;Primary1,Primary2,Primary3,Primary4,Primary5,Primary6,Primary7,Primary8,Primary9,Primary10,Primary11,Primary12,Primary13,Primary14,Primary16,Primary17,Primary18,Primary19,Primary20,Primary21,Primary22,Primary23
4585,474354,100996506,9914;Primary1,Primary2,Primary3,Primary4,Primary6,Primary7,Primary8,Primary9,Primary10,Primary11,Primary12,Primary13,Primary14,Primary15,Primary16,Primary17,Primary18,Primary19,Primary20,Primary21,Primary22,Primary23
4585,109729127,1043,149465,93035,4629,28824;Primary1,Primary2,Primary3,Primary4,Primary5,Primary6,Primary8,Primary9,Primary10,Primary11,Primary12,Primary13,Primary14,Primary15,Primary16,Primary17,Primary18,Primary19,Primary20,Primary21,Primary22,Primary23
4585,10129;Primary1,Primary2,Primary3,Primary4,Primary5,Primary6,Primary7,Primary8,Primary9,Primary10,Primary11,Primary12,Primary13,Primary14,Primary15,Primary16,Primary17,Primary18,Primary19,Primary20,Primary21,Primary22,Primary23
4585,100033430,10129;Primary1,Primary2,Primary3,Primary4,Primary5,Primary6,Primary7,Primary9,Primary10,Primary11,Primary12,Primary13,Primary14,Primary15,Primary16,Primary17,Primary18,Primary19,Primary20,Primary21,Primary22,Primary23
4585,9914,7780,100996506;Primary1,Primary2,Primary3,Primary4,Primary6,Primary7,Primary8,Primary9,Primary10,Primary11,Primary12,Primary13,Primary14,Primary15,Primary16,Primary17,Primary18,Primary19,Primary20,Primary21,Primary22,Primary23
4585,1770,93035;Primary1,Primary2,Primary4,Primary5,Primary6,Primary7,Primary8,Primary9,Primary10,Primary11,Primary12,Primary13,Primary14,Primary15,Primary16,Primary17,Primary18,Primary19,Primary20,Primary21,Primary22,Primary23
4585,126353;Primary1,Primary2,Primary3,Primary5,Primary6,Primary7,Primary8,Primary9,Primary10,Primary11,Primary12,Primary13,Primary14,Primary15,Primary16,Primary17,Primary18,Primary19,Primary20,Primary21,Primary22,Primary23
4585,7113;Primary1,Primary2,Primary3,Primary4,Primary5,Primary6,Primary7,Primary8,Primary9,Primary10,Primary11,Primary12,Primary13,Primary14,Primary15,Primary16,Primary17,Primary18,Primary19,Primary20,Primary21,Primary22,Primary23
4585,26226,93035;Primary1,Primary2,Primary3,Primary4,Primary5,Primary7,Primary8,Primary9,Primary10,Primary11,Primary12,Primary13,Primary14,Primary15,Primary16,Primary17,Primary18,Primary19,Primary20,Primary21,Primary22,Primary23
4585,100158262,10129;Primary1,Primary2,Primary3,Primary4,Primary6,Primary7,Primary8,Primary9,Primary10,Primary11,Primary12,Primary13,Primary14,Primary15,Primary16,Primary17,Primary18,Primary19,Primary20,Primary21,Primary22,Primary23
339983,100302161,5225,11081,246,27134,4861;Primary1,Primary2,Primary3,Primary4,Primary5,Primary6,Primary7,Primary8,Primary9,Primary10,Primary11,Primary12,Primary13,Primary14,Primary15,Primary16,Primary17,Primary18,Primary19,Primary20,Primary21,Primary22,Primary23
339983,100302170,5225,246,4861;Primary1,Primary2,Primary3,Primary4,Primary5,Primary7,Primary8,Primary9,Primary10,Primary11,Primary12,Primary13,Primary14,Primary15,Primary16,Primary17,Primary18,Primary19,Primary20,Primary21,Primary22,Primary23
339983,4583,5225,246,27134;Primary1,Primary2,Primary3,Primary4,Primary5,Primary6,Primary7,Primary8,Primary9,Primary10,Primary11,Primary12,Primary13,Primary14,Primary15,Primary16,Primary17,Primary18,Primary19,Primary21,Primary22,Primary23
339983,1381,56896,100419743,5225,100302161,11081,246,27134,4861;Primary1,Primary2,Primary3,Primary4,Primary5,Primary6,Primary7,Primary8,Primary9,Primary10,Primary11,Primary13,Primary14,Primary15,Primary16,Primary17,Primary18,Primary19,Primary20,Primary21,Primary22,Primary23
339983,253982,776,5225,11081,246,27134,4861;Primary1,Primary2,Primary3,Primary4,Primary5,Primary6,Primary8,Primary9,Primary10,Primary11,Primary12,Primary13,Primary14,Primary15,Primary16,Primary17,Primary18,Primary19,Primary20,Primary21,Primary22,Primary23
339983,762,100302161;Primary1,Primary2,Primary3,Primary4,Primary5,Primary6,Primary7,Primary8,Primary9,Primary10,Primary11,Primary12,Primary13,Primary14,Primary15,Primary16,Primary17,Primary18,Primary19,Primary20,Primary21,Primary22,Primary23
339983,54084,5225,100302161,11081,246,27134,4861;Primary1,Primary2,Primary3,Primary4,Primary5,Primary6,Primary7,Primary8,Primary9,Primary10,Primary12,Primary13,Primary14,Primary15,Primary16,Primary17,Primary18,Primary19,Primary20,Primary21,Primary22,Primary23
105374373,140766,1513,200407,54769,1152,284266,54,10331,4318,109729184;Primary1,Primary2,Primary3,Primary4,Primary5,Primary6,Primary7,Primary8,Primary9,Primary10,Primary11,Primary12,Primary13,Primary15,Primary16,Primary17,Primary18,Primary19,Primary20,Primary21,Primary22,Primary23
105374373,363,54769,10331,4318,109729184;Primary1,Primary2,Primary3,Primary5,Primary6,Primary7,Primary8,Primary9,Primary10,Primary11,Primary12,Primary13,Primary14,Primary15,Primary16,Primary17,Primary18,Primary19,Primary20,Primary21,Primary22,Primary23
105374373,100126311,54769,109729184;Primary1,Primary3,Primary4,Primary5,Primary6,Primary7,Primary8,Primary9,Primary10,Primary11,Primary12,Primary13,Primary14,Primary15,Primary16,Primary17,Primary18,Primary19,Primary20,Primary21,Primary22,Primary23
105374373,116844,284680,54769,1152,284266,54,10331,2696,4318,109729184;Primary1,Primary2,Primary3,Primary4,Primary5,Primary7,Primary8,Primary9,Primary10,Primary11,Primary12,Primary13,Primary14,Primary15,Primary16,Primary17,Primary18,Primary19,Primary20,Primary21,Primary22,Primary23
105374373,164312,284680,54769,1152,284266,2696,4318,109729184;Primary1,Primary2,Primary3,Primary4,Primary5,Primary6,Primary7,Primary8,Primary9,Primary10,Primary11,Primary12,Primary13,Primary14,Primary15,Primary17,Primary18,Primary19,Primary20,Primary21,Primary22,Primary23
105374373,23562,284680,54769,1152,284266,54,10331,2696,4318,109729184;Primary1,Primary2,Primary3,Primary4,Primary5,Primary6,Primary7,Primary8,Primary9,Primary10,Primary11,Primary12,Primary13,Primary14,Primary15,Primary16,Primary17,Primary18,Primary20,Primary21,Primary22,Primary23
10568,10586,57111,448831,7060,105,6441,4892,441581,1028,7546,6751,1381,57524,4222,340596;Primary1,Primary2,Primary3,Primary5,Primary6,Primary7,Primary8,Primary9,Primary10,Primary11,Primary12,Primary13,Primary14,Primary15,Primary16,Primary17,Primary18,Primary19,Primary20,Primary21,Primary22,Primary23
10568,102723635,100129940;Primary1,Primary2,Primary3,Primary4,Primary5,Primary6,Primary7,Primary8,Primary9,Primary10,Primary11,Primary12,Primary13,Primary15,Primary16,Primary17,Primary18,Primary19,Primary20,Primary21,Primary22,Primary23
10568,4062,7203,222183,1515,7546,57524,8153,3780;Primary1,Primary2,Primary3,Primary4,Primary5,Primary6,Primary7,Primary8,Primary9,Primary10,Primary11,Primary12,Primary13,Primary14,Primary15,Primary16,Primary17,Primary18,Primary19,Primary21,Primary22,Primary23
10568,767567,7203,1515,7546,57524,8153,3780;Primary1,Primary2,Primary3,Primary4,Primary5,Primary6,Primary7,Primary8,Primary9,Primary10,Primary11,Primary12,Primary13,Primary15,Primary16,Primary17,Primary18,Primary19,Primary20,Primary21,Primary22,Primary23
10568,7473,7546;Primary1,Primary2,Primary3,Primary5,Primary6,Primary7,Primary8,Primary9,Primary10,Primary11,Primary12,Primary13,Primary14,Primary15,Primary16,Primary17,Primary18,Primary19,Primary20,Primary21,Primary22,Primary23
10568,388555,7203,1028,8091,7546,57524,8153,3780;Primary1,Primary2,Primary3,Primary4,Primary5,Primary7,Primary8,Primary9,Primary10,Primary11,Primary12,Primary13,Primary14,Primary15,Primary16,Primary17,Primary18,Primary19,Primary20,Primary21,Primary22,Primary23
886,419,9211;Primary1,Primary2,Primary3,Primary4,Primary5,Primary6,Primary7,Primary8,Primary9,Primary10,Primary11,Primary12,Primary13,Primary14,Primary15,Primary16,Primary17,Primary18,Primary19,Primary20,Primary21,Primary22,Primary23
886,441151,255928,1285,9211;Primary1,Primary2,Primary3,Primary4,Primary5,Primary6,Primary7,Primary9,Primary10,Primary11,Primary12,Primary13,Primary14,Primary15,Primary16,Primary17,Primary18,Primary19,Primary20,Primary21,Primary22,Primary23
886,5340,255928,1285,9211,3481;Primary1,Primary2,Primary4,Primary5,Primary6,Primary7,Primary8,Primary9,Primary10,Primary11,Primary12,Primary13,Primary14,Primary15,Primary16,Primary17,Primary18,Primary19,Primary20,Primary21,Primary22,Primary23
886,285989,79098,406969,112268422,4057,201625,11148,131873,200879,306,102723849,113218482,112268252,6523;Primary1,Primary2,Primary3,Primary4,Primary5,Primary6,Primary7,Primary8,Primary9,Primary10,Primary12,Primary13,Primary14,Primary15,Primary16,Primary17,Primary18,Primary19,Primary20,Primary21,Primary22,Primary23
886,646480,5340,9211;Primary1,Primary2,Primary4,Primary5,Primary6,Primary7,Primary8,Primary9,Primary10,Primary11,Primary12,Primary13,Primary14,Primary15,Primary16,Primary17,Primary18,Primary19,Primary20,Primary21,Primary22,Primary23
886,100302170;Primary1,Primary2,Primary3,Primary4,Primary5,Primary6,Primary7,Primary8,Primary9,Primary10,Primary12,Primary13,Primary14,Primary15,Primary16,Primary17,Primary18,Primary19,Primary20,Primary21,Primary22,Primary23
886,105,9211,8153;Primary1,Primary2,Primary3,Primary4,Primary5,Primary6,Primary7,Primary8,Primary9,Primary10,Primary11,Primary13,Primary14,Primary15,Primary16,Primary17,Primary18,Primary19,Primary20,Primary21,Primary22,Primary23
886,4892,419,9211;Primary1,Primary2,Primary3,Primary4,Primary5,Primary6,Primary7,Primary8,Primary9,Primary10,Primary11,Primary13,Primary14,Primary15,Primary16,Primary17,Primary18,Primary19,Primary20,Primary21,Primary22,Primary23
886,399949,131873,285989;Primary1,Primary2,Primary3,Primary4,Primary5,Primary6,Primary7,Primary8,Primary9,Primary10,Primary12,Primary13,Primary14,Primary15,Primary16,Primary17,Primary18,Primary19,Primary20,Primary21,Primary22,Primary23
886,5544,1285,5340,5545;Primary1,Primary2,Primary3,Primary4,Primary5,Primary6,Primary7,Primary8,Primary9,Primary10,Primary11,Primary13,Primary14,Primary15,Primary16,Primary17,Primary18,Primary19,Primary20,Primary21,Primary22,Primary23
886,5053,9211,255189;Primary1,Primary2,Primary3,Primary4,Primary5,Primary6,Primary7,Primary8,Primary9,Primary10,Primary11,Primary12,Primary13,Primary14,Primary15,Primary16,Primary17,Primary18,Primary19,Primary20,Primary22,Primary23
886,7546,255928,9211,8153,54084;Primary1,Primary2,Primary3,Primary4,Primary5,Primary6,Primary7,Primary8,Primary9,Primary10,Primary11,Primary13,Primary14,Primary15,Primary16,Primary17,Primary18,Primary19,Primary20,Primary21,Primary22,Primary23
886,8153,255928,1285,9211,54084;Primary1,Primary2,Primary3,Primary4,Primary5,Primary6,Primary7,Primary8,Primary9,Primary10,Primary11,Primary13,Primary14,Primary15,Primary16,Primary17,Primary18,Primary19,Primary20,Primary21,Primary22,Primary23
886,3219,1285,5544,5545;Primary1,Primary2,Primary3,Primary4,Primary5,Primary6,Primary7,Primary8,Primary9,Primary10,Primary11,Primary13,Primary14,Primary15,Primary16,Primary17,Primary18,Primary19,Primary20,Primary21,Primary22,Primary23
886,498,9211,84700;Primary1,Primary2,Primary3,Primary4,Primary5,Primary6,Primary7,Primary8,Primary9,Primary10,Primary11,Primary12,Primary13,Primary14,Primary15,Primary16,Primary17,Primary19,Primary20,Primary21,Primary22,Primary23
886,79784,1285,9211,3481;Primary1,Primary2,Primary3,Primary4,Primary5,Primary6,Primary7,Primary8,Primary9,Primary10,Primary11,Primary12,Primary13,Primary14,Primary16,Primary17,Primary18,Primary19,Primary20,Primary21,Primary22,Primary23
886,84700,9211;Primary1,Primary2,Primary3,Primary4,Primary5,Primary6,Primary7,Primary8,Primary9,Primary10,Primary11,Primary12,Primary13,Primary14,Primary15,Primary16,Primary17,Primary18,Primary19,Primary20,Primary21,Primary22,Primary23
886,102723508,79098,105373265,112268422,4057,201625,11148,131873,200879,306,728643,60494,113218482,767566,112268252,6523;Primary1,Primary2,Primary3,Primary4,Primary5,Primary6,Primary7,Primary8,Primary9,Primary10,Primary12,Primary13,Primary14,Primary15,Primary16,Primary17,Primary18,Primary19,Primary20,Primary21,Primary22,Primary23
116984,1906,1043,149465,28824;Primary1,Primary3,Primary4,Primary5,Primary6,Primary7,Primary8,Primary9,Primary10,Primary11,Primary12,Primary13,Primary14,Primary15,Primary16,Primary17,Primary18,Primary19,Primary20,Primary21,Primary22,Primary23
116984,144571;Primary1,Primary2,Primary3,Primary4,Primary5,Primary6,Primary7,Primary8,Primary9,Primary10,Primary11,Primary12,Primary13,Primary14,Primary15,Primary16,Primary17,Primary18,Primary19,Primary20,Primary21,Primary22,Primary23
116984,112268155;Primary1,Primary2,Primary4,Primary5,Primary6,Primary7,Primary8,Primary9,Primary10,Primary11,Primary12,Primary13,Primary14,Primary15,Primary16,Primary17,Primary18,Primary19,Primary20,Primary21,Primary22,Primary23
285429,100820829,196335,24150,110806280,89765,4693;Primary1,Primary2,Primary3,Primary4,Primary5,Primary6,Primary7,Primary8,Primary9,Primary10,Primary11,Primary13,Primary14,Primary15,Primary16,Primary17,Primary18,Primary19,Primary20,Primary21,Primary22,Primary23
285429,3249,2537,128218,632,390083,1555,128602;Primary1,Primary2,Primary3,Primary4,Primary5,Primary6,Primary7,Primary8,Primary9,Primary10,Primary11,Primary12,Primary13,Primary14,Primary15,Primary16,Primary17,Primary18,Primary19,Primary20,Primary22,Primary23
285429,128602,2537,128218,632,654433,390083,24150,1555;Primary1,Primary2,Primary3,Primary4,Primary5,Primary6,Primary7,Primary8,Primary9,Primary10,Primary11,Primary12,Primary13,Primary14,Primary15,Primary16,Primary17,Primary18,Primary19,Primary20,Primary22,Primary23
84525,26797,8395,107985317;Primary1,Primary2,Primary3,Primary4,Primary5,Primary6,Primary7,Primary8,Primary9,Primary11,Primary12,Primary13,Primary14,Primary15,Primary16,Primary17,Primary18,Primary19,Primary20,Primary21,Primary22,Primary23
84525,762;Primary1,Primary2,Primary3,Primary5,Primary6,Primary7,Primary8,Primary9,Primary10,Primary11,Primary12,Primary13,Primary14,Primary15,Primary16,Primary17,Primary18,Primary19,Primary20,Primary21,Primary22,Primary23
8999,54848,6101;Primary1,Primary2,Primary3,Primary4,Primary5,Primary6,Primary7,Primary8,Primary9,Primary10,Primary11,Primary12,Primary13,Primary14,Primary15,Primary16,Primary17,Primary18,Primary19,Primary20,Primary21,Primary22,Primary23
8999,3929,6101;Primary1,Primary2,Primary3,Primary4,Primary5,Primary6,Primary7,Primary8,Primary9,Primary10,Primary11,Primary12,Primary13,Primary14,Primary15,Primary16,Primary17,Primary18,Primary19,Primary20,Primary21,Primary22,Primary23
419,7060,4892,767567;Primary1,Primary2,Primary3,Primary4,Primary5,Primary6,Primary7,Primary8,Primary9,Primary10,Primary11,Primary13,Primary14,Primary15,Primary16,Primary17,Primary18,Primary19,Primary20,Primary21,Primary22,Primary23
419,105369937,4892;Primary1,Primary2,Primary3,Primary4,Primary5,Primary6,Primary7,Primary8,Primary9,Primary10,Primary11,Primary13,Primary14,Primary15,Primary16,Primary17,Primary18,Primary19,Primary20,Primary21,Primary22,Primary23
419,255189,886,9211;Primary1,Primary2,Primary3,Primary4,Primary5,Primary6,Primary7,Primary8,Primary9,Primary10,Primary11,Primary12,Primary13,Primary14,Primary15,Primary16,Primary17,Primary18,Primary19,Primary20,Primary22,Primary23
419,84700,886,9211;Primary1,Primary2,Primary3,Primary4,Primary5,Primary6,Primary7,Primary8,Primary9,Primary10,Primary11,Primary12,Primary13,Primary14,Primary16,Primary17,Primary18,Primary19,Primary20,Primary21,Primary22,Primary23
306,692072;Primary1,Primary2,Primary3,Primary4,Primary5,Primary6,Primary7,Primary8,Primary9,Primary11,Primary12,Primary13,Primary14,Primary15,Primary16,Primary17,Primary18,Primary19,Primary20,Primary21,Primary22,Primary23
306,649946,200879,105180390,102723849,1577,120892,100652781,105372793;Primary1,Primary2,Primary3,Primary4,Primary6,Primary7,Primary8,Primary9,Primary10,Primary11,Primary12,Primary13,Primary14,Primary15,Primary16,Primary17,Primary18,Primary19,Primary20,Primary21,Primary22,Primary23
1040,100874002,440590,57402,115019,55289,256076,84525,353189,10595,361;Primary1,Primary2,Primary3,Primary4,Primary5,Primary6,Primary7,Primary9,Primary10,Primary11,Primary12,Primary13,Primary14,Primary15,Primary16,Primary17,Primary18,Primary19,Primary20,Primary21,Primary22,Primary23
1040,222166,440590,57402,55289,10018,256076,84525,2160,353189,253970,10595;Primary1,Primary2,Primary3,Primary4,Primary5,Primary6,Primary7,Primary9,Primary10,Primary11,Primary12,Primary13,Primary14,Primary15,Primary16,Primary17,Primary18,Primary19,Primary20,Primary21,Primary22,Primary23
1040,100302161,57530,56896,100419743,5225,11081,160728,246,27134;Primary1,Primary2,Primary3,Primary5,Primary6,Primary7,Primary8,Primary9,Primary10,Primary11,Primary12,Primary13,Primary14,Primary15,Primary16,Primary17,Primary18,Primary19,Primary20,Primary21,Primary22,Primary23
1040,1132;Primary1,Primary2,Primary3,Primary4,Primary5,Primary6,Primary7,Primary8,Primary9,Primary10,Primary11,Primary12,Primary13,Primary14,Primary15,Primary16,Primary17,Primary18,Primary19,Primary21,Primary22,Primary23
1040,259294,440590,10018;Primary1,Primary2,Primary3,Primary4,Primary5,Primary6,Primary7,Primary9,Primary10,Primary11,Primary12,Primary13,Primary14,Primary15,Primary16,Primary17,Primary18,Primary19,Primary20,Primary21,Primary22,Primary23
1040,107984498,57402,115019,55289,256076,353189,103504738;Primary1,Primary2,Primary3,Primary4,Primary5,Primary6,Primary7,Primary9,Primary10,Primary11,Primary12,Primary13,Primary14,Primary15,Primary16,Primary17,Primary18,Primary19,Primary20,Primary21,Primary22,Primary23
1040,100033430,1286,79740,11081;Primary1,Primary2,Primary3,Primary5,Primary6,Primary7,Primary8,Primary9,Primary10,Primary11,Primary12,Primary13,Primary14,Primary15,Primary16,Primary17,Primary18,Primary19,Primary20,Primary21,Primary22,Primary23
1040,103504738,57402,115019,55289,256076,84525,353189;Primary1,Primary2,Primary3,Primary4,Primary5,Primary6,Primary7,Primary9,Primary10,Primary11,Primary12,Primary13,Primary14,Primary15,Primary16,Primary17,Primary18,Primary19,Primary20,Primary21,Primary22,Primary23
1040,361,440590,57402,115019,55289,256076,84525,2160,353189,253970,10595;Primary1,Primary2,Primary3,Primary4,Primary5,Primary6,Primary7,Primary9,Primary10,Primary11,Primary12,Primary13,Primary14,Primary15,Primary16,Primary17,Primary18,Primary19,Primary20,Primary21,Primary22,Primary23
1040,94025,440590,57402,115019,55289,10018,26084,84525,353189,103504738,10595;Primary1,Primary2,Primary3,Primary4,Primary5,Primary7,Primary8,Primary9,Primary10,Primary11,Primary12,Primary13,Primary14,Primary15,Primary16,Primary17,Primary18,Primary19,Primary20,Primary21,Primary22,Primary23
1040,284340,2160;Primary1,Primary2,Primary3,Primary4,Primary5,Primary6,Primary7,Primary8,Primary9,Primary10,Primary11,Primary12,Primary13,Primary15,Primary16,Primary17,Primary18,Primary19,Primary20,Primary21,Primary22,Primary23
56955,168090,340267,155465,6440,3880;Primary1,Primary2,Primary3,Primary4,Primary5,Primary6,Primary7,Primary8,Primary9,Primary10,Primary11,Primary12,Primary13,Primary14,Primary15,Primary16,Primary17,Primary18,Primary19,Primary20,Primary21,Primary22,Primary23
56955,10551,340267,155465,3880;Primary1,Primary2,Primary3,Primary4,Primary5,Primary6,Primary7,Primary8,Primary9,Primary10,Primary11,Primary12,Primary13,Primary15,Primary16,Primary17,Primary18,Primary19,Primary20,Primary21,Primary22,Primary23
56955,105180390,340267,155465,105180391;Primary1,Primary2,Primary3,Primary4,Primary5,Primary7,Primary8,Primary9,Primary10,Primary11,Primary12,Primary13,Primary14,Primary15,Primary16,Primary17,Primary18,Primary19,Primary20,Primary21,Primary22,Primary23
56955,55930,130271,340267,3880;Primary1,Primary2,Primary3,Primary4,Primary5,Primary6,Primary7,Primary8,Primary9,Primary10,Primary11,Primary12,Primary13,Primary14,Primary16,Primary17,Primary18,Primary19,Primary20,Primary21,Primary22,Primary23
56955,1770,130271,340267,3880;Primary1,Primary2,Primary4,Primary5,Primary6,Primary7,Primary8,Primary9,Primary10,Primary11,Primary12,Primary13,Primary14,Primary15,Primary16,Primary17,Primary18,Primary19,Primary20,Primary21,Primary22,Primary23
54848,153643,389376;Primary1,Primary2,Primary4,Primary5,Primary6,Primary7,Primary8,Primary9,Primary10,Primary11,Primary12,Primary13,Primary14,Primary15,Primary16,Primary17,Primary18,Primary19,Primary20,Primary21,Primary22,Primary23
54848,389376;Primary1,Primary2,Primary3,Primary4,Primary5,Primary6,Primary7,Primary8,Primary9,Primary10,Primary11,Primary12,Primary13,Primary14,Primary15,Primary16,Primary17,Primary18,Primary19,Primary20,Primary21,Primary22,Primary23
54848,80736,389376;Primary1,Primary2,Primary3,Primary4,Primary5,Primary6,Primary7,Primary8,Primary9,Primary10,Primary11,Primary12,Primary13,Primary14,Primary15,Primary16,Primary17,Primary18,Primary19,Primary21,Primary22,Primary23
54848,4583,6101;Primary1,Primary2,Primary3,Primary4,Primary5,Primary6,Primary7,Primary9,Primary10,Primary11,Primary12,Primary13,Primary14,Primary15,Primary16,Primary17,Primary18,Primary19,Primary20,Primary21,Primary22,Primary23
54848,9356,389376;Primary1,Primary2,Primary3,Primary4,Primary5,Primary6,Primary7,Primary8,Primary9,Primary10,Primary11,Primary12,Primary13,Primary14,Primary15,Primary16,Primary17,Primary18,Primary19,Primary21,Primary22,Primary23
54848,2208,389376;Primary1,Primary2,Primary3,Primary4,Primary5,Primary6,Primary7,Primary8,Primary9,Primary10,Primary11,Primary12,Primary13,Primary14,Primary15,Primary16,Primary17,Primary18,Primary19,Primary21,Primary22,Primary23
54848,3929,8999,6101;Primary1,Primary2,Primary3,Primary4,Primary5,Primary6,Primary7,Primary8,Primary9,Primary10,Primary11,Primary12,Primary13,Primary14,Primary15,Primary16,Primary17,Primary18,Primary19,Primary20,Primary21,Primary23
54848,128602,389376;Primary1,Primary2,Primary3,Primary4,Primary5,Primary6,Primary7,Primary8,Primary9,Primary10,Primary11,Primary12,Primary13,Primary14,Primary15,Primary16,Primary17,Primary18,Primary19,Primary21,Primary22,Primary23
57575,100506380,1515,399726;Primary1,Primary2,Primary3,Primary4,Primary5,Primary6,Primary7,Primary8,Primary10,Primary11,Primary12,Primary13,Primary14,Primary15,Primary16,Primary17,Primary18,Primary19,Primary20,Primary21,Primary22,Primary23
57575,195814,3229,55567;Primary1,Primary2,Primary3,Primary4,Primary6,Primary7,Primary8,Primary9,Primary10,Primary11,Primary12,Primary13,Primary14,Primary15,Primary16,Primary17,Primary18,Primary19,Primary20,Primary21,Primary22,Primary23
57575,6505,55567;Primary1,Primary2,Primary3,Primary4,Primary5,Primary6,Primary7,Primary8,Primary9,Primary10,Primary11,Primary12,Primary13,Primary14,Primary15,Primary16,Primary17,Primary18,Primary19,Primary20,Primary21,Primary22,Primary23
57575,1515,399726;Primary1,Primary2,Primary3,Primary4,Primary5,Primary6,Primary7,Primary8,Primary9,Primary10,Primary11,Primary12,Primary13,Primary14,Primary15,Primary16,Primary17,Primary18,Primary19,Primary20,Primary21,Primary22,Primary23
57575,286207,50964;Primary1,Primary2,Primary3,Primary4,Primary5,Primary6,Primary7,Primary8,Primary9,Primary10,Primary11,Primary13,Primary14,Primary15,Primary16,Primary17,Primary18,Primary19,Primary20,Primary21,Primary22,Primary23
57575,22943;Primary1,Primary2,Primary3,Primary4,Primary5,Primary6,Primary7,Primary8,Primary9,Primary10,Primary11,Primary12,Primary13,Primary14,Primary16,Primary17,Primary18,Primary19,Primary20,Primary21,Primary22,Primary23
57575,3229,55567;Primary1,Primary2,Primary3,Primary4,Primary5,Primary6,Primary7,Primary8,Primary9,Primary10,Primary11,Primary12,Primary13,Primary14,Primary15,Primary16,Primary17,Primary18,Primary19,Primary20,Primary21,Primary22,Primary23
57575,4069;Primary1,Primary2,Primary3,Primary4,Primary5,Primary6,Primary7,Primary8,Primary9,Primary11,Primary12,Primary13,Primary14,Primary15,Primary16,Primary17,Primary18,Primary19,Primary20,Primary21,Primary22,Primary23
57575,7080,1746,3229;Primary1,Primary2,Primary3,Primary4,Primary5,Primary6,Primary8,Primary9,Primary10,Primary11,Primary12,Primary13,Primary14,Primary15,Primary16,Primary17,Primary18,Primary19,Primary20,Primary21,Primary22,Primary23
57575,100033436;Primary1,Primary2,Primary3,Primary4,Primary5,Primary6,Primary7,Primary8,Primary9,Primary10,Primary11,Primary12,Primary13,Primary14,Primary15,Primary16,Primary17,Primary18,Primary19,Primary20,Primary21,Primary22,Primary23
57575,21,6505,3229,7080;Primary1,Primary2,Primary3,Primary4,Primary5,Primary6,Primary8,Primary9,Primary10,Primary11,Primary12,Primary13,Primary14,Primary15,Primary16,Primary17,Primary18,Primary19,Primary20,Primary21,Primary22,Primary23
57575,3780,1515,399726;Primary1,Primary2,Primary3,Primary4,Primary5,Primary6,Primary7,Primary8,Primary9,Primary10,Primary11,Primary12,Primary13,Primary14,Primary16,Primary17,Primary18,Primary19,Primary20,Primary21,Primary22,Primary23
101927516,1577;Primary1,Primary2,Primary3,Primary4,Primary5,Primary6,Primary7,Primary8,Primary9,Primary10,Primary11,Primary12,Primary13,Primary14,Primary15,Primary16,Primary17,Primary18,Primary19,Primary20,Primary21,Primary22,Primary23
101927516,100033430;Primary1,Primary2,Primary3,Primary4,Primary5,Primary7,Primary8,Primary9,Primary10,Primary11,Primary12,Primary13,Primary14,Primary15,Primary16,Primary17,Primary18,Primary19,Primary20,Primary21,Primary22,Primary23
101927516,100033436;Primary1,Primary2,Primary3,Primary4,Primary5,Primary6,Primary7,Primary8,Primary9,Primary10,Primary11,Primary12,Primary13,Primary14,Primary16,Primary17,Primary18,Primary19,Primary20,Primary21,Primary22,Primary23
101927516,284323,1577;Primary1,Primary2,Primary3,Primary4,Primary5,Primary6,Primary7,Primary9,Primary10,Primary11,Primary12,Primary13,Primary14,Primary15,Primary16,Primary17,Primary18,Primary19,Primary20,Primary21,Primary22,Primary23
10586,5545,6262,7060,340596;Primary1,Primary2,Primary3,Primary5,Primary6,Primary7,Primary8,Primary9,Primary10,Primary11,Primary12,Primary13,Primary14,Primary15,Primary16,Primary17,Primary18,Primary19,Primary20,Primary21,Primary22,Primary23
10586,2065,57111,448831,7060,105,6441,4892,441581,1028,6751,1381,4222,57526,340596;Primary2,Primary3,Primary4,Primary5,Primary6,Primary7,Primary8,Primary9,Primary10,Primary11,Primary12,Primary13,Primary14,Primary15,Primary16,Primary17,Primary18,Primary19,Primary20,Primary21,Primary22,Primary23
10586,8091,57111,448831,7060,105,6441,4892,441581,1028,6751,1381,4222,57526,340596;Primary1,Primary2,Primary3,Primary4,Primary5,Primary7,Primary8,Primary9,Primary10,Primary11,Primary12,Primary13,Primary14,Primary15,Primary16,Primary17,Primary18,Primary19,Primary20,Primary21,Primary22,Primary23
10586,4604,7060,105,4892,441581,6751,1381,4222,2627,340596;Primary1,Primary2,Primary3,Primary5,Primary6,Primary7,Primary8,Primary9,Primary10,Primary11,Primary12,Primary13,Primary14,Primary15,Primary16,Primary17,Primary18,Primary19,Primary20,Primary21,Primary22,Primary23
10586,2627,57111,10568,448831,7060,105,6441,4892,441581,1028,6751,1381,57524,4222,340596;Primary1,Primary2,Primary3,Primary5,Primary6,Primary7,Primary8,Primary9,Primary10,Primary11,Primary12,Primary13,Primary14,Primary15,Primary16,Primary17,Primary18,Primary19,Primary20,Primary21,Primary22,Primary23
10586,2922,1028,8153;Primary1,Primary2,Primary3,Primary5,Primary6,Primary7,Primary8,Primary9,Primary10,Primary11,Primary12,Primary13,Primary14,Primary15,Primary16,Primary17,Primary18,Primary19,Primary20,Primary21,Primary22,Primary23
10586,57526,57111,448831,7060,105,6441,441581,1028,6751,1381,4222,340596;Primary1,Primary2,Primary3,Primary4,Primary5,Primary6,Primary7,Primary8,Primary9,Primary10,Primary11,Primary12,Primary13,Primary14,Primary15,Primary16,Primary17,Primary18,Primary19,Primary20,Primary21,Primary22,Primary23
2266,389376,9356;Primary1,Primary2,Primary3,Primary4,Primary5,Primary6,Primary7,Primary8,Primary9,Primary10,Primary11,Primary12,Primary14,Primary15,Primary16,Primary17,Primary18,Primary19,Primary20,Primary21,Primary22,Primary23
2266,728276;Primary1,Primary2,Primary3,Primary4,Primary5,Primary6,Primary7,Primary8,Primary9,Primary10,Primary11,Primary12,Primary13,Primary14,Primary15,Primary16,Primary17,Primary18,Primary20,Primary21,Primary22,Primary23
2266,246100,3694,1485;Primary1,Primary2,Primary3,Primary4,Primary5,Primary6,Primary7,Primary8,Primary9,Primary10,Primary11,Primary12,Primary13,Primary14,Primary15,Primary17,Primary18,Primary19,Primary20,Primary21,Primary22,Primary23
2266,30848,246100,1485;Primary1,Primary2,Primary3,Primary4,Primary5,Primary6,Primary7,Primary8,Primary9,Primary10,Primary11,Primary12,Primary13,Primary14,Primary15,Primary17,Primary18,Primary19,Primary20,Primary21,Primary22,Primary23
3248,647024;Primary1,Primary2,Primary3,Primary4,Primary5,Primary6,Primary7,Primary8,Primary9,Primary10,Primary11,Primary12,Primary13,Primary15,Primary16,Primary17,Primary18,Primary19,Primary20,Primary21,Primary22,Primary23
3248,5961,2619,100423031;Primary1,Primary2,Primary3,Primary4,Primary5,Primary6,Primary7,Primary8,Primary9,Primary10,Primary11,Primary12,Primary13,Primary14,Primary15,Primary16,Primary17,Primary18,Primary19,Primary20,Primary21,Primary22,Primary23
3248,160728,5961,2619,100423031;Primary1,Primary2,Primary3,Primary4,Primary5,Primary6,Primary7,Primary9,Primary10,Primary11,Primary12,Primary13,Primary14,Primary15,Primary16,Primary17,Primary18,Primary19,Primary20,Primary21,Primary22,Primary23
3248,1152,2619,2696;Primary1,Primary2,Primary3,Primary4,Primary5,Primary6,Primary7,Primary8,Primary9,Primary10,Primary11,Primary12,Primary13,Primary14,Primary15,Primary16,Primary17,Primary18,Primary19,Primary20,Primary21,Primary22
3248,100126311;Primary1,Primary2,Primary3,Primary4,Primary5,Primary6,Primary7,Primary8,Primary9,Primary10,Primary11,Primary12,Primary13,Primary14,Primary15,Primary16,Primary17,Primary18,Primary20,Primary21,Primary22,Primary23
3248,4496,5961,2619,100423031,1048;Primary2,Primary3,Primary4,Primary5,Primary6,Primary7,Primary8,Primary9,Primary10,Primary11,Primary12,Primary13,Primary14,Primary15,Primary16,Primary17,Primary18,Primary19,Primary20,Primary21,Primary22,Primary23
3248,284266,1152,2696,4318,109729184;Primary1,Primary2,Primary3,Primary4,Primary5,Primary6,Primary7,Primary8,Primary9,Primary10,Primary11,Primary12,Primary13,Primary14,Primary15,Primary16,Primary17,Primary18,Primary19,Primary20,Primary21,Primary22
2160,100874002,57402,115019,55289,256076,84525,353189,253970,10595,7473,361,107985317;Primary1,Primary2,Primary3,Primary4,Primary5,Primary6,Primary7,Primary8,Primary9,Primary10,Primary12,Primary13,Primary14,Primary15,Primary16,Primary17,Primary18,Primary19,Primary20,Primary21,Primary22,Primary23
2160,9211;Primary1,Primary2,Primary3,Primary5,Primary6,Primary7,Primary8,Primary9,Primary10,Primary11,Primary12,Primary13,Primary14,Primary15,Primary16,Primary17,Primary18,Primary19,Primary20,Primary21,Primary22,Primary23
2160,89;Primary1,Primary2,Primary3,Primary5,Primary6,Primary7,Primary8,Primary9,Primary10,Primary11,Primary12,Primary13,Primary14,Primary15,Primary16,Primary17,Primary18,Primary19,Primary20,Primary21,Primary22,Primary23
2160,5544,5545;Primary1,Primary2,Primary3,Primary5,Primary6,Primary7,Primary8,Primary9,Primary10,Primary11,Primary12,Primary13,Primary14,Primary15,Primary16,Primary17,Primary18,Primary19,Primary20,Primary21,Primary22,Primary23
2160,8796;Primary1,Primary2,Primary3,Primary4,Primary5,Primary6,Primary7,Primary8,Primary9,Primary10,Primary11,Primary12,Primary13,Primary14,Primary15,Primary16,Primary17,Primary18,Primary19,Primary20,Primary21,Primary22,Primary23
448831,9771,7060,105,441581,6751,1381,4222;Primary1,Primary2,Primary3,Primary4,Primary5,Primary6,Primary7,Primary8,Primary9,Primary10,Primary11,Primary12,Primary13,Primary14,Primary15,Primary16,Primary17,Primary18,Primary19,Primary20,Primary21,Primary22,Primary23
448831,222183,57111,10568,7060,105,6441,4892,441581,1028,7546,6751,1381,57524,4222,340596;Primary1,Primary2,Primary3,Primary4,Primary5,Primary6,Primary7,Primary8,Primary9,Primary10,Primary11,Primary12,Primary13,Primary14,Primary15,Primary16,Primary17,Primary19,Primary20,Primary21,Primary22,Primary23
448831,65998,57111,10568,6441,1028,7546,57524,4222,340596;Primary1,Primary2,Primary3,Primary5,Primary6,Primary7,Primary8,Primary9,Primary10,Primary11,Primary12,Primary13,Primary14,Primary15,Primary16,Primary17,Primary18,Primary19,Primary20,Primary21,Primary22,Primary23
448831,5544,57111,7060,105,6441,441581,1028,5545,6751,1381,4222,57526,340596;Primary1,Primary2,Primary3,Primary4,Primary5,Primary6,Primary7,Primary8,Primary9,Primary10,Primary12,Primary13,Primary14,Primary15,Primary16,Primary17,Primary18,Primary19,Primary20,Primary21,Primary22,Primary23
448831,121512,105,6441,441581,6751,4222;Primary1,Primary2,Primary3,Primary4,Primary6,Primary7,Primary8,Primary9,Primary10,Primary11,Primary12,Primary13,Primary14,Primary15,Primary16,Primary17,Primary18,Primary19,Primary20,Primary21,Primary22,Primary23
448831,107984498,94025;Primary1,Primary2,Primary3,Primary4,Primary5,Primary6,Primary7,Primary8,Primary9,Primary10,Primary11,Primary13,Primary14,Primary15,Primary16,Primary17,Primary18,Primary19,Primary20,Primary21,Primary22,Primary23
448831,3875,1746,7060,105,6441,441581,6751,1381,4222,340596;Primary1,Primary2,Primary3,Primary4,Primary5,Primary6,Primary7,Primary8,Primary9,Primary10,Primary11,Primary12,Primary13,Primary14,Primary16,Primary17,Primary18,Primary19,Primary20,Primary21,Primary22,Primary23
448831,100129940,57111,10568,7060,105,6441,4892,441581,7546,6751,1381,57524,4222,340596;Primary1,Primary2,Primary3,Primary5,Primary6,Primary7,Primary8,Primary9,Primary10,Primary11,Primary12,Primary13,Primary14,Primary15,Primary16,Primary17,Primary18,Primary19,Primary20,Primary21,Primary22,Primary23
100419743,22941,5225,11081,100033430,284111,27134;Primary1,Primary2,Primary3,Primary4,Primary5,Primary6,Primary7,Primary8,Primary9,Primary10,Primary11,Primary12,Primary13,Primary14,Primary16,Primary17,Primary18,Primary19,Primary20,Primary21,Primary22,Primary23
100419743,2065,6262,7060,105,441581,6751,1381,4222,57526;Primary1,Primary2,Primary3,Primary4,Primary5,Primary6,Primary7,Primary9,Primary10,Primary11,Primary12,Primary13,Primary14,Primary15,Primary16,Primary17,Primary18,Primary19,Primary20,Primary21,Primary22,Primary23
100419743,100129940,57111,10568,7060,222183,105,6441,4892,441581,1028,7546,6751,1381,57524,4222,2627,3780,340596;Primary1,Primary2,Primary3,Primary4,Primary5,Primary6,Primary7,Primary9,Primary10,Primary11,Primary12,Primary13,Primary14,Primary15,Primary16,Primary17,Primary18,Primary19,Primary20,Primary21,Primary22,Primary23
100419743,100033430,1286,5225,11081,246,27134;Primary1,Primary2,Primary3,Primary4,Primary5,Primary6,Primary7,Primary8,Primary9,Primary10,Primary11,Primary12,Primary13,Primary14,Primary15,Primary16,Primary17,Primary18,Primary19,Primary20,Primary21,Primary22,Primary23
653082,1161;Primary1,Primary2,Primary3,Primary4,Primary5,Primary6,Primary7,Primary8,Primary9,Primary10,Primary11,Primary12,Primary13,Primary14,Primary15,Primary16,Primary17,Primary18,Primary19,Primary20,Primary21,Primary22,Primary23
653082,117156;Primary1,Primary2,Primary3,Primary4,Primary5,Primary6,Primary7,Primary9,Primary10,Primary11,Primary12,Primary13,Primary14,Primary15,Primary16,Primary17,Primary18,Primary19,Primary20,Primary21,Primary22,Primary23
653082,5225,85452,1161;Primary1,Primary2,Primary3,Primary4,Primary5,Primary6,Primary7,Primary8,Primary9,Primary10,Primary11,Primary12,Primary13,Primary14,Primary16,Primary17,Primary18,Primary19,Primary20,Primary21,Primary22,Primary23
653082,114569,56896,100419743,5225,11081,27134;Primary1,Primary2,Primary3,Primary4,Primary5,Primary6,Primary7,Primary8,Primary9,Primary10,Primary11,Primary12,Primary13,Primary14,Primary16,Primary17,Primary18,Primary19,Primary20,Primary21,Primary22,Primary23
653082,1515,56896,6496,100419743,399726,388327;Primary1,Primary2,Primary4,Primary5,Primary6,Primary7,Primary8,Primary9,Primary10,Primary11,Primary12,Primary13,Primary14,Primary15,Primary16,Primary17,Primary18,Primary19,Primary20,Primary21,Primary22,Primary23
653082,9118,1515;Primary1,Primary2,Primary4,Primary5,Primary6,Primary7,Primary8,Primary9,Primary10,Primary11,Primary12,Primary13,Primary14,Primary15,Primary16,Primary17,Primary18,Primary19,Primary20,Primary21,Primary22,Primary23
653082,4586,6532;Primary1,Primary2,Primary3,Primary4,Primary5,Primary6,Primary7,Primary8,Primary9,Primary10,Primary11,Primary12,Primary13,Primary14,Primary15,Primary17,Primary18,Primary19,Primary20,Primary21,Primary22,Primary23
653082,100033430,1161;Primary1,Primary2,Primary3,Primary4,Primary5,Primary6,Primary8,Primary9,Primary10,Primary11,Primary12,Primary13,Primary14,Primary15,Primary16,Primary17,Primary18,Primary19,Primary20,Primary21,Primary22,Primary23
653082,21;Primary1,Primary2,Primary4,Primary5,Primary6,Primary7,Primary8,Primary9,Primary10,Primary11,Primary12,Primary13,Primary14,Primary15,Primary16,Primary17,Primary18,Primary19,Primary20,Primary21,Primary22,Primary23
653082,6532,6496;Primary1,Primary2,Primary3,Primary4,Primary5,Primary6,Primary7,Primary8,Primary9,Primary10,Primary11,Primary12,Primary13,Primary14,Primary15,Primary16,Primary17,Primary18,Primary19,Primary20,Primary21,Primary22,Primary23
1767,641384,100302170;Primary1,Primary2,Primary3,Primary4,Primary5,Primary6,Primary7,Primary8,Primary9,Primary10,Primary11,Primary12,Primary13,Primary14,Primary16,Primary17,Primary18,Primary19,Primary20,Primary21,Primary22,Primary23
1767,100302170;Primary1,Primary2,Primary3,Primary4,Primary5,Primary6,Primary7,Primary9,Primary10,Primary11,Primary12,Primary13,Primary14,Primary15,Primary16,Primary17,Primary18,Primary19,Primary20,Primary21,Primary22,Primary23
1767,619383,388743,5349,4680;Primary1,Primary2,Primary3,Primary4,Primary5,Primary6,Primary7,Primary8,Primary9,Primary11,Primary12,Primary13,Primary14,Primary15,Primary16,Primary17,Primary18,Primary19,Primary20,Primary21,Primary22,Primary23
1767,692072;Primary1,Primary2,Primary3,Primary4,Primary5,Primary6,Primary7,Primary8,Primary9,Primary11,Primary12,Primary13,Primary14,Primary15,Primary16,Primary17,Primary18,Primary19,Primary20,Primary21,Primary22,Primary23
1767,6337,406969,388743,645843,3856,4680,112268252;Primary1,Primary2,Primary3,Primary4,Primary5,Primary6,Primary7,Primary8,Primary9,Primary10,Primary11,Primary12,Primary13,Primary14,Primary15,Primary16,Primary17,Primary19,Primary20,Primary21,Primary22,Primary23
1767,103504738,388743,4680;Primary1,Primary2,Primary3,Primary5,Primary6,Primary7,Primary8,Primary9,Primary10,Primary11,Primary12,Primary13,Primary14,Primary15,Primary16,Primary17,Primary18,Primary19,Primary20,Primary21,Primary22,Primary23
1767,999,5349,4680;Primary1,Primary2,Primary3,Primary4,Primary5,Primary6,Primary7,Primary8,Primary9,Primary10,Primary11,Primary12,Primary13,Primary14,Primary15,Primary16,Primary17,Primary19,Primary20,Primary21,Primary22,Primary23
1767,692213;Primary1,Primary2,Primary3,Primary4,Primary5,Primary6,Primary7,Primary8,Primary9,Primary11,Primary12,Primary13,Primary14,Primary15,Primary16,Primary17,Primary18,Primary19,Primary20,Primary21,Primary22,Primary23
1767,6523,406969,388743,645843,3856,4680,112268252;Primary1,Primary2,Primary3,Primary4,Primary5,Primary6,Primary7,Primary8,Primary9,Primary10,Primary11,Primary12,Primary13,Primary14,Primary15,Primary16,Primary17,Primary19,Primary20,Primary21,Primary22,Primary23
4883,221395,54861;Primary1,Primary2,Primary3,Primary4,Primary5,Primary6,Primary7,Primary8,Primary9,Primary10,Primary11,Primary12,Primary13,Primary14,Primary16,Primary17,Primary18,Primary19,Primary20,Primary21,Primary22,Primary23
4883,83481;Primary1,Primary2,Primary3,Primary4,Primary5,Primary6,Primary7,Primary8,Primary9,Primary10,Primary11,Primary12,Primary13,Primary14,Primary15,Primary16,Primary17,Primary18,Primary19,Primary20,Primary21,Primary22,Primary23
730,79908,1579,63924,9370,100874095,100129460,563,5346,3240,718,66002,1048;Primary1,Primary2,Primary3,Primary4,Primary6,Primary7,Primary8,Primary9,Primary10,Primary11,Primary12,Primary13,Primary14,Primary15,Primary16,Primary17,Primary18,Primary19,Primary20,Primary21,Primary22,Primary23
730,107984406,2327,100129460,3240;Primary1,Primary2,Primary3,Primary4,Primary5,Primary6,Primary7,Primary8,Primary9,Primary10,Primary11,Primary12,Primary13,Primary14,Primary15,Primary16,Primary18,Primary19,Primary20,Primary21,Primary22,Primary23
730,121512;Primary2,Primary3,Primary4,Primary5,Primary6,Primary7,Primary8,Primary9,Primary10,Primary11,Primary12,Primary13,Primary14,Primary15,Primary16,Primary17,Primary18,Primary19,Primary20,Primary21,Primary22,Primary23
730,10129,100129460,718;Primary1,Primary2,Primary3,Primary4,Primary5,Primary6,Primary8,Primary9,Primary10,Primary11,Primary12,Primary13,Primary14,Primary15,Primary16,Primary17,Primary18,Primary19,Primary20,Primary21,Primary22,Primary23
730,146556;Primary2,Primary3,Primary4,Primary5,Primary6,Primary7,Primary8,Primary9,Primary10,Primary11,Primary12,Primary13,Primary14,Primary15,Primary16,Primary17,Primary18,Primary19,Primary20,Primary21,Primary22,Primary23
730,4629,718;Primary1,Primary2,Primary3,Primary4,Primary5,Primary6,Primary7,Primary8,Primary9,Primary10,Primary11,Primary12,Primary13,Primary14,Primary15,Primary16,Primary17,Primary18,Primary19,Primary20,Primary21,Primary22,Primary23
730,56241,149465,1906,109729127,4629,28824;Primary2,Primary3,Primary4,Primary5,Primary6,Primary7,Primary8,Primary9,Primary10,Primary11,Primary12,Primary13,Primary14,Primary15,Primary16,Primary17,Primary18,Primary19,Primary20,Primary21,Primary22,Primary23
100874002,222166,440590,57402,115019,55289,256076,84525,353189,10595,361;Primary1,Primary2,Primary3,Primary4,Primary5,Primary6,Primary7,Primary8,Primary9,Primary10,Primary11,Primary12,Primary13,Primary14,Primary15,Primary16,Primary17,Primary18,Primary19,Primary20,Primary21,Primary22
100874002,107984498,57402,115019,55289,256076,84525,353189,103504738,10595,361,94025;Primary1,Primary2,Primary3,Primary4,Primary5,Primary7,Primary8,Primary9,Primary10,Primary11,Primary12,Primary13,Primary14,Primary15,Primary16,Primary17,Primary18,Primary19,Primary20,Primary21,Primary22,Primary23
100874002,363,107985317;Primary1,Primary2,Primary3,Primary4,Primary5,Primary6,Primary7,Primary8,Primary9,Primary10,Primary11,Primary12,Primary13,Primary14,Primary15,Primary17,Primary18,Primary19,Primary20,Primary21,Primary22,Primary23
100874002,126353,57402,115019,55289,256076,84525,353189,10595;Primary1,Primary2,Primary3,Primary4,Primary5,Primary6,Primary7,Primary8,Primary9,Primary10,Primary11,Primary12,Primary13,Primary14,Primary15,Primary16,Primary17,Primary18,Primary19,Primary20,Primary21,Primary22,Primary23
100874002,107985317,115019,55289,84525,353189,10595,361;Primary1,Primary2,Primary3,Primary4,Primary5,Primary6,Primary7,Primary8,Primary9,Primary10,Primary11,Primary12,Primary13,Primary14,Primary15,Primary16,Primary17,Primary18,Primary19,Primary20,Primary21,Primary22,Primary23
1161,5225,100033430;Primary1,Primary2,Primary3,Primary4,Primary5,Primary7,Primary8,Primary9,Primary10,Primary11,Primary12,Primary13,Primary14,Primary15,Primary16,Primary17,Primary18,Primary19,Primary20,Primary21,Primary22,Primary23
1161,114569,57530,5225;Primary1,Primary2,Primary3,Primary4,Primary5,Primary6,Primary7,Primary8,Primary9,Primary10,Primary11,Primary12,Primary13,Primary14,Primary16,Primary17,Primary18,Primary19,Primary20,Primary21,Primary22,Primary23
1161,100033430;Primary1,Primary2,Primary3,Primary4,Primary5,Primary6,Primary7,Primary8,Primary9,Primary10,Primary11,Primary12,Primary13,Primary14,Primary15,Primary16,Primary17,Primary18,Primary19,Primary20,Primary21,Primary22,Primary23
1161,6532,653082;Primary1,Primary2,Primary3,Primary4,Primary5,Primary6,Primary7,Primary8,Primary9,Primary10,Primary11,Primary12,Primary13,Primary14,Primary15,Primary16,Primary17,Primary18,Primary19,Primary20,Primary21,Primary22
1161,677831;Primary1,Primary2,Primary3,Primary4,Primary5,Primary6,Primary7,Primary9,Primary10,Primary11,Primary12,Primary13,Primary14,Primary15,Primary16,Primary17,Primary18,Primary19,Primary20,Primary21,Primary22,Primary23
100506658,345895;Primary1,Primary2,Primary3,Primary4,Primary5,Primary6,Primary7,Primary8,Primary9,Primary10,Primary11,Primary13,Primary14,Primary15,Primary16,Primary17,Primary18,Primary19,Primary20,Primary21,Primary22,Primary23
100506658,25901;Primary1,Primary2,Primary3,Primary4,Primary5,Primary6,Primary7,Primary8,Primary9,Primary10,Primary11,Primary12,Primary13,Primary14,Primary15,Primary16,Primary17,Primary19,Primary20,Primary21,Primary22,Primary23
100506658,693188;Primary1,Primary2,Primary4,Primary5,Primary6,Primary7,Primary8,Primary9,Primary10,Primary11,Primary12,Primary13,Primary14,Primary15,Primary16,Primary17,Primary18,Primary19,Primary20,Primary21,Primary22,Primary23
100506658,65998,57111,8091;Primary1,Primary2,Primary4,Primary5,Primary6,Primary7,Primary8,Primary9,Primary10,Primary11,Primary12,Primary13,Primary14,Primary15,Primary16,Primary17,Primary18,Primary19,Primary20,Primary21,Primary22,Primary23
100506658,7546,57524,8153;Primary1,Primary2,Primary3,Primary4,Primary5,Primary7,Primary8,Primary9,Primary10,Primary11,Primary12,Primary13,Primary14,Primary15,Primary16,Primary17,Primary18,Primary19,Primary20,Primary21,Primary22,Primary23
100506658,3219,1285;Primary1,Primary2,Primary3,Primary4,Primary5,Primary6,Primary8,Primary9,Primary10,Primary11,Primary12,Primary13,Primary14,Primary15,Primary16,Primary17,Primary18,Primary19,Primary20,Primary21,Primary22,Primary23
105379028,4852,375612;Primary1,Primary2,Primary3,Primary4,Primary5,Primary6,Primary7,Primary8,Primary9,Primary10,Primary11,Primary12,Primary13,Primary14,Primary15,Primary16,Primary17,Primary18,Primary19,Primary20,Primary21,Primary22
105379028,606;Primary1,Primary2,Primary3,Primary4,Primary5,Primary6,Primary7,Primary8,Primary9,Primary10,Primary11,Primary12,Primary13,Primary15,Primary16,Primary17,Primary18,Primary19,Primary20,Primary21,Primary22,Primary23
105379028,5694;Primary1,Primary2,Primary3,Primary4,Primary5,Primary6,Primary7,Primary8,Primary9,Primary10,Primary11,Primary12,Primary13,Primary14,Primary15,Primary16,Primary17,Primary18,Primary19,Primary20,Primary21,Primary23
105379028,2208;Primary1,Primary2,Primary3,Primary4,Primary5,Primary6,Primary7,Primary8,Primary9,Primary10,Primary11,Primary12,Primary13,Primary14,Primary15,Primary17,Primary18,Primary19,Primary20,Primary21,Primary22,Primary23
7060,4062,10568,1028,7546,1381,57524,8153;Primary1,Primary2,Primary3,Primary4,Primary5,Primary6,Primary7,Primary8,Primary9,Primary10,Primary11,Primary12,Primary13,Primary14,Primary15,Primary16,Primary17,Primary18,Primary19,Primary21,Primary22,Primary23
7060,65998,57111,10568,6441,4892,1028,100129940,7546,57524,4222,340596;Primary1,Primary2,Primary3,Primary4,Primary5,Primary6,Primary7,Primary8,Primary9,Primary10,Primary11,Primary12,Primary13,Primary14,Primary15,Primary16,Primary17,Primary18,Primary20,Primary21,Primary22,Primary23
7060,4604,105,4892,441581,6751,1381,4222,2627,340596;Primary1,Primary2,Primary3,Primary4,Primary5,Primary6,Primary7,Primary8,Primary9,Primary10,Primary11,Primary12,Primary13,Primary14,Primary15,Primary16,Primary17,Primary18,Primary19,Primary20,Primary21,Primary22,Primary23
7060,105369937,4892,4604;Primary1,Primary2,Primary3,Primary4,Primary5,Primary6,Primary7,Primary8,Primary9,Primary10,Primary11,Primary12,Primary13,Primary14,Primary15,Primary16,Primary17,Primary18,Primary19,Primary20,Primary21,Primary22,Primary23
7060,8153,10568,105,4892,1028,7546,1381,57524,4222,340596;Primary1,Primary2,Primary3,Primary4,Primary5,Primary6,Primary7,Primary8,Primary9,Primary10,Primary11,Primary12,Primary13,Primary14,Primary15,Primary16,Primary17,Primary18,Primary19,Primary20,Primary21,Primary22,Primary23
7060,388555,10568,105,4892,1028,8091,7546,1381,57524,8153,4222,340596;Primary1,Primary2,Primary3,Primary4,Primary5,Primary7,Primary8,Primary9,Primary10,Primary11,Primary12,Primary13,Primary14,Primary15,Primary16,Primary17,Primary18,Primary19,Primary20,Primary21,Primary22,Primary23
84059,58524,22943,22941,3229,7080,999,64073;Primary1,Primary2,Primary3,Primary4,Primary5,Primary6,Primary7,Primary8,Primary9,Primary10,Primary11,Primary12,Primary13,Primary14,Primary15,Primary16,Primary17,Primary18,Primary19,Primary20,Primary21,Primary23
84059,253970;Primary1,Primary2,Primary3,Primary5,Primary6,Primary7,Primary8,Primary9,Primary10,Primary11,Primary12,Primary13,Primary14,Primary15,Primary16,Primary17,Primary18,Primary19,Primary20,Primary21,Primary22,Primary23
84059,100820829;Primary1,Primary2,Primary3,Primary4,Primary5,Primary6,Primary7,Primary8,Primary9,Primary10,Primary11,Primary12,Primary13,Primary14,Primary16,Primary17,Primary18,Primary19,Primary20,Primary21,Primary22,Primary23
84059,5346,55567;Primary2,Primary3,Primary4,Primary5,Primary6,Primary7,Primary8,Primary9,Primary10,Primary11,Primary12,Primary13,Primary14,Primary15,Primary16,Primary17,Primary18,Primary19,Primary20,Primary21,Primary22,Primary23
84059,21,7080,55567;Primary1,Primary2,Primary3,Primary4,Primary5,Primary6,Primary7,Primary9,Primary10,Primary11,Primary12,Primary13,Primary14,Primary15,Primary16,Primary17,Primary18,Primary19,Primary20,Primary21,Primary22,Primary23
84059,79838,3960;Primary1,Primary2,Primary3,Primary4,Primary5,Primary6,Primary7,Primary8,Primary9,Primary10,Primary11,Primary12,Primary14,Primary15,Primary16,Primary17,Primary18,Primary19,Primary20,Primary21,Primary22,Primary23
84059,55567;Primary1,Primary2,Primary3,Primary4,Primary5,Primary6,Primary7,Primary8,Primary9,Primary10,Primary11,Primary12,Primary13,Primary14,Primary15,Primary16,Primary17,Primary18,Primary19,Primary20,Primary21,Primary22,Primary23
84059,80004;Primary1,Primary2,Primary3,Primary4,Primary5,Primary6,Primary7,Primary8,Primary9,Primary10,Primary11,Primary12,Primary13,Primary14,Primary15,Primary16,Primary17,Primary18,Primary19,Primary20,Primary21,Primary22,Primary23
84059,3960;Primary1,Primary2,Primary3,Primary4,Primary5,Primary6,Primary7,Primary8,Primary9,Primary10,Primary11,Primary12,Primary13,Primary14,Primary15,Primary16,Primary17,Primary18,Primary19,Primary20,Primary21,Primary22,Primary23
84059,9476;Primary1,Primary2,Primary3,Primary4,Primary5,Primary6,Primary7,Primary8,Primary9,Primary10,Primary11,Primary12,Primary13,Primary14,Primary16,Primary17,Primary18,Primary19,Primary20,Primary21,Primary22,Primary23
84059,92086;Primary1,Primary2,Primary3,Primary4,Primary5,Primary6,Primary7,Primary8,Primary9,Primary10,Primary11,Primary12,Primary13,Primary14,Primary15,Primary16,Primary17,Primary18,Primary19,Primary20,Primary21,Primary23
153643,80736,389376;Primary1,Primary2,Primary4,Primary5,Primary6,Primary7,Primary8,Primary9,Primary10,Primary11,Primary12,Primary13,Primary14,Primary15,Primary16,Primary17,Primary18,Primary19,Primary20,Primary21,Primary22,Primary23
153643,646480,85349,218,11254;Primary1,Primary2,Primary3,Primary4,Primary5,Primary6,Primary7,Primary8,Primary9,Primary10,Primary11,Primary12,Primary13,Primary14,Primary15,Primary17,Primary18,Primary19,Primary20,Primary21,Primary22,Primary23
153643,79977;Primary1,Primary2,Primary3,Primary4,Primary5,Primary6,Primary7,Primary8,Primary9,Primary10,Primary11,Primary12,Primary13,Primary14,Primary15,Primary16,Primary17,Primary18,Primary20,Primary21,Primary22,Primary23
153643,55808;Primary2,Primary3,Primary4,Primary5,Primary6,Primary7,Primary8,Primary9,Primary10,Primary11,Primary12,Primary13,Primary14,Primary15,Primary16,Primary17,Primary18,Primary19,Primary20,Primary21,Primary22,Primary23
353189,137872,10595;Primary1,Primary2,Primary3,Primary4,Primary5,Primary7,Primary8,Primary9,Primary10,Primary11,Primary12,Primary13,Primary14,Primary15,Primary16,Primary17,Primary18,Primary19,Primary20,Primary21,Primary22,Primary23
353189,89765,632,285429,24150,1555;Primary1,Primary2,Primary3,Primary5,Primary6,Primary7,Primary8,Primary9,Primary10,Primary11,Primary12,Primary13,Primary14,Primary15,Primary16,Primary17,Primary18,Primary19,Primary20,Primary21,Primary22,Primary23
117156,168374,646480,1770,218,102723382;Primary1,Primary2,Primary3,Primary4,Primary6,Primary7,Primary8,Primary9,Primary10,Primary11,Primary12,Primary13,Primary14,Primary15,Primary16,Primary17,Primary18,Primary19,Primary20,Primary21,Primary22,Primary23
117156,646480,595135,1770,218;Primary1,Primary2,Primary3,Primary4,Primary5,Primary6,Primary7,Primary8,Primary9,Primary10,Primary11,Primary12,Primary13,Primary14,Primary15,Primary16,Primary17,Primary18,Primary19,Primary20,Primary21,Primary22,Primary23
117156,727897,646480,112577518,85349,1770,218,11254;Primary1,Primary2,Primary3,Primary4,Primary5,Primary6,Primary7,Primary8,Primary9,Primary10,Primary11,Primary12,Primary13,Primary14,Primary15,Primary16,Primary17,Primary18,Primary19,Primary20,Primary21,Primary22,Primary23
117156,55329,646480,218;Primary1,Primary2,Primary3,Primary4,Primary5,Primary6,Primary8,Primary9,Primary10,Primary11,Primary12,Primary13,Primary14,Primary15,Primary16,Primary17,Primary18,Primary19,Primary20,Primary21,Primary22,Primary23
117156,8313;Primary1,Primary2,Primary3,Primary4,Primary5,Primary6,Primary7,Primary8,Primary9,Primary10,Primary11,Primary12,Primary13,Primary14,Primary16,Primary17,Primary18,Primary19,Primary20,Primary21,Primary22,Primary23
117156,102723382,646480,85349,1770,218;Primary1,Primary2,Primary3,Primary4,Primary5,Primary6,Primary7,Primary8,Primary9,Primary10,Primary11,Primary12,Primary13,Primary14,Primary15,Primary16,Primary17,Primary18,Primary19,Primary20,Primary21,Primary22,Primary23
92304,101929066;Primary1,Primary2,Primary3,Primary4,Primary5,Primary6,Primary7,Primary8,Primary9,Primary10,Primary11,Primary12,Primary13,Primary15,Primary16,Primary17,Primary18,Primary19,Primary20,Primary21,Primary22,Primary23
92304,100133669;Primary1,Primary2,Primary3,Primary4,Primary5,Primary6,Primary7,Primary8,Primary9,Primary10,Primary11,Primary12,Primary13,Primary14,Primary15,Primary16,Primary17,Primary18,Primary19,Primary20,Primary22,Primary23
92304,89;Primary1,Primary2,Primary4,Primary5,Primary6,Primary7,Primary8,Primary9,Primary10,Primary11,Primary12,Primary13,Primary14,Primary15,Primary16,Primary17,Primary18,Primary19,Primary20,Primary21,Primary22,Primary23
92304,100033430,79740;Primary1,Primary2,Primary3,Primary4,Primary5,Primary6,Primary7,Primary8,Primary9,Primary10,Primary11,Primary12,Primary13,Primary14,Primary15,Primary16,Primary17,Primary18,Primary19,Primary20,Primary21,Primary23
92304,766;Primary1,Primary2,Primary4,Primary5,Primary6,Primary7,Primary8,Primary9,Primary10,Primary11,Primary12,Primary13,Primary14,Primary15,Primary16,Primary17,Primary18,Primary19,Primary20,Primary21,Primary22,Primary23
92304,6532,100033430;Primary1,Primary2,Primary3,Primary4,Primary5,Primary6,Primary7,Primary8,Primary9,Primary10,Primary11,Primary12,Primary13,Primary14,Primary15,Primary16,Primary17,Primary18,Primary19,Primary20,Primary21,Primary23
2324,245806,79148;Primary1,Primary2,Primary3,Primary4,Primary5,Primary6,Primary8,Primary9,Primary10,Primary11,Primary12,Primary13,Primary14,Primary15,Primary16,Primary17,Primary18,Primary19,Primary20,Primary21,Primary22,Primary23
2324,253982;Primary1,Primary2,Primary3,Primary4,Primary5,Primary6,Primary7,Primary9,Primary10,Primary11,Primary12,Primary13,Primary14,Primary15,Primary16,Primary17,Primary18,Primary19,Primary20,Primary21,Primary22,Primary23
2324,26609,79148;Primary1,Primary2,Primary3,Primary4,Primary5,Primary6,Primary8,Primary9,Primary10,Primary11,Primary12,Primary13,Primary14,Primary15,Primary16,Primary17,Primary18,Primary19,Primary20,Primary21,Primary22,Primary23
79908,4317;Primary2,Primary3,Primary4,Primary5,Primary6,Primary7,Primary8,Primary9,Primary10,Primary11,Primary12,Primary13,Primary14,Primary15,Primary16,Primary17,Primary18,Primary19,Primary20,Primary21,Primary22,Primary23
79908,4496;Primary1,Primary2,Primary3,Primary4,Primary5,Primary6,Primary7,Primary8,Primary9,Primary10,Primary11,Primary12,Primary13,Primary15,Primary16,Primary17,Primary18,Primary19,Primary20,Primary21,Primary22,Primary23
79908,55808,1579,63924,9370,100874095,57110,100129460,5346,3240,66002,1048;Primary1,Primary3,Primary4,Primary5,Primary6,Primary7,Primary8,Primary9,Primary10,Primary11,Primary12,Primary13,Primary14,Primary15,Primary16,Primary17,Primary18,Primary19,Primary20,Primary21,Primary22,Primary23
79908,1556,1579,63924,9370,100874095,100129460,5346,3240,66002,1048;Primary1,Primary2,Primary3,Primary4,Primary5,Primary6,Primary8,Primary9,Primary10,Primary11,Primary12,Primary13,Primary14,Primary15,Primary16,Primary17,Primary18,Primary19,Primary20,Primary21,Primary22,Primary23
79908,100505495;Primary1,Primary2,Primary3,Primary4,Primary6,Primary7,Primary8,Primary9,Primary10,Primary11,Primary12,Primary13,Primary14,Primary15,Primary16,Primary17,Primary18,Primary19,Primary20,Primary21,Primary22,Primary23
10917,245806;Primary1,Primary2,Primary3,Primary4,Primary5,Primary6,Primary7,Primary8,Primary9,Primary10,Primary12,Primary13,Primary14,Primary15,Primary16,Primary17,Primary18,Primary19,Primary20,Primary21,Primary22,Primary23
10917,26609;Primary1,Primary2,Primary3,Primary4,Primary5,Primary7,Primary8,Primary9,Primary10,Primary11,Primary12,Primary13,Primary14,Primary15,Primary16,Primary17,Primary18,Primary19,Primary20,Primary21,Primary22,Primary23
10917,30848;Primary1,Primary2,Primary3,Primary4,Primary5,Primary6,Primary7,Primary8,Primary9,Primary10,Primary11,Primary12,Primary13,Primary14,Primary15,Primary16,Primary17,Primary18,Primary19,Primary20,Primary21,Primary22,Primary23
84851,155465,7780,56955,340267,6440,3880;Primary1,Primary2,Primary3,Primary4,Primary5,Primary6,Primary7,Primary8,Primary9,Primary10,Primary11,Primary12,Primary13,Primary14,Primary15,Primary16,Primary17,Primary18,Primary19,Primary20,Primary21,Primary23
84851,6440,7780,56955,340267,155465,3880;Primary1,Primary3,Primary4,Primary5,Primary6,Primary7,Primary8,Primary9,Primary10,Primary11,Primary12,Primary13,Primary14,Primary15,Primary16,Primary17,Primary18,Primary19,Primary20,Primary21,Primary22,Primary23
84851,93035,340267,10129;Primary1,Primary2,Primary3,Primary4,Primary6,Primary7,Primary8,Primary9,Primary10,Primary11,Primary12,Primary13,Primary14,Primary15,Primary16,Primary17,Primary18,Primary19,Primary20,Primary21,Primary22,Primary23
84851,55567;Primary1,Primary2,Primary3,Primary4,Primary5,Primary6,Primary7,Primary8,Primary9,Primary10,Primary11,Primary12,Primary13,Primary14,Primary16,Primary17,Primary18,Primary19,Primary20,Primary21,Primary22,Primary23
84851,9914,7780;Primary1,Primary2,Primary3,Primary4,Primary5,Primary6,Primary7,Primary8,Primary9,Primary10,Primary11,Primary12,Primary13,Primary14,Primary15,Primary16,Primary17,Primary18,Primary19,Primary20,Primary21,Primary22,Primary23
1906,56892,401492;Primary1,Primary2,Primary3,Primary4,Primary6,Primary7,Primary8,Primary9,Primary10,Primary11,Primary12,Primary13,Primary14,Primary15,Primary16,Primary17,Primary18,Primary19,Primary20,Primary21,Primary22,Primary23
1906,93035,1043,4629,28824,6103;Primary1,Primary2,Primary3,Primary4,Primary5,Primary6,Primary7,Primary8,Primary10,Primary11,Primary12,Primary13,Primary14,Primary15,Primary16,Primary17,Primary18,Primary19,Primary20,Primary21,Primary22,Primary23
1906,121512;Primary1,Primary2,Primary3,Primary4,Primary5,Primary6,Primary7,Primary8,Primary9,Primary10,Primary11,Primary13,Primary14,Primary15,Primary16,Primary17,Primary18,Primary19,Primary20,Primary21,Primary22,Primary23
1906,1910,9411,7851,10203,56241;Primary1,Primary2,Primary4,Primary5,Primary6,Primary7,Primary8,Primary9,Primary10,Primary11,Primary12,Primary13,Primary14,Primary15,Primary16,Primary17,Primary18,Primary19,Primary20,Primary21,Primary22,Primary23
1906,57477,9411,10203;Primary1,Primary2,Primary3,Primary4,Primary5,Primary6,Primary7,Primary8,Primary9,Primary10,Primary11,Primary12,Primary13,Primary14,Primary15,Primary16,Primary17,Primary18,Primary19,Primary20,Primary21,Primary22,Primary23
780,541473,11148,131873;Primary1,Primary2,Primary3,Primary4,Primary5,Primary6,Primary7,Primary8,Primary9,Primary10,Primary11,Primary13,Primary14,Primary15,Primary16,Primary17,Primary18,Primary19,Primary20,Primary21,Primary22,Primary23
780,285989,80122;Primary1,Primary2,Primary3,Primary4,Primary5,Primary6,Primary7,Primary8,Primary9,Primary10,Primary11,Primary13,Primary14,Primary15,Primary16,Primary17,Primary18,Primary19,Primary20,Primary21,Primary22,Primary23
780,137872,102466759;Primary1,Primary2,Primary3,Primary5,Primary6,Primary7,Primary8,Primary9,Primary10,Primary11,Primary12,Primary13,Primary14,Primary15,Primary16,Primary17,Primary18,Primary19,Primary20,Primary21,Primary22,Primary23
780,693188;Primary1,Primary2,Primary3,Primary4,Primary5,Primary6,Primary7,Primary8,Primary9,Primary10,Primary11,Primary12,Primary13,Primary14,Primary15,Primary16,Primary17,Primary18,Primary19,Primary20,Primary21,Primary22,Primary23
780,2125,4057,11148,113218482,2277,102723508;Primary1,Primary2,Primary3,Primary4,Primary5,Primary6,Primary7,Primary8,Primary9,Primary11,Primary12,Primary13,Primary14,Primary15,Primary16,Primary17,Primary18,Primary19,Primary20,Primary21,Primary22,Primary23
780,28824,131873,285989,102723508,102466759;Primary1,Primary2,Primary3,Primary4,Primary6,Primary7,Primary8,Primary9,Primary10,Primary11,Primary12,Primary13,Primary14,Primary15,Primary16,Primary17,Primary18,Primary19,Primary20,Primary21,Primary22,Primary23
780,102723508,131873,102466759;Primary1,Primary2,Primary3,Primary4,Primary5,Primary6,Primary7,Primary8,Primary10,Primary11,Primary12,Primary13,Primary14,Primary15,Primary16,Primary17,Primary18,Primary19,Primary20,Primary21,Primary22,Primary23
389376,80736;Primary1,Primary2,Primary3,Primary4,Primary5,Primary6,Primary7,Primary8,Primary9,Primary10,Primary11,Primary12,Primary13,Primary14,Primary15,Primary16,Primary17,Primary18,Primary19,Primary20,Primary21,Primary22,Primary23
389376,11185,2208;Primary1,Primary2,Primary3,Primary4,Primary5,Primary6,Primary7,Primary8,Primary9,Primary10,Primary12,Primary13,Primary14,Primary15,Primary16,Primary17,Primary18,Primary19,Primary20,Primary21,Primary22,Primary23
389376,6101,54848;Primary1,Primary2,Primary3,Primary4,Primary5,Primary6,Primary7,Primary8,Primary9,Primary10,Primary11,Primary12,Primary13,Primary14,Primary15,Primary16,Primary17,Primary18,Primary19,Primary21,Primary22,Primary23
389376,107984125,80736;Primary2,Primary3,Primary4,Primary5,Primary6,Primary7,Primary8,Primary9,Primary10,Primary11,Primary12,Primary13,Primary14,Primary15,Primary16,Primary17,Primary18,Primary19,Primary20,Primary21,Primary22,Primary23
389376,100133669,2537,128218,632,285429,24150,1555,128602;Primary1,Primary2,Primary3,Primary4,Primary5,Primary6,Primary7,Primary8,Primary9,Primary10,Primary11,Primary12,Primary13,Primary14,Primary15,Primary17,Primary18,Primary19,Primary20,Primary21,Primary22,Primary23
389376,9356;Primary1,Primary2,Primary3,Primary4,Primary5,Primary6,Primary7,Primary8,Primary9,Primary10,Primary11,Primary12,Primary13,Primary14,Primary15,Primary16,Primary17,Primary18,Primary19,Primary20,Primary21,Primary22,Primary23
389376,363;Primary1,Primary2,Primary3,Primary5,Primary6,Primary7,Primary8,Primary9,Primary10,Primary11,Primary12,Primary13,Primary14,Primary15,Primary16,Primary17,Primary18,Primary19,Primary20,Primary21,Primary22,Primary23
389376,109729127,128602;Primary1,Primary2,Primary3,Primary4,Primary6,Primary7,Primary8,Primary9,Primary10,Primary11,Primary12,Primary13,Primary14,Primary15,Primary16,Primary17,Primary18,Primary19,Primary20,Primary21,Primary22,Primary23
389376,6751;Primary1,Primary2,Primary3,Primary4,Primary5,Primary6,Primary7,Primary8,Primary9,Primary10,Primary11,Primary13,Primary14,Primary15,Primary16,Primary17,Primary18,Primary19,Primary20,Primary21,Primary22,Primary23
389376,2125,2208;Primary1,Primary2,Primary3,Primary4,Primary5,Primary7,Primary8,Primary9,Primary10,Primary11,Primary12,Primary13,Primary14,Primary15,Primary16,Primary17,Primary18,Primary19,Primary20,Primary21,Primary22,Primary23
389376,2208;Primary1,Primary2,Primary3,Primary4,Primary5,Primary6,Primary7,Primary8,Primary9,Primary10,Primary11,Primary12,Primary13,Primary14,Primary15,Primary16,Primary17,Primary18,Primary19,Primary20,Primary21,Primary22,Primary23
389376,3249,2537,128218,632,1555,128602;Primary1,Primary2,Primary3,Primary4,Primary5,Primary6,Primary7,Primary8,Primary9,Primary10,Primary11,Primary12,Primary13,Primary14,Primary15,Primary17,Primary18,Primary19,Primary20,Primary21,Primary22,Primary23
389376,128602;Primary1,Primary2,Primary3,Primary4,Primary5,Primary6,Primary7,Primary8,Primary9,Primary10,Primary11,Primary12,Primary13,Primary14,Primary15,Primary16,Primary17,Primary18,Primary19,Primary20,Primary21,Primary22,Primary23
135656,27283;Primary1,Primary2,Primary4,Primary5,Primary6,Primary7,Primary8,Primary9,Primary10,Primary11,Primary12,Primary13,Primary14,Primary15,Primary16,Primary17,Primary18,Primary19,Primary20,Primary21,Primary22,Primary23
26797,27283;Primary1,Primary3,Primary4,Primary5,Primary6,Primary7,Primary8,Primary9,Primary10,Primary11,Primary12,Primary13,Primary14,Primary15,Primary16,Primary17,Primary18,Primary19,Primary20,Primary21,Primary22,Primary23
80736,54769,10331;Primary1,Primary2,Primary3,Primary4,Primary5,Primary6,Primary7,Primary8,Primary9,Primary10,Primary11,Primary12,Primary13,Primary15,Primary16,Primary17,Primary18,Primary19,Primary20,Primary21,Primary22,Primary23
80736,9356,389376;Primary1,Primary2,Primary4,Primary5,Primary6,Primary7,Primary8,Primary9,Primary10,Primary11,Primary12,Primary13,Primary14,Primary15,Primary16,Primary17,Primary18,Primary19,Primary20,Primary21,Primary22,Primary23
80736,388323;Primary1,Primary2,Primary3,Primary4,Primary5,Primary6,Primary7,Primary8,Primary9,Primary10,Primary11,Primary12,Primary13,Primary14,Primary15,Primary17,Primary18,Primary19,Primary20,Primary21,Primary22,Primary23
80736,10331,389376,9356;Primary1,Primary2,Primary3,Primary4,Primary5,Primary6,Primary7,Primary8,Primary9,Primary10,Primary11,Primary12,Primary13,Primary14,Primary15,Primary16,Primary17,Primary18,Primary19,Primary20,Primary21,Primary22
177,137872,103504738,79818;Primary1,Primary2,Primary3,Primary4,Primary5,Primary6,Primary7,Primary8,Primary9,Primary10,Primary11,Primary12,Primary13,Primary14,Primary15,Primary16,Primary17,Primary18,Primary19,Primary20,Primary21,Primary22,Primary23
5225,4586,4583;Primary1,Primary2,Primary3,Primary4,Primary5,Primary6,Primary7,Primary8,Primary9,Primary10,Primary11,Primary12,Primary13,Primary14,Primary15,Primary17,Primary18,Primary19,Primary20,Primary21,Primary22,Primary23
5225,728226,11081,160728,246,27134;Primary1,Primary2,Primary3,Primary4,Primary5,Primary6,Primary7,Primary8,Primary9,Primary10,Primary11,Primary12,Primary13,Primary14,Primary15,Primary16,Primary17,Primary18,Primary19,Primary20,Primary21,Primary22,Primary23
647024,100126311;Primary1,Primary2,Primary3,Primary4,Primary5,Primary6,Primary7,Primary8,Primary9,Primary10,Primary11,Primary12,Primary13,Primary14,Primary15,Primary16,Primary18,Primary19,Primary20,Primary21,Primary22,Primary23
5961,100126311;Primary1,Primary2,Primary3,Primary4,Primary5,Primary6,Primary7,Primary8,Primary9,Primary10,Primary11,Primary12,Primary13,Primary14,Primary15,Primary16,Primary18,Primary19,Primary20,Primary21,Primary22,Primary23
5961,4606,2619,100423031;Primary1,Primary2,Primary3,Primary4,Primary5,Primary6,Primary7,Primary8,Primary9,Primary10,Primary11,Primary13,Primary14,Primary15,Primary16,Primary17,Primary18,Primary19,Primary20,Primary21,Primary22,Primary23
5961,164312,2619,100423031;Primary1,Primary2,Primary3,Primary4,Primary5,Primary6,Primary7,Primary8,Primary9,Primary10,Primary11,Primary12,Primary13,Primary14,Primary15,Primary16,Primary17,Primary18,Primary19,Primary20,Primary21,Primary22
5961,391253,100423031;Primary1,Primary2,Primary3,Primary4,Primary5,Primary6,Primary7,Primary8,Primary9,Primary10,Primary11,Primary12,Primary13,Primary14,Primary15,Primary16,Primary17,Primary18,Primary19,Primary20,Primary21,Primary22
5961,7125;Primary1,Primary2,Primary3,Primary4,Primary5,Primary6,Primary7,Primary8,Primary9,Primary10,Primary11,Primary12,Primary13,Primary14,Primary15,Primary16,Primary17,Primary18,Primary19,Primary20,Primary21,Primary22
441151,5340,255928,1285,9211;Primary1,Primary2,Primary3,Primary4,Primary5,Primary6,Primary7,Primary9,Primary10,Primary11,Primary12,Primary13,Primary14,Primary15,Primary16,Primary17,Primary18,Primary19,Primary20,Primary21,Primary22,Primary23
441151,114569,1286,11081,160728,21,246,284111;Primary1,Primary2,Primary3,Primary4,Primary5,Primary6,Primary7,Primary8,Primary9,Primary10,Primary11,Primary12,Primary13,Primary14,Primary16,Primary17,Primary18,Primary19,Primary20,Primary21,Primary22,Primary23
441151,1515,56896,1286,100419743,11081,160728,1381,57524,246,388327,3780;Primary1,Primary2,Primary3,Primary4,Primary5,Primary6,Primary7,Primary8,Primary9,Primary10,Primary11,Primary13,Primary14,Primary15,Primary16,Primary17,Primary18,Primary19,Primary20,Primary21,Primary22,Primary23
441151,399726,56896,100419743,1515,11081,160728,1381,57524,246,388327,3780;Primary1,Primary2,Primary3,Primary4,Primary5,Primary6,Primary7,Primary8,Primary9,Primary10,Primary11,Primary13,Primary14,Primary15,Primary16,Primary17,Primary18,Primary19,Primary20,Primary21,Primary22,Primary23
441151,160728,1286,11081,246;Primary1,Primary2,Primary3,Primary4,Primary5,Primary6,Primary7,Primary8,Primary9,Primary10,Primary11,Primary12,Primary13,Primary14,Primary15,Primary16,Primary17,Primary18,Primary19,Primary20,Primary21,Primary22,Primary23
441151,7080,114569,399726,3780;Primary1,Primary2,Primary3,Primary4,Primary5,Primary6,Primary7,Primary8,Primary9,Primary10,Primary11,Primary12,Primary13,Primary14,Primary16,Primary17,Primary18,Primary19,Primary20,Primary21,Primary22,Primary23
441151,100033430,1286,79740,100419743,5225,11081,246,27134;Primary1,Primary2,Primary3,Primary4,Primary5,Primary6,Primary7,Primary8,Primary9,Primary10,Primary12,Primary13,Primary14,Primary15,Primary16,Primary17,Primary18,Primary19,Primary20,Primary21,Primary22,Primary23
441151,388327,57530,56896,100419743,5225,11081,160728,246,27134,54084;Primary1,Primary2,Primary3,Primary4,Primary5,Primary6,Primary7,Primary8,Primary9,Primary10,Primary12,Primary13,Primary14,Primary15,Primary16,Primary17,Primary18,Primary19,Primary20,Primary21,Primary22,Primary23
441151,3780;Primary1,Primary2,Primary3,Primary4,Primary5,Primary6,Primary7,Primary8,Primary9,Primary10,Primary11,Primary12,Primary13,Primary14,Primary15,Primary16,Primary17,Primary18,Primary19,Primary20,Primary21,Primary22,Primary23
441151,4861,56896,100419743,5225,100302161,11081,160728,246,27134,54084;Primary1,Primary2,Primary3,Primary4,Primary5,Primary6,Primary7,Primary8,Primary9,Primary10,Primary12,Primary13,Primary14,Primary15,Primary16,Primary17,Primary18,Primary19,Primary20,Primary21,Primary22,Primary23
221395,56892,54861;Primary1,Primary2,Primary3,Primary4,Primary5,Primary6,Primary7,Primary8,Primary9,Primary10,Primary11,Primary12,Primary13,Primary15,Primary16,Primary17,Primary18,Primary19,Primary20,Primary21,Primary22,Primary23
221395,107984406;Primary1,Primary2,Primary3,Primary4,Primary5,Primary6,Primary7,Primary8,Primary9,Primary10,Primary11,Primary12,Primary13,Primary14,Primary15,Primary16,Primary17,Primary18,Primary19,Primary20,Primary21,Primary22,Primary23
221395,3929;Primary1,Primary2,Primary3,Primary4,Primary5,Primary6,Primary7,Primary8,Primary9,Primary10,Primary11,Primary12,Primary13,Primary14,Primary15,Primary16,Primary17,Primary18,Primary19,Primary21,Primary22,Primary23
221395,57477,7851,54861;Primary1,Primary2,Primary3,Primary4,Primary5,Primary6,Primary8,Primary9,Primary10,Primary11,Primary12,Primary13,Primary14,Primary15,Primary16,Primary17,Primary18,Primary19,Primary20,Primary21,Primary22,Primary23
114327,27283;Primary1,Primary2,Primary3,Primary4,Primary5,Primary6,Primary7,Primary8,Primary9,Primary10,Primary11,Primary12,Primary13,Primary14,Primary15,Primary16,Primary17,Primary18,Primary19,Primary20,Primary21,Primary22,Primary23
114327,346007;Primary1,Primary2,Primary3,Primary4,Primary5,Primary6,Primary7,Primary8,Primary9,Primary10,Primary11,Primary12,Primary13,Primary14,Primary15,Primary16,Primary17,Primary18,Primary19,Primary20,Primary21,Primary22,Primary23
114327,619383;Primary1,Primary2,Primary4,Primary5,Primary6,Primary7,Primary8,Primary9,Primary10,Primary11,Primary12,Primary13,Primary14,Primary15,Primary16,Primary17,Primary18,Primary19,Primary20,Primary21,Primary22,Primary23
114327,246100,1485;Primary1,Primary2,Primary3,Primary4,Primary5,Primary6,Primary7,Primary8,Primary9,Primary10,Primary11,Primary12,Primary14,Primary15,Primary16,Primary17,Primary18,Primary19,Primary20,Primary21,Primary22,Primary23
27283,346007,114327;Primary1,Primary3,Primary4,Primary5,Primary6,Primary7,Primary8,Primary9,Primary10,Primary11,Primary12,Primary13,Primary14,Primary15,Primary16,Primary17,Primary18,Primary19,Primary20,Primary21,Primary22,Primary23
27283,102724057,4317,259290;Primary1,Primary2,Primary3,Primary4,Primary5,Primary6,Primary7,Primary8,Primary9,Primary11,Primary12,Primary13,Primary14,Primary15,Primary16,Primary17,Primary18,Primary19,Primary20,Primary21,Primary22,Primary23
346007,541473;Primary1,Primary2,Primary3,Primary4,Primary5,Primary7,Primary8,Primary9,Primary10,Primary11,Primary12,Primary13,Primary14,Primary15,Primary16,Primary17,Primary18,Primary19,Primary20,Primary21,Primary22,Primary23
346007,2595;Primary1,Primary2,Primary3,Primary4,Primary5,Primary6,Primary8,Primary9,Primary10,Primary11,Primary12,Primary13,Primary14,Primary15,Primary16,Primary17,Primary18,Primary19,Primary20,Primary21,Primary22,Primary23
345895,285989,399949;Primary1,Primary2,Primary3,Primary4,Primary5,Primary6,Primary7,Primary8,Primary9,Primary10,Primary12,Primary13,Primary14,Primary15,Primary16,Primary17,Primary18,Primary19,Primary20,Primary21,Primary22,Primary23
345895,399949;Primary1,Primary2,Primary3,Primary4,Primary5,Primary6,Primary7,Primary8,Primary9,Primary10,Primary11,Primary12,Primary13,Primary14,Primary15,Primary16,Primary17,Primary18,Primary19,Primary20,Primary22,Primary23
345895,100033436;Primary1,Primary2,Primary3,Primary4,Primary5,Primary6,Primary7,Primary8,Primary9,Primary10,Primary11,Primary12,Primary13,Primary14,Primary16,Primary17,Primary18,Primary19,Primary20,Primary21,Primary22,Primary23
345895,389852;Primary1,Primary2,Primary3,Primary4,Primary5,Primary6,Primary7,Primary8,Primary9,Primary11,Primary12,Primary13,Primary14,Primary15,Primary16,Primary17,Primary18,Primary19,Primary20,Primary21,Primary22,Primary23
245806,3207,3481;Primary1,Primary2,Primary3,Primary4,Primary5,Primary6,Primary7,Primary8,Primary9,Primary10,Primary11,Primary12,Primary13,Primary14,Primary15,Primary16,Primary17,Primary19,Primary20,Primary21,Primary22,Primary23
245806,79148;Primary1,Primary2,Primary3,Primary4,Primary5,Primary6,Primary7,Primary8,Primary9,Primary10,Primary11,Primary12,Primary13,Primary14,Primary15,Primary16,Primary17,Primary18,Primary19,Primary20,Primary21,Primary22,Primary23
245806,4861,79148;Primary1,Primary2,Primary3,Primary4,Primary5,Primary6,Primary7,Primary9,Primary10,Primary11,Primary12,Primary13,Primary14,Primary15,Primary16,Primary17,Primary18,Primary19,Primary20,Primary21,Primary22,Primary23
245806,26609,79148;Primary1,Primary2,Primary3,Primary4,Primary5,Primary6,Primary7,Primary8,Primary10,Primary11,Primary12,Primary13,Primary14,Primary15,Primary16,Primary17,Primary18,Primary19,Primary20,Primary21,Primary22,Primary23
79632,222183,1746,1515;Primary1,Primary2,Primary3,Primary4,Primary5,Primary6,Primary7,Primary8,Primary9,Primary10,Primary11,Primary12,Primary13,Primary14,Primary15,Primary16,Primary17,Primary19,Primary20,Primary21,Primary22,Primary23
79632,100506380,1746,1515;Primary1,Primary2,Primary3,Primary4,Primary5,Primary6,Primary7,Primary8,Primary10,Primary11,Primary12,Primary13,Primary14,Primary15,Primary16,Primary17,Primary18,Primary19,Primary20,Primary21,Primary22,Primary23
79632,9118,1515;Primary1,Primary2,Primary3,Primary4,Primary5,Primary6,Primary7,Primary8,Primary9,Primary10,Primary11,Primary12,Primary13,Primary14,Primary15,Primary16,Primary17,Primary18,Primary19,Primary20,Primary21,Primary22,Primary23
79632,21,3229,7080;Primary1,Primary2,Primary3,Primary4,Primary5,Primary6,Primary7,Primary8,Primary9,Primary10,Primary11,Primary12,Primary13,Primary14,Primary15,Primary16,Primary17,Primary18,Primary19,Primary20,Primary21,Primary22,Primary23
57211,9771;Primary1,Primary2,Primary3,Primary4,Primary5,Primary6,Primary7,Primary8,Primary9,Primary10,Primary11,Primary13,Primary14,Primary15,Primary16,Primary17,Primary18,Primary19,Primary20,Primary21,Primary22,Primary23
57211,9476;Primary1,Primary2,Primary3,Primary4,Primary5,Primary6,Primary7,Primary8,Primary9,Primary11,Primary12,Primary13,Primary14,Primary15,Primary16,Primary17,Primary18,Primary19,Primary20,Primary21,Primary22,Primary23
5340,595135,646480,1770,218;Primary1,Primary2,Primary3,Primary4,Primary5,Primary6,Primary7,Primary8,Primary9,Primary10,Primary12,Primary13,Primary14,Primary15,Primary16,Primary17,Primary18,Primary19,Primary20,Primary21,Primary22,Primary23
5340,5545,255928,1285,5544;Primary1,Primary2,Primary3,Primary4,Primary5,Primary6,Primary8,Primary9,Primary10,Primary11,Primary12,Primary13,Primary14,Primary15,Primary16,Primary17,Primary18,Primary19,Primary20,Primary21,Primary22,Primary23
5340,85349,646480,1770,218,102723382;Primary1,Primary2,Primary3,Primary4,Primary5,Primary6,Primary7,Primary8,Primary9,Primary10,Primary12,Primary13,Primary14,Primary15,Primary16,Primary17,Primary18,Primary19,Primary20,Primary21,Primary22,Primary23
5340,8796;Primary1,Primary2,Primary3,Primary5,Primary6,Primary7,Primary8,Primary9,Primary10,Primary11,Primary12,Primary13,Primary14,Primary15,Primary16,Primary17,Primary18,Primary19,Primary20,Primary21,Primary22,Primary23
5340,3219,255928,1285,5544,5545;Primary1,Primary2,Primary4,Primary5,Primary6,Primary7,Primary8,Primary9,Primary10,Primary11,Primary12,Primary13,Primary14,Primary15,Primary16,Primary17,Primary18,Primary19,Primary20,Primary21,Primary22,Primary23
5340,389852;Primary1,Primary2,Primary3,Primary4,Primary5,Primary7,Primary8,Primary9,Primary10,Primary11,Primary12,Primary13,Primary14,Primary15,Primary16,Primary17,Primary18,Primary19,Primary20,Primary21,Primary22,Primary23
168090,1080,56955,340267,155465,6440,3880;Primary1,Primary2,Primary3,Primary4,Primary5,Primary6,Primary7,Primary8,Primary9,Primary11,Primary12,Primary13,Primary14,Primary15,Primary16,Primary17,Primary18,Primary19,Primary20,Primary21,Primary22,Primary23
168090,6505,56955,340267,6440,3880;Primary1,Primary2,Primary3,Primary4,Primary5,Primary6,Primary7,Primary8,Primary9,Primary10,Primary11,Primary12,Primary13,Primary14,Primary16,Primary17,Primary18,Primary19,Primary20,Primary21,Primary22,Primary23
168090,89,56955,155465,6440,3880;Primary1,Primary2,Primary3,Primary4,Primary5,Primary6,Primary7,Primary8,Primary9,Primary10,Primary12,Primary13,Primary14,Primary15,Primary16,Primary17,Primary18,Primary19,Primary20,Primary21,Primary22,Primary23
168090,123624,155465,1080,6440;Primary1,Primary2,Primary3,Primary4,Primary5,Primary6,Primary7,Primary8,Primary9,Primary10,Primary11,Primary12,Primary14,Primary15,Primary16,Primary17,Primary18,Primary19,Primary20,Primary21,Primary22,Primary23
340267,474354,100996506;Primary1,Primary2,Primary3,Primary4,Primary5,Primary6,Primary7,Primary8,Primary9,Primary10,Primary11,Primary12,Primary13,Primary14,Primary15,Primary16,Primary17,Primary18,Primary20,Primary21,Primary22,Primary23
340267,143884;Primary1,Primary2,Primary3,Primary4,Primary5,Primary6,Primary8,Primary9,Primary10,Primary11,Primary12,Primary13,Primary14,Primary15,Primary16,Primary17,Primary18,Primary19,Primary20,Primary21,Primary22,Primary23
10551,155465,1080,123624;Primary1,Primary2,Primary3,Primary4,Primary5,Primary6,Primary7,Primary8,Primary9,Primary10,Primary11,Primary13,Primary14,Primary15,Primary16,Primary17,Primary18,Primary19,Primary20,Primary21,Primary22,Primary23
10551,105180390,105180391,102723849;Primary1,Primary2,Primary3,Primary4,Primary5,Primary7,Primary8,Primary9,Primary10,Primary11,Primary12,Primary13,Primary14,Primary15,Primary16,Primary17,Primary18,Primary19,Primary20,Primary21,Primary22,Primary23
10551,1080;Primary1,Primary2,Primary3,Primary4,Primary5,Primary6,Primary7,Primary8,Primary9,Primary10,Primary11,Primary12,Primary13,Primary14,Primary15,Primary16,Primary17,Primary18,Primary19,Primary20,Primary21,Primary22,Primary23
10551,101929066;Primary1,Primary2,Primary3,Primary4,Primary5,Primary6,Primary7,Primary8,Primary9,Primary10,Primary11,Primary12,Primary13,Primary14,Primary15,Primary16,Primary17,Primary18,Primary19,Primary20,Primary21,Primary22,Primary23
10551,400578,692058;Primary1,Primary2,Primary3,Primary4,Primary5,Primary7,Primary8,Primary9,Primary10,Primary11,Primary12,Primary13,Primary14,Primary15,Primary16,Primary17,Primary18,Primary19,Primary20,Primary21,Primary22,Primary23
10551,158798;Primary1,Primary2,Primary3,Primary4,Primary5,Primary6,Primary8,Primary9,Primary10,Primary11,Primary12,Primary13,Primary14,Primary15,Primary16,Primary17,Primary18,Primary19,Primary20,Primary21,Primary22,Primary23
155465,641776,105180390,105180391;Primary1,Primary2,Primary3,Primary4,Primary5,Primary7,Primary8,Primary9,Primary10,Primary11,Primary12,Primary13,Primary14,Primary15,Primary16,Primary17,Primary18,Primary19,Primary20,Primary21,Primary22,Primary23
155465,1080,89,123624;Primary1,Primary2,Primary3,Primary4,Primary5,Primary6,Primary7,Primary8,Primary9,Primary10,Primary11,Primary12,Primary13,Primary14,Primary15,Primary16,Primary17,Primary18,Primary19,Primary20,Primary21,Primary22,Primary23
155465,6505,7780,56955,6440,3880;Primary1,Primary2,Primary3,Primary4,Primary5,Primary6,Primary7,Primary8,Primary9,Primary10,Primary11,Primary12,Primary13,Primary14,Primary16,Primary17,Primary18,Primary19,Primary20,Primary21,Primary22,Primary23
155465,474354,100996506;Primary1,Primary2,Primary3,Primary4,Primary5,Primary6,Primary7,Primary8,Primary9,Primary10,Primary11,Primary13,Primary14,Primary15,Primary16,Primary17,Primary18,Primary19,Primary20,Primary21,Primary22,Primary23
155465,4604,7060,105,4892,441581,6751;Primary1,Primary2,Primary3,Primary4,Primary5,Primary6,Primary8,Primary9,Primary10,Primary11,Primary12,Primary13,Primary14,Primary15,Primary16,Primary17,Primary18,Primary19,Primary20,Primary21,Primary22,Primary23
155465,105369937,7060,4892,4604;Primary1,Primary2,Primary3,Primary4,Primary5,Primary6,Primary8,Primary9,Primary10,Primary11,Primary12,Primary13,Primary14,Primary15,Primary16,Primary17,Primary18,Primary19,Primary20,Primary21,Primary22,Primary23
155465,400578,105180390,105180391;Primary1,Primary2,Primary3,Primary4,Primary5,Primary7,Primary8,Primary9,Primary10,Primary11,Primary12,Primary13,Primary14,Primary15,Primary16,Primary17,Primary18,Primary19,Primary20,Primary21,Primary22,Primary23
9771,6441,448831,7060,105,441581,6751,1381,4222,2627;Primary1,Primary2,Primary3,Primary4,Primary5,Primary6,Primary7,Primary8,Primary9,Primary10,Primary11,Primary12,Primary13,Primary14,Primary15,Primary16,Primary18,Primary19,Primary20,Primary21,Primary22,Primary23
9771,9211,448831,7060,105,4892,441581,6751,1381,4222;Primary1,Primary2,Primary3,Primary4,Primary5,Primary6,Primary7,Primary8,Primary9,Primary10,Primary12,Primary13,Primary14,Primary15,Primary16,Primary17,Primary18,Primary19,Primary20,Primary21,Primary22,Primary23
9771,2065,448831,7060,105,441581,6751,1381,4222;Primary2,Primary3,Primary4,Primary5,Primary6,Primary7,Primary8,Primary9,Primary10,Primary11,Primary12,Primary13,Primary14,Primary15,Primary16,Primary17,Primary18,Primary19,Primary20,Primary21,Primary22,Primary23
9771,8091,448831,7060,105,6441,441581,6751,1381,4222,2627,57526;Primary1,Primary2,Primary3,Primary4,Primary5,Primary7,Primary8,Primary9,Primary10,Primary11,Primary12,Primary13,Primary14,Primary15,Primary16,Primary17,Primary18,Primary19,Primary20,Primary21,Primary22,Primary23
9771,79148,448831,7060,105,6441,441581,6751,1381,4222;Primary1,Primary2,Primary3,Primary4,Primary5,Primary6,Primary7,Primary8,Primary9,Primary10,Primary11,Primary12,Primary13,Primary14,Primary15,Primary16,Primary17,Primary19,Primary20,Primary21,Primary22,Primary23
9771,2627,7060,105,441581,6751,1381,4222;Primary1,Primary2,Primary3,Primary4,Primary5,Primary6,Primary7,Primary8,Primary9,Primary10,Primary11,Primary12,Primary13,Primary14,Primary15,Primary16,Primary17,Primary18,Primary19,Primary20,Primary21,Primary22,Primary23
4852,54769,1513,200407,1152,6354,284266,54,10331,2696,164312,1471,4318,109729184;Primary1,Primary2,Primary3,Primary4,Primary5,Primary6,Primary7,Primary8,Primary9,Primary10,Primary11,Primary12,Primary13,Primary14,Primary15,Primary17,Primary18,Primary19,Primary20,Primary21,Primary22,Primary23
4852,390083,2537,654433,285429,196335,24150,110806280,9622,89765,4693;Primary1,Primary2,Primary3,Primary4,Primary5,Primary6,Primary7,Primary8,Primary9,Primary10,Primary11,Primary12,Primary13,Primary14,Primary15,Primary16,Primary17,Primary18,Primary19,Primary20,Primary22,Primary23
4852,24150,2537,654433,110806280,4693;Primary1,Primary2,Primary3,Primary4,Primary5,Primary6,Primary7,Primary8,Primary9,Primary10,Primary11,Primary12,Primary13,Primary14,Primary15,Primary16,Primary17,Primary18,Primary19,Primary20,Primary21,Primary22,Primary23
4852,6354,1513,200407,54769,1152,284266,54,10331,2696,164312,1471,4318,109729184;Primary1,Primary2,Primary3,Primary4,Primary5,Primary6,Primary7,Primary8,Primary9,Primary10,Primary11,Primary12,Primary13,Primary14,Primary15,Primary16,Primary17,Primary18,Primary19,Primary20,Primary21,Primary23
3206,219790;Primary1,Primary2,Primary3,Primary4,Primary5,Primary6,Primary7,Primary8,Primary9,Primary10,Primary11,Primary12,Primary13,Primary14,Primary16,Primary17,Primary18,Primary19,Primary20,Primary21,Primary22,Primary23
3206,107984498,26084,259294;Primary1,Primary2,Primary3,Primary4,Primary5,Primary6,Primary7,Primary8,Primary9,Primary10,Primary11,Primary12,Primary13,Primary15,Primary16,Primary17,Primary18,Primary19,Primary20,Primary21,Primary22,Primary23
3206,388323;Primary1,Primary2,Primary3,Primary4,Primary5,Primary6,Primary7,Primary8,Primary9,Primary10,Primary11,Primary13,Primary14,Primary15,Primary16,Primary17,Primary18,Primary19,Primary20,Primary21,Primary22,Primary23
3206,284340;Primary1,Primary2,Primary3,Primary4,Primary5,Primary6,Primary7,Primary8,Primary9,Primary10,Primary11,Primary12,Primary13,Primary14,Primary15,Primary16,Primary17,Primary18,Primary19,Primary20,Primary21,Primary22,Primary23
3207,9699,4062;Primary1,Primary2,Primary3,Primary4,Primary5,Primary6,Primary7,Primary8,Primary10,Primary11,Primary12,Primary13,Primary14,Primary15,Primary16,Primary17,Primary18,Primary19,Primary20,Primary21,Primary22,Primary23
3207,102723635,767567;Primary1,Primary2,Primary3,Primary4,Primary5,Primary6,Primary7,Primary8,Primary9,Primary10,Primary11,Primary12,Primary13,Primary14,Primary15,Primary16,Primary17,Primary18,Primary19,Primary21,Primary22,Primary23
3207,3481,255928;Primary1,Primary2,Primary3,Primary4,Primary5,Primary6,Primary7,Primary8,Primary9,Primary10,Primary11,Primary12,Primary13,Primary14,Primary15,Primary16,Primary17,Primary18,Primary19,Primary20,Primary21,Primary22,Primary23
3207,745;Primary1,Primary2,Primary3,Primary4,Primary5,Primary6,Primary7,Primary8,Primary9,Primary10,Primary11,Primary12,Primary13,Primary14,Primary15,Primary16,Primary17,Primary18,Primary19,Primary20,Primary21,Primary22
3207,65998,100129940,7546;Primary1,Primary2,Primary3,Primary4,Primary5,Primary6,Primary7,Primary8,Primary9,Primary10,Primary11,Primary12,Primary13,Primary14,Primary15,Primary16,Primary17,Primary18,Primary19,Primary21,Primary22,Primary23
3207,64137,4062;Primary1,Primary2,Primary3,Primary4,Primary5,Primary6,Primary7,Primary8,Primary9,Primary10,Primary11,Primary12,Primary14,Primary15,Primary16,Primary17,Primary18,Primary19,Primary20,Primary21,Primary22,Primary23
3207,100129940,3481,7546;Primary1,Primary2,Primary3,Primary4,Primary5,Primary6,Primary7,Primary8,Primary9,Primary10,Primary11,Primary12,Primary13,Primary14,Primary15,Primary16,Primary17,Primary18,Primary19,Primary21,Primary22,Primary23
3207,7546,255928,3481,8153;Primary1,Primary2,Primary3,Primary4,Primary5,Primary6,Primary7,Primary8,Primary9,Primary10,Primary11,Primary12,Primary13,Primary14,Primary15,Primary16,Primary17,Primary18,Primary19,Primary21,Primary22,Primary23
3207,767567,255928,8153;Primary1,Primary2,Primary3,Primary4,Primary5,Primary6,Primary7,Primary8,Primary9,Primary10,Primary11,Primary12,Primary13,Primary14,Primary15,Primary16,Primary17,Primary18,Primary19,Primary21,Primary22,Primary23
222166,253970,57402,55289,256076,84525,2160,353189,10595;Primary1,Primary2,Primary3,Primary4,Primary5,Primary6,Primary7,Primary8,Primary9,Primary10,Primary11,Primary12,Primary13,Primary14,Primary15,Primary16,Primary17,Primary18,Primary19,Primary20,Primary21,Primary22,Primary23
222166,7473,57402,55289,10018,84525,2160,353189,10595;Primary1,Primary2,Primary3,Primary4,Primary5,Primary6,Primary7,Primary8,Primary9,Primary10,Primary11,Primary12,Primary13,Primary14,Primary15,Primary17,Primary18,Primary19,Primary20,Primary21,Primary22,Primary23
222166,361,440590,57402,115019,55289,256076,84525,2160,353189,10595;Primary1,Primary2,Primary3,Primary4,Primary5,Primary6,Primary7,Primary8,Primary9,Primary10,Primary11,Primary12,Primary13,Primary14,Primary15,Primary16,Primary17,Primary18,Primary19,Primary20,Primary21,Primary22
222166,126353,440590,57402,115019,55289,10018,256076,84525,2160,353189,10595;Primary1,Primary2,Primary3,Primary4,Primary6,Primary7,Primary8,Primary9,Primary10,Primary11,Primary12,Primary13,Primary14,Primary15,Primary16,Primary17,Primary18,Primary19,Primary20,Primary21,Primary22,Primary23
11185,2208;Primary1,Primary2,Primary3,Primary4,Primary5,Primary6,Primary7,Primary8,Primary9,Primary10,Primary11,Primary12,Primary13,Primary14,Primary15,Primary16,Primary17,Primary18,Primary19,Primary20,Primary21,Primary22,Primary23
100129460,999,2327;Primary1,Primary2,Primary3,Primary4,Primary5,Primary6,Primary7,Primary8,Primary9,Primary10,Primary11,Primary12,Primary13,Primary14,Primary16,Primary17,Primary18,Primary19,Primary20,Primary21,Primary22,Primary23
100129460,503640,2327;Primary1,Primary2,Primary3,Primary4,Primary5,Primary6,Primary7,Primary8,Primary9,Primary10,Primary11,Primary12,Primary13,Primary14,Primary15,Primary16,Primary17,Primary18,Primary19,Primary20,Primary21,Primary22,Primary23
100129460,148213,503640;Primary1,Primary2,Primary3,Primary5,Primary6,Primary7,Primary8,Primary9,Primary10,Primary11,Primary12,Primary13,Primary14,Primary15,Primary16,Primary17,Primary18,Primary19,Primary20,Primary21,Primary22,Primary23
100129460,102723552,148213;Primary1,Primary2,Primary3,Primary5,Primary6,Primary7,Primary8,Primary9,Primary10,Primary11,Primary12,Primary13,Primary14,Primary15,Primary16,Primary17,Primary18,Primary19,Primary20,Primary21,Primary22,Primary23
6969,26298;Primary1,Primary2,Primary3,Primary4,Primary6,Primary7,Primary8,Primary9,Primary10,Primary11,Primary12,Primary13,Primary14,Primary15,Primary16,Primary17,Primary18,Primary19,Primary20,Primary21,Primary22,Primary23
6969,4317;Primary1,Primary2,Primary3,Primary4,Primary6,Primary7,Primary8,Primary9,Primary10,Primary11,Primary12,Primary13,Primary14,Primary15,Primary16,Primary17,Primary18,Primary19,Primary20,Primary21,Primary22,Primary23
6969,5265;Primary1,Primary2,Primary3,Primary4,Primary5,Primary6,Primary7,Primary8,Primary9,Primary10,Primary11,Primary12,Primary13,Primary14,Primary16,Primary17,Primary18,Primary19,Primary20,Primary21,Primary22,Primary23
6969,100126311;Primary1,Primary2,Primary3,Primary4,Primary5,Primary6,Primary7,Primary8,Primary9,Primary10,Primary11,Primary12,Primary13,Primary15,Primary16,Primary17,Primary18,Primary19,Primary20,Primary21,Primary22,Primary23
6969,26226;Primary1,Primary2,Primary3,Primary4,Primary5,Primary7,Primary8,Primary9,Primary10,Primary11,Primary12,Primary13,Primary14,Primary15,Primary16,Primary17,Primary18,Primary19,Primary20,Primary21,Primary22,Primary23
168374,79848,100158262;Primary1,Primary2,Primary3,Primary4,Primary5,Primary6,Primary7,Primary8,Primary9,Primary10,Primary11,Primary12,Primary13,Primary14,Primary15,Primary16,Primary17,Primary18,Primary19,Primary21,Primary22,Primary23
168374,143884,649946;Primary1,Primary2,Primary3,Primary4,Primary5,Primary6,Primary7,Primary8,Primary9,Primary10,Primary11,Primary12,Primary13,Primary14,Primary15,Primary16,Primary17,Primary18,Primary19,Primary21,Primary22,Primary23
168374,144571;Primary1,Primary2,Primary4,Primary5,Primary6,Primary7,Primary8,Primary9,Primary10,Primary11,Primary12,Primary13,Primary14,Primary15,Primary16,Primary17,Primary18,Primary19,Primary20,Primary21,Primary22,Primary23
168374,1770;Primary1,Primary2,Primary3,Primary4,Primary5,Primary6,Primary7,Primary8,Primary9,Primary10,Primary11,Primary12,Primary13,Primary14,Primary15,Primary16,Primary17,Primary18,Primary19,Primary20,Primary21,Primary22,Primary23
168374,218,646480,1770,102723382;Primary1,Primary3,Primary4,Primary5,Primary6,Primary7,Primary8,Primary9,Primary10,Primary11,Primary12,Primary13,Primary14,Primary15,Primary16,Primary17,Primary18,Primary19,Primary20,Primary21,Primary22,Primary23
168374,7620,4179,649946,100529240;Primary1,Primary2,Primary3,Primary4,Primary6,Primary7,Primary8,Primary9,Primary10,Primary11,Primary12,Primary13,Primary14,Primary15,Primary16,Primary17,Primary18,Primary19,Primary20,Primary21,Primary22,Primary23
168374,342892,649946;Primary1,Primary2,Primary3,Primary4,Primary5,Primary6,Primary7,Primary8,Primary9,Primary10,Primary11,Primary12,Primary13,Primary14,Primary15,Primary16,Primary17,Primary18,Primary19,Primary20,Primary21,Primary22,Primary23
168374,677831,100158262;Primary1,Primary2,Primary3,Primary4,Primary5,Primary6,Primary7,Primary8,Primary9,Primary10,Primary11,Primary12,Primary13,Primary14,Primary15,Primary16,Primary17,Primary18,Primary19,Primary20,Primary21,Primary22,Primary23
168374,7113;Primary1,Primary2,Primary3,Primary5,Primary6,Primary7,Primary8,Primary9,Primary10,Primary11,Primary12,Primary13,Primary14,Primary15,Primary16,Primary17,Primary18,Primary19,Primary20,Primary21,Primary22,Primary23
441251,105180390,641776,105180391,102723849,1577,503645;Primary1,Primary2,Primary3,Primary5,Primary6,Primary7,Primary8,Primary9,Primary10,Primary11,Primary12,Primary13,Primary14,Primary15,Primary16,Primary17,Primary18,Primary19,Primary20,Primary21,Primary22,Primary23
441251,137872,115019,107984498,103504738;Primary1,Primary2,Primary3,Primary4,Primary5,Primary6,Primary7,Primary8,Primary9,Primary10,Primary11,Primary12,Primary13,Primary14,Primary15,Primary16,Primary17,Primary18,Primary19,Primary20,Primary21,Primary23
441251,619383,641776,105180391;Primary1,Primary2,Primary3,Primary5,Primary6,Primary7,Primary8,Primary9,Primary10,Primary11,Primary12,Primary13,Primary14,Primary15,Primary16,Primary17,Primary18,Primary19,Primary20,Primary21,Primary22,Primary23
441251,259294,107984498;Primary1,Primary2,Primary3,Primary4,Primary5,Primary6,Primary7,Primary8,Primary9,Primary10,Primary11,Primary12,Primary13,Primary14,Primary15,Primary16,Primary17,Primary18,Primary19,Primary20,Primary21,Primary22,Primary23
441251,126353,57402,353189,107984498,253970,103504738,94025;Primary1,Primary2,Primary3,Primary4,Primary5,Primary7,Primary8,Primary9,Primary10,Primary11,Primary12,Primary13,Primary14,Primary15,Primary16,Primary17,Primary18,Primary19,Primary20,Primary21,Primary22,Primary23
441251,79818,107984498,103504738;Primary1,Primary2,Primary3,Primary4,Primary5,Primary6,Primary7,Primary8,Primary9,Primary10,Primary11,Primary12,Primary13,Primary14,Primary15,Primary16,Primary17,Primary18,Primary19,Primary20,Primary21,Primary22,Primary23
105180390,541473,201625,11148,641776,105180391,102723849,113218482,503645,105372793;Primary1,Primary3,Primary4,Primary5,Primary6,Primary7,Primary8,Primary9,Primary10,Primary11,Primary12,Primary13,Primary14,Primary15,Primary16,Primary17,Primary18,Primary19,Primary20,Primary21,Primary22,Primary23
105180390,285989,79098,406969,112268422,33,4057,201625,11148,131873,200879,306,641776,105180391,102723849,113218482,112268252,105372793,6523;Primary1,Primary2,Primary3,Primary4,Primary5,Primary6,Primary8,Primary9,Primary10,Primary11,Primary12,Primary13,Primary14,Primary15,Primary16,Primary17,Primary18,Primary19,Primary20,Primary21,Primary22,Primary23
105180390,10529,33,105180391,1577,440352,503645,163131,284323;Primary1,Primary2,Primary3,Primary4,Primary5,Primary6,Primary7,Primary8,Primary9,Primary10,Primary11,Primary12,Primary13,Primary14,Primary15,Primary16,Primary17,Primary18,Primary19,Primary21,Primary22,Primary23
105180390,60494,79098,406969,105373265,112268422,33,4057,201625,11148,131873,645843,200879,306,641776,105180391,102723849,728643,65217,3856,113218482,112268252,105372793,6523,2277;Primary1,Primary2,Primary3,Primary4,Primary5,Primary6,Primary8,Primary9,Primary10,Primary11,Primary12,Primary13,Primary14,Primary15,Primary16,Primary17,Primary18,Primary19,Primary20,Primary21,Primary22,Primary23
105180390,619383,388743,33,645843,200879,641776,105180391,102723849,1577,503645,105372793;Primary1,Primary2,Primary3,Primary4,Primary5,Primary6,Primary7,Primary8,Primary9,Primary11,Primary12,Primary13,Primary14,Primary15,Primary16,Primary17,Primary18,Primary19,Primary20,Primary21,Primary22,Primary23
105180390,649946,105180391,102723849,1577,120892,100652781,440352,503645,503640;Primary1,Primary2,Primary3,Primary4,Primary5,Primary6,Primary8,Primary9,Primary10,Primary11,Primary12,Primary13,Primary14,Primary15,Primary16,Primary17,Primary18,Primary19,Primary20,Primary21,Primary22,Primary23
105180390,6337,388743,645843,641776,105180391,3856,112268252;Primary1,Primary2,Primary3,Primary4,Primary5,Primary6,Primary7,Primary8,Primary9,Primary10,Primary11,Primary12,Primary13,Primary14,Primary15,Primary16,Primary17,Primary18,Primary19,Primary20,Primary21,Primary22,Primary23
105180390,10129,340267;Primary1,Primary2,Primary3,Primary4,Primary5,Primary7,Primary8,Primary9,Primary10,Primary11,Primary12,Primary13,Primary14,Primary15,Primary16,Primary17,Primary18,Primary19,Primary20,Primary21,Primary22,Primary23
105180390,341676,79098,105373265,112268422,33,4057,201625,11148,645843,200879,306,641776,105180391,102723849,65217,113218482,94025,112268252,105372793;Primary1,Primary2,Primary3,Primary4,Primary5,Primary6,Primary7,Primary8,Primary9,Primary10,Primary11,Primary12,Primary13,Primary14,Primary15,Primary16,Primary17,Primary18,Primary19,Primary20,Primary21,Primary22,Primary23
105180390,503640,6332,200879,105180391,102723849,120892,100652781,440352,503645,284434,6523;Primary1,Primary2,Primary3,Primary4,Primary5,Primary6,Primary8,Primary9,Primary10,Primary11,Primary12,Primary13,Primary14,Primary15,Primary16,Primary17,Primary18,Primary19,Primary20,Primary21,Primary22,Primary23
105180390,7620,102723849,1577,649946,100652781,284323,100529240;Primary1,Primary2,Primary3,Primary4,Primary5,Primary6,Primary8,Primary9,Primary10,Primary11,Primary12,Primary13,Primary14,Primary15,Primary16,Primary17,Primary18,Primary19,Primary20,Primary21,Primary22,Primary23
105180390,5349,388743,641776,105180391,6337;Primary1,Primary2,Primary3,Primary4,Primary5,Primary6,Primary7,Primary8,Primary9,Primary10,Primary11,Primary12,Primary13,Primary14,Primary15,Primary16,Primary17,Primary18,Primary19,Primary20,Primary21,Primary22,Primary23
105180390,388555,79098,388743,105373265,112268422,33,4057,201625,11148,131873,645843,200879,306,641776,105180391,102723849,65217,3856,113218482,94025,112268252,105372793,6523;Primary1,Primary2,Primary3,Primary4,Primary5,Primary6,Primary7,Primary8,Primary9,Primary10,Primary11,Primary13,Primary14,Primary15,Primary16,Primary17,Primary18,Primary19,Primary20,Primary21,Primary22,Primary23
105180390,100529240,102723849,1577,649946,120892,100652781,440352,503645;Primary1,Primary2,Primary3,Primary4,Primary5,Primary6,Primary8,Primary9,Primary10,Primary11,Primary12,Primary13,Primary14,Primary15,Primary16,Primary17,Primary18,Primary19,Primary20,Primary21,Primary22,Primary23
105180390,94059,641776,105180391,102723849,79818;Primary1,Primary2,Primary3,Primary4,Primary5,Primary6,Primary7,Primary8,Primary9,Primary10,Primary11,Primary12,Primary13,Primary14,Primary15,Primary16,Primary17,Primary18,Primary19,Primary20,Primary21,Primary22,Primary23
105180390,28824,79098,388743,105373265,112268422,33,4057,201625,11148,131873,645843,200879,306,641776,105180391,102723849,65217,3856,113218482,94025,112268252,105372793,26226,6523;Primary1,Primary2,Primary3,Primary4,Primary6,Primary7,Primary8,Primary9,Primary10,Primary11,Primary12,Primary13,Primary14,Primary15,Primary16,Primary17,Primary18,Primary19,Primary20,Primary21,Primary22,Primary23
105180390,100158262,102723849,1577;Primary1,Primary2,Primary3,Primary4,Primary5,Primary7,Primary8,Primary9,Primary10,Primary11,Primary12,Primary13,Primary14,Primary15,Primary16,Primary17,Primary18,Primary19,Primary20,Primary21,Primary22,Primary23
641776,541473,1580,79098,112268422,201625,11148,645843,200879,105180390,105180391,102723849,105372793,2277;Primary1,Primary2,Primary3,Primary4,Primary5,Primary6,Primary7,Primary8,Primary9,Primary10,Primary11,Primary12,Primary13,Primary14,Primary15,Primary16,Primary17,Primary18,Primary19,Primary20,Primary21,Primary23
641776,120892,388743,112268422,33,4057,201625,11148,131873,645843,200879,306,105180390,105180391,102723849,3856,113218482,100652781,440352,503645,112268252,105372793,6523,2277;Primary1,Primary2,Primary3,Primary4,Primary5,Primary6,Primary8,Primary9,Primary10,Primary11,Primary12,Primary13,Primary14,Primary15,Primary16,Primary17,Primary18,Primary19,Primary20,Primary21,Primary22,Primary23
641776,767566,79098,406969,105373265,112268422,33,4057,201625,11148,131873,645843,200879,306,105180391,102723849,728643,65217,60494,3856,113218482,112268252,105372793,6523;Primary1,Primary2,Primary3,Primary4,Primary5,Primary6,Primary8,Primary9,Primary10,Primary11,Primary12,Primary13,Primary14,Primary15,Primary16,Primary17,Primary18,Primary19,Primary20,Primary21,Primary22,Primary23
105180391,619383;Primary1,Primary2,Primary3,Primary4,Primary5,Primary6,Primary7,Primary8,Primary9,Primary10,Primary11,Primary12,Primary13,Primary14,Primary15,Primary16,Primary17,Primary18,Primary19,Primary20,Primary21,Primary22,Primary23
105180391,146177,388743,6332,33,131873,200879,306,102723849,120892,3856,6523;Primary1,Primary2,Primary3,Primary4,Primary5,Primary6,Primary8,Primary9,Primary10,Primary11,Primary12,Primary13,Primary14,Primary15,Primary16,Primary17,Primary18,Primary19,Primary20,Primary21,Primary22,Primary23
541473,285989,1580,79098,112268422,201625,11148,200879,102723849,105372793,2277;Primary1,Primary2,Primary3,Primary4,Primary5,Primary6,Primary7,Primary8,Primary9,Primary10,Primary11,Primary12,Primary13,Primary14,Primary15,Primary16,Primary17,Primary18,Primary19,Primary20,Primary21,Primary23
541473,120892,112268422,201625,11148,102723849,105372793,2277;Primary1,Primary2,Primary3,Primary4,Primary5,Primary6,Primary7,Primary8,Primary9,Primary10,Primary11,Primary12,Primary13,Primary14,Primary15,Primary16,Primary17,Primary18,Primary19,Primary20,Primary21,Primary22,Primary23
541473,3856,1580,113218482,112268252,105372793,6523,2277;Primary1,Primary2,Primary3,Primary4,Primary5,Primary6,Primary7,Primary8,Primary9,Primary11,Primary12,Primary13,Primary14,Primary15,Primary16,Primary17,Primary18,Primary19,Primary20,Primary21,Primary22,Primary23
541473,144535,201625;Primary1,Primary2,Primary3,Primary4,Primary5,Primary6,Primary7,Primary8,Primary9,Primary11,Primary12,Primary13,Primary14,Primary15,Primary16,Primary17,Primary18,Primary19,Primary20,Primary21,Primary22,Primary23
541473,2595,825;Primary1,Primary2,Primary3,Primary4,Primary5,Primary6,Primary7,Primary8,Primary9,Primary10,Primary11,Primary12,Primary13,Primary14,Primary15,Primary16,Primary17,Primary18,Primary19,Primary20,Primary21,Primary22,Primary23
541473,825,120892;Primary1,Primary2,Primary3,Primary4,Primary5,Primary6,Primary7,Primary8,Primary9,Primary10,Primary11,Primary12,Primary13,Primary14,Primary15,Primary16,Primary17,Primary18,Primary19,Primary20,Primary21,Primary22,Primary23
541473,400578,112268422,201625,641776,105180391,102723849,285989,105372793;Primary1,Primary2,Primary3,Primary4,Primary5,Primary6,Primary8,Primary9,Primary10,Primary11,Primary12,Primary13,Primary14,Primary15,Primary16,Primary17,Primary18,Primary19,Primary20,Primary21,Primary22,Primary23
541473,389852,112268422,105372793,2277;Primary1,Primary2,Primary3,Primary4,Primary5,Primary6,Primary7,Primary8,Primary9,Primary10,Primary11,Primary12,Primary13,Primary14,Primary15,Primary16,Primary17,Primary18,Primary19,Primary20,Primary21,Primary22,Primary23
222183,222389,1515,7546,57524,8153,3780;Primary1,Primary2,Primary3,Primary4,Primary5,Primary6,Primary7,Primary8,Primary9,Primary10,Primary11,Primary12,Primary13,Primary14,Primary15,Primary16,Primary17,Primary18,Primary19,Primary20,Primary21,Primary22,Primary23
222183,399726,7203,1515,57524,8153,3780;Primary1,Primary2,Primary3,Primary4,Primary5,Primary6,Primary7,Primary8,Primary9,Primary10,Primary11,Primary12,Primary13,Primary14,Primary15,Primary16,Primary17,Primary19,Primary20,Primary21,Primary22,Primary23
222183,693188;Primary1,Primary2,Primary3,Primary4,Primary5,Primary6,Primary7,Primary8,Primary9,Primary11,Primary12,Primary13,Primary14,Primary15,Primary16,Primary17,Primary18,Primary19,Primary20,Primary21,Primary22,Primary23
222183,728643;Primary1,Primary2,Primary3,Primary4,Primary5,Primary7,Primary8,Primary9,Primary10,Primary11,Primary12,Primary13,Primary14,Primary15,Primary16,Primary17,Primary18,Primary19,Primary20,Primary21,Primary22,Primary23
222183,6441,10568,1028,100129940,7546,1381,57524,340596;Primary1,Primary2,Primary3,Primary4,Primary5,Primary6,Primary7,Primary8,Primary9,Primary10,Primary11,Primary12,Primary13,Primary14,Primary15,Primary16,Primary17,Primary18,Primary19,Primary20,Primary21,Primary22,Primary23
222183,1028,10568,1515,7546,1381,57524,8153,3780;Primary1,Primary2,Primary3,Primary4,Primary5,Primary6,Primary7,Primary8,Primary9,Primary10,Primary11,Primary12,Primary13,Primary14,Primary15,Primary16,Primary17,Primary18,Primary19,Primary20,Primary21,Primary22,Primary23
222183,65998,57111,10568,6441,1028,100129940,7546,57524,4222,340596;Primary1,Primary2,Primary3,Primary4,Primary5,Primary6,Primary7,Primary8,Primary9,Primary10,Primary11,Primary12,Primary13,Primary14,Primary15,Primary16,Primary17,Primary19,Primary20,Primary21,Primary22,Primary23
222183,3229,1746,10568,7060,6441,1028,100129940,7546,1381,57524,2627,340596;Primary1,Primary2,Primary3,Primary4,Primary5,Primary6,Primary7,Primary8,Primary9,Primary10,Primary11,Primary12,Primary13,Primary14,Primary16,Primary17,Primary18,Primary19,Primary20,Primary21,Primary22,Primary23
222183,2065,10568,7060,6441,1028,100129940,7546,1381,57524,340596;Primary2,Primary3,Primary4,Primary5,Primary6,Primary7,Primary8,Primary9,Primary10,Primary11,Primary12,Primary13,Primary14,Primary15,Primary16,Primary17,Primary18,Primary19,Primary20,Primary21,Primary22,Primary23
222183,767567,7203,8153;Primary1,Primary2,Primary3,Primary4,Primary5,Primary6,Primary7,Primary8,Primary9,Primary10,Primary11,Primary12,Primary13,Primary14,Primary15,Primary16,Primary17,Primary19,Primary20,Primary21,Primary22,Primary23
222183,79148;Primary1,Primary2,Primary3,Primary4,Primary5,Primary6,Primary7,Primary9,Primary10,Primary11,Primary12,Primary13,Primary14,Primary15,Primary16,Primary17,Primary18,Primary19,Primary20,Primary21,Primary22,Primary23
222183,2627,10568,6441,1028,100129940,1381,57524,340596;Primary1,Primary2,Primary3,Primary4,Primary5,Primary6,Primary7,Primary8,Primary9,Primary10,Primary11,Primary12,Primary13,Primary14,Primary15,Primary16,Primary17,Primary18,Primary19,Primary20,Primary21,Primary22,Primary23
222183,498;Primary1,Primary2,Primary3,Primary4,Primary5,Primary6,Primary7,Primary8,Primary9,Primary10,Primary11,Primary13,Primary14,Primary15,Primary16,Primary17,Primary18,Primary19,Primary20,Primary21,Primary22,Primary23
222183,4861;Primary1,Primary2,Primary3,Primary4,Primary5,Primary6,Primary7,Primary8,Primary9,Primary10,Primary11,Primary13,Primary14,Primary15,Primary16,Primary17,Primary18,Primary19,Primary20,Primary21,Primary22,Primary23
222183,57526,57111,10568,448831,7060,105,6441,441581,1028,6751,1381,57524,4222,340596;Primary1,Primary2,Primary3,Primary4,Primary5,Primary6,Primary7,Primary8,Primary9,Primary10,Primary11,Primary12,Primary13,Primary14,Primary15,Primary16,Primary17,Primary19,Primary20,Primary21,Primary22,Primary23
105375355,1080,105377033;Primary1,Primary2,Primary3,Primary4,Primary5,Primary6,Primary7,Primary8,Primary9,Primary10,Primary11,Primary12,Primary13,Primary14,Primary15,Primary16,Primary17,Primary18,Primary19,Primary20,Primary21,Primary23
105375355,474354;Primary1,Primary2,Primary3,Primary4,Primary5,Primary6,Primary7,Primary8,Primary9,Primary10,Primary11,Primary12,Primary13,Primary14,Primary15,Primary17,Primary18,Primary19,Primary20,Primary21,Primary22,Primary23
102723849,137872,541473,105372793,2277;Primary1,Primary2,Primary3,Primary5,Primary6,Primary7,Primary8,Primary9,Primary10,Primary11,Primary12,Primary13,Primary14,Primary15,Primary16,Primary17,Primary18,Primary19,Primary20,Primary21,Primary22,Primary23
102723849,55329,100158262;Primary1,Primary2,Primary3,Primary4,Primary5,Primary7,Primary8,Primary9,Primary10,Primary11,Primary12,Primary13,Primary14,Primary15,Primary16,Primary17,Primary18,Primary19,Primary20,Primary21,Primary22,Primary23
102723849,7620,55892,1577,649946,100652781,100529240;Primary1,Primary2,Primary3,Primary4,Primary5,Primary6,Primary8,Primary9,Primary10,Primary11,Primary12,Primary13,Primary14,Primary15,Primary16,Primary17,Primary18,Primary19,Primary20,Primary21,Primary22,Primary23
102723849,102723508,79098,105373265,112268422,33,4057,201625,11148,131873,200879,306,728643,65217,60494,3856,113218482,767566,112268252,388555,105372793;Primary1,Primary2,Primary3,Primary4,Primary5,Primary6,Primary8,Primary9,Primary10,Primary11,Primary12,Primary13,Primary14,Primary15,Primary16,Primary17,Primary18,Primary19,Primary20,Primary21,Primary22,Primary23
285989,102724057,79098,112268422,4057,201625,11148,131873,200879,306,102723849,113218482,112268252,105372793,6523,2277,102466759;Primary1,Primary3,Primary4,Primary5,Primary6,Primary7,Primary8,Primary9,Primary10,Primary11,Primary12,Primary13,Primary14,Primary15,Primary16,Primary17,Primary18,Primary19,Primary20,Primary21,Primary22,Primary23
285989,693188,780;Primary1,Primary2,Primary3,Primary4,Primary5,Primary6,Primary7,Primary8,Primary9,Primary10,Primary11,Primary13,Primary14,Primary15,Primary16,Primary17,Primary18,Primary19,Primary20,Primary21,Primary22,Primary23
285989,619383;Primary1,Primary2,Primary3,Primary4,Primary5,Primary6,Primary7,Primary8,Primary9,Primary10,Primary11,Primary12,Primary13,Primary14,Primary15,Primary16,Primary17,Primary18,Primary19,Primary20,Primary21,Primary22,Primary23
285989,8091,79098,406969,105373265,112268422,33,4057,201625,11148,131873,200879,306,102723849,728643,65217,113218482,112268252,105372793,6523;Primary1,Primary2,Primary3,Primary4,Primary5,Primary6,Primary7,Primary8,Primary9,Primary10,Primary11,Primary13,Primary14,Primary15,Primary16,Primary17,Primary18,Primary19,Primary20,Primary21,Primary22,Primary23
285989,341676,79098,406969,105373265,112268422,33,4057,201625,11148,131873,645843,200879,306,102723849,65217,113218482,112268252,105372793,2277;Primary1,Primary2,Primary3,Primary4,Primary5,Primary6,Primary7,Primary8,Primary9,Primary11,Primary12,Primary13,Primary14,Primary15,Primary16,Primary17,Primary18,Primary19,Primary20,Primary21,Primary22,Primary23
285989,767566,79098,406969,105373265,112268422,33,4057,201625,11148,131873,200879,306,102723849,728643,65217,60494,3856,113218482,112268252,388555,105372793,6523;Primary1,Primary2,Primary3,Primary4,Primary5,Primary6,Primary7,Primary8,Primary9,Primary11,Primary12,Primary13,Primary14,Primary15,Primary16,Primary17,Primary18,Primary19,Primary20,Primary21,Primary22,Primary23
285989,103504738,79098,112268422,4057,201625,11148,131873,200879,306,102723849,113218482,94025,112268252,105372793,6523,102466759;Primary1,Primary2,Primary3,Primary5,Primary6,Primary7,Primary8,Primary9,Primary10,Primary11,Primary12,Primary13,Primary14,Primary15,Primary16,Primary17,Primary18,Primary19,Primary20,Primary21,Primary22,Primary23
285989,400578,79098,112268422,4057,201625,11148,131873,200879,105180390,641776,105180391,102723849,113218482,112268252,105372793,6523;Primary1,Primary2,Primary3,Primary4,Primary5,Primary6,Primary8,Primary9,Primary10,Primary11,Primary12,Primary13,Primary14,Primary15,Primary16,Primary17,Primary18,Primary19,Primary20,Primary21,Primary22,Primary23
285989,4680,79098,406969,112268422,4057,201625,11148,131873,200879,306,102723849,113218482,112268252,105372793,6523,2277;Primary1,Primary2,Primary3,Primary4,Primary5,Primary6,Primary7,Primary8,Primary9,Primary10,Primary11,Primary12,Primary13,Primary14,Primary16,Primary17,Primary18,Primary19,Primary20,Primary21,Primary22,Primary23
285989,79818,79098,4057,201625,11148,131873,200879,306,102723849,113218482,103504738,94025,112268252,105372793,6523,102466759;Primary1,Primary2,Primary3,Primary5,Primary6,Primary7,Primary8,Primary9,Primary10,Primary11,Primary12,Primary13,Primary14,Primary15,Primary16,Primary17,Primary18,Primary19,Primary20,Primary21,Primary22,Primary23
285989,28824,79098,406969,112268422,4057,201625,11148,131873,200879,306,102723849,113218482,112268252,105372793,6523,2277;Primary1,Primary2,Primary3,Primary4,Primary6,Primary7,Primary8,Primary9,Primary10,Primary11,Primary12,Primary13,Primary14,Primary15,Primary16,Primary17,Primary18,Primary19,Primary20,Primary21,Primary22,Primary23
285989,389852,79098,406969,112268422,4057,201625,11148,200879,102723849,113218482,112268252,105372793,6523,2277;Primary1,Primary2,Primary3,Primary4,Primary5,Primary6,Primary7,Primary8,Primary9,Primary10,Primary12,Primary13,Primary14,Primary15,Primary16,Primary17,Primary18,Primary19,Primary20,Primary21,Primary22,Primary23
285989,102723508,79098,112268422,4057,201625,11148,131873,200879,306,113218482,112268252,105372793,6523,2277,102466759;Primary1,Primary2,Primary3,Primary4,Primary5,Primary6,Primary7,Primary8,Primary9,Primary10,Primary11,Primary12,Primary13,Primary14,Primary15,Primary16,Primary17,Primary18,Primary19,Primary20,Primary21,Primary22,Primary23
285989,102466759,79098,112268422,4057,201625,11148,131873,200879,306,102723849,113218482,112268252,105372793,6523,2277;Primary1,Primary2,Primary3,Primary4,Primary5,Primary6,Primary7,Primary8,Primary9,Primary10,Primary11,Primary12,Primary13,Primary14,Primary15,Primary16,Primary17,Primary18,Primary19,Primary20,Primary21,Primary22,Primary23
285989,57526,79098,406969,105373265,112268422,4057,201625,11148,131873,200879,306,102723849,728643,113218482,8091,112268252,6523;Primary1,Primary2,Primary3,Primary4,Primary5,Primary6,Primary7,Primary8,Primary9,Primary10,Primary11,Primary13,Primary14,Primary15,Primary16,Primary17,Primary18,Primary19,Primary20,Primary21,Primary22,Primary23
285989,102723382,79098,406969,112268422,4057,201625,11148,131873,200879,306,102723849,113218482,112268252,105372793,6523,2277;Primary1,Primary2,Primary4,Primary5,Primary6,Primary7,Primary8,Primary9,Primary10,Primary11,Primary12,Primary13,Primary14,Primary15,Primary16,Primary17,Primary18,Primary19,Primary20,Primary21,Primary22,Primary23
1577,641384,33,200879,102723849,120892,100652781,503645,284434;Primary1,Primary2,Primary3,Primary4,Primary5,Primary6,Primary7,Primary9,Primary10,Primary11,Primary12,Primary13,Primary14,Primary15,Primary16,Primary17,Primary18,Primary19,Primary20,Primary21,Primary22,Primary23
1577,378938,201625,11148,645843,105180390,641776,105180391,102723849,109136579,440352,503645;Primary1,Primary2,Primary3,Primary4,Primary5,Primary6,Primary7,Primary8,Primary9,Primary10,Primary11,Primary12,Primary13,Primary15,Primary16,Primary17,Primary18,Primary19,Primary20,Primary21,Primary22,Primary23
1577,692072,649946,503640;Primary1,Primary2,Primary3,Primary4,Primary5,Primary6,Primary8,Primary9,Primary10,Primary11,Primary12,Primary13,Primary14,Primary15,Primary16,Primary17,Primary18,Primary19,Primary20,Primary21,Primary22,Primary23
1577,649946,120892,100652781,503645;Primary1,Primary2,Primary3,Primary4,Primary5,Primary6,Primary7,Primary8,Primary9,Primary10,Primary11,Primary12,Primary13,Primary14,Primary15,Primary16,Primary17,Primary18,Primary19,Primary20,Primary21,Primary22,Primary23
1577,120892,112268422,33,4057,201625,11148,645843,200879,306,105180390,102723849,100652781,94025,105372793;Primary1,Primary2,Primary3,Primary4,Primary5,Primary6,Primary7,Primary8,Primary9,Primary10,Primary11,Primary12,Primary13,Primary14,Primary15,Primary16,Primary17,Primary18,Primary19,Primary20,Primary21,Primary22,Primary23
1577,107984498,112268422,33,4057,201625,11148,645843,200879,306,105180390,102723849,120892,100652781,503645,94025,105372793;Primary1,Primary2,Primary3,Primary5,Primary6,Primary7,Primary8,Primary9,Primary10,Primary11,Primary12,Primary13,Primary14,Primary15,Primary16,Primary17,Primary18,Primary19,Primary20,Primary21,Primary22,Primary23
1577,10129,130271;Primary1,Primary2,Primary3,Primary4,Primary5,Primary7,Primary8,Primary9,Primary10,Primary11,Primary12,Primary13,Primary14,Primary15,Primary16,Primary17,Primary18,Primary19,Primary20,Primary21,Primary22,Primary23
1577,440352,33,201625,11148,645843,105180390,641776,105180391,102723849,100652781,503645;Primary1,Primary2,Primary3,Primary4,Primary5,Primary6,Primary7,Primary8,Primary9,Primary10,Primary11,Primary12,Primary13,Primary14,Primary15,Primary16,Primary17,Primary18,Primary19,Primary20,Primary21,Primary22,Primary23
1577,124944,503645,284323;Primary1,Primary2,Primary3,Primary4,Primary5,Primary6,Primary7,Primary8,Primary9,Primary10,Primary11,Primary12,Primary13,Primary14,Primary15,Primary16,Primary17,Primary18,Primary19,Primary20,Primary21,Primary22
1577,100506755,10129,503645;Primary1,Primary2,Primary3,Primary4,Primary5,Primary7,Primary8,Primary9,Primary10,Primary11,Primary12,Primary13,Primary14,Primary15,Primary16,Primary17,Primary18,Primary19,Primary20,Primary21,Primary22,Primary23
1577,503645,112268422,33,4057,201625,11148,645843,200879,105180390,641776,105180391,102723849,341676,100652781,105372793;Primary1,Primary2,Primary3,Primary4,Primary5,Primary6,Primary7,Primary8,Primary9,Primary10,Primary11,Primary12,Primary13,Primary14,Primary15,Primary16,Primary17,Primary18,Primary19,Primary20,Primary21,Primary22,Primary23
1577,503640,200879,105180390,105180391,102723849,120892,100652781,440352,503645,284434,6523;Primary1,Primary2,Primary3,Primary4,Primary5,Primary6,Primary8,Primary9,Primary10,Primary11,Primary12,Primary13,Primary14,Primary15,Primary16,Primary17,Primary18,Primary19,Primary20,Primary21,Primary22,Primary23
1577,5349,388743,33,4057,201625,11148,645843,200879,306,105180390,641776,105180391,102723849,6337,100652781,112268252;Primary1,Primary2,Primary3,Primary4,Primary5,Primary6,Primary7,Primary8,Primary9,Primary10,Primary11,Primary12,Primary13,Primary14,Primary16,Primary17,Primary18,Primary19,Primary20,Primary21,Primary22,Primary23
1577,342892,649946,100652781,503645,503640,284323;Primary1,Primary2,Primary3,Primary4,Primary5,Primary6,Primary8,Primary9,Primary10,Primary11,Primary12,Primary13,Primary14,Primary15,Primary16,Primary17,Primary18,Primary19,Primary20,Primary21,Primary22,Primary23
1577,163131,112268422,33,4057,11148,200879,306,105180390,641776,105180391,102723849,341676,100652781,94025;Primary1,Primary2,Primary3,Primary4,Primary5,Primary6,Primary7,Primary8,Primary9,Primary10,Primary11,Primary12,Primary13,Primary14,Primary15,Primary16,Primary17,Primary18,Primary19,Primary20,Primary21,Primary22,Primary23
1577,94059,55892,102723849,94025;Primary1,Primary2,Primary3,Primary4,Primary5,Primary6,Primary7,Primary8,Primary9,Primary11,Primary12,Primary13,Primary14,Primary15,Primary16,Primary17,Primary18,Primary19,Primary20,Primary21,Primary22,Primary23
1577,79818,4057,11148,306,105180390,641776,105180391,102723849,94025;Primary1,Primary2,Primary3,Primary4,Primary5,Primary6,Primary7,Primary8,Primary9,Primary10,Primary11,Primary12,Primary13,Primary14,Primary15,Primary16,Primary17,Primary18,Primary19,Primary20,Primary21,Primary22,Primary23
1577,2277,112268422,33,4057,201625,11148,131873,200879,306,105180390,641776,105180391,102723849,120892,113218482,100652781,440352,503645,112268252,105372793,6523;Primary1,Primary2,Primary3,Primary4,Primary5,Primary6,Primary8,Primary9,Primary10,Primary11,Primary12,Primary13,Primary14,Primary15,Primary16,Primary17,Primary18,Primary19,Primary20,Primary21,Primary22,Primary23
1577,102725051,649946,100529240;Primary1,Primary2,Primary3,Primary4,Primary5,Primary6,Primary7,Primary8,Primary9,Primary10,Primary11,Primary12,Primary13,Primary14,Primary15,Primary16,Primary17,Primary18,Primary19,Primary20,Primary22,Primary23
563,100033430;Primary2,Primary3,Primary4,Primary5,Primary6,Primary7,Primary8,Primary9,Primary10,Primary11,Primary12,Primary13,Primary14,Primary15,Primary16,Primary17,Primary18,Primary19,Primary20,Primary21,Primary22,Primary23
563,6799,1579,63924,9370,100874095,57110,5346,3240,66002,1048;Primary1,Primary2,Primary3,Primary4,Primary5,Primary6,Primary7,Primary8,Primary9,Primary10,Primary12,Primary13,Primary14,Primary15,Primary16,Primary17,Primary18,Primary19,Primary20,Primary21,Primary22,Primary23
563,55808,1579,63924,9370,100874095,57110,730,100129460,5346,3240,66002,1048;Primary1,Primary2,Primary3,Primary4,Primary5,Primary6,Primary7,Primary8,Primary9,Primary10,Primary11,Primary12,Primary13,Primary14,Primary15,Primary17,Primary18,Primary19,Primary20,Primary21,Primary22,Primary23
10071,195814,114569,83481,22943,22941,28984,7080,284111,64073;Primary1,Primary2,Primary3,Primary4,Primary5,Primary6,Primary7,Primary8,Primary9,Primary10,Primary11,Primary12,Primary13,Primary14,Primary15,Primary16,Primary17,Primary18,Primary19,Primary20,Primary21,Primary22,Primary23
10071,729238,114569,58524,22943,22941,3229,387882,7080,284111,64073;Primary1,Primary2,Primary3,Primary4,Primary5,Primary6,Primary7,Primary8,Primary9,Primary10,Primary11,Primary12,Primary13,Primary14,Primary15,Primary16,Primary17,Primary18,Primary19,Primary20,Primary21,Primary22,Primary23
10071,9052,195814,114569,83481,22943,22941,28984,7080,284111,64073;Primary1,Primary2,Primary3,Primary4,Primary5,Primary6,Primary7,Primary8,Primary9,Primary10,Primary11,Primary12,Primary13,Primary14,Primary15,Primary16,Primary17,Primary18,Primary19,Primary21,Primary22,Primary23
10071,3229,9228,114569,22943,22941,387882,28984,7080,284111,50964,64073;Primary1,Primary2,Primary3,Primary4,Primary5,Primary6,Primary7,Primary8,Primary9,Primary10,Primary11,Primary12,Primary13,Primary14,Primary15,Primary16,Primary17,Primary18,Primary19,Primary20,Primary21,Primary22,Primary23
10071,10129,130271,340267;Primary1,Primary2,Primary3,Primary4,Primary5,Primary6,Primary7,Primary8,Primary9,Primary10,Primary11,Primary12,Primary13,Primary14,Primary16,Primary17,Primary18,Primary19,Primary20,Primary21,Primary22,Primary23
10071,55930,55567;Primary1,Primary2,Primary3,Primary5,Primary6,Primary7,Primary8,Primary9,Primary10,Primary11,Primary12,Primary13,Primary14,Primary15,Primary16,Primary17,Primary18,Primary19,Primary20,Primary21,Primary22,Primary23
10071,55567,195814,114569,22943,22941,3229,7080,999,284111,64073;Primary1,Primary2,Primary3,Primary4,Primary5,Primary6,Primary7,Primary8,Primary9,Primary10,Primary11,Primary12,Primary13,Primary14,Primary15,Primary16,Primary17,Primary18,Primary19,Primary20,Primary21,Primary22,Primary23
10071,400578,130271;Primary1,Primary2,Primary3,Primary4,Primary5,Primary6,Primary7,Primary8,Primary9,Primary10,Primary11,Primary12,Primary13,Primary14,Primary16,Primary17,Primary18,Primary19,Primary20,Primary21,Primary22,Primary23
10071,3909,276,278,22941,64073;Primary1,Primary2,Primary3,Primary4,Primary5,Primary6,Primary8,Primary9,Primary10,Primary11,Primary12,Primary13,Primary14,Primary15,Primary16,Primary17,Primary18,Primary19,Primary20,Primary21,Primary22,Primary23
10071,3960,54897,9228,114569,22943,22941,7080,284111,64073;Primary2,Primary3,Primary4,Primary5,Primary6,Primary7,Primary8,Primary9,Primary10,Primary11,Primary12,Primary13,Primary14,Primary15,Primary16,Primary17,Primary18,Primary19,Primary20,Primary21,Primary22,Primary23
375612,54769,200407,4852,1152,284266,54,10331,2696,164312,1471,4318,109729184;Primary1,Primary2,Primary3,Primary4,Primary5,Primary6,Primary7,Primary8,Primary9,Primary10,Primary11,Primary12,Primary13,Primary14,Primary15,Primary17,Primary18,Primary19,Primary20,Primary21,Primary22,Primary23
375612,24150,4852;Primary1,Primary2,Primary3,Primary4,Primary5,Primary6,Primary7,Primary8,Primary9,Primary10,Primary11,Primary12,Primary13,Primary14,Primary15,Primary16,Primary17,Primary18,Primary19,Primary20,Primary21,Primary22,Primary23
375612,107985317;Primary1,Primary2,Primary3,Primary5,Primary6,Primary7,Primary8,Primary9,Primary10,Primary11,Primary12,Primary13,Primary14,Primary15,Primary16,Primary17,Primary18,Primary19,Primary20,Primary21,Primary22,Primary23
375612,2696,200407,4852,10331,164312;Primary1,Primary2,Primary3,Primary4,Primary5,Primary6,Primary7,Primary8,Primary9,Primary10,Primary11,Primary12,Primary13,Primary14,Primary15,Primary16,Primary17,Primary18,Primary19,Primary20,Primary21,Primary22,Primary23
375612,9622,6097,200407,4852,164312,1471,4693;Primary1,Primary2,Primary3,Primary4,Primary5,Primary6,Primary7,Primary8,Primary9,Primary10,Primary11,Primary12,Primary13,Primary14,Primary15,Primary16,Primary17,Primary18,Primary19,Primary20,Primary22,Primary23
375612,1471,6097,200407,4852,1152,284266,10331,164312,4318,109729184;Primary1,Primary2,Primary3,Primary4,Primary5,Primary6,Primary7,Primary9,Primary10,Primary11,Primary12,Primary13,Primary14,Primary15,Primary16,Primary17,Primary18,Primary19,Primary20,Primary21,Primary22,Primary23
375612,4318,6097,4852,10331,164312,1471,109729184;Primary1,Primary2,Primary3,Primary4,Primary5,Primary6,Primary7,Primary8,Primary9,Primary10,Primary11,Primary12,Primary13,Primary14,Primary15,Primary17,Primary18,Primary19,Primary20,Primary21,Primary22,Primary23
375612,89765,24150;Primary1,Primary2,Primary3,Primary4,Primary5,Primary6,Primary7,Primary8,Primary9,Primary10,Primary11,Primary12,Primary13,Primary14,Primary15,Primary16,Primary17,Primary18,Primary19,Primary20,Primary21,Primary22,Primary23
375612,4693,6097,200407,4852,10331,164312,1471;Primary1,Primary2,Primary3,Primary4,Primary5,Primary6,Primary7,Primary8,Primary9,Primary10,Primary11,Primary12,Primary13,Primary14,Primary15,Primary16,Primary17,Primary18,Primary19,Primary20,Primary22,Primary23
4233,26609;Primary1,Primary2,Primary3,Primary4,Primary5,Primary6,Primary7,Primary8,Primary9,Primary10,Primary11,Primary12,Primary13,Primary15,Primary16,Primary17,Primary18,Primary19,Primary20,Primary21,Primary22,Primary23
1080,3880,155465;Primary1,Primary2,Primary3,Primary4,Primary5,Primary6,Primary7,Primary8,Primary9,Primary10,Primary11,Primary12,Primary13,Primary14,Primary15,Primary16,Primary17,Primary18,Primary19,Primary20,Primary21,Primary22,Primary23
1080,3219;Primary1,Primary2,Primary3,Primary4,Primary5,Primary7,Primary8,Primary9,Primary10,Primary11,Primary12,Primary13,Primary14,Primary15,Primary16,Primary17,Primary18,Primary19,Primary20,Primary21,Primary22,Primary23
100506380,83643;Primary1,Primary2,Primary3,Primary4,Primary5,Primary6,Primary7,Primary8,Primary9,Primary10,Primary11,Primary12,Primary13,Primary14,Primary15,Primary16,Primary17,Primary18,Primary20,Primary21,Primary22,Primary23
100506380,399726,1515,388327;Primary1,Primary2,Primary3,Primary4,Primary5,Primary6,Primary7,Primary8,Primary9,Primary10,Primary11,Primary12,Primary13,Primary14,Primary15,Primary16,Primary17,Primary18,Primary19,Primary20,Primary21,Primary22,Primary23
100506380,9118,79632,1515;Primary1,Primary2,Primary3,Primary4,Primary5,Primary6,Primary7,Primary8,Primary9,Primary10,Primary11,Primary12,Primary13,Primary14,Primary15,Primary16,Primary17,Primary18,Primary19,Primary21,Primary22,Primary23
100506380,3229,1746,7080;Primary1,Primary2,Primary3,Primary4,Primary5,Primary6,Primary7,Primary8,Primary9,Primary10,Primary12,Primary13,Primary14,Primary15,Primary16,Primary17,Primary18,Primary19,Primary20,Primary21,Primary22,Primary23
100506380,100129940,3481,7546;Primary1,Primary2,Primary3,Primary4,Primary5,Primary6,Primary7,Primary8,Primary9,Primary10,Primary11,Primary12,Primary13,Primary14,Primary16,Primary17,Primary18,Primary19,Primary20,Primary21,Primary22,Primary23
100506380,7546,7203,1515,7080,57524,8153,3780;Primary1,Primary2,Primary3,Primary4,Primary5,Primary6,Primary7,Primary8,Primary9,Primary10,Primary11,Primary12,Primary13,Primary14,Primary16,Primary17,Primary18,Primary19,Primary20,Primary21,Primary22,Primary23
100506380,21,79632,3229,7080;Primary1,Primary2,Primary3,Primary4,Primary5,Primary6,Primary7,Primary8,Primary10,Primary11,Primary12,Primary13,Primary14,Primary15,Primary16,Primary17,Primary18,Primary19,Primary20,Primary21,Primary22,Primary23
100506380,54084,255928,7080;Primary1,Primary2,Primary3,Primary4,Primary5,Primary6,Primary7,Primary8,Primary9,Primary10,Primary11,Primary12,Primary13,Primary14,Primary16,Primary17,Primary18,Primary19,Primary20,Primary21,Primary22,Primary23
100506380,84700;Primary1,Primary2,Primary3,Primary4,Primary5,Primary6,Primary7,Primary9,Primary10,Primary11,Primary12,Primary13,Primary14,Primary15,Primary16,Primary17,Primary18,Primary19,Primary20,Primary21,Primary22,Primary23
9228,641384;Primary1,Primary2,Primary3,Primary4,Primary5,Primary6,Primary7,Primary8,Primary9,Primary10,Primary11,Primary12,Primary13,Primary14,Primary16,Primary17,Primary18,Primary19,Primary20,Primary21,Primary22,Primary23
9228,58524,277,10071,114569,22943,22941,387882,28984,7080,284111,50964,64073,4680,112268252,6473;Primary1,Primary2,Primary3,Primary4,Primary5,Primary7,Primary8,Primary9,Primary10,Primary11,Primary12,Primary13,Primary14,Primary15,Primary16,Primary17,Primary18,Primary19,Primary20,Primary21,Primary22,Primary23
9228,286207,54897,10071,114569,138428,22943,22941,284111,50964,64073,4680,112268252;Primary1,Primary2,Primary3,Primary4,Primary5,Primary7,Primary8,Primary9,Primary10,Primary11,Primary12,Primary13,Primary14,Primary15,Primary16,Primary17,Primary18,Primary19,Primary20,Primary21,Primary22,Primary23
9228,729238,10071,114569,58524,22943,22941,3229,387882,7080,284111,64073,4680,112268252,6473;Primary1,Primary2,Primary3,Primary4,Primary5,Primary7,Primary8,Primary9,Primary10,Primary11,Primary12,Primary13,Primary14,Primary15,Primary16,Primary17,Primary18,Primary19,Primary20,Primary21,Primary22,Primary23
9228,60494,79098,406969,105373265,112268422,33,4057,201625,11148,645843,200879,306,102723849,728643,113218482,4680,112268252,105372793;Primary1,Primary2,Primary3,Primary4,Primary5,Primary6,Primary7,Primary8,Primary9,Primary10,Primary11,Primary12,Primary13,Primary14,Primary16,Primary17,Primary18,Primary19,Primary20,Primary21,Primary22,Primary23
9228,341676,79098,406969,388743,105373265,112268422,33,4057,201625,11148,645843,200879,306,102723849,113218482,4680,112268252,105372793;Primary1,Primary2,Primary3,Primary4,Primary5,Primary6,Primary7,Primary8,Primary9,Primary10,Primary11,Primary12,Primary13,Primary14,Primary16,Primary17,Primary18,Primary19,Primary20,Primary21,Primary22,Primary23
9228,767566,79098,406969,105373265,112268422,33,4057,201625,11148,200879,306,102723849,728643,60494,113218482,4680,112268252,388555,105372793;Primary1,Primary2,Primary3,Primary4,Primary5,Primary6,Primary7,Primary8,Primary9,Primary10,Primary11,Primary12,Primary13,Primary14,Primary16,Primary17,Primary18,Primary19,Primary20,Primary21,Primary22,Primary23
9228,21,114569,22941,3229,7080,284111,50964;Primary1,Primary2,Primary3,Primary4,Primary5,Primary6,Primary7,Primary8,Primary9,Primary10,Primary11,Primary12,Primary13,Primary14,Primary15,Primary16,Primary17,Primary18,Primary19,Primary20,Primary21,Primary22,Primary23
9228,55567,10071,195814,114569,22943,22941,3229,28984,7080,999,284111,64073;Primary1,Primary2,Primary3,Primary4,Primary5,Primary6,Primary8,Primary9,Primary10,Primary11,Primary12,Primary13,Primary14,Primary15,Primary16,Primary17,Primary18,Primary19,Primary20,Primary21,Primary22,Primary23
9228,388555,79098,406969,388743,105373265,112268422,33,4057,201625,11148,200879,306,102723849,728643,113218482,4680,112268252,105372793;Primary1,Primary2,Primary3,Primary4,Primary5,Primary6,Primary7,Primary8,Primary9,Primary10,Primary11,Primary12,Primary13,Primary14,Primary16,Primary17,Primary18,Primary19,Primary20,Primary21,Primary22,Primary23
285,6505;Primary1,Primary2,Primary3,Primary4,Primary5,Primary6,Primary7,Primary8,Primary9,Primary10,Primary11,Primary12,Primary13,Primary14,Primary15,Primary16,Primary17,Primary18,Primary19,Primary21,Primary22,Primary23
285,55507;Primary1,Primary2,Primary3,Primary4,Primary5,Primary6,Primary7,Primary8,Primary9,Primary10,Primary11,Primary12,Primary13,Primary14,Primary15,Primary16,Primary17,Primary18,Primary19,Primary20,Primary21,Primary22
101929066,89;Primary1,Primary2,Primary4,Primary5,Primary6,Primary7,Primary8,Primary9,Primary10,Primary11,Primary12,Primary13,Primary14,Primary15,Primary16,Primary17,Primary18,Primary19,Primary20,Primary21,Primary22,Primary23
101929066,8796;Primary1,Primary2,Primary3,Primary5,Primary6,Primary7,Primary8,Primary9,Primary10,Primary11,Primary12,Primary13,Primary14,Primary15,Primary16,Primary17,Primary18,Primary19,Primary20,Primary21,Primary22,Primary23
6440,123624,155465,1080;Primary1,Primary2,Primary3,Primary4,Primary5,Primary6,Primary7,Primary8,Primary9,Primary11,Primary12,Primary13,Primary14,Primary15,Primary16,Primary17,Primary18,Primary19,Primary20,Primary21,Primary22,Primary23
6440,9914,7780,84851;Primary1,Primary3,Primary4,Primary5,Primary6,Primary7,Primary8,Primary9,Primary10,Primary11,Primary12,Primary13,Primary14,Primary15,Primary16,Primary17,Primary18,Primary19,Primary20,Primary21,Primary22,Primary23
157310,58524,387882;Primary1,Primary2,Primary3,Primary4,Primary5,Primary6,Primary7,Primary8,Primary9,Primary10,Primary11,Primary13,Primary14,Primary15,Primary16,Primary17,Primary18,Primary19,Primary20,Primary21,Primary22,Primary23
157310,10579,1746,3229;Primary1,Primary2,Primary3,Primary4,Primary5,Primary6,Primary7,Primary8,Primary9,Primary11,Primary12,Primary13,Primary14,Primary15,Primary16,Primary17,Primary18,Primary19,Primary20,Primary21,Primary22,Primary23
157310,3229,1746,3875;Primary1,Primary2,Primary3,Primary4,Primary5,Primary6,Primary7,Primary8,Primary9,Primary10,Primary11,Primary12,Primary13,Primary14,Primary15,Primary17,Primary18,Primary19,Primary20,Primary21,Primary22,Primary23
56892,401492,54997;Primary1,Primary2,Primary3,Primary4,Primary5,Primary7,Primary8,Primary9,Primary10,Primary11,Primary12,Primary13,Primary14,Primary15,Primary16,Primary17,Primary18,Primary19,Primary20,Primary21,Primary22,Primary23
56892,7225,107984406;Primary1,Primary3,Primary4,Primary5,Primary6,Primary7,Primary8,Primary9,Primary10,Primary11,Primary12,Primary13,Primary14,Primary15,Primary16,Primary17,Primary18,Primary19,Primary20,Primary21,Primary22,Primary23
56892,107984406,221395;Primary1,Primary2,Primary3,Primary4,Primary5,Primary6,Primary7,Primary8,Primary9,Primary10,Primary11,Primary12,Primary13,Primary15,Primary16,Primary17,Primary18,Primary19,Primary20,Primary21,Primary22,Primary23
56892,9365;Primary1,Primary2,Primary3,Primary4,Primary5,Primary6,Primary7,Primary8,Primary9,Primary10,Primary11,Primary12,Primary13,Primary15,Primary16,Primary17,Primary18,Primary19,Primary20,Primary21,Primary22,Primary23
56892,57186,107984406;Primary1,Primary2,Primary3,Primary4,Primary5,Primary6,Primary7,Primary8,Primary9,Primary10,Primary11,Primary12,Primary13,Primary15,Primary16,Primary17,Primary18,Primary19,Primary20,Primary21,Primary22,Primary23
56892,6103;Primary2,Primary3,Primary4,Primary5,Primary6,Primary7,Primary8,Primary9,Primary10,Primary11,Primary12,Primary13,Primary14,Primary15,Primary16,Primary17,Primary18,Primary19,Primary20,Primary21,Primary22,Primary23
56892,57477;Primary1,Primary2,Primary3,Primary4,Primary5,Primary6,Primary7,Primary8,Primary9,Primary10,Primary11,Primary12,Primary13,Primary15,Primary16,Primary17,Primary18,Primary19,Primary20,Primary21,Primary22,Primary23
107984125,9356,389376;Primary2,Primary3,Primary4,Primary5,Primary6,Primary7,Primary8,Primary9,Primary10,Primary11,Primary12,Primary13,Primary14,Primary15,Primary16,Primary17,Primary18,Primary19,Primary20,Primary21,Primary22,Primary23
107984125,4629,63924,55808;Primary1,Primary2,Primary3,Primary4,Primary6,Primary7,Primary8,Primary9,Primary10,Primary11,Primary12,Primary13,Primary14,Primary15,Primary16,Primary17,Primary18,Primary19,Primary20,Primary21,Primary22,Primary23
107984125,80004;Primary1,Primary2,Primary3,Primary4,Primary5,Primary6,Primary7,Primary8,Primary9,Primary10,Primary11,Primary12,Primary13,Primary14,Primary15,Primary17,Primary18,Primary19,Primary20,Primary21,Primary22,Primary23
107984125,55808;Primary1,Primary2,Primary3,Primary4,Primary5,Primary6,Primary7,Primary8,Primary9,Primary10,Primary11,Primary12,Primary13,Primary14,Primary15,Primary16,Primary17,Primary18,Primary19,Primary20,Primary21,Primary22,Primary23
107984125,3929;Primary1,Primary2,Primary3,Primary4,Primary5,Primary6,Primary7,Primary8,Primary9,Primary10,Primary11,Primary12,Primary13,Primary14,Primary15,Primary16,Primary17,Primary18,Primary19,Primary21,Primary22,Primary23
195814,58524,277,10071,114569,22943,22941,387882,28984,7080,284111,50964,64073;Primary1,Primary2,Primary3,Primary4,Primary6,Primary7,Primary8,Primary9,Primary10,Primary11,Primary12,Primary13,Primary14,Primary15,Primary16,Primary17,Primary18,Primary19,Primary20,Primary21,Primary22,Primary23
195814,6337,277,10071,9228,114569,83481,22943,22941,28984,7080,284111,64073,4680,112268252;Primary1,Primary2,Primary3,Primary4,Primary5,Primary7,Primary8,Primary9,Primary10,Primary11,Primary12,Primary13,Primary14,Primary15,Primary16,Primary17,Primary18,Primary19,Primary20,Primary21,Primary22,Primary23
195814,9052;Primary1,Primary2,Primary3,Primary4,Primary5,Primary6,Primary7,Primary8,Primary9,Primary10,Primary11,Primary12,Primary13,Primary14,Primary15,Primary16,Primary17,Primary18,Primary19,Primary20,Primary21,Primary22,Primary23
195814,55507;Primary1,Primary2,Primary3,Primary4,Primary5,Primary6,Primary7,Primary8,Primary9,Primary10,Primary11,Primary12,Primary13,Primary14,Primary15,Primary17,Primary18,Primary19,Primary20,Primary21,Primary22,Primary23
195814,3229,10071,114569,22943,22941,28984,7080,999,284111,64073;Primary1,Primary2,Primary3,Primary4,Primary5,Primary6,Primary7,Primary8,Primary9,Primary10,Primary11,Primary12,Primary13,Primary14,Primary15,Primary16,Primary17,Primary18,Primary19,Primary20,Primary21,Primary22,Primary23
195814,387882,277,10071,9228,114569,22943,22941,28984,7080,284111,50964,64073;Primary1,Primary2,Primary3,Primary4,Primary5,Primary6,Primary8,Primary9,Primary10,Primary11,Primary12,Primary13,Primary14,Primary15,Primary16,Primary17,Primary18,Primary19,Primary20,Primary21,Primary22,Primary23
195814,644649;Primary1,Primary2,Primary3,Primary4,Primary5,Primary6,Primary7,Primary8,Primary9,Primary10,Primary11,Primary12,Primary13,Primary14,Primary16,Primary17,Primary18,Primary19,Primary20,Primary21,Primary22,Primary23
195814,50964,10071,114569,22943,22941,3229,28984,7080,284111,64073;Primary1,Primary2,Primary3,Primary4,Primary5,Primary6,Primary7,Primary8,Primary9,Primary10,Primary11,Primary12,Primary13,Primary14,Primary15,Primary16,Primary17,Primary18,Primary19,Primary20,Primary21,Primary22,Primary23
195814,5349,277,10071,9228,114569,22943,22941,6337,28984,7080,284111,50964,64073,4680,112268252;Primary1,Primary2,Primary3,Primary4,Primary5,Primary7,Primary8,Primary9,Primary10,Primary11,Primary12,Primary13,Primary14,Primary15,Primary16,Primary17,Primary18,Primary19,Primary20,Primary21,Primary22,Primary23
137872,259294,107984498;Primary1,Primary2,Primary3,Primary4,Primary5,Primary6,Primary7,Primary8,Primary9,Primary10,Primary11,Primary12,Primary13,Primary14,Primary15,Primary16,Primary17,Primary18,Primary19,Primary20,Primary21,Primary22,Primary23
137872,113218482,1580,105372793,2277;Primary1,Primary2,Primary3,Primary5,Primary6,Primary7,Primary8,Primary9,Primary10,Primary11,Primary12,Primary13,Primary14,Primary15,Primary16,Primary17,Primary18,Primary19,Primary20,Primary21,Primary22,Primary23
137872,825,541473;Primary1,Primary2,Primary3,Primary5,Primary6,Primary7,Primary8,Primary9,Primary10,Primary11,Primary12,Primary13,Primary14,Primary15,Primary16,Primary17,Primary18,Primary19,Primary20,Primary21,Primary22,Primary23
137872,94025,107984498,103504738,79818;Primary1,Primary2,Primary3,Primary4,Primary5,Primary6,Primary7,Primary8,Primary9,Primary10,Primary11,Primary12,Primary13,Primary14,Primary15,Primary16,Primary17,Primary18,Primary19,Primary20,Primary21,Primary22,Primary23
137872,7620,107984498,94025,100529240;Primary1,Primary2,Primary3,Primary4,Primary5,Primary6,Primary7,Primary8,Primary9,Primary10,Primary11,Primary12,Primary13,Primary14,Primary15,Primary16,Primary17,Primary18,Primary19,Primary20,Primary21,Primary23
137872,100529240,107984498,103504738,94025,79818;Primary1,Primary2,Primary3,Primary4,Primary5,Primary6,Primary7,Primary8,Primary9,Primary10,Primary11,Primary12,Primary13,Primary14,Primary15,Primary16,Primary17,Primary18,Primary19,Primary20,Primary21,Primary23
79848,143884;Primary1,Primary2,Primary3,Primary4,Primary5,Primary7,Primary8,Primary9,Primary10,Primary11,Primary12,Primary13,Primary14,Primary15,Primary16,Primary17,Primary18,Primary19,Primary20,Primary21,Primary22,Primary23
79848,688;Primary1,Primary2,Primary3,Primary4,Primary5,Primary6,Primary7,Primary8,Primary9,Primary10,Primary11,Primary12,Primary13,Primary15,Primary16,Primary17,Primary18,Primary19,Primary20,Primary21,Primary22,Primary23
646480,79977,727897,218;Primary1,Primary2,Primary3,Primary4,Primary5,Primary6,Primary7,Primary8,Primary9,Primary10,Primary11,Primary12,Primary13,Primary14,Primary15,Primary16,Primary17,Primary18,Primary20,Primary21,Primary22,Primary23
646480,9356,85349,1770,218;Primary1,Primary2,Primary3,Primary4,Primary5,Primary6,Primary7,Primary8,Primary9,Primary10,Primary11,Primary12,Primary13,Primary14,Primary15,Primary17,Primary18,Primary19,Primary20,Primary21,Primary22,Primary23
646480,6532,6496,727897,85349,1770,218,11254;Primary1,Primary2,Primary3,Primary4,Primary5,Primary6,Primary7,Primary9,Primary10,Primary11,Primary12,Primary13,Primary14,Primary15,Primary16,Primary17,Primary18,Primary19,Primary20,Primary21,Primary22,Primary23
646480,8313,117156,218;Primary1,Primary2,Primary3,Primary4,Primary5,Primary6,Primary7,Primary8,Primary9,Primary10,Primary11,Primary12,Primary14,Primary15,Primary16,Primary17,Primary18,Primary19,Primary20,Primary21,Primary22,Primary23
79977,23562;Primary1,Primary2,Primary4,Primary5,Primary6,Primary7,Primary8,Primary9,Primary10,Primary11,Primary12,Primary13,Primary14,Primary15,Primary16,Primary17,Primary18,Primary19,Primary20,Primary21,Primary22,Primary23
100506753,112577518;Primary1,Primary2,Primary4,Primary5,Primary6,Primary7,Primary8,Primary9,Primary10,Primary11,Primary12,Primary13,Primary14,Primary15,Primary16,Primary17,Primary18,Primary19,Primary20,Primary21,Primary22,Primary23
9699,4062;Primary1,Primary2,Primary3,Primary4,Primary5,Primary6,Primary7,Primary8,Primary9,Primary10,Primary11,Primary12,Primary13,Primary14,Primary15,Primary16,Primary17,Primary18,Primary19,Primary20,Primary21,Primary22,Primary23
9699,9118;Primary1,Primary2,Primary3,Primary4,Primary5,Primary6,Primary7,Primary8,Primary9,Primary10,Primary11,Primary12,Primary13,Primary15,Primary16,Primary17,Primary18,Primary19,Primary20,Primary21,Primary22,Primary23
9699,767567,81832;Primary1,Primary2,Primary3,Primary4,Primary5,Primary6,Primary7,Primary8,Primary9,Primary10,Primary11,Primary12,Primary13,Primary14,Primary15,Primary16,Primary17,Primary18,Primary19,Primary21,Primary22,Primary23
9699,3929;Primary1,Primary2,Primary3,Primary4,Primary5,Primary6,Primary7,Primary8,Primary9,Primary10,Primary11,Primary12,Primary13,Primary15,Primary16,Primary17,Primary18,Primary19,Primary20,Primary21,Primary22,Primary23
9699,5625;Primary1,Primary2,Primary3,Primary4,Primary5,Primary6,Primary7,Primary8,Primary9,Primary10,Primary11,Primary12,Primary13,Primary15,Primary16,Primary17,Primary18,Primary19,Primary20,Primary21,Primary22,Primary23
93035,3434,28824;Primary1,Primary2,Primary3,Primary4,Primary5,Primary6,Primary7,Primary8,Primary9,Primary10,Primary11,Primary12,Primary13,Primary14,Primary15,Primary16,Primary17,Primary18,Primary19,Primary20,Primary21,Primary22,Primary23
93035,5787,8537;Primary1,Primary2,Primary3,Primary4,Primary5,Primary6,Primary7,Primary8,Primary9,Primary10,Primary11,Primary12,Primary13,Primary14,Primary15,Primary17,Primary18,Primary19,Primary20,Primary21,Primary22,Primary23
93035,10129,4585;Primary1,Primary3,Primary4,Primary5,Primary6,Primary7,Primary8,Primary9,Primary10,Primary11,Primary12,Primary13,Primary14,Primary15,Primary16,Primary17,Primary18,Primary19,Primary20,Primary21,Primary22,Primary23
93035,1556,1999,10129;Primary1,Primary2,Primary3,Primary4,Primary6,Primary7,Primary8,Primary9,Primary10,Primary11,Primary12,Primary13,Primary14,Primary15,Primary16,Primary17,Primary18,Primary19,Primary20,Primary21,Primary22,Primary23
93035,7113,4585;Primary2,Primary3,Primary4,Primary5,Primary6,Primary7,Primary8,Primary9,Primary10,Primary11,Primary12,Primary13,Primary14,Primary15,Primary16,Primary17,Primary18,Primary19,Primary20,Primary21,Primary22,Primary23
93035,26226,1043,1906,4629,28824;Primary1,Primary2,Primary3,Primary4,Primary5,Primary7,Primary8,Primary9,Primary10,Primary11,Primary12,Primary13,Primary14,Primary15,Primary16,Primary17,Primary18,Primary19,Primary20,Primary21,Primary22,Primary23
114569,100302161,57530,56896,100419743,5225,11081,160728,246,388327,284111,27134,4861;Primary1,Primary2,Primary3,Primary4,Primary5,Primary6,Primary7,Primary8,Primary9,Primary10,Primary11,Primary12,Primary13,Primary14,Primary16,Primary17,Primary18,Primary19,Primary20,Primary21,Primary22,Primary23
114569,1515,56896,100419743,100302161,11081,21;Primary1,Primary2,Primary3,Primary4,Primary5,Primary6,Primary7,Primary8,Primary9,Primary10,Primary11,Primary12,Primary13,Primary14,Primary16,Primary17,Primary18,Primary19,Primary20,Primary21,Primary22,Primary23
114569,399726,57530,56896,100419743,11081,160728,246,388327,27134;Primary1,Primary2,Primary3,Primary4,Primary5,Primary6,Primary7,Primary8,Primary9,Primary10,Primary11,Primary12,Primary13,Primary14,Primary16,Primary17,Primary18,Primary19,Primary20,Primary21,Primary22,Primary23
114569,9118,56896,100419743,1515,7080;Primary1,Primary2,Primary3,Primary4,Primary5,Primary6,Primary7,Primary8,Primary9,Primary10,Primary11,Primary12,Primary13,Primary14,Primary16,Primary17,Primary18,Primary19,Primary20,Primary21,Primary22,Primary23
114569,10579,22943,729238,22941,3229,28984,7080,284111,64073;Primary1,Primary2,Primary3,Primary4,Primary5,Primary6,Primary7,Primary9,Primary10,Primary11,Primary12,Primary13,Primary14,Primary15,Primary16,Primary17,Primary18,Primary19,Primary20,Primary21,Primary22,Primary23
114569,100033436,116228,10071,9228,7080;Primary1,Primary2,Primary3,Primary4,Primary5,Primary6,Primary7,Primary8,Primary9,Primary11,Primary12,Primary13,Primary14,Primary15,Primary16,Primary17,Primary18,Primary19,Primary20,Primary21,Primary22,Primary23
114569,79838,58524,22943,22941,3229,7080,284111,64073;Primary1,Primary2,Primary3,Primary4,Primary5,Primary6,Primary7,Primary8,Primary9,Primary10,Primary11,Primary12,Primary14,Primary15,Primary16,Primary17,Primary18,Primary19,Primary20,Primary21,Primary22,Primary23
114569,999,277,10071,9228,22943,22941,28984,7080,284111,64073,6473;Primary1,Primary2,Primary3,Primary4,Primary5,Primary6,Primary7,Primary8,Primary9,Primary10,Primary11,Primary12,Primary13,Primary14,Primary15,Primary16,Primary17,Primary18,Primary19,Primary20,Primary21,Primary22,Primary23
114569,3909,277,10071,9228,22943,22941,7080,999,284111,64073,6473;Primary1,Primary2,Primary3,Primary4,Primary5,Primary6,Primary7,Primary8,Primary9,Primary10,Primary11,Primary12,Primary13,Primary14,Primary15,Primary16,Primary17,Primary18,Primary19,Primary21,Primary22,Primary23
114569,3780,56896,100419743,1515,399726,7080;Primary1,Primary2,Primary3,Primary4,Primary5,Primary6,Primary7,Primary8,Primary9,Primary10,Primary11,Primary12,Primary13,Primary14,Primary16,Primary17,Primary18,Primary19,Primary20,Primary21,Primary22,Primary23
114569,5349,276,277,10071,9228,22943,22941,6337,28984,284111,64073,4680,112268252;Primary1,Primary2,Primary3,Primary4,Primary5,Primary7,Primary8,Primary9,Primary10,Primary11,Primary12,Primary13,Primary14,Primary15,Primary16,Primary17,Primary18,Primary19,Primary20,Primary21,Primary22,Primary23
114569,3960,58524,22943,22941,28984,7080,999,284111,64073,6473;Primary1,Primary2,Primary3,Primary4,Primary5,Primary6,Primary7,Primary8,Primary9,Primary10,Primary11,Primary12,Primary13,Primary14,Primary15,Primary16,Primary17,Primary18,Primary19,Primary20,Primary21,Primary22,Primary23
641384,22941,776;Primary1,Primary2,Primary3,Primary4,Primary5,Primary6,Primary7,Primary8,Primary9,Primary10,Primary11,Primary12,Primary13,Primary14,Primary16,Primary17,Primary18,Primary19,Primary20,Primary21,Primary22,Primary23
641384,341676;Primary2,Primary3,Primary4,Primary5,Primary6,Primary7,Primary8,Primary9,Primary10,Primary11,Primary12,Primary13,Primary14,Primary15,Primary16,Primary17,Primary18,Primary19,Primary20,Primary21,Primary22,Primary23
641384,440352,6332,33,102723849,100652781,503645;Primary1,Primary2,Primary3,Primary4,Primary5,Primary6,Primary7,Primary9,Primary10,Primary11,Primary12,Primary13,Primary14,Primary15,Primary16,Primary17,Primary18,Primary19,Primary20,Primary21,Primary22,Primary23
641384,503640,6332,200879,120892,100652781,503645,284434,6523;Primary1,Primary2,Primary3,Primary4,Primary5,Primary6,Primary7,Primary9,Primary10,Primary11,Primary12,Primary13,Primary14,Primary15,Primary16,Primary17,Primary18,Primary19,Primary20,Primary21,Primary22,Primary23
100302161,100033430,57530,56896,100419743,5225,11081,160728,246,27134;Primary1,Primary2,Primary3,Primary4,Primary5,Primary6,Primary8,Primary9,Primary10,Primary11,Primary12,Primary13,Primary14,Primary15,Primary16,Primary17,Primary18,Primary19,Primary20,Primary21,Primary22,Primary23
100302161,1381,57530,56896,100419743,5225,11081,160728,246,27134;Primary1,Primary2,Primary3,Primary4,Primary5,Primary6,Primary7,Primary8,Primary9,Primary10,Primary11,Primary13,Primary14,Primary15,Primary16,Primary17,Primary18,Primary19,Primary20,Primary21,Primary22,Primary23
100302161,21,56896,100419743,5225,114569,11081,160728,246,284111,27134;Primary1,Primary2,Primary3,Primary4,Primary5,Primary6,Primary7,Primary8,Primary9,Primary10,Primary11,Primary12,Primary13,Primary14,Primary16,Primary17,Primary18,Primary19,Primary20,Primary21,Primary22,Primary23
100302161,253982,56896,100419743,5225,11081,160728,100033430,246,27134,4861;Primary1,Primary2,Primary3,Primary4,Primary5,Primary6,Primary8,Primary9,Primary10,Primary11,Primary12,Primary13,Primary14,Primary15,Primary16,Primary17,Primary18,Primary19,Primary20,Primary21,Primary22,Primary23
100302161,388327,57530,56896,100419743,5225,11081,160728,246,27134;Primary1,Primary2,Primary3,Primary5,Primary6,Primary7,Primary8,Primary9,Primary10,Primary11,Primary12,Primary13,Primary14,Primary15,Primary16,Primary17,Primary18,Primary19,Primary20,Primary21,Primary22,Primary23
100302161,3780,56896,100419743,11081;Primary1,Primary2,Primary3,Primary4,Primary5,Primary6,Primary7,Primary8,Primary9,Primary10,Primary12,Primary13,Primary14,Primary15,Primary16,Primary17,Primary18,Primary19,Primary20,Primary21,Primary22,Primary23
100302170,160728,5225,246,4861;Primary1,Primary2,Primary3,Primary4,Primary5,Primary7,Primary8,Primary9,Primary10,Primary11,Primary12,Primary13,Primary14,Primary15,Primary16,Primary17,Primary18,Primary19,Primary20,Primary21,Primary22,Primary23
100302170,440352,105373265,33,201625,11148,645843,102723849,100652781;Primary1,Primary2,Primary3,Primary4,Primary5,Primary6,Primary7,Primary9,Primary10,Primary11,Primary12,Primary13,Primary14,Primary15,Primary16,Primary17,Primary18,Primary19,Primary20,Primary21,Primary22,Primary23
100302170,253982,5225,4861;Primary1,Primary2,Primary3,Primary4,Primary5,Primary7,Primary8,Primary9,Primary10,Primary11,Primary12,Primary13,Primary14,Primary15,Primary16,Primary17,Primary18,Primary19,Primary20,Primary21,Primary22,Primary23
100302170,3880;Primary1,Primary2,Primary3,Primary4,Primary5,Primary6,Primary8,Primary9,Primary10,Primary11,Primary12,Primary13,Primary14,Primary15,Primary16,Primary17,Primary18,Primary19,Primary20,Primary21,Primary22,Primary23
102723635,65998,767567;Primary1,Primary2,Primary3,Primary4,Primary5,Primary7,Primary8,Primary9,Primary10,Primary11,Primary12,Primary13,Primary14,Primary15,Primary16,Primary17,Primary18,Primary19,Primary20,Primary21,Primary22,Primary23
102723635,767566,767567;Primary1,Primary2,Primary3,Primary4,Primary5,Primary7,Primary8,Primary9,Primary10,Primary11,Primary12,Primary13,Primary14,Primary15,Primary16,Primary17,Primary18,Primary19,Primary20,Primary21,Primary22,Primary23
102723635,767567;Primary1,Primary2,Primary3,Primary4,Primary5,Primary6,Primary7,Primary8,Primary9,Primary10,Primary11,Primary12,Primary13,Primary14,Primary15,Primary16,Primary17,Primary18,Primary19,Primary20,Primary21,Primary22,Primary23
102723635,724026;Primary1,Primary2,Primary3,Primary4,Primary6,Primary7,Primary8,Primary9,Primary10,Primary11,Primary12,Primary13,Primary14,Primary15,Primary16,Primary17,Primary18,Primary19,Primary20,Primary21,Primary22,Primary23
102723635,5694;Primary1,Primary2,Primary3,Primary4,Primary5,Primary6,Primary7,Primary8,Primary9,Primary10,Primary11,Primary12,Primary13,Primary14,Primary15,Primary16,Primary17,Primary18,Primary19,Primary20,Primary21,Primary22,Primary23
100133669,128602,2537,128218,632,654433,1555;Primary1,Primary2,Primary3,Primary4,Primary5,Primary6,Primary8,Primary9,Primary10,Primary11,Primary12,Primary13,Primary14,Primary15,Primary16,Primary17,Primary18,Primary19,Primary20,Primary21,Primary22,Primary23
100133669,89765,2537,632,654433,285429,390083,196335,24150,1555;Primary1,Primary2,Primary3,Primary4,Primary5,Primary6,Primary8,Primary9,Primary10,Primary11,Primary12,Primary13,Primary14,Primary15,Primary16,Primary17,Primary18,Primary19,Primary20,Primary21,Primary22,Primary23
4062,222389,255928,7546,57524,8153,3780;Primary1,Primary2,Primary3,Primary4,Primary5,Primary6,Primary7,Primary8,Primary9,Primary10,Primary11,Primary12,Primary13,Primary14,Primary15,Primary16,Primary17,Primary18,Primary19,Primary21,Primary22,Primary23
4062,399726,7203,1515,57524,8153,3780;Primary1,Primary2,Primary3,Primary4,Primary5,Primary6,Primary7,Primary8,Primary9,Primary10,Primary11,Primary12,Primary13,Primary14,Primary15,Primary16,Primary17,Primary18,Primary19,Primary21,Primary22,Primary23
4062,9118;Primary1,Primary2,Primary3,Primary4,Primary5,Primary6,Primary7,Primary8,Primary9,Primary10,Primary11,Primary12,Primary13,Primary14,Primary16,Primary17,Primary18,Primary19,Primary20,Primary21,Primary22,Primary23
4062,1132;Primary1,Primary2,Primary3,Primary5,Primary6,Primary7,Primary8,Primary9,Primary10,Primary11,Primary12,Primary13,Primary14,Primary15,Primary16,Primary17,Primary18,Primary19,Primary20,Primary21,Primary22,Primary23
4062,7356;Primary1,Primary2,Primary3,Primary4,Primary5,Primary6,Primary7,Primary8,Primary9,Primary10,Primary11,Primary13,Primary14,Primary15,Primary16,Primary17,Primary18,Primary19,Primary20,Primary21,Primary22,Primary23
4062,64137,81615;Primary1,Primary2,Primary3,Primary4,Primary5,Primary6,Primary7,Primary8,Primary9,Primary10,Primary11,Primary12,Primary14,Primary15,Primary16,Primary17,Primary18,Primary19,Primary20,Primary21,Primary22,Primary23
4062,2627,10568,7060,1028,1381,57524;Primary1,Primary2,Primary3,Primary4,Primary5,Primary6,Primary7,Primary8,Primary9,Primary10,Primary11,Primary12,Primary13,Primary14,Primary15,Primary16,Primary17,Primary18,Primary19,Primary21,Primary22,Primary23
4062,3929,9699;Primary1,Primary2,Primary3,Primary4,Primary5,Primary6,Primary7,Primary8,Primary9,Primary10,Primary11,Primary13,Primary14,Primary15,Primary16,Primary17,Primary18,Primary19,Primary20,Primary21,Primary22,Primary23
4062,5625;Primary1,Primary2,Primary3,Primary4,Primary5,Primary6,Primary7,Primary8,Primary9,Primary10,Primary11,Primary13,Primary14,Primary15,Primary16,Primary17,Primary18,Primary19,Primary20,Primary21,Primary22,Primary23
83481,50964,54897,10071,9228,114569,22943,22941,28984,7080,284111,64073;Primary1,Primary2,Primary3,Primary4,Primary6,Primary7,Primary8,Primary9,Primary10,Primary11,Primary12,Primary13,Primary14,Primary15,Primary16,Primary17,Primary18,Primary19,Primary20,Primary21,Primary22,Primary23
83481,6473,277,10071,9228,114569,22943,22941,28984,7080,284111,64073;Primary1,Primary2,Primary3,Primary4,Primary5,Primary6,Primary7,Primary8,Primary9,Primary10,Primary12,Primary13,Primary14,Primary15,Primary16,Primary17,Primary18,Primary19,Primary20,Primary21,Primary22,Primary23
58524,401492;Primary1,Primary2,Primary3,Primary4,Primary5,Primary6,Primary7,Primary8,Primary9,Primary10,Primary11,Primary12,Primary13,Primary14,Primary16,Primary17,Primary18,Primary19,Primary20,Primary21,Primary22,Primary23
58524,138428,10071,114569,22943,22941,7080,284111,50964,64073;Primary1,Primary2,Primary3,Primary4,Primary5,Primary6,Primary7,Primary8,Primary9,Primary10,Primary11,Primary12,Primary13,Primary14,Primary15,Primary16,Primary17,Primary19,Primary20,Primary21,Primary22,Primary23
58524,83643,10071,114569,22943,729238,22941,3229,387882,28984,7080,284111,64073,6473;Primary1,Primary2,Primary3,Primary4,Primary5,Primary6,Primary7,Primary8,Primary9,Primary10,Primary11,Primary12,Primary13,Primary14,Primary15,Primary16,Primary17,Primary18,Primary20,Primary21,Primary22,Primary23
58524,10579,277,10071,114569,22943,22941,3229,387882,28984,7080,284111,64073,6473;Primary1,Primary2,Primary3,Primary4,Primary5,Primary6,Primary7,Primary8,Primary9,Primary10,Primary11,Primary13,Primary14,Primary15,Primary16,Primary17,Primary18,Primary19,Primary20,Primary21,Primary22,Primary23
58524,3875,1746,10071,114569,22943,22941,3229,7080,284111,64073;Primary1,Primary2,Primary3,Primary4,Primary5,Primary6,Primary7,Primary8,Primary9,Primary10,Primary11,Primary13,Primary14,Primary15,Primary16,Primary17,Primary18,Primary19,Primary20,Primary21,Primary22,Primary23
58524,5346,277,10071,9228,114569,22943,22941,387882,28984,7080,284111,50964,64073;Primary2,Primary3,Primary4,Primary5,Primary6,Primary7,Primary8,Primary9,Primary10,Primary11,Primary12,Primary13,Primary14,Primary15,Primary16,Primary17,Primary18,Primary19,Primary20,Primary21,Primary22,Primary23
58524,21,10071,114569,22943,729238,22941,3229,387882,28984,7080,284111,64073;Primary1,Primary2,Primary3,Primary4,Primary5,Primary6,Primary7,Primary9,Primary10,Primary11,Primary12,Primary13,Primary14,Primary15,Primary16,Primary17,Primary18,Primary19,Primary20,Primary21,Primary22,Primary23
58524,80004,388323;Primary1,Primary2,Primary3,Primary4,Primary5,Primary6,Primary7,Primary8,Primary9,Primary10,Primary11,Primary12,Primary13,Primary14,Primary15,Primary16,Primary17,Primary18,Primary19,Primary20,Primary21,Primary22
58524,999,277,10071,114569,22943,22941,28984,7080,284111,64073,6473;Primary1,Primary2,Primary3,Primary4,Primary5,Primary6,Primary7,Primary8,Primary9,Primary10,Primary11,Primary12,Primary13,Primary14,Primary15,Primary16,Primary17,Primary18,Primary19,Primary20,Primary21,Primary22,Primary23
58524,388323;Primary1,Primary2,Primary3,Primary4,Primary5,Primary6,Primary7,Primary8,Primary9,Primary10,Primary11,Primary12,Primary13,Primary14,Primary15,Primary16,Primary17,Primary18,Primary19,Primary20,Primary21,Primary22,Primary23
58524,3909,22943,22941,999,284111,64073;Primary1,Primary2,Primary3,Primary4,Primary5,Primary6,Primary7,Primary8,Primary9,Primary10,Primary11,Primary12,Primary13,Primary14,Primary15,Primary16,Primary17,Primary18,Primary19,Primary20,Primary21,Primary22,Primary23
58524,5349,277,10071,9228,114569,22943,22941,28984,7080,999,284111,50964,64073,4680,112268252;Primary1,Primary2,Primary3,Primary4,Primary5,Primary7,Primary8,Primary9,Primary10,Primary11,Primary12,Primary13,Primary14,Primary15,Primary16,Primary17,Primary18,Primary19,Primary20,Primary21,Primary22,Primary23
58524,6473,277,10071,114569,22943,22941,387882,28984,7080,284111,64073;Primary1,Primary2,Primary3,Primary4,Primary5,Primary6,Primary7,Primary8,Primary9,Primary10,Primary11,Primary12,Primary13,Primary14,Primary15,Primary16,Primary17,Primary18,Primary19,Primary20,Primary21,Primary22,Primary23
6505,286207,54897,10071,114569,138428,22943,22941,284111,50964,64073;Primary1,Primary2,Primary3,Primary4,Primary5,Primary6,Primary8,Primary9,Primary10,Primary11,Primary12,Primary13,Primary14,Primary15,Primary16,Primary17,Primary18,Primary19,Primary20,Primary21,Primary22,Primary23
6505,89,155465,6440;Primary1,Primary2,Primary3,Primary4,Primary5,Primary6,Primary7,Primary8,Primary9,Primary10,Primary11,Primary12,Primary13,Primary14,Primary16,Primary17,Primary18,Primary19,Primary20,Primary21,Primary22,Primary23
6505,7080,54897,10071,9228,114569,22943,22941,284111,50964,64073;Primary1,Primary2,Primary3,Primary4,Primary5,Primary6,Primary8,Primary9,Primary10,Primary11,Primary12,Primary13,Primary14,Primary15,Primary16,Primary17,Primary18,Primary19,Primary20,Primary21,Primary22,Primary23
6505,100033436,57575,21;Primary1,Primary2,Primary3,Primary4,Primary5,Primary6,Primary8,Primary9,Primary10,Primary11,Primary12,Primary13,Primary14,Primary15,Primary16,Primary17,Primary18,Primary19,Primary20,Primary21,Primary22,Primary23
6505,55930,55567;Primary1,Primary2,Primary3,Primary4,Primary5,Primary6,Primary7,Primary8,Primary9,Primary10,Primary11,Primary12,Primary13,Primary14,Primary15,Primary16,Primary17,Primary18,Primary19,Primary20,Primary21,Primary22,Primary23
6505,5349,55930,55567;Primary1,Primary2,Primary3,Primary4,Primary5,Primary7,Primary8,Primary9,Primary10,Primary11,Primary12,Primary13,Primary14,Primary15,Primary16,Primary17,Primary18,Primary19,Primary20,Primary21,Primary22,Primary23
401492,2619;Primary1,Primary2,Primary3,Primary4,Primary5,Primary6,Primary7,Primary8,Primary9,Primary10,Primary11,Primary12,Primary13,Primary15,Primary16,Primary17,Primary18,Primary19,Primary20,Primary21,Primary22,Primary23
401492,54997;Primary1,Primary2,Primary3,Primary4,Primary5,Primary6,Primary7,Primary8,Primary9,Primary10,Primary11,Primary12,Primary13,Primary14,Primary15,Primary16,Primary17,Primary18,Primary19,Primary20,Primary21,Primary22,Primary23
595135,112577518,117156,646480,85349,1770,218;Primary1,Primary2,Primary3,Primary4,Primary5,Primary6,Primary8,Primary9,Primary10,Primary11,Primary12,Primary13,Primary14,Primary15,Primary16,Primary17,Primary18,Primary19,Primary20,Primary21,Primary22,Primary23
595135,55329,692058;Primary1,Primary2,Primary3,Primary5,Primary6,Primary7,Primary8,Primary9,Primary10,Primary11,Primary12,Primary13,Primary14,Primary15,Primary16,Primary17,Primary18,Primary19,Primary20,Primary21,Primary22,Primary23
595135,677831;Primary1,Primary2,Primary3,Primary5,Primary6,Primary7,Primary8,Primary9,Primary10,Primary11,Primary12,Primary13,Primary14,Primary15,Primary16,Primary17,Primary18,Primary19,Primary20,Primary21,Primary22,Primary23
595135,11254,117156,646480,112577518,85349,1770,218;Primary1,Primary2,Primary3,Primary4,Primary5,Primary6,Primary7,Primary8,Primary9,Primary10,Primary11,Primary12,Primary13,Primary14,Primary15,Primary16,Primary17,Primary18,Primary19,Primary20,Primary21,Primary22
595135,102723382,117156,646480,1770,218;Primary1,Primary2,Primary3,Primary4,Primary5,Primary7,Primary8,Primary9,Primary10,Primary11,Primary12,Primary13,Primary14,Primary15,Primary16,Primary17,Primary18,Primary19,Primary20,Primary21,Primary22,Primary23
8395,103504738,115019,55289,256076,84525,1040,353189;Primary1,Primary2,Primary3,Primary4,Primary5,Primary6,Primary7,Primary9,Primary10,Primary11,Primary12,Primary13,Primary14,Primary15,Primary16,Primary17,Primary18,Primary19,Primary20,Primary21,Primary22,Primary23
8395,361,115019,84525,107985317;Primary1,Primary2,Primary3,Primary4,Primary5,Primary6,Primary7,Primary8,Primary9,Primary10,Primary11,Primary12,Primary13,Primary14,Primary15,Primary16,Primary17,Primary18,Primary19,Primary20,Primary21,Primary22,Primary23
102724057,728643,79098,406969,388743,105373265,112268422,33,4057,201625,11148,131873,645843,200879,306,641776,102723849,3856,113218482,112268252,105372793,6523;Primary1,Primary3,Primary4,Primary5,Primary6,Primary7,Primary8,Primary9,Primary10,Primary11,Primary12,Primary13,Primary14,Primary15,Primary16,Primary17,Primary18,Primary19,Primary20,Primary21,Primary22,Primary23
102724057,26298,259290;Primary1,Primary2,Primary3,Primary4,Primary5,Primary7,Primary8,Primary9,Primary10,Primary11,Primary12,Primary13,Primary14,Primary15,Primary16,Primary17,Primary18,Primary19,Primary20,Primary21,Primary22,Primary23
102724057,619383,105180391;Primary1,Primary3,Primary4,Primary5,Primary6,Primary7,Primary8,Primary9,Primary10,Primary11,Primary12,Primary13,Primary14,Primary15,Primary16,Primary17,Primary18,Primary19,Primary20,Primary21,Primary22,Primary23
102724057,7225,4317;Primary2,Primary3,Primary4,Primary5,Primary6,Primary7,Primary8,Primary9,Primary10,Primary11,Primary12,Primary13,Primary14,Primary15,Primary16,Primary17,Primary18,Primary19,Primary20,Primary21,Primary22,Primary23
102724057,4317,259290;Primary1,Primary2,Primary3,Primary4,Primary5,Primary6,Primary7,Primary8,Primary9,Primary10,Primary11,Primary12,Primary13,Primary14,Primary15,Primary16,Primary17,Primary18,Primary19,Primary20,Primary21,Primary22,Primary23
102724057,649946;Primary2,Primary3,Primary4,Primary5,Primary6,Primary7,Primary8,Primary9,Primary10,Primary11,Primary12,Primary13,Primary14,Primary15,Primary16,Primary17,Primary18,Primary19,Primary20,Primary21,Primary22,Primary23
102724057,6337,79098,406969,388743,11148,645843,641776,105180391,102723849,3856,112268252;Primary1,Primary3,Primary4,Primary5,Primary6,Primary7,Primary8,Primary9,Primary10,Primary11,Primary12,Primary13,Primary14,Primary15,Primary16,Primary17,Primary18,Primary19,Primary20,Primary21,Primary22,Primary23
102724057,5349,388743,641776,105180391,6337;Primary1,Primary3,Primary4,Primary5,Primary6,Primary7,Primary8,Primary9,Primary10,Primary11,Primary12,Primary13,Primary14,Primary15,Primary16,Primary17,Primary18,Primary19,Primary20,Primary21,Primary22,Primary23
102724057,4680,79098,406969,388743,4057,11148,645843,200879,728643,3856,113218482,112268252,6523;Primary1,Primary3,Primary4,Primary5,Primary6,Primary7,Primary8,Primary9,Primary10,Primary11,Primary12,Primary13,Primary14,Primary15,Primary16,Primary17,Primary18,Primary19,Primary20,Primary21,Primary22,Primary23
102724057,2277,79098,406969,105373265,112268422,33,4057,201625,11148,131873,645843,200879,306,641776,105180391,102723849,3856,113218482,112268252,105372793,6523;Primary1,Primary3,Primary4,Primary5,Primary6,Primary7,Primary8,Primary9,Primary10,Primary11,Primary12,Primary13,Primary14,Primary15,Primary16,Primary17,Primary18,Primary19,Primary20,Primary21,Primary22,Primary23
102724057,102723508,79098,105373265,112268422,4057,201625,11148,131873,200879,306,728643,3856,113218482,112268252,105372793,2277,102466759;Primary1,Primary3,Primary4,Primary5,Primary6,Primary7,Primary8,Primary9,Primary10,Primary11,Primary12,Primary13,Primary14,Primary15,Primary16,Primary17,Primary18,Primary19,Primary20,Primary21,Primary22,Primary23
102724057,102466759,79098,105373265,112268422,4057,201625,11148,131873,200879,306,102723849,728643,3856,113218482,112268252,105372793,6523,2277;Primary1,Primary3,Primary4,Primary5,Primary6,Primary7,Primary8,Primary9,Primary10,Primary11,Primary12,Primary13,Primary14,Primary15,Primary16,Primary17,Primary18,Primary19,Primary20,Primary21,Primary22,Primary23
2619,81832,100423031;Primary1,Primary2,Primary3,Primary4,Primary5,Primary6,Primary7,Primary8,Primary9,Primary10,Primary12,Primary13,Primary14,Primary15,Primary16,Primary17,Primary18,Primary19,Primary20,Primary21,Primary22,Primary23
2619,4606;Primary1,Primary2,Primary3,Primary4,Primary5,Primary6,Primary7,Primary8,Primary9,Primary10,Primary11,Primary12,Primary13,Primary14,Primary15,Primary16,Primary17,Primary18,Primary19,Primary20,Primary21,Primary22
54769,140766,1513,200407,1152,6354,284266,54,10331,2696,164312,1471,4318,109729184;Primary1,Primary2,Primary3,Primary4,Primary5,Primary6,Primary7,Primary8,Primary9,Primary10,Primary11,Primary12,Primary13,Primary14,Primary15,Primary16,Primary18,Primary19,Primary20,Primary21,Primary22,Primary23
54769,9356,1513,54,10331;Primary1,Primary2,Primary3,Primary4,Primary5,Primary6,Primary7,Primary8,Primary9,Primary10,Primary11,Primary12,Primary13,Primary14,Primary15,Primary16,Primary17,Primary18,Primary19,Primary20,Primary21,Primary22
54769,29895,1152,2696,164312,109729184;Primary1,Primary2,Primary3,Primary4,Primary5,Primary6,Primary7,Primary8,Primary9,Primary10,Primary11,Primary12,Primary13,Primary14,Primary15,Primary16,Primary18,Primary19,Primary20,Primary21,Primary22,Primary23
54769,107985317;Primary1,Primary2,Primary3,Primary5,Primary6,Primary7,Primary8,Primary9,Primary10,Primary11,Primary12,Primary13,Primary14,Primary15,Primary16,Primary17,Primary18,Primary19,Primary20,Primary21,Primary22,Primary23
54769,92086;Primary1,Primary2,Primary3,Primary4,Primary5,Primary6,Primary7,Primary8,Primary9,Primary10,Primary11,Primary12,Primary13,Primary14,Primary16,Primary17,Primary18,Primary19,Primary20,Primary21,Primary22,Primary23
1515,5545,56896,100419743,7060,4892,1028,7546,57524,8153,4222,3780,340596;Primary1,Primary2,Primary3,Primary4,Primary5,Primary6,Primary7,Primary9,Primary10,Primary11,Primary12,Primary13,Primary14,Primary15,Primary16,Primary17,Primary18,Primary19,Primary20,Primary21,Primary22,Primary23
1515,3875,1746,3229;Primary1,Primary2,Primary3,Primary4,Primary5,Primary6,Primary7,Primary9,Primary10,Primary11,Primary12,Primary13,Primary14,Primary15,Primary16,Primary17,Primary18,Primary19,Primary20,Primary21,Primary22,Primary23
1515,767566,7203,399726,57524,8153,3780;Primary1,Primary2,Primary3,Primary4,Primary5,Primary7,Primary8,Primary9,Primary10,Primary11,Primary12,Primary13,Primary14,Primary15,Primary16,Primary17,Primary18,Primary19,Primary20,Primary21,Primary22,Primary23
1515,100033436,21;Primary1,Primary2,Primary3,Primary4,Primary5,Primary6,Primary7,Primary8,Primary9,Primary10,Primary11,Primary13,Primary14,Primary15,Primary16,Primary17,Primary18,Primary19,Primary20,Primary21,Primary22,Primary23
1515,2595,7203,399726;Primary1,Primary2,Primary3,Primary4,Primary5,Primary6,Primary7,Primary8,Primary9,Primary10,Primary11,Primary12,Primary13,Primary14,Primary15,Primary16,Primary18,Primary19,Primary20,Primary21,Primary22,Primary23
1515,4861,56896,100419743,5225,11081,160728,1381,246,388327,27134,3780;Primary1,Primary2,Primary3,Primary4,Primary5,Primary6,Primary7,Primary8,Primary9,Primary10,Primary11,Primary13,Primary14,Primary15,Primary16,Primary17,Primary18,Primary19,Primary20,Primary21,Primary22,Primary23
1515,54084,1286,441151,57524,3780;Primary1,Primary2,Primary3,Primary4,Primary5,Primary6,Primary7,Primary8,Primary9,Primary10,Primary11,Primary13,Primary14,Primary15,Primary16,Primary17,Primary18,Primary19,Primary20,Primary21,Primary22,Primary23
1515,57526,57111,56896,10568,448831,100419743,7060,105,6441,4892,441581,1028,6751,1381,57524,4222,340596;Primary1,Primary2,Primary3,Primary4,Primary5,Primary6,Primary7,Primary9,Primary10,Primary11,Primary12,Primary13,Primary14,Primary15,Primary16,Primary17,Primary18,Primary19,Primary20,Primary21,Primary22,Primary23
138428,83643,54897,10071,9228,114569,22943,22941,7080,284111,50964,64073;Primary1,Primary2,Primary3,Primary4,Primary5,Primary6,Primary7,Primary8,Primary9,Primary10,Primary11,Primary12,Primary13,Primary14,Primary15,Primary16,Primary17,Primary18,Primary20,Primary21,Primary22,Primary23
138428,5346,10071,9228,114569,58524,22943,22941,284111,50964,64073;Primary2,Primary3,Primary4,Primary5,Primary6,Primary7,Primary8,Primary9,Primary10,Primary11,Primary12,Primary13,Primary14,Primary15,Primary16,Primary17,Primary18,Primary19,Primary20,Primary21,Primary22,Primary23
138428,388323;Primary1,Primary2,Primary3,Primary4,Primary5,Primary7,Primary8,Primary9,Primary10,Primary11,Primary12,Primary13,Primary14,Primary15,Primary16,Primary17,Primary18,Primary19,Primary20,Primary21,Primary22,Primary23
286207,83643,54897,10071,114569,138428,22943,22941,7080,284111,50964,64073;Primary1,Primary2,Primary3,Primary4,Primary5,Primary6,Primary7,Primary8,Primary9,Primary10,Primary11,Primary12,Primary13,Primary14,Primary15,Primary16,Primary17,Primary18,Primary20,Primary21,Primary22,Primary23
286207,7080,54897,10071,114569,22943,22941,284111,50964,64073;Primary1,Primary2,Primary3,Primary4,Primary5,Primary6,Primary7,Primary8,Primary9,Primary10,Primary11,Primary12,Primary13,Primary14,Primary15,Primary16,Primary17,Primary18,Primary19,Primary20,Primary21,Primary22,Primary23
286207,100033436,114569,50964;Primary1,Primary2,Primary3,Primary4,Primary5,Primary7,Primary8,Primary9,Primary10,Primary11,Primary12,Primary13,Primary14,Primary15,Primary16,Primary17,Primary18,Primary19,Primary20,Primary21,Primary22,Primary23
286207,21,114569,22943,22941,7080,284111,50964;Primary1,Primary2,Primary3,Primary5,Primary6,Primary7,Primary8,Primary9,Primary10,Primary11,Primary12,Primary13,Primary14,Primary15,Primary16,Primary17,Primary18,Primary19,Primary20,Primary21,Primary22,Primary23
83643,3229,10071,9228,114569,22943,22941,387882,28984,7080,284111,50964,64073;Primary1,Primary2,Primary3,Primary4,Primary5,Primary6,Primary7,Primary8,Primary9,Primary10,Primary11,Primary12,Primary13,Primary14,Primary15,Primary16,Primary17,Primary18,Primary20,Primary21,Primary22,Primary23
83643,100033436,9228,21;Primary1,Primary2,Primary3,Primary4,Primary5,Primary6,Primary7,Primary8,Primary9,Primary10,Primary11,Primary12,Primary13,Primary14,Primary15,Primary16,Primary17,Primary18,Primary20,Primary21,Primary22,Primary23
83643,21,9228,114569,22941,3229,7080,284111,50964;Primary1,Primary2,Primary3,Primary4,Primary5,Primary6,Primary7,Primary8,Primary9,Primary10,Primary11,Primary12,Primary13,Primary14,Primary15,Primary16,Primary17,Primary18,Primary20,Primary21,Primary22,Primary23
83643,728276,6928,54854;Primary1,Primary2,Primary3,Primary4,Primary5,Primary6,Primary7,Primary8,Primary9,Primary10,Primary11,Primary12,Primary13,Primary14,Primary16,Primary17,Primary18,Primary19,Primary20,Primary21,Primary22,Primary23
83643,79838,3229;Primary1,Primary2,Primary3,Primary4,Primary5,Primary6,Primary7,Primary8,Primary9,Primary10,Primary11,Primary12,Primary13,Primary14,Primary15,Primary16,Primary17,Primary18,Primary20,Primary21,Primary22,Primary23
83643,6473,9228;Primary1,Primary2,Primary3,Primary4,Primary5,Primary7,Primary8,Primary9,Primary10,Primary11,Primary12,Primary13,Primary14,Primary15,Primary16,Primary17,Primary18,Primary19,Primary20,Primary21,Primary22,Primary23
222389,6441,222183,7546,57524,4222,2627;Primary1,Primary2,Primary3,Primary4,Primary5,Primary6,Primary7,Primary9,Primary10,Primary11,Primary12,Primary13,Primary14,Primary15,Primary16,Primary17,Primary18,Primary19,Primary20,Primary21,Primary22,Primary23
222389,84867,3780;Primary1,Primary2,Primary3,Primary4,Primary5,Primary6,Primary7,Primary8,Primary9,Primary10,Primary11,Primary12,Primary13,Primary14,Primary15,Primary17,Primary18,Primary19,Primary20,Primary21,Primary22,Primary23
222389,3229,79632,1515,7546,7080,57524,8153;Primary1,Primary2,Primary3,Primary4,Primary5,Primary6,Primary7,Primary8,Primary9,Primary10,Primary11,Primary12,Primary13,Primary14,Primary16,Primary17,Primary18,Primary19,Primary20,Primary21,Primary22,Primary23
222389,2065;Primary1,Primary2,Primary3,Primary4,Primary5,Primary6,Primary7,Primary8,Primary9,Primary10,Primary11,Primary12,Primary13,Primary14,Primary15,Primary16,Primary17,Primary18,Primary19,Primary20,Primary21,Primary22,Primary23
222389,8091,6441,57526;Primary1,Primary2,Primary3,Primary4,Primary5,Primary6,Primary7,Primary9,Primary10,Primary11,Primary12,Primary13,Primary14,Primary15,Primary16,Primary17,Primary18,Primary19,Primary20,Primary21,Primary22,Primary23
222389,3219,255928;Primary1,Primary2,Primary3,Primary4,Primary5,Primary6,Primary8,Primary9,Primary10,Primary11,Primary12,Primary13,Primary14,Primary15,Primary16,Primary17,Primary18,Primary19,Primary20,Primary21,Primary22,Primary23
10529,143884;Primary1,Primary2,Primary3,Primary4,Primary5,Primary6,Primary7,Primary8,Primary9,Primary10,Primary12,Primary13,Primary14,Primary15,Primary16,Primary17,Primary18,Primary19,Primary20,Primary21,Primary22,Primary23
10529,10129;Primary1,Primary2,Primary3,Primary4,Primary5,Primary6,Primary7,Primary8,Primary9,Primary10,Primary11,Primary12,Primary13,Primary14,Primary15,Primary16,Primary17,Primary18,Primary19,Primary21,Primary22,Primary23
399726,3229,1515,7080,57524,8153,3780;Primary1,Primary2,Primary3,Primary4,Primary5,Primary6,Primary7,Primary8,Primary9,Primary10,Primary11,Primary12,Primary13,Primary14,Primary16,Primary17,Primary18,Primary19,Primary20,Primary21,Primary22,Primary23
399726,1381,57530,56896,100419743,1515,11081,160728,57524,246,388327,27134,3780;Primary1,Primary2,Primary3,Primary4,Primary5,Primary6,Primary7,Primary8,Primary9,Primary10,Primary11,Primary13,Primary14,Primary15,Primary16,Primary17,Primary18,Primary19,Primary20,Primary21,Primary22,Primary23
399726,3993;Primary1,Primary2,Primary3,Primary4,Primary5,Primary6,Primary7,Primary8,Primary9,Primary10,Primary11,Primary12,Primary13,Primary14,Primary15,Primary16,Primary17,Primary18,Primary19,Primary20,Primary21,Primary22,Primary23
399726,2922,8153;Primary1,Primary2,Primary3,Primary4,Primary5,Primary6,Primary7,Primary8,Primary9,Primary10,Primary11,Primary12,Primary13,Primary14,Primary15,Primary16,Primary17,Primary18,Primary19,Primary20,Primary21,Primary22,Primary23
399726,201456;Primary1,Primary2,Primary3,Primary4,Primary5,Primary6,Primary7,Primary9,Primary10,Primary11,Primary12,Primary13,Primary14,Primary15,Primary16,Primary17,Primary18,Primary19,Primary20,Primary21,Primary22,Primary23
399726,84518;Primary2,Primary3,Primary4,Primary5,Primary6,Primary7,Primary8,Primary9,Primary10,Primary11,Primary12,Primary13,Primary14,Primary15,Primary16,Primary17,Primary18,Primary19,Primary20,Primary21,Primary22,Primary23
399726,4861,57530,56896,100419743,11081,160728,246,388327;Primary1,Primary2,Primary3,Primary4,Primary5,Primary6,Primary7,Primary8,Primary9,Primary10,Primary11,Primary12,Primary13,Primary14,Primary15,Primary16,Primary17,Primary19,Primary20,Primary21,Primary22,Primary23
399726,340596,56896,1515,4892,1028,57524,8153,4222;Primary1,Primary2,Primary3,Primary4,Primary5,Primary6,Primary7,Primary9,Primary10,Primary11,Primary12,Primary13,Primary14,Primary15,Primary16,Primary17,Primary18,Primary19,Primary20,Primary21,Primary22,Primary23
693188,65998,8091;Primary1,Primary2,Primary3,Primary4,Primary5,Primary6,Primary7,Primary8,Primary9,Primary11,Primary12,Primary13,Primary14,Primary15,Primary16,Primary17,Primary18,Primary19,Primary20,Primary21,Primary22,Primary23
693188,399949,285989,692213;Primary1,Primary2,Primary3,Primary4,Primary5,Primary6,Primary7,Primary8,Primary9,Primary10,Primary11,Primary13,Primary14,Primary15,Primary16,Primary17,Primary18,Primary19,Primary20,Primary21,Primary22,Primary23
693188,692213;Primary1,Primary2,Primary3,Primary4,Primary5,Primary6,Primary7,Primary8,Primary9,Primary10,Primary11,Primary12,Primary13,Primary14,Primary15,Primary16,Primary17,Primary18,Primary19,Primary20,Primary21,Primary22,Primary23
693188,57526,8091;Primary1,Primary2,Primary3,Primary4,Primary5,Primary6,Primary7,Primary8,Primary9,Primary11,Primary12,Primary13,Primary14,Primary15,Primary16,Primary17,Primary18,Primary19,Primary20,Primary21,Primary22,Primary23
728643,120892,79098,388743,105373265,112268422,6332,33,4057,201625,11148,131873,645843,200879,306,641776,102723849,65217,3856,113218482,94025,112268252,105372793,6523,2277;Primary2,Primary3,Primary4,Primary5,Primary6,Primary7,Primary8,Primary9,Primary10,Primary11,Primary12,Primary13,Primary14,Primary15,Primary16,Primary17,Primary18,Primary19,Primary20,Primary21,Primary22,Primary23
728643,107984498,79098,105373265,112268422,33,4057,201625,11148,131873,645843,200879,306,102723849,3856,113218482,103504738,94025,112268252,105372793,6523,2277,102466759;Primary1,Primary2,Primary3,Primary5,Primary6,Primary7,Primary8,Primary9,Primary10,Primary11,Primary12,Primary13,Primary14,Primary15,Primary16,Primary17,Primary18,Primary19,Primary20,Primary21,Primary22,Primary23
728643,341676,79098,406969,388743,105373265,112268422,33,4057,201625,11148,131873,645843,200879,306,641776,102723849,65217,3856,113218482,112268252,105372793,6523;Primary1,Primary2,Primary4,Primary5,Primary6,Primary7,Primary8,Primary9,Primary10,Primary11,Primary12,Primary13,Primary14,Primary15,Primary16,Primary17,Primary18,Primary19,Primary20,Primary21,Primary22,Primary23
728643,94025,79098,388743,105373265,112268422,33,4057,201625,11148,131873,645843,200879,306,641776,102723849,65217,3856,113218482,112268252,105372793,6523;Primary1,Primary2,Primary3,Primary4,Primary5,Primary6,Primary7,Primary8,Primary9,Primary10,Primary11,Primary12,Primary13,Primary14,Primary15,Primary16,Primary17,Primary18,Primary19,Primary20,Primary21,Primary22,Primary23
728643,163131,105373265,112268422,33,4057,11148,131873,200879,306,641776,102723849,65217,3856,113218482,94025,112268252,105372793;Primary1,Primary2,Primary3,Primary4,Primary5,Primary6,Primary7,Primary8,Primary9,Primary10,Primary11,Primary12,Primary13,Primary14,Primary15,Primary16,Primary17,Primary18,Primary19,Primary20,Primary21,Primary22
728643,388555,79098,406969,105373265,112268422,33,4057,201625,11148,131873,200879,306,641776,102723849,65217,3856,113218482,112268252,105372793,6523;Primary1,Primary2,Primary3,Primary4,Primary5,Primary6,Primary7,Primary8,Primary9,Primary10,Primary11,Primary12,Primary13,Primary14,Primary15,Primary16,Primary17,Primary18,Primary19,Primary20,Primary21,Primary22,Primary23
728643,79818,79098,388743,105373265,33,4057,201625,11148,131873,645843,200879,306,641776,102723849,65217,3856,113218482,103504738,94025,112268252,105372793,6523;Primary1,Primary2,Primary3,Primary5,Primary6,Primary7,Primary8,Primary9,Primary10,Primary11,Primary12,Primary13,Primary14,Primary15,Primary16,Primary17,Primary18,Primary19,Primary20,Primary21,Primary22,Primary23
728643,2277,79098,406969,105373265,112268422,33,4057,201625,11148,131873,645843,200879,306,641776,102723849,65217,3856,113218482,112268252,105372793,6523;Primary1,Primary2,Primary3,Primary4,Primary5,Primary6,Primary7,Primary8,Primary9,Primary10,Primary11,Primary12,Primary13,Primary14,Primary15,Primary16,Primary17,Primary18,Primary19,Primary20,Primary21,Primary22,Primary23
474354,100033430,100996506;Primary1,Primary2,Primary3,Primary4,Primary5,Primary6,Primary7,Primary9,Primary10,Primary11,Primary12,Primary13,Primary14,Primary15,Primary16,Primary17,Primary18,Primary19,Primary20,Primary21,Primary22,Primary23
474354,2595,825;Primary1,Primary2,Primary3,Primary4,Primary5,Primary6,Primary8,Primary9,Primary10,Primary11,Primary12,Primary13,Primary14,Primary15,Primary16,Primary17,Primary18,Primary19,Primary20,Primary21,Primary22,Primary23
474354,825;Primary1,Primary2,Primary3,Primary4,Primary5,Primary6,Primary7,Primary8,Primary9,Primary10,Primary11,Primary12,Primary13,Primary14,Primary15,Primary16,Primary17,Primary18,Primary19,Primary20,Primary21,Primary22,Primary23
474354,117155,100996506;Primary1,Primary2,Primary3,Primary4,Primary5,Primary6,Primary7,Primary8,Primary9,Primary10,Primary11,Primary12,Primary14,Primary15,Primary16,Primary17,Primary18,Primary19,Primary20,Primary21,Primary22,Primary23
474354,9914,100996506;Primary1,Primary3,Primary4,Primary5,Primary6,Primary7,Primary8,Primary9,Primary10,Primary11,Primary12,Primary13,Primary14,Primary15,Primary16,Primary17,Primary18,Primary19,Primary20,Primary21,Primary22,Primary23
474354,1556,100996506;Primary2,Primary3,Primary4,Primary5,Primary6,Primary7,Primary8,Primary9,Primary10,Primary11,Primary12,Primary13,Primary14,Primary15,Primary16,Primary17,Primary18,Primary19,Primary20,Primary21,Primary22,Primary23
22943,89;Primary1,Primary2,Primary3,Primary4,Primary5,Primary6,Primary7,Primary8,Primary9,Primary10,Primary11,Primary12,Primary13,Primary14,Primary16,Primary17,Primary18,Primary19,Primary20,Primary21,Primary22,Primary23
22943,5346,276,277,116228,10071,9228,22941,999,284111,64073;Primary2,Primary3,Primary4,Primary5,Primary6,Primary7,Primary8,Primary9,Primary10,Primary11,Primary12,Primary13,Primary14,Primary15,Primary16,Primary17,Primary18,Primary19,Primary20,Primary21,Primary22,Primary23
22943,5349,276,277,278,10071,22941,6337,28984,284111,64073,4680;Primary1,Primary2,Primary3,Primary4,Primary5,Primary7,Primary8,Primary9,Primary10,Primary11,Primary12,Primary13,Primary14,Primary15,Primary16,Primary17,Primary18,Primary19,Primary20,Primary21,Primary22,Primary23
65217,144535,113218482;Primary1,Primary2,Primary3,Primary4,Primary5,Primary6,Primary7,Primary8,Primary9,Primary10,Primary11,Primary13,Primary14,Primary15,Primary16,Primary17,Primary18,Primary19,Primary20,Primary21,Primary22,Primary23
65217,146177,33,131873,200879,306,60494,3856,388555,6523;Primary1,Primary2,Primary3,Primary4,Primary5,Primary6,Primary7,Primary8,Primary9,Primary10,Primary11,Primary12,Primary13,Primary14,Primary15,Primary16,Primary17,Primary18,Primary19,Primary20,Primary21,Primary22,Primary23
65217,440352,105373265,33,201625,11148,645843,105180390,641776,105180391,102723849;Primary1,Primary2,Primary3,Primary4,Primary5,Primary6,Primary7,Primary8,Primary9,Primary10,Primary11,Primary12,Primary13,Primary14,Primary15,Primary16,Primary17,Primary18,Primary19,Primary20,Primary22,Primary23
65217,503645,388743,105373265,112268422,33,4057,201625,11148,645843,200879,105180390,641776,105180391,102723849,113218482,112268252,388555,105372793,6523;Primary1,Primary2,Primary3,Primary4,Primary5,Primary6,Primary7,Primary8,Primary9,Primary10,Primary11,Primary13,Primary14,Primary15,Primary16,Primary17,Primary18,Primary19,Primary20,Primary21,Primary22,Primary23
65217,3219,1285,8091,388555;Primary1,Primary2,Primary3,Primary4,Primary5,Primary6,Primary7,Primary8,Primary9,Primary10,Primary12,Primary13,Primary14,Primary15,Primary16,Primary17,Primary18,Primary19,Primary20,Primary21,Primary22,Primary23
219790,387882,50964;Primary1,Primary2,Primary3,Primary5,Primary6,Primary7,Primary8,Primary9,Primary10,Primary11,Primary12,Primary13,Primary14,Primary15,Primary16,Primary17,Primary18,Primary19,Primary20,Primary21,Primary22,Primary23
219790,100506686;Primary1,Primary2,Primary3,Primary4,Primary5,Primary6,Primary7,Primary8,Primary9,Primary10,Primary11,Primary12,Primary13,Primary14,Primary15,Primary16,Primary17,Primary18,Primary19,Primary20,Primary21,Primary22,Primary23
219790,3909;Primary2,Primary3,Primary4,Primary5,Primary6,Primary7,Primary8,Primary9,Primary10,Primary11,Primary12,Primary13,Primary14,Primary15,Primary16,Primary17,Primary18,Primary19,Primary20,Primary21,Primary22,Primary23
140766,219793,6354,164312;Primary1,Primary2,Primary3,Primary4,Primary5,Primary7,Primary8,Primary9,Primary10,Primary11,Primary12,Primary13,Primary14,Primary15,Primary16,Primary17,Primary18,Primary19,Primary20,Primary21,Primary22,Primary23
140766,116844,1513,200407,1152,6354,284266,54,10331,2696,1471,4318,109729184;Primary1,Primary2,Primary3,Primary4,Primary5,Primary7,Primary8,Primary9,Primary10,Primary11,Primary12,Primary13,Primary14,Primary15,Primary16,Primary17,Primary18,Primary19,Primary20,Primary21,Primary22,Primary23
140766,23562,1513,200407,1152,6354,284266,54,10331,2696,164312,1471,4318,109729184;Primary1,Primary2,Primary3,Primary4,Primary5,Primary6,Primary7,Primary8,Primary9,Primary10,Primary11,Primary12,Primary13,Primary14,Primary15,Primary16,Primary17,Primary18,Primary20,Primary21,Primary22,Primary23
219793,164312;Primary1,Primary2,Primary3,Primary4,Primary5,Primary6,Primary7,Primary8,Primary9,Primary10,Primary11,Primary12,Primary13,Primary14,Primary15,Primary16,Primary17,Primary18,Primary19,Primary20,Primary21,Primary22,Primary23
729238,653509,387882;Primary1,Primary2,Primary3,Primary4,Primary5,Primary6,Primary7,Primary8,Primary9,Primary10,Primary11,Primary12,Primary13,Primary14,Primary15,Primary16,Primary17,Primary18,Primary19,Primary20,Primary21,Primary22,Primary23
729238,10579,3229,7080,64073;Primary1,Primary2,Primary3,Primary4,Primary5,Primary6,Primary7,Primary8,Primary9,Primary10,Primary12,Primary13,Primary14,Primary15,Primary16,Primary17,Primary18,Primary19,Primary20,Primary21,Primary22,Primary23
729238,28984,10071,114569,58524,22943,22941,3229,387882,7080,284111,50964,64073;Primary1,Primary2,Primary3,Primary4,Primary5,Primary6,Primary7,Primary8,Primary9,Primary10,Primary11,Primary12,Primary13,Primary14,Primary15,Primary16,Primary17,Primary19,Primary20,Primary21,Primary22,Primary23
729238,253970,653509;Primary1,Primary2,Primary3,Primary5,Primary6,Primary7,Primary8,Primary9,Primary10,Primary11,Primary12,Primary13,Primary14,Primary15,Primary16,Primary17,Primary18,Primary19,Primary20,Primary21,Primary22,Primary23
729238,498,84700;Primary1,Primary2,Primary3,Primary4,Primary5,Primary6,Primary7,Primary8,Primary9,Primary10,Primary11,Primary12,Primary13,Primary14,Primary16,Primary17,Primary18,Primary19,Primary20,Primary21,Primary22,Primary23
729238,3960,10071,114569,58524,22943,22941,3229,387882,28984,7080,284111,64073;Primary2,Primary3,Primary4,Primary5,Primary6,Primary7,Primary8,Primary9,Primary10,Primary11,Primary12,Primary13,Primary14,Primary15,Primary16,Primary17,Primary18,Primary19,Primary20,Primary21,Primary22,Primary23
729238,92086,653509,387882;Primary1,Primary2,Primary3,Primary4,Primary5,Primary6,Primary7,Primary8,Primary9,Primary10,Primary11,Primary12,Primary13,Primary14,Primary15,Primary16,Primary17,Primary18,Primary19,Primary20,Primary21,Primary22
729238,84700;Primary1,Primary2,Primary3,Primary4,Primary5,Primary6,Primary7,Primary8,Primary9,Primary10,Primary11,Primary12,Primary13,Primary14,Primary15,Primary16,Primary17,Primary18,Primary19,Primary20,Primary21,Primary22,Primary23
729238,6473,10071,114569,58524,22943,22941,387882,7080,284111,64073;Primary1,Primary2,Primary3,Primary4,Primary5,Primary6,Primary7,Primary8,Primary9,Primary10,Primary11,Primary12,Primary13,Primary14,Primary15,Primary16,Primary17,Primary18,Primary19,Primary20,Primary21,Primary22,Primary23
729238,102725051;Primary1,Primary2,Primary3,Primary4,Primary5,Primary6,Primary7,Primary8,Primary9,Primary10,Primary11,Primary12,Primary13,Primary14,Primary16,Primary17,Primary18,Primary19,Primary20,Primary21,Primary22,Primary23
653509,246;Primary1,Primary2,Primary3,Primary4,Primary5,Primary6,Primary7,Primary9,Primary10,Primary11,Primary12,Primary13,Primary14,Primary15,Primary16,Primary17,Primary18,Primary19,Primary20,Primary21,Primary22,Primary23
653509,84700,729238;Primary1,Primary2,Primary3,Primary4,Primary5,Primary6,Primary7,Primary8,Primary9,Primary10,Primary11,Primary12,Primary13,Primary14,Primary15,Primary17,Primary18,Primary19,Primary20,Primary21,Primary22,Primary23
6441,4680,79098,406969,4057,3856,113218482,112268252;Primary1,Primary2,Primary3,Primary4,Primary5,Primary6,Primary7,Primary8,Primary9,Primary10,Primary11,Primary13,Primary14,Primary15,Primary16,Primary17,Primary18,Primary19,Primary20,Primary21,Primary22,Primary23
6441,102723508,79098,4057,3856,113218482,8091,112268252,105372793,2277;Primary1,Primary2,Primary3,Primary4,Primary5,Primary6,Primary7,Primary8,Primary9,Primary10,Primary11,Primary13,Primary14,Primary15,Primary16,Primary17,Primary18,Primary19,Primary20,Primary21,Primary22,Primary23
3434,390083,2537,128218,632,1555;Primary1,Primary2,Primary3,Primary4,Primary6,Primary7,Primary8,Primary9,Primary10,Primary11,Primary12,Primary13,Primary14,Primary15,Primary16,Primary17,Primary18,Primary19,Primary20,Primary21,Primary22,Primary23
3434,85349;Primary1,Primary2,Primary4,Primary5,Primary6,Primary7,Primary8,Primary9,Primary10,Primary11,Primary12,Primary13,Primary14,Primary15,Primary16,Primary17,Primary18,Primary19,Primary20,Primary21,Primary22,Primary23
3434,146556,149465,109729127,28824;Primary1,Primary2,Primary3,Primary4,Primary5,Primary6,Primary7,Primary8,Primary9,Primary10,Primary11,Primary13,Primary14,Primary15,Primary16,Primary17,Primary18,Primary19,Primary20,Primary21,Primary22,Primary23
3434,4629,1043,149465,93035,109729127,28824;Primary2,Primary3,Primary4,Primary5,Primary6,Primary7,Primary8,Primary9,Primary10,Primary11,Primary12,Primary13,Primary14,Primary15,Primary16,Primary17,Primary18,Primary19,Primary20,Primary21,Primary22,Primary23
3434,26226,1043,149465,109729127,28824;Primary1,Primary2,Primary3,Primary4,Primary5,Primary7,Primary8,Primary9,Primary10,Primary11,Primary12,Primary13,Primary14,Primary15,Primary16,Primary17,Primary18,Primary19,Primary20,Primary21,Primary22,Primary23
9211,121512,4222;Primary1,Primary2,Primary3,Primary4,Primary5,Primary6,Primary7,Primary8,Primary9,Primary10,Primary12,Primary13,Primary14,Primary15,Primary16,Primary17,Primary18,Primary19,Primary20,Primary21,Primary22,Primary23
9211,253970,84700;Primary1,Primary2,Primary3,Primary5,Primary6,Primary7,Primary8,Primary9,Primary10,Primary11,Primary12,Primary13,Primary14,Primary15,Primary16,Primary17,Primary18,Primary19,Primary20,Primary21,Primary22,Primary23
9211,767567,255928,3481;Primary1,Primary2,Primary3,Primary4,Primary5,Primary6,Primary7,Primary8,Primary9,Primary10,Primary11,Primary12,Primary13,Primary15,Primary16,Primary17,Primary18,Primary19,Primary20,Primary21,Primary22,Primary23
9211,146556;Primary1,Primary2,Primary3,Primary4,Primary5,Primary6,Primary7,Primary8,Primary9,Primary10,Primary12,Primary13,Primary14,Primary15,Primary16,Primary17,Primary18,Primary19,Primary20,Primary21,Primary22,Primary23
9211,6799;Primary2,Primary3,Primary4,Primary5,Primary6,Primary7,Primary8,Primary9,Primary10,Primary11,Primary12,Primary13,Primary14,Primary15,Primary16,Primary17,Primary18,Primary19,Primary20,Primary21,Primary22,Primary23
9211,2627,57111,10568,7060,105,6441,4892,441581,1028,6751,1381,57524,4222,57526,340596;Primary1,Primary2,Primary3,Primary4,Primary5,Primary6,Primary7,Primary8,Primary9,Primary10,Primary12,Primary13,Primary14,Primary15,Primary16,Primary17,Primary18,Primary19,Primary20,Primary21,Primary22,Primary23
9211,79784,886,3481;Primary1,Primary2,Primary3,Primary4,Primary5,Primary7,Primary8,Primary9,Primary10,Primary11,Primary12,Primary13,Primary14,Primary15,Primary16,Primary17,Primary18,Primary19,Primary20,Primary21,Primary22,Primary23
142827,30848,246100,1485;Primary1,Primary2,Primary3,Primary4,Primary5,Primary6,Primary7,Primary8,Primary9,Primary10,Primary11,Primary12,Primary13,Primary14,Primary15,Primary16,Primary17,Primary19,Primary20,Primary21,Primary22,Primary23
9118,2595,1515;Primary1,Primary2,Primary3,Primary4,Primary5,Primary6,Primary7,Primary8,Primary9,Primary10,Primary11,Primary12,Primary13,Primary14,Primary15,Primary16,Primary18,Primary19,Primary20,Primary21,Primary22,Primary23
9118,57524,1515;Primary1,Primary2,Primary3,Primary4,Primary5,Primary6,Primary7,Primary8,Primary9,Primary10,Primary11,Primary13,Primary14,Primary15,Primary16,Primary17,Primary18,Primary19,Primary20,Primary21,Primary22,Primary23
9118,21,79632;Primary1,Primary2,Primary3,Primary4,Primary5,Primary6,Primary7,Primary8,Primary9,Primary10,Primary11,Primary12,Primary13,Primary14,Primary15,Primary16,Primary17,Primary18,Primary19,Primary21,Primary22,Primary23
9118,388327,100506380,1515;Primary1,Primary2,Primary3,Primary4,Primary5,Primary6,Primary7,Primary8,Primary10,Primary11,Primary12,Primary13,Primary14,Primary15,Primary16,Primary17,Primary18,Primary19,Primary20,Primary21,Primary22,Primary23
9118,84518,54084;Primary1,Primary2,Primary3,Primary4,Primary5,Primary6,Primary7,Primary8,Primary9,Primary10,Primary11,Primary12,Primary13,Primary14,Primary15,Primary16,Primary17,Primary18,Primary19,Primary21,Primary22,Primary23
9118,4861,1515;Primary1,Primary2,Primary3,Primary4,Primary5,Primary6,Primary7,Primary8,Primary9,Primary10,Primary11,Primary12,Primary13,Primary14,Primary15,Primary16,Primary17,Primary19,Primary20,Primary21,Primary22,Primary23
4892,3481,255928,5544,5545,7546;Primary1,Primary2,Primary3,Primary4,Primary5,Primary6,Primary7,Primary8,Primary10,Primary11,Primary12,Primary13,Primary14,Primary15,Primary16,Primary17,Primary18,Primary19,Primary20,Primary21,Primary22,Primary23
4892,767567,8153;Primary1,Primary2,Primary3,Primary4,Primary5,Primary6,Primary7,Primary8,Primary9,Primary10,Primary11,Primary12,Primary13,Primary14,Primary15,Primary16,Primary17,Primary18,Primary19,Primary20,Primary21,Primary22,Primary23
4892,123624,155465,4604,105369937;Primary1,Primary2,Primary3,Primary4,Primary5,Primary6,Primary8,Primary9,Primary10,Primary11,Primary12,Primary13,Primary14,Primary15,Primary16,Primary17,Primary18,Primary19,Primary20,Primary21,Primary22,Primary23
4892,8153,255928,5544,7546,57524;Primary1,Primary2,Primary3,Primary4,Primary5,Primary6,Primary7,Primary8,Primary9,Primary10,Primary11,Primary12,Primary13,Primary14,Primary15,Primary16,Primary17,Primary18,Primary19,Primary20,Primary21,Primary22,Primary23
4892,2627,57111,10568,7060,105,6441,441581,1028,100129940,6751,1381,57524,4222,340596;Primary1,Primary2,Primary3,Primary4,Primary5,Primary6,Primary7,Primary8,Primary9,Primary10,Primary11,Primary12,Primary13,Primary14,Primary15,Primary16,Primary17,Primary18,Primary19,Primary20,Primary21,Primary22,Primary23
4892,2922,255928,1028,7546,57524,8153;Primary1,Primary2,Primary3,Primary4,Primary5,Primary6,Primary7,Primary8,Primary9,Primary10,Primary11,Primary12,Primary14,Primary15,Primary16,Primary17,Primary18,Primary19,Primary20,Primary21,Primary22,Primary23
4892,388555,255928,5544,5545,7546,57524,8153;Primary1,Primary2,Primary3,Primary4,Primary5,Primary7,Primary8,Primary9,Primary10,Primary11,Primary12,Primary13,Primary14,Primary15,Primary16,Primary17,Primary18,Primary19,Primary20,Primary21,Primary22,Primary23
4892,4606,4604,105369937;Primary1,Primary2,Primary3,Primary4,Primary5,Primary6,Primary7,Primary8,Primary9,Primary10,Primary11,Primary12,Primary13,Primary14,Primary15,Primary16,Primary17,Primary18,Primary19,Primary20,Primary21,Primary22,Primary23
3983,100820829;Primary1,Primary2,Primary3,Primary4,Primary5,Primary6,Primary7,Primary8,Primary9,Primary10,Primary11,Primary12,Primary13,Primary14,Primary15,Primary16,Primary17,Primary18,Primary19,Primary20,Primary21,Primary22
3983,128674;Primary2,Primary3,Primary4,Primary5,Primary6,Primary7,Primary8,Primary9,Primary10,Primary11,Primary12,Primary13,Primary14,Primary15,Primary16,Primary17,Primary18,Primary19,Primary20,Primary21,Primary22,Primary23
10579,3875,1746,3229,7080;Primary1,Primary3,Primary4,Primary5,Primary6,Primary7,Primary8,Primary9,Primary10,Primary11,Primary12,Primary13,Primary14,Primary15,Primary16,Primary17,Primary18,Primary19,Primary20,Primary21,Primary22,Primary23
10579,387882,277,10071,9228,114569,22943,22941,3229,28984,7080,284111,64073,6473;Primary1,Primary2,Primary3,Primary4,Primary5,Primary6,Primary7,Primary8,Primary9,Primary10,Primary11,Primary13,Primary14,Primary15,Primary16,Primary17,Primary18,Primary19,Primary20,Primary21,Primary22,Primary23
10579,28984,3229,7080,64073;Primary1,Primary2,Primary3,Primary4,Primary5,Primary6,Primary7,Primary8,Primary9,Primary10,Primary11,Primary12,Primary13,Primary14,Primary15,Primary16,Primary17,Primary18,Primary19,Primary20,Primary21,Primary22,Primary23
10579,4680,729238,3229,7080,64073,112268252,6473;Primary1,Primary2,Primary3,Primary4,Primary5,Primary7,Primary8,Primary9,Primary10,Primary11,Primary12,Primary13,Primary14,Primary15,Primary16,Primary17,Primary18,Primary19,Primary20,Primary21,Primary22,Primary23
441581,107984498,57402,115019,55289,256076,353189;Primary1,Primary2,Primary3,Primary4,Primary5,Primary6,Primary7,Primary8,Primary9,Primary10,Primary11,Primary13,Primary14,Primary15,Primary16,Primary17,Primary18,Primary19,Primary20,Primary21,Primary22,Primary23
441581,253970,57402,115019,55289,256076,2160,353189,10595,7473;Primary1,Primary2,Primary3,Primary4,Primary5,Primary6,Primary7,Primary8,Primary9,Primary10,Primary11,Primary13,Primary14,Primary15,Primary16,Primary17,Primary18,Primary19,Primary20,Primary21,Primary22,Primary23
4583,4586;Primary1,Primary2,Primary3,Primary4,Primary5,Primary6,Primary7,Primary8,Primary9,Primary10,Primary11,Primary12,Primary13,Primary14,Primary15,Primary16,Primary17,Primary18,Primary19,Primary20,Primary21,Primary22,Primary23
4583,84867;Primary1,Primary2,Primary3,Primary4,Primary5,Primary6,Primary7,Primary8,Primary9,Primary10,Primary11,Primary12,Primary13,Primary14,Primary15,Primary16,Primary17,Primary18,Primary19,Primary21,Primary22,Primary23
4583,11081,5225,160728,246;Primary1,Primary2,Primary3,Primary4,Primary5,Primary6,Primary7,Primary8,Primary9,Primary10,Primary11,Primary12,Primary13,Primary14,Primary15,Primary17,Primary18,Primary19,Primary20,Primary21,Primary22,Primary23
4583,3929,6101;Primary1,Primary2,Primary3,Primary4,Primary5,Primary6,Primary7,Primary9,Primary10,Primary11,Primary12,Primary13,Primary14,Primary15,Primary16,Primary17,Primary18,Primary19,Primary20,Primary21,Primary22,Primary23
4583,5625;Primary1,Primary2,Primary3,Primary4,Primary5,Primary6,Primary7,Primary8,Primary9,Primary10,Primary11,Primary12,Primary13,Primary14,Primary15,Primary17,Primary18,Primary19,Primary20,Primary21,Primary22,Primary23
4586,100033430,6532;Primary1,Primary2,Primary3,Primary4,Primary5,Primary6,Primary7,Primary8,Primary9,Primary10,Primary11,Primary12,Primary13,Primary14,Primary15,Primary16,Primary17,Primary18,Primary19,Primary20,Primary21,Primary22,Primary23
4586,728226,5225,100033430;Primary1,Primary2,Primary3,Primary4,Primary5,Primary6,Primary7,Primary8,Primary9,Primary10,Primary11,Primary12,Primary13,Primary14,Primary15,Primary17,Primary18,Primary19,Primary20,Primary21,Primary22,Primary23
727897,105372793,117156,646480,112577518,85349,1770,218,11254,102723382;Primary1,Primary2,Primary3,Primary4,Primary5,Primary7,Primary8,Primary9,Primary10,Primary11,Primary12,Primary13,Primary14,Primary15,Primary16,Primary17,Primary18,Primary19,Primary20,Primary21,Primary22,Primary23
727897,4693,4852,1471;Primary1,Primary2,Primary4,Primary5,Primary6,Primary7,Primary8,Primary9,Primary10,Primary11,Primary12,Primary13,Primary14,Primary15,Primary16,Primary17,Primary18,Primary19,Primary20,Primary21,Primary22,Primary23
112577518,26298;Primary1,Primary2,Primary4,Primary5,Primary6,Primary7,Primary8,Primary9,Primary10,Primary11,Primary12,Primary13,Primary14,Primary15,Primary16,Primary17,Primary18,Primary19,Primary20,Primary21,Primary22,Primary23
112577518,677831;Primary1,Primary2,Primary3,Primary4,Primary6,Primary7,Primary8,Primary9,Primary10,Primary11,Primary12,Primary13,Primary14,Primary15,Primary16,Primary17,Primary18,Primary19,Primary20,Primary21,Primary22,Primary23
3481,100129940,7546;Primary1,Primary2,Primary3,Primary4,Primary5,Primary6,Primary7,Primary8,Primary9,Primary10,Primary11,Primary12,Primary13,Primary14,Primary15,Primary16,Primary17,Primary18,Primary19,Primary20,Primary21,Primary22,Primary23
3481,7546,255928,5544,5545;Primary1,Primary2,Primary3,Primary4,Primary5,Primary6,Primary7,Primary8,Primary9,Primary10,Primary11,Primary12,Primary13,Primary14,Primary15,Primary16,Primary17,Primary18,Primary19,Primary20,Primary21,Primary22,Primary23
3481,57524,255928,4892,5544,7546,8153;Primary1,Primary2,Primary3,Primary4,Primary5,Primary6,Primary7,Primary8,Primary10,Primary11,Primary12,Primary13,Primary14,Primary15,Primary16,Primary17,Primary18,Primary19,Primary20,Primary21,Primary22,Primary23
3481,8153,255928,5544,7546;Primary1,Primary2,Primary3,Primary4,Primary5,Primary6,Primary7,Primary8,Primary9,Primary10,Primary11,Primary12,Primary13,Primary14,Primary15,Primary16,Primary17,Primary18,Primary19,Primary20,Primary21,Primary22,Primary23
3481,3780,255928,5544,5545,7546,57524,8153;Primary1,Primary2,Primary3,Primary4,Primary5,Primary6,Primary7,Primary9,Primary10,Primary11,Primary12,Primary13,Primary14,Primary15,Primary16,Primary17,Primary18,Primary19,Primary20,Primary21,Primary22,Primary23
3481,54084,255928,886,9211;Primary1,Primary2,Primary3,Primary4,Primary5,Primary6,Primary7,Primary9,Primary10,Primary11,Primary12,Primary13,Primary14,Primary15,Primary16,Primary17,Primary18,Primary19,Primary20,Primary21,Primary22,Primary23
1028,5544,4892,5545,7546,57524,4222,340596;Primary1,Primary2,Primary3,Primary4,Primary5,Primary6,Primary7,Primary8,Primary9,Primary10,Primary11,Primary12,Primary13,Primary14,Primary15,Primary16,Primary17,Primary18,Primary19,Primary20,Primary21,Primary22,Primary23
1028,5545,7060,4892,7546,57524,4222,340596;Primary1,Primary2,Primary3,Primary4,Primary5,Primary6,Primary7,Primary8,Primary9,Primary10,Primary11,Primary12,Primary13,Primary14,Primary15,Primary16,Primary17,Primary18,Primary19,Primary20,Primary21,Primary22,Primary23
1028,4604,57111,10568,448831,7060,105,6441,4892,441581,6751,1381,57524,4222,340596;Primary1,Primary2,Primary3,Primary4,Primary5,Primary6,Primary7,Primary8,Primary9,Primary10,Primary11,Primary12,Primary13,Primary14,Primary15,Primary16,Primary17,Primary18,Primary19,Primary20,Primary21,Primary22
1028,105369937,7060,4892,4604,4222,2627,340596;Primary1,Primary2,Primary3,Primary4,Primary5,Primary6,Primary7,Primary8,Primary9,Primary10,Primary11,Primary12,Primary13,Primary14,Primary15,Primary16,Primary17,Primary18,Primary19,Primary20,Primary21,Primary22
1028,767567,10568,1515,7546,57524,8153,3780;Primary1,Primary2,Primary3,Primary4,Primary5,Primary6,Primary7,Primary8,Primary9,Primary10,Primary11,Primary12,Primary13,Primary15,Primary16,Primary17,Primary18,Primary19,Primary20,Primary21,Primary22,Primary23
1028,2922,8153;Primary1,Primary2,Primary3,Primary4,Primary5,Primary6,Primary7,Primary8,Primary9,Primary10,Primary11,Primary12,Primary13,Primary14,Primary15,Primary16,Primary17,Primary18,Primary19,Primary20,Primary21,Primary22,Primary23
1028,81832,4892,767567,8153;Primary1,Primary2,Primary3,Primary4,Primary5,Primary6,Primary7,Primary8,Primary9,Primary10,Primary11,Primary12,Primary13,Primary15,Primary16,Primary17,Primary18,Primary19,Primary20,Primary21,Primary22,Primary23
390083,766,2537,632,1380,196335,606,24150;Primary1,Primary2,Primary3,Primary4,Primary5,Primary6,Primary7,Primary9,Primary10,Primary11,Primary12,Primary13,Primary14,Primary15,Primary16,Primary17,Primary18,Primary19,Primary20,Primary21,Primary22,Primary23
196335,100820829,24150,110806280,89765,4693;Primary1,Primary2,Primary3,Primary4,Primary5,Primary6,Primary7,Primary8,Primary9,Primary10,Primary11,Primary12,Primary13,Primary14,Primary15,Primary16,Primary17,Primary18,Primary19,Primary20,Primary21,Primary22,Primary23
196335,6928,2537,632,285429,390083,1555;Primary1,Primary2,Primary3,Primary4,Primary5,Primary6,Primary7,Primary8,Primary9,Primary10,Primary11,Primary12,Primary13,Primary14,Primary15,Primary16,Primary17,Primary18,Primary20,Primary21,Primary22,Primary23
196335,5675,100820829,110806280,9622,4693;Primary2,Primary3,Primary4,Primary5,Primary6,Primary7,Primary8,Primary9,Primary10,Primary11,Primary12,Primary13,Primary14,Primary15,Primary16,Primary17,Primary18,Primary19,Primary20,Primary21,Primary22,Primary23
196335,1471,6097,4693;Primary1,Primary2,Primary3,Primary4,Primary5,Primary6,Primary7,Primary8,Primary9,Primary10,Primary11,Primary12,Primary13,Primary14,Primary15,Primary17,Primary18,Primary19,Primary20,Primary21,Primary22,Primary23
196335,11254,100820829,24150,89765,4693;Primary1,Primary2,Primary4,Primary5,Primary6,Primary7,Primary8,Primary9,Primary10,Primary11,Primary12,Primary13,Primary14,Primary15,Primary16,Primary17,Primary18,Primary19,Primary20,Primary21,Primary22,Primary23
84867,246;Primary1,Primary2,Primary3,Primary4,Primary5,Primary6,Primary7,Primary9,Primary10,Primary11,Primary12,Primary13,Primary14,Primary15,Primary16,Primary17,Primary18,Primary19,Primary20,Primary21,Primary22,Primary23
84867,762;Primary2,Primary3,Primary4,Primary5,Primary6,Primary7,Primary8,Primary9,Primary10,Primary11,Primary12,Primary13,Primary14,Primary15,Primary16,Primary17,Primary18,Primary19,Primary20,Primary21,Primary22,Primary23
84867,4861,56896,100419743,246;Primary1,Primary2,Primary3,Primary4,Primary5,Primary6,Primary7,Primary8,Primary9,Primary10,Primary11,Primary12,Primary13,Primary14,Primary15,Primary17,Primary18,Primary19,Primary20,Primary21,Primary22,Primary23
26298,259290;Primary1,Primary2,Primary3,Primary4,Primary5,Primary6,Primary7,Primary8,Primary9,Primary10,Primary11,Primary13,Primary14,Primary15,Primary16,Primary17,Primary18,Primary19,Primary20,Primary21,Primary22,Primary23
26298,100505495;Primary2,Primary3,Primary4,Primary5,Primary6,Primary7,Primary8,Primary9,Primary10,Primary11,Primary12,Primary13,Primary14,Primary15,Primary16,Primary17,Primary18,Primary19,Primary20,Primary21,Primary22,Primary23
26298,246100,1485;Primary1,Primary3,Primary4,Primary5,Primary6,Primary7,Primary8,Primary9,Primary10,Primary11,Primary12,Primary13,Primary14,Primary15,Primary16,Primary17,Primary18,Primary19,Primary20,Primary21,Primary22,Primary23
1132,5625;Primary1,Primary2,Primary3,Primary5,Primary6,Primary7,Primary8,Primary9,Primary10,Primary11,Primary12,Primary13,Primary14,Primary15,Primary16,Primary17,Primary18,Primary19,Primary20,Primary21,Primary22,Primary23
7356,3929;Primary1,Primary2,Primary3,Primary4,Primary5,Primary6,Primary7,Primary8,Primary9,Primary10,Primary11,Primary12,Primary13,Primary14,Primary15,Primary16,Primary18,Primary19,Primary20,Primary21,Primary22,Primary23
9356,55808;Primary2,Primary3,Primary4,Primary5,Primary6,Primary7,Primary8,Primary9,Primary10,Primary11,Primary12,Primary13,Primary14,Primary15,Primary16,Primary17,Primary18,Primary19,Primary20,Primary21,Primary22,Primary23
9356,3929;Primary1,Primary2,Primary3,Primary4,Primary5,Primary6,Primary7,Primary8,Primary9,Primary10,Primary11,Primary12,Primary13,Primary14,Primary15,Primary16,Primary17,Primary18,Primary19,Primary21,Primary22,Primary23
65998,3229,57111,10568,6441,1028,100129940,7546,57524,4222,340596;Primary1,Primary2,Primary3,Primary4,Primary5,Primary6,Primary7,Primary8,Primary9,Primary10,Primary11,Primary12,Primary13,Primary14,Primary16,Primary17,Primary18,Primary19,Primary20,Primary21,Primary22,Primary23
65998,8091,57111,6441;Primary1,Primary2,Primary3,Primary4,Primary5,Primary6,Primary7,Primary8,Primary9,Primary10,Primary11,Primary12,Primary13,Primary14,Primary15,Primary16,Primary17,Primary18,Primary19,Primary20,Primary21,Primary22,Primary23
65998,6751,57111,10568,6441,1028,7546,57524,57526;Primary1,Primary2,Primary3,Primary4,Primary5,Primary6,Primary7,Primary8,Primary9,Primary10,Primary12,Primary13,Primary14,Primary15,Primary16,Primary17,Primary18,Primary19,Primary20,Primary21,Primary22,Primary23
65998,8153,10568,7060,6441,4892,1028,8091,7546,57524,4222,340596;Primary1,Primary2,Primary3,Primary4,Primary5,Primary7,Primary8,Primary9,Primary10,Primary11,Primary12,Primary13,Primary14,Primary15,Primary16,Primary17,Primary18,Primary19,Primary20,Primary21,Primary22,Primary23
65998,388555,10568,7060,4892,1028,8091,7546,57524,8153,4222,340596;Primary1,Primary2,Primary3,Primary4,Primary5,Primary7,Primary8,Primary9,Primary10,Primary11,Primary12,Primary13,Primary14,Primary15,Primary16,Primary17,Primary18,Primary19,Primary20,Primary21,Primary22,Primary23
378938,116844,79098,201625,11148,645843,109136579,113218482;Primary1,Primary2,Primary3,Primary4,Primary5,Primary6,Primary8,Primary9,Primary10,Primary11,Primary12,Primary13,Primary14,Primary15,Primary16,Primary17,Primary18,Primary19,Primary20,Primary21,Primary22,Primary23
89,767567,8153;Primary1,Primary2,Primary3,Primary4,Primary5,Primary6,Primary8,Primary9,Primary10,Primary11,Primary12,Primary13,Primary14,Primary15,Primary16,Primary17,Primary18,Primary19,Primary20,Primary21,Primary22,Primary23
22941,100033430,79740,11081,284111;Primary1,Primary2,Primary3,Primary4,Primary5,Primary6,Primary7,Primary8,Primary9,Primary10,Primary11,Primary12,Primary13,Primary14,Primary16,Primary17,Primary18,Primary19,Primary20,Primary21,Primary22,Primary23
60494,6337,79098,406969,105373265,112268422,33,4057,201625,11148,131873,645843,200879,306,102723849,65217,3856,113218482,4680,112268252,105372793,6523,2277;Primary1,Primary2,Primary3,Primary4,Primary5,Primary6,Primary7,Primary8,Primary9,Primary10,Primary11,Primary12,Primary13,Primary14,Primary16,Primary17,Primary18,Primary19,Primary20,Primary21,Primary22,Primary23
60494,120892,79098,105373265,112268422,6332,33,4057,201625,11148,131873,645843,200879,306,102723849,728643,65217,3856,113218482,112268252,105372793,6523,2277;Primary2,Primary3,Primary4,Primary5,Primary6,Primary7,Primary8,Primary9,Primary10,Primary11,Primary12,Primary13,Primary14,Primary15,Primary16,Primary17,Primary18,Primary19,Primary20,Primary21,Primary22,Primary23
60494,107984498,79098,105373265,112268422,33,4057,201625,11148,131873,200879,306,102723849,728643,3856,113218482,103504738,94025,112268252,388555,105372793,6523;Primary1,Primary2,Primary3,Primary5,Primary6,Primary7,Primary8,Primary9,Primary10,Primary11,Primary12,Primary13,Primary14,Primary15,Primary16,Primary17,Primary18,Primary19,Primary20,Primary21,Primary22,Primary23
60494,8091,79098,406969,105373265,112268422,33,4057,201625,11148,131873,645843,200879,306,102723849,728643,65217,3856,113218482,767566,112268252,388555,105372793,6523,2277;Primary1,Primary2,Primary3,Primary4,Primary5,Primary6,Primary7,Primary8,Primary9,Primary10,Primary11,Primary13,Primary14,Primary15,Primary16,Primary17,Primary18,Primary19,Primary20,Primary21,Primary22,Primary23
60494,144535,113218482;Primary1,Primary2,Primary3,Primary4,Primary5,Primary6,Primary7,Primary9,Primary10,Primary11,Primary12,Primary13,Primary14,Primary15,Primary16,Primary17,Primary18,Primary19,Primary20,Primary21,Primary22,Primary23
60494,341676,79098,406969,105373265,112268422,33,4057,201625,11148,131873,645843,200879,306,102723849,728643,65217,3856,113218482,112268252,105372793,6523,2277;Primary1,Primary2,Primary4,Primary5,Primary6,Primary7,Primary8,Primary9,Primary10,Primary11,Primary12,Primary13,Primary14,Primary15,Primary16,Primary17,Primary18,Primary19,Primary20,Primary21,Primary22,Primary23
60494,103504738,79098,406969,105373265,112268422,33,4057,201625,11148,131873,200879,306,102723849,728643,65217,3856,113218482,94025,112268252,388555,105372793,6523;Primary1,Primary2,Primary3,Primary5,Primary6,Primary7,Primary8,Primary9,Primary10,Primary11,Primary12,Primary13,Primary14,Primary15,Primary16,Primary17,Primary18,Primary19,Primary20,Primary21,Primary22,Primary23
60494,4680,79098,406969,105373265,112268422,33,4057,201625,11148,131873,645843,200879,306,102723849,728643,65217,3856,113218482,112268252,105372793,6523,2277;Primary1,Primary2,Primary3,Primary4,Primary5,Primary6,Primary7,Primary8,Primary9,Primary10,Primary11,Primary12,Primary13,Primary14,Primary16,Primary17,Primary18,Primary19,Primary20,Primary21,Primary22,Primary23
60494,79818,79098,105373265,33,4057,201625,11148,131873,200879,306,102723849,728643,65217,3856,113218482,103504738,94025,112268252,105372793,6523,2277,102466759;Primary1,Primary2,Primary3,Primary5,Primary6,Primary7,Primary8,Primary9,Primary10,Primary11,Primary12,Primary13,Primary14,Primary15,Primary16,Primary17,Primary18,Primary19,Primary20,Primary21,Primary22,Primary23
60494,28824,79098,406969,105373265,112268422,33,4057,201625,11148,131873,645843,200879,306,102723849,728643,65217,3856,113218482,112268252,105372793,26226,6523,2277;Primary1,Primary2,Primary3,Primary4,Primary6,Primary7,Primary8,Primary9,Primary10,Primary11,Primary12,Primary13,Primary14,Primary15,Primary16,Primary17,Primary18,Primary19,Primary20,Primary21,Primary22,Primary23
60494,102466759,79098,105373265,112268422,33,4057,201625,11148,131873,200879,306,102723849,728643,65217,3856,113218482,103504738,94025,112268252,105372793,6523,2277;Primary1,Primary2,Primary3,Primary5,Primary6,Primary7,Primary8,Primary9,Primary10,Primary11,Primary12,Primary13,Primary14,Primary15,Primary16,Primary17,Primary18,Primary19,Primary20,Primary21,Primary22,Primary23
619383,399949,285989;Primary1,Primary2,Primary3,Primary4,Primary5,Primary6,Primary7,Primary8,Primary9,Primary10,Primary11,Primary12,Primary14,Primary15,Primary16,Primary17,Primary18,Primary19,Primary20,Primary21,Primary22,Primary23
619383,649946,1577,503645;Primary1,Primary2,Primary3,Primary4,Primary5,Primary6,Primary7,Primary8,Primary9,Primary11,Primary12,Primary13,Primary14,Primary15,Primary16,Primary17,Primary18,Primary19,Primary20,Primary21,Primary22,Primary23
619383,6337,276,277,278,5349,4680;Primary1,Primary2,Primary3,Primary4,Primary5,Primary6,Primary7,Primary8,Primary9,Primary11,Primary12,Primary13,Primary14,Primary15,Primary16,Primary17,Primary18,Primary19,Primary20,Primary21,Primary22,Primary23
619383,100033436,276,277,278,116228;Primary1,Primary2,Primary3,Primary4,Primary5,Primary6,Primary7,Primary9,Primary10,Primary11,Primary12,Primary13,Primary14,Primary15,Primary16,Primary17,Primary18,Primary19,Primary20,Primary21,Primary22,Primary23
619383,400578,641776,105180391,285989;Primary1,Primary2,Primary3,Primary4,Primary5,Primary6,Primary8,Primary9,Primary10,Primary11,Primary12,Primary13,Primary14,Primary15,Primary16,Primary17,Primary18,Primary19,Primary20,Primary21,Primary22,Primary23
619383,4680,276,277,278,116228;Primary1,Primary2,Primary3,Primary4,Primary5,Primary6,Primary7,Primary8,Primary9,Primary11,Primary12,Primary13,Primary14,Primary15,Primary16,Primary17,Primary18,Primary19,Primary20,Primary21,Primary22,Primary23
619383,94059,641776,105180391;Primary1,Primary2,Primary3,Primary5,Primary6,Primary7,Primary8,Primary9,Primary10,Primary11,Primary12,Primary13,Primary14,Primary15,Primary16,Primary17,Primary18,Primary19,Primary20,Primary21,Primary22,Primary23
692072,7225,503640;Primary1,Primary2,Primary3,Primary4,Primary5,Primary6,Primary7,Primary8,Primary9,Primary11,Primary12,Primary13,Primary14,Primary15,Primary16,Primary17,Primary18,Primary19,Primary20,Primary21,Primary22,Primary23
692072,649946,503640;Primary1,Primary2,Primary3,Primary4,Primary5,Primary6,Primary7,Primary8,Primary9,Primary11,Primary12,Primary13,Primary14,Primary15,Primary16,Primary17,Primary18,Primary19,Primary20,Primary21,Primary22,Primary23
692072,503640;Primary1,Primary2,Primary3,Primary4,Primary5,Primary6,Primary7,Primary8,Primary9,Primary10,Primary11,Primary12,Primary13,Primary14,Primary15,Primary16,Primary17,Primary18,Primary19,Primary20,Primary21,Primary22,Primary23
692072,94059;Primary1,Primary2,Primary3,Primary4,Primary5,Primary6,Primary8,Primary9,Primary10,Primary11,Primary12,Primary13,Primary14,Primary15,Primary16,Primary17,Primary18,Primary19,Primary20,Primary21,Primary22,Primary23
7225,4317;Primary1,Primary2,Primary3,Primary4,Primary5,Primary6,Primary7,Primary8,Primary9,Primary10,Primary11,Primary12,Primary13,Primary14,Primary15,Primary16,Primary17,Primary18,Primary19,Primary20,Primary21,Primary22,Primary23
7225,649946;Primary1,Primary2,Primary3,Primary5,Primary6,Primary7,Primary8,Primary9,Primary10,Primary11,Primary12,Primary13,Primary14,Primary15,Primary16,Primary17,Primary18,Primary19,Primary20,Primary21,Primary22,Primary23
7225,10129,503640;Primary1,Primary2,Primary3,Primary4,Primary5,Primary6,Primary8,Primary9,Primary10,Primary11,Primary12,Primary13,Primary14,Primary15,Primary16,Primary17,Primary18,Primary19,Primary20,Primary21,Primary22,Primary23
7225,503640;Primary1,Primary2,Primary3,Primary4,Primary5,Primary6,Primary7,Primary8,Primary9,Primary10,Primary11,Primary12,Primary13,Primary14,Primary15,Primary16,Primary17,Primary18,Primary19,Primary20,Primary21,Primary22,Primary23
7225,342892,649946,503640;Primary1,Primary2,Primary4,Primary5,Primary6,Primary7,Primary8,Primary9,Primary10,Primary11,Primary12,Primary13,Primary14,Primary15,Primary16,Primary17,Primary18,Primary19,Primary20,Primary21,Primary22,Primary23
7225,100505495;Primary1,Primary2,Primary3,Primary4,Primary5,Primary6,Primary7,Primary8,Primary9,Primary10,Primary11,Primary12,Primary13,Primary14,Primary15,Primary16,Primary17,Primary18,Primary19,Primary20,Primary21,Primary22,Primary23
7225,57186,54861;Primary1,Primary3,Primary4,Primary5,Primary6,Primary7,Primary8,Primary9,Primary10,Primary11,Primary12,Primary13,Primary14,Primary15,Primary16,Primary17,Primary18,Primary19,Primary20,Primary21,Primary22,Primary23
4317,100505495,7225;Primary1,Primary2,Primary3,Primary4,Primary5,Primary7,Primary8,Primary9,Primary10,Primary11,Primary12,Primary13,Primary14,Primary15,Primary16,Primary17,Primary18,Primary19,Primary20,Primary21,Primary22,Primary23
143884,688;Primary1,Primary2,Primary3,Primary4,Primary5,Primary6,Primary7,Primary8,Primary10,Primary11,Primary12,Primary13,Primary14,Primary15,Primary16,Primary17,Primary18,Primary19,Primary20,Primary21,Primary22,Primary23
143884,124944,100506755;Primary1,Primary2,Primary3,Primary4,Primary5,Primary6,Primary7,Primary8,Primary9,Primary10,Primary11,Primary12,Primary13,Primary14,Primary15,Primary16,Primary17,Primary18,Primary19,Primary21,Primary22,Primary23
143884,503645,1577,649946,100652781;Primary1,Primary2,Primary3,Primary4,Primary5,Primary6,Primary7,Primary8,Primary9,Primary10,Primary11,Primary12,Primary13,Primary14,Primary15,Primary16,Primary17,Primary18,Primary19,Primary21,Primary22,Primary23
143884,102725051;Primary1,Primary2,Primary3,Primary4,Primary5,Primary6,Primary7,Primary8,Primary9,Primary10,Primary11,Primary12,Primary13,Primary14,Primary15,Primary16,Primary17,Primary18,Primary19,Primary20,Primary22,Primary23
399949,84765;Primary1,Primary2,Primary3,Primary4,Primary5,Primary6,Primary7,Primary8,Primary9,Primary11,Primary12,Primary13,Primary14,Primary15,Primary16,Primary17,Primary18,Primary19,Primary20,Primary21,Primary22,Primary23
399949,57526,131873,285989,692213;Primary1,Primary2,Primary3,Primary4,Primary5,Primary6,Primary7,Primary8,Primary9,Primary10,Primary11,Primary13,Primary14,Primary15,Primary16,Primary17,Primary18,Primary19,Primary20,Primary21,Primary22,Primary23
399949,102723382,151531,285989;Primary1,Primary2,Primary4,Primary5,Primary6,Primary7,Primary8,Primary9,Primary10,Primary11,Primary12,Primary13,Primary14,Primary15,Primary16,Primary17,Primary18,Primary19,Primary20,Primary21,Primary22,Primary23
649946,6337,1577,120892,100652781,503645;Primary1,Primary2,Primary3,Primary4,Primary5,Primary6,Primary7,Primary8,Primary9,Primary10,Primary11,Primary12,Primary13,Primary14,Primary16,Primary17,Primary18,Primary19,Primary20,Primary21,Primary22,Primary23
649946,144571;Primary1,Primary2,Primary3,Primary4,Primary5,Primary6,Primary7,Primary8,Primary9,Primary10,Primary11,Primary12,Primary14,Primary15,Primary16,Primary17,Primary18,Primary19,Primary20,Primary21,Primary22,Primary23
649946,107984498,1577,120892,100652781,503645,7620,100529240,105372793;Primary1,Primary2,Primary3,Primary5,Primary6,Primary7,Primary8,Primary9,Primary10,Primary11,Primary12,Primary13,Primary14,Primary15,Primary16,Primary17,Primary18,Primary19,Primary20,Primary21,Primary22,Primary23
649946,10129,503640,342892;Primary1,Primary2,Primary3,Primary4,Primary5,Primary6,Primary8,Primary9,Primary10,Primary11,Primary12,Primary13,Primary14,Primary15,Primary16,Primary17,Primary18,Primary19,Primary20,Primary21,Primary22,Primary23
649946,503640,120892,100652781,503645;Primary1,Primary2,Primary3,Primary4,Primary5,Primary6,Primary7,Primary8,Primary9,Primary10,Primary11,Primary12,Primary13,Primary14,Primary15,Primary16,Primary17,Primary18,Primary19,Primary20,Primary21,Primary22,Primary23
649946,94025,112268422,200879,102723849,1577,120892,100652781,112268252,105372793;Primary1,Primary3,Primary4,Primary5,Primary6,Primary7,Primary8,Primary9,Primary10,Primary11,Primary12,Primary13,Primary14,Primary15,Primary16,Primary17,Primary18,Primary19,Primary20,Primary21,Primary22,Primary23
649946,148213,4179,168374,7620,100529240,102723552;Primary1,Primary3,Primary4,Primary5,Primary6,Primary7,Primary8,Primary9,Primary10,Primary11,Primary12,Primary13,Primary14,Primary15,Primary16,Primary17,Primary18,Primary19,Primary20,Primary21,Primary22,Primary23
649946,163131,1577,100652781,503645,284323;Primary1,Primary2,Primary3,Primary4,Primary5,Primary6,Primary7,Primary8,Primary9,Primary10,Primary11,Primary13,Primary14,Primary15,Primary16,Primary17,Primary18,Primary19,Primary20,Primary21,Primary22,Primary23
649946,284323,306,105180390,102723849,1577,100652781,163131;Primary1,Primary2,Primary3,Primary4,Primary6,Primary7,Primary8,Primary9,Primary10,Primary11,Primary12,Primary13,Primary14,Primary15,Primary16,Primary17,Primary18,Primary19,Primary20,Primary21,Primary22,Primary23
649946,112268252,112268422,200879,102723849,1577,120892,100652781,503645,105372793;Primary1,Primary3,Primary4,Primary5,Primary6,Primary7,Primary8,Primary9,Primary10,Primary11,Primary12,Primary13,Primary14,Primary15,Primary16,Primary17,Primary18,Primary19,Primary20,Primary21,Primary22,Primary23
649946,79818,306,1577,120892,100652781,503645;Primary1,Primary2,Primary4,Primary5,Primary6,Primary7,Primary8,Primary9,Primary10,Primary11,Primary12,Primary13,Primary14,Primary15,Primary16,Primary17,Primary18,Primary19,Primary20,Primary21,Primary22,Primary23
649946,677831,4179,168374;Primary1,Primary2,Primary3,Primary4,Primary5,Primary7,Primary8,Primary9,Primary10,Primary11,Primary12,Primary13,Primary14,Primary15,Primary16,Primary17,Primary18,Primary19,Primary20,Primary21,Primary22,Primary23
649946,26226,120892,100652781;Primary1,Primary2,Primary3,Primary4,Primary5,Primary6,Primary7,Primary8,Primary9,Primary10,Primary11,Primary12,Primary13,Primary14,Primary15,Primary16,Primary17,Primary18,Primary19,Primary20,Primary21,Primary22,Primary23
649946,6523,112268422,200879,102723849,120892,100652781,503645,284434,105372793;Primary1,Primary3,Primary4,Primary5,Primary6,Primary7,Primary8,Primary9,Primary10,Primary11,Primary12,Primary13,Primary14,Primary15,Primary16,Primary17,Primary18,Primary19,Primary20,Primary21,Primary22,Primary23
64137,7546;Primary1,Primary2,Primary3,Primary4,Primary5,Primary6,Primary7,Primary8,Primary9,Primary10,Primary11,Primary12,Primary14,Primary15,Primary16,Primary17,Primary18,Primary19,Primary20,Primary21,Primary22,Primary23
64137,2922;Primary1,Primary2,Primary3,Primary4,Primary5,Primary6,Primary7,Primary8,Primary9,Primary10,Primary11,Primary12,Primary13,Primary14,Primary15,Primary16,Primary17,Primary18,Primary19,Primary21,Primary22,Primary23
107984406,503640,2327,100129460;Primary1,Primary2,Primary3,Primary4,Primary5,Primary6,Primary7,Primary8,Primary9,Primary10,Primary11,Primary12,Primary13,Primary14,Primary15,Primary16,Primary18,Primary19,Primary20,Primary21,Primary22,Primary23
107984406,57186;Primary1,Primary2,Primary3,Primary4,Primary5,Primary6,Primary7,Primary8,Primary9,Primary10,Primary11,Primary12,Primary13,Primary14,Primary15,Primary16,Primary17,Primary18,Primary19,Primary20,Primary21,Primary22,Primary23
6337,120892,79098,388743,112268422,33,4057,201625,11148,131873,645843,200879,306,105180390,105180391,102723849,3856,113218482,94025,4680,112268252,105372793,6523;Primary1,Primary2,Primary3,Primary4,Primary5,Primary6,Primary7,Primary8,Primary9,Primary10,Primary11,Primary12,Primary13,Primary14,Primary16,Primary17,Primary18,Primary19,Primary20,Primary21,Primary22,Primary23
6337,144535,113218482;Primary1,Primary2,Primary3,Primary4,Primary5,Primary6,Primary7,Primary8,Primary9,Primary10,Primary11,Primary12,Primary13,Primary14,Primary16,Primary17,Primary18,Primary19,Primary20,Primary21,Primary22,Primary23
6337,5346,276,277,278,9228,999,5349,4680;Primary2,Primary3,Primary4,Primary5,Primary6,Primary7,Primary8,Primary9,Primary10,Primary11,Primary12,Primary13,Primary14,Primary15,Primary16,Primary17,Primary18,Primary19,Primary20,Primary21,Primary22,Primary23
6337,55567,10071,9228,195814,114569,22943,22941,7080,284111,5349,64073;Primary1,Primary2,Primary3,Primary4,Primary5,Primary7,Primary8,Primary9,Primary10,Primary11,Primary12,Primary13,Primary14,Primary15,Primary16,Primary17,Primary18,Primary19,Primary20,Primary21,Primary22,Primary23
6337,100652781,79098,388743,105373265,112268422,33,4057,201625,11148,645843,200879,306,105180390,641776,105180391,102723849,3856,113218482,94025,4680,112268252,105372793,6523;Primary1,Primary2,Primary3,Primary4,Primary5,Primary6,Primary7,Primary8,Primary9,Primary10,Primary11,Primary12,Primary13,Primary14,Primary16,Primary17,Primary18,Primary19,Primary20,Primary21,Primary22,Primary23
6337,503645,388743,105373265,112268422,33,4057,201625,11148,645843,200879,105180390,641776,105180391,102723849,113218482,341676,100652781,4680,112268252,105372793;Primary1,Primary2,Primary3,Primary4,Primary5,Primary6,Primary7,Primary8,Primary9,Primary10,Primary11,Primary12,Primary13,Primary14,Primary16,Primary17,Primary18,Primary19,Primary20,Primary21,Primary22,Primary23
6337,50964,54897,277,10071,9228,114569,22943,22941,7080,284111,64073,4680,112268252;Primary1,Primary2,Primary3,Primary4,Primary5,Primary7,Primary8,Primary9,Primary10,Primary11,Primary12,Primary13,Primary14,Primary15,Primary16,Primary17,Primary18,Primary19,Primary20,Primary21,Primary22,Primary23
6337,26226,4057,11148,645843,120892,3856,113218482,100652781,4680,112268252,105372793;Primary1,Primary2,Primary3,Primary4,Primary5,Primary6,Primary7,Primary8,Primary9,Primary10,Primary11,Primary12,Primary13,Primary14,Primary16,Primary17,Primary18,Primary19,Primary20,Primary21,Primary22,Primary23
6337,6473,277,10071,9228,999;Primary1,Primary3,Primary4,Primary5,Primary6,Primary7,Primary8,Primary9,Primary10,Primary11,Primary12,Primary13,Primary14,Primary15,Primary16,Primary17,Primary18,Primary19,Primary20,Primary21,Primary22,Primary23
6337,2277,79098,406969,388743,105373265,112268422,33,4057,201625,11148,131873,645843,200879,306,641776,105180391,102723849,65217,3856,113218482,94025,4680,112268252,105372793,6523;Primary1,Primary2,Primary3,Primary4,Primary5,Primary6,Primary7,Primary8,Primary9,Primary10,Primary11,Primary12,Primary13,Primary14,Primary16,Primary17,Primary18,Primary19,Primary20,Primary21,Primary22,Primary23
6337,102466759,79098,105373265,112268422,4057,201625,11148,131873,200879,306,102723849,3856,113218482,94025,4680,112268252,105372793,6523,2277;Primary1,Primary2,Primary3,Primary4,Primary5,Primary6,Primary7,Primary8,Primary9,Primary10,Primary11,Primary12,Primary13,Primary14,Primary16,Primary17,Primary18,Primary19,Primary20,Primary21,Primary22,Primary23
144571,112268155;Primary1,Primary2,Primary3,Primary4,Primary5,Primary6,Primary7,Primary8,Primary9,Primary10,Primary11,Primary12,Primary14,Primary15,Primary16,Primary17,Primary18,Primary19,Primary20,Primary21,Primary22,Primary23
5555,284323;Primary1,Primary2,Primary4,Primary5,Primary6,Primary7,Primary8,Primary9,Primary10,Primary11,Primary12,Primary13,Primary14,Primary15,Primary16,Primary17,Primary18,Primary19,Primary20,Primary21,Primary22,Primary23
259294,107984498,26084;Primary1,Primary2,Primary3,Primary4,Primary5,Primary6,Primary7,Primary8,Primary9,Primary10,Primary11,Primary12,Primary13,Primary14,Primary15,Primary16,Primary17,Primary18,Primary19,Primary20,Primary21,Primary22,Primary23
259294,103504738,26084,107984498;Primary1,Primary2,Primary3,Primary4,Primary5,Primary6,Primary7,Primary8,Primary9,Primary10,Primary11,Primary12,Primary14,Primary15,Primary16,Primary17,Primary18,Primary19,Primary20,Primary21,Primary22,Primary23
259294,7620,107984498,100529240;Primary1,Primary2,Primary3,Primary4,Primary5,Primary6,Primary7,Primary8,Primary9,Primary11,Primary12,Primary13,Primary14,Primary15,Primary16,Primary17,Primary18,Primary19,Primary20,Primary21,Primary22,Primary23
259294,163131,284323;Primary1,Primary2,Primary3,Primary5,Primary6,Primary7,Primary8,Primary9,Primary10,Primary11,Primary12,Primary13,Primary14,Primary15,Primary16,Primary17,Primary18,Primary19,Primary20,Primary21,Primary22,Primary23
259294,100529240,107984498,103504738;Primary1,Primary2,Primary3,Primary4,Primary5,Primary6,Primary7,Primary8,Primary9,Primary11,Primary12,Primary13,Primary14,Primary15,Primary16,Primary17,Primary18,Primary19,Primary20,Primary21,Primary22,Primary23
259294,94059;Primary1,Primary2,Primary3,Primary4,Primary5,Primary6,Primary7,Primary8,Primary9,Primary10,Primary11,Primary13,Primary14,Primary15,Primary16,Primary17,Primary18,Primary19,Primary20,Primary21,Primary22,Primary23
259290,342892;Primary2,Primary3,Primary4,Primary5,Primary6,Primary7,Primary8,Primary9,Primary10,Primary11,Primary12,Primary13,Primary14,Primary15,Primary16,Primary17,Primary18,Primary19,Primary20,Primary21,Primary22,Primary23
259290,163131,284323;Primary1,Primary2,Primary3,Primary4,Primary5,Primary7,Primary8,Primary9,Primary10,Primary11,Primary12,Primary13,Primary14,Primary15,Primary16,Primary17,Primary18,Primary19,Primary20,Primary21,Primary22,Primary23
259290,677831;Primary1,Primary2,Primary3,Primary4,Primary6,Primary7,Primary8,Primary9,Primary10,Primary11,Primary12,Primary13,Primary14,Primary15,Primary16,Primary17,Primary18,Primary19,Primary20,Primary21,Primary22,Primary23
5544,767567,255928,4892,3481,7546,8153;Primary1,Primary2,Primary3,Primary4,Primary5,Primary6,Primary7,Primary8,Primary9,Primary10,Primary11,Primary12,Primary13,Primary15,Primary16,Primary17,Primary18,Primary19,Primary20,Primary21,Primary22,Primary23
5544,3780,255928,4892,5545,7546,57524,8153;Primary1,Primary2,Primary3,Primary4,Primary5,Primary6,Primary7,Primary9,Primary10,Primary11,Primary12,Primary13,Primary14,Primary15,Primary16,Primary17,Primary18,Primary19,Primary20,Primary21,Primary22,Primary23
5544,388555,255928,1285,5545,8153,3219;Primary1,Primary2,Primary3,Primary4,Primary5,Primary7,Primary8,Primary9,Primary10,Primary11,Primary12,Primary13,Primary14,Primary15,Primary16,Primary17,Primary18,Primary19,Primary20,Primary21,Primary22,Primary23
5545,4604,7060,4892,1028,4222,340596;Primary1,Primary2,Primary3,Primary4,Primary5,Primary6,Primary7,Primary8,Primary9,Primary10,Primary11,Primary12,Primary13,Primary14,Primary15,Primary16,Primary18,Primary19,Primary20,Primary21,Primary22,Primary23
9052,50964,195814,114569,22943,22941,284111,64073;Primary1,Primary2,Primary3,Primary4,Primary6,Primary7,Primary8,Primary9,Primary10,Primary11,Primary12,Primary13,Primary14,Primary15,Primary16,Primary17,Primary18,Primary19,Primary20,Primary21,Primary22,Primary23
9052,3909;Primary1,Primary2,Primary3,Primary4,Primary5,Primary6,Primary7,Primary8,Primary9,Primary10,Primary11,Primary12,Primary13,Primary14,Primary15,Primary16,Primary17,Primary18,Primary19,Primary20,Primary21,Primary22,Primary23
55507,5787;Primary1,Primary2,Primary3,Primary4,Primary5,Primary6,Primary7,Primary8,Primary9,Primary10,Primary11,Primary12,Primary13,Primary14,Primary15,Primary16,Primary17,Primary18,Primary19,Primary20,Primary21,Primary23
55507,55930;Primary1,Primary2,Primary3,Primary5,Primary6,Primary7,Primary8,Primary9,Primary10,Primary11,Primary12,Primary13,Primary14,Primary15,Primary16,Primary17,Primary18,Primary19,Primary20,Primary21,Primary22,Primary23
10599,255189,200373,5053,9622;Primary1,Primary2,Primary3,Primary4,Primary5,Primary6,Primary7,Primary8,Primary9,Primary10,Primary12,Primary13,Primary14,Primary15,Primary16,Primary17,Primary18,Primary19,Primary20,Primary21,Primary22,Primary23
10599,766,1380;Primary1,Primary2,Primary3,Primary4,Primary5,Primary6,Primary7,Primary8,Primary9,Primary10,Primary11,Primary12,Primary13,Primary14,Primary15,Primary16,Primary17,Primary18,Primary19,Primary20,Primary22,Primary23
10599,9476,1380;Primary1,Primary2,Primary3,Primary4,Primary5,Primary6,Primary7,Primary8,Primary9,Primary10,Primary12,Primary13,Primary14,Primary15,Primary16,Primary17,Primary18,Primary19,Primary20,Primary21,Primary22,Primary23
120892,107984498,79098,112268422,33,4057,201625,11148,131873,645843,200879,306,105180390,102723849,3856,113218482,103504738,94025,112268252,105372793,6523,2277;Primary1,Primary2,Primary3,Primary5,Primary6,Primary7,Primary8,Primary9,Primary10,Primary11,Primary12,Primary13,Primary14,Primary15,Primary16,Primary17,Primary18,Primary19,Primary20,Primary21,Primary22,Primary23
120892,144535,113218482;Primary2,Primary3,Primary4,Primary5,Primary6,Primary7,Primary8,Primary9,Primary10,Primary11,Primary12,Primary13,Primary14,Primary15,Primary16,Primary17,Primary18,Primary19,Primary20,Primary21,Primary22,Primary23
120892,341676,79098,388743,105373265,112268422,6332,33,4057,201625,11148,131873,645843,200879,306,105180390,641776,105180391,102723849,65217,113218482,94025,112268252,105372793,6523;Primary2,Primary3,Primary4,Primary5,Primary6,Primary7,Primary8,Primary9,Primary10,Primary11,Primary12,Primary13,Primary14,Primary15,Primary16,Primary17,Primary18,Primary19,Primary20,Primary21,Primary22,Primary23
120892,503645,388743,112268422,33,4057,201625,11148,645843,200879,105180390,102723849,113218482,100652781,112268252,105372793,6523;Primary1,Primary2,Primary3,Primary4,Primary5,Primary6,Primary7,Primary8,Primary9,Primary10,Primary11,Primary12,Primary13,Primary14,Primary15,Primary16,Primary17,Primary18,Primary19,Primary20,Primary21,Primary22,Primary23
120892,55808;Primary1,Primary2,Primary3,Primary4,Primary5,Primary7,Primary8,Primary9,Primary10,Primary11,Primary12,Primary13,Primary14,Primary15,Primary16,Primary17,Primary18,Primary19,Primary20,Primary21,Primary22,Primary23
120892,284434,112268422,33,645843,200879,105180390,102723849,1577,100652781,503645,105372793;Primary1,Primary2,Primary3,Primary4,Primary5,Primary6,Primary7,Primary8,Primary9,Primary10,Primary11,Primary12,Primary13,Primary14,Primary15,Primary16,Primary17,Primary18,Primary19,Primary20,Primary21,Primary22,Primary23
120892,5349,79098,388743,33,4057,201625,11148,131873,645843,200879,306,105180390,105180391,102723849,6337,3856,113218482,4680,112268252,6523;Primary1,Primary2,Primary3,Primary4,Primary5,Primary6,Primary7,Primary8,Primary9,Primary10,Primary11,Primary12,Primary13,Primary14,Primary16,Primary17,Primary18,Primary19,Primary20,Primary21,Primary22,Primary23
120892,100529240,102723849,1577,100652781,94025;Primary1,Primary2,Primary3,Primary4,Primary5,Primary6,Primary7,Primary8,Primary9,Primary10,Primary11,Primary12,Primary13,Primary14,Primary15,Primary16,Primary17,Primary18,Primary19,Primary20,Primary21,Primary22,Primary23
120892,79818,4057,11148,131873,306,105180390,102723849,94025,112268252,6523;Primary1,Primary2,Primary3,Primary4,Primary5,Primary6,Primary7,Primary8,Primary9,Primary10,Primary11,Primary12,Primary13,Primary14,Primary15,Primary16,Primary17,Primary18,Primary19,Primary20,Primary21,Primary22,Primary23
120892,26609,112268422,4057,201625,11148,131873,645843,200879,306,102723849,3856,113218482,94025,112268252,105372793,6523,2277;Primary1,Primary2,Primary3,Primary4,Primary5,Primary6,Primary7,Primary8,Primary9,Primary10,Primary11,Primary12,Primary13,Primary14,Primary15,Primary16,Primary17,Primary19,Primary20,Primary21,Primary22,Primary23
120892,2277,112268422,33,4057,201625,11148,131873,645843,200879,306,102723849,3856,113218482,94025,112268252,105372793,6523;Primary1,Primary2,Primary3,Primary4,Primary5,Primary6,Primary7,Primary8,Primary9,Primary10,Primary11,Primary12,Primary13,Primary14,Primary15,Primary16,Primary17,Primary18,Primary19,Primary20,Primary21,Primary22,Primary23
120892,389852,79098,112268422,4057,201625,11148,200879,102723849,3856,113218482,112268252,105372793,6523,2277;Primary1,Primary2,Primary3,Primary4,Primary5,Primary6,Primary7,Primary8,Primary9,Primary10,Primary12,Primary13,Primary14,Primary15,Primary16,Primary17,Primary18,Primary19,Primary20,Primary21,Primary22,Primary23
120892,102466759,79098,105373265,112268422,6332,4057,201625,11148,131873,200879,306,102723849,728643,3856,113218482,94025,112268252,6523,2277;Primary2,Primary3,Primary4,Primary5,Primary6,Primary7,Primary8,Primary9,Primary10,Primary11,Primary12,Primary13,Primary14,Primary15,Primary16,Primary17,Primary18,Primary19,Primary20,Primary21,Primary22,Primary23
107984498,341676,79098,105373265,112268422,33,4057,201625,11148,131873,645843,200879,306,105180390,102723849,113218482,94025,112268252,105372793,2277;Primary1,Primary2,Primary3,Primary5,Primary6,Primary7,Primary8,Primary9,Primary10,Primary11,Primary12,Primary13,Primary14,Primary15,Primary16,Primary17,Primary18,Primary19,Primary20,Primary21,Primary22,Primary23
107984498,253970,57402,115019,55289,10018,256076,84525,2160,353189,222166,103504738,10595,94025;Primary1,Primary2,Primary3,Primary4,Primary5,Primary7,Primary8,Primary9,Primary10,Primary11,Primary12,Primary13,Primary14,Primary15,Primary16,Primary17,Primary18,Primary19,Primary20,Primary21,Primary22,Primary23
107984498,767566,79098,105373265,112268422,33,4057,11148,131873,200879,306,102723849,728643,60494,3856,113218482,103504738,94025,112268252,388555,105372793,6523;Primary1,Primary2,Primary3,Primary5,Primary6,Primary7,Primary8,Primary9,Primary10,Primary11,Primary12,Primary13,Primary14,Primary15,Primary16,Primary17,Primary18,Primary19,Primary20,Primary21,Primary22,Primary23
107984498,100652781,105373265,112268422,33,4057,201625,11148,131873,645843,200879,306,105180390,102723849,3856,113218482,103504738,94025,112268252,105372793,6523;Primary1,Primary2,Primary3,Primary5,Primary6,Primary7,Primary8,Primary9,Primary10,Primary11,Primary12,Primary13,Primary14,Primary15,Primary16,Primary17,Primary18,Primary19,Primary20,Primary21,Primary22,Primary23
107984498,503640,200879,120892,100652781,503645,7620,100529240;Primary1,Primary2,Primary3,Primary5,Primary6,Primary7,Primary8,Primary9,Primary10,Primary11,Primary12,Primary13,Primary14,Primary15,Primary16,Primary17,Primary18,Primary19,Primary20,Primary21,Primary22,Primary23
107984498,361,440590,57402,115019,55289,256076,84525,2160,353189,103504738,10595,94025;Primary1,Primary2,Primary3,Primary4,Primary5,Primary7,Primary8,Primary9,Primary10,Primary11,Primary12,Primary13,Primary14,Primary15,Primary16,Primary17,Primary18,Primary19,Primary20,Primary21,Primary22,Primary23
107984498,126353,440590,57402,115019,55289,10018,256076,84525,2160,353189,103504738,10595,94025;Primary1,Primary2,Primary3,Primary4,Primary5,Primary7,Primary8,Primary9,Primary10,Primary11,Primary12,Primary13,Primary14,Primary15,Primary16,Primary17,Primary18,Primary19,Primary20,Primary21,Primary22,Primary23
107984498,7620,94025,100529240;Primary1,Primary2,Primary3,Primary4,Primary5,Primary6,Primary7,Primary8,Primary9,Primary10,Primary11,Primary12,Primary13,Primary14,Primary15,Primary16,Primary17,Primary18,Primary19,Primary20,Primary21,Primary22,Primary23
107984498,148213,7620,100529240;Primary2,Primary3,Primary4,Primary5,Primary6,Primary7,Primary8,Primary9,Primary10,Primary11,Primary12,Primary13,Primary14,Primary15,Primary16,Primary17,Primary18,Primary19,Primary20,Primary21,Primary22,Primary23
107984498,163131,105373265,112268422,33,4057,11148,131873,200879,306,105180390,102723849,3856,113218482,100652781,94025,112268252;Primary1,Primary2,Primary3,Primary5,Primary6,Primary7,Primary8,Primary9,Primary10,Primary11,Primary12,Primary13,Primary14,Primary15,Primary16,Primary17,Primary18,Primary19,Primary20,Primary21,Primary22,Primary23
107984498,284323,33,11148,306,105180390,102723849,1577,341676,100652781,503645,94025,163131;Primary1,Primary2,Primary3,Primary5,Primary6,Primary7,Primary8,Primary9,Primary10,Primary11,Primary12,Primary13,Primary14,Primary15,Primary16,Primary17,Primary18,Primary19,Primary20,Primary21,Primary22,Primary23
107984498,388555,79098,105373265,112268422,33,4057,201625,11148,131873,200879,306,105180390,102723849,3856,113218482,103504738,94025,112268252,105372793,6523;Primary1,Primary2,Primary3,Primary5,Primary6,Primary7,Primary8,Primary9,Primary10,Primary11,Primary12,Primary13,Primary14,Primary15,Primary16,Primary17,Primary18,Primary19,Primary20,Primary21,Primary22,Primary23
107984498,100529240,103504738,94025,79818;Primary1,Primary2,Primary3,Primary4,Primary5,Primary6,Primary7,Primary8,Primary9,Primary10,Primary11,Primary12,Primary13,Primary14,Primary15,Primary16,Primary17,Primary18,Primary19,Primary20,Primary21,Primary22,Primary23
107984498,26226,4057,11148,306,120892,3856,113218482,100652781,94025,112268252,105372793;Primary1,Primary2,Primary3,Primary5,Primary6,Primary7,Primary8,Primary9,Primary10,Primary11,Primary12,Primary13,Primary14,Primary15,Primary16,Primary17,Primary18,Primary19,Primary20,Primary21,Primary22,Primary23
107984498,389852,112268422,200879,341676,94025,100529240,105372793,2277;Primary1,Primary2,Primary3,Primary5,Primary6,Primary7,Primary8,Primary9,Primary10,Primary11,Primary12,Primary13,Primary14,Primary15,Primary16,Primary17,Primary18,Primary19,Primary20,Primary21,Primary22,Primary23
107984498,102723508,79098,105373265,112268422,4057,201625,11148,131873,200879,306,728643,60494,3856,113218482,103504738,94025,112268252,105372793,2277,102466759;Primary1,Primary2,Primary3,Primary5,Primary6,Primary7,Primary8,Primary9,Primary10,Primary11,Primary12,Primary13,Primary14,Primary15,Primary16,Primary17,Primary18,Primary19,Primary20,Primary21,Primary22,Primary23
363,80381;Primary1,Primary2,Primary3,Primary4,Primary5,Primary6,Primary7,Primary8,Primary9,Primary10,Primary11,Primary12,Primary13,Primary14,Primary15,Primary16,Primary18,Primary19,Primary20,Primary21,Primary22,Primary23
363,107985317;Primary1,Primary2,Primary3,Primary4,Primary5,Primary6,Primary7,Primary8,Primary9,Primary10,Primary11,Primary12,Primary13,Primary14,Primary15,Primary16,Primary17,Primary18,Primary19,Primary20,Primary21,Primary22,Primary23
363,23562;Primary1,Primary2,Primary3,Primary4,Primary5,Primary6,Primary7,Primary8,Primary9,Primary10,Primary11,Primary12,Primary13,Primary14,Primary15,Primary16,Primary17,Primary18,Primary20,Primary21,Primary22,Primary23
109729127,218,1043,149465,4629,28824;Primary1,Primary2,Primary4,Primary5,Primary6,Primary7,Primary8,Primary9,Primary10,Primary11,Primary12,Primary13,Primary14,Primary15,Primary16,Primary17,Primary18,Primary19,Primary20,Primary21,Primary22,Primary23
109729127,56241,149465,4629,28824;Primary1,Primary2,Primary3,Primary4,Primary5,Primary6,Primary7,Primary8,Primary9,Primary10,Primary11,Primary12,Primary13,Primary14,Primary15,Primary16,Primary17,Primary18,Primary19,Primary20,Primary21,Primary22,Primary23
3856,3875,388323;Primary1,Primary2,Primary3,Primary4,Primary5,Primary7,Primary8,Primary9,Primary10,Primary11,Primary12,Primary13,Primary14,Primary15,Primary16,Primary17,Primary18,Primary19,Primary20,Primary21,Primary22,Primary23
113218482,144535;Primary1,Primary2,Primary3,Primary4,Primary5,Primary6,Primary7,Primary8,Primary9,Primary10,Primary11,Primary12,Primary13,Primary14,Primary15,Primary16,Primary17,Primary18,Primary19,Primary20,Primary21,Primary22,Primary23
113218482,100529240,112268422,33,4057,11148,200879,306,102723849,120892,107984498,100652781,503645,94025,112268252,105372793,6523;Primary1,Primary2,Primary3,Primary5,Primary6,Primary7,Primary8,Primary9,Primary10,Primary11,Primary12,Primary13,Primary14,Primary15,Primary16,Primary17,Primary18,Primary19,Primary20,Primary21,Primary22,Primary23
3875,3229,1746,7080;Primary1,Primary2,Primary3,Primary4,Primary5,Primary6,Primary7,Primary8,Primary9,Primary10,Primary11,Primary12,Primary13,Primary14,Primary15,Primary16,Primary17,Primary18,Primary19,Primary20,Primary21,Primary22,Primary23
3875,79838,3229,7080;Primary1,Primary2,Primary3,Primary4,Primary5,Primary6,Primary7,Primary8,Primary9,Primary10,Primary11,Primary12,Primary14,Primary15,Primary16,Primary17,Primary18,Primary19,Primary20,Primary21,Primary22,Primary23
3875,55567,3229,7080;Primary1,Primary2,Primary3,Primary4,Primary5,Primary6,Primary7,Primary8,Primary9,Primary10,Primary11,Primary12,Primary13,Primary14,Primary15,Primary16,Primary17,Primary18,Primary19,Primary20,Primary21,Primary22,Primary23
3875,388323;Primary1,Primary2,Primary3,Primary4,Primary5,Primary6,Primary7,Primary8,Primary9,Primary10,Primary11,Primary12,Primary13,Primary14,Primary15,Primary16,Primary18,Primary19,Primary20,Primary21,Primary22,Primary23
3875,84700,3229,7080;Primary1,Primary2,Primary3,Primary4,Primary5,Primary6,Primary7,Primary8,Primary9,Primary10,Primary12,Primary13,Primary14,Primary15,Primary16,Primary17,Primary18,Primary19,Primary20,Primary21,Primary22,Primary23
3229,8091,57111,448831,6441,57526;Primary1,Primary2,Primary3,Primary4,Primary5,Primary6,Primary7,Primary8,Primary9,Primary10,Primary11,Primary12,Primary13,Primary14,Primary16,Primary17,Primary18,Primary19,Primary20,Primary21,Primary22,Primary23
3229,2595,1746;Primary1,Primary2,Primary3,Primary4,Primary5,Primary6,Primary7,Primary8,Primary9,Primary10,Primary11,Primary12,Primary13,Primary14,Primary15,Primary16,Primary18,Primary19,Primary20,Primary21,Primary22,Primary23
3229,5346,10071,9228,114569,58524,22943,22941,387882,28984,7080,284111,50964,64073;Primary2,Primary3,Primary4,Primary5,Primary6,Primary7,Primary8,Primary9,Primary10,Primary11,Primary12,Primary13,Primary14,Primary15,Primary16,Primary17,Primary18,Primary19,Primary20,Primary21,Primary22,Primary23
3229,79838;Primary1,Primary2,Primary3,Primary4,Primary5,Primary6,Primary7,Primary8,Primary9,Primary10,Primary11,Primary12,Primary13,Primary14,Primary15,Primary16,Primary17,Primary18,Primary19,Primary20,Primary21,Primary22,Primary23
3229,999,10071,9228,114569,22943,22941,28984,7080,284111,64073;Primary1,Primary2,Primary3,Primary4,Primary5,Primary6,Primary7,Primary8,Primary9,Primary10,Primary11,Primary12,Primary13,Primary14,Primary15,Primary16,Primary17,Primary18,Primary19,Primary20,Primary21,Primary22,Primary23
3229,3909,58524,22943,22941,7080,999,284111,64073;Primary1,Primary2,Primary3,Primary4,Primary5,Primary6,Primary7,Primary8,Primary9,Primary10,Primary11,Primary13,Primary14,Primary15,Primary16,Primary17,Primary18,Primary19,Primary20,Primary21,Primary22,Primary23
3229,2922,399726,8153;Primary1,Primary2,Primary3,Primary4,Primary5,Primary6,Primary7,Primary8,Primary9,Primary10,Primary11,Primary12,Primary13,Primary14,Primary16,Primary17,Primary18,Primary19,Primary20,Primary21,Primary22,Primary23
3229,3960,114569,58524,22943,22941,28984,7080,999,284111,64073,6473;Primary1,Primary2,Primary3,Primary4,Primary5,Primary6,Primary7,Primary8,Primary9,Primary10,Primary11,Primary13,Primary14,Primary15,Primary16,Primary17,Primary18,Primary19,Primary20,Primary21,Primary22,Primary23
3229,4680,10071,9228,195814,114569,22943,22941,28984,7080,999,284111,50964,64073,112268252;Primary1,Primary2,Primary3,Primary4,Primary5,Primary7,Primary8,Primary9,Primary10,Primary11,Primary12,Primary13,Primary14,Primary15,Primary16,Primary17,Primary18,Primary19,Primary20,Primary21,Primary22,Primary23
3229,84700,10071,9228,114569,22943,729238,22941,387882,7080,284111,50964,64073;Primary1,Primary2,Primary3,Primary4,Primary5,Primary6,Primary7,Primary8,Primary9,Primary10,Primary12,Primary13,Primary14,Primary15,Primary16,Primary17,Primary18,Primary19,Primary20,Primary21,Primary22,Primary23
2065,100129940,57111,10568,7060,105,6441,4892,441581,1028,7546,6751,1381,57524,4222,340596;Primary2,Primary3,Primary4,Primary5,Primary6,Primary7,Primary8,Primary9,Primary10,Primary11,Primary12,Primary13,Primary14,Primary15,Primary16,Primary17,Primary18,Primary19,Primary20,Primary21,Primary22,Primary23
2065,8153,10568,7060,222183,1028,7546,1381,57524,340596;Primary2,Primary3,Primary4,Primary5,Primary6,Primary7,Primary8,Primary9,Primary10,Primary11,Primary12,Primary13,Primary14,Primary15,Primary16,Primary17,Primary18,Primary19,Primary20,Primary21,Primary22,Primary23
2065,55808,1579,9370,100874095,57110,5346,3240,66002,1048;Primary1,Primary2,Primary3,Primary4,Primary5,Primary6,Primary7,Primary8,Primary9,Primary10,Primary11,Primary13,Primary14,Primary15,Primary16,Primary17,Primary18,Primary19,Primary20,Primary21,Primary22,Primary23
2065,2627,57111,10568,7060,105,6441,4892,441581,1028,100129940,6751,1381,57524,4222,340596;Primary2,Primary3,Primary4,Primary5,Primary6,Primary7,Primary8,Primary9,Primary10,Primary11,Primary12,Primary13,Primary14,Primary15,Primary16,Primary17,Primary18,Primary19,Primary20,Primary21,Primary22,Primary23
2065,3780,10568,222183,1028,7546,1381,57524,8153;Primary2,Primary3,Primary4,Primary5,Primary6,Primary7,Primary8,Primary9,Primary10,Primary11,Primary12,Primary13,Primary14,Primary15,Primary16,Primary17,Primary18,Primary19,Primary20,Primary21,Primary22,Primary23
8091,100129940,57111,10568,7060,105,6441,4892,441581,1028,7546,6751,1381,57524,4222,340596;Primary1,Primary2,Primary3,Primary4,Primary5,Primary7,Primary8,Primary9,Primary10,Primary11,Primary12,Primary13,Primary14,Primary15,Primary16,Primary17,Primary18,Primary19,Primary20,Primary21,Primary22,Primary23
8091,4604,57111,7060,105,4892,441581,6751,1381,4222,2627,340596;Primary1,Primary2,Primary3,Primary4,Primary5,Primary7,Primary8,Primary9,Primary10,Primary11,Primary12,Primary13,Primary14,Primary15,Primary16,Primary17,Primary18,Primary19,Primary20,Primary21,Primary22,Primary23
8091,341676,79098,406969,105373265,112268422,33,4057,201625,11148,131873,645843,200879,306,102723849,65217,113218482,767566,112268252,388555,105372793,2277;Primary1,Primary2,Primary3,Primary4,Primary5,Primary6,Primary7,Primary8,Primary9,Primary10,Primary11,Primary13,Primary14,Primary15,Primary16,Primary17,Primary18,Primary19,Primary20,Primary21,Primary22,Primary23
8091,7546,57111,10568,448831,7060,105,6441,4892,441581,1028,6751,1381,57524,4222,57526,340596;Primary1,Primary2,Primary3,Primary4,Primary5,Primary7,Primary8,Primary9,Primary10,Primary11,Primary12,Primary13,Primary14,Primary15,Primary16,Primary17,Primary18,Primary19,Primary20,Primary21,Primary22,Primary23
8091,146177,105373265,131873,306,728643,65217,3856,767566,388555;Primary2,Primary3,Primary4,Primary5,Primary6,Primary7,Primary8,Primary9,Primary10,Primary11,Primary12,Primary13,Primary14,Primary15,Primary16,Primary17,Primary18,Primary19,Primary20,Primary21,Primary22,Primary23
8091,2125,4057,11148,3856,113218482,2277,102723508;Primary1,Primary2,Primary3,Primary4,Primary5,Primary6,Primary7,Primary8,Primary9,Primary10,Primary11,Primary13,Primary14,Primary15,Primary16,Primary17,Primary18,Primary19,Primary20,Primary21,Primary22,Primary23
8091,94025,79098,388743,105373265,112268422,33,4057,201625,11148,131873,645843,200879,306,102723849,728643,65217,3856,113218482,112268252,388555,105372793,6523;Primary1,Primary2,Primary3,Primary4,Primary5,Primary6,Primary7,Primary8,Primary9,Primary10,Primary11,Primary13,Primary14,Primary15,Primary16,Primary17,Primary18,Primary19,Primary20,Primary21,Primary22,Primary23
8091,163131,105373265,131873,306,65217,3856,388555;Primary1,Primary3,Primary4,Primary5,Primary6,Primary7,Primary8,Primary9,Primary10,Primary11,Primary12,Primary13,Primary14,Primary15,Primary16,Primary17,Primary18,Primary19,Primary20,Primary21,Primary22,Primary23
8091,102723508,79098,105373265,112268422,4057,201625,11148,131873,200879,306,285989,728643,65217,113218482,112268252,105372793,6523;Primary1,Primary2,Primary3,Primary4,Primary5,Primary6,Primary7,Primary8,Primary9,Primary10,Primary11,Primary13,Primary14,Primary15,Primary16,Primary17,Primary18,Primary19,Primary20,Primary21,Primary22,Primary23
8091,102466759,79098,105373265,112268422,4057,201625,11148,131873,200879,306,102723849,285989,728643,113218482,112268252,105372793,6523;Primary1,Primary2,Primary3,Primary4,Primary5,Primary6,Primary7,Primary8,Primary9,Primary10,Primary11,Primary13,Primary14,Primary15,Primary16,Primary17,Primary18,Primary19,Primary20,Primary21,Primary22,Primary23
100129940,8153,10568,7060,105,4892,1028,7546,1381,57524,4222,340596;Primary1,Primary2,Primary3,Primary4,Primary5,Primary6,Primary7,Primary8,Primary9,Primary10,Primary11,Primary12,Primary13,Primary14,Primary15,Primary17,Primary18,Primary19,Primary20,Primary21,Primary22,Primary23
100129940,57526,57111,255928,10568,448831,7060,105,6441,441581,7546,6751,1381,57524,4222;Primary1,Primary2,Primary3,Primary4,Primary5,Primary6,Primary7,Primary8,Primary9,Primary10,Primary12,Primary13,Primary14,Primary15,Primary16,Primary17,Primary18,Primary19,Primary20,Primary21,Primary22,Primary23
5787,1910;Primary1,Primary2,Primary3,Primary4,Primary5,Primary6,Primary8,Primary9,Primary10,Primary11,Primary12,Primary13,Primary14,Primary15,Primary16,Primary17,Primary18,Primary19,Primary20,Primary21,Primary22,Primary23
5787,57477;Primary1,Primary2,Primary3,Primary4,Primary5,Primary6,Primary7,Primary8,Primary9,Primary10,Primary11,Primary12,Primary13,Primary14,Primary15,Primary16,Primary17,Primary18,Primary19,Primary20,Primary21,Primary22,Primary23
144535,440352,201625,11148,645843,102723849,100652781,503645;Primary1,Primary2,Primary3,Primary4,Primary5,Primary6,Primary7,Primary8,Primary9,Primary10,Primary11,Primary12,Primary13,Primary14,Primary15,Primary16,Primary17,Primary18,Primary19,Primary20,Primary22,Primary23
160728,767567,81832;Primary1,Primary2,Primary3,Primary4,Primary5,Primary6,Primary7,Primary9,Primary10,Primary11,Primary12,Primary13,Primary14,Primary15,Primary16,Primary17,Primary18,Primary19,Primary20,Primary21,Primary22,Primary23
4604,29895,105369937,4606,7125;Primary1,Primary2,Primary3,Primary4,Primary5,Primary6,Primary7,Primary8,Primary9,Primary10,Primary11,Primary12,Primary13,Primary14,Primary15,Primary16,Primary17,Primary18,Primary19,Primary20,Primary21,Primary22,Primary23
105369937,767567,4892,4606;Primary1,Primary2,Primary3,Primary4,Primary5,Primary6,Primary7,Primary8,Primary9,Primary10,Primary11,Primary12,Primary13,Primary14,Primary15,Primary16,Primary17,Primary18,Primary19,Primary20,Primary21,Primary22
105369937,123624;Primary1,Primary2,Primary3,Primary4,Primary5,Primary6,Primary7,Primary8,Primary9,Primary10,Primary11,Primary12,Primary13,Primary14,Primary15,Primary16,Primary17,Primary18,Primary19,Primary20,Primary21,Primary22,Primary23
105369937,3780,7060,4892,4604;Primary1,Primary2,Primary3,Primary4,Primary5,Primary6,Primary7,Primary9,Primary10,Primary11,Primary12,Primary13,Primary14,Primary15,Primary16,Primary17,Primary18,Primary19,Primary20,Primary21,Primary22,Primary23
105369937,340596,7060,4892,4604;Primary1,Primary2,Primary3,Primary4,Primary5,Primary6,Primary7,Primary8,Primary9,Primary10,Primary11,Primary12,Primary13,Primary14,Primary15,Primary16,Primary18,Primary19,Primary20,Primary21,Primary22,Primary23
5053,255189,128674;Primary1,Primary2,Primary3,Primary4,Primary5,Primary6,Primary7,Primary8,Primary9,Primary10,Primary11,Primary12,Primary13,Primary14,Primary15,Primary16,Primary17,Primary18,Primary19,Primary20,Primary21,Primary22,Primary23
387882,21,10071,9228,114569,22943,22941,3229,28984,7080,284111,50964,64073;Primary1,Primary2,Primary3,Primary4,Primary5,Primary6,Primary7,Primary9,Primary10,Primary11,Primary12,Primary13,Primary14,Primary15,Primary16,Primary17,Primary18,Primary19,Primary20,Primary21,Primary22,Primary23
387882,3960,277,10071,9228,114569,58524,22943,22941,28984,7080,5346,284111,64073,6473;Primary2,Primary3,Primary4,Primary5,Primary6,Primary7,Primary8,Primary9,Primary10,Primary11,Primary12,Primary13,Primary14,Primary15,Primary16,Primary17,Primary18,Primary19,Primary20,Primary21,Primary22,Primary23
54997,9365;Primary1,Primary2,Primary3,Primary4,Primary5,Primary7,Primary8,Primary9,Primary10,Primary11,Primary12,Primary13,Primary14,Primary15,Primary16,Primary17,Primary18,Primary19,Primary20,Primary21,Primary22,Primary23
54997,55808,115677;Primary1,Primary2,Primary3,Primary4,Primary5,Primary6,Primary7,Primary8,Primary10,Primary11,Primary12,Primary13,Primary14,Primary15,Primary16,Primary17,Primary18,Primary19,Primary20,Primary21,Primary22,Primary23
54997,57186;Primary1,Primary2,Primary3,Primary4,Primary5,Primary7,Primary8,Primary9,Primary10,Primary11,Primary12,Primary13,Primary14,Primary15,Primary16,Primary17,Primary18,Primary19,Primary20,Primary21,Primary22,Primary23
10129,100652781,440352,503645,100158262;Primary1,Primary2,Primary3,Primary4,Primary5,Primary7,Primary8,Primary9,Primary10,Primary11,Primary12,Primary13,Primary14,Primary15,Primary16,Primary17,Primary18,Primary19,Primary20,Primary21,Primary22,Primary23
10129,124944,100506755;Primary1,Primary2,Primary3,Primary4,Primary5,Primary6,Primary7,Primary8,Primary9,Primary10,Primary11,Primary12,Primary13,Primary14,Primary15,Primary16,Primary17,Primary18,Primary19,Primary20,Primary21,Primary22
10129,100506755;Primary1,Primary2,Primary3,Primary4,Primary5,Primary6,Primary7,Primary8,Primary9,Primary10,Primary11,Primary12,Primary13,Primary14,Primary15,Primary16,Primary17,Primary18,Primary19,Primary20,Primary21,Primary22,Primary23
10129,503640,100129460;Primary1,Primary2,Primary3,Primary4,Primary5,Primary6,Primary8,Primary9,Primary10,Primary11,Primary12,Primary13,Primary14,Primary15,Primary16,Primary17,Primary18,Primary19,Primary20,Primary21,Primary22,Primary23
10129,3880,1999,56955,340267,1556;Primary2,Primary3,Primary4,Primary5,Primary6,Primary7,Primary8,Primary9,Primary10,Primary11,Primary12,Primary13,Primary14,Primary15,Primary16,Primary17,Primary18,Primary19,Primary20,Primary21,Primary22,Primary23
10129,100505495,7225;Primary1,Primary2,Primary3,Primary4,Primary5,Primary6,Primary8,Primary9,Primary10,Primary11,Primary12,Primary13,Primary14,Primary15,Primary16,Primary17,Primary18,Primary19,Primary20,Primary21,Primary22,Primary23
10129,100158262;Primary1,Primary2,Primary3,Primary4,Primary5,Primary6,Primary7,Primary8,Primary9,Primary10,Primary11,Primary12,Primary13,Primary14,Primary15,Primary16,Primary17,Primary18,Primary19,Primary20,Primary21,Primary22,Primary23
28984,100033436,277,116228,10071,9228,22941;Primary1,Primary2,Primary3,Primary4,Primary5,Primary6,Primary7,Primary9,Primary10,Primary11,Primary12,Primary13,Primary14,Primary15,Primary16,Primary17,Primary18,Primary19,Primary20,Primary21,Primary22,Primary23
28984,92086,729238,387882,7080,6473;Primary1,Primary2,Primary3,Primary4,Primary5,Primary6,Primary7,Primary8,Primary9,Primary10,Primary11,Primary12,Primary13,Primary14,Primary15,Primary16,Primary17,Primary18,Primary19,Primary20,Primary21,Primary22
28984,84700,54897,10071,9228,114569,22943,22941,7080,284111,50964,64073;Primary1,Primary2,Primary3,Primary4,Primary5,Primary6,Primary7,Primary8,Primary9,Primary10,Primary12,Primary13,Primary14,Primary15,Primary16,Primary17,Primary18,Primary19,Primary20,Primary21,Primary22,Primary23
341676,767566,79098,406969,105373265,112268422,33,4057,201625,11148,131873,200879,306,102723849,728643,65217,60494,3856,113218482,112268252,388555,105372793,6523,2277;Primary1,Primary2,Primary4,Primary5,Primary6,Primary7,Primary8,Primary9,Primary10,Primary11,Primary12,Primary13,Primary14,Primary15,Primary16,Primary17,Primary18,Primary19,Primary20,Primary21,Primary22,Primary23
341676,55329;Primary1,Primary2,Primary3,Primary4,Primary5,Primary7,Primary8,Primary9,Primary10,Primary11,Primary12,Primary13,Primary14,Primary15,Primary16,Primary17,Primary18,Primary19,Primary20,Primary21,Primary22,Primary23
341676,100652781,105373265,112268422,33,4057,201625,11148,645843,200879,306,105180390,641776,105180391,102723849,113218482,94025,112268252,105372793;Primary1,Primary2,Primary3,Primary4,Primary5,Primary6,Primary7,Primary8,Primary9,Primary10,Primary11,Primary12,Primary13,Primary14,Primary15,Primary16,Primary17,Primary18,Primary19,Primary20,Primary21,Primary22,Primary23
341676,440352,105373265,33,201625,11148,645843,105180390,641776,105180391,102723849,100652781,503645;Primary1,Primary2,Primary3,Primary4,Primary5,Primary6,Primary7,Primary9,Primary10,Primary11,Primary12,Primary13,Primary14,Primary15,Primary16,Primary17,Primary18,Primary19,Primary20,Primary21,Primary22,Primary23
341676,1770,102723382;Primary1,Primary2,Primary3,Primary4,Primary5,Primary7,Primary8,Primary9,Primary10,Primary11,Primary12,Primary13,Primary14,Primary15,Primary16,Primary17,Primary18,Primary19,Primary20,Primary21,Primary22,Primary23
341676,400578,201625,645843,105180390,641776,105180391,102723849,1577,100652781,503645;Primary1,Primary2,Primary3,Primary4,Primary5,Primary6,Primary7,Primary8,Primary9,Primary11,Primary12,Primary13,Primary14,Primary15,Primary16,Primary17,Primary18,Primary19,Primary20,Primary21,Primary22,Primary23
341676,503645,105373265,112268422,33,4057,201625,11148,645843,200879,105180390,641776,105180391,102723849,113218482,100652781,112268252,105372793;Primary1,Primary2,Primary3,Primary4,Primary5,Primary6,Primary7,Primary8,Primary9,Primary10,Primary11,Primary12,Primary13,Primary14,Primary15,Primary16,Primary17,Primary18,Primary19,Primary20,Primary21,Primary22,Primary23
341676,7620,94025,100529240;Primary1,Primary2,Primary3,Primary4,Primary5,Primary6,Primary7,Primary8,Primary9,Primary10,Primary11,Primary12,Primary13,Primary14,Primary15,Primary16,Primary17,Primary18,Primary19,Primary20,Primary21,Primary22,Primary23
341676,163131,105373265,112268422,33,4057,11148,200879,306,105180390,641776,105180391,102723849,65217,113218482,94025,112268252;Primary1,Primary2,Primary3,Primary4,Primary5,Primary6,Primary7,Primary8,Primary9,Primary10,Primary11,Primary12,Primary13,Primary14,Primary15,Primary16,Primary17,Primary18,Primary19,Primary20,Primary21,Primary22,Primary23
341676,388555,79098,406969,105373265,112268422,33,4057,201625,11148,200879,306,641776,105180391,102723849,65217,113218482,112268252,105372793;Primary1,Primary2,Primary3,Primary4,Primary5,Primary6,Primary7,Primary8,Primary9,Primary10,Primary11,Primary12,Primary13,Primary14,Primary15,Primary16,Primary17,Primary18,Primary19,Primary20,Primary21,Primary22,Primary23
341676,100529240,102723849,1577,100652781,94025;Primary1,Primary2,Primary3,Primary4,Primary5,Primary6,Primary7,Primary8,Primary9,Primary10,Primary11,Primary12,Primary13,Primary14,Primary15,Primary16,Primary17,Primary18,Primary19,Primary20,Primary21,Primary22,Primary23
341676,79818,4057,11148,131873,200879,306,105180390,641776,105180391,102723849,100652781,503645,284434,112268252,6523;Primary1,Primary2,Primary4,Primary5,Primary6,Primary7,Primary8,Primary9,Primary10,Primary11,Primary12,Primary13,Primary14,Primary15,Primary16,Primary17,Primary18,Primary19,Primary20,Primary21,Primary22,Primary23
341676,28824,79098,406969,105373265,112268422,33,4057,201625,11148,645843,200879,306,641776,102723849,65217,113218482,112268252,105372793,26226,2277;Primary1,Primary2,Primary3,Primary4,Primary6,Primary7,Primary8,Primary9,Primary10,Primary11,Primary12,Primary13,Primary14,Primary15,Primary16,Primary17,Primary18,Primary19,Primary20,Primary21,Primary22,Primary23
341676,102466759,79098,105373265,112268422,33,4057,201625,11148,131873,200879,306,102723849,728643,3856,113218482,94025,112268252,105372793,6523,2277;Primary1,Primary2,Primary4,Primary5,Primary6,Primary7,Primary8,Primary9,Primary10,Primary11,Primary12,Primary13,Primary14,Primary15,Primary16,Primary17,Primary18,Primary19,Primary20,Primary21,Primary22,Primary23
341676,102723382,7620;Primary1,Primary2,Primary3,Primary4,Primary5,Primary6,Primary7,Primary8,Primary9,Primary10,Primary11,Primary12,Primary13,Primary14,Primary15,Primary16,Primary17,Primary18,Primary19,Primary20,Primary21,Primary22,Primary23
688,89765;Primary1,Primary2,Primary3,Primary4,Primary5,Primary6,Primary7,Primary8,Primary9,Primary10,Primary11,Primary12,Primary13,Primary14,Primary15,Primary16,Primary17,Primary18,Primary19,Primary21,Primary22,Primary23
8796,55329;Primary1,Primary2,Primary3,Primary4,Primary5,Primary6,Primary7,Primary8,Primary9,Primary10,Primary11,Primary12,Primary13,Primary14,Primary15,Primary16,Primary17,Primary18,Primary19,Primary20,Primary21,Primary22,Primary23
1910,4629,9411,7851,10203,56241;Primary1,Primary2,Primary3,Primary4,Primary5,Primary6,Primary7,Primary8,Primary10,Primary11,Primary12,Primary13,Primary14,Primary15,Primary16,Primary17,Primary18,Primary19,Primary20,Primary21,Primary22,Primary23
1910,57477,9411,7851,10203;Primary1,Primary2,Primary3,Primary4,Primary5,Primary6,Primary8,Primary9,Primary10,Primary11,Primary12,Primary13,Primary14,Primary15,Primary16,Primary17,Primary18,Primary19,Primary20,Primary21,Primary22,Primary23
7546,3219,255928,3481,5544,5545,8153;Primary1,Primary2,Primary3,Primary4,Primary5,Primary7,Primary8,Primary9,Primary10,Primary11,Primary12,Primary13,Primary14,Primary15,Primary16,Primary17,Primary18,Primary19,Primary20,Primary21,Primary22,Primary23
7546,2627,57111,10568,448831,7060,105,6441,4892,441581,1028,6751,1381,57524,4222,340596;Primary1,Primary2,Primary3,Primary4,Primary5,Primary6,Primary7,Primary8,Primary9,Primary10,Primary11,Primary12,Primary13,Primary14,Primary15,Primary16,Primary18,Primary19,Primary20,Primary21,Primary22,Primary23
253970,7080,729238;Primary1,Primary2,Primary3,Primary5,Primary6,Primary7,Primary8,Primary9,Primary10,Primary11,Primary12,Primary13,Primary14,Primary15,Primary16,Primary17,Primary18,Primary19,Primary20,Primary21,Primary22,Primary23
253970,55930;Primary1,Primary2,Primary3,Primary4,Primary5,Primary6,Primary8,Primary9,Primary10,Primary11,Primary12,Primary13,Primary14,Primary15,Primary16,Primary17,Primary18,Primary19,Primary20,Primary21,Primary22,Primary23
253970,7473,55289,84525,2160,353189,10595,361,107985317;Primary1,Primary2,Primary3,Primary4,Primary5,Primary6,Primary7,Primary8,Primary9,Primary10,Primary11,Primary12,Primary13,Primary14,Primary15,Primary16,Primary17,Primary18,Primary19,Primary20,Primary21,Primary22,Primary23
253970,126353,57402,115019,55289,256076,84525,2160,353189,10595;Primary1,Primary2,Primary3,Primary4,Primary5,Primary6,Primary7,Primary8,Primary9,Primary10,Primary11,Primary12,Primary13,Primary14,Primary15,Primary16,Primary17,Primary18,Primary19,Primary20,Primary21,Primary22,Primary23
253970,107985317,115019,55289,84525,2160,353189,10595,361;Primary1,Primary2,Primary3,Primary4,Primary5,Primary6,Primary7,Primary8,Primary9,Primary10,Primary11,Primary12,Primary13,Primary14,Primary15,Primary16,Primary17,Primary18,Primary19,Primary20,Primary21,Primary22,Primary23
253970,284340,2160;Primary1,Primary2,Primary3,Primary4,Primary5,Primary6,Primary7,Primary8,Primary9,Primary10,Primary11,Primary12,Primary13,Primary15,Primary16,Primary17,Primary18,Primary19,Primary20,Primary21,Primary22,Primary23
253970,79784;Primary1,Primary2,Primary3,Primary5,Primary6,Primary7,Primary8,Primary9,Primary10,Primary11,Primary12,Primary13,Primary14,Primary15,Primary16,Primary17,Primary18,Primary19,Primary20,Primary21,Primary22,Primary23
253970,92086;Primary1,Primary2,Primary3,Primary5,Primary6,Primary7,Primary8,Primary9,Primary10,Primary11,Primary12,Primary13,Primary14,Primary15,Primary16,Primary17,Primary18,Primary19,Primary20,Primary21,Primary22,Primary23
253970,84700,729238;Primary1,Primary2,Primary3,Primary5,Primary6,Primary7,Primary8,Primary9,Primary10,Primary11,Primary12,Primary13,Primary14,Primary15,Primary16,Primary17,Primary18,Primary19,Primary20,Primary21,Primary22,Primary23
7080,767567,7203,8153;Primary1,Primary2,Primary3,Primary4,Primary5,Primary6,Primary7,Primary8,Primary9,Primary10,Primary11,Primary12,Primary13,Primary14,Primary16,Primary17,Primary18,Primary19,Primary20,Primary21,Primary22,Primary23
7080,55930,22941,999,64073;Primary1,Primary2,Primary3,Primary4,Primary5,Primary6,Primary8,Primary9,Primary10,Primary11,Primary12,Primary13,Primary14,Primary15,Primary16,Primary17,Primary18,Primary19,Primary20,Primary21,Primary22,Primary23
7080,5346,277,10071,9228,114569,83481,22943,22941,28984,999,284111,50964,64073;Primary2,Primary3,Primary4,Primary5,Primary6,Primary7,Primary8,Primary9,Primary10,Primary11,Primary12,Primary13,Primary14,Primary15,Primary16,Primary17,Primary18,Primary19,Primary20,Primary21,Primary22,Primary23
7080,50964,54897,10071,9228,114569,22943,22941,284111,64073;Primary1,Primary2,Primary3,Primary4,Primary5,Primary6,Primary7,Primary8,Primary9,Primary10,Primary11,Primary12,Primary13,Primary14,Primary15,Primary16,Primary17,Primary18,Primary19,Primary20,Primary21,Primary22,Primary23
767566,767567,7203,255928,8153;Primary1,Primary2,Primary3,Primary4,Primary5,Primary7,Primary8,Primary9,Primary10,Primary11,Primary12,Primary13,Primary14,Primary15,Primary16,Primary17,Primary18,Primary19,Primary20,Primary21,Primary22,Primary23
767566,103504738,79098,406969,105373265,112268422,33,4057,11148,131873,200879,306,102723849,728643,65217,60494,3856,113218482,94025,112268252,388555,105372793,6523;Primary1,Primary2,Primary3,Primary5,Primary6,Primary7,Primary8,Primary9,Primary10,Primary11,Primary12,Primary13,Primary14,Primary15,Primary16,Primary17,Primary18,Primary19,Primary20,Primary21,Primary22,Primary23
767566,3219,1285;Primary1,Primary2,Primary3,Primary4,Primary5,Primary6,Primary8,Primary9,Primary10,Primary11,Primary12,Primary13,Primary14,Primary15,Primary16,Primary17,Primary18,Primary19,Primary20,Primary21,Primary22,Primary23
767566,4680,79098,406969,105373265,112268422,33,4057,201625,11148,131873,200879,306,102723849,728643,65217,60494,3856,113218482,112268252,388555,105372793,6523;Primary1,Primary2,Primary3,Primary4,Primary5,Primary6,Primary7,Primary8,Primary9,Primary10,Primary11,Primary12,Primary13,Primary14,Primary16,Primary17,Primary18,Primary19,Primary20,Primary21,Primary22,Primary23
767566,79784;Primary1,Primary2,Primary3,Primary4,Primary5,Primary6,Primary7,Primary9,Primary10,Primary11,Primary12,Primary13,Primary14,Primary15,Primary16,Primary17,Primary18,Primary19,Primary20,Primary21,Primary22,Primary23
767566,54084,255928,1285;Primary1,Primary2,Primary3,Primary4,Primary5,Primary7,Primary8,Primary9,Primary10,Primary11,Primary12,Primary13,Primary14,Primary15,Primary16,Primary17,Primary18,Primary19,Primary20,Primary21,Primary22,Primary23
767566,28824,79098,406969,105373265,112268422,33,4057,201625,11148,131873,200879,306,102723849,728643,65217,60494,3856,113218482,112268252,388555,105372793,26226,6523;Primary1,Primary2,Primary3,Primary4,Primary6,Primary7,Primary8,Primary9,Primary10,Primary11,Primary12,Primary13,Primary14,Primary15,Primary16,Primary17,Primary18,Primary19,Primary20,Primary21,Primary22,Primary23
767566,26609,79098,406969,105373265,112268422,4057,11148,131873,200879,306,102723849,728643,65217,60494,3856,113218482,112268252,105372793,6523;Primary1,Primary2,Primary3,Primary4,Primary5,Primary6,Primary7,Primary8,Primary9,Primary10,Primary11,Primary12,Primary13,Primary14,Primary15,Primary16,Primary17,Primary19,Primary20,Primary21,Primary22,Primary23
767566,2277,79098,406969,105373265,112268422,33,4057,201625,11148,131873,645843,200879,306,102723849,728643,65217,60494,3856,113218482,112268252,105372793,6523;Primary1,Primary2,Primary3,Primary4,Primary5,Primary6,Primary7,Primary9,Primary10,Primary11,Primary12,Primary13,Primary14,Primary15,Primary16,Primary17,Primary18,Primary19,Primary20,Primary21,Primary22,Primary23
767566,102466759,79098,105373265,112268422,33,4057,201625,11148,131873,200879,306,102723849,728643,3856,113218482,94025,112268252,388555,105372793,6523,2277;Primary1,Primary2,Primary3,Primary4,Primary5,Primary6,Primary7,Primary8,Primary9,Primary10,Primary12,Primary13,Primary14,Primary15,Primary16,Primary17,Primary18,Primary19,Primary20,Primary21,Primary22,Primary23
767566,102723382,79098,406969,112268422,33,4057,201625,11148,131873,200879,306,102723849,728643,60494,3856,113218482,341676,112268252,105372793,6523,2277;Primary1,Primary2,Primary4,Primary5,Primary6,Primary7,Primary8,Primary9,Primary10,Primary11,Primary12,Primary13,Primary14,Primary15,Primary16,Primary17,Primary18,Primary19,Primary20,Primary21,Primary22,Primary23
767567,81832;Primary1,Primary2,Primary3,Primary4,Primary5,Primary6,Primary7,Primary8,Primary9,Primary10,Primary11,Primary12,Primary13,Primary14,Primary15,Primary16,Primary17,Primary18,Primary19,Primary20,Primary21,Primary22,Primary23
767567,284340,81832;Primary1,Primary2,Primary3,Primary5,Primary6,Primary7,Primary8,Primary9,Primary10,Primary11,Primary12,Primary13,Primary14,Primary15,Primary16,Primary17,Primary18,Primary19,Primary20,Primary21,Primary22,Primary23
767567,54084,255928,9211;Primary1,Primary2,Primary3,Primary4,Primary5,Primary6,Primary7,Primary8,Primary9,Primary10,Primary11,Primary12,Primary13,Primary15,Primary16,Primary17,Primary18,Primary19,Primary20,Primary21,Primary22,Primary23
724026,28824;Primary1,Primary2,Primary3,Primary4,Primary5,Primary6,Primary7,Primary8,Primary10,Primary11,Primary12,Primary13,Primary14,Primary15,Primary16,Primary17,Primary18,Primary19,Primary20,Primary21,Primary22,Primary23
1152,2208,1513,284266,54,4318,109729184;Primary1,Primary2,Primary3,Primary4,Primary5,Primary6,Primary7,Primary8,Primary9,Primary10,Primary11,Primary12,Primary13,Primary14,Primary15,Primary16,Primary17,Primary18,Primary19,Primary20,Primary21,Primary22
1152,7125,29895,2696,164312;Primary1,Primary2,Primary3,Primary4,Primary5,Primary6,Primary7,Primary8,Primary9,Primary10,Primary11,Primary12,Primary13,Primary14,Primary15,Primary16,Primary18,Primary19,Primary20,Primary21,Primary22,Primary23
606,128602,2537,128218,632,654433,1555;Primary1,Primary2,Primary3,Primary4,Primary5,Primary6,Primary7,Primary9,Primary10,Primary11,Primary12,Primary13,Primary14,Primary15,Primary16,Primary17,Primary18,Primary19,Primary20,Primary21,Primary22,Primary23
606,89765,1380,24150;Primary1,Primary2,Primary3,Primary4,Primary5,Primary6,Primary7,Primary8,Primary9,Primary10,Primary11,Primary12,Primary13,Primary14,Primary15,Primary16,Primary17,Primary18,Primary19,Primary20,Primary21,Primary22,Primary23
606,728226,1380,766;Primary1,Primary2,Primary3,Primary4,Primary5,Primary6,Primary8,Primary9,Primary10,Primary11,Primary12,Primary13,Primary14,Primary15,Primary16,Primary17,Primary18,Primary19,Primary20,Primary21,Primary22,Primary23
100033430,1381,56896,1286,100419743,5225,11081,246,27134;Primary1,Primary2,Primary3,Primary4,Primary5,Primary6,Primary7,Primary8,Primary9,Primary10,Primary11,Primary13,Primary14,Primary15,Primary16,Primary17,Primary18,Primary19,Primary20,Primary21,Primary22,Primary23
100033430,766,5225,253982;Primary1,Primary2,Primary3,Primary4,Primary5,Primary6,Primary7,Primary8,Primary9,Primary10,Primary11,Primary12,Primary13,Primary14,Primary15,Primary16,Primary17,Primary18,Primary19,Primary20,Primary21,Primary23
100033430,284111,1286,79740,11081;Primary1,Primary2,Primary3,Primary4,Primary5,Primary6,Primary7,Primary8,Primary9,Primary10,Primary11,Primary12,Primary13,Primary14,Primary16,Primary17,Primary18,Primary19,Primary20,Primary21,Primary22,Primary23
100033430,100506755,10129;Primary1,Primary2,Primary3,Primary4,Primary5,Primary6,Primary7,Primary9,Primary10,Primary11,Primary12,Primary13,Primary14,Primary15,Primary16,Primary17,Primary18,Primary19,Primary20,Primary21,Primary22,Primary23
100033430,762,339983,100302161;Primary1,Primary2,Primary3,Primary4,Primary5,Primary6,Primary8,Primary9,Primary10,Primary11,Primary12,Primary13,Primary14,Primary15,Primary16,Primary17,Primary18,Primary19,Primary20,Primary21,Primary22,Primary23
100033430,4861,1286,100419743,5225,11081,246,27134;Primary1,Primary2,Primary3,Primary4,Primary5,Primary6,Primary7,Primary8,Primary9,Primary10,Primary11,Primary12,Primary13,Primary14,Primary15,Primary16,Primary17,Primary19,Primary20,Primary21,Primary22,Primary23
100033430,54084,1286,100419743,5225,441151,11081,246,27134;Primary1,Primary2,Primary3,Primary4,Primary5,Primary6,Primary7,Primary8,Primary9,Primary10,Primary12,Primary13,Primary14,Primary15,Primary16,Primary17,Primary18,Primary19,Primary20,Primary21,Primary22,Primary23
100033430,728226,5225,11081,246,27134;Primary1,Primary2,Primary3,Primary4,Primary5,Primary6,Primary7,Primary8,Primary9,Primary10,Primary11,Primary12,Primary13,Primary14,Primary15,Primary16,Primary17,Primary18,Primary19,Primary20,Primary21,Primary22,Primary23
100033436,21,9228;Primary1,Primary2,Primary3,Primary4,Primary5,Primary6,Primary7,Primary8,Primary9,Primary10,Primary11,Primary12,Primary13,Primary14,Primary15,Primary16,Primary17,Primary18,Primary19,Primary20,Primary21,Primary22,Primary23
100033436,50964,10071,9228,114569,7080;Primary1,Primary2,Primary3,Primary4,Primary5,Primary6,Primary7,Primary8,Primary9,Primary11,Primary12,Primary13,Primary14,Primary15,Primary16,Primary17,Primary18,Primary19,Primary20,Primary21,Primary22,Primary23
255189,8153,255928,3481;Primary1,Primary2,Primary3,Primary4,Primary5,Primary6,Primary7,Primary8,Primary9,Primary10,Primary11,Primary12,Primary13,Primary14,Primary15,Primary16,Primary17,Primary18,Primary19,Primary20,Primary22,Primary23
255189,54084,255928,886,9211;Primary1,Primary2,Primary3,Primary4,Primary5,Primary6,Primary7,Primary8,Primary9,Primary10,Primary11,Primary12,Primary13,Primary14,Primary15,Primary16,Primary17,Primary18,Primary19,Primary20,Primary22,Primary23
2595,112268155;Primary1,Primary3,Primary4,Primary5,Primary6,Primary7,Primary8,Primary9,Primary10,Primary11,Primary12,Primary13,Primary14,Primary15,Primary16,Primary17,Primary18,Primary19,Primary20,Primary21,Primary22,Primary23
2595,100506755,825;Primary1,Primary2,Primary3,Primary4,Primary5,Primary6,Primary7,Primary8,Primary9,Primary11,Primary12,Primary13,Primary14,Primary15,Primary16,Primary17,Primary18,Primary19,Primary20,Primary21,Primary22,Primary23
825,124944,100506755;Primary1,Primary3,Primary4,Primary5,Primary6,Primary7,Primary8,Primary9,Primary10,Primary11,Primary12,Primary13,Primary14,Primary15,Primary16,Primary17,Primary18,Primary19,Primary20,Primary21,Primary22,Primary23
825,503645,120892;Primary1,Primary2,Primary3,Primary4,Primary5,Primary6,Primary7,Primary8,Primary9,Primary10,Primary11,Primary12,Primary13,Primary14,Primary15,Primary16,Primary17,Primary18,Primary19,Primary20,Primary21,Primary23
825,284434,120892,503645;Primary1,Primary2,Primary3,Primary4,Primary5,Primary6,Primary7,Primary8,Primary9,Primary11,Primary12,Primary13,Primary14,Primary15,Primary16,Primary17,Primary18,Primary19,Primary20,Primary21,Primary22,Primary23
100126311,391253;Primary1,Primary2,Primary3,Primary4,Primary5,Primary6,Primary7,Primary8,Primary9,Primary10,Primary11,Primary12,Primary13,Primary14,Primary15,Primary16,Primary17,Primary18,Primary19,Primary21,Primary22,Primary23
100126311,23562,54769,109729184;Primary1,Primary3,Primary4,Primary5,Primary6,Primary7,Primary8,Primary9,Primary10,Primary11,Primary12,Primary13,Primary14,Primary15,Primary16,Primary17,Primary18,Primary19,Primary20,Primary21,Primary22,Primary23
55930,999,276,22941,3909,64073;Primary1,Primary2,Primary3,Primary4,Primary5,Primary6,Primary8,Primary9,Primary10,Primary11,Primary12,Primary13,Primary14,Primary15,Primary16,Primary17,Primary18,Primary19,Primary20,Primary21,Primary22,Primary23
55329,1770,646480,595135;Primary1,Primary2,Primary3,Primary5,Primary6,Primary7,Primary8,Primary9,Primary10,Primary11,Primary12,Primary13,Primary14,Primary15,Primary16,Primary17,Primary18,Primary19,Primary20,Primary21,Primary22,Primary23
55329,677831,100158262;Primary1,Primary2,Primary3,Primary4,Primary6,Primary7,Primary8,Primary9,Primary10,Primary11,Primary12,Primary13,Primary14,Primary15,Primary16,Primary17,Primary18,Primary19,Primary20,Primary21,Primary22,Primary23
55329,100158262;Primary1,Primary2,Primary3,Primary4,Primary5,Primary6,Primary7,Primary8,Primary9,Primary10,Primary11,Primary12,Primary13,Primary14,Primary15,Primary16,Primary17,Primary18,Primary19,Primary20,Primary21,Primary22,Primary23
100820829,80004,110806280,5675;Primary1,Primary2,Primary3,Primary4,Primary5,Primary6,Primary7,Primary8,Primary9,Primary10,Primary11,Primary12,Primary13,Primary14,Primary16,Primary17,Primary18,Primary19,Primary20,Primary21,Primary22,Primary23
100820829,5675,110806280;Primary1,Primary2,Primary3,Primary4,Primary5,Primary6,Primary7,Primary8,Primary9,Primary10,Primary11,Primary12,Primary13,Primary14,Primary15,Primary16,Primary17,Primary18,Primary19,Primary20,Primary21,Primary22,Primary23
100820829,9622,285429,196335,89765,4693;Primary1,Primary2,Primary3,Primary4,Primary5,Primary6,Primary7,Primary8,Primary9,Primary10,Primary11,Primary13,Primary14,Primary15,Primary16,Primary17,Primary18,Primary19,Primary20,Primary21,Primary22,Primary23
80381,29895,7125;Primary1,Primary2,Primary3,Primary5,Primary6,Primary7,Primary8,Primary9,Primary10,Primary11,Primary12,Primary13,Primary14,Primary15,Primary16,Primary17,Primary18,Primary19,Primary20,Primary21,Primary22,Primary23
80381,7125,29895;Primary1,Primary2,Primary3,Primary4,Primary5,Primary6,Primary7,Primary8,Primary9,Primary10,Primary11,Primary12,Primary13,Primary14,Primary15,Primary17,Primary18,Primary19,Primary20,Primary21,Primary22,Primary23
1381,6532,6496,653082;Primary1,Primary2,Primary3,Primary4,Primary5,Primary6,Primary7,Primary8,Primary9,Primary10,Primary11,Primary13,Primary14,Primary15,Primary16,Primary17,Primary18,Primary19,Primary20,Primary21,Primary22,Primary23
123624,29895,4604,105369937,4606,7125;Primary1,Primary2,Primary3,Primary4,Primary5,Primary6,Primary8,Primary9,Primary10,Primary11,Primary12,Primary13,Primary14,Primary15,Primary16,Primary17,Primary18,Primary19,Primary20,Primary21,Primary22,Primary23
123624,4606,4892,4604,105369937;Primary1,Primary2,Primary3,Primary4,Primary5,Primary6,Primary8,Primary9,Primary10,Primary11,Primary12,Primary13,Primary14,Primary15,Primary16,Primary17,Primary18,Primary19,Primary20,Primary21,Primary22,Primary23
5346,3909,276,277,22943,22941,999,284111,64073;Primary2,Primary3,Primary4,Primary5,Primary6,Primary7,Primary8,Primary9,Primary10,Primary11,Primary12,Primary13,Primary14,Primary15,Primary16,Primary17,Primary18,Primary19,Primary20,Primary21,Primary22,Primary23
5346,5349,276,277,278,10071,9228,999;Primary2,Primary3,Primary4,Primary5,Primary6,Primary7,Primary8,Primary9,Primary10,Primary11,Primary12,Primary13,Primary14,Primary15,Primary16,Primary17,Primary18,Primary19,Primary20,Primary21,Primary22,Primary23
5346,4680,276,277,278,116228,9228,999;Primary2,Primary3,Primary4,Primary5,Primary6,Primary7,Primary8,Primary9,Primary10,Primary11,Primary12,Primary13,Primary14,Primary15,Primary16,Primary17,Primary18,Primary19,Primary20,Primary21,Primary22,Primary23
103504738,100652781,388743,105373265,112268422,33,4057,201625,11148,131873,645843,200879,306,105180390,641776,105180391,102723849,3856,113218482,94025,112268252,105372793,6523;Primary1,Primary2,Primary3,Primary5,Primary6,Primary7,Primary8,Primary9,Primary10,Primary11,Primary12,Primary13,Primary14,Primary15,Primary16,Primary17,Primary18,Primary19,Primary20,Primary21,Primary22,Primary23
103504738,146177,6332,33,131873,200879,306,102723849,120892,79818,6523;Primary1,Primary2,Primary3,Primary5,Primary6,Primary7,Primary8,Primary9,Primary10,Primary11,Primary12,Primary13,Primary14,Primary15,Primary16,Primary17,Primary18,Primary19,Primary20,Primary21,Primary22,Primary23
103504738,148213,7620,100529240,79818;Primary1,Primary2,Primary4,Primary5,Primary6,Primary7,Primary8,Primary9,Primary10,Primary11,Primary12,Primary13,Primary14,Primary15,Primary16,Primary17,Primary18,Primary19,Primary20,Primary21,Primary22,Primary23
103504738,107985317,115019,55289,84525,1040,2160,353189,10595,94025;Primary1,Primary2,Primary3,Primary4,Primary5,Primary7,Primary8,Primary9,Primary10,Primary11,Primary12,Primary13,Primary14,Primary15,Primary16,Primary17,Primary18,Primary19,Primary20,Primary21,Primary22,Primary23
103504738,4680,79098,406969,388743,4057,11148,645843,200879,728643,3856,113218482,94025,112268252,6523;Primary1,Primary2,Primary3,Primary5,Primary6,Primary7,Primary8,Primary9,Primary10,Primary11,Primary12,Primary13,Primary14,Primary15,Primary16,Primary17,Primary18,Primary19,Primary20,Primary21,Primary22,Primary23
103504738,388555,79098,406969,105373265,112268422,33,4057,201625,11148,131873,200879,306,105180390,641776,105180391,102723849,65217,3856,113218482,94025,112268252,105372793,6523;Primary1,Primary2,Primary3,Primary5,Primary6,Primary7,Primary8,Primary9,Primary10,Primary11,Primary12,Primary13,Primary14,Primary15,Primary16,Primary17,Primary18,Primary19,Primary20,Primary21,Primary22,Primary23
21,3909,114569,58524,22943,22941,999,284111,50964,64073;Primary1,Primary2,Primary3,Primary4,Primary5,Primary6,Primary7,Primary9,Primary10,Primary11,Primary12,Primary13,Primary14,Primary15,Primary16,Primary17,Primary18,Primary19,Primary20,Primary21,Primary22,Primary23
21,3960,84059,7080;Primary1,Primary2,Primary3,Primary4,Primary5,Primary6,Primary7,Primary9,Primary10,Primary11,Primary12,Primary13,Primary14,Primary15,Primary16,Primary17,Primary18,Primary19,Primary20,Primary21,Primary22,Primary23
21,4680,9228,114569,22941,3229,7080,284111,50964;Primary1,Primary2,Primary3,Primary4,Primary5,Primary7,Primary8,Primary9,Primary10,Primary11,Primary12,Primary13,Primary14,Primary15,Primary16,Primary17,Primary18,Primary19,Primary20,Primary21,Primary22,Primary23
21,84518;Primary2,Primary3,Primary4,Primary5,Primary6,Primary7,Primary8,Primary9,Primary10,Primary11,Primary12,Primary13,Primary14,Primary15,Primary16,Primary17,Primary18,Primary19,Primary20,Primary21,Primary22,Primary23
21,6473,10071,9228,114569,22943,22941,387882,28984,7080,284111,64073;Primary1,Primary2,Primary3,Primary4,Primary5,Primary6,Primary7,Primary9,Primary10,Primary11,Primary12,Primary13,Primary14,Primary15,Primary16,Primary17,Primary18,Primary19,Primary20,Primary21,Primary22,Primary23
4629,57186,9411,1906;Primary1,Primary2,Primary3,Primary4,Primary5,Primary6,Primary7,Primary8,Primary10,Primary11,Primary12,Primary13,Primary14,Primary15,Primary16,Primary17,Primary18,Primary19,Primary20,Primary21,Primary22,Primary23
4629,26226,1043,149465,1906,109729127,28824;Primary1,Primary2,Primary3,Primary4,Primary5,Primary7,Primary8,Primary9,Primary10,Primary11,Primary12,Primary13,Primary14,Primary15,Primary16,Primary17,Primary18,Primary19,Primary20,Primary21,Primary22,Primary23
728276,6928,54854;Primary1,Primary2,Primary3,Primary4,Primary5,Primary6,Primary7,Primary8,Primary9,Primary10,Primary11,Primary12,Primary13,Primary14,Primary15,Primary16,Primary17,Primary18,Primary19,Primary20,Primary21,Primary22,Primary23
79838,55567,3229,50964;Primary1,Primary2,Primary3,Primary4,Primary5,Primary6,Primary8,Primary9,Primary10,Primary11,Primary12,Primary13,Primary14,Primary15,Primary16,Primary17,Primary18,Primary19,Primary20,Primary21,Primary22,Primary23
79838,999,114569,58524,22943,22941,3229,7080,284111,64073;Primary1,Primary3,Primary4,Primary5,Primary6,Primary7,Primary8,Primary9,Primary10,Primary11,Primary12,Primary13,Primary14,Primary15,Primary16,Primary17,Primary18,Primary19,Primary20,Primary21,Primary22,Primary23
79838,50964,114569,58524,22943,22941,3229,7080,284111,64073;Primary1,Primary3,Primary4,Primary5,Primary6,Primary7,Primary8,Primary9,Primary10,Primary11,Primary12,Primary13,Primary14,Primary15,Primary16,Primary17,Primary18,Primary19,Primary20,Primary21,Primary22,Primary23
79838,3909;Primary1,Primary2,Primary3,Primary5,Primary6,Primary7,Primary8,Primary9,Primary10,Primary11,Primary12,Primary13,Primary14,Primary15,Primary16,Primary17,Primary18,Primary19,Primary20,Primary21,Primary22,Primary23
79838,3960;Primary1,Primary2,Primary3,Primary4,Primary5,Primary6,Primary7,Primary8,Primary9,Primary10,Primary11,Primary12,Primary13,Primary14,Primary15,Primary16,Primary17,Primary18,Primary19,Primary20,Primary21,Primary22,Primary23
55567,50964,1746,10071,9228,195814,114569,22943,22941,3229,7080,284111,64073;Primary1,Primary2,Primary3,Primary4,Primary5,Primary6,Primary7,Primary8,Primary9,Primary10,Primary11,Primary13,Primary14,Primary15,Primary16,Primary17,Primary18,Primary19,Primary20,Primary21,Primary22,Primary23
55567,5349,10071,999;Primary1,Primary2,Primary3,Primary4,Primary5,Primary6,Primary7,Primary8,Primary9,Primary10,Primary11,Primary12,Primary13,Primary14,Primary15,Primary16,Primary17,Primary18,Primary19,Primary20,Primary21,Primary22,Primary23
55567,3960,84059;Primary1,Primary2,Primary3,Primary4,Primary5,Primary6,Primary8,Primary9,Primary10,Primary11,Primary12,Primary13,Primary14,Primary15,Primary16,Primary17,Primary18,Primary19,Primary20,Primary21,Primary22,Primary23
100652781,400578,201625,645843,105180390,641776,105180391,102723849,1577,440352,503645;Primary2,Primary3,Primary4,Primary5,Primary6,Primary7,Primary8,Primary9,Primary10,Primary11,Primary12,Primary13,Primary14,Primary15,Primary16,Primary17,Primary18,Primary19,Primary20,Primary21,Primary22,Primary23
100652781,5349,79098,388743,105373265,33,4057,201625,11148,645843,200879,306,105180390,641776,105180391,102723849,6337,3856,113218482,4680,112268252,6523;Primary1,Primary2,Primary3,Primary4,Primary5,Primary6,Primary7,Primary8,Primary9,Primary10,Primary11,Primary12,Primary13,Primary14,Primary16,Primary17,Primary18,Primary19,Primary20,Primary21,Primary22,Primary23
100652781,342892,649946,503640;Primary1,Primary2,Primary3,Primary4,Primary5,Primary6,Primary7,Primary8,Primary9,Primary10,Primary11,Primary12,Primary13,Primary14,Primary15,Primary16,Primary17,Primary18,Primary19,Primary20,Primary21,Primary22,Primary23
100652781,163131,105373265,112268422,33,4057,11148,131873,200879,306,105180390,641776,105180391,102723849,3856,113218482,94025,112268252;Primary1,Primary2,Primary3,Primary4,Primary5,Primary6,Primary7,Primary8,Primary9,Primary10,Primary11,Primary12,Primary13,Primary14,Primary15,Primary16,Primary17,Primary18,Primary19,Primary20,Primary21,Primary22,Primary23
100652781,388555,79098,388743,105373265,112268422,33,4057,201625,11148,131873,645843,200879,306,105180390,641776,105180391,102723849,3856,113218482,94025,112268252,105372793,6523;Primary1,Primary2,Primary3,Primary4,Primary5,Primary6,Primary7,Primary8,Primary9,Primary10,Primary11,Primary13,Primary14,Primary15,Primary16,Primary17,Primary18,Primary19,Primary20,Primary21,Primary22,Primary23
100652781,79818,388743,105373265,33,4057,201625,11148,131873,645843,200879,306,105180390,641776,105180391,102723849,3856,113218482,103504738,94025,112268252,105372793,6523;Primary1,Primary2,Primary3,Primary5,Primary6,Primary7,Primary8,Primary9,Primary10,Primary11,Primary12,Primary13,Primary14,Primary15,Primary16,Primary17,Primary18,Primary19,Primary20,Primary21,Primary22,Primary23
100652781,28824,79098,388743,105373265,112268422,33,4057,201625,11148,131873,645843,200879,306,105180390,641776,105180391,102723849,3856,113218482,94025,112268252,105372793,26226,6523;Primary1,Primary2,Primary3,Primary4,Primary6,Primary7,Primary8,Primary9,Primary10,Primary11,Primary12,Primary13,Primary14,Primary15,Primary16,Primary17,Primary18,Primary19,Primary20,Primary21,Primary22,Primary23
100652781,2277,79098,388743,105373265,112268422,6332,33,4057,201625,11148,131873,645843,200879,306,641776,105180391,102723849,120892,3856,113218482,94025,112268252,105372793,6523;Primary2,Primary3,Primary4,Primary5,Primary6,Primary7,Primary8,Primary9,Primary10,Primary11,Primary12,Primary13,Primary14,Primary15,Primary16,Primary17,Primary18,Primary19,Primary20,Primary21,Primary22,Primary23
100652781,102466759,79098,105373265,112268422,33,4057,201625,11148,131873,200879,306,102723849,3856,113218482,341676,94025,112268252,105372793,6523;Primary1,Primary2,Primary4,Primary5,Primary6,Primary7,Primary8,Primary9,Primary10,Primary11,Primary12,Primary13,Primary14,Primary15,Primary16,Primary17,Primary18,Primary19,Primary20,Primary21,Primary22,Primary23
146177,999,6332,5349;Primary1,Primary2,Primary3,Primary4,Primary5,Primary6,Primary7,Primary8,Primary9,Primary10,Primary11,Primary12,Primary13,Primary14,Primary16,Primary17,Primary18,Primary19,Primary20,Primary21,Primary22,Primary23
146177,503640,6332,200879,120892,284434,6523;Primary1,Primary2,Primary3,Primary4,Primary5,Primary6,Primary7,Primary8,Primary9,Primary10,Primary11,Primary12,Primary13,Primary14,Primary15,Primary16,Primary17,Primary18,Primary19,Primary20,Primary21,Primary22,Primary23
146177,2125,33,131873,200879,306,3856,388555,6523;Primary1,Primary2,Primary3,Primary4,Primary5,Primary6,Primary7,Primary8,Primary9,Primary10,Primary11,Primary12,Primary13,Primary14,Primary15,Primary17,Primary18,Primary19,Primary20,Primary21,Primary22,Primary23
146177,284434,6332,33,200879,120892,6523;Primary1,Primary2,Primary3,Primary4,Primary5,Primary6,Primary7,Primary8,Primary9,Primary10,Primary11,Primary12,Primary13,Primary14,Primary15,Primary16,Primary17,Primary18,Primary19,Primary20,Primary21,Primary22,Primary23
146177,163131,33,131873,200879,306,3856,388555,6523;Primary1,Primary3,Primary4,Primary5,Primary6,Primary7,Primary8,Primary9,Primary10,Primary11,Primary12,Primary13,Primary14,Primary15,Primary16,Primary17,Primary18,Primary19,Primary20,Primary21,Primary22,Primary23
6799,55808,1579,63924,9370,100874095,57110,5346,3240,66002,1048;Primary1,Primary2,Primary3,Primary4,Primary5,Primary6,Primary7,Primary8,Primary9,Primary10,Primary12,Primary13,Primary14,Primary15,Primary16,Primary17,Primary18,Primary19,Primary20,Primary21,Primary22,Primary23
6799,3960;Primary1,Primary2,Primary3,Primary4,Primary5,Primary6,Primary7,Primary8,Primary9,Primary10,Primary11,Primary12,Primary13,Primary14,Primary16,Primary17,Primary18,Primary19,Primary20,Primary21,Primary22,Primary23
6799,54084;Primary1,Primary2,Primary3,Primary4,Primary5,Primary6,Primary7,Primary9,Primary10,Primary11,Primary12,Primary13,Primary14,Primary15,Primary16,Primary17,Primary18,Primary19,Primary20,Primary21,Primary22,Primary23
440352,94025,105373265,33,201625,11148,645843,105180390,641776,105180391,102723849,100652781;Primary1,Primary2,Primary3,Primary5,Primary6,Primary7,Primary8,Primary9,Primary10,Primary11,Primary12,Primary13,Primary14,Primary15,Primary16,Primary17,Primary18,Primary19,Primary20,Primary21,Primary22,Primary23
440352,284434,6332,33,645843,102723849,100652781,503645;Primary1,Primary2,Primary3,Primary4,Primary5,Primary6,Primary7,Primary8,Primary9,Primary10,Primary11,Primary12,Primary13,Primary14,Primary15,Primary16,Primary17,Primary18,Primary20,Primary21,Primary22,Primary23
440352,163131,105373265,33,11148,105180390,641776,105180391,102723849,100652781,503645;Primary1,Primary2,Primary3,Primary4,Primary5,Primary6,Primary7,Primary8,Primary9,Primary10,Primary11,Primary12,Primary13,Primary14,Primary15,Primary16,Primary17,Primary18,Primary19,Primary20,Primary21,Primary22,Primary23
440352,284323,33,11148,105180390,641776,105180391,102723849,1577,100652781,503645,163131;Primary1,Primary2,Primary3,Primary4,Primary5,Primary6,Primary7,Primary8,Primary9,Primary10,Primary11,Primary12,Primary13,Primary14,Primary15,Primary16,Primary17,Primary18,Primary19,Primary20,Primary21,Primary22,Primary23
440352,388555,79098,105373265,112268422,33,4057,201625,11148,131873,200879,306,105180390,641776,105180391,102723849,3856,113218482,94025,112268252,105372793,6523,2277;Primary1,Primary2,Primary3,Primary4,Primary5,Primary6,Primary8,Primary9,Primary10,Primary11,Primary12,Primary13,Primary14,Primary15,Primary16,Primary17,Primary18,Primary19,Primary20,Primary21,Primary22,Primary23
440352,8537;Primary1,Primary2,Primary3,Primary4,Primary6,Primary7,Primary8,Primary9,Primary10,Primary11,Primary12,Primary13,Primary14,Primary15,Primary16,Primary17,Primary18,Primary19,Primary20,Primary21,Primary22,Primary23
440352,26226,4057,11148,645843,306,102723849,120892,3856,113218482,100652781,503645,112268252,105372793,2277;Primary1,Primary2,Primary3,Primary4,Primary5,Primary6,Primary8,Primary9,Primary10,Primary11,Primary12,Primary13,Primary14,Primary15,Primary16,Primary17,Primary18,Primary19,Primary20,Primary21,Primary22,Primary23
440352,102466759,79098,105373265,112268422,33,4057,201625,11148,131873,645843,200879,306,105180390,641776,105180391,102723849,3856,113218482,100652781,503645,112268252,105372793,6523,2277;Primary1,Primary2,Primary3,Primary4,Primary5,Primary6,Primary8,Primary9,Primary10,Primary11,Primary12,Primary13,Primary14,Primary15,Primary16,Primary17,Primary18,Primary19,Primary20,Primary21,Primary22,Primary23
253982,388327,56896,79740,100419743,5225,11081,160728,246,27134,4861;Primary1,Primary2,Primary3,Primary4,Primary5,Primary6,Primary8,Primary9,Primary10,Primary11,Primary12,Primary13,Primary14,Primary15,Primary16,Primary17,Primary18,Primary19,Primary20,Primary21,Primary22,Primary23
253982,284111,776,5225,22941;Primary1,Primary2,Primary3,Primary4,Primary5,Primary6,Primary7,Primary8,Primary9,Primary10,Primary11,Primary12,Primary13,Primary14,Primary16,Primary17,Primary18,Primary19,Primary20,Primary21,Primary22,Primary23
253982,6532,776,5225;Primary1,Primary2,Primary4,Primary5,Primary6,Primary7,Primary8,Primary9,Primary10,Primary11,Primary12,Primary13,Primary14,Primary15,Primary16,Primary17,Primary18,Primary19,Primary20,Primary21,Primary22,Primary23
253982,4861;Primary1,Primary2,Primary3,Primary4,Primary5,Primary6,Primary7,Primary8,Primary9,Primary10,Primary11,Primary12,Primary13,Primary14,Primary15,Primary16,Primary17,Primary18,Primary19,Primary20,Primary21,Primary22,Primary23
253982,54084,100033430;Primary1,Primary2,Primary3,Primary4,Primary5,Primary6,Primary7,Primary8,Primary9,Primary10,Primary12,Primary13,Primary14,Primary15,Primary16,Primary17,Primary18,Primary19,Primary20,Primary21,Primary22,Primary23
24150,9476;Primary1,Primary2,Primary3,Primary4,Primary5,Primary6,Primary7,Primary8,Primary9,Primary10,Primary11,Primary12,Primary13,Primary14,Primary15,Primary16,Primary17,Primary18,Primary19,Primary20,Primary21,Primary22,Primary23
24150,128602,2537,128218,632,654433,285429,1555,4693;Primary1,Primary2,Primary3,Primary4,Primary5,Primary6,Primary7,Primary8,Primary9,Primary10,Primary11,Primary12,Primary13,Primary14,Primary15,Primary16,Primary17,Primary18,Primary19,Primary20,Primary21,Primary22
24150,11254,4852,4693;Primary1,Primary2,Primary4,Primary5,Primary6,Primary7,Primary8,Primary9,Primary10,Primary11,Primary12,Primary13,Primary14,Primary15,Primary16,Primary17,Primary18,Primary19,Primary20,Primary21,Primary22,Primary23
644649,55282;Primary2,Primary3,Primary4,Primary5,Primary6,Primary7,Primary8,Primary9,Primary10,Primary11,Primary12,Primary13,Primary14,Primary15,Primary16,Primary17,Primary18,Primary19,Primary20,Primary21,Primary22,Primary23
644649,218;Primary1,Primary2,Primary4,Primary5,Primary6,Primary7,Primary8,Primary9,Primary10,Primary11,Primary12,Primary13,Primary14,Primary15,Primary16,Primary17,Primary18,Primary19,Primary20,Primary21,Primary22,Primary23
766,6532,100033430,27134;Primary1,Primary2,Primary3,Primary4,Primary5,Primary6,Primary7,Primary8,Primary9,Primary10,Primary11,Primary12,Primary13,Primary14,Primary15,Primary16,Primary17,Primary18,Primary19,Primary20,Primary21,Primary23
766,27134,776,5225;Primary1,Primary2,Primary3,Primary4,Primary5,Primary6,Primary7,Primary8,Primary9,Primary10,Primary11,Primary12,Primary13,Primary14,Primary15,Primary16,Primary17,Primary18,Primary19,Primary20,Primary21,Primary23
766,9476,1380,24150;Primary1,Primary2,Primary3,Primary4,Primary5,Primary6,Primary7,Primary8,Primary9,Primary10,Primary12,Primary13,Primary14,Primary15,Primary16,Primary17,Primary18,Primary19,Primary20,Primary21,Primary22,Primary23
766,89765,1380,606,24150;Primary1,Primary2,Primary3,Primary4,Primary5,Primary6,Primary8,Primary9,Primary10,Primary11,Primary12,Primary13,Primary14,Primary15,Primary16,Primary17,Primary18,Primary19,Primary20,Primary21,Primary22,Primary23
80004,388323,58524;Primary1,Primary2,Primary3,Primary4,Primary5,Primary6,Primary7,Primary8,Primary9,Primary10,Primary11,Primary12,Primary13,Primary14,Primary15,Primary16,Primary18,Primary19,Primary20,Primary21,Primary22,Primary23
80004,3960,84059;Primary1,Primary2,Primary3,Primary4,Primary5,Primary6,Primary7,Primary8,Primary9,Primary10,Primary12,Primary13,Primary14,Primary15,Primary16,Primary17,Primary18,Primary19,Primary20,Primary21,Primary22,Primary23
999,5349,276,277,10071,9228;Primary1,Primary2,Primary3,Primary4,Primary5,Primary6,Primary7,Primary8,Primary9,Primary10,Primary11,Primary12,Primary13,Primary14,Primary15,Primary16,Primary17,Primary18,Primary19,Primary20,Primary21,Primary22,Primary23
999,4680,276,277,9228,5349;Primary1,Primary2,Primary3,Primary4,Primary5,Primary6,Primary7,Primary8,Primary9,Primary10,Primary11,Primary12,Primary13,Primary14,Primary15,Primary16,Primary17,Primary18,Primary19,Primary20,Primary21,Primary22,Primary23
999,112268252,277,10071,9228,195814,114569,83481,22943,22941,28984,7080,284111,64073,4680;Primary1,Primary2,Primary3,Primary4,Primary5,Primary7,Primary8,Primary9,Primary10,Primary11,Primary12,Primary13,Primary14,Primary15,Primary16,Primary17,Primary18,Primary19,Primary20,Primary21,Primary22,Primary23
3240,8537,1906;Primary2,Primary3,Primary4,Primary5,Primary6,Primary7,Primary8,Primary9,Primary10,Primary11,Primary12,Primary13,Primary14,Primary15,Primary16,Primary17,Primary18,Primary19,Primary20,Primary21,Primary22,Primary23
3240,26226,1043,9173,116984;Primary2,Primary3,Primary4,Primary5,Primary6,Primary7,Primary8,Primary9,Primary10,Primary11,Primary12,Primary13,Primary14,Primary15,Primary16,Primary17,Primary18,Primary19,Primary20,Primary21,Primary22,Primary23
246,3993,388327,27134;Primary1,Primary2,Primary3,Primary4,Primary5,Primary6,Primary7,Primary8,Primary9,Primary10,Primary11,Primary12,Primary14,Primary15,Primary16,Primary17,Primary18,Primary19,Primary20,Primary21,Primary22,Primary23
5694,124944,100506755;Primary1,Primary2,Primary3,Primary4,Primary5,Primary6,Primary7,Primary8,Primary9,Primary10,Primary11,Primary12,Primary13,Primary14,Primary15,Primary16,Primary17,Primary18,Primary19,Primary20,Primary21,Primary22,Primary23
5694,25804;Primary1,Primary2,Primary3,Primary4,Primary5,Primary6,Primary7,Primary8,Primary9,Primary10,Primary11,Primary12,Primary13,Primary14,Primary15,Primary16,Primary17,Primary18,Primary19,Primary20,Primary21,Primary22,Primary23
388327,4861,56896,100419743,5225,11081,160728,246,27134;Primary1,Primary2,Primary3,Primary4,Primary5,Primary6,Primary7,Primary8,Primary9,Primary10,Primary11,Primary12,Primary13,Primary14,Primary15,Primary16,Primary17,Primary18,Primary19,Primary20,Primary21,Primary22,Primary23
284111,728226,5225,11081,160728,246,27134;Primary1,Primary2,Primary3,Primary4,Primary5,Primary6,Primary7,Primary8,Primary9,Primary10,Primary11,Primary12,Primary13,Primary14,Primary16,Primary17,Primary18,Primary19,Primary20,Primary21,Primary22,Primary23
124944,503645;Primary1,Primary2,Primary3,Primary4,Primary5,Primary6,Primary7,Primary8,Primary9,Primary10,Primary11,Primary12,Primary13,Primary14,Primary15,Primary16,Primary17,Primary18,Primary19,Primary20,Primary21,Primary22,Primary23
124944,498,100506755;Primary1,Primary2,Primary3,Primary4,Primary5,Primary6,Primary7,Primary8,Primary9,Primary10,Primary12,Primary13,Primary14,Primary15,Primary16,Primary17,Primary18,Primary19,Primary20,Primary21,Primary22,Primary23
124944,9454,100506755;Primary1,Primary2,Primary3,Primary4,Primary5,Primary6,Primary7,Primary8,Primary9,Primary10,Primary11,Primary12,Primary13,Primary14,Primary16,Primary17,Primary18,Primary19,Primary20,Primary21,Primary22,Primary23
124944,102725051,100506755;Primary1,Primary2,Primary3,Primary4,Primary5,Primary6,Primary7,Primary8,Primary9,Primary10,Primary11,Primary12,Primary13,Primary14,Primary15,Primary16,Primary17,Primary18,Primary19,Primary20,Primary21,Primary22
100506755,284323,124944,503645;Primary1,Primary2,Primary3,Primary4,Primary5,Primary6,Primary7,Primary8,Primary9,Primary10,Primary11,Primary12,Primary13,Primary14,Primary15,Primary16,Primary17,Primary18,Primary19,Primary20,Primary21,Primary22
9196,102723508;Primary1,Primary2,Primary4,Primary5,Primary6,Primary7,Primary8,Primary9,Primary10,Primary11,Primary12,Primary13,Primary14,Primary15,Primary16,Primary17,Primary18,Primary19,Primary20,Primary21,Primary22,Primary23
1770,3880,1999,340267;Primary1,Primary2,Primary4,Primary5,Primary6,Primary7,Primary8,Primary9,Primary10,Primary11,Primary12,Primary13,Primary14,Primary15,Primary16,Primary17,Primary18,Primary19,Primary20,Primary21,Primary22,Primary23
1770,1556,1999,10129;Primary1,Primary2,Primary4,Primary5,Primary6,Primary7,Primary8,Primary9,Primary10,Primary11,Primary12,Primary13,Primary14,Primary15,Primary16,Primary17,Primary18,Primary19,Primary20,Primary21,Primary22,Primary23
1770,677831,168374;Primary1,Primary3,Primary4,Primary5,Primary6,Primary7,Primary8,Primary9,Primary10,Primary11,Primary12,Primary13,Primary14,Primary15,Primary16,Primary17,Primary18,Primary19,Primary20,Primary21,Primary22,Primary23
400578,3880,130271;Primary1,Primary2,Primary3,Primary4,Primary5,Primary7,Primary8,Primary9,Primary10,Primary11,Primary12,Primary13,Primary14,Primary15,Primary16,Primary17,Primary18,Primary19,Primary20,Primary21,Primary22,Primary23
400578,389852,112268422,11148,200879,105180391,102723849,1577,341676,105372793;Primary1,Primary2,Primary3,Primary4,Primary5,Primary6,Primary8,Primary9,Primary10,Primary11,Primary12,Primary13,Primary14,Primary15,Primary16,Primary17,Primary18,Primary19,Primary20,Primary21,Primary22,Primary23
218,56241,149465,1906,4629,28824;Primary1,Primary2,Primary4,Primary5,Primary6,Primary7,Primary8,Primary9,Primary10,Primary11,Primary12,Primary13,Primary14,Primary15,Primary16,Primary17,Primary18,Primary19,Primary20,Primary21,Primary22,Primary23
6532,27134,6496;Primary1,Primary2,Primary3,Primary4,Primary5,Primary6,Primary7,Primary8,Primary9,Primary10,Primary11,Primary12,Primary13,Primary14,Primary15,Primary16,Primary17,Primary18,Primary19,Primary20,Primary21,Primary22,Primary23
6532,728226,5225,11081,160728,100033430,246,27134;Primary1,Primary2,Primary4,Primary5,Primary6,Primary7,Primary8,Primary9,Primary10,Primary11,Primary12,Primary13,Primary14,Primary15,Primary16,Primary17,Primary18,Primary19,Primary20,Primary21,Primary22,Primary23
503645,94025,388743,112268422,33,4057,201625,11148,645843,200879,306,105180390,641776,105180391,102723849,1577,100652781,105372793;Primary1,Primary2,Primary3,Primary5,Primary6,Primary7,Primary8,Primary9,Primary10,Primary11,Primary12,Primary13,Primary14,Primary15,Primary16,Primary17,Primary18,Primary19,Primary20,Primary21,Primary22,Primary23
503645,5349,388743,105373265,33,4057,201625,11148,645843,200879,105180390,641776,105180391,102723849,6337,113218482,100652781,4680,112268252,6523;Primary1,Primary2,Primary3,Primary4,Primary5,Primary6,Primary7,Primary8,Primary9,Primary10,Primary11,Primary12,Primary13,Primary14,Primary16,Primary17,Primary18,Primary19,Primary20,Primary21,Primary22,Primary23
503645,163131,105373265,112268422,33,4057,11148,200879,105180390,641776,105180391,102723849,113218482,341676,100652781,112268252;Primary1,Primary2,Primary3,Primary4,Primary5,Primary6,Primary7,Primary8,Primary9,Primary10,Primary11,Primary12,Primary13,Primary14,Primary15,Primary16,Primary17,Primary18,Primary19,Primary20,Primary21,Primary22,Primary23
503645,284323,33,11148,105180390,641776,105180391,102723849,1577,341676,100652781,163131;Primary1,Primary2,Primary3,Primary4,Primary5,Primary6,Primary7,Primary8,Primary9,Primary10,Primary11,Primary12,Primary13,Primary14,Primary15,Primary16,Primary17,Primary18,Primary19,Primary20,Primary21,Primary22,Primary23
503645,79818,388743,6332,33,11148,645843,200879,306,102723849,120892,100652781,94025,6523;Primary1,Primary2,Primary3,Primary5,Primary6,Primary7,Primary8,Primary9,Primary10,Primary11,Primary12,Primary13,Primary14,Primary15,Primary16,Primary17,Primary18,Primary19,Primary20,Primary21,Primary22,Primary23
503645,100158262,1577,10129;Primary1,Primary2,Primary3,Primary4,Primary5,Primary7,Primary8,Primary9,Primary10,Primary11,Primary12,Primary13,Primary14,Primary15,Primary16,Primary17,Primary18,Primary19,Primary20,Primary21,Primary22,Primary23
503640,55808,1579,2327,100129460,5346,3240,66002,1048;Primary1,Primary2,Primary3,Primary4,Primary5,Primary7,Primary8,Primary9,Primary10,Primary11,Primary12,Primary13,Primary14,Primary15,Primary16,Primary17,Primary18,Primary19,Primary20,Primary21,Primary22,Primary23
503640,163131,105373265,112268422,6332,33,4057,11148,131873,200879,306,102723849,3856,113218482,100652781,112268252;Primary2,Primary3,Primary4,Primary5,Primary6,Primary7,Primary8,Primary9,Primary10,Primary11,Primary12,Primary13,Primary14,Primary15,Primary16,Primary17,Primary18,Primary19,Primary20,Primary21,Primary22,Primary23
503640,284323,200879,105180390,105180391,102723849,1577,100652781,440352,503645;Primary1,Primary2,Primary3,Primary4,Primary5,Primary6,Primary8,Primary9,Primary10,Primary11,Primary12,Primary13,Primary14,Primary15,Primary16,Primary17,Primary18,Primary19,Primary20,Primary21,Primary22,Primary23
503640,102723508,105373265,112268422,33,4057,201625,11148,131873,200879,306,3856,113218482,112268252,105372793,6523,2277;Primary2,Primary3,Primary4,Primary5,Primary6,Primary7,Primary8,Primary9,Primary10,Primary11,Primary12,Primary13,Primary14,Primary15,Primary16,Primary17,Primary18,Primary19,Primary20,Primary21,Primary22,Primary23
6354,116844,1513,200407,54769,1152,284266,54,10331,2696,1471,4318,109729184;Primary1,Primary2,Primary3,Primary4,Primary5,Primary7,Primary8,Primary9,Primary10,Primary11,Primary12,Primary13,Primary14,Primary15,Primary16,Primary17,Primary18,Primary19,Primary20,Primary21,Primary22,Primary23
6354,23562,1513,200407,54769,1152,284266,54,10331,2696,164312,1471,4318,109729184;Primary1,Primary2,Primary3,Primary4,Primary5,Primary6,Primary7,Primary8,Primary9,Primary10,Primary11,Primary12,Primary13,Primary14,Primary15,Primary16,Primary17,Primary18,Primary20,Primary21,Primary22,Primary23
79148,2627,57111,10568,7060,105,6441,441581,1028,6751,1381,4222,57526;Primary1,Primary2,Primary3,Primary4,Primary5,Primary6,Primary7,Primary8,Primary9,Primary10,Primary11,Primary12,Primary13,Primary14,Primary15,Primary16,Primary17,Primary19,Primary20,Primary21,Primary22,Primary23
79148,26609;Primary1,Primary2,Primary3,Primary4,Primary5,Primary6,Primary7,Primary8,Primary9,Primary10,Primary11,Primary12,Primary13,Primary14,Primary15,Primary16,Primary17,Primary18,Primary19,Primary20,Primary21,Primary22,Primary23
50964,3909,277,114569,58524,22943,22941,7080,5346,999,284111,64073;Primary2,Primary3,Primary4,Primary5,Primary6,Primary7,Primary8,Primary9,Primary10,Primary11,Primary12,Primary13,Primary14,Primary15,Primary16,Primary17,Primary18,Primary19,Primary20,Primary21,Primary22,Primary23
50964,6473,54897,277,10071,9228,114569,22943,22941,7080,284111,64073,4680,112268252;Primary1,Primary2,Primary3,Primary4,Primary5,Primary7,Primary8,Primary9,Primary10,Primary11,Primary12,Primary13,Primary14,Primary15,Primary16,Primary17,Primary18,Primary19,Primary20,Primary21,Primary22,Primary23
3219,388555;Primary1,Primary2,Primary3,Primary4,Primary5,Primary6,Primary7,Primary8,Primary9,Primary10,Primary11,Primary12,Primary13,Primary14,Primary15,Primary16,Primary17,Primary18,Primary19,Primary20,Primary21,Primary22,Primary23
3219,79784,1285;Primary1,Primary2,Primary3,Primary4,Primary5,Primary6,Primary7,Primary8,Primary9,Primary10,Primary11,Primary12,Primary13,Primary14,Primary16,Primary17,Primary18,Primary19,Primary20,Primary21,Primary22,Primary23
762,4861,339983,100302161;Primary1,Primary2,Primary3,Primary4,Primary5,Primary6,Primary7,Primary8,Primary9,Primary10,Primary11,Primary12,Primary13,Primary14,Primary15,Primary16,Primary17,Primary19,Primary20,Primary21,Primary22,Primary23
762,54084,339983,100302161,4861;Primary1,Primary2,Primary3,Primary4,Primary5,Primary6,Primary7,Primary8,Primary9,Primary10,Primary12,Primary13,Primary14,Primary15,Primary16,Primary17,Primary18,Primary19,Primary20,Primary21,Primary22,Primary23
3993,2922;Primary1,Primary2,Primary3,Primary4,Primary5,Primary6,Primary7,Primary8,Primary9,Primary10,Primary11,Primary13,Primary14,Primary15,Primary16,Primary17,Primary18,Primary19,Primary20,Primary21,Primary22,Primary23
2125,116844,79098,4057,11148,3856,113218482;Primary1,Primary2,Primary3,Primary4,Primary5,Primary6,Primary7,Primary8,Primary9,Primary10,Primary11,Primary12,Primary13,Primary14,Primary15,Primary16,Primary17,Primary18,Primary19,Primary20,Primary21,Primary22
2125,4680,4057,11148,3856,113218482,112268252,2277,102723508;Primary1,Primary2,Primary3,Primary4,Primary5,Primary6,Primary7,Primary8,Primary9,Primary10,Primary11,Primary12,Primary13,Primary14,Primary16,Primary17,Primary18,Primary19,Primary20,Primary21,Primary22,Primary23
2125,26226,4057,11148,3856,113218482,2277,102723508;Primary1,Primary2,Primary3,Primary4,Primary6,Primary7,Primary8,Primary9,Primary10,Primary11,Primary12,Primary13,Primary14,Primary15,Primary16,Primary17,Primary18,Primary19,Primary20,Primary21,Primary22,Primary23
2125,102466759,79098,105373265,112268422,4057,11148,131873,200879,306,102723849,728643,3856,113218482,112268252,6523,2277;Primary1,Primary2,Primary3,Primary4,Primary5,Primary6,Primary7,Primary8,Primary9,Primary10,Primary11,Primary12,Primary13,Primary14,Primary15,Primary17,Primary18,Primary19,Primary20,Primary21,Primary22,Primary23
3909,5349,276,278,10071;Primary1,Primary2,Primary3,Primary4,Primary5,Primary6,Primary8,Primary9,Primary10,Primary11,Primary12,Primary13,Primary14,Primary15,Primary16,Primary17,Primary18,Primary19,Primary20,Primary21,Primary22,Primary23
3909,3960,114569,58524,22943,22941,7080,999,284111,64073,6473;Primary1,Primary2,Primary3,Primary4,Primary5,Primary6,Primary7,Primary8,Primary9,Primary10,Primary11,Primary12,Primary13,Primary14,Primary15,Primary16,Primary17,Primary18,Primary19,Primary21,Primary22,Primary23
3909,4680,114569,58524,22943,22941,999,284111,50964,64073,112268252;Primary1,Primary2,Primary3,Primary4,Primary5,Primary7,Primary8,Primary9,Primary10,Primary11,Primary12,Primary13,Primary14,Primary15,Primary16,Primary17,Primary18,Primary19,Primary20,Primary21,Primary22,Primary23
498,84700;Primary1,Primary2,Primary3,Primary4,Primary5,Primary6,Primary7,Primary8,Primary9,Primary10,Primary11,Primary12,Primary13,Primary14,Primary15,Primary16,Primary17,Primary18,Primary19,Primary20,Primary21,Primary22,Primary23
498,102725051;Primary1,Primary2,Primary3,Primary4,Primary5,Primary6,Primary7,Primary8,Primary9,Primary10,Primary11,Primary12,Primary13,Primary14,Primary15,Primary16,Primary17,Primary18,Primary19,Primary20,Primary21,Primary22,Primary23
2922,81832,1028,8153,340596;Primary1,Primary2,Primary3,Primary4,Primary5,Primary6,Primary7,Primary8,Primary9,Primary10,Primary11,Primary12,Primary13,Primary15,Primary16,Primary17,Primary18,Primary19,Primary20,Primary21,Primary22,Primary23
2922,201456;Primary1,Primary2,Primary3,Primary4,Primary5,Primary6,Primary7,Primary8,Primary9,Primary10,Primary11,Primary12,Primary13,Primary14,Primary15,Primary16,Primary17,Primary18,Primary19,Primary20,Primary22,Primary23
2922,340596,10568,7060,4892,1028,7546,1381,57524,8153,4222;Primary1,Primary2,Primary3,Primary4,Primary5,Primary6,Primary7,Primary8,Primary9,Primary10,Primary11,Primary12,Primary14,Primary15,Primary16,Primary17,Primary18,Primary19,Primary20,Primary21,Primary22,Primary23
81832,4606;Primary1,Primary2,Primary3,Primary4,Primary5,Primary6,Primary7,Primary8,Primary9,Primary10,Primary11,Primary12,Primary13,Primary14,Primary15,Primary16,Primary17,Primary18,Primary19,Primary20,Primary21,Primary22,Primary23
81832,340596,4892,1028,8153;Primary1,Primary2,Primary3,Primary4,Primary5,Primary6,Primary7,Primary8,Primary9,Primary10,Primary11,Primary12,Primary13,Primary15,Primary16,Primary17,Primary18,Primary19,Primary20,Primary21,Primary22,Primary23
116844,26226,79098,728643,113218482;Primary1,Primary2,Primary3,Primary4,Primary6,Primary7,Primary8,Primary9,Primary10,Primary11,Primary12,Primary13,Primary14,Primary15,Primary16,Primary17,Primary18,Primary19,Primary20,Primary21,Primary22,Primary23
94025,388555,79098,105373265,112268422,33,4057,201625,11148,131873,200879,306,641776,105180391,102723849,65217,3856,113218482,112268252,105372793,6523;Primary1,Primary2,Primary3,Primary4,Primary5,Primary6,Primary7,Primary8,Primary9,Primary10,Primary11,Primary12,Primary13,Primary14,Primary15,Primary16,Primary17,Primary18,Primary19,Primary20,Primary21,Primary22,Primary23
94025,26609,79098,105373265,112268422,4057,201625,11148,131873,645843,200879,306,102723849,728643,65217,3856,113218482,112268252,105372793,6523,2277;Primary1,Primary2,Primary3,Primary4,Primary5,Primary6,Primary7,Primary8,Primary9,Primary10,Primary11,Primary12,Primary13,Primary14,Primary15,Primary16,Primary17,Primary19,Primary20,Primary21,Primary22,Primary23
94025,2277,79098,105373265,112268422,33,4057,201625,11148,131873,645843,200879,306,641776,105180391,102723849,65217,3856,113218482,112268252,105372793,6523;Primary1,Primary2,Primary3,Primary4,Primary5,Primary6,Primary7,Primary8,Primary9,Primary10,Primary11,Primary12,Primary13,Primary14,Primary15,Primary16,Primary17,Primary18,Primary19,Primary20,Primary21,Primary22,Primary23
94025,102723382,79098,112268422,33,4057,201625,11148,131873,645843,200879,306,102723849,728643,3856,113218482,341676,112268252,105372793,6523,2277;Primary1,Primary2,Primary4,Primary5,Primary6,Primary7,Primary8,Primary9,Primary10,Primary11,Primary12,Primary13,Primary14,Primary15,Primary16,Primary17,Primary18,Primary19,Primary20,Primary21,Primary22,Primary23
7620,284434,112268422,200879,102723849,1577,120892,100652781,503645,100529240,105372793;Primary1,Primary2,Primary3,Primary5,Primary6,Primary7,Primary8,Primary9,Primary10,Primary11,Primary12,Primary13,Primary14,Primary15,Primary16,Primary17,Primary18,Primary19,Primary20,Primary21,Primary22,Primary23
7620,148213,4179,100529240;Primary1,Primary2,Primary3,Primary4,Primary5,Primary6,Primary7,Primary8,Primary9,Primary10,Primary11,Primary12,Primary13,Primary14,Primary15,Primary16,Primary17,Primary18,Primary19,Primary20,Primary21,Primary22,Primary23
7620,342892,649946;Primary1,Primary2,Primary3,Primary4,Primary5,Primary6,Primary7,Primary8,Primary9,Primary10,Primary11,Primary12,Primary13,Primary14,Primary15,Primary16,Primary17,Primary18,Primary19,Primary20,Primary21,Primary22,Primary23
7620,163131,112268422,4057,200879,306,102723849,1577,107984498,341676,100652781,503645,94025,100529240;Primary1,Primary2,Primary3,Primary5,Primary6,Primary7,Primary8,Primary9,Primary10,Primary11,Primary12,Primary13,Primary14,Primary15,Primary16,Primary17,Primary18,Primary19,Primary20,Primary21,Primary22,Primary23
7620,102723552,4179,148213,100529240;Primary1,Primary2,Primary3,Primary4,Primary6,Primary7,Primary8,Primary9,Primary10,Primary11,Primary12,Primary13,Primary14,Primary15,Primary16,Primary17,Primary18,Primary19,Primary20,Primary21,Primary22,Primary23
7620,2277,112268422,4057,200879,306,102723849,120892,107984498,94025,100529240,105372793;Primary1,Primary2,Primary3,Primary5,Primary6,Primary7,Primary8,Primary9,Primary10,Primary11,Primary12,Primary13,Primary14,Primary15,Primary16,Primary17,Primary18,Primary19,Primary20,Primary21,Primary22,Primary23
66002,246100,1485;Primary2,Primary3,Primary4,Primary5,Primary6,Primary7,Primary8,Primary9,Primary10,Primary11,Primary12,Primary13,Primary14,Primary15,Primary16,Primary17,Primary18,Primary19,Primary20,Primary21,Primary22,Primary23
284434,148213,503640,7620,100529240;Primary1,Primary2,Primary3,Primary5,Primary6,Primary7,Primary8,Primary9,Primary10,Primary11,Primary12,Primary13,Primary14,Primary15,Primary16,Primary17,Primary18,Primary19,Primary20,Primary21,Primary22,Primary23
284434,5349,388743,6332,33,645843,200879,102723849,120892,100652781,503645,6523;Primary1,Primary2,Primary3,Primary4,Primary5,Primary6,Primary7,Primary8,Primary9,Primary10,Primary11,Primary12,Primary13,Primary14,Primary16,Primary17,Primary18,Primary19,Primary20,Primary21,Primary22,Primary23
284434,284323,112268422,33,200879,105180390,641776,105180391,102723849,1577,341676,100652781,503645,105372793;Primary1,Primary3,Primary4,Primary5,Primary6,Primary7,Primary8,Primary9,Primary10,Primary11,Primary12,Primary13,Primary14,Primary15,Primary16,Primary17,Primary18,Primary19,Primary20,Primary21,Primary22,Primary23
284434,388555,79098,105373265,112268422,33,4057,201625,11148,131873,200879,306,105180390,641776,105180391,102723849,3856,113218482,341676,112268252,105372793,6523;Primary1,Primary2,Primary4,Primary5,Primary6,Primary7,Primary8,Primary9,Primary10,Primary11,Primary12,Primary13,Primary14,Primary15,Primary16,Primary17,Primary18,Primary19,Primary20,Primary21,Primary22,Primary23
284434,100529240,112268422,33,200879,102723849,1577,120892,100652781,503645,105372793;Primary1,Primary2,Primary3,Primary5,Primary6,Primary7,Primary8,Primary9,Primary10,Primary11,Primary12,Primary13,Primary14,Primary15,Primary16,Primary17,Primary18,Primary19,Primary20,Primary21,Primary22,Primary23
284434,6523,112268422,33,645843,200879,105180390,641776,105180391,102723849,100652781,503645,105372793;Primary1,Primary2,Primary3,Primary4,Primary5,Primary6,Primary7,Primary8,Primary9,Primary10,Primary11,Primary12,Primary13,Primary14,Primary15,Primary16,Primary17,Primary18,Primary19,Primary20,Primary21,Primary22,Primary23
284434,2277,79098,105373265,112268422,6332,33,4057,201625,11148,645843,200879,641776,105180391,102723849,120892,113218482,341676,100652781,503645,112268252,105372793;Primary2,Primary3,Primary4,Primary5,Primary6,Primary7,Primary8,Primary9,Primary10,Primary11,Primary12,Primary13,Primary14,Primary15,Primary16,Primary17,Primary18,Primary19,Primary20,Primary21,Primary22,Primary23
284434,389852,112268422,645843,200879,102723849,341676,105372793;Primary1,Primary2,Primary3,Primary4,Primary5,Primary6,Primary7,Primary8,Primary9,Primary10,Primary12,Primary13,Primary14,Primary15,Primary16,Primary17,Primary18,Primary19,Primary20,Primary21,Primary22,Primary23
284434,102723382,341676;Primary2,Primary3,Primary4,Primary5,Primary6,Primary7,Primary8,Primary9,Primary10,Primary11,Primary12,Primary13,Primary14,Primary15,Primary16,Primary17,Primary18,Primary19,Primary20,Primary21,Primary22,Primary23
3780,5625,441151;Primary1,Primary2,Primary3,Primary4,Primary5,Primary6,Primary7,Primary8,Primary9,Primary10,Primary11,Primary12,Primary13,Primary14,Primary15,Primary16,Primary17,Primary18,Primary19,Primary21,Primary22,Primary23
9454,4128;Primary1,Primary2,Primary3,Primary4,Primary5,Primary6,Primary7,Primary8,Primary9,Primary10,Primary11,Primary12,Primary13,Primary14,Primary15,Primary16,Primary17,Primary18,Primary19,Primary21,Primary22,Primary23
148213,342892,168374;Primary1,Primary2,Primary3,Primary4,Primary5,Primary6,Primary7,Primary8,Primary9,Primary10,Primary11,Primary12,Primary13,Primary14,Primary15,Primary16,Primary17,Primary18,Primary19,Primary20,Primary21,Primary22,Primary23
148213,102723382,168374;Primary2,Primary3,Primary4,Primary5,Primary6,Primary7,Primary8,Primary9,Primary10,Primary11,Primary12,Primary13,Primary14,Primary15,Primary16,Primary17,Primary18,Primary19,Primary20,Primary21,Primary22,Primary23
5349,3960,277,114569,58524,22943,22941,28984,7080,999,284111,64073,4680,112268252;Primary1,Primary2,Primary3,Primary4,Primary5,Primary7,Primary8,Primary9,Primary10,Primary11,Primary12,Primary13,Primary14,Primary15,Primary16,Primary17,Primary18,Primary19,Primary20,Primary21,Primary22,Primary23
5349,163131,388743,105373265,33,4057,11148,131873,200879,306,105180390,641776,105180391,102723849,65217,6337,3856,113218482,4680,112268252,388555;Primary1,Primary2,Primary3,Primary4,Primary5,Primary6,Primary7,Primary8,Primary9,Primary10,Primary11,Primary12,Primary13,Primary14,Primary16,Primary17,Primary18,Primary19,Primary20,Primary21,Primary22,Primary23
5349,284323,388743,33,11148,306,105180390,641776,105180391,102723849,1577,6337,100652781,163131;Primary1,Primary2,Primary3,Primary4,Primary5,Primary6,Primary7,Primary8,Primary9,Primary10,Primary11,Primary12,Primary13,Primary14,Primary16,Primary17,Primary18,Primary19,Primary20,Primary21,Primary22,Primary23
5349,388555,79098,388743,105373265,33,4057,201625,11148,131873,200879,306,105180390,641776,105180391,102723849,65217,6337,3856,113218482,4680,112268252,6523;Primary1,Primary2,Primary3,Primary4,Primary5,Primary6,Primary7,Primary8,Primary9,Primary10,Primary11,Primary12,Primary13,Primary14,Primary16,Primary17,Primary18,Primary19,Primary20,Primary21,Primary22,Primary23
5349,79818,388743,4057,11148,131873,306,105180390,641776,105180391,102723849,112268252,6523;Primary1,Primary2,Primary3,Primary4,Primary5,Primary6,Primary7,Primary8,Primary9,Primary10,Primary11,Primary12,Primary13,Primary14,Primary16,Primary17,Primary18,Primary19,Primary20,Primary21,Primary22,Primary23
5349,6473,276,277,10071,9228,999,4680;Primary1,Primary2,Primary3,Primary4,Primary5,Primary6,Primary8,Primary9,Primary10,Primary11,Primary12,Primary13,Primary14,Primary15,Primary16,Primary17,Primary18,Primary19,Primary20,Primary21,Primary22,Primary23
342892,163131,100652781;Primary1,Primary2,Primary3,Primary4,Primary5,Primary6,Primary7,Primary8,Primary9,Primary10,Primary11,Primary12,Primary13,Primary14,Primary15,Primary16,Primary17,Primary18,Primary19,Primary20,Primary21,Primary22,Primary23
342892,102723552,168374,649946,7620,148213,100529240;Primary1,Primary3,Primary4,Primary5,Primary6,Primary7,Primary8,Primary9,Primary10,Primary11,Primary12,Primary13,Primary14,Primary15,Primary16,Primary17,Primary18,Primary19,Primary20,Primary21,Primary22,Primary23
342892,102723382,168374,7620;Primary1,Primary3,Primary4,Primary5,Primary6,Primary7,Primary8,Primary9,Primary10,Primary11,Primary12,Primary13,Primary14,Primary15,Primary16,Primary17,Primary18,Primary19,Primary20,Primary21,Primary22,Primary23
3960,4680,54897,277,114569,22943,22941,7080,284111,64073,112268252,6473;Primary1,Primary2,Primary3,Primary4,Primary5,Primary7,Primary8,Primary9,Primary10,Primary11,Primary12,Primary13,Primary14,Primary15,Primary16,Primary17,Primary18,Primary19,Primary20,Primary21,Primary22,Primary23
3960,84518;Primary1,Primary2,Primary3,Primary4,Primary5,Primary6,Primary7,Primary9,Primary10,Primary11,Primary12,Primary13,Primary14,Primary15,Primary16,Primary17,Primary18,Primary19,Primary20,Primary21,Primary22,Primary23
3960,92086;Primary2,Primary3,Primary4,Primary5,Primary6,Primary7,Primary8,Primary9,Primary10,Primary11,Primary12,Primary13,Primary14,Primary15,Primary16,Primary17,Primary18,Primary19,Primary20,Primary21,Primary22,Primary23
3960,84700,729238;Primary2,Primary3,Primary4,Primary5,Primary6,Primary7,Primary8,Primary9,Primary10,Primary11,Primary12,Primary13,Primary14,Primary15,Primary16,Primary17,Primary18,Primary19,Primary20,Primary21,Primary22,Primary23
163131,388555,105373265,112268422,33,4057,11148,131873,200879,306,641776,105180391,102723849,65217,3856,113218482,94025,112268252;Primary1,Primary2,Primary3,Primary4,Primary5,Primary6,Primary7,Primary8,Primary9,Primary10,Primary11,Primary12,Primary13,Primary14,Primary15,Primary16,Primary17,Primary18,Primary19,Primary20,Primary21,Primary22,Primary23
163131,100529240,112268422,33,4057,11148,200879,306,102723849,1577,107984498,341676,100652781,503645,94025;Primary1,Primary2,Primary3,Primary5,Primary6,Primary7,Primary8,Primary9,Primary10,Primary11,Primary12,Primary13,Primary14,Primary15,Primary16,Primary17,Primary18,Primary19,Primary20,Primary21,Primary22,Primary23
163131,79818,105373265,33,4057,11148,131873,200879,306,105180390,641776,105180391,102723849,65217,3856,113218482,94025,112268252;Primary1,Primary2,Primary3,Primary5,Primary6,Primary7,Primary8,Primary9,Primary10,Primary11,Primary12,Primary13,Primary14,Primary15,Primary16,Primary17,Primary18,Primary19,Primary20,Primary21,Primary22,Primary23
163131,28824,105373265,112268422,33,4057,11148,131873,200879,306,105180390,641776,105180391,102723849,65217,3856,113218482,94025,112268252,26226;Primary1,Primary2,Primary3,Primary4,Primary6,Primary7,Primary8,Primary9,Primary10,Primary11,Primary12,Primary13,Primary14,Primary15,Primary16,Primary17,Primary18,Primary19,Primary20,Primary21,Primary22,Primary23
163131,6523,105373265,112268422,33,4057,201625,11148,131873,200879,306,105180390,641776,105180391,102723849,65217,3856,113218482,94025,112268252,105372793;Primary1,Primary3,Primary4,Primary5,Primary6,Primary7,Primary8,Primary9,Primary10,Primary11,Primary12,Primary13,Primary14,Primary15,Primary16,Primary17,Primary18,Primary19,Primary20,Primary21,Primary22,Primary23
163131,2277,105373265,112268422,33,4057,201625,11148,131873,200879,306,641776,102723849,65217,113218482,341676,94025,112268252,388555,105372793;Primary1,Primary2,Primary3,Primary4,Primary5,Primary6,Primary7,Primary8,Primary9,Primary10,Primary11,Primary13,Primary14,Primary15,Primary16,Primary17,Primary18,Primary19,Primary20,Primary21,Primary22,Primary23
163131,102466759,105373265,112268422,4057,11148,131873,200879,306,102723849,3856,113218482,94025,112268252;Primary1,Primary2,Primary3,Primary4,Primary5,Primary6,Primary7,Primary8,Primary9,Primary10,Primary11,Primary12,Primary13,Primary14,Primary15,Primary16,Primary17,Primary18,Primary19,Primary20,Primary21,Primary22,Primary23
284323,388555,112268422,33,201625,11148,131873,200879,306,105180390,641776,105180391,102723849,65217,163131,105372793;Primary1,Primary3,Primary4,Primary5,Primary6,Primary7,Primary8,Primary9,Primary10,Primary11,Primary12,Primary13,Primary14,Primary15,Primary16,Primary17,Primary18,Primary19,Primary20,Primary21,Primary22,Primary23
284323,100529240,105180390,102723849,1577,649946,100652781,440352,503645,163131;Primary1,Primary2,Primary3,Primary4,Primary5,Primary6,Primary8,Primary9,Primary10,Primary11,Primary12,Primary13,Primary14,Primary15,Primary16,Primary17,Primary18,Primary19,Primary20,Primary21,Primary22,Primary23
284323,79818,11148,306,105180390,641776,105180391,102723849,1577,341676,100652781,503645;Primary1,Primary2,Primary4,Primary5,Primary6,Primary7,Primary8,Primary9,Primary10,Primary11,Primary12,Primary13,Primary14,Primary15,Primary16,Primary17,Primary18,Primary19,Primary20,Primary21,Primary22,Primary23
284323,26226,33,11148,306,105180390,641776,105180391,102723849,341676,100652781,163131;Primary1,Primary2,Primary3,Primary4,Primary6,Primary7,Primary8,Primary9,Primary10,Primary11,Primary12,Primary13,Primary14,Primary15,Primary16,Primary17,Primary18,Primary19,Primary20,Primary21,Primary22,Primary23
284323,100158262,1577;Primary1,Primary2,Primary3,Primary4,Primary5,Primary7,Primary8,Primary9,Primary10,Primary11,Primary12,Primary13,Primary14,Primary15,Primary16,Primary17,Primary18,Primary19,Primary20,Primary21,Primary22,Primary23
284323,102466759,33,4057,11148,200879,306,105180390,105180391,102723849,1577,100652781,440352,503645,163131,105372793;Primary1,Primary2,Primary3,Primary4,Primary5,Primary6,Primary8,Primary9,Primary10,Primary11,Primary12,Primary13,Primary14,Primary15,Primary16,Primary17,Primary18,Primary19,Primary20,Primary21,Primary22,Primary23
1555,89765,2537,632,654433,285429,390083,24150;Primary1,Primary2,Primary3,Primary4,Primary5,Primary6,Primary7,Primary8,Primary9,Primary10,Primary11,Primary12,Primary13,Primary14,Primary15,Primary16,Primary17,Primary18,Primary19,Primary20,Primary21,Primary22,Primary23
4680,6473,277,9228,999;Primary1,Primary2,Primary3,Primary4,Primary5,Primary6,Primary7,Primary8,Primary9,Primary10,Primary11,Primary12,Primary13,Primary14,Primary15,Primary16,Primary17,Primary18,Primary19,Primary20,Primary21,Primary22,Primary23
4680,102466759,79098,105373265,112268422,4057,201625,11148,131873,200879,306,102723849,728643,3856,113218482,94025,112268252,105372793,6523,2277;Primary1,Primary2,Primary3,Primary4,Primary5,Primary6,Primary7,Primary8,Primary9,Primary10,Primary11,Primary12,Primary13,Primary14,Primary16,Primary17,Primary18,Primary19,Primary20,Primary21,Primary22,Primary23
84518,79784;Primary1,Primary2,Primary3,Primary4,Primary5,Primary6,Primary7,Primary9,Primary10,Primary11,Primary12,Primary13,Primary14,Primary15,Primary16,Primary17,Primary18,Primary19,Primary20,Primary21,Primary22,Primary23
84518,54084;Primary1,Primary2,Primary3,Primary4,Primary5,Primary6,Primary7,Primary8,Primary9,Primary10,Primary11,Primary12,Primary13,Primary14,Primary15,Primary16,Primary17,Primary18,Primary19,Primary20,Primary21,Primary22,Primary23
5675,11254,100820829;Primary1,Primary2,Primary4,Primary5,Primary6,Primary7,Primary8,Primary9,Primary10,Primary11,Primary12,Primary13,Primary14,Primary15,Primary16,Primary17,Primary18,Primary19,Primary20,Primary21,Primary22,Primary23
2696,4574,113219467;Primary1,Primary2,Primary3,Primary4,Primary5,Primary6,Primary7,Primary8,Primary9,Primary10,Primary11,Primary12,Primary13,Primary15,Primary16,Primary17,Primary18,Primary19,Primary20,Primary21,Primary22,Primary23
388555,79784,3219;Primary1,Primary2,Primary3,Primary4,Primary5,Primary6,Primary7,Primary8,Primary9,Primary10,Primary11,Primary12,Primary13,Primary14,Primary16,Primary17,Primary18,Primary19,Primary20,Primary21,Primary22,Primary23
388555,28824,79098,406969,105373265,112268422,33,4057,201625,11148,131873,200879,306,641776,102723849,728643,65217,3856,113218482,112268252,105372793,26226,6523;Primary1,Primary2,Primary3,Primary4,Primary6,Primary7,Primary8,Primary9,Primary10,Primary11,Primary12,Primary13,Primary14,Primary15,Primary16,Primary17,Primary18,Primary19,Primary20,Primary21,Primary22,Primary23
388555,2277,79098,406969,105373265,112268422,33,4057,201625,11148,131873,645843,200879,306,641776,102723849,728643,65217,3856,113218482,112268252,105372793,6523;Primary1,Primary2,Primary3,Primary4,Primary5,Primary6,Primary7,Primary8,Primary9,Primary10,Primary11,Primary13,Primary14,Primary15,Primary16,Primary17,Primary18,Primary19,Primary20,Primary21,Primary22,Primary23
388555,389852,112268422,131873,200879,105372793,2277;Primary1,Primary2,Primary3,Primary4,Primary5,Primary6,Primary7,Primary8,Primary9,Primary10,Primary11,Primary13,Primary14,Primary15,Primary16,Primary17,Primary18,Primary19,Primary20,Primary21,Primary22,Primary23
388555,102723508,79098,105373265,112268422,4057,201625,11148,131873,200879,306,728643,65217,60494,3856,113218482,8091,767566,112268252,105372793,6523,2277;Primary1,Primary2,Primary3,Primary4,Primary5,Primary6,Primary7,Primary8,Primary9,Primary10,Primary11,Primary13,Primary14,Primary15,Primary16,Primary17,Primary18,Primary19,Primary20,Primary21,Primary22,Primary23
4861,26609,79148;Primary1,Primary2,Primary3,Primary4,Primary5,Primary6,Primary7,Primary9,Primary10,Primary11,Primary12,Primary13,Primary14,Primary15,Primary16,Primary17,Primary18,Primary19,Primary20,Primary21,Primary22,Primary23
79784,54084,886;Primary1,Primary2,Primary3,Primary4,Primary5,Primary6,Primary7,Primary9,Primary10,Primary11,Primary12,Primary13,Primary14,Primary15,Primary16,Primary17,Primary18,Primary19,Primary20,Primary21,Primary22,Primary23
79784,84700,886,9211;Primary1,Primary2,Primary3,Primary4,Primary5,Primary7,Primary8,Primary9,Primary10,Primary11,Primary12,Primary13,Primary14,Primary15,Primary16,Primary17,Primary18,Primary19,Primary20,Primary21,Primary22,Primary23
9622,4693,285429,390083,196335,89765;Primary1,Primary2,Primary3,Primary4,Primary5,Primary6,Primary7,Primary8,Primary9,Primary10,Primary11,Primary12,Primary13,Primary14,Primary15,Primary16,Primary17,Primary18,Primary19,Primary20,Primary21,Primary22,Primary23
9622,11254,196335,89765,4693;Primary1,Primary2,Primary4,Primary5,Primary6,Primary7,Primary8,Primary9,Primary10,Primary11,Primary12,Primary13,Primary14,Primary15,Primary16,Primary17,Primary18,Primary19,Primary20,Primary21,Primary22,Primary23
84765,102723382;Primary1,Primary2,Primary4,Primary5,Primary6,Primary7,Primary8,Primary9,Primary10,Primary11,Primary12,Primary13,Primary14,Primary15,Primary16,Primary17,Primary18,Primary19,Primary20,Primary21,Primary22,Primary23
100529240,79818,102723849,1577,120892,94025;Primary1,Primary2,Primary3,Primary4,Primary5,Primary6,Primary7,Primary8,Primary9,Primary10,Primary11,Primary12,Primary13,Primary14,Primary15,Primary16,Primary17,Primary18,Primary19,Primary20,Primary21,Primary22,Primary23
100529240,26226,4057,11148,306,120892,107984498,113218482,100652781,94025,112268252,105372793;Primary1,Primary2,Primary3,Primary5,Primary6,Primary7,Primary8,Primary9,Primary10,Primary11,Primary12,Primary13,Primary14,Primary15,Primary16,Primary17,Primary18,Primary19,Primary20,Primary21,Primary22,Primary23
100529240,2277,112268422,33,4057,11148,200879,306,102723849,120892,107984498,113218482,94025,112268252,105372793,6523;Primary1,Primary2,Primary3,Primary5,Primary6,Primary7,Primary8,Primary9,Primary10,Primary11,Primary12,Primary13,Primary14,Primary15,Primary16,Primary17,Primary18,Primary19,Primary20,Primary21,Primary22,Primary23
100529240,102466759,306,102723849,100652781,94025,79818;Primary1,Primary2,Primary4,Primary5,Primary6,Primary7,Primary8,Primary9,Primary10,Primary11,Primary12,Primary13,Primary14,Primary15,Primary16,Primary17,Primary18,Primary19,Primary20,Primary21,Primary22,Primary23
100529240,102723382,168374;Primary1,Primary2,Primary3,Primary5,Primary6,Primary7,Primary8,Primary9,Primary10,Primary11,Primary12,Primary13,Primary14,Primary15,Primary16,Primary17,Primary18,Primary19,Primary20,Primary21,Primary22,Primary23
94059,102466759,102723849,94025,79818;Primary1,Primary2,Primary3,Primary4,Primary5,Primary6,Primary7,Primary8,Primary10,Primary11,Primary12,Primary13,Primary14,Primary15,Primary16,Primary17,Primary18,Primary19,Primary20,Primary21,Primary22,Primary23
79818,2277,79098,105373265,33,4057,201625,11148,131873,645843,200879,306,105180390,641776,105180391,102723849,65217,3856,113218482,103504738,94025,112268252,105372793,6523;Primary1,Primary2,Primary3,Primary5,Primary6,Primary7,Primary8,Primary9,Primary10,Primary11,Primary12,Primary13,Primary14,Primary15,Primary16,Primary17,Primary18,Primary19,Primary20,Primary21,Primary22,Primary23
79818,102466759,4057,11148,131873,306,102723849,94025,112268252,6523;Primary1,Primary2,Primary3,Primary4,Primary5,Primary6,Primary7,Primary8,Primary9,Primary10,Primary11,Primary12,Primary13,Primary14,Primary15,Primary16,Primary17,Primary18,Primary19,Primary20,Primary21,Primary22,Primary23
677831,7113,168374;Primary1,Primary2,Primary3,Primary4,Primary5,Primary6,Primary7,Primary8,Primary9,Primary10,Primary11,Primary12,Primary13,Primary14,Primary15,Primary16,Primary17,Primary18,Primary20,Primary21,Primary22,Primary23
164312,391253;Primary1,Primary2,Primary3,Primary4,Primary5,Primary6,Primary7,Primary8,Primary9,Primary10,Primary11,Primary12,Primary13,Primary14,Primary15,Primary16,Primary17,Primary18,Primary19,Primary20,Primary21,Primary23
164312,23562,1513,284680,200407,54769,1152,284266,54,10331,2696,4318,109729184;Primary1,Primary2,Primary3,Primary4,Primary5,Primary6,Primary7,Primary8,Primary9,Primary10,Primary11,Primary12,Primary13,Primary14,Primary15,Primary16,Primary17,Primary18,Primary20,Primary21,Primary22,Primary23
164312,4693,1513,200407,4852,1152,284266,54,1471,4318,109729184;Primary1,Primary2,Primary3,Primary4,Primary5,Primary6,Primary7,Primary8,Primary9,Primary10,Primary11,Primary12,Primary13,Primary15,Primary16,Primary17,Primary18,Primary19,Primary20,Primary21,Primary22,Primary23
57186,57477,9411,7851,54861;Primary1,Primary2,Primary3,Primary4,Primary5,Primary6,Primary8,Primary9,Primary10,Primary11,Primary12,Primary13,Primary14,Primary15,Primary16,Primary17,Primary18,Primary19,Primary20,Primary21,Primary22,Primary23
1471,23562,1513,200407,54769,1152,284266,54,10331,2696,4318,109729184;Primary1,Primary2,Primary3,Primary4,Primary5,Primary6,Primary7,Primary8,Primary9,Primary10,Primary11,Primary12,Primary13,Primary14,Primary15,Primary16,Primary17,Primary18,Primary19,Primary20,Primary21,Primary22,Primary23
92086,84700,729238;Primary1,Primary2,Primary3,Primary4,Primary5,Primary6,Primary7,Primary8,Primary9,Primary10,Primary11,Primary12,Primary13,Primary14,Primary15,Primary16,Primary17,Primary18,Primary19,Primary20,Primary21,Primary22
92086,4574,113219467;Primary1,Primary2,Primary3,Primary4,Primary5,Primary6,Primary7,Primary9,Primary10,Primary11,Primary12,Primary13,Primary14,Primary15,Primary16,Primary17,Primary18,Primary19,Primary20,Primary21,Primary22,Primary23
102723552,102725051,4179,168374,100529240;Primary1,Primary2,Primary3,Primary4,Primary5,Primary6,Primary7,Primary8,Primary9,Primary10,Primary11,Primary12,Primary13,Primary14,Primary15,Primary16,Primary17,Primary18,Primary19,Primary20,Primary22,Primary23
391253,7125,164312;Primary1,Primary2,Primary3,Primary4,Primary5,Primary6,Primary7,Primary8,Primary9,Primary10,Primary11,Primary12,Primary13,Primary14,Primary15,Primary16,Primary18,Primary19,Primary20,Primary21,Primary22,Primary23
8537,26226,1043,9173;Primary1,Primary2,Primary3,Primary4,Primary5,Primary6,Primary8,Primary9,Primary10,Primary11,Primary12,Primary13,Primary14,Primary15,Primary16,Primary17,Primary18,Primary19,Primary20,Primary21,Primary22,Primary23
8537,57477,9411,1906,6103;Primary1,Primary2,Primary3,Primary4,Primary5,Primary6,Primary7,Primary8,Primary9,Primary10,Primary11,Primary12,Primary13,Primary14,Primary15,Primary17,Primary18,Primary19,Primary20,Primary21,Primary22,Primary23
23562,4574,1513,200407,54,2696;Primary1,Primary2,Primary3,Primary4,Primary5,Primary6,Primary7,Primary8,Primary9,Primary10,Primary11,Primary12,Primary13,Primary14,Primary16,Primary17,Primary18,Primary19,Primary20,Primary21,Primary22,Primary23
7113,28824,1043,93035;Primary1,Primary3,Primary4,Primary5,Primary6,Primary7,Primary8,Primary9,Primary10,Primary11,Primary12,Primary13,Primary14,Primary15,Primary16,Primary17,Primary18,Primary19,Primary20,Primary21,Primary22,Primary23
7113,26226,4585;Primary1,Primary2,Primary3,Primary4,Primary5,Primary7,Primary8,Primary9,Primary10,Primary11,Primary12,Primary13,Primary14,Primary15,Primary16,Primary17,Primary18,Primary19,Primary20,Primary21,Primary22,Primary23
54084,84700,886,9211;Primary1,Primary2,Primary3,Primary4,Primary5,Primary6,Primary7,Primary9,Primary10,Primary11,Primary12,Primary13,Primary14,Primary15,Primary16,Primary17,Primary18,Primary19,Primary20,Primary21,Primary22,Primary23
728226,5625;Primary1,Primary2,Primary3,Primary4,Primary5,Primary6,Primary7,Primary8,Primary9,Primary10,Primary12,Primary13,Primary14,Primary15,Primary16,Primary17,Primary18,Primary19,Primary20,Primary21,Primary22,Primary23
728226,4693;Primary1,Primary2,Primary3,Primary4,Primary5,Primary6,Primary7,Primary9,Primary10,Primary11,Primary12,Primary13,Primary14,Primary15,Primary16,Primary17,Primary18,Primary19,Primary20,Primary21,Primary22,Primary23
28824,2277,79098,406969,105373265,112268422,33,4057,201625,11148,131873,645843,200879,306,641776,102723849,728643,65217,3856,113218482,112268252,105372793,26226,6523;Primary1,Primary2,Primary3,Primary4,Primary6,Primary7,Primary8,Primary9,Primary10,Primary11,Primary12,Primary13,Primary14,Primary15,Primary16,Primary17,Primary18,Primary19,Primary20,Primary21,Primary22,Primary23
28824,102723508,79098,406969,105373265,112268422,33,4057,201625,11148,131873,200879,306,728643,65217,60494,3856,113218482,767566,112268252,388555,105372793,26226,6523;Primary1,Primary2,Primary3,Primary4,Primary6,Primary7,Primary8,Primary9,Primary10,Primary11,Primary12,Primary13,Primary14,Primary15,Primary16,Primary17,Primary18,Primary19,Primary20,Primary21,Primary22,Primary23
26226,2277,4057,11148,645843,306,120892,3856,113218482,112268252,105372793;Primary1,Primary2,Primary3,Primary4,Primary5,Primary6,Primary7,Primary8,Primary9,Primary10,Primary11,Primary12,Primary13,Primary14,Primary15,Primary16,Primary17,Primary18,Primary19,Primary20,Primary21,Primary22,Primary23
26226,102723382,112268422,4057,11148,645843,306,3856,113218482,112268252,105372793,2277;Primary1,Primary2,Primary4,Primary5,Primary6,Primary7,Primary8,Primary9,Primary10,Primary11,Primary12,Primary13,Primary14,Primary15,Primary16,Primary17,Primary18,Primary19,Primary20,Primary21,Primary22,Primary23
26609,102723508,79098,105373265,112268422,4057,201625,11148,131873,200879,306,728643,60494,3856,113218482,112268252,105372793,2277;Primary1,Primary2,Primary3,Primary4,Primary5,Primary6,Primary7,Primary8,Primary9,Primary10,Primary11,Primary12,Primary13,Primary14,Primary15,Primary16,Primary17,Primary19,Primary20,Primary21,Primary22,Primary23
26609,102466759,79098,105373265,112268422,4057,201625,11148,131873,200879,306,102723849,728643,3856,113218482,94025,112268252,6523,2277;Primary1,Primary2,Primary3,Primary4,Primary5,Primary6,Primary7,Primary8,Primary9,Primary10,Primary11,Primary12,Primary13,Primary14,Primary15,Primary16,Primary17,Primary19,Primary20,Primary21,Primary22,Primary23
26609,30848,10917;Primary1,Primary2,Primary3,Primary4,Primary5,Primary6,Primary7,Primary8,Primary9,Primary10,Primary11,Primary12,Primary14,Primary15,Primary16,Primary17,Primary18,Primary19,Primary20,Primary21,Primary22,Primary23
2277,102723508,79098,105373265,112268422,4057,201625,11148,131873,200879,306,728643,60494,3856,113218482,112268252,105372793,6523;Primary1,Primary2,Primary3,Primary4,Primary5,Primary6,Primary7,Primary8,Primary9,Primary10,Primary11,Primary12,Primary13,Primary14,Primary15,Primary16,Primary17,Primary18,Primary19,Primary20,Primary21,Primary22,Primary23
6103,57477,9411,1906;Primary1,Primary2,Primary3,Primary4,Primary5,Primary6,Primary7,Primary8,Primary9,Primary10,Primary11,Primary12,Primary13,Primary14,Primary15,Primary16,Primary17,Primary18,Primary19,Primary20,Primary21,Primary22,Primary23
4693,11254,200407,4852,1471;Primary1,Primary2,Primary4,Primary5,Primary6,Primary7,Primary8,Primary9,Primary10,Primary11,Primary12,Primary13,Primary14,Primary15,Primary16,Primary17,Primary18,Primary19,Primary20,Primary21,Primary22,Primary23
389852,102723382,341676,105372793;Primary1,Primary2,Primary3,Primary4,Primary5,Primary6,Primary7,Primary8,Primary9,Primary10,Primary12,Primary13,Primary14,Primary15,Primary16,Primary17,Primary18,Primary19,Primary20,Primary21,Primary22,Primary23
102723508,102466759,79098,105373265,112268422,4057,201625,11148,131873,200879,306,728643,3856,113218482,112268252,105372793,6523,2277;Primary1,Primary2,Primary3,Primary4,Primary5,Primary6,Primary7,Primary8,Primary9,Primary10,Primary11,Primary12,Primary13,Primary14,Primary15,Primary16,Primary17,Primary18,Primary19,Primary20,Primary21,Primary22,Primary23
102723508,57526,79098,105373265,112268422,4057,201625,11148,131873,200879,306,285989,728643,113218482,8091,112268252,6523,102466759;Primary1,Primary2,Primary3,Primary4,Primary5,Primary6,Primary7,Primary8,Primary9,Primary10,Primary11,Primary13,Primary14,Primary15,Primary16,Primary17,Primary18,Primary19,Primary20,Primary21,Primary22,Primary23
102723508,102723382,79098,112268422,4057,201625,11148,131873,200879,306,285989,113218482,112268252,105372793,2277,102466759;Primary1,Primary2,Primary4,Primary5,Primary6,Primary7,Primary8,Primary9,Primary10,Primary11,Primary12,Primary13,Primary14,Primary15,Primary16,Primary17,Primary18,Primary19,Primary20,Primary21,Primary22,Primary23
102466759,57526,79098,105373265,112268422,4057,201625,11148,131873,200879,306,102723849,285989,728643,113218482,8091,112268252,6523;Primary1,Primary2,Primary3,Primary4,Primary5,Primary6,Primary7,Primary8,Primary9,Primary10,Primary11,Primary13,Primary14,Primary15,Primary16,Primary17,Primary18,Primary19,Primary20,Primary21,Primary22,Primary23
102466759,102723382,79098,112268422,33,4057,201625,11148,131873,200879,306,102723849,728643,3856,113218482,341676,94025,112268252,105372793,6523,2277;Primary1,Primary2,Primary4,Primary5,Primary6,Primary7,Primary8,Primary9,Primary10,Primary11,Primary12,Primary13,Primary14,Primary15,Primary16,Primary17,Primary18,Primary19,Primary20,Primary21,Primary22,Primary23
158798,246100,1485;Primary1,Primary2,Primary3,Primary4,Primary5,Primary6,Primary7,Primary8,Primary9,Primary10,Primary11,Primary12,Primary13,Primary15,Primary16,Primary17,Primary18,Primary19,Primary20,Primary21,Primary22,Primary23
246100,30848,1485;Primary1,Primary2,Primary3,Primary4,Primary5,Primary6,Primary7,Primary8,Primary9,Primary10,Primary11,Primary12,Primary13,Primary14,Primary15,Primary16,Primary17,Primary18,Primary19,Primary20,Primary21,Primary22,Primary23
