Interaction,name,Pearson,selected,shared interaction,shared name,Weight
11254,105371242,0.7306658164365956,false,11254,105371242,0.7306658164365956
11254,218,0.785887171693153,false,11254,218,0.785887171693153
11254,112577518,0.7350688493799988,false,11254,112577518,0.7350688493799988
11254,727897,0.882725171320744,false,11254,727897,0.882725171320744
11254,117156,0.7049132789195826,false,11254,117156,0.7049132789195826
11254,646480,0.7821221572386963,false,11254,646480,0.7821221572386963
11254,1770,0.7455035106399529,false,11254,1770,0.7455035106399529
100652781,2277,0.7105323368417039,false,100652781,2277,0.7105323368417039
100652781,388743,0.772138978964601,false,100652781,388743,0.772138978964601
100652781,105180390,0.8315403502927274,false,100652781,105180390,0.8315403502927274
100652781,1577,0.8333933812220714,false,100652781,1577,0.8333933812220714
100652781,503640,0.8325862887250436,false,100652781,503640,0.8325862887250436
100652781,200879,0.8342623695702676,false,100652781,200879,0.8342623695702676
100652781,645843,0.791290030942215,false,100652781,645843,0.791290030942215
100652781,102723849,0.8757412093579303,false,100652781,102723849,0.8757412093579303
100652781,28824,0.7423629524887119,false,100652781,28824,0.7423629524887119
100652781,131873,0.7254731025063917,false,100652781,131873,0.7254731025063917
100652781,94025,0.7500055621276674,false,100652781,94025,0.7500055621276674
100652781,120892,0.8303851996740383,false,100652781,120892,0.8303851996740383
100652781,11148,0.8213835010453964,false,100652781,11148,0.8213835010453964
100652781,4057,0.7683608586397592,false,100652781,4057,0.7683608586397592
100652781,641776,0.777367793595144,false,100652781,641776,0.777367793595144
100652781,112268252,0.7758244989487889,false,100652781,112268252,0.7758244989487889
100652781,163131,0.7894155711886515,false,100652781,163131,0.7894155711886515
100652781,6523,0.8206592603733841,false,100652781,6523,0.8206592603733841
100652781,341676,0.7517962063728535,false,100652781,341676,0.7517962063728535
100652781,284323,0.815101776722933,false,100652781,284323,0.815101776722933
100652781,105373265,0.7893830191044026,false,100652781,105373265,0.7893830191044026
100652781,55892,0.7707140559140547,false,100652781,55892,0.7707140559140547
100652781,306,0.7496588236001466,false,100652781,306,0.7496588236001466
100652781,105372793,0.8086351809545337,false,100652781,105372793,0.8086351809545337
100652781,105180391,0.8184917881630746,false,100652781,105180391,0.8184917881630746
100652781,100529240,0.7345305210062252,false,100652781,100529240,0.7345305210062252
100652781,113218482,0.7918051250174402,false,100652781,113218482,0.7918051250174402
100652781,79098,0.7201307659461884,false,100652781,79098,0.7201307659461884
100652781,440352,0.9290603730986686,false,100652781,440352,0.9290603730986686
100652781,112268422,0.7709772428183879,false,100652781,112268422,0.7709772428183879
100652781,3856,0.7252354610666297,false,100652781,3856,0.7252354610666297
100652781,649946,0.8069625459323566,false,100652781,649946,0.8069625459323566
100652781,33,0.8049590904267466,false,100652781,33,0.8049590904267466
100652781,503645,0.8895683046202139,false,100652781,503645,0.8895683046202139
100652781,201625,0.7963952799437097,false,100652781,201625,0.7963952799437097
100652781,26226,0.8291888495632276,false,100652781,26226,0.8291888495632276
195814,22941,0.8570078492269918,false,195814,22941,0.8570078492269918
195814,50964,0.8328989469470146,false,195814,50964,0.8328989469470146
195814,10071,0.8533817160986299,false,195814,10071,0.8533817160986299
195814,83481,0.7268084905466401,false,195814,83481,0.7268084905466401
195814,28984,0.8053541161257214,false,195814,28984,0.8053541161257214
195814,387882,0.735789440880021,false,195814,387882,0.735789440880021
195814,114569,0.8350402655572495,false,195814,114569,0.8350402655572495
195814,7080,0.8534113018307657,false,195814,7080,0.8534113018307657
195814,284111,0.844744265214397,false,195814,284111,0.844744265214397
195814,3229,0.8376091337338568,false,195814,3229,0.8376091337338568
195814,22943,0.8608225972207296,false,195814,22943,0.8608225972207296
195814,9228,0.7352719627397208,false,195814,9228,0.7352719627397208
195814,277,0.7132513161385273,false,195814,277,0.7132513161385273
195814,58524,0.7146793594193648,false,195814,58524,0.7146793594193648
195814,9052,0.7722769480208436,false,195814,9052,0.7722769480208436
195814,55567,0.8076144068856246,false,195814,55567,0.8076144068856246
195814,64073,0.8378474755344413,false,195814,64073,0.8378474755344413
195814,57575,0.7009250031531474,false,195814,57575,0.7009250031531474
105371242,727897,0.738267544471357,false,105371242,727897,0.738267544471357
105371242,4852,0.8162395528089206,false,105371242,4852,0.8162395528089206
105371242,10103,0.7819557275176674,false,105371242,10103,0.7819557275176674
64332,1043,0.7645622130847144,false,64332,1043,0.7645622130847144
64332,2122,0.71142790455235,false,64332,2122,0.71142790455235
64332,131873,0.7121466768992205,false,64332,131873,0.7121466768992205
64332,9173,0.7292874820609561,false,64332,9173,0.7292874820609561
64332,102466759,0.7051800302014803,false,64332,102466759,0.7051800302014803
3434,1555,0.7463577675115783,false,3434,1555,0.7463577675115783
3434,1768,0.7010469970509496,false,3434,1768,0.7010469970509496
3434,128218,0.7190150281159426,false,3434,128218,0.7190150281159426
3434,2537,0.848543104112603,false,3434,2537,0.848543104112603
3434,100133669,0.7418105258628089,false,3434,100133669,0.7418105258628089
3434,632,0.7459128489294505,false,3434,632,0.7459128489294505
3434,390083,0.7241634107182897,false,3434,390083,0.7241634107182897
2277,285989,0.703931512765732,false,2277,285989,0.703931512765732
2277,200879,0.8614080791947386,false,2277,200879,0.8614080791947386
2277,645843,0.7747978595020164,false,2277,645843,0.7747978595020164
2277,102723849,0.8134109899950641,false,2277,102723849,0.8134109899950641
2277,28824,0.8535013363976333,false,2277,28824,0.8535013363976333
2277,60494,0.7991124042989034,false,2277,60494,0.7991124042989034
2277,131873,0.7804403214973749,false,2277,131873,0.7804403214973749
2277,94025,0.7193011670772019,false,2277,94025,0.7193011670772019
2277,120892,0.736911371991695,false,2277,120892,0.736911371991695
2277,11148,0.8684961832395918,false,2277,11148,0.8684961832395918
2277,102723508,0.8096827855969665,false,2277,102723508,0.8096827855969665
2277,4057,0.8848107469501004,false,2277,4057,0.8848107469501004
2277,9173,0.7903318279498129,false,2277,9173,0.7903318279498129
2277,406969,0.727132358048303,false,2277,406969,0.727132358048303
2277,641776,0.71426076073811,false,2277,641776,0.71426076073811
2277,112268252,0.8709805854085099,false,2277,112268252,0.8709805854085099
2277,102466759,0.7808665183781367,false,2277,102466759,0.7808665183781367
2277,6523,0.8462164064696664,false,2277,6523,0.8462164064696664
2277,341676,0.7150021330007391,false,2277,341676,0.7150021330007391
2277,105373265,0.7873478897336653,false,2277,105373265,0.7873478897336653
2277,2125,0.7207068481004827,false,2277,2125,0.7207068481004827
2277,65217,0.7654544355840408,false,2277,65217,0.7654544355840408
2277,306,0.8381655250480297,false,2277,306,0.8381655250480297
2277,728643,0.7844416684877884,false,2277,728643,0.7844416684877884
2277,105372793,0.9115259532800544,false,2277,105372793,0.9115259532800544
2277,105180391,0.70101754882036,false,2277,105180391,0.70101754882036
2277,113218482,0.9000707530528336,false,2277,113218482,0.9000707530528336
2277,79098,0.8366567099663029,false,2277,79098,0.8366567099663029
2277,112268422,0.8848812854546573,false,2277,112268422,0.8848812854546573
2277,3856,0.8601466518520223,false,2277,3856,0.8601466518520223
2277,33,0.7917882602479177,false,2277,33,0.7917882602479177
2277,201625,0.7732807806437527,false,2277,201625,0.7732807806437527
2277,26226,0.8801485149061348,false,2277,26226,0.8801485149061348
4317,259290,0.7067416314794026,false,4317,259290,0.7067416314794026
4317,6969,0.7675583826961985,false,4317,6969,0.7675583826961985
256076,55289,0.9034212379898597,false,256076,55289,0.9034212379898597
256076,2160,0.7719057738084231,false,256076,2160,0.7719057738084231
256076,361,0.7187599108226053,false,256076,361,0.7187599108226053
256076,222166,0.8166387319504211,false,256076,222166,0.8166387319504211
256076,353189,0.8925845384370302,false,256076,353189,0.8925845384370302
256076,57402,0.9226978953729353,false,256076,57402,0.9226978953729353
256076,84525,0.9304539668654728,false,256076,84525,0.9304539668654728
256076,10595,0.8813007352159666,false,256076,10595,0.8813007352159666
256076,107985317,0.7087482907250303,false,256076,107985317,0.7087482907250303
256076,440590,0.7629837192453,false,256076,440590,0.7629837192453
256076,253970,0.745471961585359,false,256076,253970,0.745471961585359
256076,10018,0.7781470705238582,false,256076,10018,0.7781470705238582
256076,126353,0.8748457394696832,false,256076,126353,0.8748457394696832
256076,115019,0.8967465329840051,false,256076,115019,0.8967465329840051
388743,105180390,0.7936476631476748,false,388743,105180390,0.7936476631476748
388743,1577,0.7058661949973501,false,388743,1577,0.7058661949973501
388743,200879,0.8050398301717511,false,388743,200879,0.8050398301717511
388743,4680,0.8552527179553064,false,388743,4680,0.8552527179553064
388743,645843,0.8571584865131101,false,388743,645843,0.8571584865131101
388743,102723849,0.8194076697765452,false,388743,102723849,0.8194076697765452
388743,28824,0.758945327806718,false,388743,28824,0.758945327806718
388743,6337,0.8411999917379501,false,388743,6337,0.8411999917379501
388743,131873,0.7214742709230313,false,388743,131873,0.7214742709230313
388743,94025,0.7203940307041569,false,388743,94025,0.7203940307041569
388743,120892,0.7358031864118827,false,388743,120892,0.7358031864118827
388743,11148,0.8405672731821054,false,388743,11148,0.8405672731821054
388743,4057,0.7935755835145468,false,388743,4057,0.7935755835145468
388743,406969,0.7847848849043229,false,388743,406969,0.7847848849043229
388743,641776,0.7865262225805842,false,388743,641776,0.7865262225805842
388743,112268252,0.8662549331641063,false,388743,112268252,0.8662549331641063
388743,6523,0.8417797507180155,false,388743,6523,0.8417797507180155
388743,105373265,0.7299975986695538,false,388743,105373265,0.7299975986695538
388743,65217,0.7186882372798571,false,388743,65217,0.7186882372798571
388743,306,0.7488959155582197,false,388743,306,0.7488959155582197
388743,728643,0.710330676436341,false,388743,728643,0.710330676436341
388743,105372793,0.7434140533758826,false,388743,105372793,0.7434140533758826
388743,105180391,0.7968496415677492,false,388743,105180391,0.7968496415677492
388743,113218482,0.803341878997686,false,388743,113218482,0.803341878997686
388743,79098,0.8066312078139558,false,388743,79098,0.8066312078139558
388743,440352,0.7098009078068799,false,388743,440352,0.7098009078068799
388743,112268422,0.7259727236521286,false,388743,112268422,0.7259727236521286
388743,3856,0.8365475079577265,false,388743,3856,0.8365475079577265
388743,33,0.7844928741103949,false,388743,33,0.7844928741103949
388743,503645,0.7142522413701219,false,388743,503645,0.7142522413701219
388743,201625,0.7697898205502179,false,388743,201625,0.7697898205502179
388743,26226,0.7754727995997894,false,388743,26226,0.7754727995997894
825,1043,0.7085296467598372,false,825,1043,0.7085296467598372
825,120892,0.7369748057385318,false,825,120892,0.7369748057385318
825,474354,0.7237908040771486,false,825,474354,0.7237908040771486
137872,94025,0.7514579410727478,false,137872,94025,0.7514579410727478
137872,9173,0.7117168241004809,false,137872,9173,0.7117168241004809
137872,100529240,0.72982874510666,false,137872,100529240,0.72982874510666
105180390,1577,0.9048533305133725,false,105180390,1577,0.9048533305133725
105180390,200879,0.7708776495345798,false,105180390,200879,0.7708776495345798
105180390,645843,0.8361158995416481,false,105180390,645843,0.8361158995416481
105180390,102723849,0.9529074973799586,false,105180390,102723849,0.9529074973799586
105180390,28824,0.7291242857142642,false,105180390,28824,0.7291242857142642
105180390,6337,0.7131798469717722,false,105180390,6337,0.7131798469717722
105180390,131873,0.7225981326557297,false,105180390,131873,0.7225981326557297
105180390,94025,0.7967005291899633,false,105180390,94025,0.7967005291899633
105180390,120892,0.7217915872164059,false,105180390,120892,0.7217915872164059
105180390,11148,0.8494918294952526,false,105180390,11148,0.8494918294952526
105180390,4057,0.7740874246019672,false,105180390,4057,0.7740874246019672
105180390,641776,0.9852483461683504,false,105180390,641776,0.9852483461683504
105180390,112268252,0.7959057659813559,false,105180390,112268252,0.7959057659813559
105180390,163131,0.7520613808080305,false,105180390,163131,0.7520613808080305
105180390,6523,0.7414928487342359,false,105180390,6523,0.7414928487342359
105180390,341676,0.8278694811369894,false,105180390,341676,0.8278694811369894
105180390,284323,0.7938933465537632,false,105180390,284323,0.7938933465537632
105180390,105373265,0.7279396040637923,false,105180390,105373265,0.7279396040637923
105180390,65217,0.7375996279669691,false,105180390,65217,0.7375996279669691
105180390,55892,0.7213107665317122,false,105180390,55892,0.7213107665317122
105180390,306,0.7411877329088787,false,105180390,306,0.7411877329088787
105180390,105372793,0.7806211473730978,false,105180390,105372793,0.7806211473730978
105180390,105180391,0.9928848834604727,false,105180390,105180391,0.9928848834604727
105180390,113218482,0.7759354636598847,false,105180390,113218482,0.7759354636598847
105180390,79098,0.7588525014123827,false,105180390,79098,0.7588525014123827
105180390,440352,0.8458090175424336,false,105180390,440352,0.8458090175424336
105180390,112268422,0.7555031672388799,false,105180390,112268422,0.7555031672388799
105180390,3856,0.7236741256613474,false,105180390,3856,0.7236741256613474
105180390,649946,0.7227515154558896,false,105180390,649946,0.7227515154558896
105180390,33,0.8282069559538844,false,105180390,33,0.8282069559538844
105180390,503645,0.8772945673209394,false,105180390,503645,0.8772945673209394
105180390,201625,0.8621860638873986,false,105180390,201625,0.8621860638873986
105180390,26226,0.7680945911263326,false,105180390,26226,0.7680945911263326
22941,50964,0.89599596485033,false,22941,50964,0.89599596485033
22941,276,0.7507983835241075,false,22941,276,0.7507983835241075
22941,10071,0.9533190315859454,false,22941,10071,0.9533190315859454
22941,83481,0.8766101504966526,false,22941,83481,0.8766101504966526
22941,28984,0.9155952983907681,false,22941,28984,0.9155952983907681
22941,387882,0.8572300910534049,false,22941,387882,0.8572300910534049
22941,114569,0.9732092772546368,false,22941,114569,0.9732092772546368
22941,7080,0.9487866746893708,false,22941,7080,0.9487866746893708
22941,284111,0.9980375103123365,false,22941,284111,0.9980375103123365
22941,116228,0.7627654621334735,false,22941,116228,0.7627654621334735
22941,54897,0.813138810765628,false,22941,54897,0.813138810765628
22941,3229,0.8645746047920573,false,22941,3229,0.8645746047920573
22941,22943,0.9941422008542036,false,22941,22943,0.9941422008542036
22941,9228,0.892353780477039,false,22941,9228,0.892353780477039
22941,277,0.855513541217045,false,22941,277,0.855513541217045
22941,21,0.7103677425248467,false,22941,21,0.7103677425248467
22941,58524,0.860028674962992,false,22941,58524,0.860028674962992
22941,9052,0.7185304339943387,false,22941,9052,0.7185304339943387
22941,55567,0.7419439481244496,false,22941,55567,0.7419439481244496
22941,64073,0.9952126409979855,false,22941,64073,0.9952126409979855
285989,200879,0.7749854944698471,false,285989,200879,0.7749854944698471
285989,102723849,0.715438630112354,false,285989,102723849,0.715438630112354
285989,28824,0.8140766120664735,false,285989,28824,0.8140766120664735
285989,131873,0.7966834681088495,false,285989,131873,0.7966834681088495
285989,11148,0.7662354267541913,false,285989,11148,0.7662354267541913
285989,619383,0.7132597166292859,false,285989,619383,0.7132597166292859
285989,102723508,0.786518344946499,false,285989,102723508,0.786518344946499
285989,51185,0.7273717971611776,false,285989,51185,0.7273717971611776
285989,4057,0.7816335223334154,false,285989,4057,0.7816335223334154
285989,9173,0.7241457841864031,false,285989,9173,0.7241457841864031
285989,406969,0.705195023548204,false,285989,406969,0.705195023548204
285989,112268252,0.739661930197559,false,285989,112268252,0.739661930197559
285989,780,0.7047588075696897,false,285989,780,0.7047588075696897
285989,102466759,0.7078466162835316,false,285989,102466759,0.7078466162835316
285989,6523,0.70775268820427,false,285989,6523,0.70775268820427
285989,306,0.7548125624544476,false,285989,306,0.7548125624544476
285989,105372793,0.7639781117740067,false,285989,105372793,0.7639781117740067
285989,113218482,0.7165202354860813,false,285989,113218482,0.7165202354860813
285989,79098,0.7168329625152051,false,285989,79098,0.7168329625152051
285989,112268422,0.7823911512694237,false,285989,112268422,0.7823911512694237
285989,201625,0.8084079157085974,false,285989,201625,0.8084079157085974
1577,200879,0.7426210493673668,false,1577,200879,0.7426210493673668
1577,645843,0.7078543432652902,false,1577,645843,0.7078543432652902
1577,102723849,0.875122411918687,false,1577,102723849,0.875122411918687
1577,94025,0.7412716971286101,false,1577,94025,0.7412716971286101
1577,120892,0.7141150919165774,false,1577,120892,0.7141150919165774
1577,11148,0.771407575283705,false,1577,11148,0.771407575283705
1577,4057,0.7111785247562643,false,1577,4057,0.7111785247562643
1577,641776,0.852380600982435,false,1577,641776,0.852380600982435
1577,163131,0.8182159184946262,false,1577,163131,0.8182159184946262
1577,341676,0.8386900614127978,false,1577,341676,0.8386900614127978
1577,284323,0.9046345926537298,false,1577,284323,0.9046345926537298
1577,55892,0.7809896735418284,false,1577,55892,0.7809896735418284
1577,306,0.7368999354157535,false,1577,306,0.7368999354157535
1577,105372793,0.7327404133329988,false,1577,105372793,0.7327404133329988
1577,105180391,0.8807884921718182,false,1577,105180391,0.8807884921718182
1577,100529240,0.7684602476559668,false,1577,100529240,0.7684602476559668
1577,440352,0.8097407554219305,false,1577,440352,0.8097407554219305
1577,112268422,0.7183897353513674,false,1577,112268422,0.7183897353513674
1577,649946,0.7832547434117917,false,1577,649946,0.7832547434117917
1577,33,0.8299614064807876,false,1577,33,0.8299614064807876
1577,503645,0.8867146078079159,false,1577,503645,0.8867146078079159
1577,201625,0.7593410539409363,false,1577,201625,0.7593410539409363
50964,10071,0.8589951929592681,false,50964,10071,0.8589951929592681
50964,83481,0.7571115853603658,false,50964,83481,0.7571115853603658
50964,28984,0.7895551148512028,false,50964,28984,0.7895551148512028
50964,387882,0.7812442599985865,false,50964,387882,0.7812442599985865
50964,114569,0.9063765815832904,false,50964,114569,0.9063765815832904
50964,7080,0.8633862923793851,false,50964,7080,0.8633862923793851
50964,284111,0.899625792479977,false,50964,284111,0.899625792479977
50964,54897,0.7697369997208633,false,50964,54897,0.7697369997208633
50964,3229,0.7976466447412468,false,50964,3229,0.7976466447412468
50964,22943,0.8986113378544442,false,50964,22943,0.8986113378544442
50964,9228,0.791015802977608,false,50964,9228,0.791015802977608
50964,277,0.7345632898281341,false,50964,277,0.7345632898281341
50964,58524,0.7343758195651677,false,50964,58524,0.7343758195651677
50964,9052,0.7544042780685624,false,50964,9052,0.7544042780685624
50964,64073,0.8791417863553619,false,50964,64073,0.8791417863553619
1043,503640,0.8219110055291892,false,1043,503640,0.8219110055291892
1043,28824,0.7180489100761902,false,1043,28824,0.7180489100761902
1043,131873,0.7224952468769575,false,1043,131873,0.7224952468769575
1043,2327,0.7102435181204962,false,1043,2327,0.7102435181204962
1043,120892,0.8559656378379426,false,1043,120892,0.8559656378379426
1043,11148,0.7191691928866614,false,1043,11148,0.7191691928866614
1043,4057,0.7206388266820317,false,1043,4057,0.7206388266820317
1043,9173,0.819347508183022,false,1043,9173,0.819347508183022
1043,112268252,0.7117783685582826,false,1043,112268252,0.7117783685582826
1043,102466759,0.7107350812667635,false,1043,102466759,0.7107350812667635
1043,6523,0.7595430103525925,false,1043,6523,0.7595430103525925
1043,113218482,0.7323443718140925,false,1043,113218482,0.7323443718140925
1043,503645,0.7146077249476919,false,1043,503645,0.7146077249476919
1043,26226,0.7914071018703784,false,1043,26226,0.7914071018703784
276,10071,0.7714484989122651,false,276,10071,0.7714484989122651
276,4680,0.7633126435526515,false,276,4680,0.7633126435526515
276,6337,0.7812117866934245,false,276,6337,0.7812117866934245
276,619383,0.7275881151176116,false,276,619383,0.7275881151176116
276,51185,0.7043237906336904,false,276,51185,0.7043237906336904
276,284111,0.7320518097446309,false,276,284111,0.7320518097446309
276,116228,0.8061407777120722,false,276,116228,0.8061407777120722
276,22943,0.7248480953930924,false,276,22943,0.7248480953930924
276,9228,0.7812281347793177,false,276,9228,0.7812281347793177
276,277,0.909563534452622,false,276,277,0.909563534452622
276,64073,0.7435480424427521,false,276,64073,0.7435480424427521
503640,200879,0.7203488799165437,false,503640,200879,0.7203488799165437
503640,2327,0.8092861010048285,false,503640,2327,0.8092861010048285
503640,120892,0.8363494969177215,false,503640,120892,0.8363494969177215
503640,6523,0.7477782314985245,false,503640,6523,0.7477782314985245
503640,100129460,0.7872282244471563,false,503640,100129460,0.7872282244471563
503640,649946,0.817192392283996,false,503640,649946,0.817192392283996
503640,503645,0.7966432291164439,false,503640,503645,0.7966432291164439
503640,26226,0.7458458023326912,false,503640,26226,0.7458458023326912
340267,1999,0.7216360626833466,false,340267,1999,0.7216360626833466
340267,163720,0.8042747417747484,false,340267,163720,0.8042747417747484
340267,10129,0.7857900052853102,false,340267,10129,0.7857900052853102
340267,7780,0.7381538838472853,false,340267,7780,0.7381538838472853
340267,130271,0.8472544593457293,false,340267,130271,0.8472544593457293
340267,93035,0.8178572698761165,false,340267,93035,0.8178572698761165
340267,84851,0.7400930463025853,false,340267,84851,0.7400930463025853
340267,100996506,0.7629552253472652,false,340267,100996506,0.7629552253472652
340267,3880,0.8188444305980844,false,340267,3880,0.8188444305980844
340267,4585,0.8074567761037758,false,340267,4585,0.8074567761037758
340267,56955,0.9212834064141194,false,340267,56955,0.9212834064141194
10071,83481,0.8933019523765308,false,10071,83481,0.8933019523765308
10071,6337,0.7002250037813166,false,10071,6337,0.7002250037813166
10071,28984,0.890004825558051,false,10071,28984,0.890004825558051
10071,387882,0.7794205898336686,false,10071,387882,0.7794205898336686
10071,114569,0.8974626594334871,false,10071,114569,0.8974626594334871
10071,7080,0.871799425369829,false,10071,7080,0.871799425369829
10071,284111,0.9410525911027401,false,10071,284111,0.9410525911027401
10071,116228,0.7857967110401025,false,10071,116228,0.7857967110401025
10071,54897,0.7686107065716893,false,10071,54897,0.7686107065716893
10071,3229,0.7719848203924227,false,10071,3229,0.7719848203924227
10071,22943,0.9476765214086111,false,10071,22943,0.9476765214086111
10071,9228,0.9135061464705864,false,10071,9228,0.9135061464705864
10071,277,0.8487316887747459,false,10071,277,0.8487316887747459
10071,58524,0.7624255414141645,false,10071,58524,0.7624255414141645
10071,55567,0.7966645631782461,false,10071,55567,0.7966645631782461
10071,64073,0.9364895494739481,false,10071,64073,0.9364895494739481
200879,4680,0.7151373504518767,false,200879,4680,0.7151373504518767
200879,645843,0.8634680089622689,false,200879,645843,0.8634680089622689
200879,102723849,0.8972390050142915,false,200879,102723849,0.8972390050142915
200879,28824,0.8814565414248059,false,200879,28824,0.8814565414248059
200879,60494,0.7766722702120648,false,200879,60494,0.7766722702120648
200879,131873,0.8524773664738033,false,200879,131873,0.8524773664738033
200879,94025,0.8054990751718675,false,200879,94025,0.8054990751718675
200879,120892,0.8201243640814821,false,200879,120892,0.8201243640814821
200879,11148,0.9186698833796095,false,200879,11148,0.9186698833796095
200879,102723508,0.7385933637285904,false,200879,102723508,0.7385933637285904
200879,4057,0.9327036271427178,false,200879,4057,0.9327036271427178
200879,51554,0.7895115048743225,false,200879,51554,0.7895115048743225
200879,406969,0.8405341310770679,false,200879,406969,0.8405341310770679
200879,641776,0.780673482080168,false,200879,641776,0.780673482080168
200879,112268252,0.9259927164875948,false,200879,112268252,0.9259927164875948
200879,102466759,0.7189648851954732,false,200879,102466759,0.7189648851954732
200879,163131,0.7139565946228091,false,200879,163131,0.7139565946228091
200879,6523,0.9078656129682909,false,200879,6523,0.9078656129682909
200879,341676,0.8635925910447373,false,200879,341676,0.8635925910447373
200879,105373265,0.8819156791175662,false,200879,105373265,0.8819156791175662
200879,65217,0.7589772671120002,false,200879,65217,0.7589772671120002
200879,55892,0.7588074991970952,false,200879,55892,0.7588074991970952
200879,388555,0.7823820987177986,false,200879,388555,0.7823820987177986
200879,306,0.8813667043583724,false,200879,306,0.8813667043583724
200879,728643,0.8334517917544554,false,200879,728643,0.8334517917544554
200879,105372793,0.9558436275061252,false,200879,105372793,0.9558436275061252
200879,105180391,0.7776045081370688,false,200879,105180391,0.7776045081370688
200879,100529240,0.7323947388840926,false,200879,100529240,0.7323947388840926
200879,113218482,0.9173600716928887,false,200879,113218482,0.9173600716928887
200879,79098,0.8735392463039823,false,200879,79098,0.8735392463039823
200879,112268422,0.9701819340853219,false,200879,112268422,0.9701819340853219
200879,3856,0.8607794577492532,false,200879,3856,0.8607794577492532
200879,649946,0.734362696493147,false,200879,649946,0.734362696493147
200879,33,0.8704593018827821,false,200879,33,0.8704593018827821
200879,767566,0.7815559816971235,false,200879,767566,0.7815559816971235
200879,503645,0.7588558749310227,false,200879,503645,0.7588558749310227
200879,201625,0.8663983807513758,false,200879,201625,0.8663983807513758
200879,26226,0.8722303013820178,false,200879,26226,0.8722303013820178
168374,218,0.732703733279018,false,168374,218,0.732703733279018
168374,100158262,0.7559816802277662,false,168374,100158262,0.7559816802277662
168374,102723382,0.7256396818418821,false,168374,102723382,0.7256396818418821
168374,148213,0.7195261362737903,false,168374,148213,0.7195261362737903
168374,7620,0.744660656268146,false,168374,7620,0.744660656268146
168374,4179,0.8217293290866864,false,168374,4179,0.8217293290866864
168374,100529240,0.7007528123971547,false,168374,100529240,0.7007528123971547
168374,677831,0.7706413672312444,false,168374,677831,0.7706413672312444
168374,117156,0.7589375845986256,false,168374,117156,0.7589375845986256
168374,646480,0.736720619325693,false,168374,646480,0.736720619325693
168374,649946,0.7211595567033637,false,168374,649946,0.7211595567033637
168374,1770,0.7667671102300415,false,168374,1770,0.7667671102300415
4680,645843,0.7273651052914498,false,4680,645843,0.7273651052914498
4680,6337,0.893453567283129,false,4680,6337,0.893453567283129
4680,11148,0.7213057026468759,false,4680,11148,0.7213057026468759
4680,51185,0.7495989768465516,false,4680,51185,0.7495989768465516
4680,4057,0.7309303657720083,false,4680,4057,0.7309303657720083
4680,116228,0.7208755001869079,false,4680,116228,0.7208755001869079
4680,406969,0.8465877866938416,false,4680,406969,0.8465877866938416
4680,112268252,0.8356374725212324,false,4680,112268252,0.8356374725212324
4680,9228,0.8555049911745117,false,4680,9228,0.8555049911745117
4680,277,0.7750365653033486,false,4680,277,0.7750365653033486
4680,6523,0.7151175072780886,false,4680,6523,0.7151175072780886
4680,728643,0.7038487952147712,false,4680,728643,0.7038487952147712
4680,113218482,0.7272681723477107,false,4680,113218482,0.7272681723477107
4680,79098,0.7438836879114434,false,4680,79098,0.7438836879114434
4680,3856,0.797999924399367,false,4680,3856,0.797999924399367
55289,2160,0.7922124207442629,false,55289,2160,0.7922124207442629
55289,361,0.7788947121651617,false,55289,361,0.7788947121651617
55289,222166,0.7834597243137512,false,55289,222166,0.7834597243137512
55289,353189,0.9465872703855938,false,55289,353189,0.9465872703855938
55289,57402,0.9733273532516752,false,55289,57402,0.9733273532516752
55289,84525,0.9169876622905043,false,55289,84525,0.9169876622905043
55289,10595,0.9376602231565421,false,55289,10595,0.9376602231565421
55289,107985317,0.7527480936759271,false,55289,107985317,0.7527480936759271
55289,440590,0.8732809315396485,false,55289,440590,0.8732809315396485
55289,253970,0.7698993866678179,false,55289,253970,0.7698993866678179
55289,10018,0.8052887861949689,false,55289,10018,0.8052887861949689
55289,126353,0.9284165259243895,false,55289,126353,0.9284165259243895
55289,115019,0.9330134278867095,false,55289,115019,0.9330134278867095
1999,10129,0.8163622845339886,false,1999,10129,0.8163622845339886
1999,93035,0.7687187177174775,false,1999,93035,0.7687187177174775
1999,3880,0.714338732043143,false,1999,3880,0.714338732043143
1999,1556,0.8877920575805789,false,1999,1556,0.8877920575805789
1999,4585,0.7065171401053657,false,1999,4585,0.7065171401053657
83481,28984,0.8744371636212577,false,83481,28984,0.8744371636212577
83481,387882,0.7094072124452495,false,83481,387882,0.7094072124452495
83481,114569,0.864071386897032,false,83481,114569,0.864071386897032
83481,7080,0.8213384060573254,false,83481,7080,0.8213384060573254
83481,284111,0.8605683091982714,false,83481,284111,0.8605683091982714
83481,116228,0.8283929861612386,false,83481,116228,0.8283929861612386
83481,54897,0.7799773384894132,false,83481,54897,0.7799773384894132
83481,3229,0.7357393658176881,false,83481,3229,0.7357393658176881
83481,22943,0.8625303086916141,false,83481,22943,0.8625303086916141
83481,9228,0.8330097515847713,false,83481,9228,0.8330097515847713
83481,277,0.7420232120532234,false,83481,277,0.7420232120532234
83481,64073,0.8479021024428477,false,83481,64073,0.8479021024428477
9914,7780,0.7108649565641869,false,9914,7780,0.7108649565641869
9914,84851,0.7700559839961714,false,9914,84851,0.7700559839961714
9914,100996506,0.7447288166361598,false,9914,100996506,0.7447288166361598
9914,474354,0.7230208520827526,false,9914,474354,0.7230208520827526
9914,4585,0.7099654940130012,false,9914,4585,0.7099654940130012
2160,361,0.7280813086704497,false,2160,361,0.7280813086704497
2160,222166,0.7831444009388223,false,2160,222166,0.7831444009388223
2160,353189,0.8159688439298938,false,2160,353189,0.8159688439298938
2160,57402,0.8317956594338574,false,2160,57402,0.8317956594338574
2160,84525,0.7889029924568262,false,2160,84525,0.7889029924568262
2160,10595,0.8651965254925165,false,2160,10595,0.8651965254925165
2160,107985317,0.7674158028572922,false,2160,107985317,0.7674158028572922
2160,440590,0.7236704933381471,false,2160,440590,0.7236704933381471
2160,253970,0.8589978419851738,false,2160,253970,0.8589978419851738
2160,10018,0.7290929203447091,false,2160,10018,0.7290929203447091
2160,126353,0.836047595628236,false,2160,126353,0.836047595628236
2160,115019,0.7980989502462391,false,2160,115019,0.7980989502462391
441251,4179,0.7312571734035826,false,441251,4179,0.7312571734035826
441251,100529240,0.7253149742208813,false,441251,100529240,0.7253149742208813
441251,126353,0.721478724922446,false,441251,126353,0.721478724922446
441251,115019,0.7194567434340668,false,441251,115019,0.7194567434340668
724026,102723635,0.7284222939934268,false,724026,102723635,0.7284222939934268
259290,677831,0.7202689868865683,false,259290,677831,0.7202689868865683
5346,1579,0.9349755177049717,false,5346,1579,0.9349755177049717
5346,2327,0.7842932902927322,false,5346,2327,0.7842932902927322
5346,79908,0.8313455237251187,false,5346,79908,0.8313455237251187
5346,730,0.9629352811302201,false,5346,730,0.9629352811302201
5346,9370,0.9915836292276842,false,5346,9370,0.9915836292276842
5346,4629,0.8996633479889885,false,5346,4629,0.8996633479889885
5346,563,0.9086952604385272,false,5346,563,0.9086952604385272
5346,66002,0.9695617814340838,false,5346,66002,0.9695617814340838
5346,100129460,0.8652805669716039,false,5346,100129460,0.8652805669716039
5346,3240,0.9890824931951071,false,5346,3240,0.9890824931951071
5346,718,0.8945186238918236,false,5346,718,0.8945186238918236
5346,100874095,0.9912824055068283,false,5346,100874095,0.9912824055068283
5346,57110,0.8613990015142405,false,5346,57110,0.8613990015142405
5346,1048,0.9827462338525182,false,5346,1048,0.9827462338525182
5346,63924,0.95578248681698,false,5346,63924,0.95578248681698
5346,55808,0.8407834421649628,false,5346,55808,0.8407834421649628
645843,2122,0.7000799198402837,false,645843,2122,0.7000799198402837
645843,102723849,0.8680343294434605,false,645843,102723849,0.8680343294434605
645843,28824,0.837430853123322,false,645843,28824,0.837430853123322
645843,6337,0.7241918181921692,false,645843,6337,0.7241918181921692
645843,60494,0.7078519492405094,false,645843,60494,0.7078519492405094
645843,131873,0.7310555610736341,false,645843,131873,0.7310555610736341
645843,94025,0.7146846372610411,false,645843,94025,0.7146846372610411
645843,120892,0.7070456086762227,false,645843,120892,0.7070456086762227
645843,11148,0.898921183437276,false,645843,11148,0.898921183437276
645843,4057,0.8656430237788275,false,645843,4057,0.8656430237788275
645843,51554,0.7454712098816052,false,645843,51554,0.7454712098816052
645843,406969,0.8027504044853832,false,645843,406969,0.8027504044853832
645843,641776,0.8386293262078077,false,645843,641776,0.8386293262078077
645843,112268252,0.8879202539131998,false,645843,112268252,0.8879202539131998
645843,6523,0.8217888737557889,false,645843,6523,0.8217888737557889
645843,341676,0.7526158490751047,false,645843,341676,0.7526158490751047
645843,105373265,0.8080964773746473,false,645843,105373265,0.8080964773746473
645843,65217,0.7387043538275748,false,645843,65217,0.7387043538275748
645843,306,0.7766277351598959,false,645843,306,0.7766277351598959
645843,728643,0.8080205661467711,false,645843,728643,0.8080205661467711
645843,105372793,0.8182354417710088,false,645843,105372793,0.8182354417710088
645843,105180391,0.8442046843409585,false,645843,105180391,0.8442046843409585
645843,113218482,0.8596447813759402,false,645843,113218482,0.8596447813759402
645843,79098,0.8793825122194163,false,645843,79098,0.8793825122194163
645843,440352,0.7433712045950704,false,645843,440352,0.7433712045950704
645843,112268422,0.8507594993983456,false,645843,112268422,0.8507594993983456
645843,3856,0.8153469245741062,false,645843,3856,0.8153469245741062
645843,33,0.7828170338462719,false,645843,33,0.7828170338462719
645843,503645,0.7799783211566587,false,645843,503645,0.7799783211566587
645843,201625,0.8809339097067939,false,645843,201625,0.8809339097067939
645843,26226,0.8648343158805673,false,645843,26226,0.8648343158805673
2122,79098,0.7118165993086865,false,2122,79098,0.7118165993086865
2122,8537,0.71541045480154,false,2122,8537,0.71541045480154
2122,201625,0.7155034434345111,false,2122,201625,0.7155034434345111
105,6751,0.9928294332719391,false,105,6751,0.9928294332719391
105,121512,0.7097726619184892,false,105,121512,0.7097726619184892
105,4222,0.9468896861362194,false,105,4222,0.9468896861362194
105,448831,0.9349149173275166,false,105,448831,0.9349149173275166
105,441581,0.9921797536399962,false,105,441581,0.9921797536399962
105,6441,0.9434703336969734,false,105,6441,0.9434703336969734
1132,27022,0.7324480822753328,false,1132,27022,0.7324480822753328
1132,100996301,0.7374957197233313,false,1132,100996301,0.7374957197233313
102723849,28824,0.8655403667394462,false,102723849,28824,0.8655403667394462
102723849,60494,0.7278125585318564,false,102723849,60494,0.7278125585318564
102723849,131873,0.8598120708322881,false,102723849,131873,0.8598120708322881
102723849,94025,0.8980988887870706,false,102723849,94025,0.8980988887870706
102723849,120892,0.8164950304130971,false,102723849,120892,0.8164950304130971
102723849,11148,0.9504743069293935,false,102723849,11148,0.9504743069293935
102723849,4057,0.9095925612916695,false,102723849,4057,0.9095925612916695
102723849,51554,0.7154799834153079,false,102723849,51554,0.7154799834153079
102723849,406969,0.7793500463530691,false,102723849,406969,0.7793500463530691
102723849,641776,0.9481473284451303,false,102723849,641776,0.9481473284451303
102723849,112268252,0.9158973943328458,false,102723849,112268252,0.9158973943328458
102723849,102466759,0.7977470005482369,false,102723849,102466759,0.7977470005482369
102723849,163131,0.7954740316680012,false,102723849,163131,0.7954740316680012
102723849,6523,0.8751460520242342,false,102723849,6523,0.8751460520242342
102723849,341676,0.8806215241620858,false,102723849,341676,0.8806215241620858
102723849,284323,0.7791564921772478,false,102723849,284323,0.7791564921772478
102723849,105373265,0.8563367076027664,false,102723849,105373265,0.8563367076027664
102723849,65217,0.8195148615127393,false,102723849,65217,0.8195148615127393
102723849,55892,0.7802981251204972,false,102723849,55892,0.7802981251204972
102723849,388555,0.8020537274779214,false,102723849,388555,0.8020537274779214
102723849,306,0.878448871912459,false,102723849,306,0.878448871912459
102723849,728643,0.7835501937750938,false,102723849,728643,0.7835501937750938
102723849,105372793,0.889554480742951,false,102723849,105372793,0.889554480742951
102723849,105180391,0.9432673495076036,false,102723849,105180391,0.9432673495076036
102723849,100529240,0.7678652847316934,false,102723849,100529240,0.7678652847316934
102723849,113218482,0.9137366916693328,false,102723849,113218482,0.9137366916693328
102723849,79098,0.8644808506888929,false,102723849,79098,0.8644808506888929
102723849,440352,0.8204750530135972,false,102723849,440352,0.8204750530135972
102723849,112268422,0.8850205600413372,false,102723849,112268422,0.8850205600413372
102723849,3856,0.8466340970247702,false,102723849,3856,0.8466340970247702
102723849,649946,0.7620347117957919,false,102723849,649946,0.7620347117957919
102723849,33,0.8965078981095057,false,102723849,33,0.8965078981095057
102723849,767566,0.7306273833403796,false,102723849,767566,0.7306273833403796
102723849,503645,0.862375462142633,false,102723849,503645,0.862375462142633
102723849,201625,0.9178412719084098,false,102723849,201625,0.9178412719084098
102723849,26226,0.8732580615500861,false,102723849,26226,0.8732580615500861
361,353189,0.8315958376235882,false,361,353189,0.8315958376235882
361,57402,0.7965442620887362,false,361,57402,0.7965442620887362
361,84525,0.7929200190641413,false,361,84525,0.7929200190641413
361,10595,0.8336589796392928,false,361,10595,0.8336589796392928
361,107985317,0.7529873368151411,false,361,107985317,0.7529873368151411
361,440590,0.7663370833256967,false,361,440590,0.7663370833256967
361,253970,0.7128914921501204,false,361,253970,0.7128914921501204
361,126353,0.7264607018165368,false,361,126353,0.7264607018165368
361,115019,0.7664744072738114,false,361,115019,0.7664744072738114
1555,24150,0.825633538535406,false,1555,24150,0.825633538535406
1555,128218,0.9560362511625184,false,1555,128218,0.9560362511625184
1555,2537,0.9439671003269341,false,1555,2537,0.9439671003269341
1555,100133669,0.7297309832597634,false,1555,100133669,0.7297309832597634
1555,128602,0.8297496579400079,false,1555,128602,0.8297496579400079
1555,632,0.9563124695374443,false,1555,632,0.9563124695374443
1555,390083,0.8253748609476421,false,1555,390083,0.8253748609476421
109729127,6097,0.7735257369596731,false,109729127,6097,0.7735257369596731
109729127,2537,0.7312362140926013,false,109729127,2537,0.7312362140926013
109729127,389376,0.7795217420369153,false,109729127,389376,0.7795217420369153
109729127,128602,0.7793754963376043,false,109729127,128602,0.7793754963376043
109729127,10103,0.7876698926262937,false,109729127,10103,0.7876698926262937
28824,60494,0.788220759280732,false,28824,60494,0.788220759280732
28824,131873,0.9152853526682087,false,28824,131873,0.9152853526682087
28824,94025,0.8215284093277619,false,28824,94025,0.8215284093277619
28824,120892,0.7046366633730383,false,28824,120892,0.7046366633730383
28824,11148,0.9393068897094006,false,28824,11148,0.9393068897094006
28824,102723508,0.8399678252209051,false,28824,102723508,0.8399678252209051
28824,4057,0.946651088171691,false,28824,4057,0.946651088171691
28824,9173,0.7287679010202601,false,28824,9173,0.7287679010202601
28824,406969,0.8001580680622634,false,28824,406969,0.8001580680622634
28824,641776,0.7540878536184177,false,28824,641776,0.7540878536184177
28824,112268252,0.9357475346064866,false,28824,112268252,0.9357475346064866
28824,780,0.7337895078715235,false,28824,780,0.7337895078715235
28824,102466759,0.8779069037653295,false,28824,102466759,0.8779069037653295
28824,163131,0.7733289423424976,false,28824,163131,0.7733289423424976
28824,6523,0.8984815240313831,false,28824,6523,0.8984815240313831
28824,341676,0.7101974728108484,false,28824,341676,0.7101974728108484
28824,105373265,0.8684010443022601,false,28824,105373265,0.8684010443022601
28824,65217,0.8138952815108359,false,28824,65217,0.8138952815108359
28824,55892,0.720824374671458,false,28824,55892,0.720824374671458
28824,388555,0.7834012530185765,false,28824,388555,0.7834012530185765
28824,306,0.9311244692218867,false,28824,306,0.9311244692218867
28824,728643,0.8939602497097034,false,28824,728643,0.8939602497097034
28824,105372793,0.8325111120483573,false,28824,105372793,0.8325111120483573
28824,105180391,0.7272955759403417,false,28824,105180391,0.7272955759403417
28824,113218482,0.9400574718742569,false,28824,113218482,0.9400574718742569
28824,79098,0.8875310907780021,false,28824,79098,0.8875310907780021
28824,112268422,0.8902936359707485,false,28824,112268422,0.8902936359707485
28824,3856,0.892063056390352,false,28824,3856,0.892063056390352
28824,33,0.8250884040174227,false,28824,33,0.8250884040174227
28824,767566,0.7659676912946564,false,28824,767566,0.7659676912946564
28824,201625,0.8640095061152352,false,28824,201625,0.8640095061152352
28824,26226,0.8666420948671875,false,28824,26226,0.8666420948671875
218,112577518,0.8242823534936053,false,218,112577518,0.8242823534936053
218,727897,0.8060217067939687,false,218,727897,0.8060217067939687
218,102723382,0.8229704979484498,false,218,102723382,0.8229704979484498
218,117156,0.9427565394641078,false,218,117156,0.9427565394641078
218,646480,0.999231343293895,false,218,646480,0.999231343293895
218,1770,0.9788525886712117,false,218,1770,0.9788525886712117
6337,51185,0.7128359028554528,false,6337,51185,0.7128359028554528
6337,406969,0.7089746396018639,false,6337,406969,0.7089746396018639
6337,641776,0.7079069967122398,false,6337,641776,0.7079069967122398
6337,112268252,0.7542920242666558,false,6337,112268252,0.7542920242666558
6337,9228,0.7692174490415276,false,6337,9228,0.7692174490415276
6337,277,0.7688223279592579,false,6337,277,0.7688223279592579
6337,105180391,0.712649711100853,false,6337,105180391,0.712649711100853
6337,3856,0.7276689316071784,false,6337,3856,0.7276689316071784
60494,131873,0.7394741126374205,false,60494,131873,0.7394741126374205
60494,11148,0.7942506086386342,false,60494,11148,0.7942506086386342
60494,102723508,0.7594593208206776,false,60494,102723508,0.7594593208206776
60494,4057,0.8470189661846006,false,60494,4057,0.8470189661846006
60494,406969,0.8034637258675295,false,60494,406969,0.8034637258675295
60494,112268252,0.8030461836345305,false,60494,112268252,0.8030461836345305
60494,6523,0.7691304500015361,false,60494,6523,0.7691304500015361
60494,105373265,0.7624594906085117,false,60494,105373265,0.7624594906085117
60494,65217,0.7302252300179524,false,60494,65217,0.7302252300179524
60494,388555,0.7093068717469945,false,60494,388555,0.7093068717469945
60494,306,0.8122939349307383,false,60494,306,0.8122939349307383
60494,728643,0.8108130222256938,false,60494,728643,0.8108130222256938
60494,105372793,0.751523571101084,false,60494,105372793,0.751523571101084
60494,113218482,0.8403355986555763,false,60494,113218482,0.8403355986555763
60494,79098,0.7646602699759458,false,60494,79098,0.7646602699759458
60494,112268422,0.7827608058967019,false,60494,112268422,0.7827608058967019
60494,3856,0.8451928070819151,false,60494,3856,0.8451928070819151
60494,33,0.7317530190664219,false,60494,33,0.7317530190664219
60494,767566,0.7425687917424273,false,60494,767566,0.7425687917424273
60494,201625,0.7159775792157356,false,60494,201625,0.7159775792157356
60494,26226,0.8084798020858215,false,60494,26226,0.8084798020858215
1579,79908,0.7641129045535251,false,1579,79908,0.7641129045535251
1579,730,0.8999857836107739,false,1579,730,0.8999857836107739
1579,9370,0.9168882771238333,false,1579,9370,0.9168882771238333
1579,4629,0.8661704740112421,false,1579,4629,0.8661704740112421
1579,563,0.8961565002414807,false,1579,563,0.8961565002414807
1579,66002,0.9376258388598449,false,1579,66002,0.9376258388598449
1579,1556,0.7063567559729138,false,1579,1556,0.7063567559729138
1579,100129460,0.7843893704009509,false,1579,100129460,0.7843893704009509
1579,3240,0.9243443225208724,false,1579,3240,0.9243443225208724
1579,718,0.8054111152657843,false,1579,718,0.8054111152657843
1579,100874095,0.9163090867560894,false,1579,100874095,0.9163090867560894
1579,57110,0.8015486289761261,false,1579,57110,0.8015486289761261
1579,1048,0.922323172453255,false,1579,1048,0.922323172453255
1579,63924,0.9010997141352868,false,1579,63924,0.9010997141352868
1579,55808,0.8392043122061777,false,1579,55808,0.8392043122061777
163720,93035,0.7323542412843446,false,163720,93035,0.7323542412843446
163720,56955,0.7062999688970529,false,163720,56955,0.7062999688970529
131873,94025,0.7814825252406794,false,131873,94025,0.7814825252406794
131873,120892,0.7228268105139866,false,131873,120892,0.7228268105139866
131873,11148,0.9017986427878897,false,131873,11148,0.9017986427878897
131873,102723508,0.7774786874205389,false,131873,102723508,0.7774786874205389
131873,4057,0.8968401065184735,false,131873,4057,0.8968401065184735
131873,9173,0.7280332775258354,false,131873,9173,0.7280332775258354
131873,406969,0.7572480318798293,false,131873,406969,0.7572480318798293
131873,641776,0.7689245227171805,false,131873,641776,0.7689245227171805
131873,112268252,0.8923683143928418,false,131873,112268252,0.8923683143928418
131873,780,0.7480102608507532,false,131873,780,0.7480102608507532
131873,102466759,0.8399816964869989,false,131873,102466759,0.8399816964869989
131873,163131,0.7524369647189891,false,131873,163131,0.7524369647189891
131873,6523,0.8910491892493518,false,131873,6523,0.8910491892493518
131873,105373265,0.9055057630543422,false,131873,105373265,0.9055057630543422
131873,65217,0.8275398135655527,false,131873,65217,0.8275398135655527
131873,388555,0.8831515924045612,false,131873,388555,0.8831515924045612
131873,306,0.9130550449280983,false,131873,306,0.9130550449280983
131873,728643,0.8741059621638861,false,131873,728643,0.8741059621638861
131873,105372793,0.8124735220979945,false,131873,105372793,0.8124735220979945
131873,105180391,0.7353925808089598,false,131873,105180391,0.7353925808089598
131873,113218482,0.8993171263919998,false,131873,113218482,0.8993171263919998
131873,79098,0.8796774346694646,false,131873,79098,0.8796774346694646
131873,112268422,0.8387056279193636,false,131873,112268422,0.8387056279193636
131873,3856,0.8765227324323202,false,131873,3856,0.8765227324323202
131873,33,0.856725777647854,false,131873,33,0.856725777647854
131873,767566,0.8427567023137849,false,131873,767566,0.8427567023137849
131873,201625,0.8343716020317955,false,131873,201625,0.8343716020317955
131873,26226,0.8269257841914682,false,131873,26226,0.8269257841914682
2327,730,0.7698436757597978,false,2327,730,0.7698436757597978
2327,9370,0.7781315094495508,false,2327,9370,0.7781315094495508
2327,66002,0.7608358232022199,false,2327,66002,0.7608358232022199
2327,100129460,0.8083124550370704,false,2327,100129460,0.8083124550370704
2327,3240,0.790942681886749,false,2327,3240,0.790942681886749
2327,718,0.7575748241637534,false,2327,718,0.7575748241637534
2327,100874095,0.778940454070281,false,2327,100874095,0.778940454070281
2327,1048,0.7642682426918092,false,2327,1048,0.7642682426918092
6751,121512,0.7172105544107289,false,6751,121512,0.7172105544107289
6751,4222,0.9250180404705032,false,6751,4222,0.9250180404705032
6751,448831,0.9252102639233463,false,6751,448831,0.9252102639233463
6751,441581,0.9856314938234525,false,6751,441581,0.9856314938234525
6751,6441,0.9398332337376264,false,6751,6441,0.9398332337376264
79908,730,0.7966695740554709,false,79908,730,0.7966695740554709
79908,9370,0.8358229649935858,false,79908,9370,0.8358229649935858
79908,563,0.7115106504781656,false,79908,563,0.7115106504781656
79908,66002,0.832363945857892,false,79908,66002,0.832363945857892
79908,100129460,0.775749244369151,false,79908,100129460,0.775749244369151
79908,3240,0.8512262434243635,false,79908,3240,0.8512262434243635
79908,100505495,0.7413359354912951,false,79908,100505495,0.7413359354912951
79908,718,0.7943191583063983,false,79908,718,0.7943191583063983
79908,100874095,0.8357619491275448,false,79908,100874095,0.8357619491275448
79908,1048,0.8488957781691889,false,79908,1048,0.8488957781691889
79908,63924,0.7498496527369792,false,79908,63924,0.7498496527369792
121512,4222,0.7447227738132289,false,121512,4222,0.7447227738132289
121512,448831,0.7211799563145607,false,121512,448831,0.7211799563145607
121512,441581,0.742034766367043,false,121512,441581,0.742034766367043
121512,6441,0.723260264648221,false,121512,6441,0.723260264648221
24150,128218,0.7796496870871428,false,24150,128218,0.7796496870871428
24150,149465,0.7475756630492321,false,24150,149465,0.7475756630492321
24150,2537,0.9136462911950981,false,24150,2537,0.9136462911950981
24150,4693,0.8529871091390129,false,24150,4693,0.8529871091390129
24150,4852,0.7802504931715345,false,24150,4852,0.7802504931715345
24150,100133669,0.7000455942279714,false,24150,100133669,0.7000455942279714
24150,632,0.8799427742875907,false,24150,632,0.8799427742875907
24150,390083,0.8874836243374613,false,24150,390083,0.8874836243374613
6097,2537,0.7155704014241072,false,6097,2537,0.7155704014241072
6097,4693,0.7733192489514855,false,6097,4693,0.7733192489514855
6097,4852,0.7351446768439646,false,6097,4852,0.7351446768439646
6097,128602,0.758080959239598,false,6097,128602,0.758080959239598
6097,10103,0.762486626280933,false,6097,10103,0.762486626280933
730,9370,0.9618020505541846,false,730,9370,0.9618020505541846
730,4629,0.8356096538700399,false,730,4629,0.8356096538700399
730,563,0.8628374956581598,false,730,563,0.8628374956581598
730,66002,0.9367263361074145,false,730,66002,0.9367263361074145
730,100129460,0.8477706174446357,false,730,100129460,0.8477706174446357
730,3240,0.9623606856983145,false,730,3240,0.9623606856983145
730,718,0.8471534283153129,false,730,718,0.8471534283153129
730,100874095,0.9621151156486403,false,730,100874095,0.9621151156486403
730,57110,0.9236342389475389,false,730,57110,0.9236342389475389
730,1048,0.9562318405785188,false,730,1048,0.9562318405785188
730,63924,0.9052749048289865,false,730,63924,0.9052749048289865
730,55808,0.8121778825185297,false,730,55808,0.8121778825185297
94025,120892,0.7356426762096265,false,94025,120892,0.7356426762096265
94025,11148,0.88586011324243,false,94025,11148,0.88586011324243
94025,4057,0.8645031291654082,false,94025,4057,0.8645031291654082
94025,641776,0.780154799690148,false,94025,641776,0.780154799690148
94025,112268252,0.8667386857041106,false,94025,112268252,0.8667386857041106
94025,102466759,0.8309081191867942,false,94025,102466759,0.8309081191867942
94025,163131,0.7023466143954108,false,94025,163131,0.7023466143954108
94025,6523,0.7868992948803835,false,94025,6523,0.7868992948803835
94025,341676,0.8124868194412364,false,94025,341676,0.8124868194412364
94025,105373265,0.774356989913294,false,94025,105373265,0.774356989913294
94025,65217,0.7289519038864897,false,94025,65217,0.7289519038864897
94025,7620,0.7582002567107557,false,94025,7620,0.7582002567107557
94025,55892,0.7509640912297798,false,94025,55892,0.7509640912297798
94025,388555,0.7054855979131686,false,94025,388555,0.7054855979131686
94025,306,0.8571152377199969,false,94025,306,0.8571152377199969
94025,728643,0.7287922245554271,false,94025,728643,0.7287922245554271
94025,105372793,0.7665265670142958,false,94025,105372793,0.7665265670142958
94025,105180391,0.7510110755845226,false,94025,105180391,0.7510110755845226
94025,100529240,0.8449549210151707,false,94025,100529240,0.8449549210151707
94025,113218482,0.8637280193366392,false,94025,113218482,0.8637280193366392
94025,79098,0.8048466643610344,false,94025,79098,0.8048466643610344
94025,112268422,0.7890175988058455,false,94025,112268422,0.7890175988058455
94025,3856,0.7828128491943409,false,94025,3856,0.7828128491943409
94025,33,0.7526754755645005,false,94025,33,0.7526754755645005
94025,201625,0.7919226067545994,false,94025,201625,0.7919226067545994
94025,26226,0.7786779619831912,false,94025,26226,0.7786779619831912
120892,11148,0.7881043310265675,false,120892,11148,0.7881043310265675
120892,4057,0.7672336006290348,false,120892,4057,0.7672336006290348
120892,9173,0.7608190039125841,false,120892,9173,0.7608190039125841
120892,112268252,0.7590538381035725,false,120892,112268252,0.7590538381035725
120892,6523,0.8242585300051027,false,120892,6523,0.8242585300051027
120892,306,0.7318429454908517,false,120892,306,0.7318429454908517
120892,105372793,0.8028971448691393,false,120892,105372793,0.8028971448691393
120892,105180391,0.7163218759140852,false,120892,105180391,0.7163218759140852
120892,100529240,0.7169360321555371,false,120892,100529240,0.7169360321555371
120892,113218482,0.7870591675138455,false,120892,113218482,0.7870591675138455
120892,79098,0.7116211107640777,false,120892,79098,0.7116211107640777
120892,112268422,0.7489780760494229,false,120892,112268422,0.7489780760494229
120892,3856,0.7198305572547102,false,120892,3856,0.7198305572547102
120892,649946,0.7716168227174559,false,120892,649946,0.7716168227174559
120892,33,0.7168443024095981,false,120892,33,0.7168443024095981
120892,503645,0.8250361455691013,false,120892,503645,0.8250361455691013
120892,201625,0.7196943244034948,false,120892,201625,0.7196943244034948
120892,26226,0.8107611140147873,false,120892,26226,0.8107611140147873
11148,102723508,0.804838618497219,false,11148,102723508,0.804838618497219
11148,4057,0.9765381968384981,false,11148,4057,0.9765381968384981
11148,9173,0.7572584794184558,false,11148,9173,0.7572584794184558
11148,406969,0.8463285319392796,false,11148,406969,0.8463285319392796
11148,641776,0.8568577532489269,false,11148,641776,0.8568577532489269
11148,112268252,0.9719747960759191,false,11148,112268252,0.9719747960759191
11148,102466759,0.8339496410210944,false,11148,102466759,0.8339496410210944
11148,163131,0.7541963471204833,false,11148,163131,0.7541963471204833
11148,6523,0.9057906295341356,false,11148,6523,0.9057906295341356
11148,341676,0.8238082548524552,false,11148,341676,0.8238082548524552
11148,284323,0.7106738883342443,false,11148,284323,0.7106738883342443
11148,105373265,0.9122680674911295,false,11148,105373265,0.9122680674911295
11148,2125,0.7313033235441081,false,11148,2125,0.7313033235441081
11148,65217,0.8721109466328528,false,11148,65217,0.8721109466328528
11148,55892,0.7050002405973913,false,11148,55892,0.7050002405973913
11148,388555,0.8385768106636358,false,11148,388555,0.8385768106636358
11148,306,0.9332622185566642,false,11148,306,0.9332622185566642
11148,728643,0.8798735407453736,false,11148,728643,0.8798735407453736
11148,105372793,0.8942738010267673,false,11148,105372793,0.8942738010267673
11148,105180391,0.842675558545684,false,11148,105180391,0.842675558545684
11148,113218482,0.9724061189140734,false,11148,113218482,0.9724061189140734
11148,79098,0.9487768634494683,false,11148,79098,0.9487768634494683
11148,440352,0.7513819597651362,false,11148,440352,0.7513819597651362
11148,112268422,0.9164245729364043,false,11148,112268422,0.9164245729364043
11148,3856,0.9117409741791882,false,11148,3856,0.9117409741791882
11148,33,0.8922161525285884,false,11148,33,0.8922161525285884
11148,767566,0.8065348299777025,false,11148,767566,0.8065348299777025
11148,503645,0.7826126239124643,false,11148,503645,0.7826126239124643
11148,201625,0.9332439804866443,false,11148,201625,0.9332439804866443
11148,26226,0.926035349823461,false,11148,26226,0.926035349823461
128218,2537,0.9147288302186823,false,128218,2537,0.9147288302186823
128218,100133669,0.7492734477808918,false,128218,100133669,0.7492734477808918
128218,128602,0.8829989441096807,false,128218,128602,0.8829989441096807
128218,632,0.9579717134026292,false,128218,632,0.9579717134026292
128218,390083,0.7654663225247264,false,128218,390083,0.7654663225247264
619383,51185,0.7620794225670608,false,619383,51185,0.7620794225670608
619383,116228,0.7277136734103955,false,619383,116228,0.7277136734103955
619383,641776,0.7386669764317364,false,619383,641776,0.7386669764317364
619383,277,0.7171840923984147,false,619383,277,0.7171840923984147
619383,105180391,0.7313036583130357,false,619383,105180391,0.7313036583130357
102723508,4057,0.8501089346703127,false,102723508,4057,0.8501089346703127
102723508,406969,0.7029488312836467,false,102723508,406969,0.7029488312836467
102723508,112268252,0.7929814327736936,false,102723508,112268252,0.7929814327736936
102723508,780,0.7011780610735397,false,102723508,780,0.7011780610735397
102723508,102466759,0.7761483032719396,false,102723508,102466759,0.7761483032719396
102723508,6523,0.7089309950122744,false,102723508,6523,0.7089309950122744
102723508,105373265,0.7933279047161708,false,102723508,105373265,0.7933279047161708
102723508,2125,0.7295595400947451,false,102723508,2125,0.7295595400947451
102723508,65217,0.7075411515957808,false,102723508,65217,0.7075411515957808
102723508,388555,0.7109131878274023,false,102723508,388555,0.7109131878274023
102723508,306,0.812836953126055,false,102723508,306,0.812836953126055
102723508,728643,0.7976995816250261,false,102723508,728643,0.7976995816250261
102723508,105372793,0.7397870263226938,false,102723508,105372793,0.7397870263226938
102723508,113218482,0.8095596502346109,false,102723508,113218482,0.8095596502346109
102723508,79098,0.8017818209414094,false,102723508,79098,0.8017818209414094
102723508,112268422,0.8027491519790605,false,102723508,112268422,0.8027491519790605
102723508,3856,0.7412614901519183,false,102723508,3856,0.7412614901519183
102723508,33,0.701870679453849,false,102723508,33,0.701870679453849
102723508,767566,0.762692651555856,false,102723508,767566,0.762692651555856
102723508,201625,0.7249766682381887,false,102723508,201625,0.7249766682381887
102723508,26226,0.758110970790568,false,102723508,26226,0.758110970790568
222166,353189,0.798861519880462,false,222166,353189,0.798861519880462
222166,57402,0.8331919021625256,false,222166,57402,0.8331919021625256
222166,84525,0.8237731668372796,false,222166,84525,0.8237731668372796
222166,10595,0.8646796238063291,false,222166,10595,0.8646796238063291
222166,440590,0.7318500317018249,false,222166,440590,0.7318500317018249
222166,253970,0.7778830682067752,false,222166,253970,0.7778830682067752
222166,10018,0.7561689316227933,false,222166,10018,0.7561689316227933
222166,126353,0.8320061058166884,false,222166,126353,0.8320061058166884
222166,115019,0.7271613415898238,false,222166,115019,0.7271613415898238
107984125,4629,0.7043974386298109,false,107984125,4629,0.7043974386298109
107984125,63924,0.7318889387748396,false,107984125,63924,0.7318889387748396
107984125,55808,0.8001819137824682,false,107984125,55808,0.8001819137824682
28984,387882,0.8084256469612189,false,28984,387882,0.8084256469612189
28984,114569,0.9156992865797853,false,28984,114569,0.9156992865797853
28984,7080,0.9094601555652947,false,28984,7080,0.9094601555652947
28984,284111,0.907302262811786,false,28984,284111,0.907302262811786
28984,116228,0.8055981269131046,false,28984,116228,0.8055981269131046
28984,54897,0.7008410387546109,false,28984,54897,0.7008410387546109
28984,3229,0.8000930013504238,false,28984,3229,0.8000930013504238
28984,22943,0.9166309765981037,false,28984,22943,0.9166309765981037
28984,9228,0.8136409099087922,false,28984,9228,0.8136409099087922
28984,277,0.7638647297659259,false,28984,277,0.7638647297659259
28984,58524,0.8364106360104744,false,28984,58524,0.8364106360104744
28984,64073,0.9013128021511736,false,28984,64073,0.9013128021511736
116844,728643,0.7440325062149528,false,116844,728643,0.7440325062149528
116844,113218482,0.7114831948318352,false,116844,113218482,0.7114831948318352
116844,79098,0.7974270952599976,false,116844,79098,0.7974270952599976
116844,26226,0.7415855796674098,false,116844,26226,0.7415855796674098
10129,100158262,0.7201556239715767,false,10129,100158262,0.7201556239715767
10129,130271,0.7197063276332347,false,10129,130271,0.7197063276332347
10129,93035,0.7289288856870464,false,10129,93035,0.7289288856870464
10129,84851,0.7410770025895552,false,10129,84851,0.7410770025895552
10129,3880,0.7304619481956552,false,10129,3880,0.7304619481956552
10129,1556,0.7633038797195513,false,10129,1556,0.7633038797195513
10129,4585,0.8639091150821381,false,10129,4585,0.8639091150821381
10129,56955,0.7348933037050764,false,10129,56955,0.7348933037050764
10129,163479,0.7286954099728393,false,10129,163479,0.7286954099728393
387882,114569,0.8376871192306236,false,387882,114569,0.8376871192306236
387882,7080,0.8435132308868233,false,387882,7080,0.8435132308868233
387882,284111,0.8702915768032131,false,387882,284111,0.8702915768032131
387882,3229,0.7554241270810714,false,387882,3229,0.7554241270810714
387882,22943,0.8683703249717323,false,387882,22943,0.8683703249717323
387882,9228,0.7250148248074626,false,387882,9228,0.7250148248074626
387882,277,0.7565420582923053,false,387882,277,0.7565420582923053
387882,58524,0.8121846145642699,false,387882,58524,0.8121846145642699
387882,64073,0.8774436329254686,false,387882,64073,0.8774436329254686
401492,1906,0.7204981482680364,false,401492,1906,0.7204981482680364
401492,221395,0.7039744475327585,false,401492,221395,0.7039744475327585
401492,54861,0.7680296307213811,false,401492,54861,0.7680296307213811
401492,56892,0.7057754945845793,false,401492,56892,0.7057754945845793
51185,116228,0.7468519487921479,false,51185,116228,0.7468519487921479
51185,406969,0.7286920515063012,false,51185,406969,0.7286920515063012
27022,100996301,0.9981727984532303,false,27022,100996301,0.9981727984532303
114569,7080,0.9715294510396281,false,114569,7080,0.9715294510396281
114569,284111,0.9754126988827261,false,114569,284111,0.9754126988827261
114569,116228,0.7518549591961952,false,114569,116228,0.7518549591961952
114569,54897,0.8238026708272567,false,114569,54897,0.8238026708272567
114569,3229,0.8852067624491182,false,114569,3229,0.8852067624491182
114569,22943,0.9620342028219564,false,114569,22943,0.9620342028219564
114569,9228,0.874177969307731,false,114569,9228,0.874177969307731
114569,277,0.7792396938068424,false,114569,277,0.7792396938068424
114569,21,0.8124646872711913,false,114569,21,0.8124646872711913
114569,58524,0.8218515734623357,false,114569,58524,0.8218515734623357
114569,9052,0.702322283986133,false,114569,9052,0.702322283986133
114569,55567,0.7031971869320063,false,114569,55567,0.7031971869320063
114569,1604,0.751595541341233,false,114569,1604,0.751595541341233
114569,64073,0.9602245426695988,false,114569,64073,0.9602245426695988
149465,2537,0.7385056742224614,false,149465,2537,0.7385056742224614
149465,4693,0.7537040243865221,false,149465,4693,0.7537040243865221
149465,4852,0.8170275553787402,false,149465,4852,0.8170275553787402
7780,84851,0.7732935075150957,false,7780,84851,0.7732935075150957
7780,100996506,0.7321462230137187,false,7780,100996506,0.7321462230137187
7780,3880,0.8310791923580098,false,7780,3880,0.8310791923580098
7780,4585,0.730010922784732,false,7780,4585,0.730010922784732
7780,56955,0.7847228694032513,false,7780,56955,0.7847228694032513
4057,9173,0.768519883811882,false,4057,9173,0.768519883811882
4057,406969,0.8749985407325115,false,4057,406969,0.8749985407325115
4057,641776,0.7912128254715486,false,4057,641776,0.7912128254715486
4057,112268252,0.972591581271027,false,4057,112268252,0.972591581271027
4057,102466759,0.8517623059543076,false,4057,102466759,0.8517623059543076
4057,163131,0.7272705618573356,false,4057,163131,0.7272705618573356
4057,6523,0.9049406123342345,false,4057,6523,0.9049406123342345
4057,341676,0.8190526390303512,false,4057,341676,0.8190526390303512
4057,105373265,0.9025226179713169,false,4057,105373265,0.9025226179713169
4057,2125,0.743152189094678,false,4057,2125,0.743152189094678
4057,65217,0.8309711621532778,false,4057,65217,0.8309711621532778
4057,388555,0.8162778879159491,false,4057,388555,0.8162778879159491
4057,306,0.9609592852251303,false,4057,306,0.9609592852251303
4057,728643,0.8984255183816955,false,4057,728643,0.8984255183816955
4057,105372793,0.8900026812343202,false,4057,105372793,0.8900026812343202
4057,105180391,0.7660170381539295,false,4057,105180391,0.7660170381539295
4057,113218482,0.972159022912098,false,4057,113218482,0.972159022912098
4057,79098,0.9354385023553415,false,4057,79098,0.9354385023553415
4057,112268422,0.9341533302364307,false,4057,112268422,0.9341533302364307
4057,3856,0.907441395710729,false,4057,3856,0.907441395710729
4057,33,0.8805350444777229,false,4057,33,0.8805350444777229
4057,767566,0.8388387654640307,false,4057,767566,0.8388387654640307
4057,503645,0.7263891052591269,false,4057,503645,0.7263891052591269
4057,201625,0.8823719230587977,false,4057,201625,0.8823719230587977
4057,26226,0.9341143907369515,false,4057,26226,0.9341143907369515
100158262,55329,0.7507465851132586,false,100158262,55329,0.7507465851132586
100158262,4585,0.7207752890261278,false,100158262,4585,0.7207752890261278
100158262,677831,0.7739144916909846,false,100158262,677831,0.7739144916909846
7080,284111,0.9489963755324778,false,7080,284111,0.9489963755324778
7080,116228,0.7025062784637152,false,7080,116228,0.7025062784637152
7080,54897,0.7496722458074335,false,7080,54897,0.7496722458074335
7080,3229,0.9458260138858515,false,7080,3229,0.9458260138858515
7080,22943,0.9471062673944872,false,7080,22943,0.9471062673944872
7080,9228,0.837872284922182,false,7080,9228,0.837872284922182
7080,277,0.7294077188218427,false,7080,277,0.7294077188218427
7080,21,0.8086867475736903,false,7080,21,0.8086867475736903
7080,58524,0.8237236385881348,false,7080,58524,0.8237236385881348
7080,55567,0.7561846805365264,false,7080,55567,0.7561846805365264
7080,64073,0.938874753817772,false,7080,64073,0.938874753817772
284111,116228,0.738770242681343,false,284111,116228,0.738770242681343
284111,54897,0.8157151976678377,false,284111,54897,0.8157151976678377
284111,3229,0.8582438574207952,false,284111,3229,0.8582438574207952
284111,22943,0.9944129877398475,false,284111,22943,0.9944129877398475
284111,9228,0.8827034868782122,false,284111,9228,0.8827034868782122
284111,277,0.8449328442447802,false,284111,277,0.8449328442447802
284111,21,0.7120223025828445,false,284111,21,0.7120223025828445
284111,58524,0.8669756523595704,false,284111,58524,0.8669756523595704
284111,9052,0.720713246913217,false,284111,9052,0.720713246913217
284111,55567,0.7161569042024195,false,284111,55567,0.7161569042024195
284111,64073,0.9967284680712263,false,284111,64073,0.9967284680712263
112577518,727897,0.7551145731362279,false,112577518,727897,0.7551145731362279
112577518,677831,0.7172188061872994,false,112577518,677831,0.7172188061872994
112577518,117156,0.8240956597060676,false,112577518,117156,0.8240956597060676
112577518,646480,0.8265398886366885,false,112577518,646480,0.8265398886366885
112577518,1770,0.770510727765231,false,112577518,1770,0.770510727765231
2537,4693,0.7710151831053232,false,2537,4693,0.7710151831053232
2537,4852,0.708246612866801,false,2537,4852,0.708246612866801
2537,100133669,0.740795306515287,false,2537,100133669,0.740795306515287
2537,128602,0.8229301486059184,false,2537,128602,0.8229301486059184
2537,632,0.9538339900770583,false,2537,632,0.9538339900770583
2537,390083,0.893926391824692,false,2537,390083,0.893926391824692
9370,4629,0.901602865622331,false,9370,4629,0.901602865622331
9370,563,0.89679253527029,false,9370,563,0.89679253527029
9370,66002,0.9610746051594943,false,9370,66002,0.9610746051594943
9370,100129460,0.837293994109225,false,9370,100129460,0.837293994109225
9370,3240,0.9836257582643354,false,9370,3240,0.9836257582643354
9370,718,0.8830808630184956,false,9370,718,0.8830808630184956
9370,100874095,0.9999527053081035,false,9370,100874095,0.9999527053081035
9370,57110,0.8512668119206755,false,9370,57110,0.8512668119206755
9370,1048,0.9767328493517344,false,9370,1048,0.9767328493517344
9370,63924,0.9458290452043754,false,9370,63924,0.9458290452043754
9370,55808,0.822984977007849,false,9370,55808,0.822984977007849
51554,406969,0.7274075800878278,false,51554,406969,0.7274075800878278
51554,102723382,0.7211005343244736,false,51554,102723382,0.7211005343244736
51554,341676,0.7822065802802223,false,51554,341676,0.7822065802802223
51554,105372793,0.8195534077604194,false,51554,105372793,0.8195534077604194
51554,105180391,0.7021497770381209,false,51554,105180391,0.7021497770381209
51554,112268422,0.8098042792769106,false,51554,112268422,0.8098042792769106
51554,201625,0.740595684355381,false,51554,201625,0.740595684355381
130271,3880,0.7758811559872195,false,130271,3880,0.7758811559872195
130271,4585,0.7253581856165832,false,130271,4585,0.7253581856165832
130271,56955,0.8378445749486207,false,130271,56955,0.8378445749486207
389376,128602,0.7184475370106906,false,389376,128602,0.7184475370106906
9173,112268252,0.7566654647566402,false,9173,112268252,0.7566654647566402
9173,102466759,0.8257836397126597,false,9173,102466759,0.8257836397126597
9173,6523,0.7295517453372989,false,9173,6523,0.7295517453372989
9173,306,0.7085833752214812,false,9173,306,0.7085833752214812
9173,105372793,0.7367862636579632,false,9173,105372793,0.7367862636579632
9173,113218482,0.7779955915028017,false,9173,113218482,0.7779955915028017
9173,79098,0.7519899686000084,false,9173,79098,0.7519899686000084
9173,3856,0.7224703360727384,false,9173,3856,0.7224703360727384
9173,201625,0.7161717189929376,false,9173,201625,0.7161717189929376
9173,26226,0.7939713413898624,false,9173,26226,0.7939713413898624
116228,22943,0.738221174219467,false,116228,22943,0.738221174219467
116228,9228,0.8144654149742951,false,116228,9228,0.8144654149742951
116228,277,0.8462831585262752,false,116228,277,0.8462831585262752
116228,64073,0.7369207303445535,false,116228,64073,0.7369207303445535
116228,100033436,0.7532624854872948,false,116228,100033436,0.7532624854872948
55329,677831,0.7140450486478211,false,55329,677831,0.7140450486478211
4693,4852,0.80828152544727,false,4693,4852,0.80828152544727
4693,632,0.7020686204067809,false,4693,632,0.7020686204067809
4693,390083,0.8245088465068816,false,4693,390083,0.8245088465068816
93035,84851,0.7120591060848691,false,93035,84851,0.7120591060848691
93035,100996506,0.7303161253999482,false,93035,100996506,0.7303161253999482
93035,1556,0.7457243724021254,false,93035,1556,0.7457243724021254
4629,563,0.7935925889006603,false,4629,563,0.7935925889006603
4629,66002,0.8705549353959556,false,4629,66002,0.8705549353959556
4629,100129460,0.7288188612028178,false,4629,100129460,0.7288188612028178
4629,3240,0.8558182000963331,false,4629,3240,0.8558182000963331
4629,718,0.7706219241926764,false,4629,718,0.7706219241926764
4629,100874095,0.9001396161663942,false,4629,100874095,0.9001396161663942
4629,1048,0.852281100225756,false,4629,1048,0.852281100225756
4629,63924,0.951038095823797,false,4629,63924,0.951038095823797
4629,55808,0.8265001447436383,false,4629,55808,0.8265001447436383
353189,57402,0.9569513785501226,false,353189,57402,0.9569513785501226
353189,84525,0.9181779028498569,false,353189,84525,0.9181779028498569
353189,10595,0.9532688144490997,false,353189,10595,0.9532688144490997
353189,107985317,0.7823318788464523,false,353189,107985317,0.7823318788464523
353189,440590,0.8279293087021187,false,353189,440590,0.8279293087021187
353189,253970,0.8086476819875111,false,353189,253970,0.8086476819875111
353189,10018,0.7683588257376319,false,353189,10018,0.7683588257376319
353189,126353,0.8936917885288153,false,353189,126353,0.8936917885288153
353189,115019,0.9093815130170302,false,353189,115019,0.9093815130170302
54897,22943,0.7942019013055962,false,54897,22943,0.7942019013055962
54897,9228,0.7153231675110846,false,54897,9228,0.7153231675110846
54897,64073,0.8026013923415869,false,54897,64073,0.8026013923415869
3229,22943,0.8624474445313105,false,3229,22943,0.8624474445313105
3229,9228,0.7665340503270872,false,3229,9228,0.7665340503270872
3229,21,0.7207045920922286,false,3229,21,0.7207045920922286
3229,58524,0.723398507623081,false,3229,58524,0.723398507623081
3229,55567,0.7430939368486,false,3229,55567,0.7430939368486
3229,64073,0.8547916207522454,false,3229,64073,0.8547916207522454
3229,57575,0.7019932030760538,false,3229,57575,0.7019932030760538
563,66002,0.8709317474796592,false,563,66002,0.8709317474796592
563,1556,0.7109786807718268,false,563,1556,0.7109786807718268
563,100129460,0.7181700302705413,false,563,100129460,0.7181700302705413
563,3240,0.8924173372856713,false,563,3240,0.8924173372856713
563,718,0.7605995804580172,false,563,718,0.7605995804580172
563,100874095,0.8960254851118763,false,563,100874095,0.8960254851118763
563,57110,0.8387200904298237,false,563,57110,0.8387200904298237
563,1048,0.8886819675348718,false,563,1048,0.8886819675348718
563,63924,0.8719803041203826,false,563,63924,0.8719803041203826
563,55808,0.7233676734818538,false,563,55808,0.7233676734818538
406969,641776,0.7248624606391457,false,406969,641776,0.7248624606391457
406969,112268252,0.8853988723073716,false,406969,112268252,0.8853988723073716
406969,6523,0.7490474721905984,false,406969,6523,0.7490474721905984
406969,341676,0.7723875363171233,false,406969,341676,0.7723875363171233
406969,105373265,0.744160637056142,false,406969,105373265,0.744160637056142
406969,65217,0.7570582735916408,false,406969,65217,0.7570582735916408
406969,388555,0.7382973852547464,false,406969,388555,0.7382973852547464
406969,306,0.8194412902551474,false,406969,306,0.8194412902551474
406969,728643,0.8240600670878021,false,406969,728643,0.8240600670878021
406969,105372793,0.8146519753012064,false,406969,105372793,0.8146519753012064
406969,113218482,0.8334293866812702,false,406969,113218482,0.8334293866812702
406969,79098,0.8194220551043743,false,406969,79098,0.8194220551043743
406969,112268422,0.8595638275807624,false,406969,112268422,0.8595638275807624
406969,3856,0.8182899770617181,false,406969,3856,0.8182899770617181
406969,33,0.7982858984246022,false,406969,33,0.7982858984246022
406969,767566,0.8156226143667529,false,406969,767566,0.8156226143667529
406969,201625,0.76507494069765,false,406969,201625,0.76507494069765
406969,26226,0.7439494226038714,false,406969,26226,0.7439494226038714
727897,117156,0.7222651250316519,false,727897,117156,0.7222651250316519
727897,646480,0.806399512773124,false,727897,646480,0.806399512773124
727897,1770,0.7767714471441582,false,727897,1770,0.7767714471441582
641776,112268252,0.8158313131634375,false,641776,112268252,0.8158313131634375
641776,163131,0.7147500555065269,false,641776,163131,0.7147500555065269
641776,6523,0.7600139498995941,false,641776,6523,0.7600139498995941
641776,341676,0.8093565700929948,false,641776,341676,0.8093565700929948
641776,284323,0.7220333830683212,false,641776,284323,0.7220333830683212
641776,105373265,0.7461952591808989,false,641776,105373265,0.7461952591808989
641776,65217,0.7577904958120149,false,641776,65217,0.7577904958120149
641776,388555,0.715119804900774,false,641776,388555,0.715119804900774
641776,306,0.7534284630361536,false,641776,306,0.7534284630361536
641776,728643,0.7035320958588202,false,641776,728643,0.7035320958588202
641776,105372793,0.7971820395346264,false,641776,105372793,0.7971820395346264
641776,105180391,0.9917670858162336,false,641776,105180391,0.9917670858162336
641776,113218482,0.7907235072891349,false,641776,113218482,0.7907235072891349
641776,79098,0.7981476243995558,false,641776,79098,0.7981476243995558
641776,440352,0.7881842383463232,false,641776,440352,0.7881842383463232
641776,112268422,0.7749663590649923,false,641776,112268422,0.7749663590649923
641776,3856,0.7506360905625604,false,641776,3856,0.7506360905625604
641776,33,0.832369648192223,false,641776,33,0.832369648192223
641776,503645,0.8276871615307811,false,641776,503645,0.8276871615307811
641776,201625,0.8754844482718647,false,641776,201625,0.8754844482718647
641776,26226,0.7588737265924522,false,641776,26226,0.7588737265924522
57402,84525,0.9348122466772034,false,57402,84525,0.9348122466772034
57402,10595,0.9473141819629013,false,57402,10595,0.9473141819629013
57402,107985317,0.7558064425565719,false,57402,107985317,0.7558064425565719
57402,440590,0.84410440656346,false,57402,440590,0.84410440656346
57402,253970,0.8407989207515406,false,57402,253970,0.8407989207515406
57402,10018,0.8027511329438232,false,57402,10018,0.8027511329438232
57402,126353,0.9618911397590373,false,57402,126353,0.9618911397590373
57402,115019,0.9423150612731034,false,57402,115019,0.9423150612731034
112268252,102466759,0.8296046386172614,false,112268252,102466759,0.8296046386172614
112268252,163131,0.7014179607171993,false,112268252,163131,0.7014179607171993
112268252,6523,0.9233217753232518,false,112268252,6523,0.9233217753232518
112268252,341676,0.7809821173335417,false,112268252,341676,0.7809821173335417
112268252,105373265,0.906367011030745,false,112268252,105373265,0.906367011030745
112268252,65217,0.8392876326568159,false,112268252,65217,0.8392876326568159
112268252,55892,0.7122481607868495,false,112268252,55892,0.7122481607868495
112268252,388555,0.8079169500680583,false,112268252,388555,0.8079169500680583
112268252,306,0.9281797872986671,false,112268252,306,0.9281797872986671
112268252,728643,0.9024867264760764,false,112268252,728643,0.9024867264760764
112268252,105372793,0.8923499594505458,false,112268252,105372793,0.8923499594505458
112268252,105180391,0.7934210223639864,false,112268252,105180391,0.7934210223639864
112268252,113218482,0.9756349128035702,false,112268252,113218482,0.9756349128035702
112268252,79098,0.9440389676444301,false,112268252,79098,0.9440389676444301
112268252,112268422,0.9175813532980587,false,112268252,112268422,0.9175813532980587
112268252,3856,0.9467697217842956,false,112268252,3856,0.9467697217842956
112268252,33,0.8631672822630986,false,112268252,33,0.8631672822630986
112268252,767566,0.8220311279213773,false,112268252,767566,0.8220311279213773
112268252,503645,0.7155570268375676,false,112268252,503645,0.7155570268375676
112268252,201625,0.8817087329248569,false,112268252,201625,0.8817087329248569
112268252,26226,0.9156118511743424,false,112268252,26226,0.9156118511743424
84851,3880,0.7652895141720432,false,84851,3880,0.7652895141720432
780,102466759,0.7303742422924081,false,780,102466759,0.7303742422924081
22943,9228,0.8671116764545153,false,22943,9228,0.8671116764545153
22943,277,0.8382430305087699,false,22943,277,0.8382430305087699
22943,58524,0.8602792507657567,false,22943,58524,0.8602792507657567
22943,9052,0.7181589482684038,false,22943,9052,0.7181589482684038
22943,55567,0.7442539009550814,false,22943,55567,0.7442539009550814
22943,64073,0.9933218051508019,false,22943,64073,0.9933218051508019
27074,1636,0.7432614262111027,false,27074,1636,0.7432614262111027
9228,277,0.8475564176968456,false,9228,277,0.8475564176968456
9228,21,0.7546730953100635,false,9228,21,0.7546730953100635
9228,64073,0.8701857681351527,false,9228,64073,0.8701857681351527
9228,100033436,0.7114607129137224,false,9228,100033436,0.7114607129137224
100996506,474354,0.9007920007543339,false,100996506,474354,0.9007920007543339
100996506,4585,0.7850592674174682,false,100996506,4585,0.7850592674174682
277,58524,0.7269897304017684,false,277,58524,0.7269897304017684
277,64073,0.8554208311416771,false,277,64073,0.8554208311416771
84525,10595,0.8891437300401469,false,84525,10595,0.8891437300401469
84525,107985317,0.8248656117208721,false,84525,107985317,0.8248656117208721
84525,440590,0.822488802348591,false,84525,440590,0.822488802348591
84525,253970,0.7555261720702308,false,84525,253970,0.7555261720702308
84525,10018,0.760124971134308,false,84525,10018,0.760124971134308
84525,126353,0.900130867309739,false,84525,126353,0.900130867309739
84525,115019,0.8876880531841134,false,84525,115019,0.8876880531841134
3880,4585,0.7898344709808257,false,3880,4585,0.7898344709808257
3880,56955,0.8545837022997744,false,3880,56955,0.8545837022997744
66002,100129460,0.8481035567137054,false,66002,100129460,0.8481035567137054
66002,3240,0.9806217144311385,false,66002,3240,0.9806217144311385
66002,718,0.8909428019121741,false,66002,718,0.8909428019121741
66002,100874095,0.9616311251923582,false,66002,100874095,0.9616311251923582
66002,57110,0.8471169853158382,false,66002,57110,0.8471169853158382
66002,1048,0.9824175353522105,false,66002,1048,0.9824175353522105
66002,63924,0.9047476745908853,false,66002,63924,0.9047476745908853
66002,55808,0.8637793758854284,false,66002,55808,0.8637793758854284
102466759,163131,0.7545671939105222,false,102466759,163131,0.7545671939105222
102466759,6523,0.769135662947808,false,102466759,6523,0.769135662947808
102466759,105373265,0.7805879270467965,false,102466759,105373265,0.7805879270467965
102466759,306,0.8839899233451616,false,102466759,306,0.8839899233451616
102466759,728643,0.7385123310770679,false,102466759,728643,0.7385123310770679
102466759,105372793,0.7023106343400993,false,102466759,105372793,0.7023106343400993
102466759,113218482,0.8427596640786899,false,102466759,113218482,0.8427596640786899
102466759,79098,0.7739638794472479,false,102466759,79098,0.7739638794472479
102466759,112268422,0.7331969040519078,false,102466759,112268422,0.7331969040519078
102466759,3856,0.7768698792002631,false,102466759,3856,0.7768698792002631
102466759,201625,0.731187518172181,false,102466759,201625,0.731187518172181
102466759,26226,0.8414129298507879,false,102466759,26226,0.8414129298507879
21,1604,0.8463066995119779,false,21,1604,0.8463066995119779
21,100033436,0.7361185783581633,false,21,100033436,0.7361185783581633
163131,341676,0.7192999518903421,false,163131,341676,0.7192999518903421
163131,284323,0.9317606647475897,false,163131,284323,0.9317606647475897
163131,105373265,0.7501652086850289,false,163131,105373265,0.7501652086850289
163131,65217,0.7262812988026355,false,163131,65217,0.7262812988026355
163131,55892,0.7380713281229815,false,163131,55892,0.7380713281229815
163131,388555,0.7782936379566109,false,163131,388555,0.7782936379566109
163131,306,0.7991511282293142,false,163131,306,0.7991511282293142
163131,105180391,0.7342179828975767,false,163131,105180391,0.7342179828975767
163131,100529240,0.7188863771813981,false,163131,100529240,0.7188863771813981
163131,113218482,0.7254433679298333,false,163131,113218482,0.7254433679298333
163131,440352,0.7436799409568198,false,163131,440352,0.7436799409568198
163131,112268422,0.7190155793098726,false,163131,112268422,0.7190155793098726
163131,3856,0.7044408312086596,false,163131,3856,0.7044408312086596
163131,649946,0.7477109523235624,false,163131,649946,0.7477109523235624
163131,33,0.8164036673664028,false,163131,33,0.8164036673664028
163131,503645,0.7709885819811579,false,163131,503645,0.7709885819811579
163131,26226,0.7443274449642233,false,163131,26226,0.7443274449642233
102723382,341676,0.7500534625413545,false,102723382,341676,0.7500534625413545
102723382,7620,0.7097215983754287,false,102723382,7620,0.7097215983754287
102723382,117156,0.7328472910049453,false,102723382,117156,0.7328472910049453
102723382,646480,0.8205924870174718,false,102723382,646480,0.8205924870174718
102723382,112268422,0.7059912015527727,false,102723382,112268422,0.7059912015527727
102723382,1770,0.8190406954855518,false,102723382,1770,0.8190406954855518
6523,105373265,0.8699743069112137,false,6523,105373265,0.8699743069112137
6523,65217,0.7619475058455624,false,6523,65217,0.7619475058455624
6523,388555,0.7717226769349759,false,6523,388555,0.7717226769349759
6523,306,0.8826733820080923,false,6523,306,0.8826733820080923
6523,728643,0.805706217866916,false,6523,728643,0.805706217866916
6523,105372793,0.8511870852261733,false,6523,105372793,0.8511870852261733
6523,105180391,0.7488404318662287,false,6523,105180391,0.7488404318662287
6523,113218482,0.9313007104079822,false,6523,113218482,0.9313007104079822
6523,79098,0.8573874246391466,false,6523,79098,0.8573874246391466
6523,440352,0.7001286695292417,false,6523,440352,0.7001286695292417
6523,112268422,0.8450500553464448,false,6523,112268422,0.8450500553464448
6523,3856,0.9128309216407194,false,6523,3856,0.9128309216407194
6523,33,0.8368548815971213,false,6523,33,0.8368548815971213
6523,767566,0.773107086883506,false,6523,767566,0.773107086883506
6523,503645,0.705992628749241,false,6523,503645,0.705992628749241
6523,201625,0.8449000434050965,false,6523,201625,0.8449000434050965
6523,26226,0.8577760938709162,false,6523,26226,0.8577760938709162
474354,4585,0.7278671726689855,false,474354,4585,0.7278671726689855
58524,64073,0.8790998167766743,false,58524,64073,0.8790998167766743
341676,284323,0.7147134313750397,false,341676,284323,0.7147134313750397
341676,105373265,0.7415526091814891,false,341676,105373265,0.7415526091814891
341676,65217,0.7231813179700252,false,341676,65217,0.7231813179700252
341676,7620,0.7680879122087806,false,341676,7620,0.7680879122087806
341676,55892,0.7804749152111717,false,341676,55892,0.7804749152111717
341676,388555,0.7396519216152048,false,341676,388555,0.7396519216152048
341676,306,0.7684359358473859,false,341676,306,0.7684359358473859
341676,105372793,0.8576785005274511,false,341676,105372793,0.8576785005274511
341676,105180391,0.8091700637896326,false,341676,105180391,0.8091700637896326
341676,100529240,0.7907678515583118,false,341676,100529240,0.7907678515583118
341676,113218482,0.7673892591978905,false,341676,113218482,0.7673892591978905
341676,79098,0.726812001503711,false,341676,79098,0.726812001503711
341676,112268422,0.8903731978333392,false,341676,112268422,0.8903731978333392
341676,33,0.8469115707760497,false,341676,33,0.8469115707760497
341676,503645,0.7654336803961528,false,341676,503645,0.7654336803961528
341676,201625,0.7823068461781587,false,341676,201625,0.7823068461781587
341676,26226,0.7440209528732681,false,341676,26226,0.7440209528732681
148213,7620,0.830376470400483,false,148213,7620,0.830376470400483
148213,4179,0.8143346098924297,false,148213,4179,0.8143346098924297
148213,102723552,0.8932810287286965,false,148213,102723552,0.8932810287286965
148213,100529240,0.8040197447136673,false,148213,100529240,0.8040197447136673
284323,55892,0.7046308526408059,false,284323,55892,0.7046308526408059
284323,306,0.7061214624558431,false,284323,306,0.7061214624558431
284323,105180391,0.7653066237381433,false,284323,105180391,0.7653066237381433
284323,100529240,0.7307398458678226,false,284323,100529240,0.7307398458678226
284323,440352,0.7926241613102527,false,284323,440352,0.7926241613102527
284323,649946,0.8003387331095033,false,284323,649946,0.8003387331095033
284323,33,0.7663654043488903,false,284323,33,0.7663654043488903
284323,503645,0.8414779329998844,false,284323,503645,0.8414779329998844
284323,26226,0.7000271119347894,false,284323,26226,0.7000271119347894
100129460,3240,0.8708662253380579,false,100129460,3240,0.8708662253380579
100129460,718,0.8252868721041896,false,100129460,718,0.8252868721041896
100129460,100874095,0.8375248259040446,false,100129460,100874095,0.8375248259040446
100129460,57110,0.7568523848231121,false,100129460,57110,0.7568523848231121
100129460,1048,0.8542117757531444,false,100129460,1048,0.8542117757531444
100129460,63924,0.8342275488837745,false,100129460,63924,0.8342275488837745
100129460,55808,0.7704045046509255,false,100129460,55808,0.7704045046509255
3240,718,0.9058531918714454,false,3240,718,0.9058531918714454
3240,100874095,0.9842815469885473,false,3240,100874095,0.9842815469885473
3240,57110,0.8784229586399763,false,3240,57110,0.8784229586399763
3240,1048,0.9965282352643725,false,3240,1048,0.9965282352643725
3240,63924,0.9148483160268907,false,3240,63924,0.9148483160268907
3240,55808,0.8551955192936449,false,3240,55808,0.8551955192936449
10595,107985317,0.7364673725330552,false,10595,107985317,0.7364673725330552
10595,440590,0.8250640123682683,false,10595,440590,0.8250640123682683
10595,253970,0.8433276046238147,false,10595,253970,0.8433276046238147
10595,10018,0.8345660157713889,false,10595,10018,0.8345660157713889
10595,126353,0.9051580632939792,false,10595,126353,0.9051580632939792
10595,115019,0.8871985381538368,false,10595,115019,0.8871985381538368
4222,448831,0.8438383497558238,false,4222,448831,0.8438383497558238
4222,441581,0.9285280081103244,false,4222,441581,0.9285280081103244
4222,6441,0.899349708173035,false,4222,6441,0.899349708173035
1906,56892,0.7771055724252535,false,1906,56892,0.7771055724252535
4585,56955,0.7595412223717053,false,4585,56955,0.7595412223717053
448831,441581,0.958072064599745,false,448831,441581,0.958072064599745
448831,6441,0.8980831188463222,false,448831,6441,0.8980831188463222
105373265,65217,0.8489707340891818,false,105373265,65217,0.8489707340891818
105373265,388555,0.8895612227453202,false,105373265,388555,0.8895612227453202
105373265,306,0.8791421263200062,false,105373265,306,0.8791421263200062
105373265,728643,0.8847899764516866,false,105373265,728643,0.8847899764516866
105373265,105372793,0.8275050677762372,false,105373265,105372793,0.8275050677762372
105373265,105180391,0.7340810915483809,false,105373265,105180391,0.7340810915483809
105373265,113218482,0.9131537331295064,false,105373265,113218482,0.9131537331295064
105373265,79098,0.9209757187048616,false,105373265,79098,0.9209757187048616
105373265,440352,0.7323251216194898,false,105373265,440352,0.7323251216194898
105373265,112268422,0.8696341166147961,false,105373265,112268422,0.8696341166147961
105373265,3856,0.8924580246570329,false,105373265,3856,0.8924580246570329
105373265,33,0.8574773260463258,false,105373265,33,0.8574773260463258
105373265,767566,0.8760587988958394,false,105373265,767566,0.8760587988958394
105373265,503645,0.7082440484286741,false,105373265,503645,0.7082440484286741
105373265,201625,0.8602498994287915,false,105373265,201625,0.8602498994287915
105373265,26226,0.877670399937621,false,105373265,26226,0.877670399937621
2125,113218482,0.7335813272130568,false,2125,113218482,0.7335813272130568
2125,3856,0.7012276750325304,false,2125,3856,0.7012276750325304
2125,26226,0.7129651397845694,false,2125,26226,0.7129651397845694
65217,388555,0.8649673653963229,false,65217,388555,0.8649673653963229
65217,306,0.7941389541836172,false,65217,306,0.7941389541836172
65217,728643,0.8058010330439906,false,65217,728643,0.8058010330439906
65217,105372793,0.7781474396217866,false,65217,105372793,0.7781474396217866
65217,105180391,0.7447333659013097,false,65217,105180391,0.7447333659013097
65217,113218482,0.8465432464713805,false,65217,113218482,0.8465432464713805
65217,79098,0.8660611851874119,false,65217,79098,0.8660611851874119
65217,112268422,0.805640555494351,false,65217,112268422,0.805640555494351
65217,3856,0.8485666115057626,false,65217,3856,0.8485666115057626
65217,33,0.8875266216842679,false,65217,33,0.8875266216842679
65217,767566,0.7699824056225936,false,65217,767566,0.7699824056225936
65217,201625,0.8013633450859586,false,65217,201625,0.8013633450859586
65217,26226,0.7668632592139071,false,65217,26226,0.7668632592139071
6969,26298,0.77341216552301,false,6969,26298,0.77341216552301
7620,4179,0.7869102349000437,false,7620,4179,0.7869102349000437
7620,55892,0.7612014751514254,false,7620,55892,0.7612014751514254
7620,102723552,0.7497586083976687,false,7620,102723552,0.7497586083976687
7620,100529240,0.9395401711207964,false,7620,100529240,0.9395401711207964
7620,649946,0.778190708933664,false,7620,649946,0.778190708933664
221395,54861,0.8035351840086224,false,221395,54861,0.8035351840086224
4179,102723552,0.7573988755181863,false,4179,102723552,0.7573988755181863
4179,100529240,0.8139595205974729,false,4179,100529240,0.8139595205974729
4179,649946,0.7917934547134038,false,4179,649946,0.7917934547134038
55892,105372793,0.7188117647021689,false,55892,105372793,0.7188117647021689
55892,100529240,0.734849518848686,false,55892,100529240,0.734849518848686
55892,112268422,0.7598637956738115,false,55892,112268422,0.7598637956738115
55892,33,0.7007581683551715,false,55892,33,0.7007581683551715
9052,64073,0.728153477792477,false,9052,64073,0.728153477792477
388555,306,0.8551944210008606,false,388555,306,0.8551944210008606
388555,728643,0.8077537719891755,false,388555,728643,0.8077537719891755
388555,105372793,0.7428634176046464,false,388555,105372793,0.7428634176046464
388555,105180391,0.7040176863813957,false,388555,105180391,0.7040176863813957
388555,113218482,0.8166865320392,false,388555,113218482,0.8166865320392
388555,79098,0.791085688961429,false,388555,79098,0.791085688961429
388555,112268422,0.7900561192800767,false,388555,112268422,0.7900561192800767
388555,3856,0.8135626777758603,false,388555,3856,0.8135626777758603
388555,33,0.9044258774907801,false,388555,33,0.9044258774907801
388555,767566,0.9128704564266574,false,388555,767566,0.9128704564266574
388555,201625,0.7215249825714123,false,388555,201625,0.7215249825714123
388555,26226,0.7634967366165656,false,388555,26226,0.7634967366165656
441581,6441,0.9295192646696583,false,441581,6441,0.9295192646696583
100133669,632,0.7957098378671476,false,100133669,632,0.7957098378671476
306,728643,0.8461402056243161,false,306,728643,0.8461402056243161
306,105372793,0.8230544447094242,false,306,105372793,0.8230544447094242
306,105180391,0.7253655991736395,false,306,105180391,0.7253655991736395
306,100529240,0.730189547477602,false,306,100529240,0.730189547477602
306,113218482,0.9211206045713372,false,306,113218482,0.9211206045713372
306,79098,0.8630363108051654,false,306,79098,0.8630363108051654
306,112268422,0.8656708874259658,false,306,112268422,0.8656708874259658
306,3856,0.8712180637642708,false,306,3856,0.8712180637642708
306,649946,0.724031709534859,false,306,649946,0.724031709534859
306,33,0.889336776102563,false,306,33,0.889336776102563
306,767566,0.8574176987290274,false,306,767566,0.8574176987290274
306,201625,0.7977220069348985,false,306,201625,0.7977220069348985
306,26226,0.8952269107487589,false,306,26226,0.8952269107487589
728643,105372793,0.7791187025744396,false,728643,105372793,0.7791187025744396
728643,113218482,0.9159447439495613,false,728643,113218482,0.9159447439495613
728643,79098,0.9213065114029454,false,728643,79098,0.9213065114029454
728643,112268422,0.8508615677305933,false,728643,112268422,0.8508615677305933
728643,3856,0.9178654786527336,false,728643,3856,0.9178654786527336
728643,33,0.7648405538968154,false,728643,33,0.7648405538968154
728643,767566,0.8254442147051568,false,728643,767566,0.8254442147051568
728643,201625,0.7901641763713735,false,728643,201625,0.7901641763713735
728643,26226,0.8379834903372648,false,728643,26226,0.8379834903372648
55567,64073,0.7100695084676265,false,55567,64073,0.7100695084676265
55567,57575,0.721679137283398,false,55567,57575,0.721679137283398
105372793,105180391,0.7987595722118425,false,105372793,105180391,0.7987595722118425
105372793,100529240,0.704676451330078,false,105372793,100529240,0.704676451330078
105372793,113218482,0.8957055826152329,false,105372793,113218482,0.8957055826152329
105372793,79098,0.8467009383221827,false,105372793,79098,0.8467009383221827
105372793,112268422,0.9663552130429418,false,105372793,112268422,0.9663552130429418
105372793,3856,0.8332023363795924,false,105372793,3856,0.8332023363795924
105372793,649946,0.7142918504381794,false,105372793,649946,0.7142918504381794
105372793,33,0.8539056056111533,false,105372793,33,0.8539056056111533
105372793,767566,0.7270463639703713,false,105372793,767566,0.7270463639703713
105372793,503645,0.7619229691600332,false,105372793,503645,0.7619229691600332
105372793,201625,0.8506122902478847,false,105372793,201625,0.8506122902478847
105372793,26226,0.8427371259475946,false,105372793,26226,0.8427371259475946
128602,632,0.8506925007119758,false,128602,632,0.8506925007119758
107985317,253970,0.7130788982945128,false,107985317,253970,0.7130788982945128
107985317,126353,0.74195370506343,false,107985317,126353,0.74195370506343
107985317,115019,0.7659178023689561,false,107985317,115019,0.7659178023689561
102723552,100529240,0.7574005736426574,false,102723552,100529240,0.7574005736426574
1604,100033436,0.7608358360825682,false,1604,100033436,0.7608358360825682
718,100874095,0.8834380922112629,false,718,100874095,0.8834380922112629
718,57110,0.7568728047158203,false,718,57110,0.7568728047158203
718,1048,0.9004645233920965,false,718,1048,0.9004645233920965
718,63924,0.8131861229679793,false,718,63924,0.8131861229679793
718,55808,0.7378745556904663,false,718,55808,0.7378745556904663
105180391,113218482,0.7732586796098254,false,105180391,113218482,0.7732586796098254
105180391,79098,0.7688509151714258,false,105180391,79098,0.7688509151714258
105180391,440352,0.8383006403989662,false,105180391,440352,0.8383006403989662
105180391,112268422,0.7655083315262773,false,105180391,112268422,0.7655083315262773
105180391,3856,0.733452843659653,false,105180391,3856,0.733452843659653
105180391,33,0.8322656586935555,false,105180391,33,0.8322656586935555
105180391,503645,0.8737912528793031,false,105180391,503645,0.8737912528793031
105180391,201625,0.8661217264384837,false,105180391,201625,0.8661217264384837
105180391,26226,0.7600288840257634,false,105180391,26226,0.7600288840257634
100529240,649946,0.8649549008289809,false,100529240,649946,0.8649549008289809
440590,10018,0.7826226023526502,false,440590,10018,0.7826226023526502
440590,126353,0.8084118717721172,false,440590,126353,0.8084118717721172
440590,115019,0.7762578353383935,false,440590,115019,0.7762578353383935
113218482,79098,0.9338970850160383,false,113218482,79098,0.9338970850160383
113218482,112268422,0.9147262881978288,false,113218482,112268422,0.9147262881978288
113218482,3856,0.9603421528589458,false,113218482,3856,0.9603421528589458
113218482,33,0.8483375830803079,false,113218482,33,0.8483375830803079
113218482,767566,0.81670607737404,false,113218482,767566,0.81670607737404
113218482,503645,0.7255413972976892,false,113218482,503645,0.7255413972976892
113218482,201625,0.8843170429397833,false,113218482,201625,0.8843170429397833
113218482,26226,0.9313282332729788,false,113218482,26226,0.9313282332729788
632,390083,0.8952980978128944,false,632,390083,0.8952980978128944
100874095,57110,0.8521912999095107,false,100874095,57110,0.8521912999095107
100874095,1048,0.9774544244657486,false,100874095,1048,0.9774544244657486
100874095,63924,0.9444921675376804,false,100874095,63924,0.9444921675376804
100874095,55808,0.8241024507835836,false,100874095,55808,0.8241024507835836
57110,1048,0.876958800309593,false,57110,1048,0.876958800309593
57110,63924,0.7842750999794431,false,57110,63924,0.7842750999794431
57110,55808,0.7090401402822996,false,57110,55808,0.7090401402822996
117156,646480,0.9410996733839001,false,117156,646480,0.9410996733839001
117156,1770,0.9244343477352628,false,117156,1770,0.9244343477352628
646480,1770,0.9815333862372089,false,646480,1770,0.9815333862372089
79098,112268422,0.8738964396868317,false,79098,112268422,0.8738964396868317
79098,3856,0.9119526897939265,false,79098,3856,0.9119526897939265
79098,33,0.8197707983517665,false,79098,33,0.8197707983517665
79098,767566,0.7956281310468551,false,79098,767566,0.7956281310468551
79098,201625,0.8894089998579902,false,79098,201625,0.8894089998579902
79098,26226,0.8921557989327016,false,79098,26226,0.8921557989327016
440352,8537,0.7422028739236947,false,440352,8537,0.7422028739236947
440352,33,0.7686349284184156,false,440352,33,0.7686349284184156
440352,503645,0.8581021817219817,false,440352,503645,0.8581021817219817
440352,201625,0.7761419238772184,false,440352,201625,0.7761419238772184
440352,26226,0.7146844437746472,false,440352,26226,0.7146844437746472
10103,3855,0.7151164062852552,false,10103,3855,0.7151164062852552
112268422,3856,0.8386074081317239,false,112268422,3856,0.8386074081317239
112268422,33,0.8697174647953855,false,112268422,33,0.8697174647953855
112268422,767566,0.791322456420588,false,112268422,767566,0.791322456420588
112268422,503645,0.7362384311341608,false,112268422,503645,0.7362384311341608
112268422,201625,0.8605173759616385,false,112268422,201625,0.8605173759616385
112268422,26226,0.8591024525910801,false,112268422,26226,0.8591024525910801
3856,33,0.8145615221889718,false,3856,33,0.8145615221889718
3856,767566,0.7978264023868341,false,3856,767566,0.7978264023868341
3856,201625,0.8034343976985808,false,3856,201625,0.8034343976985808
3856,26226,0.8859207607430476,false,3856,26226,0.8859207607430476
649946,503645,0.7807046838790647,false,649946,503645,0.7807046838790647
649946,26226,0.7539124464600672,false,649946,26226,0.7539124464600672
57575,100033436,0.7596654740424726,false,57575,100033436,0.7596654740424726
253970,10018,0.7074095140155575,false,253970,10018,0.7074095140155575
253970,126353,0.8341878362637866,false,253970,126353,0.8341878362637866
253970,115019,0.7688675452414427,false,253970,115019,0.7688675452414427
33,767566,0.8307528352994329,false,33,767566,0.8307528352994329
33,503645,0.7973810875429924,false,33,503645,0.7973810875429924
33,201625,0.8043762338008873,false,33,201625,0.8043762338008873
33,26226,0.824398481876591,false,33,26226,0.824398481876591
767566,201625,0.7009492057044051,false,767566,201625,0.7009492057044051
767566,26226,0.72566043084075,false,767566,26226,0.72566043084075
1048,63924,0.9052086508758057,false,1048,63924,0.9052086508758057
1048,55808,0.8548265107216709,false,1048,55808,0.8548265107216709
63924,55808,0.8401319427821612,false,63924,55808,0.8401319427821612
503645,201625,0.7669580371665496,false,503645,201625,0.7669580371665496
503645,26226,0.8316240976820036,false,503645,26226,0.8316240976820036
10018,126353,0.7437194953334173,false,10018,126353,0.7437194953334173
10018,115019,0.7662467716886929,false,10018,115019,0.7662467716886929
126353,115019,0.9003543724650136,false,126353,115019,0.9003543724650136
201625,26226,0.8142266500237788,false,201625,26226,0.8142266500237788
