genes;condiciones
7780,163720,6440,3880;Primary1,Primary2,Primary3,Primary4,Primary5,Primary6,Primary7,Primary8,Primary9,Primary10,Primary11,Primary12,Primary13,Primary14,Primary15,Primary16,Primary17,Primary18,Primary19,Primary21,Primary22,Primary23
7780,56955,6440,3880;Primary1,Primary2,Primary3,Primary4,Primary5,Primary6,Primary7,Primary8,Primary9,Primary10,Primary11,Primary12,Primary13,Primary14,Primary15,Primary16,Primary17,Primary18,Primary19,Primary20,Primary22,Primary23
7780,155465,6440,3880;Primary1,Primary2,Primary3,Primary4,Primary5,Primary6,Primary7,Primary8,Primary9,Primary10,Primary11,Primary12,Primary13,Primary14,Primary15,Primary16,Primary17,Primary18,Primary19,Primary20,Primary22,Primary23
7780,6440,3880;Primary1,Primary2,Primary3,Primary4,Primary5,Primary6,Primary7,Primary8,Primary9,Primary10,Primary11,Primary12,Primary13,Primary14,Primary15,Primary16,Primary17,Primary18,Primary19,Primary20,Primary21,Primary22,Primary23
7780,1556,6440,3880;Primary2,Primary3,Primary4,Primary5,Primary6,Primary7,Primary8,Primary9,Primary10,Primary11,Primary12,Primary13,Primary14,Primary15,Primary16,Primary17,Primary18,Primary19,Primary20,Primary21,Primary22,Primary23
7780,9622;Primary1,Primary2,Primary3,Primary4,Primary5,Primary6,Primary8,Primary9,Primary10,Primary11,Primary12,Primary13,Primary14,Primary15,Primary16,Primary17,Primary18,Primary19,Primary20,Primary21,Primary22,Primary23
149465,57402,28824;Primary1,Primary2,Primary3,Primary5,Primary6,Primary7,Primary8,Primary9,Primary10,Primary11,Primary12,Primary13,Primary14,Primary15,Primary16,Primary17,Primary18,Primary19,Primary20,Primary21,Primary22,Primary23
149465,1510,28824;Primary1,Primary2,Primary3,Primary4,Primary5,Primary6,Primary7,Primary8,Primary10,Primary11,Primary12,Primary13,Primary14,Primary15,Primary16,Primary17,Primary18,Primary19,Primary20,Primary21,Primary22,Primary23
149465,4852;Primary1,Primary2,Primary3,Primary4,Primary6,Primary7,Primary8,Primary9,Primary10,Primary11,Primary12,Primary13,Primary14,Primary15,Primary16,Primary17,Primary18,Primary19,Primary20,Primary21,Primary22,Primary23
149465,109729127,28824;Primary1,Primary2,Primary3,Primary4,Primary5,Primary6,Primary7,Primary8,Primary9,Primary10,Primary11,Primary12,Primary13,Primary14,Primary15,Primary16,Primary17,Primary18,Primary19,Primary20,Primary21,Primary22,Primary23
149465,218,109729127,28824;Primary1,Primary2,Primary4,Primary5,Primary6,Primary7,Primary8,Primary9,Primary10,Primary11,Primary12,Primary13,Primary14,Primary15,Primary16,Primary17,Primary18,Primary19,Primary20,Primary21,Primary22,Primary23
128218,1580,632,1555,128602;Primary1,Primary2,Primary3,Primary4,Primary5,Primary7,Primary8,Primary9,Primary10,Primary11,Primary12,Primary13,Primary14,Primary15,Primary16,Primary17,Primary18,Primary19,Primary20,Primary21,Primary22,Primary23
128218,632,1555,128602;Primary1,Primary2,Primary3,Primary4,Primary5,Primary6,Primary7,Primary8,Primary9,Primary10,Primary11,Primary12,Primary13,Primary14,Primary15,Primary16,Primary17,Primary18,Primary19,Primary20,Primary21,Primary22,Primary23
128218,200373,632;Primary1,Primary2,Primary3,Primary4,Primary5,Primary6,Primary7,Primary8,Primary9,Primary10,Primary11,Primary12,Primary13,Primary14,Primary15,Primary16,Primary17,Primary18,Primary19,Primary20,Primary22,Primary23
128218,389376,632,1555,128602;Primary1,Primary2,Primary3,Primary4,Primary5,Primary6,Primary7,Primary8,Primary9,Primary10,Primary11,Primary12,Primary13,Primary14,Primary15,Primary17,Primary18,Primary19,Primary20,Primary21,Primary22,Primary23
128218,4852,632,24150,1555;Primary1,Primary2,Primary3,Primary4,Primary5,Primary6,Primary7,Primary8,Primary9,Primary10,Primary11,Primary12,Primary13,Primary14,Primary15,Primary16,Primary17,Primary18,Primary19,Primary20,Primary21,Primary22
128218,100133669,632,1555;Primary1,Primary2,Primary3,Primary4,Primary5,Primary6,Primary8,Primary9,Primary10,Primary11,Primary12,Primary13,Primary14,Primary15,Primary16,Primary17,Primary18,Primary19,Primary20,Primary21,Primary22,Primary23
128218,390083,632,24150,1555;Primary1,Primary2,Primary3,Primary4,Primary5,Primary6,Primary7,Primary8,Primary9,Primary10,Primary11,Primary12,Primary13,Primary14,Primary15,Primary16,Primary17,Primary18,Primary19,Primary20,Primary22,Primary23
128218,606,632,1555;Primary1,Primary2,Primary3,Primary4,Primary5,Primary6,Primary7,Primary9,Primary10,Primary11,Primary12,Primary13,Primary14,Primary15,Primary16,Primary17,Primary18,Primary19,Primary20,Primary21,Primary22,Primary23
128218,3249;Primary1,Primary2,Primary3,Primary4,Primary5,Primary6,Primary7,Primary8,Primary9,Primary10,Primary11,Primary12,Primary13,Primary14,Primary15,Primary16,Primary17,Primary18,Primary19,Primary20,Primary21,Primary22,Primary23
84842,6496;Primary1,Primary2,Primary3,Primary4,Primary5,Primary6,Primary7,Primary8,Primary9,Primary10,Primary11,Primary12,Primary14,Primary15,Primary16,Primary17,Primary18,Primary19,Primary20,Primary21,Primary22,Primary23
10103,6097;Primary1,Primary2,Primary4,Primary5,Primary6,Primary7,Primary8,Primary9,Primary10,Primary11,Primary12,Primary13,Primary14,Primary15,Primary16,Primary17,Primary18,Primary19,Primary20,Primary21,Primary22,Primary23
1580,79098,406969,112268422,4057,11148,306,3856,113218482,112268252,105372793;Primary1,Primary2,Primary3,Primary4,Primary5,Primary6,Primary7,Primary8,Primary9,Primary10,Primary11,Primary12,Primary13,Primary14,Primary15,Primary16,Primary17,Primary18,Primary19,Primary20,Primary21,Primary23
1580,388743,79098,11148,3856,113218482,112268252,6523;Primary1,Primary2,Primary3,Primary4,Primary5,Primary6,Primary7,Primary8,Primary9,Primary10,Primary11,Primary12,Primary13,Primary14,Primary15,Primary16,Primary17,Primary18,Primary19,Primary20,Primary21,Primary23
1580,201625,79098,112268422,4057,11148,131873,3856,113218482,112268252,105372793,6523,2277;Primary1,Primary2,Primary3,Primary4,Primary5,Primary6,Primary7,Primary8,Primary9,Primary10,Primary11,Primary12,Primary13,Primary14,Primary15,Primary16,Primary17,Primary18,Primary19,Primary20,Primary21,Primary23
1580,2125;Primary1,Primary2,Primary3,Primary4,Primary5,Primary6,Primary7,Primary8,Primary9,Primary10,Primary11,Primary12,Primary13,Primary14,Primary15,Primary17,Primary18,Primary19,Primary20,Primary21,Primary22,Primary23
1580,4680,406969,3856,112268252;Primary1,Primary2,Primary3,Primary4,Primary5,Primary6,Primary7,Primary8,Primary9,Primary10,Primary11,Primary12,Primary13,Primary14,Primary15,Primary16,Primary17,Primary18,Primary19,Primary20,Primary21,Primary23
163720,56955,6440,3880;Primary1,Primary2,Primary3,Primary4,Primary5,Primary6,Primary7,Primary8,Primary9,Primary10,Primary11,Primary12,Primary13,Primary14,Primary15,Primary16,Primary17,Primary18,Primary19,Primary21,Primary22,Primary23
163720,3929;Primary1,Primary2,Primary3,Primary4,Primary5,Primary6,Primary8,Primary9,Primary10,Primary11,Primary12,Primary13,Primary14,Primary15,Primary16,Primary17,Primary18,Primary19,Primary20,Primary21,Primary22,Primary23
1579,2327,63924,9370,100874095,5346,66002,1048;Primary1,Primary2,Primary3,Primary4,Primary5,Primary7,Primary8,Primary9,Primary10,Primary11,Primary12,Primary13,Primary14,Primary15,Primary16,Primary17,Primary18,Primary19,Primary20,Primary21,Primary22,Primary23
1579,1999,57110,5346,66002,1048;Primary1,Primary2,Primary3,Primary4,Primary5,Primary6,Primary8,Primary9,Primary10,Primary11,Primary12,Primary13,Primary14,Primary15,Primary16,Primary17,Primary18,Primary19,Primary20,Primary21,Primary22,Primary23
1579,6332,9370,100874095,563,5346,66002,1048;Primary1,Primary2,Primary3,Primary4,Primary5,Primary7,Primary8,Primary9,Primary10,Primary11,Primary12,Primary13,Primary14,Primary15,Primary16,Primary17,Primary18,Primary19,Primary20,Primary21,Primary22,Primary23
1579,63924,9370,100874095,563,5346,66002,1048;Primary1,Primary2,Primary3,Primary4,Primary5,Primary6,Primary7,Primary8,Primary9,Primary10,Primary11,Primary12,Primary13,Primary14,Primary15,Primary16,Primary17,Primary18,Primary19,Primary20,Primary21,Primary22,Primary23
1579,57110,9370,100874095,5346,66002,1048;Primary1,Primary2,Primary3,Primary4,Primary5,Primary6,Primary7,Primary8,Primary9,Primary10,Primary11,Primary12,Primary13,Primary14,Primary15,Primary16,Primary17,Primary18,Primary19,Primary20,Primary21,Primary22,Primary23
1579,730,63924,9370,100874095,563,5346,66002,1048;Primary1,Primary2,Primary3,Primary4,Primary6,Primary7,Primary8,Primary9,Primary10,Primary11,Primary12,Primary13,Primary14,Primary15,Primary16,Primary17,Primary18,Primary19,Primary20,Primary21,Primary22,Primary23
1579,79908,63924,9370,100874095,5346,66002,1048;Primary1,Primary3,Primary4,Primary5,Primary6,Primary7,Primary8,Primary9,Primary10,Primary11,Primary12,Primary13,Primary14,Primary15,Primary16,Primary17,Primary18,Primary19,Primary20,Primary21,Primary22,Primary23
1579,107984125,63924,9370,100874095,5346,55808,66002,1048;Primary1,Primary2,Primary3,Primary4,Primary5,Primary6,Primary7,Primary8,Primary9,Primary10,Primary11,Primary12,Primary13,Primary14,Primary15,Primary17,Primary18,Primary19,Primary20,Primary21,Primary22,Primary23
1579,55808,9370,100874095,5346,66002,1048;Primary1,Primary2,Primary3,Primary4,Primary5,Primary6,Primary7,Primary8,Primary9,Primary10,Primary11,Primary12,Primary13,Primary14,Primary15,Primary16,Primary17,Primary18,Primary19,Primary20,Primary21,Primary22,Primary23
1579,1556,1999,5346,66002,1048;Primary1,Primary2,Primary3,Primary4,Primary5,Primary6,Primary8,Primary9,Primary10,Primary11,Primary12,Primary13,Primary14,Primary15,Primary16,Primary17,Primary18,Primary19,Primary20,Primary21,Primary22,Primary23
440590,57402,115019,55289,256076,84525,353189,10595,126353;Primary1,Primary2,Primary3,Primary4,Primary5,Primary6,Primary7,Primary8,Primary9,Primary10,Primary11,Primary12,Primary14,Primary15,Primary16,Primary17,Primary18,Primary19,Primary20,Primary21,Primary22,Primary23
440590,55289,84525,353189,10595;Primary1,Primary2,Primary3,Primary4,Primary5,Primary6,Primary7,Primary8,Primary9,Primary10,Primary11,Primary12,Primary13,Primary14,Primary15,Primary16,Primary17,Primary18,Primary19,Primary20,Primary21,Primary22,Primary23
440590,107984498,115019,55289,84525,353189,10595,94025;Primary1,Primary2,Primary3,Primary4,Primary5,Primary7,Primary8,Primary9,Primary10,Primary11,Primary12,Primary13,Primary14,Primary15,Primary16,Primary17,Primary18,Primary19,Primary20,Primary21,Primary22,Primary23
440590,361,55289,84525,353189,10595;Primary1,Primary2,Primary3,Primary4,Primary5,Primary6,Primary7,Primary8,Primary9,Primary10,Primary11,Primary12,Primary13,Primary14,Primary15,Primary16,Primary17,Primary18,Primary19,Primary20,Primary21,Primary22
388633,10071,9228,114569,22943,22941,7080,284111,64073;Primary1,Primary2,Primary3,Primary4,Primary5,Primary6,Primary7,Primary8,Primary9,Primary10,Primary11,Primary12,Primary13,Primary14,Primary15,Primary16,Primary18,Primary19,Primary20,Primary21,Primary22,Primary23
388633,58524,114569,22943,22941,7080,284111,64073;Primary1,Primary2,Primary3,Primary4,Primary5,Primary6,Primary7,Primary8,Primary9,Primary10,Primary11,Primary12,Primary13,Primary14,Primary15,Primary16,Primary18,Primary19,Primary20,Primary21,Primary22,Primary23
388633,3229,114569,22943,22941,7080,284111,64073;Primary1,Primary2,Primary3,Primary4,Primary5,Primary6,Primary7,Primary8,Primary9,Primary10,Primary11,Primary12,Primary13,Primary14,Primary15,Primary16,Primary18,Primary19,Primary20,Primary21,Primary22,Primary23
388633,50964,10071,114569,22943,22941,7080,284111,64073;Primary1,Primary2,Primary3,Primary4,Primary5,Primary6,Primary7,Primary8,Primary9,Primary10,Primary11,Primary12,Primary13,Primary14,Primary15,Primary16,Primary18,Primary19,Primary20,Primary21,Primary22,Primary23
100996301,27022;Primary1,Primary2,Primary3,Primary4,Primary5,Primary6,Primary7,Primary8,Primary9,Primary10,Primary11,Primary12,Primary13,Primary14,Primary15,Primary16,Primary17,Primary18,Primary19,Primary20,Primary21,Primary22,Primary23
100996301,255928,27022;Primary1,Primary2,Primary3,Primary5,Primary6,Primary7,Primary8,Primary9,Primary10,Primary11,Primary12,Primary13,Primary14,Primary15,Primary16,Primary17,Primary18,Primary19,Primary20,Primary21,Primary22,Primary23
100996301,4062,27022;Primary1,Primary2,Primary3,Primary5,Primary6,Primary7,Primary8,Primary9,Primary10,Primary11,Primary12,Primary13,Primary14,Primary15,Primary16,Primary17,Primary18,Primary19,Primary20,Primary21,Primary22,Primary23
100996301,8153,27022,255928;Primary1,Primary2,Primary3,Primary4,Primary5,Primary6,Primary7,Primary8,Primary9,Primary10,Primary11,Primary12,Primary13,Primary14,Primary15,Primary16,Primary17,Primary18,Primary19,Primary21,Primary22,Primary23
27022,255928;Primary1,Primary2,Primary3,Primary4,Primary5,Primary6,Primary7,Primary8,Primary9,Primary10,Primary11,Primary12,Primary13,Primary14,Primary15,Primary16,Primary17,Primary18,Primary19,Primary20,Primary21,Primary22,Primary23
54112,115019;Primary1,Primary2,Primary3,Primary4,Primary5,Primary6,Primary7,Primary8,Primary9,Primary10,Primary11,Primary12,Primary13,Primary15,Primary16,Primary17,Primary18,Primary19,Primary20,Primary21,Primary22,Primary23
163479,1556;Primary1,Primary3,Primary4,Primary5,Primary6,Primary7,Primary8,Primary9,Primary10,Primary11,Primary12,Primary13,Primary14,Primary15,Primary16,Primary17,Primary18,Primary19,Primary20,Primary21,Primary22,Primary23
105371242,4852;Primary1,Primary2,Primary4,Primary5,Primary6,Primary7,Primary8,Primary9,Primary10,Primary11,Primary12,Primary13,Primary14,Primary15,Primary16,Primary17,Primary18,Primary19,Primary20,Primary21,Primary22,Primary23
57530,56896,100419743,5225,11081,246;Primary1,Primary2,Primary3,Primary4,Primary5,Primary6,Primary7,Primary8,Primary9,Primary10,Primary11,Primary12,Primary13,Primary14,Primary15,Primary16,Primary17,Primary18,Primary19,Primary20,Primary21,Primary22,Primary23
57530,6496,56896,100419743,5225,11081,246;Primary1,Primary2,Primary4,Primary5,Primary6,Primary7,Primary8,Primary9,Primary10,Primary11,Primary12,Primary13,Primary14,Primary15,Primary16,Primary17,Primary18,Primary19,Primary20,Primary21,Primary22,Primary23
57530,114569,56896,100419743,5225,11081,246;Primary1,Primary2,Primary3,Primary4,Primary5,Primary6,Primary7,Primary8,Primary9,Primary10,Primary11,Primary12,Primary13,Primary14,Primary16,Primary17,Primary18,Primary19,Primary20,Primary21,Primary22,Primary23
57530,100302161,56896,100419743,5225,11081,246;Primary1,Primary2,Primary3,Primary5,Primary6,Primary7,Primary8,Primary9,Primary10,Primary11,Primary12,Primary13,Primary14,Primary15,Primary16,Primary17,Primary18,Primary19,Primary20,Primary21,Primary22,Primary23
57530,399726,56896,100419743;Primary1,Primary3,Primary4,Primary5,Primary6,Primary7,Primary8,Primary9,Primary10,Primary11,Primary12,Primary13,Primary14,Primary15,Primary16,Primary17,Primary18,Primary19,Primary20,Primary21,Primary22,Primary23
57530,160728,56896,100419743,5225,100302161,11081,246;Primary1,Primary3,Primary4,Primary5,Primary6,Primary7,Primary8,Primary9,Primary10,Primary11,Primary12,Primary13,Primary14,Primary15,Primary16,Primary17,Primary18,Primary19,Primary20,Primary21,Primary22,Primary23
57530,27134,56896,100419743,5225,11081,160728,246;Primary1,Primary3,Primary4,Primary5,Primary6,Primary7,Primary8,Primary9,Primary10,Primary11,Primary12,Primary13,Primary14,Primary15,Primary16,Primary17,Primary18,Primary19,Primary20,Primary21,Primary22,Primary23
57530,4861,56896,100419743,5225,11081,246;Primary1,Primary2,Primary3,Primary4,Primary5,Primary6,Primary7,Primary8,Primary9,Primary10,Primary11,Primary12,Primary13,Primary14,Primary15,Primary16,Primary17,Primary19,Primary20,Primary21,Primary22,Primary23
6097,200407,54769,284266,54,10331,4318,109729184;Primary1,Primary2,Primary3,Primary4,Primary5,Primary6,Primary7,Primary8,Primary9,Primary10,Primary11,Primary12,Primary13,Primary14,Primary15,Primary16,Primary17,Primary18,Primary19,Primary20,Primary21,Primary23
6097,105374373,54769,4318,109729184;Primary1,Primary2,Primary3,Primary4,Primary5,Primary6,Primary7,Primary8,Primary9,Primary10,Primary11,Primary12,Primary13,Primary14,Primary15,Primary16,Primary17,Primary18,Primary19,Primary20,Primary21,Primary23
6097,389376,2208;Primary1,Primary2,Primary3,Primary4,Primary5,Primary6,Primary7,Primary8,Primary9,Primary10,Primary11,Primary12,Primary13,Primary14,Primary15,Primary16,Primary17,Primary18,Primary19,Primary20,Primary21,Primary22
6097,4852,375612;Primary1,Primary2,Primary3,Primary4,Primary5,Primary6,Primary7,Primary8,Primary9,Primary10,Primary11,Primary12,Primary13,Primary14,Primary15,Primary17,Primary18,Primary19,Primary20,Primary21,Primary22,Primary23
6097,24150;Primary1,Primary2,Primary3,Primary4,Primary5,Primary6,Primary7,Primary8,Primary9,Primary10,Primary11,Primary12,Primary13,Primary14,Primary15,Primary17,Primary18,Primary19,Primary20,Primary21,Primary22,Primary23
6097,6354,54769,284266,54,10331,4318,109729184;Primary1,Primary2,Primary3,Primary4,Primary5,Primary6,Primary7,Primary8,Primary9,Primary10,Primary11,Primary12,Primary13,Primary14,Primary15,Primary16,Primary17,Primary18,Primary19,Primary20,Primary21,Primary23
6097,128602;Primary1,Primary2,Primary3,Primary4,Primary5,Primary6,Primary7,Primary8,Primary9,Primary10,Primary11,Primary12,Primary13,Primary14,Primary15,Primary16,Primary17,Primary18,Primary19,Primary20,Primary21,Primary22
6097,4693;Primary1,Primary2,Primary3,Primary4,Primary5,Primary6,Primary7,Primary8,Primary9,Primary10,Primary11,Primary12,Primary13,Primary14,Primary15,Primary16,Primary17,Primary18,Primary19,Primary20,Primary22,Primary23
57402,115019,55289,256076,84525,353189,10595,126353;Primary1,Primary2,Primary3,Primary4,Primary5,Primary6,Primary7,Primary8,Primary9,Primary10,Primary11,Primary12,Primary13,Primary14,Primary15,Primary16,Primary17,Primary18,Primary19,Primary20,Primary21,Primary22,Primary23
57402,2160,353189,10595;Primary1,Primary2,Primary3,Primary4,Primary5,Primary6,Primary7,Primary8,Primary9,Primary10,Primary11,Primary12,Primary13,Primary14,Primary15,Primary16,Primary17,Primary18,Primary19,Primary20,Primary21,Primary22,Primary23
57402,107984498,115019,55289,256076,84525,353189,103504738,10595,126353,94025;Primary1,Primary2,Primary3,Primary4,Primary5,Primary7,Primary8,Primary9,Primary10,Primary11,Primary12,Primary13,Primary14,Primary15,Primary16,Primary17,Primary18,Primary19,Primary20,Primary21,Primary22,Primary23
57402,253970,115019,55289,256076,84525,2160,353189,10595,126353;Primary1,Primary2,Primary3,Primary4,Primary5,Primary6,Primary7,Primary8,Primary9,Primary10,Primary12,Primary13,Primary14,Primary15,Primary16,Primary17,Primary18,Primary19,Primary20,Primary21,Primary22,Primary23
57402,361,115019,55289,256076,84525,353189,10595;Primary1,Primary2,Primary3,Primary4,Primary5,Primary6,Primary7,Primary8,Primary9,Primary10,Primary11,Primary12,Primary13,Primary14,Primary15,Primary16,Primary17,Primary18,Primary19,Primary20,Primary21,Primary22
57111,56896,10568,448831,100419743,105,6441,441581,6751,1381,57524,4222,340596;Primary1,Primary2,Primary3,Primary4,Primary5,Primary6,Primary7,Primary9,Primary10,Primary11,Primary12,Primary13,Primary14,Primary15,Primary16,Primary17,Primary18,Primary19,Primary20,Primary21,Primary22,Primary23
57111,1746,10568,105,441581,6751,1381,4222,340596;Primary1,Primary2,Primary3,Primary4,Primary5,Primary6,Primary7,Primary8,Primary9,Primary10,Primary11,Primary12,Primary13,Primary14,Primary16,Primary17,Primary18,Primary19,Primary20,Primary21,Primary22,Primary23
57111,10568,105,441581,6751,1381,4222,340596;Primary1,Primary2,Primary3,Primary4,Primary5,Primary6,Primary7,Primary8,Primary9,Primary10,Primary11,Primary12,Primary13,Primary14,Primary15,Primary16,Primary17,Primary18,Primary19,Primary20,Primary21,Primary22,Primary23
57111,448831,105,6441,441581,6751,1381,4222,340596;Primary1,Primary2,Primary3,Primary4,Primary5,Primary6,Primary7,Primary8,Primary9,Primary10,Primary11,Primary12,Primary13,Primary14,Primary15,Primary16,Primary17,Primary18,Primary19,Primary20,Primary21,Primary22,Primary23
57111,222183,10568,1381;Primary1,Primary2,Primary3,Primary4,Primary5,Primary6,Primary7,Primary8,Primary9,Primary10,Primary11,Primary12,Primary13,Primary14,Primary15,Primary16,Primary17,Primary19,Primary20,Primary21,Primary22,Primary23
57111,4892,105,6441,441581,8091,1381,4222,340596;Primary1,Primary2,Primary3,Primary4,Primary5,Primary7,Primary8,Primary9,Primary10,Primary11,Primary12,Primary13,Primary14,Primary15,Primary16,Primary17,Primary18,Primary19,Primary20,Primary21,Primary22,Primary23
57111,8091,10568,448831,105,6441,441581,6751,1381,4222,340596;Primary1,Primary2,Primary3,Primary4,Primary5,Primary7,Primary8,Primary9,Primary10,Primary11,Primary12,Primary13,Primary14,Primary15,Primary16,Primary17,Primary18,Primary19,Primary20,Primary21,Primary22,Primary23
57111,100129940,10568;Primary1,Primary2,Primary3,Primary4,Primary5,Primary6,Primary7,Primary8,Primary9,Primary10,Primary11,Primary12,Primary13,Primary14,Primary15,Primary16,Primary17,Primary18,Primary19,Primary20,Primary21,Primary22,Primary23
632,1380,390083,24150,89765;Primary1,Primary2,Primary3,Primary4,Primary5,Primary6,Primary7,Primary9,Primary10,Primary11,Primary12,Primary13,Primary14,Primary15,Primary16,Primary17,Primary18,Primary19,Primary20,Primary21,Primary22,Primary23
632,390083,24150,1555;Primary1,Primary2,Primary3,Primary4,Primary5,Primary6,Primary7,Primary8,Primary9,Primary10,Primary11,Primary12,Primary13,Primary14,Primary15,Primary16,Primary17,Primary18,Primary19,Primary20,Primary21,Primary22,Primary23
632,196335,390083,9622;Primary1,Primary2,Primary3,Primary4,Primary5,Primary6,Primary7,Primary8,Primary9,Primary10,Primary11,Primary12,Primary13,Primary14,Primary15,Primary16,Primary17,Primary18,Primary19,Primary20,Primary21,Primary23
632,6928,1555;Primary1,Primary2,Primary3,Primary4,Primary5,Primary6,Primary7,Primary8,Primary9,Primary10,Primary11,Primary12,Primary13,Primary14,Primary15,Primary16,Primary17,Primary18,Primary20,Primary21,Primary22,Primary23
632,3249,128218,1555,128602;Primary1,Primary3,Primary4,Primary5,Primary6,Primary7,Primary8,Primary9,Primary10,Primary11,Primary12,Primary13,Primary14,Primary15,Primary16,Primary17,Primary18,Primary19,Primary20,Primary21,Primary22,Primary23
632,89765,390083,24150;Primary1,Primary2,Primary3,Primary4,Primary5,Primary6,Primary7,Primary8,Primary9,Primary10,Primary11,Primary12,Primary13,Primary14,Primary15,Primary16,Primary17,Primary18,Primary19,Primary20,Primary21,Primary22,Primary23
632,4693,390083,196335,24150,89765;Primary1,Primary2,Primary3,Primary4,Primary5,Primary6,Primary7,Primary8,Primary9,Primary10,Primary11,Primary12,Primary13,Primary14,Primary15,Primary16,Primary17,Primary18,Primary19,Primary20,Primary21,Primary22
284680,54769,284266,54,4318,109729184;Primary1,Primary2,Primary3,Primary4,Primary5,Primary6,Primary7,Primary8,Primary10,Primary11,Primary12,Primary13,Primary14,Primary15,Primary16,Primary17,Primary18,Primary19,Primary20,Primary21,Primary22,Primary23
2327,6332;Primary1,Primary2,Primary3,Primary4,Primary5,Primary6,Primary7,Primary8,Primary9,Primary10,Primary11,Primary12,Primary13,Primary14,Primary15,Primary16,Primary17,Primary18,Primary19,Primary20,Primary21,Primary22,Primary23
2327,131873;Primary2,Primary3,Primary4,Primary5,Primary6,Primary7,Primary8,Primary9,Primary10,Primary11,Primary12,Primary13,Primary14,Primary15,Primary16,Primary17,Primary18,Primary19,Primary20,Primary21,Primary22,Primary23
2327,730,63924,9370,100874095,5346,66002,1048;Primary1,Primary2,Primary3,Primary4,Primary5,Primary7,Primary8,Primary9,Primary10,Primary11,Primary12,Primary13,Primary14,Primary15,Primary16,Primary17,Primary18,Primary19,Primary20,Primary21,Primary22,Primary23
2327,107984406;Primary1,Primary2,Primary3,Primary4,Primary5,Primary6,Primary7,Primary8,Primary9,Primary10,Primary11,Primary12,Primary13,Primary14,Primary15,Primary16,Primary18,Primary19,Primary20,Primary21,Primary22,Primary23
2327,503640;Primary1,Primary2,Primary3,Primary4,Primary5,Primary6,Primary7,Primary8,Primary9,Primary10,Primary11,Primary12,Primary13,Primary14,Primary15,Primary16,Primary17,Primary18,Primary19,Primary20,Primary21,Primary22,Primary23
1999,56955,6440,3880,1556;Primary2,Primary3,Primary4,Primary5,Primary6,Primary7,Primary8,Primary9,Primary10,Primary11,Primary12,Primary13,Primary14,Primary15,Primary16,Primary17,Primary18,Primary19,Primary20,Primary21,Primary22,Primary23
1999,730,5346,66002,1048;Primary1,Primary2,Primary3,Primary4,Primary5,Primary6,Primary8,Primary9,Primary10,Primary11,Primary12,Primary13,Primary14,Primary15,Primary16,Primary17,Primary18,Primary19,Primary20,Primary21,Primary22,Primary23
1999,1770;Primary1,Primary2,Primary4,Primary5,Primary6,Primary7,Primary8,Primary9,Primary10,Primary11,Primary12,Primary13,Primary14,Primary15,Primary16,Primary17,Primary18,Primary19,Primary20,Primary21,Primary22,Primary23
1999,1556;Primary1,Primary2,Primary3,Primary4,Primary5,Primary6,Primary7,Primary8,Primary9,Primary10,Primary11,Primary12,Primary13,Primary14,Primary15,Primary16,Primary17,Primary18,Primary19,Primary20,Primary21,Primary22,Primary23
115019,79098,4057,11148,113218482,94025;Primary1,Primary2,Primary3,Primary5,Primary6,Primary7,Primary8,Primary9,Primary10,Primary11,Primary12,Primary13,Primary14,Primary15,Primary16,Primary17,Primary18,Primary19,Primary20,Primary21,Primary22,Primary23
115019,8395,107985317;Primary1,Primary2,Primary3,Primary4,Primary5,Primary6,Primary7,Primary9,Primary10,Primary11,Primary12,Primary13,Primary14,Primary15,Primary16,Primary17,Primary18,Primary19,Primary20,Primary21,Primary22,Primary23
115019,107984498,103504738;Primary1,Primary2,Primary3,Primary4,Primary5,Primary6,Primary7,Primary8,Primary9,Primary10,Primary11,Primary12,Primary13,Primary14,Primary15,Primary16,Primary17,Primary18,Primary19,Primary20,Primary21,Primary22,Primary23
115019,116844;Primary1,Primary2,Primary3,Primary5,Primary6,Primary7,Primary8,Primary9,Primary10,Primary11,Primary12,Primary13,Primary14,Primary15,Primary16,Primary17,Primary18,Primary19,Primary20,Primary21,Primary22,Primary23
115019,107985317,84525,353189,10595;Primary1,Primary2,Primary3,Primary4,Primary5,Primary6,Primary7,Primary9,Primary10,Primary11,Primary12,Primary13,Primary14,Primary15,Primary16,Primary17,Primary18,Primary19,Primary20,Primary21,Primary22,Primary23
1510,27074;Primary1,Primary2,Primary3,Primary4,Primary5,Primary6,Primary7,Primary8,Primary9,Primary10,Primary11,Primary12,Primary13,Primary14,Primary15,Primary17,Primary18,Primary19,Primary20,Primary21,Primary22,Primary23
5284,54848,6101;Primary1,Primary2,Primary3,Primary4,Primary5,Primary6,Primary7,Primary8,Primary9,Primary10,Primary11,Primary12,Primary13,Primary14,Primary15,Primary16,Primary17,Primary18,Primary20,Primary21,Primary22,Primary23
5284,728276,54854;Primary1,Primary2,Primary3,Primary4,Primary5,Primary6,Primary7,Primary8,Primary9,Primary10,Primary11,Primary12,Primary13,Primary14,Primary15,Primary16,Primary17,Primary18,Primary19,Primary21,Primary22,Primary23
5284,54854,6101;Primary1,Primary2,Primary3,Primary4,Primary5,Primary6,Primary7,Primary8,Primary9,Primary10,Primary11,Primary12,Primary13,Primary14,Primary15,Primary16,Primary17,Primary18,Primary20,Primary21,Primary22,Primary23
79098,406969,112268422,33,4057,11148,306,3856,113218482,112268252,105372793;Primary1,Primary2,Primary3,Primary4,Primary5,Primary6,Primary7,Primary8,Primary9,Primary10,Primary11,Primary12,Primary13,Primary14,Primary15,Primary16,Primary17,Primary18,Primary19,Primary20,Primary21,Primary22,Primary23
79098,388743,11148,3856,113218482,112268252,6523;Primary1,Primary2,Primary3,Primary4,Primary5,Primary6,Primary7,Primary8,Primary9,Primary10,Primary11,Primary12,Primary13,Primary14,Primary15,Primary16,Primary17,Primary18,Primary19,Primary20,Primary21,Primary22,Primary23
79098,6332,112268422,33,4057,201625,11148,131873,306,3856,113218482,112268252,105372793,6523;Primary2,Primary3,Primary4,Primary5,Primary6,Primary7,Primary8,Primary9,Primary10,Primary11,Primary12,Primary13,Primary14,Primary15,Primary16,Primary17,Primary18,Primary19,Primary20,Primary21,Primary22,Primary23
79098,201625,112268422,33,4057,11148,131873,3856,113218482,112268252,105372793,6523;Primary1,Primary2,Primary3,Primary4,Primary5,Primary6,Primary7,Primary8,Primary9,Primary10,Primary11,Primary12,Primary13,Primary14,Primary15,Primary16,Primary17,Primary18,Primary19,Primary20,Primary21,Primary22,Primary23
79098,65217,112268422,33,4057,11148,131873,3856,113218482,112268252;Primary1,Primary2,Primary3,Primary4,Primary5,Primary6,Primary7,Primary8,Primary9,Primary10,Primary11,Primary12,Primary13,Primary14,Primary15,Primary16,Primary17,Primary18,Primary19,Primary20,Primary21,Primary22,Primary23
79098,120892,112268422,6332,4057,201625,11148,113218482,112268252,105372793,6523;Primary2,Primary3,Primary4,Primary5,Primary6,Primary7,Primary8,Primary9,Primary10,Primary11,Primary12,Primary13,Primary14,Primary15,Primary16,Primary17,Primary18,Primary19,Primary20,Primary21,Primary22,Primary23
79098,8091,406969,112268422,33,4057,11148,306,65217,3856,113218482,112268252,388555,105372793;Primary1,Primary2,Primary3,Primary4,Primary5,Primary6,Primary7,Primary8,Primary9,Primary10,Primary11,Primary13,Primary14,Primary15,Primary16,Primary17,Primary18,Primary19,Primary20,Primary21,Primary22,Primary23
79098,767566,112268422,33,4057,11148,131873,306,65217,3856,113218482,112268252;Primary1,Primary2,Primary3,Primary4,Primary5,Primary6,Primary7,Primary9,Primary10,Primary11,Primary12,Primary13,Primary14,Primary15,Primary16,Primary17,Primary18,Primary19,Primary20,Primary21,Primary22,Primary23
79098,103504738,406969,112268422,4057,11148,306,3856,113218482,94025,112268252;Primary1,Primary2,Primary3,Primary5,Primary6,Primary7,Primary8,Primary9,Primary10,Primary11,Primary12,Primary13,Primary14,Primary15,Primary16,Primary17,Primary18,Primary19,Primary20,Primary21,Primary22,Primary23
79098,116844;Primary1,Primary2,Primary3,Primary4,Primary5,Primary6,Primary7,Primary8,Primary9,Primary10,Primary11,Primary12,Primary13,Primary14,Primary15,Primary16,Primary17,Primary18,Primary19,Primary20,Primary21,Primary22,Primary23
79098,4680,406969,112268422,33,4057,201625,11148,131873,3856,113218482,112268252,105372793;Primary1,Primary2,Primary3,Primary4,Primary5,Primary6,Primary7,Primary8,Primary9,Primary10,Primary11,Primary12,Primary13,Primary14,Primary16,Primary17,Primary18,Primary19,Primary20,Primary21,Primary22,Primary23
79098,388555,112268422,33,4057,11148,131873,306,3856,113218482,767566,112268252,6523;Primary1,Primary2,Primary3,Primary4,Primary5,Primary6,Primary7,Primary8,Primary9,Primary10,Primary12,Primary13,Primary14,Primary15,Primary16,Primary17,Primary18,Primary19,Primary20,Primary21,Primary22,Primary23
79098,28824,406969,112268422,4057,11148,306,3856,113218482,112268252,105372793;Primary1,Primary2,Primary3,Primary4,Primary6,Primary7,Primary8,Primary9,Primary10,Primary11,Primary12,Primary13,Primary14,Primary15,Primary16,Primary17,Primary18,Primary19,Primary20,Primary21,Primary22,Primary23
79098,2277,112268422,4057,11148,306,3856,113218482,112268252,105372793,6523;Primary1,Primary2,Primary3,Primary4,Primary5,Primary6,Primary7,Primary8,Primary9,Primary10,Primary11,Primary12,Primary13,Primary14,Primary15,Primary16,Primary17,Primary18,Primary19,Primary20,Primary21,Primary22,Primary23
79098,102466759,4057,11148,131873,306,113218482,112268252,6523;Primary1,Primary3,Primary4,Primary5,Primary6,Primary7,Primary8,Primary9,Primary10,Primary11,Primary12,Primary13,Primary14,Primary15,Primary16,Primary17,Primary18,Primary19,Primary20,Primary21,Primary22,Primary23
1380,196335,390083,24150,89765,4693;Primary1,Primary2,Primary3,Primary4,Primary5,Primary6,Primary7,Primary9,Primary10,Primary11,Primary12,Primary13,Primary14,Primary15,Primary16,Primary17,Primary18,Primary19,Primary20,Primary21,Primary22,Primary23
1380,10599;Primary1,Primary2,Primary3,Primary4,Primary5,Primary6,Primary7,Primary8,Primary9,Primary10,Primary11,Primary12,Primary14,Primary15,Primary16,Primary17,Primary18,Primary19,Primary20,Primary21,Primary22,Primary23
1380,606;Primary1,Primary2,Primary3,Primary4,Primary5,Primary6,Primary7,Primary8,Primary9,Primary10,Primary11,Primary12,Primary13,Primary14,Primary15,Primary16,Primary17,Primary18,Primary19,Primary20,Primary21,Primary22,Primary23
1380,24150,89765;Primary1,Primary2,Primary3,Primary4,Primary5,Primary6,Primary7,Primary8,Primary9,Primary10,Primary11,Primary12,Primary13,Primary14,Primary15,Primary16,Primary17,Primary18,Primary19,Primary20,Primary21,Primary22,Primary23
1380,766,606;Primary1,Primary2,Primary3,Primary4,Primary5,Primary6,Primary7,Primary8,Primary9,Primary10,Primary11,Primary12,Primary13,Primary14,Primary15,Primary16,Primary17,Primary18,Primary19,Primary20,Primary22,Primary23
255928,886,9211;Primary1,Primary2,Primary3,Primary4,Primary5,Primary6,Primary7,Primary8,Primary9,Primary10,Primary11,Primary13,Primary14,Primary15,Primary16,Primary17,Primary18,Primary19,Primary20,Primary21,Primary22,Primary23
255928,1515,57524,8153;Primary1,Primary2,Primary3,Primary4,Primary5,Primary6,Primary7,Primary8,Primary9,Primary10,Primary12,Primary13,Primary14,Primary15,Primary16,Primary17,Primary18,Primary19,Primary20,Primary21,Primary22,Primary23
255928,5544,7546;Primary1,Primary2,Primary4,Primary5,Primary6,Primary7,Primary8,Primary9,Primary10,Primary11,Primary12,Primary13,Primary14,Primary15,Primary16,Primary17,Primary18,Primary19,Primary20,Primary21,Primary22,Primary23
255928,5545,5544,7546;Primary1,Primary2,Primary3,Primary4,Primary5,Primary6,Primary8,Primary9,Primary10,Primary11,Primary12,Primary13,Primary14,Primary15,Primary16,Primary17,Primary18,Primary19,Primary20,Primary21,Primary22,Primary23
255928,7546,8153;Primary1,Primary2,Primary3,Primary4,Primary5,Primary6,Primary7,Primary8,Primary9,Primary10,Primary11,Primary12,Primary13,Primary14,Primary15,Primary16,Primary17,Primary18,Primary19,Primary20,Primary21,Primary22,Primary23
255928,7080,7546,8153;Primary1,Primary2,Primary3,Primary4,Primary5,Primary6,Primary7,Primary8,Primary9,Primary10,Primary11,Primary12,Primary13,Primary14,Primary16,Primary17,Primary18,Primary19,Primary20,Primary21,Primary22,Primary23
255928,767567,7546,8153;Primary1,Primary2,Primary3,Primary4,Primary5,Primary6,Primary7,Primary8,Primary9,Primary10,Primary11,Primary12,Primary13,Primary15,Primary16,Primary17,Primary18,Primary19,Primary20,Primary21,Primary22,Primary23
255928,255189;Primary1,Primary2,Primary3,Primary4,Primary5,Primary6,Primary7,Primary8,Primary9,Primary10,Primary11,Primary12,Primary13,Primary14,Primary15,Primary16,Primary17,Primary18,Primary19,Primary20,Primary22,Primary23
255928,1381,7546,57524,8153;Primary1,Primary2,Primary3,Primary4,Primary5,Primary6,Primary7,Primary8,Primary9,Primary10,Primary12,Primary13,Primary14,Primary15,Primary16,Primary17,Primary18,Primary19,Primary20,Primary21,Primary22,Primary23
255928,3219;Primary1,Primary2,Primary3,Primary4,Primary5,Primary7,Primary8,Primary9,Primary10,Primary11,Primary12,Primary13,Primary14,Primary15,Primary16,Primary17,Primary18,Primary19,Primary20,Primary21,Primary22,Primary23
255928,3780,7546,8153;Primary1,Primary2,Primary3,Primary4,Primary5,Primary6,Primary7,Primary9,Primary10,Primary11,Primary12,Primary13,Primary14,Primary15,Primary16,Primary17,Primary18,Primary19,Primary20,Primary21,Primary22,Primary23
255928,54084,8153;Primary1,Primary2,Primary3,Primary4,Primary5,Primary6,Primary7,Primary8,Primary9,Primary10,Primary11,Primary13,Primary14,Primary15,Primary16,Primary17,Primary18,Primary19,Primary20,Primary21,Primary22,Primary23
406969,388743,79098,4057,11148,3856,113218482,112268252,6523;Primary2,Primary3,Primary4,Primary5,Primary6,Primary7,Primary8,Primary9,Primary10,Primary11,Primary12,Primary13,Primary14,Primary15,Primary16,Primary17,Primary18,Primary19,Primary20,Primary21,Primary22,Primary23
406969,201625,79098,112268422,33,4057,11148,131873,306,3856,113218482,112268252,105372793,6523;Primary1,Primary2,Primary3,Primary4,Primary5,Primary6,Primary7,Primary9,Primary10,Primary11,Primary12,Primary13,Primary14,Primary15,Primary16,Primary17,Primary18,Primary19,Primary20,Primary21,Primary22,Primary23
406969,1767,388743,4680;Primary2,Primary3,Primary4,Primary5,Primary6,Primary7,Primary8,Primary9,Primary10,Primary11,Primary12,Primary13,Primary14,Primary15,Primary16,Primary17,Primary18,Primary19,Primary20,Primary21,Primary22,Primary23
406969,9228,4057,4680;Primary1,Primary2,Primary3,Primary4,Primary5,Primary6,Primary7,Primary8,Primary9,Primary10,Primary11,Primary12,Primary13,Primary14,Primary16,Primary17,Primary18,Primary19,Primary20,Primary21,Primary22,Primary23
406969,65217,79098,112268422,33,4057,11148,131873,306,3856,113218482,112268252;Primary1,Primary2,Primary3,Primary4,Primary5,Primary6,Primary7,Primary9,Primary10,Primary11,Primary12,Primary13,Primary14,Primary15,Primary16,Primary17,Primary18,Primary19,Primary20,Primary21,Primary22,Primary23
406969,767566,33,4057,11148,306,113218482,112268252;Primary1,Primary2,Primary3,Primary4,Primary5,Primary6,Primary7,Primary8,Primary9,Primary10,Primary11,Primary12,Primary13,Primary14,Primary15,Primary16,Primary17,Primary18,Primary19,Primary20,Primary21,Primary22,Primary23
406969,4680,112268252;Primary1,Primary2,Primary3,Primary4,Primary5,Primary6,Primary7,Primary8,Primary9,Primary10,Primary11,Primary12,Primary13,Primary14,Primary15,Primary16,Primary17,Primary18,Primary19,Primary20,Primary21,Primary22,Primary23
406969,6523,79098,388743,4057,11148,3856,113218482,112268252;Primary1,Primary2,Primary3,Primary4,Primary5,Primary6,Primary7,Primary9,Primary10,Primary11,Primary12,Primary13,Primary14,Primary15,Primary16,Primary17,Primary18,Primary19,Primary20,Primary21,Primary22,Primary23
406969,2277,79098,112268422,33,4057,11148,306,3856,113218482,112268252,105372793,6523;Primary1,Primary2,Primary3,Primary4,Primary5,Primary6,Primary7,Primary9,Primary10,Primary11,Primary12,Primary13,Primary14,Primary15,Primary16,Primary17,Primary18,Primary19,Primary20,Primary21,Primary22,Primary23
388743,6332,120892,6523;Primary1,Primary2,Primary3,Primary4,Primary5,Primary6,Primary7,Primary8,Primary9,Primary10,Primary11,Primary12,Primary13,Primary14,Primary16,Primary17,Primary18,Primary19,Primary20,Primary21,Primary22,Primary23
388743,33,79098,4057,201625,11148,131873,3856,113218482,4680,112268252,6523;Primary1,Primary2,Primary3,Primary4,Primary5,Primary6,Primary7,Primary8,Primary9,Primary10,Primary11,Primary12,Primary13,Primary14,Primary16,Primary17,Primary18,Primary19,Primary20,Primary21,Primary22,Primary23
388743,306,79098,33,4057,11148,131873,3856,113218482,4680,112268252,6523;Primary1,Primary2,Primary3,Primary4,Primary5,Primary6,Primary7,Primary8,Primary9,Primary10,Primary11,Primary12,Primary13,Primary14,Primary16,Primary17,Primary18,Primary19,Primary20,Primary21,Primary22,Primary23
388743,1767;Primary1,Primary2,Primary3,Primary4,Primary5,Primary6,Primary7,Primary8,Primary9,Primary10,Primary11,Primary12,Primary13,Primary14,Primary15,Primary16,Primary17,Primary18,Primary19,Primary20,Primary21,Primary22,Primary23
388743,6337,5349,4680;Primary1,Primary2,Primary3,Primary4,Primary5,Primary6,Primary7,Primary8,Primary9,Primary10,Primary11,Primary12,Primary13,Primary14,Primary15,Primary16,Primary17,Primary18,Primary19,Primary20,Primary21,Primary22,Primary23
388743,103504738,79098,11148,3856,113218482,94025,112268252,6523;Primary1,Primary2,Primary3,Primary5,Primary6,Primary7,Primary8,Primary9,Primary10,Primary11,Primary12,Primary13,Primary14,Primary15,Primary16,Primary17,Primary18,Primary19,Primary20,Primary21,Primary22,Primary23
56896,654412,100419743,160728,246;Primary1,Primary2,Primary3,Primary4,Primary5,Primary6,Primary7,Primary8,Primary9,Primary11,Primary12,Primary13,Primary14,Primary15,Primary16,Primary17,Primary18,Primary19,Primary20,Primary21,Primary22,Primary23
56896,401089;Primary1,Primary2,Primary3,Primary4,Primary5,Primary6,Primary7,Primary8,Primary10,Primary11,Primary12,Primary13,Primary14,Primary15,Primary16,Primary17,Primary18,Primary19,Primary20,Primary21,Primary22,Primary23
56896,79740,100419743,11081,246;Primary1,Primary2,Primary3,Primary4,Primary5,Primary6,Primary8,Primary9,Primary10,Primary11,Primary12,Primary13,Primary14,Primary15,Primary16,Primary17,Primary18,Primary19,Primary20,Primary21,Primary22,Primary23
56896,441151,100419743,5225,11081,160728,246,27134;Primary1,Primary2,Primary3,Primary4,Primary5,Primary6,Primary7,Primary8,Primary9,Primary10,Primary12,Primary13,Primary14,Primary15,Primary16,Primary17,Primary18,Primary19,Primary20,Primary21,Primary22,Primary23
56896,100302161,100419743,5225,11081,160728,246;Primary1,Primary2,Primary3,Primary4,Primary5,Primary6,Primary7,Primary8,Primary9,Primary10,Primary11,Primary12,Primary13,Primary14,Primary15,Primary16,Primary17,Primary18,Primary19,Primary20,Primary21,Primary22,Primary23
56896,1515,100419743,399726;Primary1,Primary2,Primary3,Primary4,Primary5,Primary6,Primary7,Primary8,Primary9,Primary10,Primary11,Primary12,Primary13,Primary14,Primary15,Primary16,Primary17,Primary18,Primary19,Primary20,Primary21,Primary22,Primary23
56896,4892,100419743,1515,105,441581,6751,1381,57524,4222,340596;Primary1,Primary2,Primary3,Primary4,Primary5,Primary6,Primary7,Primary9,Primary10,Primary11,Primary12,Primary13,Primary14,Primary15,Primary16,Primary17,Primary18,Primary19,Primary20,Primary21,Primary22,Primary23
56896,7546,10568,100419743,105,57524,4222,340596;Primary1,Primary2,Primary3,Primary4,Primary5,Primary6,Primary7,Primary9,Primary10,Primary11,Primary12,Primary13,Primary14,Primary15,Primary16,Primary17,Primary18,Primary19,Primary20,Primary21,Primary22,Primary23
56896,7080,1515,399726,3780;Primary1,Primary2,Primary3,Primary4,Primary5,Primary6,Primary7,Primary8,Primary9,Primary10,Primary11,Primary12,Primary13,Primary14,Primary16,Primary17,Primary18,Primary19,Primary20,Primary21,Primary22,Primary23
56896,1381,100419743,5225,100302161,11081,160728,246;Primary1,Primary2,Primary3,Primary4,Primary5,Primary6,Primary7,Primary8,Primary9,Primary10,Primary11,Primary13,Primary14,Primary15,Primary16,Primary17,Primary18,Primary19,Primary20,Primary21,Primary22,Primary23
56896,21,100419743,114569,100302161,11081,246;Primary1,Primary2,Primary3,Primary4,Primary5,Primary6,Primary7,Primary8,Primary9,Primary10,Primary11,Primary12,Primary13,Primary14,Primary16,Primary17,Primary18,Primary19,Primary20,Primary21,Primary22,Primary23
56896,284111,100419743,5225,114569,100302161,11081,160728,246;Primary1,Primary2,Primary3,Primary4,Primary5,Primary6,Primary7,Primary8,Primary9,Primary10,Primary11,Primary12,Primary13,Primary14,Primary16,Primary17,Primary18,Primary19,Primary20,Primary21,Primary22,Primary23
56896,8153,100419743,1515,4892,7546,57524,4222,340596;Primary1,Primary2,Primary3,Primary4,Primary5,Primary6,Primary7,Primary9,Primary10,Primary11,Primary12,Primary13,Primary14,Primary15,Primary16,Primary17,Primary18,Primary19,Primary20,Primary21,Primary22,Primary23
56896,27134,100419743,5225,11081,160728,246;Primary1,Primary2,Primary3,Primary4,Primary5,Primary6,Primary7,Primary8,Primary9,Primary10,Primary11,Primary12,Primary13,Primary14,Primary15,Primary16,Primary17,Primary18,Primary19,Primary20,Primary21,Primary22,Primary23
56896,3780,100419743,1515;Primary1,Primary2,Primary3,Primary4,Primary5,Primary6,Primary7,Primary8,Primary9,Primary10,Primary11,Primary12,Primary13,Primary14,Primary15,Primary16,Primary17,Primary18,Primary19,Primary20,Primary21,Primary22,Primary23
56896,54084,100419743,5225,100302161,11081,246;Primary1,Primary2,Primary3,Primary4,Primary5,Primary6,Primary7,Primary8,Primary9,Primary10,Primary12,Primary13,Primary14,Primary15,Primary16,Primary17,Primary18,Primary19,Primary20,Primary21,Primary22,Primary23
6496,117156,646480,112577518,218;Primary1,Primary2,Primary3,Primary4,Primary5,Primary6,Primary7,Primary9,Primary10,Primary11,Primary12,Primary13,Primary14,Primary15,Primary16,Primary17,Primary18,Primary19,Primary20,Primary21,Primary22,Primary23
6496,114569;Primary1,Primary2,Primary3,Primary4,Primary5,Primary6,Primary7,Primary8,Primary9,Primary10,Primary11,Primary12,Primary13,Primary14,Primary16,Primary17,Primary18,Primary19,Primary20,Primary21,Primary22,Primary23
6496,100302161,56896,100419743,5225,11081,160728,246;Primary1,Primary2,Primary4,Primary5,Primary6,Primary7,Primary8,Primary9,Primary10,Primary11,Primary12,Primary13,Primary14,Primary15,Primary16,Primary17,Primary18,Primary19,Primary20,Primary21,Primary22,Primary23
6496,85349,117156,646480,1770,218;Primary1,Primary2,Primary3,Primary4,Primary5,Primary6,Primary7,Primary9,Primary10,Primary11,Primary12,Primary13,Primary14,Primary15,Primary16,Primary17,Primary18,Primary19,Primary20,Primary21,Primary22,Primary23
6496,6532;Primary1,Primary2,Primary3,Primary4,Primary5,Primary6,Primary7,Primary8,Primary9,Primary10,Primary11,Primary12,Primary13,Primary14,Primary15,Primary16,Primary17,Primary18,Primary19,Primary20,Primary21,Primary22,Primary23
6496,27134,56896,100419743,5225,11081,160728,246;Primary1,Primary2,Primary4,Primary5,Primary6,Primary7,Primary8,Primary9,Primary10,Primary11,Primary12,Primary13,Primary14,Primary15,Primary16,Primary17,Primary18,Primary19,Primary20,Primary21,Primary22,Primary23
6496,4861,100419743,11081,246;Primary1,Primary2,Primary4,Primary5,Primary6,Primary7,Primary8,Primary9,Primary10,Primary11,Primary12,Primary13,Primary14,Primary15,Primary16,Primary17,Primary18,Primary19,Primary20,Primary21,Primary22,Primary23
200407,4852,54769,284266,54,10331,4318,109729184;Primary1,Primary2,Primary3,Primary4,Primary5,Primary6,Primary7,Primary8,Primary9,Primary10,Primary11,Primary12,Primary13,Primary14,Primary15,Primary17,Primary18,Primary19,Primary20,Primary21,Primary22,Primary23
200407,54769,284266,54,10331,4318,109729184;Primary1,Primary2,Primary3,Primary4,Primary5,Primary6,Primary7,Primary8,Primary9,Primary10,Primary11,Primary12,Primary13,Primary14,Primary15,Primary16,Primary17,Primary18,Primary19,Primary20,Primary21,Primary22,Primary23
200407,4693;Primary1,Primary2,Primary3,Primary4,Primary5,Primary6,Primary7,Primary8,Primary9,Primary10,Primary11,Primary12,Primary13,Primary14,Primary15,Primary16,Primary17,Primary18,Primary19,Primary20,Primary21,Primary22,Primary23
9173,28824;Primary1,Primary2,Primary3,Primary4,Primary5,Primary7,Primary8,Primary9,Primary10,Primary11,Primary12,Primary13,Primary14,Primary15,Primary16,Primary17,Primary18,Primary19,Primary20,Primary21,Primary22,Primary23
9173,26609;Primary1,Primary2,Primary3,Primary4,Primary5,Primary6,Primary7,Primary8,Primary9,Primary10,Primary11,Primary12,Primary13,Primary14,Primary15,Primary16,Primary17,Primary19,Primary20,Primary21,Primary22,Primary23
9173,102466759;Primary1,Primary2,Primary3,Primary4,Primary6,Primary7,Primary8,Primary9,Primary10,Primary11,Primary12,Primary13,Primary14,Primary15,Primary16,Primary17,Primary18,Primary19,Primary20,Primary21,Primary22,Primary23
55289,107985317,84525,353189;Primary1,Primary2,Primary3,Primary4,Primary5,Primary6,Primary7,Primary8,Primary9,Primary10,Primary11,Primary12,Primary13,Primary14,Primary15,Primary16,Primary17,Primary18,Primary19,Primary20,Primary21,Primary22
112268422,646480,1770,218;Primary1,Primary2,Primary3,Primary4,Primary5,Primary7,Primary8,Primary9,Primary10,Primary11,Primary12,Primary13,Primary14,Primary15,Primary16,Primary17,Primary18,Primary19,Primary20,Primary21,Primary22,Primary23
112268422,399949;Primary1,Primary2,Primary3,Primary4,Primary5,Primary6,Primary7,Primary8,Primary9,Primary11,Primary12,Primary13,Primary14,Primary15,Primary16,Primary17,Primary18,Primary19,Primary20,Primary21,Primary22,Primary23
112268422,107984498,4057,11148,306,3856,113218482,94025,112268252,105372793,2277;Primary1,Primary2,Primary3,Primary5,Primary6,Primary7,Primary8,Primary9,Primary10,Primary11,Primary12,Primary13,Primary14,Primary15,Primary16,Primary17,Primary18,Primary19,Primary20,Primary21,Primary22,Primary23
112268422,767566,406969,33,4057,11148,306,113218482,112268252,105372793;Primary1,Primary2,Primary4,Primary5,Primary6,Primary7,Primary8,Primary9,Primary10,Primary11,Primary12,Primary13,Primary14,Primary15,Primary16,Primary17,Primary18,Primary19,Primary20,Primary21,Primary22,Primary23
112268422,400578,201625,105372793;Primary1,Primary2,Primary3,Primary4,Primary5,Primary6,Primary8,Primary9,Primary10,Primary11,Primary12,Primary13,Primary14,Primary15,Primary16,Primary17,Primary18,Primary19,Primary20,Primary21,Primary22,Primary23
112268422,503640,120892,105372793,2277;Primary2,Primary3,Primary4,Primary5,Primary6,Primary7,Primary8,Primary9,Primary10,Primary11,Primary12,Primary13,Primary14,Primary15,Primary16,Primary17,Primary18,Primary19,Primary20,Primary21,Primary22,Primary23
112268422,284434,120892,105372793;Primary2,Primary3,Primary4,Primary5,Primary6,Primary7,Primary8,Primary9,Primary10,Primary11,Primary12,Primary13,Primary14,Primary15,Primary16,Primary17,Primary18,Primary19,Primary20,Primary21,Primary22,Primary23
112268422,102466759,4057,11148,131873,306,113218482,112268252,2277;Primary1,Primary2,Primary4,Primary5,Primary6,Primary7,Primary8,Primary9,Primary10,Primary11,Primary12,Primary13,Primary14,Primary15,Primary16,Primary17,Primary18,Primary19,Primary20,Primary21,Primary22,Primary23
200373,196335,9622;Primary1,Primary2,Primary3,Primary4,Primary5,Primary6,Primary7,Primary8,Primary9,Primary10,Primary11,Primary12,Primary13,Primary14,Primary15,Primary16,Primary17,Primary18,Primary19,Primary20,Primary21,Primary22
200373,10599,9622;Primary1,Primary2,Primary3,Primary4,Primary5,Primary6,Primary7,Primary8,Primary9,Primary10,Primary11,Primary12,Primary14,Primary15,Primary16,Primary17,Primary18,Primary19,Primary20,Primary21,Primary22,Primary23
200373,5053,9622;Primary1,Primary2,Primary3,Primary4,Primary5,Primary6,Primary7,Primary8,Primary9,Primary10,Primary11,Primary12,Primary13,Primary14,Primary15,Primary16,Primary17,Primary18,Primary19,Primary20,Primary21,Primary22,Primary23
200373,255189,5053,128674;Primary1,Primary2,Primary3,Primary4,Primary5,Primary6,Primary7,Primary8,Primary9,Primary10,Primary11,Primary12,Primary13,Primary14,Primary15,Primary16,Primary17,Primary18,Primary19,Primary20,Primary21,Primary23
200373,6928;Primary1,Primary2,Primary3,Primary4,Primary5,Primary6,Primary7,Primary8,Primary9,Primary10,Primary11,Primary12,Primary13,Primary14,Primary15,Primary16,Primary17,Primary18,Primary20,Primary21,Primary22,Primary23
200373,4693,196335;Primary1,Primary2,Primary3,Primary4,Primary5,Primary6,Primary7,Primary8,Primary9,Primary10,Primary11,Primary12,Primary13,Primary14,Primary15,Primary16,Primary17,Primary18,Primary19,Primary20,Primary21,Primary22
80122,131873;Primary1,Primary2,Primary3,Primary4,Primary5,Primary6,Primary7,Primary8,Primary9,Primary10,Primary11,Primary12,Primary13,Primary14,Primary15,Primary17,Primary18,Primary19,Primary20,Primary21,Primary22,Primary23
80122,399949;Primary1,Primary2,Primary3,Primary4,Primary5,Primary6,Primary7,Primary8,Primary9,Primary10,Primary11,Primary12,Primary13,Primary14,Primary15,Primary17,Primary18,Primary19,Primary20,Primary21,Primary22,Primary23
3694,2922;Primary1,Primary2,Primary3,Primary4,Primary5,Primary6,Primary7,Primary8,Primary9,Primary10,Primary11,Primary12,Primary13,Primary14,Primary15,Primary17,Primary18,Primary19,Primary20,Primary21,Primary22,Primary23
3694,246100,1485;Primary1,Primary2,Primary3,Primary4,Primary5,Primary6,Primary7,Primary8,Primary9,Primary11,Primary12,Primary13,Primary14,Primary15,Primary16,Primary17,Primary18,Primary19,Primary20,Primary21,Primary22,Primary23
6332,730,9370,100874095,563,5346,66002,1048;Primary1,Primary2,Primary3,Primary4,Primary5,Primary7,Primary8,Primary9,Primary10,Primary11,Primary12,Primary13,Primary14,Primary15,Primary16,Primary17,Primary18,Primary19,Primary20,Primary21,Primary22,Primary23
6332,641384,284434;Primary1,Primary2,Primary3,Primary4,Primary5,Primary6,Primary7,Primary9,Primary10,Primary11,Primary12,Primary13,Primary14,Primary15,Primary16,Primary17,Primary18,Primary19,Primary20,Primary21,Primary22,Primary23
6332,65217,79098,112268422,33,4057,11148,131873,306,3856,113218482,112268252,6523;Primary2,Primary3,Primary4,Primary5,Primary6,Primary7,Primary8,Primary9,Primary10,Primary11,Primary12,Primary13,Primary14,Primary15,Primary16,Primary17,Primary18,Primary19,Primary20,Primary21,Primary22,Primary23
6332,4317;Primary1,Primary3,Primary4,Primary5,Primary6,Primary7,Primary8,Primary9,Primary10,Primary11,Primary12,Primary13,Primary14,Primary15,Primary16,Primary17,Primary18,Primary19,Primary20,Primary21,Primary22,Primary23
6332,120892,284434;Primary1,Primary2,Primary3,Primary4,Primary5,Primary6,Primary7,Primary8,Primary9,Primary10,Primary11,Primary12,Primary13,Primary14,Primary15,Primary16,Primary17,Primary18,Primary19,Primary20,Primary21,Primary22,Primary23
6332,146177;Primary1,Primary2,Primary3,Primary4,Primary5,Primary6,Primary7,Primary8,Primary9,Primary10,Primary11,Primary12,Primary13,Primary14,Primary15,Primary16,Primary17,Primary18,Primary19,Primary20,Primary21,Primary22,Primary23
6332,999;Primary1,Primary2,Primary3,Primary4,Primary5,Primary6,Primary7,Primary8,Primary9,Primary10,Primary11,Primary12,Primary13,Primary14,Primary16,Primary17,Primary18,Primary19,Primary20,Primary21,Primary22,Primary23
6332,503640,2327;Primary1,Primary3,Primary4,Primary5,Primary6,Primary7,Primary8,Primary9,Primary10,Primary11,Primary12,Primary13,Primary14,Primary15,Primary16,Primary17,Primary18,Primary19,Primary20,Primary21,Primary22,Primary23
6332,5349,388743;Primary1,Primary2,Primary3,Primary4,Primary5,Primary6,Primary7,Primary8,Primary9,Primary10,Primary11,Primary12,Primary13,Primary14,Primary16,Primary17,Primary18,Primary19,Primary20,Primary21,Primary22,Primary23
6332,388555,33,4057,11148,131873,306,65217,3856,113218482,112268252;Primary2,Primary3,Primary4,Primary5,Primary6,Primary7,Primary8,Primary9,Primary10,Primary11,Primary12,Primary13,Primary14,Primary15,Primary16,Primary17,Primary18,Primary19,Primary20,Primary21,Primary22,Primary23
1746,448831,57111,105,6441,441581,6751,1381,4222,340596;Primary1,Primary2,Primary3,Primary4,Primary5,Primary6,Primary7,Primary8,Primary9,Primary10,Primary11,Primary12,Primary13,Primary14,Primary16,Primary17,Primary18,Primary19,Primary20,Primary21,Primary22,Primary23
1746,10071,9228,114569,22943,22941,3229,7080,284111,64073;Primary1,Primary2,Primary3,Primary4,Primary5,Primary6,Primary7,Primary8,Primary9,Primary10,Primary11,Primary13,Primary14,Primary15,Primary16,Primary17,Primary18,Primary19,Primary20,Primary21,Primary22,Primary23
1746,58524,114569,22943,22941,3229,7080,284111,64073;Primary1,Primary2,Primary3,Primary4,Primary5,Primary6,Primary7,Primary8,Primary9,Primary10,Primary11,Primary13,Primary14,Primary15,Primary16,Primary17,Primary18,Primary19,Primary20,Primary21,Primary22,Primary23
1746,1515,4222;Primary1,Primary2,Primary3,Primary4,Primary5,Primary6,Primary7,Primary9,Primary10,Primary11,Primary12,Primary13,Primary14,Primary15,Primary16,Primary17,Primary18,Primary19,Primary20,Primary21,Primary22,Primary23
1746,729238,3229,7080;Primary1,Primary2,Primary3,Primary4,Primary5,Primary6,Primary7,Primary8,Primary9,Primary10,Primary11,Primary13,Primary14,Primary15,Primary16,Primary17,Primary18,Primary19,Primary20,Primary21,Primary22,Primary23
1746,4892,105,441581,6751,1381,57524,4222,340596;Primary1,Primary2,Primary3,Primary4,Primary5,Primary6,Primary7,Primary8,Primary9,Primary10,Primary11,Primary12,Primary13,Primary14,Primary16,Primary17,Primary18,Primary19,Primary20,Primary21,Primary22,Primary23
1746,3229;Primary1,Primary2,Primary3,Primary4,Primary5,Primary6,Primary7,Primary8,Primary9,Primary10,Primary11,Primary12,Primary13,Primary14,Primary15,Primary16,Primary17,Primary18,Primary19,Primary20,Primary21,Primary22,Primary23
1746,7546,10568,3229,1381,57524,4222,340596;Primary1,Primary2,Primary3,Primary4,Primary5,Primary6,Primary7,Primary8,Primary9,Primary10,Primary11,Primary12,Primary13,Primary14,Primary16,Primary17,Primary18,Primary19,Primary20,Primary21,Primary22,Primary23
1746,57524,10568,105,441581,3229,6751,1381,4222,340596;Primary1,Primary2,Primary3,Primary4,Primary5,Primary6,Primary7,Primary8,Primary9,Primary10,Primary11,Primary12,Primary13,Primary14,Primary16,Primary17,Primary18,Primary19,Primary20,Primary21,Primary22,Primary23
1746,8153,1515,3229,7546,57524;Primary1,Primary2,Primary3,Primary4,Primary5,Primary6,Primary7,Primary8,Primary9,Primary10,Primary11,Primary12,Primary13,Primary14,Primary16,Primary17,Primary18,Primary19,Primary20,Primary21,Primary22,Primary23
1746,4222;Primary1,Primary2,Primary3,Primary4,Primary5,Primary6,Primary7,Primary8,Primary9,Primary10,Primary11,Primary12,Primary13,Primary14,Primary15,Primary16,Primary17,Primary18,Primary19,Primary20,Primary21,Primary22,Primary23
1746,50964,10071,114569,22943,22941,3229,7080,284111,64073;Primary1,Primary2,Primary3,Primary4,Primary5,Primary6,Primary7,Primary8,Primary9,Primary10,Primary11,Primary13,Primary14,Primary15,Primary16,Primary17,Primary18,Primary19,Primary20,Primary21,Primary22,Primary23
33,10529;Primary1,Primary2,Primary3,Primary4,Primary5,Primary7,Primary8,Primary9,Primary10,Primary11,Primary12,Primary13,Primary14,Primary15,Primary16,Primary17,Primary18,Primary19,Primary20,Primary21,Primary22,Primary23
33,6337,388743,4057,201625,11148,3856,113218482,4680,112268252;Primary1,Primary2,Primary3,Primary4,Primary5,Primary6,Primary7,Primary8,Primary9,Primary10,Primary11,Primary12,Primary13,Primary14,Primary16,Primary17,Primary18,Primary19,Primary20,Primary21,Primary22,Primary23
33,146177,65217,3856,113218482,388555;Primary2,Primary3,Primary4,Primary5,Primary6,Primary7,Primary8,Primary9,Primary10,Primary11,Primary12,Primary13,Primary14,Primary15,Primary16,Primary17,Primary18,Primary19,Primary20,Primary21,Primary22,Primary23
33,94025,79098,112268422,4057,11148,131873,306,65217,3856,113218482,112268252;Primary1,Primary2,Primary3,Primary5,Primary6,Primary7,Primary8,Primary9,Primary10,Primary11,Primary12,Primary13,Primary14,Primary15,Primary16,Primary17,Primary18,Primary19,Primary20,Primary21,Primary22,Primary23
33,5349,388743,11148,6337;Primary1,Primary2,Primary3,Primary4,Primary5,Primary6,Primary7,Primary8,Primary9,Primary10,Primary11,Primary12,Primary13,Primary14,Primary16,Primary17,Primary18,Primary19,Primary20,Primary21,Primary22,Primary23
33,388555,4057,11148,131873,306,3856,113218482,112268252;Primary1,Primary2,Primary3,Primary4,Primary5,Primary6,Primary7,Primary8,Primary9,Primary10,Primary11,Primary12,Primary13,Primary14,Primary15,Primary16,Primary17,Primary18,Primary19,Primary20,Primary21,Primary22,Primary23
33,28824,79098,112268422,4057,201625,11148,131873,65217,3856,113218482,112268252;Primary1,Primary2,Primary3,Primary4,Primary6,Primary7,Primary8,Primary9,Primary10,Primary11,Primary12,Primary13,Primary14,Primary15,Primary16,Primary17,Primary18,Primary19,Primary20,Primary21,Primary22,Primary23
33,2277,79098,112268422,4057,11148,306,65217,3856,113218482,112268252;Primary1,Primary2,Primary3,Primary4,Primary5,Primary6,Primary8,Primary9,Primary10,Primary11,Primary12,Primary13,Primary14,Primary15,Primary16,Primary17,Primary18,Primary19,Primary20,Primary21,Primary22,Primary23
130367,1770,218;Primary1,Primary2,Primary3,Primary4,Primary5,Primary6,Primary7,Primary8,Primary9,Primary10,Primary11,Primary12,Primary13,Primary14,Primary15,Primary17,Primary18,Primary19,Primary20,Primary21,Primary22,Primary23
100130449,10071,3880;Primary1,Primary2,Primary3,Primary4,Primary5,Primary6,Primary7,Primary8,Primary9,Primary10,Primary11,Primary12,Primary13,Primary14,Primary16,Primary17,Primary18,Primary19,Primary20,Primary21,Primary22,Primary23
100130449,22941;Primary1,Primary2,Primary3,Primary4,Primary5,Primary6,Primary7,Primary8,Primary9,Primary10,Primary11,Primary12,Primary13,Primary14,Primary16,Primary17,Primary18,Primary19,Primary20,Primary21,Primary22,Primary23
100130449,253982;Primary1,Primary2,Primary3,Primary4,Primary5,Primary6,Primary7,Primary8,Primary9,Primary10,Primary11,Primary12,Primary13,Primary14,Primary15,Primary16,Primary17,Primary19,Primary20,Primary21,Primary22,Primary23
100130449,3880;Primary1,Primary2,Primary3,Primary4,Primary5,Primary6,Primary7,Primary9,Primary10,Primary11,Primary12,Primary13,Primary14,Primary15,Primary16,Primary17,Primary18,Primary19,Primary20,Primary21,Primary22,Primary23
63924,57110,1579,9370,100874095,563,5346,66002,1048;Primary1,Primary2,Primary3,Primary4,Primary5,Primary6,Primary7,Primary8,Primary9,Primary10,Primary11,Primary13,Primary14,Primary15,Primary16,Primary17,Primary18,Primary19,Primary20,Primary21,Primary22,Primary23
63924,730,9370,100874095,563,5346,66002,1048;Primary1,Primary2,Primary3,Primary4,Primary5,Primary6,Primary7,Primary8,Primary9,Primary10,Primary11,Primary12,Primary13,Primary14,Primary15,Primary16,Primary17,Primary18,Primary19,Primary20,Primary21,Primary22,Primary23
63924,55808,1579,9370,100874095,5346,66002,1048;Primary1,Primary2,Primary3,Primary4,Primary5,Primary6,Primary7,Primary8,Primary9,Primary10,Primary11,Primary12,Primary13,Primary14,Primary16,Primary17,Primary18,Primary19,Primary20,Primary21,Primary22,Primary23
4057,886,767566;Primary1,Primary2,Primary3,Primary4,Primary5,Primary6,Primary7,Primary8,Primary9,Primary10,Primary12,Primary13,Primary14,Primary15,Primary16,Primary17,Primary18,Primary19,Primary20,Primary21,Primary22,Primary23
4057,2125,11148,306,3856,113218482,6523,2277;Primary1,Primary2,Primary3,Primary4,Primary5,Primary6,Primary7,Primary8,Primary9,Primary10,Primary11,Primary12,Primary13,Primary14,Primary15,Primary17,Primary18,Primary19,Primary20,Primary21,Primary22,Primary23
4057,94025,11148,306,113218482,112268252,102466759;Primary1,Primary2,Primary3,Primary4,Primary5,Primary6,Primary7,Primary8,Primary9,Primary10,Primary11,Primary12,Primary13,Primary14,Primary15,Primary16,Primary17,Primary18,Primary19,Primary20,Primary21,Primary22,Primary23
4057,26609,11148,3856,113218482,112268252,105372793,6523,2277;Primary1,Primary2,Primary3,Primary4,Primary5,Primary6,Primary7,Primary8,Primary9,Primary10,Primary11,Primary12,Primary13,Primary14,Primary15,Primary16,Primary17,Primary19,Primary20,Primary21,Primary22,Primary23
4057,102466759,11148,131873,306,113218482,112268252;Primary1,Primary2,Primary3,Primary4,Primary5,Primary6,Primary7,Primary8,Primary9,Primary10,Primary11,Primary12,Primary13,Primary14,Primary15,Primary16,Primary17,Primary18,Primary19,Primary20,Primary21,Primary22,Primary23
201625,306,79098,112268422,4057,11148,131873,3856,113218482,112268252,105372793,6523;Primary1,Primary2,Primary3,Primary4,Primary5,Primary6,Primary8,Primary9,Primary10,Primary11,Primary12,Primary13,Primary14,Primary15,Primary16,Primary17,Primary18,Primary19,Primary20,Primary21,Primary22,Primary23
201625,10551,400578;Primary1,Primary2,Primary3,Primary4,Primary5,Primary7,Primary8,Primary9,Primary10,Primary11,Primary12,Primary13,Primary14,Primary15,Primary16,Primary17,Primary18,Primary19,Primary20,Primary21,Primary22,Primary23
201625,65217,79098,112268422,33,4057,11148,131873,306,3856,113218482,112268252,388555,105372793;Primary1,Primary2,Primary3,Primary4,Primary5,Primary6,Primary7,Primary8,Primary9,Primary10,Primary11,Primary13,Primary14,Primary15,Primary16,Primary17,Primary18,Primary19,Primary20,Primary21,Primary22,Primary23
201625,103504738,79098,112268422,4057,11148,131873,306,3856,113218482,94025,112268252,105372793,6523;Primary1,Primary2,Primary3,Primary5,Primary6,Primary7,Primary8,Primary9,Primary10,Primary11,Primary12,Primary13,Primary14,Primary15,Primary16,Primary17,Primary18,Primary19,Primary20,Primary21,Primary22,Primary23
201625,400578;Primary1,Primary2,Primary3,Primary4,Primary5,Primary6,Primary7,Primary8,Primary9,Primary10,Primary11,Primary12,Primary13,Primary14,Primary15,Primary16,Primary17,Primary18,Primary19,Primary20,Primary21,Primary22,Primary23
201625,2277,79098,112268422,4057,11148,306,3856,113218482,112268252,105372793,6523;Primary1,Primary2,Primary3,Primary4,Primary5,Primary6,Primary8,Primary9,Primary10,Primary11,Primary12,Primary13,Primary14,Primary15,Primary16,Primary17,Primary18,Primary19,Primary20,Primary21,Primary22,Primary23
131873,306,79098,112268422,33,4057,11148,3856,113218482,112268252,105372793,6523;Primary1,Primary2,Primary3,Primary4,Primary5,Primary6,Primary7,Primary8,Primary9,Primary10,Primary11,Primary12,Primary13,Primary14,Primary15,Primary16,Primary17,Primary18,Primary19,Primary20,Primary21,Primary22,Primary23
131873,8091,79098,112268422,33,4057,11148,306,65217,3856,113218482,112268252,388555,105372793;Primary1,Primary2,Primary3,Primary4,Primary5,Primary6,Primary7,Primary8,Primary9,Primary10,Primary11,Primary13,Primary14,Primary15,Primary16,Primary17,Primary18,Primary19,Primary20,Primary21,Primary22,Primary23
131873,767566,33,4057,11148,306,113218482,112268252,388555;Primary1,Primary2,Primary3,Primary4,Primary5,Primary6,Primary7,Primary8,Primary9,Primary10,Primary11,Primary12,Primary13,Primary14,Primary15,Primary16,Primary17,Primary18,Primary19,Primary20,Primary21,Primary22,Primary23
131873,2277,79098,112268422,33,4057,11148,306,65217,3856,113218482,112268252,105372793;Primary1,Primary2,Primary3,Primary4,Primary5,Primary6,Primary7,Primary8,Primary9,Primary10,Primary11,Primary13,Primary14,Primary15,Primary16,Primary17,Primary18,Primary19,Primary20,Primary21,Primary22,Primary23
401089,100506380;Primary1,Primary2,Primary3,Primary4,Primary5,Primary6,Primary7,Primary8,Primary9,Primary10,Primary11,Primary12,Primary13,Primary14,Primary16,Primary17,Primary18,Primary19,Primary20,Primary21,Primary22,Primary23
79740,441151;Primary1,Primary2,Primary3,Primary4,Primary5,Primary6,Primary8,Primary9,Primary10,Primary11,Primary12,Primary13,Primary14,Primary15,Primary16,Primary17,Primary18,Primary19,Primary20,Primary21,Primary22,Primary23
79740,84867;Primary1,Primary2,Primary3,Primary4,Primary5,Primary6,Primary8,Primary9,Primary10,Primary11,Primary12,Primary13,Primary14,Primary15,Primary16,Primary17,Primary18,Primary19,Primary20,Primary21,Primary22,Primary23
79740,89;Primary1,Primary2,Primary3,Primary4,Primary5,Primary6,Primary7,Primary9,Primary10,Primary11,Primary12,Primary13,Primary14,Primary15,Primary16,Primary17,Primary18,Primary19,Primary20,Primary21,Primary22,Primary23
79740,100033430;Primary1,Primary2,Primary3,Primary4,Primary5,Primary6,Primary7,Primary8,Primary9,Primary10,Primary11,Primary12,Primary13,Primary14,Primary15,Primary16,Primary17,Primary18,Primary19,Primary20,Primary21,Primary22,Primary23
79740,253982;Primary1,Primary2,Primary3,Primary4,Primary5,Primary6,Primary7,Primary8,Primary9,Primary10,Primary11,Primary12,Primary13,Primary14,Primary15,Primary16,Primary17,Primary18,Primary19,Primary20,Primary21,Primary22,Primary23
79740,3780;Primary1,Primary2,Primary3,Primary4,Primary5,Primary6,Primary7,Primary8,Primary9,Primary10,Primary11,Primary13,Primary14,Primary15,Primary16,Primary17,Primary18,Primary19,Primary20,Primary21,Primary22,Primary23
27074,109729127;Primary1,Primary2,Primary3,Primary4,Primary5,Primary6,Primary7,Primary8,Primary10,Primary11,Primary12,Primary13,Primary14,Primary15,Primary16,Primary17,Primary18,Primary19,Primary20,Primary21,Primary22,Primary23
27074,724026;Primary1,Primary2,Primary3,Primary4,Primary5,Primary6,Primary7,Primary8,Primary9,Primary10,Primary11,Primary12,Primary13,Primary14,Primary15,Primary17,Primary18,Primary19,Primary20,Primary21,Primary22,Primary23
27074,28824;Primary1,Primary2,Primary3,Primary4,Primary5,Primary6,Primary7,Primary8,Primary9,Primary10,Primary11,Primary12,Primary13,Primary14,Primary15,Primary17,Primary18,Primary19,Primary20,Primary21,Primary22,Primary23
9370,79908,100874095,5346,66002,1048;Primary1,Primary2,Primary3,Primary4,Primary5,Primary6,Primary7,Primary8,Primary9,Primary10,Primary11,Primary12,Primary13,Primary14,Primary15,Primary16,Primary17,Primary18,Primary19,Primary20,Primary21,Primary22,Primary23
9370,1556,1579,100874095,5346,66002,1048;Primary1,Primary2,Primary3,Primary4,Primary5,Primary6,Primary8,Primary9,Primary10,Primary11,Primary12,Primary13,Primary14,Primary15,Primary16,Primary17,Primary18,Primary19,Primary20,Primary21,Primary22,Primary23
57110,730,1579,9370,100874095,563,5346,66002,1048;Primary1,Primary2,Primary3,Primary4,Primary6,Primary7,Primary8,Primary9,Primary10,Primary11,Primary12,Primary13,Primary14,Primary15,Primary16,Primary17,Primary18,Primary19,Primary20,Primary21,Primary22,Primary23
57110,79908,1579,9370,100874095,5346,66002,1048;Primary1,Primary3,Primary4,Primary5,Primary6,Primary7,Primary8,Primary9,Primary10,Primary11,Primary12,Primary13,Primary14,Primary15,Primary16,Primary17,Primary18,Primary19,Primary20,Primary21,Primary22,Primary23
57110,222183,7546;Primary2,Primary3,Primary4,Primary5,Primary6,Primary7,Primary8,Primary9,Primary10,Primary11,Primary12,Primary13,Primary14,Primary15,Primary16,Primary17,Primary18,Primary19,Primary20,Primary21,Primary22,Primary23
57110,1515,57524,8153,3780;Primary2,Primary3,Primary4,Primary5,Primary6,Primary7,Primary8,Primary9,Primary10,Primary11,Primary12,Primary13,Primary14,Primary15,Primary16,Primary17,Primary18,Primary19,Primary20,Primary21,Primary22,Primary23
57110,2065,66002,1048;Primary1,Primary2,Primary3,Primary4,Primary5,Primary6,Primary7,Primary8,Primary9,Primary10,Primary11,Primary13,Primary14,Primary15,Primary16,Primary17,Primary18,Primary19,Primary20,Primary21,Primary22,Primary23
4585,93035;Primary1,Primary2,Primary3,Primary4,Primary5,Primary6,Primary7,Primary8,Primary9,Primary10,Primary11,Primary12,Primary13,Primary14,Primary15,Primary16,Primary17,Primary18,Primary19,Primary20,Primary21,Primary22,Primary23
4585,7113;Primary1,Primary2,Primary3,Primary4,Primary5,Primary6,Primary7,Primary8,Primary9,Primary10,Primary11,Primary12,Primary13,Primary14,Primary15,Primary16,Primary17,Primary18,Primary19,Primary20,Primary21,Primary22,Primary23
4585,28824;Primary1,Primary2,Primary3,Primary4,Primary5,Primary6,Primary8,Primary9,Primary10,Primary11,Primary12,Primary13,Primary14,Primary15,Primary16,Primary17,Primary18,Primary19,Primary20,Primary21,Primary22,Primary23
339983,5225,100302161,11081,160728,246,4861;Primary1,Primary2,Primary3,Primary4,Primary5,Primary6,Primary7,Primary8,Primary9,Primary10,Primary11,Primary12,Primary13,Primary14,Primary15,Primary16,Primary17,Primary19,Primary20,Primary21,Primary22,Primary23
339983,253982,4861;Primary1,Primary2,Primary3,Primary4,Primary5,Primary6,Primary8,Primary9,Primary10,Primary11,Primary12,Primary13,Primary14,Primary15,Primary16,Primary17,Primary18,Primary19,Primary20,Primary21,Primary22,Primary23
339983,27134,5225,11081,160728,246,4861;Primary1,Primary2,Primary3,Primary4,Primary5,Primary6,Primary7,Primary8,Primary9,Primary10,Primary11,Primary12,Primary13,Primary14,Primary15,Primary16,Primary17,Primary19,Primary20,Primary21,Primary22,Primary23
339983,4861;Primary1,Primary2,Primary3,Primary4,Primary5,Primary6,Primary7,Primary8,Primary9,Primary10,Primary11,Primary12,Primary13,Primary14,Primary15,Primary16,Primary17,Primary18,Primary19,Primary20,Primary21,Primary22,Primary23
105374373,54769,4318,109729184;Primary1,Primary2,Primary3,Primary4,Primary5,Primary6,Primary7,Primary8,Primary9,Primary10,Primary11,Primary12,Primary13,Primary14,Primary15,Primary16,Primary17,Primary18,Primary19,Primary20,Primary21,Primary22,Primary23
105374373,363;Primary1,Primary2,Primary3,Primary5,Primary6,Primary7,Primary8,Primary9,Primary10,Primary11,Primary12,Primary13,Primary14,Primary15,Primary16,Primary17,Primary18,Primary19,Primary20,Primary21,Primary22,Primary23
105374373,284266,54769,54,4318,109729184;Primary1,Primary2,Primary3,Primary4,Primary5,Primary6,Primary7,Primary8,Primary9,Primary10,Primary11,Primary12,Primary13,Primary14,Primary15,Primary16,Primary17,Primary18,Primary19,Primary20,Primary21,Primary22
10568,448831,57111,105,441581,6751,1381,4222,340596;Primary1,Primary2,Primary3,Primary5,Primary6,Primary7,Primary8,Primary9,Primary10,Primary11,Primary12,Primary13,Primary14,Primary15,Primary16,Primary17,Primary18,Primary19,Primary20,Primary21,Primary22,Primary23
10568,222183,7546;Primary1,Primary2,Primary3,Primary4,Primary5,Primary6,Primary7,Primary8,Primary9,Primary10,Primary11,Primary12,Primary13,Primary14,Primary15,Primary16,Primary17,Primary18,Primary19,Primary20,Primary21,Primary22,Primary23
10568,4892,105,441581,7546,1381,57524,4222,340596;Primary1,Primary2,Primary3,Primary4,Primary5,Primary6,Primary7,Primary8,Primary9,Primary10,Primary11,Primary12,Primary13,Primary14,Primary15,Primary16,Primary17,Primary18,Primary20,Primary21,Primary22,Primary23
10568,2065,105,441581,6751,1381,57524,4222,340596;Primary2,Primary3,Primary4,Primary5,Primary6,Primary7,Primary8,Primary9,Primary10,Primary11,Primary12,Primary13,Primary14,Primary15,Primary16,Primary17,Primary18,Primary19,Primary20,Primary21,Primary22,Primary23
10568,57524,105,441581,6751,1381,4222,340596;Primary1,Primary2,Primary3,Primary4,Primary5,Primary6,Primary7,Primary8,Primary9,Primary10,Primary11,Primary12,Primary13,Primary14,Primary15,Primary16,Primary17,Primary18,Primary19,Primary20,Primary21,Primary22,Primary23
10568,8153,105,441581,7546,6751,1381,57524;Primary1,Primary2,Primary3,Primary4,Primary5,Primary6,Primary7,Primary8,Primary9,Primary10,Primary12,Primary13,Primary14,Primary15,Primary16,Primary17,Primary18,Primary19,Primary20,Primary21,Primary22,Primary23
886,419,9211;Primary2,Primary3,Primary4,Primary5,Primary6,Primary7,Primary8,Primary9,Primary10,Primary11,Primary12,Primary13,Primary14,Primary15,Primary16,Primary17,Primary18,Primary19,Primary20,Primary21,Primary22,Primary23
886,441151,9211;Primary1,Primary2,Primary3,Primary4,Primary5,Primary6,Primary7,Primary9,Primary10,Primary11,Primary12,Primary13,Primary14,Primary15,Primary16,Primary17,Primary18,Primary19,Primary20,Primary21,Primary22,Primary23
886,9211;Primary1,Primary2,Primary3,Primary4,Primary5,Primary6,Primary7,Primary8,Primary9,Primary10,Primary11,Primary12,Primary13,Primary14,Primary15,Primary16,Primary17,Primary18,Primary19,Primary20,Primary21,Primary22,Primary23
886,255189,9211;Primary1,Primary2,Primary3,Primary4,Primary5,Primary6,Primary7,Primary8,Primary9,Primary10,Primary11,Primary12,Primary13,Primary14,Primary15,Primary16,Primary17,Primary18,Primary19,Primary20,Primary22,Primary23
886,54084,9211;Primary1,Primary2,Primary3,Primary4,Primary5,Primary6,Primary7,Primary9,Primary10,Primary11,Primary12,Primary13,Primary14,Primary15,Primary16,Primary17,Primary18,Primary19,Primary20,Primary21,Primary22,Primary23
886,84700,9211;Primary1,Primary2,Primary3,Primary4,Primary5,Primary6,Primary7,Primary8,Primary9,Primary10,Primary11,Primary12,Primary13,Primary14,Primary16,Primary17,Primary18,Primary19,Primary20,Primary21,Primary22,Primary23
84525,8395,107985317;Primary1,Primary2,Primary3,Primary4,Primary5,Primary7,Primary8,Primary9,Primary10,Primary11,Primary12,Primary13,Primary14,Primary15,Primary16,Primary17,Primary18,Primary19,Primary20,Primary21,Primary22,Primary23
84525,107985317;Primary1,Primary2,Primary3,Primary4,Primary5,Primary6,Primary7,Primary8,Primary9,Primary10,Primary11,Primary12,Primary13,Primary14,Primary15,Primary16,Primary17,Primary18,Primary19,Primary20,Primary21,Primary22,Primary23
8999,54848;Primary1,Primary2,Primary3,Primary4,Primary5,Primary6,Primary7,Primary8,Primary9,Primary10,Primary11,Primary12,Primary13,Primary14,Primary15,Primary16,Primary17,Primary18,Primary19,Primary20,Primary21,Primary23
8999,6101,3929;Primary1,Primary2,Primary3,Primary4,Primary5,Primary6,Primary7,Primary8,Primary9,Primary11,Primary12,Primary13,Primary14,Primary15,Primary16,Primary17,Primary18,Primary19,Primary20,Primary21,Primary22,Primary23
419,441151;Primary1,Primary2,Primary3,Primary4,Primary5,Primary6,Primary7,Primary9,Primary10,Primary11,Primary12,Primary13,Primary14,Primary15,Primary16,Primary17,Primary18,Primary19,Primary20,Primary21,Primary22,Primary23
419,9211;Primary1,Primary2,Primary3,Primary4,Primary5,Primary6,Primary7,Primary8,Primary9,Primary10,Primary11,Primary12,Primary13,Primary15,Primary16,Primary17,Primary18,Primary19,Primary20,Primary21,Primary22,Primary23
419,4892;Primary1,Primary2,Primary3,Primary4,Primary5,Primary6,Primary7,Primary8,Primary9,Primary10,Primary11,Primary13,Primary14,Primary15,Primary16,Primary17,Primary18,Primary19,Primary20,Primary21,Primary22,Primary23
419,54084;Primary1,Primary2,Primary3,Primary4,Primary5,Primary6,Primary7,Primary9,Primary10,Primary11,Primary12,Primary13,Primary14,Primary15,Primary16,Primary17,Primary18,Primary19,Primary20,Primary21,Primary22,Primary23
306,65217,79098,112268422,33,4057,11148,131873,3856,113218482,112268252;Primary1,Primary2,Primary3,Primary4,Primary5,Primary6,Primary8,Primary9,Primary10,Primary11,Primary12,Primary13,Primary14,Primary15,Primary16,Primary17,Primary18,Primary19,Primary20,Primary21,Primary22,Primary23
306,6337,388743,33,4057,11148,3856,113218482,4680,112268252;Primary1,Primary2,Primary3,Primary4,Primary5,Primary6,Primary7,Primary8,Primary9,Primary10,Primary11,Primary12,Primary13,Primary14,Primary16,Primary17,Primary18,Primary19,Primary20,Primary21,Primary22,Primary23
306,4680,79098,406969,112268422,33,4057,11148,131873,3856,113218482,112268252,105372793;Primary1,Primary2,Primary3,Primary4,Primary5,Primary6,Primary7,Primary8,Primary9,Primary10,Primary11,Primary12,Primary13,Primary14,Primary16,Primary17,Primary18,Primary19,Primary20,Primary21,Primary22,Primary23
56955,168090,6440;Primary1,Primary2,Primary3,Primary4,Primary5,Primary6,Primary7,Primary8,Primary9,Primary10,Primary11,Primary12,Primary13,Primary14,Primary15,Primary16,Primary17,Primary18,Primary19,Primary20,Primary21,Primary22,Primary23
56955,155465,6440,3880;Primary1,Primary2,Primary3,Primary4,Primary5,Primary6,Primary7,Primary8,Primary9,Primary10,Primary11,Primary13,Primary14,Primary15,Primary16,Primary17,Primary18,Primary19,Primary20,Primary21,Primary22,Primary23
56955,3880,6440;Primary1,Primary2,Primary3,Primary4,Primary5,Primary6,Primary7,Primary8,Primary9,Primary10,Primary11,Primary12,Primary13,Primary14,Primary15,Primary16,Primary17,Primary18,Primary19,Primary20,Primary21,Primary22,Primary23
54848,389376;Primary1,Primary2,Primary3,Primary4,Primary5,Primary6,Primary7,Primary8,Primary9,Primary10,Primary11,Primary12,Primary13,Primary14,Primary15,Primary16,Primary17,Primary18,Primary19,Primary21,Primary22,Primary23
54848,6101;Primary1,Primary2,Primary3,Primary4,Primary5,Primary6,Primary7,Primary8,Primary9,Primary10,Primary11,Primary12,Primary13,Primary14,Primary15,Primary16,Primary17,Primary18,Primary19,Primary20,Primary21,Primary22,Primary23
54848,4583,6101;Primary1,Primary2,Primary3,Primary4,Primary5,Primary6,Primary7,Primary9,Primary10,Primary11,Primary12,Primary13,Primary14,Primary15,Primary16,Primary17,Primary18,Primary19,Primary20,Primary21,Primary22,Primary23
57575,1515,399726;Primary1,Primary2,Primary3,Primary4,Primary5,Primary6,Primary8,Primary9,Primary10,Primary11,Primary12,Primary13,Primary14,Primary15,Primary16,Primary17,Primary18,Primary19,Primary20,Primary21,Primary22,Primary23
57575,3229;Primary1,Primary2,Primary3,Primary4,Primary5,Primary6,Primary8,Primary9,Primary10,Primary11,Primary12,Primary13,Primary14,Primary15,Primary16,Primary17,Primary18,Primary19,Primary20,Primary21,Primary22,Primary23
57575,55567;Primary1,Primary2,Primary3,Primary4,Primary5,Primary6,Primary7,Primary9,Primary10,Primary11,Primary12,Primary13,Primary14,Primary15,Primary16,Primary17,Primary18,Primary19,Primary20,Primary21,Primary22,Primary23
3248,100423031;Primary1,Primary2,Primary3,Primary4,Primary5,Primary6,Primary7,Primary8,Primary9,Primary10,Primary11,Primary12,Primary13,Primary14,Primary15,Primary16,Primary17,Primary18,Primary19,Primary20,Primary21,Primary22,Primary23
3248,1048,100423031;Primary2,Primary3,Primary4,Primary5,Primary6,Primary7,Primary8,Primary9,Primary10,Primary11,Primary12,Primary13,Primary14,Primary15,Primary16,Primary17,Primary18,Primary19,Primary20,Primary21,Primary22,Primary23
2160,107984498,57402,115019,353189,10595,94025;Primary1,Primary2,Primary3,Primary4,Primary5,Primary7,Primary8,Primary9,Primary10,Primary11,Primary12,Primary13,Primary14,Primary15,Primary16,Primary17,Primary18,Primary19,Primary20,Primary21,Primary22,Primary23
2160,253970,353189,10595;Primary1,Primary2,Primary3,Primary4,Primary5,Primary6,Primary7,Primary8,Primary9,Primary10,Primary11,Primary12,Primary13,Primary14,Primary15,Primary16,Primary17,Primary18,Primary19,Primary20,Primary21,Primary22,Primary23
2160,361,57402,353189,10595;Primary1,Primary2,Primary3,Primary4,Primary5,Primary6,Primary7,Primary8,Primary9,Primary10,Primary11,Primary12,Primary13,Primary14,Primary15,Primary16,Primary17,Primary18,Primary19,Primary20,Primary21,Primary22
2160,107985317,84525,353189,10595;Primary1,Primary2,Primary3,Primary4,Primary5,Primary6,Primary7,Primary9,Primary10,Primary11,Primary12,Primary13,Primary14,Primary15,Primary16,Primary17,Primary18,Primary19,Primary20,Primary21,Primary22,Primary23
448831,4892,57111,105,6441,441581,6751,1381,4222,340596;Primary1,Primary2,Primary3,Primary4,Primary5,Primary6,Primary7,Primary8,Primary9,Primary10,Primary12,Primary13,Primary14,Primary15,Primary16,Primary17,Primary18,Primary19,Primary20,Primary21,Primary22,Primary23
448831,3229,1746,105,6441,441581,6751,1381,4222,340596;Primary1,Primary2,Primary3,Primary4,Primary5,Primary6,Primary7,Primary8,Primary9,Primary10,Primary11,Primary12,Primary13,Primary14,Primary16,Primary17,Primary18,Primary19,Primary20,Primary21,Primary22,Primary23
448831,7546,10568,105,441581,6751,1381,57524,4222,340596;Primary1,Primary2,Primary3,Primary4,Primary5,Primary6,Primary7,Primary8,Primary9,Primary10,Primary12,Primary13,Primary14,Primary15,Primary16,Primary17,Primary18,Primary19,Primary20,Primary21,Primary22,Primary23
100419743,100033430,5225,11081,160728,246,27134;Primary1,Primary2,Primary3,Primary4,Primary5,Primary6,Primary8,Primary9,Primary10,Primary11,Primary12,Primary13,Primary14,Primary15,Primary16,Primary17,Primary18,Primary19,Primary20,Primary21,Primary22,Primary23
100419743,253982,11081,160728,246;Primary1,Primary2,Primary3,Primary4,Primary5,Primary6,Primary8,Primary9,Primary10,Primary11,Primary12,Primary13,Primary14,Primary15,Primary16,Primary17,Primary18,Primary19,Primary20,Primary21,Primary22,Primary23
100419743,762,246;Primary2,Primary3,Primary4,Primary5,Primary6,Primary7,Primary8,Primary9,Primary10,Primary11,Primary12,Primary13,Primary14,Primary15,Primary16,Primary17,Primary18,Primary19,Primary20,Primary21,Primary22,Primary23
100419743,4861,246;Primary1,Primary2,Primary3,Primary4,Primary5,Primary6,Primary7,Primary8,Primary9,Primary10,Primary11,Primary12,Primary13,Primary14,Primary15,Primary16,Primary17,Primary18,Primary19,Primary20,Primary21,Primary22,Primary23
1767,5349,388743,4680;Primary1,Primary2,Primary3,Primary4,Primary5,Primary6,Primary7,Primary8,Primary9,Primary10,Primary11,Primary12,Primary13,Primary14,Primary15,Primary16,Primary17,Primary19,Primary20,Primary21,Primary22,Primary23
730,55808,1579,63924,9370,100874095,5346,66002,1048;Primary1,Primary2,Primary3,Primary4,Primary6,Primary7,Primary8,Primary9,Primary10,Primary11,Primary12,Primary13,Primary14,Primary15,Primary16,Primary17,Primary18,Primary19,Primary20,Primary21,Primary22,Primary23
730,28824;Primary2,Primary3,Primary4,Primary5,Primary6,Primary7,Primary8,Primary9,Primary10,Primary11,Primary12,Primary13,Primary14,Primary15,Primary16,Primary17,Primary18,Primary19,Primary20,Primary21,Primary22,Primary23
105379028,4852;Primary1,Primary2,Primary3,Primary4,Primary5,Primary6,Primary7,Primary8,Primary9,Primary10,Primary11,Primary12,Primary13,Primary14,Primary15,Primary16,Primary17,Primary18,Primary19,Primary20,Primary21,Primary22
105379028,375612;Primary1,Primary2,Primary3,Primary4,Primary5,Primary6,Primary7,Primary8,Primary9,Primary10,Primary11,Primary12,Primary13,Primary14,Primary15,Primary16,Primary17,Primary18,Primary19,Primary20,Primary21,Primary22
84059,55567;Primary1,Primary2,Primary3,Primary4,Primary5,Primary6,Primary8,Primary9,Primary10,Primary11,Primary12,Primary13,Primary14,Primary15,Primary16,Primary17,Primary18,Primary19,Primary20,Primary21,Primary22,Primary23
84059,999;Primary1,Primary2,Primary3,Primary4,Primary5,Primary6,Primary7,Primary8,Primary9,Primary10,Primary11,Primary12,Primary13,Primary14,Primary15,Primary16,Primary17,Primary18,Primary19,Primary20,Primary21,Primary23
84059,3960;Primary1,Primary2,Primary3,Primary4,Primary5,Primary6,Primary7,Primary8,Primary9,Primary10,Primary11,Primary12,Primary13,Primary14,Primary15,Primary16,Primary17,Primary18,Primary19,Primary20,Primary21,Primary23
153643,135656;Primary1,Primary3,Primary4,Primary5,Primary6,Primary7,Primary8,Primary9,Primary10,Primary11,Primary12,Primary13,Primary14,Primary15,Primary16,Primary17,Primary18,Primary19,Primary20,Primary21,Primary22,Primary23
153643,79977;Primary1,Primary2,Primary3,Primary4,Primary5,Primary6,Primary7,Primary8,Primary9,Primary10,Primary11,Primary12,Primary13,Primary14,Primary15,Primary16,Primary17,Primary18,Primary20,Primary21,Primary22,Primary23
353189,361,10595;Primary1,Primary2,Primary3,Primary4,Primary5,Primary6,Primary7,Primary8,Primary9,Primary10,Primary11,Primary12,Primary13,Primary14,Primary15,Primary16,Primary17,Primary18,Primary19,Primary20,Primary21,Primary22,Primary23
117156,646480,112577518,218;Primary1,Primary2,Primary3,Primary4,Primary5,Primary6,Primary7,Primary8,Primary9,Primary10,Primary11,Primary12,Primary13,Primary14,Primary15,Primary16,Primary17,Primary18,Primary19,Primary20,Primary21,Primary22,Primary23
117156,727897,646480,85349,1770,218,11254;Primary1,Primary2,Primary3,Primary4,Primary5,Primary6,Primary7,Primary8,Primary9,Primary10,Primary11,Primary12,Primary13,Primary14,Primary15,Primary16,Primary17,Primary18,Primary19,Primary20,Primary21,Primary22
117156,85349,646480,1770,218;Primary1,Primary2,Primary3,Primary4,Primary5,Primary6,Primary7,Primary8,Primary9,Primary10,Primary11,Primary12,Primary13,Primary14,Primary15,Primary16,Primary17,Primary18,Primary19,Primary20,Primary21,Primary22,Primary23
79908,4496;Primary1,Primary2,Primary3,Primary4,Primary5,Primary6,Primary7,Primary8,Primary9,Primary10,Primary11,Primary12,Primary13,Primary15,Primary16,Primary17,Primary18,Primary19,Primary20,Primary21,Primary22,Primary23
79908,55808,1579,9370,100874095,5346,66002,1048;Primary1,Primary3,Primary4,Primary5,Primary6,Primary7,Primary8,Primary9,Primary10,Primary11,Primary12,Primary13,Primary14,Primary15,Primary16,Primary17,Primary18,Primary19,Primary20,Primary21,Primary22,Primary23
389376,107984125;Primary2,Primary3,Primary4,Primary5,Primary6,Primary7,Primary8,Primary9,Primary10,Primary11,Primary12,Primary13,Primary14,Primary15,Primary16,Primary17,Primary18,Primary19,Primary20,Primary21,Primary22,Primary23
389376,9356;Primary1,Primary2,Primary3,Primary4,Primary5,Primary6,Primary7,Primary8,Primary9,Primary10,Primary11,Primary12,Primary13,Primary14,Primary15,Primary16,Primary17,Primary18,Primary19,Primary20,Primary21,Primary23
389376,2125;Primary1,Primary2,Primary3,Primary4,Primary5,Primary7,Primary8,Primary9,Primary10,Primary11,Primary12,Primary13,Primary14,Primary15,Primary16,Primary17,Primary18,Primary19,Primary20,Primary21,Primary22,Primary23
389376,2208;Primary1,Primary2,Primary3,Primary4,Primary5,Primary6,Primary7,Primary8,Primary9,Primary10,Primary11,Primary12,Primary13,Primary14,Primary15,Primary16,Primary17,Primary18,Primary19,Primary20,Primary21,Primary22,Primary23
389376,3249,128218,128602;Primary1,Primary2,Primary3,Primary4,Primary5,Primary6,Primary7,Primary8,Primary9,Primary10,Primary11,Primary12,Primary13,Primary14,Primary15,Primary17,Primary18,Primary19,Primary20,Primary21,Primary22,Primary23
5225,100033430;Primary1,Primary2,Primary3,Primary4,Primary5,Primary6,Primary7,Primary8,Primary9,Primary10,Primary11,Primary12,Primary13,Primary14,Primary15,Primary16,Primary17,Primary18,Primary19,Primary20,Primary21,Primary22,Primary23
5225,6532,100033430;Primary1,Primary2,Primary4,Primary5,Primary6,Primary7,Primary8,Primary9,Primary10,Primary11,Primary12,Primary13,Primary14,Primary15,Primary16,Primary17,Primary18,Primary19,Primary20,Primary21,Primary22,Primary23
5225,728226;Primary1,Primary2,Primary3,Primary4,Primary5,Primary6,Primary7,Primary8,Primary9,Primary10,Primary11,Primary12,Primary13,Primary14,Primary15,Primary16,Primary17,Primary18,Primary19,Primary20,Primary21,Primary22
441151,57524,8153,3780,54084;Primary1,Primary2,Primary3,Primary4,Primary5,Primary6,Primary7,Primary8,Primary9,Primary10,Primary11,Primary13,Primary14,Primary15,Primary16,Primary17,Primary18,Primary19,Primary20,Primary21,Primary22,Primary23
441151,54084;Primary1,Primary2,Primary3,Primary4,Primary5,Primary6,Primary7,Primary8,Primary9,Primary10,Primary11,Primary12,Primary13,Primary14,Primary15,Primary16,Primary17,Primary18,Primary19,Primary20,Primary21,Primary22,Primary23
245806,4861;Primary1,Primary2,Primary3,Primary4,Primary5,Primary6,Primary7,Primary9,Primary10,Primary11,Primary12,Primary13,Primary14,Primary15,Primary16,Primary17,Primary18,Primary19,Primary20,Primary21,Primary22,Primary23
168090,155465,56955,6440,3880;Primary1,Primary2,Primary3,Primary4,Primary5,Primary6,Primary7,Primary8,Primary9,Primary10,Primary11,Primary12,Primary14,Primary15,Primary16,Primary17,Primary18,Primary19,Primary20,Primary21,Primary22,Primary23
10551,1080;Primary1,Primary2,Primary3,Primary4,Primary5,Primary6,Primary7,Primary8,Primary9,Primary10,Primary11,Primary12,Primary13,Primary15,Primary16,Primary17,Primary18,Primary19,Primary20,Primary21,Primary22,Primary23
10551,101929066;Primary1,Primary2,Primary3,Primary4,Primary5,Primary6,Primary7,Primary8,Primary9,Primary11,Primary12,Primary13,Primary14,Primary15,Primary16,Primary17,Primary18,Primary19,Primary20,Primary21,Primary22,Primary23
155465,1080,123624;Primary1,Primary2,Primary3,Primary4,Primary5,Primary6,Primary7,Primary8,Primary9,Primary10,Primary11,Primary12,Primary13,Primary14,Primary15,Primary16,Primary17,Primary18,Primary19,Primary20,Primary21,Primary22,Primary23
155465,6440,3880;Primary1,Primary2,Primary3,Primary4,Primary5,Primary6,Primary7,Primary8,Primary9,Primary10,Primary11,Primary12,Primary13,Primary14,Primary15,Primary16,Primary17,Primary18,Primary19,Primary20,Primary21,Primary22,Primary23
155465,89;Primary1,Primary2,Primary3,Primary4,Primary5,Primary6,Primary7,Primary8,Primary9,Primary10,Primary12,Primary13,Primary14,Primary15,Primary16,Primary17,Primary18,Primary19,Primary20,Primary21,Primary22,Primary23
4852,375612;Primary1,Primary2,Primary3,Primary4,Primary5,Primary6,Primary7,Primary8,Primary9,Primary10,Primary11,Primary12,Primary13,Primary14,Primary15,Primary16,Primary17,Primary18,Primary19,Primary20,Primary21,Primary22,Primary23
4852,196335,24150,9622,4693;Primary1,Primary2,Primary3,Primary4,Primary5,Primary6,Primary7,Primary8,Primary9,Primary10,Primary11,Primary12,Primary13,Primary14,Primary15,Primary16,Primary17,Primary18,Primary19,Primary20,Primary22,Primary23
4852,4693;Primary1,Primary2,Primary3,Primary4,Primary5,Primary6,Primary7,Primary8,Primary9,Primary10,Primary11,Primary12,Primary13,Primary14,Primary15,Primary16,Primary17,Primary18,Primary19,Primary20,Primary21,Primary22,Primary23
11185,2208;Primary1,Primary2,Primary3,Primary4,Primary5,Primary6,Primary7,Primary8,Primary9,Primary10,Primary12,Primary13,Primary14,Primary15,Primary16,Primary17,Primary18,Primary19,Primary20,Primary21,Primary22,Primary23
6969,28824;Primary1,Primary3,Primary4,Primary5,Primary6,Primary7,Primary8,Primary9,Primary10,Primary11,Primary12,Primary13,Primary14,Primary15,Primary16,Primary17,Primary18,Primary19,Primary20,Primary21,Primary22,Primary23
222183,1515,57524,8153,3780;Primary1,Primary2,Primary3,Primary4,Primary5,Primary6,Primary7,Primary8,Primary9,Primary10,Primary11,Primary12,Primary13,Primary14,Primary15,Primary16,Primary17,Primary19,Primary20,Primary21,Primary22,Primary23
222183,6441,57111,1381;Primary1,Primary2,Primary3,Primary4,Primary5,Primary6,Primary7,Primary8,Primary9,Primary10,Primary11,Primary12,Primary13,Primary14,Primary15,Primary16,Primary17,Primary19,Primary20,Primary21,Primary22,Primary23
222183,3229,10568,7546,57524;Primary1,Primary2,Primary3,Primary4,Primary5,Primary6,Primary7,Primary8,Primary9,Primary10,Primary11,Primary12,Primary13,Primary14,Primary16,Primary17,Primary18,Primary19,Primary20,Primary21,Primary22,Primary23
222183,8091,10568,7546,57524;Primary1,Primary2,Primary3,Primary4,Primary5,Primary7,Primary8,Primary9,Primary10,Primary11,Primary12,Primary13,Primary14,Primary15,Primary16,Primary17,Primary18,Primary19,Primary20,Primary21,Primary22,Primary23
222183,100129940,10568;Primary1,Primary2,Primary3,Primary4,Primary5,Primary6,Primary7,Primary8,Primary10,Primary11,Primary12,Primary13,Primary14,Primary15,Primary16,Primary17,Primary18,Primary19,Primary20,Primary21,Primary22,Primary23
222183,57524,10568,7546,1381;Primary1,Primary2,Primary3,Primary4,Primary5,Primary6,Primary7,Primary8,Primary9,Primary10,Primary11,Primary12,Primary13,Primary14,Primary15,Primary16,Primary17,Primary19,Primary20,Primary21,Primary22,Primary23
222183,2922;Primary1,Primary2,Primary3,Primary4,Primary5,Primary6,Primary7,Primary8,Primary9,Primary10,Primary11,Primary12,Primary14,Primary15,Primary16,Primary17,Primary18,Primary19,Primary20,Primary21,Primary22,Primary23
10071,9228,114569,22943,22941,7080,284111,64073;Primary1,Primary2,Primary3,Primary4,Primary5,Primary6,Primary7,Primary8,Primary9,Primary10,Primary11,Primary12,Primary13,Primary14,Primary15,Primary16,Primary17,Primary18,Primary19,Primary20,Primary21,Primary22,Primary23
10071,195814;Primary1,Primary2,Primary3,Primary4,Primary5,Primary6,Primary7,Primary8,Primary9,Primary10,Primary11,Primary12,Primary13,Primary14,Primary15,Primary16,Primary17,Primary18,Primary19,Primary20,Primary21,Primary22,Primary23
10071,58524,114569,22943,22941,7080,284111,64073;Primary1,Primary2,Primary3,Primary4,Primary5,Primary6,Primary8,Primary9,Primary10,Primary11,Primary12,Primary13,Primary14,Primary15,Primary16,Primary17,Primary18,Primary19,Primary20,Primary21,Primary22,Primary23
10071,83643,9228,114569,22943,22941,7080,284111,64073;Primary1,Primary2,Primary3,Primary4,Primary5,Primary6,Primary7,Primary8,Primary9,Primary10,Primary11,Primary12,Primary13,Primary14,Primary15,Primary16,Primary17,Primary18,Primary20,Primary21,Primary22,Primary23
10071,6337,22943,22941,284111,64073;Primary1,Primary2,Primary3,Primary4,Primary5,Primary7,Primary8,Primary9,Primary10,Primary11,Primary12,Primary13,Primary14,Primary15,Primary16,Primary17,Primary18,Primary19,Primary20,Primary21,Primary22,Primary23
10071,55507;Primary1,Primary2,Primary3,Primary4,Primary5,Primary6,Primary7,Primary8,Primary9,Primary10,Primary11,Primary12,Primary13,Primary14,Primary16,Primary17,Primary18,Primary19,Primary20,Primary21,Primary22,Primary23
10071,5346,9228,114569,22943,22941,7080,284111,64073;Primary2,Primary3,Primary4,Primary5,Primary6,Primary7,Primary8,Primary9,Primary10,Primary11,Primary12,Primary13,Primary14,Primary15,Primary16,Primary17,Primary18,Primary19,Primary20,Primary21,Primary22,Primary23
10071,55567;Primary1,Primary2,Primary3,Primary4,Primary5,Primary6,Primary7,Primary8,Primary9,Primary10,Primary11,Primary13,Primary14,Primary15,Primary16,Primary17,Primary18,Primary19,Primary20,Primary21,Primary22,Primary23
10071,999,9228,22943,22941,7080,5346,284111,64073;Primary2,Primary3,Primary4,Primary5,Primary6,Primary7,Primary8,Primary9,Primary10,Primary11,Primary12,Primary13,Primary14,Primary15,Primary16,Primary17,Primary18,Primary19,Primary20,Primary21,Primary22,Primary23
10071,50964,114569,22943,22941,7080,284111,64073;Primary1,Primary2,Primary3,Primary4,Primary5,Primary6,Primary7,Primary8,Primary9,Primary10,Primary11,Primary12,Primary13,Primary14,Primary15,Primary16,Primary17,Primary18,Primary19,Primary20,Primary21,Primary22,Primary23
10071,5349,6337;Primary1,Primary2,Primary3,Primary4,Primary5,Primary7,Primary8,Primary9,Primary10,Primary11,Primary12,Primary13,Primary14,Primary15,Primary16,Primary17,Primary18,Primary19,Primary20,Primary21,Primary22,Primary23
10071,4680,9228,114569,22943,22941,7080,284111,50964,64073,112268252;Primary1,Primary2,Primary3,Primary4,Primary5,Primary7,Primary8,Primary9,Primary10,Primary11,Primary12,Primary13,Primary14,Primary15,Primary16,Primary17,Primary18,Primary19,Primary20,Primary21,Primary22,Primary23
10071,6473,9228,64073;Primary1,Primary2,Primary3,Primary4,Primary5,Primary6,Primary7,Primary8,Primary9,Primary10,Primary11,Primary12,Primary13,Primary14,Primary15,Primary16,Primary17,Primary18,Primary19,Primary20,Primary21,Primary22,Primary23
375612,24150,4852;Primary1,Primary2,Primary3,Primary4,Primary5,Primary6,Primary7,Primary8,Primary9,Primary10,Primary11,Primary12,Primary13,Primary15,Primary16,Primary17,Primary18,Primary19,Primary20,Primary21,Primary22,Primary23
375612,10331,4852;Primary1,Primary2,Primary3,Primary4,Primary5,Primary6,Primary7,Primary8,Primary9,Primary10,Primary11,Primary12,Primary13,Primary14,Primary15,Primary17,Primary18,Primary19,Primary20,Primary21,Primary22,Primary23
375612,89765;Primary1,Primary2,Primary3,Primary4,Primary5,Primary6,Primary7,Primary8,Primary9,Primary10,Primary11,Primary12,Primary13,Primary14,Primary15,Primary16,Primary17,Primary18,Primary19,Primary20,Primary22,Primary23
1080,89,123624;Primary1,Primary2,Primary3,Primary4,Primary5,Primary6,Primary7,Primary8,Primary9,Primary11,Primary12,Primary13,Primary14,Primary15,Primary16,Primary17,Primary18,Primary19,Primary20,Primary21,Primary22,Primary23
100506380,1515;Primary1,Primary2,Primary3,Primary4,Primary5,Primary6,Primary7,Primary8,Primary10,Primary11,Primary12,Primary13,Primary14,Primary15,Primary16,Primary17,Primary18,Primary19,Primary20,Primary21,Primary22,Primary23
100506380,7080,8153,3780;Primary1,Primary2,Primary3,Primary4,Primary5,Primary6,Primary7,Primary8,Primary9,Primary10,Primary11,Primary12,Primary13,Primary14,Primary16,Primary17,Primary18,Primary19,Primary20,Primary21,Primary22,Primary23
100506380,767567;Primary1,Primary2,Primary3,Primary4,Primary5,Primary6,Primary7,Primary8,Primary9,Primary10,Primary11,Primary12,Primary13,Primary15,Primary16,Primary17,Primary18,Primary19,Primary20,Primary21,Primary22,Primary23
9228,6337,4680;Primary1,Primary3,Primary4,Primary5,Primary6,Primary7,Primary8,Primary9,Primary10,Primary11,Primary12,Primary13,Primary14,Primary15,Primary16,Primary17,Primary18,Primary19,Primary20,Primary21,Primary22,Primary23
9228,21,114569,22943,22941,7080,284111,64073;Primary1,Primary2,Primary3,Primary4,Primary5,Primary6,Primary7,Primary9,Primary10,Primary11,Primary12,Primary13,Primary14,Primary15,Primary16,Primary17,Primary18,Primary19,Primary20,Primary21,Primary22,Primary23
9228,4680;Primary1,Primary2,Primary3,Primary4,Primary5,Primary6,Primary7,Primary8,Primary9,Primary10,Primary11,Primary12,Primary13,Primary14,Primary15,Primary16,Primary17,Primary18,Primary19,Primary20,Primary21,Primary22,Primary23
6440,253982,3880;Primary1,Primary2,Primary3,Primary4,Primary5,Primary6,Primary7,Primary9,Primary10,Primary11,Primary12,Primary13,Primary14,Primary15,Primary16,Primary17,Primary18,Primary19,Primary20,Primary21,Primary22,Primary23
6101,3929;Primary1,Primary2,Primary3,Primary4,Primary5,Primary6,Primary7,Primary8,Primary9,Primary10,Primary11,Primary12,Primary13,Primary14,Primary15,Primary16,Primary17,Primary18,Primary19,Primary20,Primary21,Primary22,Primary23
107984125,55808;Primary1,Primary2,Primary3,Primary4,Primary5,Primary6,Primary7,Primary8,Primary9,Primary10,Primary11,Primary12,Primary13,Primary14,Primary15,Primary16,Primary17,Primary18,Primary19,Primary20,Primary21,Primary22,Primary23
195814,114569,10071,22943,22941,7080,284111,50964,64073;Primary1,Primary2,Primary3,Primary4,Primary6,Primary7,Primary8,Primary9,Primary10,Primary11,Primary12,Primary13,Primary14,Primary15,Primary16,Primary17,Primary18,Primary19,Primary20,Primary21,Primary22,Primary23
195814,3229,114569,22943,22941,7080,284111,64073;Primary1,Primary2,Primary3,Primary4,Primary6,Primary7,Primary8,Primary9,Primary10,Primary11,Primary12,Primary13,Primary14,Primary15,Primary16,Primary17,Primary18,Primary19,Primary20,Primary21,Primary22,Primary23
195814,55567;Primary1,Primary2,Primary3,Primary4,Primary6,Primary7,Primary8,Primary9,Primary10,Primary11,Primary12,Primary13,Primary14,Primary15,Primary16,Primary17,Primary18,Primary19,Primary20,Primary21,Primary22,Primary23
195814,999,10071;Primary2,Primary3,Primary4,Primary5,Primary6,Primary7,Primary8,Primary9,Primary10,Primary11,Primary12,Primary13,Primary14,Primary15,Primary16,Primary17,Primary18,Primary19,Primary20,Primary21,Primary22,Primary23
646480,727897,85349,218;Primary1,Primary2,Primary3,Primary4,Primary5,Primary6,Primary7,Primary8,Primary9,Primary10,Primary11,Primary12,Primary13,Primary14,Primary15,Primary16,Primary17,Primary18,Primary19,Primary20,Primary21,Primary22,Primary23
646480,105372793,727897,85349,218;Primary1,Primary2,Primary3,Primary4,Primary5,Primary7,Primary8,Primary9,Primary10,Primary11,Primary12,Primary13,Primary14,Primary15,Primary16,Primary17,Primary18,Primary19,Primary20,Primary21,Primary22,Primary23
79977,54854;Primary1,Primary2,Primary4,Primary5,Primary6,Primary7,Primary8,Primary9,Primary10,Primary11,Primary12,Primary13,Primary14,Primary15,Primary16,Primary17,Primary18,Primary19,Primary20,Primary21,Primary22,Primary23
9699,4062;Primary1,Primary2,Primary3,Primary4,Primary5,Primary6,Primary7,Primary8,Primary9,Primary10,Primary11,Primary12,Primary13,Primary14,Primary15,Primary16,Primary17,Primary18,Primary19,Primary20,Primary21,Primary22,Primary23
9699,767567;Primary1,Primary2,Primary3,Primary4,Primary5,Primary6,Primary7,Primary8,Primary9,Primary10,Primary11,Primary12,Primary13,Primary14,Primary15,Primary16,Primary17,Primary18,Primary19,Primary21,Primary22,Primary23
93035,8537;Primary1,Primary2,Primary3,Primary4,Primary5,Primary6,Primary7,Primary8,Primary9,Primary10,Primary11,Primary12,Primary13,Primary14,Primary15,Primary16,Primary18,Primary19,Primary20,Primary21,Primary22,Primary23
93035,28824;Primary1,Primary2,Primary3,Primary4,Primary5,Primary6,Primary8,Primary9,Primary10,Primary11,Primary12,Primary13,Primary14,Primary15,Primary16,Primary17,Primary18,Primary19,Primary20,Primary21,Primary22,Primary23
114569,58524,22943,22941,7080,284111,64073;Primary1,Primary2,Primary3,Primary4,Primary5,Primary6,Primary7,Primary8,Primary9,Primary10,Primary11,Primary12,Primary13,Primary14,Primary15,Primary16,Primary17,Primary18,Primary19,Primary20,Primary21,Primary22,Primary23
114569,729238,22943,22941,3229,7080,284111,64073,84700;Primary1,Primary2,Primary3,Primary4,Primary5,Primary6,Primary7,Primary8,Primary9,Primary10,Primary12,Primary13,Primary14,Primary15,Primary16,Primary17,Primary18,Primary19,Primary20,Primary21,Primary22,Primary23
114569,3229,22943,22941,7080,284111,64073;Primary1,Primary2,Primary3,Primary4,Primary5,Primary6,Primary7,Primary8,Primary9,Primary10,Primary11,Primary12,Primary13,Primary14,Primary15,Primary16,Primary17,Primary18,Primary19,Primary20,Primary21,Primary22,Primary23
114569,21,7080;Primary1,Primary2,Primary3,Primary4,Primary5,Primary6,Primary7,Primary8,Primary9,Primary10,Primary11,Primary12,Primary13,Primary14,Primary15,Primary16,Primary17,Primary18,Primary19,Primary20,Primary21,Primary22,Primary23
114569,55567,22943,22941,3229,7080,284111,64073;Primary1,Primary2,Primary3,Primary4,Primary5,Primary6,Primary8,Primary9,Primary10,Primary11,Primary12,Primary13,Primary14,Primary15,Primary16,Primary17,Primary18,Primary19,Primary20,Primary21,Primary22,Primary23
114569,27134,56896,100419743,5225,11081,160728,246,284111;Primary1,Primary2,Primary3,Primary4,Primary5,Primary6,Primary7,Primary8,Primary9,Primary10,Primary11,Primary12,Primary13,Primary14,Primary16,Primary17,Primary18,Primary19,Primary20,Primary21,Primary22,Primary23
114569,6473,10071,9228,22943,22941,7080,284111,64073,4680,112268252;Primary1,Primary2,Primary3,Primary4,Primary5,Primary7,Primary8,Primary9,Primary10,Primary11,Primary12,Primary13,Primary14,Primary15,Primary16,Primary17,Primary18,Primary19,Primary20,Primary21,Primary22,Primary23
641384,100302170;Primary1,Primary2,Primary3,Primary4,Primary5,Primary6,Primary7,Primary8,Primary9,Primary10,Primary11,Primary12,Primary13,Primary14,Primary15,Primary16,Primary17,Primary18,Primary19,Primary20,Primary21,Primary22,Primary23
641384,503640;Primary1,Primary2,Primary3,Primary4,Primary5,Primary6,Primary7,Primary9,Primary10,Primary11,Primary12,Primary13,Primary14,Primary15,Primary16,Primary17,Primary18,Primary19,Primary20,Primary21,Primary22,Primary23
100302161,27134,56896,100419743,5225,11081,160728,246;Primary1,Primary2,Primary3,Primary5,Primary6,Primary7,Primary8,Primary9,Primary10,Primary11,Primary12,Primary13,Primary14,Primary15,Primary16,Primary17,Primary18,Primary19,Primary20,Primary21,Primary22,Primary23
100302161,4861,56896,100419743,5225,11081,160728,246;Primary1,Primary2,Primary3,Primary4,Primary5,Primary6,Primary7,Primary8,Primary9,Primary10,Primary11,Primary12,Primary13,Primary14,Primary15,Primary16,Primary17,Primary19,Primary20,Primary21,Primary22,Primary23
100302170,4861;Primary1,Primary2,Primary3,Primary4,Primary5,Primary7,Primary8,Primary9,Primary10,Primary11,Primary12,Primary13,Primary14,Primary15,Primary16,Primary17,Primary18,Primary19,Primary20,Primary21,Primary22,Primary23
100133669,24150,632;Primary1,Primary2,Primary3,Primary4,Primary5,Primary6,Primary7,Primary8,Primary9,Primary10,Primary11,Primary12,Primary13,Primary14,Primary15,Primary16,Primary17,Primary18,Primary19,Primary20,Primary21,Primary22
4062,57524,8153,3780;Primary1,Primary2,Primary3,Primary4,Primary5,Primary6,Primary7,Primary8,Primary9,Primary10,Primary11,Primary12,Primary13,Primary14,Primary15,Primary16,Primary17,Primary18,Primary19,Primary21,Primary22,Primary23
58524,999,22943,22941,64073;Primary1,Primary2,Primary3,Primary4,Primary5,Primary7,Primary8,Primary9,Primary10,Primary11,Primary12,Primary13,Primary14,Primary15,Primary16,Primary17,Primary18,Primary19,Primary20,Primary21,Primary22,Primary23
58524,3960;Primary1,Primary2,Primary3,Primary4,Primary5,Primary6,Primary7,Primary8,Primary9,Primary10,Primary11,Primary12,Primary13,Primary14,Primary15,Primary16,Primary18,Primary19,Primary20,Primary21,Primary22,Primary23
58524,4680,114569,22943,22941,7080,284111,64073,112268252,6473;Primary1,Primary2,Primary3,Primary4,Primary5,Primary7,Primary8,Primary9,Primary10,Primary11,Primary12,Primary13,Primary14,Primary15,Primary16,Primary17,Primary18,Primary19,Primary20,Primary21,Primary22,Primary23
8395,361,107985317;Primary1,Primary2,Primary3,Primary4,Primary5,Primary6,Primary7,Primary9,Primary10,Primary11,Primary12,Primary13,Primary14,Primary15,Primary16,Primary17,Primary18,Primary19,Primary20,Primary21,Primary22,Primary23
8395,107985317;Primary1,Primary2,Primary3,Primary4,Primary5,Primary6,Primary7,Primary8,Primary9,Primary10,Primary11,Primary12,Primary13,Primary14,Primary15,Primary16,Primary17,Primary18,Primary19,Primary20,Primary21,Primary22,Primary23
54769,6354,284266,54,4318,109729184;Primary1,Primary2,Primary3,Primary4,Primary5,Primary6,Primary7,Primary8,Primary9,Primary10,Primary11,Primary12,Primary13,Primary14,Primary15,Primary16,Primary17,Primary18,Primary19,Primary20,Primary21,Primary22,Primary23
54769,116844,284266,54,10331,4318,109729184;Primary1,Primary2,Primary3,Primary4,Primary5,Primary7,Primary8,Primary9,Primary10,Primary11,Primary12,Primary13,Primary14,Primary15,Primary16,Primary17,Primary18,Primary19,Primary20,Primary21,Primary22,Primary23
1515,105,56896,100419743,6441,441581,6751,1381,57524,4222,340596;Primary1,Primary2,Primary3,Primary4,Primary5,Primary6,Primary7,Primary9,Primary10,Primary11,Primary12,Primary13,Primary14,Primary15,Primary16,Primary17,Primary18,Primary19,Primary20,Primary21,Primary22,Primary23
1515,9118;Primary1,Primary2,Primary3,Primary4,Primary5,Primary6,Primary7,Primary8,Primary9,Primary10,Primary11,Primary12,Primary13,Primary14,Primary15,Primary16,Primary17,Primary18,Primary19,Primary21,Primary22,Primary23
1515,11081,56896,100419743,160728,1381,57524,246;Primary1,Primary2,Primary3,Primary4,Primary5,Primary6,Primary7,Primary8,Primary9,Primary10,Primary11,Primary13,Primary14,Primary15,Primary16,Primary17,Primary18,Primary19,Primary20,Primary21,Primary22,Primary23
1515,7546,56896,100419743,105,4892,57524,4222,340596;Primary1,Primary2,Primary3,Primary4,Primary5,Primary6,Primary7,Primary9,Primary10,Primary11,Primary12,Primary13,Primary14,Primary15,Primary16,Primary17,Primary18,Primary19,Primary20,Primary21,Primary22,Primary23
1515,57524,8153,3780;Primary1,Primary2,Primary3,Primary4,Primary5,Primary6,Primary7,Primary8,Primary9,Primary10,Primary11,Primary12,Primary13,Primary14,Primary15,Primary16,Primary17,Primary18,Primary19,Primary20,Primary21,Primary22,Primary23
1515,21;Primary1,Primary2,Primary3,Primary4,Primary5,Primary6,Primary7,Primary8,Primary9,Primary10,Primary11,Primary13,Primary14,Primary15,Primary16,Primary17,Primary18,Primary19,Primary20,Primary21,Primary22,Primary23
1515,2922,57524,8153,3780;Primary1,Primary2,Primary3,Primary4,Primary5,Primary6,Primary7,Primary8,Primary9,Primary10,Primary11,Primary12,Primary14,Primary15,Primary16,Primary17,Primary18,Primary19,Primary20,Primary21,Primary22,Primary23
1515,4861,56896,100419743,11081,1381,246;Primary1,Primary2,Primary3,Primary4,Primary5,Primary6,Primary7,Primary8,Primary9,Primary10,Primary11,Primary13,Primary14,Primary15,Primary16,Primary17,Primary18,Primary19,Primary20,Primary21,Primary22,Primary23
105,9211,441581,6751,1381,4222;Primary1,Primary2,Primary3,Primary4,Primary5,Primary6,Primary7,Primary8,Primary9,Primary10,Primary12,Primary13,Primary14,Primary15,Primary16,Primary17,Primary18,Primary19,Primary20,Primary21,Primary22,Primary23
105,4892,441581,1381,57524,4222,340596;Primary1,Primary2,Primary3,Primary4,Primary5,Primary6,Primary7,Primary8,Primary9,Primary10,Primary11,Primary12,Primary13,Primary14,Primary15,Primary16,Primary17,Primary18,Primary19,Primary20,Primary21,Primary22,Primary23
105,4604,4892,4222,340596;Primary1,Primary2,Primary3,Primary4,Primary5,Primary6,Primary7,Primary8,Primary9,Primary10,Primary11,Primary12,Primary13,Primary14,Primary15,Primary16,Primary18,Primary19,Primary20,Primary21,Primary22,Primary23
105,3780,56896,100419743,4892,7546,57524,4222,340596;Primary1,Primary2,Primary3,Primary4,Primary5,Primary6,Primary7,Primary9,Primary10,Primary11,Primary12,Primary13,Primary14,Primary15,Primary16,Primary17,Primary18,Primary19,Primary20,Primary21,Primary22,Primary23
83643,3229,114569,22943,22941,7080,284111,64073;Primary1,Primary2,Primary3,Primary4,Primary5,Primary6,Primary7,Primary8,Primary9,Primary10,Primary11,Primary12,Primary13,Primary14,Primary15,Primary16,Primary17,Primary18,Primary20,Primary21,Primary22,Primary23
83643,21,114569,7080;Primary1,Primary2,Primary3,Primary4,Primary5,Primary6,Primary7,Primary8,Primary9,Primary10,Primary11,Primary12,Primary13,Primary14,Primary15,Primary16,Primary17,Primary18,Primary20,Primary21,Primary22,Primary23
83643,6928,54854;Primary1,Primary2,Primary3,Primary4,Primary5,Primary6,Primary7,Primary8,Primary9,Primary10,Primary11,Primary12,Primary13,Primary14,Primary16,Primary17,Primary18,Primary19,Primary20,Primary21,Primary22,Primary23
83643,50964,10071,114569,22943,22941,7080,284111,64073;Primary1,Primary2,Primary3,Primary4,Primary5,Primary6,Primary7,Primary8,Primary9,Primary10,Primary11,Primary12,Primary13,Primary14,Primary15,Primary16,Primary17,Primary18,Primary20,Primary21,Primary22,Primary23
399726,11081,56896,1515,160728,57524,246;Primary1,Primary2,Primary3,Primary4,Primary5,Primary6,Primary7,Primary8,Primary9,Primary10,Primary11,Primary13,Primary14,Primary15,Primary16,Primary17,Primary18,Primary19,Primary20,Primary21,Primary22,Primary23
399726,2922;Primary1,Primary2,Primary3,Primary4,Primary5,Primary6,Primary7,Primary9,Primary10,Primary11,Primary12,Primary13,Primary14,Primary15,Primary16,Primary17,Primary18,Primary19,Primary20,Primary21,Primary22,Primary23
399726,3780,56896,100419743,1515;Primary1,Primary2,Primary3,Primary4,Primary5,Primary6,Primary7,Primary8,Primary9,Primary10,Primary11,Primary12,Primary13,Primary14,Primary16,Primary17,Primary18,Primary19,Primary20,Primary21,Primary22,Primary23
693188,8091;Primary1,Primary2,Primary3,Primary4,Primary5,Primary6,Primary7,Primary8,Primary9,Primary11,Primary12,Primary13,Primary14,Primary15,Primary16,Primary17,Primary18,Primary19,Primary20,Primary21,Primary22,Primary23
22943,3960,22941,5346,284111,64073;Primary2,Primary3,Primary4,Primary5,Primary6,Primary7,Primary8,Primary9,Primary10,Primary11,Primary12,Primary13,Primary14,Primary15,Primary16,Primary17,Primary18,Primary19,Primary20,Primary21,Primary22,Primary23
65217,4680,79098,112268422,33,4057,11148,131873,3856,113218482,112268252;Primary1,Primary2,Primary3,Primary4,Primary5,Primary6,Primary7,Primary8,Primary9,Primary10,Primary11,Primary12,Primary13,Primary14,Primary16,Primary17,Primary18,Primary19,Primary20,Primary21,Primary22,Primary23
65217,388555,33,4057,11148,131873,3856,113218482,112268252;Primary1,Primary2,Primary3,Primary4,Primary5,Primary6,Primary7,Primary8,Primary9,Primary10,Primary11,Primary12,Primary13,Primary14,Primary15,Primary16,Primary17,Primary18,Primary19,Primary20,Primary21,Primary22,Primary23
729238,653509;Primary1,Primary2,Primary3,Primary4,Primary5,Primary6,Primary7,Primary8,Primary9,Primary10,Primary11,Primary12,Primary13,Primary14,Primary15,Primary16,Primary17,Primary18,Primary19,Primary20,Primary21,Primary22,Primary23
729238,7080;Primary1,Primary2,Primary3,Primary4,Primary5,Primary6,Primary7,Primary8,Primary9,Primary10,Primary11,Primary12,Primary13,Primary14,Primary15,Primary16,Primary17,Primary18,Primary19,Primary20,Primary21,Primary22,Primary23
729238,92086;Primary1,Primary2,Primary3,Primary4,Primary5,Primary6,Primary7,Primary8,Primary9,Primary10,Primary11,Primary12,Primary13,Primary14,Primary15,Primary16,Primary17,Primary18,Primary19,Primary20,Primary21,Primary22
729238,6473,7080;Primary1,Primary2,Primary3,Primary4,Primary5,Primary7,Primary8,Primary9,Primary10,Primary11,Primary12,Primary13,Primary14,Primary15,Primary16,Primary17,Primary18,Primary19,Primary20,Primary21,Primary22,Primary23
6441,2065,105,441581,6751,1381,4222,340596;Primary2,Primary3,Primary4,Primary5,Primary6,Primary7,Primary8,Primary9,Primary10,Primary11,Primary12,Primary13,Primary14,Primary15,Primary16,Primary17,Primary18,Primary19,Primary20,Primary21,Primary22,Primary23
6441,8091;Primary1,Primary2,Primary3,Primary4,Primary5,Primary6,Primary7,Primary8,Primary9,Primary10,Primary11,Primary12,Primary13,Primary14,Primary15,Primary16,Primary17,Primary18,Primary19,Primary20,Primary21,Primary22,Primary23
4892,5545;Primary1,Primary2,Primary3,Primary4,Primary5,Primary6,Primary8,Primary9,Primary10,Primary11,Primary12,Primary13,Primary14,Primary15,Primary16,Primary17,Primary18,Primary19,Primary20,Primary21,Primary22,Primary23
4892,4604,105369937;Primary1,Primary2,Primary3,Primary4,Primary5,Primary6,Primary7,Primary8,Primary9,Primary10,Primary11,Primary12,Primary13,Primary14,Primary15,Primary16,Primary17,Primary18,Primary19,Primary20,Primary21,Primary22,Primary23
4892,4606,4604,105369937;Primary1,Primary2,Primary3,Primary4,Primary5,Primary6,Primary7,Primary8,Primary9,Primary10,Primary11,Primary12,Primary13,Primary15,Primary16,Primary17,Primary18,Primary19,Primary20,Primary21,Primary22,Primary23
4583,4586;Primary1,Primary2,Primary3,Primary4,Primary5,Primary6,Primary7,Primary8,Primary9,Primary10,Primary11,Primary12,Primary13,Primary14,Primary15,Primary16,Primary17,Primary18,Primary19,Primary21,Primary22,Primary23
4586,6532;Primary1,Primary2,Primary3,Primary4,Primary5,Primary6,Primary7,Primary8,Primary9,Primary10,Primary11,Primary12,Primary13,Primary14,Primary15,Primary17,Primary18,Primary19,Primary20,Primary21,Primary22,Primary23
727897,112577518,646480,85349,218;Primary1,Primary3,Primary4,Primary5,Primary6,Primary7,Primary8,Primary9,Primary10,Primary11,Primary12,Primary13,Primary14,Primary15,Primary16,Primary17,Primary18,Primary19,Primary20,Primary21,Primary22,Primary23
727897,11254,85349;Primary1,Primary2,Primary3,Primary4,Primary5,Primary6,Primary7,Primary8,Primary9,Primary10,Primary11,Primary12,Primary13,Primary14,Primary15,Primary16,Primary17,Primary18,Primary19,Primary20,Primary21,Primary22,Primary23
112577518,85349,117156,646480,1770,218;Primary1,Primary3,Primary4,Primary5,Primary6,Primary7,Primary8,Primary9,Primary10,Primary11,Primary12,Primary13,Primary14,Primary15,Primary16,Primary17,Primary18,Primary19,Primary20,Primary21,Primary22,Primary23
112577518,11254,727897,85349;Primary1,Primary3,Primary4,Primary5,Primary6,Primary7,Primary8,Primary9,Primary10,Primary11,Primary12,Primary13,Primary14,Primary15,Primary16,Primary17,Primary18,Primary19,Primary20,Primary21,Primary22,Primary23
390083,196335,24150,89765,4693;Primary1,Primary2,Primary3,Primary4,Primary5,Primary6,Primary7,Primary8,Primary9,Primary10,Primary11,Primary12,Primary13,Primary14,Primary15,Primary16,Primary17,Primary18,Primary19,Primary20,Primary21,Primary22,Primary23
390083,606,632,24150,1555;Primary1,Primary2,Primary3,Primary4,Primary5,Primary6,Primary7,Primary9,Primary10,Primary11,Primary12,Primary13,Primary14,Primary15,Primary16,Primary17,Primary18,Primary19,Primary20,Primary21,Primary22,Primary23
390083,110806280,196335;Primary1,Primary2,Primary3,Primary4,Primary5,Primary6,Primary7,Primary8,Primary9,Primary10,Primary11,Primary12,Primary13,Primary14,Primary15,Primary16,Primary17,Primary18,Primary19,Primary20,Primary21,Primary22,Primary23
196335,9476,24150;Primary1,Primary2,Primary3,Primary4,Primary5,Primary6,Primary7,Primary8,Primary9,Primary10,Primary12,Primary13,Primary14,Primary15,Primary16,Primary17,Primary18,Primary19,Primary20,Primary21,Primary22,Primary23
196335,9622;Primary1,Primary2,Primary3,Primary4,Primary5,Primary6,Primary7,Primary8,Primary9,Primary10,Primary11,Primary12,Primary13,Primary14,Primary15,Primary16,Primary17,Primary18,Primary19,Primary20,Primary21,Primary22,Primary23
22941,100033430;Primary1,Primary2,Primary3,Primary4,Primary5,Primary6,Primary7,Primary8,Primary9,Primary10,Primary11,Primary12,Primary13,Primary14,Primary16,Primary17,Primary18,Primary19,Primary20,Primary21,Primary22,Primary23
6337,55567,5349;Primary1,Primary2,Primary3,Primary4,Primary5,Primary7,Primary8,Primary9,Primary10,Primary11,Primary12,Primary13,Primary14,Primary15,Primary16,Primary17,Primary18,Primary19,Primary20,Primary21,Primary22,Primary23
5544,5545;Primary1,Primary2,Primary3,Primary4,Primary5,Primary6,Primary7,Primary8,Primary9,Primary10,Primary11,Primary12,Primary13,Primary14,Primary15,Primary16,Primary17,Primary18,Primary19,Primary20,Primary21,Primary22,Primary23
5544,57524,5545,3780;Primary1,Primary2,Primary3,Primary4,Primary5,Primary6,Primary7,Primary9,Primary10,Primary11,Primary12,Primary13,Primary14,Primary15,Primary16,Primary17,Primary18,Primary19,Primary20,Primary21,Primary22,Primary23
5544,3219,5545;Primary1,Primary2,Primary4,Primary5,Primary6,Primary7,Primary8,Primary9,Primary10,Primary11,Primary12,Primary13,Primary14,Primary15,Primary16,Primary17,Primary18,Primary19,Primary20,Primary21,Primary22,Primary23
5544,388555,5545;Primary1,Primary2,Primary3,Primary4,Primary5,Primary7,Primary8,Primary9,Primary10,Primary11,Primary12,Primary13,Primary14,Primary15,Primary16,Primary17,Primary18,Primary19,Primary20,Primary21,Primary22,Primary23
5544,340596,5545;Primary1,Primary2,Primary4,Primary5,Primary6,Primary7,Primary8,Primary9,Primary10,Primary11,Primary12,Primary13,Primary14,Primary15,Primary16,Primary17,Primary18,Primary19,Primary20,Primary21,Primary22,Primary23
5545,3219;Primary1,Primary2,Primary3,Primary4,Primary5,Primary6,Primary7,Primary8,Primary9,Primary10,Primary11,Primary12,Primary13,Primary14,Primary15,Primary16,Primary17,Primary18,Primary19,Primary20,Primary21,Primary22,Primary23
5545,340596;Primary1,Primary2,Primary3,Primary4,Primary5,Primary6,Primary7,Primary8,Primary9,Primary10,Primary11,Primary12,Primary14,Primary15,Primary16,Primary17,Primary18,Primary19,Primary20,Primary21,Primary22,Primary23
10599,5053;Primary1,Primary2,Primary3,Primary4,Primary5,Primary6,Primary7,Primary8,Primary9,Primary10,Primary12,Primary13,Primary14,Primary15,Primary16,Primary17,Primary18,Primary19,Primary20,Primary21,Primary22,Primary23
10599,9622;Primary1,Primary2,Primary3,Primary4,Primary5,Primary6,Primary7,Primary9,Primary10,Primary11,Primary12,Primary13,Primary14,Primary15,Primary16,Primary17,Primary18,Primary19,Primary20,Primary21,Primary22,Primary23
120892,146177,6332,284434;Primary1,Primary2,Primary3,Primary4,Primary5,Primary6,Primary7,Primary8,Primary9,Primary10,Primary11,Primary13,Primary14,Primary15,Primary16,Primary17,Primary18,Primary19,Primary20,Primary21,Primary22,Primary23
120892,503640;Primary1,Primary2,Primary3,Primary4,Primary5,Primary6,Primary7,Primary8,Primary9,Primary10,Primary11,Primary12,Primary13,Primary14,Primary15,Primary16,Primary17,Primary18,Primary19,Primary20,Primary21,Primary22,Primary23
120892,94025,105372793,6523;Primary1,Primary2,Primary3,Primary5,Primary6,Primary7,Primary8,Primary9,Primary10,Primary11,Primary12,Primary13,Primary14,Primary15,Primary16,Primary17,Primary18,Primary19,Primary20,Primary21,Primary22,Primary23
120892,105372793,6523;Primary1,Primary2,Primary3,Primary4,Primary5,Primary6,Primary7,Primary8,Primary9,Primary10,Primary11,Primary12,Primary13,Primary14,Primary15,Primary16,Primary17,Primary18,Primary19,Primary20,Primary21,Primary22,Primary23
120892,2277,79098,112268422,4057,11148,113218482,112268252,105372793,6523;Primary2,Primary3,Primary4,Primary5,Primary6,Primary7,Primary8,Primary9,Primary10,Primary11,Primary12,Primary13,Primary14,Primary15,Primary16,Primary17,Primary18,Primary19,Primary20,Primary21,Primary22,Primary23
107984498,94025,103504738;Primary1,Primary2,Primary3,Primary4,Primary5,Primary6,Primary7,Primary8,Primary9,Primary10,Primary11,Primary12,Primary13,Primary14,Primary15,Primary16,Primary17,Primary18,Primary19,Primary20,Primary21,Primary22,Primary23
107984498,102466759,4057,11148,306,3856,113218482,94025,112268252,2277;Primary1,Primary2,Primary3,Primary5,Primary6,Primary7,Primary8,Primary9,Primary10,Primary11,Primary12,Primary13,Primary14,Primary15,Primary16,Primary17,Primary18,Primary19,Primary20,Primary21,Primary22,Primary23
3856,102466759,4057,11148,131873,306,113218482,4680,112268252;Primary1,Primary2,Primary3,Primary4,Primary5,Primary6,Primary7,Primary8,Primary9,Primary10,Primary11,Primary12,Primary13,Primary14,Primary16,Primary17,Primary18,Primary19,Primary20,Primary21,Primary22,Primary23
113218482,116844,79098;Primary1,Primary2,Primary3,Primary4,Primary5,Primary6,Primary7,Primary8,Primary9,Primary10,Primary11,Primary12,Primary13,Primary14,Primary15,Primary17,Primary18,Primary19,Primary20,Primary21,Primary22,Primary23
3229,21,114569,22943,22941,7080,284111,64073;Primary1,Primary2,Primary3,Primary4,Primary5,Primary6,Primary7,Primary9,Primary10,Primary11,Primary12,Primary13,Primary14,Primary15,Primary16,Primary17,Primary18,Primary19,Primary20,Primary21,Primary22,Primary23
3229,999,22943,22941,7080,284111,64073;Primary2,Primary3,Primary4,Primary5,Primary6,Primary7,Primary8,Primary9,Primary10,Primary11,Primary12,Primary13,Primary14,Primary15,Primary16,Primary17,Primary18,Primary19,Primary20,Primary21,Primary22,Primary23
3229,4680,9228,114569,22943,22941,7080,284111,50964,64073,112268252;Primary1,Primary2,Primary3,Primary4,Primary5,Primary7,Primary8,Primary9,Primary10,Primary11,Primary12,Primary13,Primary14,Primary15,Primary16,Primary17,Primary18,Primary19,Primary20,Primary21,Primary22,Primary23
8091,100129940,57111,10568;Primary1,Primary2,Primary3,Primary4,Primary5,Primary7,Primary8,Primary9,Primary10,Primary11,Primary12,Primary13,Primary14,Primary15,Primary16,Primary17,Primary18,Primary19,Primary20,Primary21,Primary22,Primary23
8091,767566,388555;Primary1,Primary2,Primary3,Primary4,Primary5,Primary6,Primary7,Primary8,Primary9,Primary10,Primary11,Primary12,Primary13,Primary14,Primary15,Primary16,Primary17,Primary18,Primary19,Primary20,Primary21,Primary22,Primary23
8091,94025,79098,4057,11148,131873,306,3856,113218482,112268252;Primary1,Primary2,Primary3,Primary4,Primary5,Primary6,Primary7,Primary8,Primary9,Primary10,Primary11,Primary13,Primary14,Primary15,Primary16,Primary17,Primary18,Primary19,Primary20,Primary21,Primary22,Primary23
8091,6523,79098,112268422,33,4057,11148,131873,306,3856,113218482,112268252,388555,105372793;Primary1,Primary2,Primary3,Primary4,Primary5,Primary6,Primary7,Primary8,Primary9,Primary10,Primary11,Primary13,Primary14,Primary15,Primary16,Primary17,Primary18,Primary19,Primary20,Primary21,Primary22,Primary23
100129940,7546,10568;Primary1,Primary2,Primary3,Primary4,Primary5,Primary6,Primary7,Primary8,Primary9,Primary10,Primary11,Primary12,Primary13,Primary14,Primary15,Primary17,Primary18,Primary19,Primary20,Primary21,Primary22,Primary23
100129940,340596,57111,10568;Primary1,Primary2,Primary3,Primary4,Primary5,Primary6,Primary7,Primary8,Primary10,Primary11,Primary12,Primary13,Primary14,Primary15,Primary16,Primary17,Primary18,Primary19,Primary20,Primary21,Primary22,Primary23
11081,3780,56896,100419743,1381,57524;Primary1,Primary2,Primary3,Primary4,Primary5,Primary6,Primary7,Primary8,Primary9,Primary10,Primary11,Primary13,Primary14,Primary15,Primary16,Primary17,Primary18,Primary19,Primary20,Primary21,Primary22,Primary23
160728,81832;Primary1,Primary2,Primary3,Primary4,Primary5,Primary6,Primary7,Primary9,Primary10,Primary11,Primary12,Primary13,Primary14,Primary15,Primary16,Primary17,Primary18,Primary19,Primary20,Primary21,Primary22,Primary23
160728,100423031;Primary1,Primary2,Primary3,Primary4,Primary5,Primary6,Primary7,Primary9,Primary10,Primary11,Primary12,Primary13,Primary14,Primary15,Primary16,Primary17,Primary18,Primary19,Primary20,Primary21,Primary22,Primary23
4604,29895,105369937,4606;Primary1,Primary2,Primary3,Primary4,Primary5,Primary6,Primary7,Primary8,Primary9,Primary10,Primary11,Primary12,Primary13,Primary14,Primary15,Primary16,Primary17,Primary18,Primary19,Primary20,Primary21,Primary22,Primary23
4604,7125,105369937,29895,4606;Primary1,Primary2,Primary3,Primary4,Primary5,Primary6,Primary7,Primary8,Primary9,Primary10,Primary11,Primary13,Primary14,Primary15,Primary16,Primary17,Primary18,Primary19,Primary20,Primary21,Primary22,Primary23
105369937,123624;Primary1,Primary2,Primary3,Primary4,Primary5,Primary6,Primary8,Primary9,Primary10,Primary11,Primary12,Primary13,Primary14,Primary15,Primary16,Primary17,Primary18,Primary19,Primary20,Primary21,Primary22,Primary23
105369937,7125,29895,4606;Primary1,Primary2,Primary3,Primary4,Primary5,Primary6,Primary7,Primary8,Primary9,Primary10,Primary11,Primary12,Primary13,Primary14,Primary15,Primary16,Primary17,Primary18,Primary19,Primary20,Primary21,Primary22,Primary23
5053,255189,128674;Primary1,Primary2,Primary3,Primary4,Primary5,Primary6,Primary7,Primary8,Primary9,Primary10,Primary11,Primary12,Primary13,Primary14,Primary15,Primary16,Primary17,Primary18,Primary19,Primary20,Primary21,Primary22,Primary23
7546,57524,10568,4222,340596;Primary1,Primary2,Primary3,Primary4,Primary5,Primary6,Primary7,Primary8,Primary9,Primary10,Primary11,Primary12,Primary13,Primary14,Primary15,Primary16,Primary17,Primary18,Primary19,Primary20,Primary21,Primary22,Primary23
7546,2922,57524,8153,3780;Primary1,Primary2,Primary3,Primary4,Primary5,Primary6,Primary7,Primary8,Primary9,Primary10,Primary11,Primary12,Primary14,Primary15,Primary16,Primary17,Primary18,Primary19,Primary20,Primary21,Primary22,Primary23
7546,3780,57524,8153;Primary1,Primary2,Primary3,Primary4,Primary5,Primary6,Primary7,Primary8,Primary9,Primary10,Primary11,Primary12,Primary13,Primary14,Primary15,Primary16,Primary17,Primary18,Primary19,Primary20,Primary21,Primary22,Primary23
7546,388555,57524,8153;Primary1,Primary2,Primary3,Primary4,Primary5,Primary7,Primary8,Primary9,Primary10,Primary11,Primary12,Primary13,Primary14,Primary15,Primary16,Primary17,Primary18,Primary19,Primary20,Primary21,Primary22,Primary23
253970,103504738,115019,353189,10595;Primary1,Primary2,Primary3,Primary4,Primary5,Primary7,Primary8,Primary9,Primary10,Primary11,Primary12,Primary13,Primary14,Primary15,Primary16,Primary17,Primary18,Primary19,Primary20,Primary21,Primary22,Primary23
253970,84700;Primary1,Primary2,Primary3,Primary5,Primary6,Primary7,Primary8,Primary9,Primary10,Primary11,Primary12,Primary13,Primary14,Primary15,Primary16,Primary17,Primary18,Primary19,Primary20,Primary21,Primary22,Primary23
7080,57524,1515,7546,8153,3780;Primary1,Primary2,Primary3,Primary4,Primary5,Primary6,Primary7,Primary8,Primary9,Primary10,Primary11,Primary12,Primary13,Primary14,Primary16,Primary17,Primary18,Primary19,Primary20,Primary21,Primary22,Primary23
767566,767567;Primary1,Primary2,Primary3,Primary4,Primary5,Primary7,Primary8,Primary9,Primary10,Primary11,Primary12,Primary13,Primary14,Primary15,Primary16,Primary17,Primary18,Primary19,Primary20,Primary21,Primary22,Primary23
767566,8153,3780;Primary1,Primary2,Primary3,Primary4,Primary5,Primary7,Primary8,Primary9,Primary10,Primary11,Primary12,Primary13,Primary14,Primary15,Primary16,Primary17,Primary18,Primary19,Primary20,Primary21,Primary22,Primary23
767566,4680,406969,33,4057,11148,131873,306,3856,113218482,112268252;Primary1,Primary2,Primary3,Primary4,Primary5,Primary6,Primary7,Primary8,Primary9,Primary10,Primary11,Primary12,Primary13,Primary14,Primary16,Primary17,Primary18,Primary19,Primary20,Primary21,Primary22,Primary23
767566,6523,79098,112268422,33,4057,11148,131873,306,3856,113218482,112268252;Primary1,Primary2,Primary3,Primary4,Primary5,Primary6,Primary7,Primary9,Primary10,Primary11,Primary12,Primary13,Primary14,Primary15,Primary16,Primary17,Primary18,Primary19,Primary20,Primary21,Primary22,Primary23
767567,57524,7546,8153,3780;Primary1,Primary2,Primary3,Primary4,Primary5,Primary6,Primary7,Primary8,Primary9,Primary10,Primary11,Primary12,Primary13,Primary15,Primary16,Primary17,Primary18,Primary19,Primary20,Primary21,Primary22,Primary23
767567,81832;Primary1,Primary2,Primary3,Primary4,Primary5,Primary6,Primary7,Primary8,Primary9,Primary10,Primary11,Primary12,Primary14,Primary15,Primary16,Primary17,Primary18,Primary19,Primary20,Primary21,Primary22,Primary23
606,766;Primary1,Primary2,Primary3,Primary4,Primary5,Primary6,Primary7,Primary8,Primary9,Primary10,Primary11,Primary12,Primary13,Primary14,Primary15,Primary16,Primary17,Primary18,Primary19,Primary20,Primary21,Primary22,Primary23
606,27134;Primary1,Primary2,Primary3,Primary4,Primary5,Primary6,Primary7,Primary8,Primary9,Primary10,Primary11,Primary12,Primary13,Primary14,Primary15,Primary16,Primary17,Primary18,Primary19,Primary20,Primary21,Primary23
100033430,253982,79740;Primary1,Primary2,Primary3,Primary4,Primary5,Primary6,Primary7,Primary8,Primary9,Primary10,Primary11,Primary12,Primary13,Primary14,Primary15,Primary16,Primary17,Primary19,Primary20,Primary21,Primary22,Primary23
100033430,284111,5225;Primary1,Primary2,Primary3,Primary4,Primary5,Primary6,Primary7,Primary8,Primary9,Primary10,Primary11,Primary12,Primary13,Primary14,Primary16,Primary17,Primary18,Primary19,Primary20,Primary21,Primary22,Primary23
255189,9622,5053;Primary1,Primary2,Primary3,Primary4,Primary5,Primary6,Primary7,Primary8,Primary9,Primary10,Primary12,Primary13,Primary14,Primary15,Primary16,Primary17,Primary18,Primary19,Primary20,Primary21,Primary22,Primary23
1381,27134,56896,100419743,5225,11081,160728,246;Primary1,Primary2,Primary3,Primary4,Primary5,Primary6,Primary7,Primary8,Primary9,Primary10,Primary11,Primary13,Primary14,Primary15,Primary16,Primary17,Primary18,Primary19,Primary20,Primary21,Primary22,Primary23
5346,5349,999;Primary2,Primary3,Primary4,Primary5,Primary6,Primary7,Primary8,Primary9,Primary10,Primary11,Primary12,Primary13,Primary14,Primary15,Primary16,Primary17,Primary18,Primary19,Primary20,Primary21,Primary22,Primary23
5346,4680,9228;Primary2,Primary3,Primary4,Primary5,Primary6,Primary7,Primary8,Primary9,Primary10,Primary11,Primary12,Primary13,Primary14,Primary15,Primary16,Primary17,Primary18,Primary19,Primary20,Primary21,Primary22,Primary23
5346,6473,10071,9228,64073;Primary2,Primary3,Primary4,Primary5,Primary6,Primary7,Primary8,Primary9,Primary10,Primary11,Primary12,Primary13,Primary14,Primary15,Primary16,Primary17,Primary18,Primary19,Primary20,Primary21,Primary22,Primary23
103504738,102466759,79098,4057,11148,131873,306,3856,113218482,94025,112268252;Primary1,Primary2,Primary3,Primary5,Primary6,Primary7,Primary8,Primary9,Primary10,Primary11,Primary12,Primary13,Primary14,Primary15,Primary16,Primary17,Primary18,Primary19,Primary20,Primary21,Primary22,Primary23
728276,6928,54854;Primary1,Primary2,Primary3,Primary4,Primary5,Primary6,Primary7,Primary8,Primary9,Primary10,Primary11,Primary12,Primary13,Primary14,Primary15,Primary16,Primary17,Primary18,Primary19,Primary20,Primary21,Primary22,Primary23
79838,55567;Primary1,Primary2,Primary3,Primary4,Primary5,Primary6,Primary8,Primary9,Primary10,Primary11,Primary12,Primary13,Primary14,Primary15,Primary16,Primary17,Primary18,Primary19,Primary20,Primary21,Primary22,Primary23
146177,6523,6332;Primary1,Primary2,Primary3,Primary4,Primary5,Primary6,Primary7,Primary8,Primary9,Primary10,Primary11,Primary12,Primary13,Primary15,Primary16,Primary17,Primary18,Primary19,Primary20,Primary21,Primary22,Primary23
146177,2277,33,3856,113218482;Primary2,Primary3,Primary4,Primary5,Primary6,Primary7,Primary8,Primary9,Primary10,Primary11,Primary12,Primary13,Primary14,Primary15,Primary16,Primary17,Primary18,Primary19,Primary20,Primary21,Primary22,Primary23
24150,766;Primary1,Primary2,Primary3,Primary4,Primary5,Primary6,Primary7,Primary9,Primary10,Primary11,Primary12,Primary13,Primary14,Primary15,Primary16,Primary17,Primary18,Primary19,Primary20,Primary21,Primary22,Primary23
24150,110806280,390083,196335,89765,4693;Primary2,Primary3,Primary4,Primary5,Primary6,Primary7,Primary8,Primary9,Primary10,Primary11,Primary12,Primary13,Primary14,Primary15,Primary16,Primary17,Primary18,Primary19,Primary20,Primary21,Primary22,Primary23
766,728226;Primary1,Primary2,Primary3,Primary4,Primary5,Primary6,Primary7,Primary8,Primary9,Primary10,Primary11,Primary12,Primary13,Primary14,Primary15,Primary16,Primary17,Primary18,Primary19,Primary20,Primary21,Primary23
999,5349;Primary1,Primary2,Primary3,Primary4,Primary5,Primary6,Primary7,Primary8,Primary9,Primary10,Primary11,Primary12,Primary13,Primary14,Primary15,Primary16,Primary17,Primary18,Primary19,Primary20,Primary21,Primary22,Primary23
93517,246100,1485;Primary1,Primary2,Primary3,Primary4,Primary5,Primary6,Primary7,Primary8,Primary10,Primary11,Primary12,Primary13,Primary14,Primary15,Primary16,Primary17,Primary18,Primary19,Primary20,Primary21,Primary22,Primary23
1770,6532;Primary1,Primary2,Primary3,Primary4,Primary5,Primary6,Primary7,Primary9,Primary10,Primary11,Primary12,Primary13,Primary14,Primary15,Primary16,Primary17,Primary18,Primary19,Primary20,Primary21,Primary22,Primary23
1770,105372793,646480,85349,218;Primary1,Primary2,Primary3,Primary4,Primary5,Primary7,Primary8,Primary9,Primary10,Primary11,Primary12,Primary13,Primary14,Primary15,Primary16,Primary17,Primary18,Primary19,Primary20,Primary21,Primary22,Primary23
6532,27134,5225;Primary1,Primary2,Primary4,Primary5,Primary6,Primary7,Primary8,Primary9,Primary10,Primary11,Primary12,Primary13,Primary14,Primary15,Primary16,Primary17,Primary18,Primary19,Primary20,Primary21,Primary22,Primary23
6532,728226;Primary1,Primary2,Primary4,Primary5,Primary6,Primary7,Primary8,Primary9,Primary10,Primary11,Primary12,Primary13,Primary14,Primary15,Primary16,Primary17,Primary18,Primary19,Primary20,Primary21,Primary22,Primary23
503640,284434,6332,120892;Primary1,Primary3,Primary4,Primary5,Primary6,Primary7,Primary8,Primary9,Primary10,Primary11,Primary12,Primary13,Primary14,Primary15,Primary16,Primary17,Primary18,Primary19,Primary20,Primary21,Primary22,Primary23
6354,10331,54769,284266,54,4318,109729184;Primary1,Primary2,Primary3,Primary4,Primary5,Primary6,Primary7,Primary8,Primary9,Primary10,Primary11,Primary12,Primary14,Primary15,Primary16,Primary17,Primary18,Primary19,Primary20,Primary21,Primary22,Primary23
762,54084;Primary1,Primary2,Primary3,Primary4,Primary5,Primary6,Primary7,Primary8,Primary9,Primary10,Primary12,Primary13,Primary14,Primary15,Primary16,Primary17,Primary18,Primary19,Primary20,Primary21,Primary22,Primary23
361,107985317,84525,353189,10595;Primary1,Primary2,Primary3,Primary4,Primary5,Primary6,Primary7,Primary9,Primary10,Primary11,Primary12,Primary13,Primary14,Primary15,Primary16,Primary17,Primary18,Primary19,Primary20,Primary21,Primary22,Primary23
27134,4861,56896,100419743,5225,11081,160728,246;Primary1,Primary2,Primary3,Primary4,Primary5,Primary6,Primary7,Primary8,Primary9,Primary10,Primary11,Primary12,Primary13,Primary14,Primary15,Primary16,Primary17,Primary19,Primary20,Primary21,Primary22,Primary23
2208,54;Primary1,Primary2,Primary3,Primary4,Primary5,Primary6,Primary7,Primary8,Primary9,Primary10,Primary11,Primary12,Primary13,Primary14,Primary15,Primary16,Primary17,Primary18,Primary19,Primary20,Primary21,Primary22
94025,4680,79098,4057,11148,306,3856,113218482,112268252;Primary1,Primary2,Primary3,Primary4,Primary5,Primary6,Primary7,Primary8,Primary9,Primary10,Primary11,Primary12,Primary13,Primary14,Primary16,Primary17,Primary18,Primary19,Primary20,Primary21,Primary22,Primary23
94025,388555,33,4057,11148,131873,306,65217,3856,113218482,112268252;Primary1,Primary2,Primary3,Primary5,Primary6,Primary7,Primary8,Primary9,Primary10,Primary11,Primary12,Primary13,Primary14,Primary15,Primary16,Primary17,Primary18,Primary19,Primary20,Primary21,Primary22,Primary23
94025,105372793,79098,112268422,33,4057,11148,131873,306,3856,113218482,112268252,6523;Primary1,Primary2,Primary3,Primary5,Primary6,Primary7,Primary8,Primary9,Primary10,Primary11,Primary12,Primary13,Primary14,Primary15,Primary16,Primary17,Primary18,Primary19,Primary20,Primary21,Primary22,Primary23
94025,28824,79098,4057,11148,306,113218482,112268252;Primary1,Primary2,Primary3,Primary4,Primary6,Primary7,Primary8,Primary9,Primary10,Primary11,Primary12,Primary13,Primary14,Primary15,Primary16,Primary17,Primary18,Primary19,Primary20,Primary21,Primary22,Primary23
94025,2277,79098,112268422,4057,11148,306,3856,113218482,112268252,105372793,6523;Primary1,Primary2,Primary3,Primary5,Primary6,Primary7,Primary8,Primary9,Primary10,Primary11,Primary12,Primary13,Primary14,Primary15,Primary16,Primary17,Primary18,Primary19,Primary20,Primary21,Primary22,Primary23
54,4693,200407;Primary1,Primary2,Primary3,Primary4,Primary5,Primary6,Primary7,Primary8,Primary9,Primary10,Primary11,Primary12,Primary13,Primary14,Primary15,Primary16,Primary17,Primary18,Primary19,Primary20,Primary21,Primary23
284434,6523,120892;Primary1,Primary2,Primary4,Primary5,Primary6,Primary7,Primary8,Primary9,Primary10,Primary11,Primary12,Primary13,Primary14,Primary15,Primary16,Primary17,Primary18,Primary19,Primary20,Primary21,Primary22,Primary23
110806280,5675;Primary1,Primary2,Primary3,Primary4,Primary5,Primary6,Primary7,Primary8,Primary9,Primary10,Primary11,Primary12,Primary13,Primary14,Primary15,Primary16,Primary17,Primary18,Primary19,Primary20,Primary21,Primary23
3960,84518;Primary1,Primary2,Primary3,Primary4,Primary5,Primary6,Primary7,Primary9,Primary10,Primary11,Primary12,Primary13,Primary14,Primary15,Primary16,Primary17,Primary18,Primary19,Primary20,Primary21,Primary22,Primary23
4680,388555,79098,33,4057,11148,131873,306,3856,113218482,112268252;Primary1,Primary2,Primary3,Primary4,Primary5,Primary6,Primary7,Primary8,Primary9,Primary10,Primary11,Primary12,Primary13,Primary14,Primary16,Primary17,Primary18,Primary19,Primary20,Primary21,Primary22,Primary23
4680,2277,79098,112268422,4057,11148,306,3856,113218482,112268252,105372793,6523;Primary1,Primary2,Primary3,Primary4,Primary5,Primary6,Primary7,Primary8,Primary9,Primary10,Primary11,Primary12,Primary13,Primary14,Primary16,Primary17,Primary18,Primary19,Primary20,Primary21,Primary22,Primary23
5675,4693;Primary2,Primary3,Primary4,Primary5,Primary6,Primary7,Primary8,Primary9,Primary10,Primary11,Primary12,Primary13,Primary14,Primary15,Primary16,Primary17,Primary18,Primary19,Primary20,Primary21,Primary22,Primary23
388555,6523,79098,112268422,33,4057,201625,11148,131873,306,3856,113218482,112268252,105372793;Primary1,Primary2,Primary3,Primary4,Primary5,Primary6,Primary7,Primary8,Primary9,Primary10,Primary11,Primary13,Primary14,Primary15,Primary16,Primary17,Primary18,Primary19,Primary20,Primary21,Primary22,Primary23
388555,340596,5545;Primary1,Primary2,Primary3,Primary4,Primary5,Primary7,Primary8,Primary9,Primary10,Primary11,Primary12,Primary13,Primary14,Primary15,Primary16,Primary17,Primary18,Primary19,Primary20,Primary21,Primary22,Primary23
9622,128674,200373,5053;Primary1,Primary2,Primary3,Primary4,Primary5,Primary6,Primary7,Primary8,Primary9,Primary10,Primary11,Primary12,Primary13,Primary14,Primary15,Primary16,Primary17,Primary18,Primary19,Primary20,Primary21,Primary22
92086,84700;Primary1,Primary2,Primary3,Primary4,Primary5,Primary6,Primary7,Primary8,Primary9,Primary10,Primary11,Primary12,Primary13,Primary14,Primary15,Primary16,Primary17,Primary18,Primary19,Primary20,Primary21,Primary22
28824,6523,79098,112268422,33,4057,201625,11148,131873,3856,113218482,112268252,105372793;Primary1,Primary2,Primary3,Primary4,Primary6,Primary7,Primary8,Primary9,Primary10,Primary11,Primary12,Primary13,Primary14,Primary15,Primary16,Primary17,Primary18,Primary19,Primary20,Primary21,Primary22,Primary23
28824,2277,79098,112268422,4057,11148,306,3856,113218482,112268252,105372793,6523;Primary1,Primary2,Primary3,Primary4,Primary6,Primary7,Primary8,Primary9,Primary10,Primary11,Primary12,Primary13,Primary14,Primary15,Primary16,Primary17,Primary18,Primary19,Primary20,Primary21,Primary22,Primary23
28824,102466759,4057,11148,131873,306,113218482,112268252;Primary1,Primary2,Primary3,Primary4,Primary6,Primary7,Primary8,Primary9,Primary10,Primary11,Primary12,Primary13,Primary14,Primary15,Primary16,Primary17,Primary18,Primary19,Primary20,Primary21,Primary22,Primary23
26609,30848;Primary1,Primary2,Primary3,Primary4,Primary5,Primary6,Primary7,Primary8,Primary9,Primary10,Primary11,Primary12,Primary14,Primary15,Primary16,Primary17,Primary18,Primary19,Primary20,Primary21,Primary22,Primary23
2277,102466759,79098,4057,11148,306,3856,113218482,94025,112268252;Primary1,Primary2,Primary3,Primary5,Primary6,Primary7,Primary8,Primary9,Primary10,Primary11,Primary12,Primary13,Primary14,Primary15,Primary16,Primary17,Primary18,Primary19,Primary20,Primary21,Primary22,Primary23
4693,11254;Primary1,Primary2,Primary4,Primary5,Primary6,Primary7,Primary8,Primary9,Primary10,Primary11,Primary12,Primary13,Primary14,Primary15,Primary16,Primary17,Primary18,Primary19,Primary20,Primary21,Primary22,Primary23
246100,1485;Primary1,Primary2,Primary3,Primary4,Primary5,Primary6,Primary7,Primary8,Primary9,Primary10,Primary11,Primary12,Primary13,Primary14,Primary15,Primary16,Primary17,Primary18,Primary19,Primary20,Primary21,Primary22,Primary23
246100,30848,1485;Primary1,Primary2,Primary3,Primary4,Primary5,Primary6,Primary7,Primary8,Primary9,Primary10,Primary11,Primary12,Primary13,Primary14,Primary15,Primary16,Primary17,Primary19,Primary20,Primary21,Primary22,Primary23
