Interaction,name,Pearson,selected,shared interaction,shared name,Weight
9768,983,0.7713587287901132,false,9768,983,0.7713587287901132
9768,7272,0.7861401387233777,false,9768,7272,0.7861401387233777
9768,55355,0.7598429369175946,false,9768,55355,0.7598429369175946
9768,157313,0.7064791901643024,false,9768,157313,0.7064791901643024
9768,55165,0.827377841864799,false,9768,55165,0.827377841864799
9768,220134,0.7266666185285808,false,9768,220134,0.7266666185285808
9768,10721,0.8266678508758778,false,9768,10721,0.8266678508758778
9768,55388,0.8833317811663456,false,9768,55388,0.8833317811663456
9768,1870,0.7650792317606002,false,9768,1870,0.7650792317606002
9768,3161,0.7484391660406327,false,9768,3161,0.7484391660406327
9768,51203,0.7646031646770644,false,9768,51203,0.7646031646770644
9768,57405,0.803950868885212,false,9768,57405,0.803950868885212
9768,29128,0.8736497443460447,false,9768,29128,0.8736497443460447
9768,57082,0.8231796499170371,false,9768,57082,0.8231796499170371
9768,332,0.7727318913134392,false,9768,332,0.7727318913134392
9768,55247,0.7077481340686731,false,9768,55247,0.7077481340686731
9768,55872,0.7282533931929001,false,9768,55872,0.7282533931929001
9768,7153,0.849276765172139,false,9768,7153,0.849276765172139
9768,891,0.8233273489642086,false,9768,891,0.8233273489642086
9768,374393,0.7426871487355327,false,9768,374393,0.7426871487355327
9768,6241,0.7438290989242202,false,9768,6241,0.7438290989242202
9768,151648,0.7238226157938915,false,9768,151648,0.7238226157938915
9768,24137,0.8314844347868285,false,9768,24137,0.8314844347868285
9768,699,0.7063799544509138,false,9768,699,0.7063799544509138
9768,23397,0.7638468536494833,false,9768,23397,0.7638468536494833
9768,9928,0.748856678880472,false,9768,9928,0.748856678880472
9768,64151,0.8424763444381916,false,9768,64151,0.8424763444381916
9768,221150,0.7611447438514927,false,9768,221150,0.7611447438514927
100126311,3227,0.7187569401693427,false,100126311,3227,0.7187569401693427
100126311,4496,0.7212865406720272,false,100126311,4496,0.7212865406720272
100126311,1749,0.7600814438265118,false,100126311,1749,0.7600814438265118
100126311,56300,0.7500805776393803,false,100126311,56300,0.7500805776393803
100126311,347252,0.7050175593260711,false,100126311,347252,0.7050175593260711
100126311,115701,0.7250725485809203,false,100126311,115701,0.7250725485809203
100126311,1301,0.7181414566460481,false,100126311,1301,0.7181414566460481
51361,970,0.9012208343940076,false,51361,970,0.9012208343940076
51361,100289137,0.9919531172755156,false,51361,100289137,0.9919531172755156
51361,158228,0.9993051697929795,false,51361,158228,0.9993051697929795
51361,100506411,0.9889451685997892,false,51361,100506411,0.9889451685997892
51361,2277,0.8962741903106499,false,51361,2277,0.8962741903106499
51361,81849,0.8803696843915009,false,51361,81849,0.8803696843915009
51361,3135,0.8049449828732577,false,51361,3135,0.8049449828732577
51361,6495,0.9725122204465059,false,51361,6495,0.9725122204465059
51361,3352,0.8608032123117514,false,51361,3352,0.8608032123117514
51361,79056,0.9257079004638702,false,51361,79056,0.9257079004638702
51361,54101,0.998081341273693,false,51361,54101,0.998081341273693
51361,143662,0.9951651319621857,false,51361,143662,0.9951651319621857
51361,23286,0.9802645305865807,false,51361,23286,0.9802645305865807
51361,340273,0.9992803798563731,false,51361,340273,0.9992803798563731
51361,101927355,0.9516237872654968,false,51361,101927355,0.9516237872654968
51361,253650,0.9086428729706287,false,51361,253650,0.9086428729706287
51361,654499,0.9993857938689343,false,51361,654499,0.9993857938689343
51361,100996301,0.9236281894130639,false,51361,100996301,0.9236281894130639
728833,4085,0.7355868184160648,false,728833,4085,0.7355868184160648
728833,653820,0.7786193032320327,false,728833,653820,0.7786193032320327
728833,56992,0.7378880107265825,false,728833,56992,0.7378880107265825
728833,55247,0.7015143673642875,false,728833,55247,0.7015143673642875
728833,55635,0.7234880255729891,false,728833,55635,0.7234880255729891
40,115362,0.7087370551961566,false,40,115362,0.7087370551961566
40,27063,0.728995656742588,false,40,27063,0.728995656742588
40,100506827,0.7165750570714502,false,40,100506827,0.7165750570714502
40,3627,0.7270531229602374,false,40,3627,0.7270531229602374
1047,6345,0.9379304585261055,false,1047,6345,0.9379304585261055
1047,53836,0.8045768889743049,false,1047,53836,0.8045768889743049
1047,4544,0.9498507530741964,false,1047,4544,0.9498507530741964
1047,166979,0.9498507530741964,false,1047,166979,0.9498507530741964
1047,594855,0.9304670653592497,false,1047,594855,0.9304670653592497
1047,5865,0.9449150189852237,false,1047,5865,0.9449150189852237
1047,3580,0.908300815097888,false,1047,3580,0.908300815097888
1047,116173,0.8530620301784142,false,1047,116173,0.8530620301784142
1047,101927686,0.8548117756325209,false,1047,101927686,0.8548117756325209
1047,3512,0.7991199388421499,false,1047,3512,0.7991199388421499
1047,26150,0.8351161627619466,false,1047,26150,0.8351161627619466
1047,6716,0.940373191358575,false,1047,6716,0.940373191358575
1047,219527,0.8539673542210736,false,1047,219527,0.8539673542210736
120939,9076,0.7272177897111731,false,120939,9076,0.7272177897111731
983,79801,0.8492529590806398,false,983,79801,0.8492529590806398
983,7272,0.7745392160871327,false,983,7272,0.7745392160871327
983,9824,0.8371850032374246,false,983,9824,0.8371850032374246
983,55355,0.7721559638894233,false,983,55355,0.7721559638894233
983,259266,0.7435081575688545,false,983,259266,0.7435081575688545
983,157313,0.70229426857143,false,983,157313,0.70229426857143
983,54443,0.8869102264012321,false,983,54443,0.8869102264012321
983,55165,0.9183237961682691,false,983,55165,0.9183237961682691
983,4085,0.7236286007038676,false,983,4085,0.7236286007038676
983,9133,0.7081962649566479,false,983,9133,0.7081962649566479
983,55143,0.7364311804721505,false,983,55143,0.7364311804721505
983,10721,0.7235316209761737,false,983,10721,0.7235316209761737
983,83540,0.7878711228119879,false,983,83540,0.7878711228119879
983,150468,0.73561751221269,false,983,150468,0.73561751221269
983,55388,0.8775226967084254,false,983,55388,0.8775226967084254
983,9833,0.851718960716775,false,983,9833,0.851718960716775
983,3161,0.9021438362997952,false,983,3161,0.9021438362997952
983,51203,0.9329587399197475,false,983,51203,0.9329587399197475
983,57405,0.754990565604229,false,983,57405,0.754990565604229
983,29128,0.8966817323012918,false,983,29128,0.8966817323012918
983,57082,0.791770311176324,false,983,57082,0.791770311176324
983,9055,0.8213358502631244,false,983,9055,0.8213358502631244
983,332,0.7548987798073318,false,983,332,0.7548987798073318
983,3832,0.9512302766999146,false,983,3832,0.9512302766999146
983,157570,0.747397953144646,false,983,157570,0.747397953144646
983,56992,0.7274641084300408,false,983,56992,0.7274641084300408
983,55247,0.8384127966579691,false,983,55247,0.8384127966579691
983,11130,0.7565130683523104,false,983,11130,0.7565130683523104
983,55872,0.8762432846264275,false,983,55872,0.8762432846264275
983,7153,0.9484993130143099,false,983,7153,0.9484993130143099
983,891,0.7706126176571236,false,983,891,0.7706126176571236
983,4751,0.9015198468791166,false,983,4751,0.9015198468791166
983,6241,0.8304392712376256,false,983,6241,0.8304392712376256
983,24137,0.8569181033013368,false,983,24137,0.8569181033013368
983,55635,0.8820661895575223,false,983,55635,0.8820661895575223
983,9787,0.795682872649463,false,983,9787,0.795682872649463
983,699,0.7668581184651847,false,983,699,0.7668581184651847
983,1063,0.8043824372975407,false,983,1063,0.8043824372975407
983,23397,0.8582493833371575,false,983,23397,0.8582493833371575
983,146909,0.7505355169412764,false,983,146909,0.7505355169412764
983,9928,0.7513781819973098,false,983,9928,0.7513781819973098
983,64151,0.7982662201508872,false,983,64151,0.7982662201508872
983,221150,0.7732326238385318,false,983,221150,0.7732326238385318
983,100507118,0.8645377125134094,false,983,100507118,0.8645377125134094
983,100288637,0.8166872286639669,false,983,100288637,0.8166872286639669
8329,3881,0.7287991455211034,false,8329,3881,0.7287991455211034
8329,100422894,0.8346525327247758,false,8329,100422894,0.8346525327247758
8329,10595,0.8078221679207913,false,8329,10595,0.8078221679207913
283078,106481742,0.862428204303408,false,283078,106481742,0.862428204303408
283078,5307,0.868517632472387,false,283078,5307,0.868517632472387
283078,100192378,0.770419711439712,false,283078,100192378,0.770419711439712
283078,8471,0.8640729326731544,false,283078,8471,0.8640729326731544
283078,101929690,0.7358604686222194,false,283078,101929690,0.7358604686222194
283078,1690,0.8590666169323664,false,283078,1690,0.8590666169323664
283078,9758,0.8443386325967557,false,283078,9758,0.8443386325967557
283078,345643,0.862428204303408,false,283078,345643,0.862428204303408
283078,100506895,0.7300889215521934,false,283078,100506895,0.7300889215521934
283078,100506071,0.8606646496312418,false,283078,100506071,0.8606646496312418
283078,56203,0.8713331788529481,false,283078,56203,0.8713331788529481
283078,105375894,0.8519367888533991,false,283078,105375894,0.8519367888533991
283078,6362,0.8412076386359733,false,283078,6362,0.8412076386359733
283078,3239,0.814450518177256,false,283078,3239,0.814450518177256
283078,3670,0.86227956422371,false,283078,3670,0.86227956422371
283078,148645,0.862428204303408,false,283078,148645,0.862428204303408
1995,105369315,0.7747754184092318,false,1995,105369315,0.7747754184092318
1995,109729184,0.8441099189558979,false,1995,109729184,0.8441099189558979
1995,89886,0.9651072115221576,false,1995,89886,0.9651072115221576
1995,349408,0.7364963452036346,false,1995,349408,0.7364963452036346
1995,7477,0.805029520834487,false,1995,7477,0.805029520834487
1995,344,0.7751852303121587,false,1995,344,0.7751852303121587
1995,286676,0.8890447137575529,false,1995,286676,0.8890447137575529
1995,4318,0.790484632569959,false,1995,4318,0.790484632569959
1995,79191,0.8830637988835803,false,1995,79191,0.8830637988835803
1995,100533990,0.7121627961702122,false,1995,100533990,0.7121627961702122
1995,55867,0.7938451485560083,false,1995,55867,0.7938451485560083
1995,100379220,0.812615843172017,false,1995,100379220,0.812615843172017
1995,105378305,0.9140978971444137,false,1995,105378305,0.9140978971444137
1995,338005,0.7651565631249806,false,1995,338005,0.7651565631249806
1995,168002,0.941302920166034,false,1995,168002,0.941302920166034
79801,55355,0.837844509223483,false,79801,55355,0.837844509223483
79801,259266,0.9228891991781948,false,79801,259266,0.9228891991781948
79801,157313,0.703518544583432,false,79801,157313,0.703518544583432
79801,54443,0.7984963916168161,false,79801,54443,0.7984963916168161
79801,55165,0.852732330401501,false,79801,55165,0.852732330401501
79801,220134,0.8080540036447519,false,79801,220134,0.8080540036447519
79801,9133,0.8622755007092198,false,79801,9133,0.8622755007092198
79801,83540,0.8186717268815705,false,79801,83540,0.8186717268815705
79801,150468,0.7876873232350686,false,79801,150468,0.7876873232350686
79801,105375610,0.7213656096508453,false,79801,105375610,0.7213656096508453
79801,9833,0.850724589219033,false,79801,9833,0.850724589219033
79801,3161,0.83517781511811,false,79801,3161,0.83517781511811
79801,51203,0.8839857396769675,false,79801,51203,0.8839857396769675
79801,57405,0.786040143833249,false,79801,57405,0.786040143833249
79801,995,0.7629509330310787,false,79801,995,0.7629509330310787
79801,29128,0.8276823686986664,false,79801,29128,0.8276823686986664
79801,113130,0.7478820966274518,false,79801,113130,0.7478820966274518
79801,4288,0.8273493568890994,false,79801,4288,0.8273493568890994
79801,57082,0.7881882514606211,false,79801,57082,0.7881882514606211
79801,9055,0.7938369216732917,false,79801,9055,0.7938369216732917
79801,332,0.7865277409736258,false,79801,332,0.7865277409736258
79801,3832,0.7291115710334974,false,79801,3832,0.7291115710334974
79801,157570,0.7027539565912326,false,79801,157570,0.7027539565912326
79801,56992,0.7123807634064803,false,79801,56992,0.7123807634064803
79801,55872,0.852552108847828,false,79801,55872,0.852552108847828
79801,7153,0.7787500854315335,false,79801,7153,0.7787500854315335
79801,891,0.7828131322942417,false,79801,891,0.7828131322942417
79801,4751,0.7290453387194313,false,79801,4751,0.7290453387194313
79801,374393,0.7613889630398638,false,79801,374393,0.7613889630398638
79801,6241,0.8633939545607268,false,79801,6241,0.8633939545607268
79801,24137,0.8031414752333371,false,79801,24137,0.8031414752333371
79801,9787,0.9094669052140048,false,79801,9787,0.9094669052140048
79801,9212,0.7832042457020966,false,79801,9212,0.7832042457020966
79801,699,0.7359586105175782,false,79801,699,0.7359586105175782
79801,1063,0.8792398128292949,false,79801,1063,0.8792398128292949
79801,23397,0.7067420308175008,false,79801,23397,0.7067420308175008
79801,128239,0.8008329653573539,false,79801,128239,0.8008329653573539
79801,146909,0.8465481615957425,false,79801,146909,0.8465481615957425
79801,1058,0.7439133710787748,false,79801,1058,0.7439133710787748
79801,3833,0.8020885292827259,false,79801,3833,0.8020885292827259
79801,64151,0.8128651575636058,false,79801,64151,0.8128651575636058
79801,221150,0.7966119718675474,false,79801,221150,0.7966119718675474
79801,9232,0.8248938660072722,false,79801,9232,0.8248938660072722
79801,100507118,0.8482726409607222,false,79801,100507118,0.8482726409607222
79801,991,0.8215790580592649,false,79801,991,0.8215790580592649
79801,10615,0.7194356181510867,false,79801,10615,0.7194356181510867
7272,55165,0.7878223311704319,false,7272,55165,0.7878223311704319
7272,4085,0.7285338794114449,false,7272,4085,0.7285338794114449
7272,10721,0.8671473597383212,false,7272,10721,0.8671473597383212
7272,2845,0.7654459581025853,false,7272,2845,0.7654459581025853
7272,83540,0.7359779530950209,false,7272,83540,0.7359779530950209
7272,55388,0.8803591990591029,false,7272,55388,0.8803591990591029
7272,9833,0.7539673732643989,false,7272,9833,0.7539673732643989
7272,3161,0.8371455839812533,false,7272,3161,0.8371455839812533
7272,51203,0.70451414285094,false,7272,51203,0.70451414285094
7272,29128,0.8603012985362156,false,7272,29128,0.8603012985362156
7272,55247,0.757609830630327,false,7272,55247,0.757609830630327
7272,11130,0.8248639263654574,false,7272,11130,0.8248639263654574
7272,55872,0.7356283230432455,false,7272,55872,0.7356283230432455
7272,7153,0.783894504478262,false,7272,7153,0.783894504478262
7272,4751,0.7215586442541169,false,7272,4751,0.7215586442541169
7272,24137,0.7854252403222003,false,7272,24137,0.7854252403222003
7272,55635,0.7018974220888519,false,7272,55635,0.7018974220888519
7272,699,0.7767803958776248,false,7272,699,0.7767803958776248
7272,23397,0.9100941867656462,false,7272,23397,0.9100941867656462
7272,9928,0.7107204443027939,false,7272,9928,0.7107204443027939
7272,64151,0.7848715886529328,false,7272,64151,0.7848715886529328
7272,221150,0.7884052942352268,false,7272,221150,0.7884052942352268
7272,100288637,0.9175404483549292,false,7272,100288637,0.9175404483549292
3227,729442,0.8227546242252736,false,3227,729442,0.8227546242252736
3227,354,0.7953698637123223,false,3227,354,0.7953698637123223
3227,1749,0.9034699506954292,false,3227,1749,0.9034699506954292
3227,5650,0.8540033799411233,false,3227,5650,0.8540033799411233
3227,115019,0.7856256831586662,false,3227,115019,0.7856256831586662
3227,2019,0.8200595470423802,false,3227,2019,0.8200595470423802
3227,285987,0.8227546242252736,false,3227,285987,0.8227546242252736
3227,55057,0.7125259708190108,false,3227,55057,0.7125259708190108
3227,3502,0.7441069484925751,false,3227,3502,0.7441069484925751
3227,389336,0.9448902728578028,false,3227,389336,0.9448902728578028
3227,4004,0.8066830018981646,false,3227,4004,0.8066830018981646
3227,28809,0.8050740996932061,false,3227,28809,0.8050740996932061
3227,5653,0.8772076376548396,false,3227,5653,0.8772076376548396
100874530,10024,0.735750252006057,false,100874530,10024,0.735750252006057
100874530,9133,0.7072236123720157,false,100874530,9133,0.7072236123720157
100874530,1870,0.7214926582981553,false,100874530,1870,0.7214926582981553
100874530,9212,0.7364853549149567,false,100874530,9212,0.7364853549149567
100874530,128239,0.7917264645080909,false,100874530,128239,0.7917264645080909
574414,101927750,0.9350668217689733,false,574414,101927750,0.9350668217689733
574414,2834,0.8364607423082364,false,574414,2834,0.8364607423082364
574414,105371737,0.7191259606739505,false,574414,105371737,0.7191259606739505
574414,6865,0.7579697505167948,false,574414,6865,0.7579697505167948
574414,56300,0.7109121015819378,false,574414,56300,0.7109121015819378
574414,105375622,0.8039429793483079,false,574414,105375622,0.8039429793483079
574414,574029,0.8574944009919293,false,574414,574029,0.8574944009919293
574414,1813,0.9314557269870464,false,574414,1813,0.9314557269870464
574414,1301,0.8739752296792691,false,574414,1301,0.8739752296792691
574414,107986951,0.7059643085645491,false,574414,107986951,0.7059643085645491
9824,54443,0.9374788560365791,false,9824,54443,0.9374788560365791
9824,55165,0.8555492928619709,false,9824,55165,0.8555492928619709
9824,55143,0.7208345753044086,false,9824,55143,0.7208345753044086
9824,150468,0.7460025701987587,false,9824,150468,0.7460025701987587
9824,9833,0.7462437642003592,false,9824,9833,0.7462437642003592
9824,3161,0.7990818259414434,false,9824,3161,0.7990818259414434
9824,51203,0.8416822497831229,false,9824,51203,0.8416822497831229
9824,29128,0.7287494316278481,false,9824,29128,0.7287494316278481
9824,9055,0.815394904812346,false,9824,9055,0.815394904812346
9824,3832,0.8609640119464641,false,9824,3832,0.8609640119464641
9824,157570,0.8010299333805495,false,9824,157570,0.8010299333805495
9824,55247,0.7588716238789283,false,9824,55247,0.7588716238789283
9824,55872,0.7995740650860823,false,9824,55872,0.7995740650860823
9824,7153,0.8519763792022543,false,9824,7153,0.8519763792022543
9824,186,0.7224274782439072,false,9824,186,0.7224274782439072
9824,4751,0.8670961105766969,false,9824,4751,0.8670961105766969
9824,6241,0.7222915685544357,false,9824,6241,0.7222915685544357
9824,83903,0.8374934571752282,false,9824,83903,0.8374934571752282
9824,24137,0.7056243526873648,false,9824,24137,0.7056243526873648
9824,55635,0.8045407763699433,false,9824,55635,0.8045407763699433
9824,699,0.7307940990557613,false,9824,699,0.7307940990557613
9824,1063,0.7009529226538976,false,9824,1063,0.7009529226538976
9824,23397,0.7308560115671535,false,9824,23397,0.7308560115671535
9824,9928,0.7152066577571827,false,9824,9928,0.7152066577571827
9824,100507118,0.7525447258594167,false,9824,100507118,0.7525447258594167
9824,100288637,0.7070846900432634,false,9824,100288637,0.7070846900432634
63967,1870,0.7009905960103381,false,63967,1870,0.7009905960103381
63967,10874,0.7954339061623896,false,63967,10874,0.7954339061623896
63967,147841,0.8323686868784305,false,63967,147841,0.8323686868784305
63967,8318,0.7529170942764151,false,63967,8318,0.7529170942764151
6345,53836,0.734103308776197,false,6345,53836,0.734103308776197
6345,4544,0.9236498309775428,false,6345,4544,0.9236498309775428
6345,112714,0.7218204262502593,false,6345,112714,0.7218204262502593
6345,166979,0.9236498309775428,false,6345,166979,0.9236498309775428
6345,594855,0.9101213387020359,false,6345,594855,0.9101213387020359
6345,5865,0.9165624163617008,false,6345,5865,0.9165624163617008
6345,3580,0.8845777391099217,false,6345,3580,0.8845777391099217
6345,116173,0.879003690796814,false,6345,116173,0.879003690796814
6345,101927686,0.7918784653138718,false,6345,101927686,0.7918784653138718
6345,3512,0.7313251088078444,false,6345,3512,0.7313251088078444
6345,26150,0.7758425944088312,false,6345,26150,0.7758425944088312
6345,6716,0.9126615255919679,false,6345,6716,0.9126615255919679
6345,219527,0.8571369414219704,false,6345,219527,0.8571369414219704
10024,55355,0.7631316969622782,false,10024,55355,0.7631316969622782
10024,259266,0.8101348152436985,false,10024,259266,0.8101348152436985
10024,100048912,0.8354671561950087,false,10024,100048912,0.8354671561950087
10024,4496,0.7270187587173169,false,10024,4496,0.7270187587173169
10024,9133,0.9140476394057429,false,10024,9133,0.9140476394057429
10024,1870,0.762677036760371,false,10024,1870,0.762677036760371
10024,57405,0.7484416298987207,false,10024,57405,0.7484416298987207
10024,89958,0.7132630878746998,false,10024,89958,0.7132630878746998
10024,995,0.7371434892408978,false,10024,995,0.7371434892408978
10024,56300,0.7365557220518063,false,10024,56300,0.7365557220518063
10024,113130,0.7578638975557913,false,10024,113130,0.7578638975557913
10024,4288,0.8478749558682596,false,10024,4288,0.8478749558682596
10024,131578,0.7037762890753533,false,10024,131578,0.7037762890753533
10024,332,0.7541443697612094,false,10024,332,0.7541443697612094
10024,10874,0.7094295580025938,false,10024,10874,0.7094295580025938
10024,8318,0.7908421261544072,false,10024,8318,0.7908421261544072
10024,112937,0.7761560011306323,false,10024,112937,0.7761560011306323
10024,4605,0.8533414574674831,false,10024,4605,0.8533414574674831
10024,9787,0.7459909810998997,false,10024,9787,0.7459909810998997
10024,9212,0.8290778979640524,false,10024,9212,0.8290778979640524
10024,128239,0.8778952775685863,false,10024,128239,0.8778952775685863
10024,55771,0.7414504311432364,false,10024,55771,0.7414504311432364
10024,9232,0.846258821275605,false,10024,9232,0.846258821275605
10024,991,0.8794486771371886,false,10024,991,0.8794486771371886
10024,10615,0.74131864084392,false,10024,10615,0.74131864084392
55355,259266,0.9102982136589166,false,55355,259266,0.9102982136589166
55355,55165,0.8794807339541351,false,55355,55165,0.8794807339541351
55355,220134,0.9281227521982821,false,55355,220134,0.9281227521982821
55355,9133,0.8538329824475828,false,55355,9133,0.8538329824475828
55355,83540,0.8365116177623831,false,55355,83540,0.8365116177623831
55355,150468,0.7334168397260947,false,55355,150468,0.7334168397260947
55355,1870,0.8449195288138975,false,55355,1870,0.8449195288138975
55355,9833,0.7645041395636916,false,55355,9833,0.7645041395636916
55355,3161,0.7774297933440606,false,55355,3161,0.7774297933440606
55355,51203,0.8073383452245344,false,55355,51203,0.8073383452245344
55355,57405,0.8441200742297155,false,55355,57405,0.8441200742297155
55355,995,0.858190221811774,false,55355,995,0.858190221811774
55355,29128,0.855865235894154,false,55355,29128,0.855865235894154
55355,113130,0.8088152419892688,false,55355,113130,0.8088152419892688
55355,4288,0.8903716793411377,false,55355,4288,0.8903716793411377
55355,11065,0.7534658634499944,false,55355,11065,0.7534658634499944
55355,57082,0.8216278810987838,false,55355,57082,0.8216278810987838
55355,9055,0.7120770040446074,false,55355,9055,0.7120770040446074
55355,332,0.8696519716056683,false,55355,332,0.8696519716056683
55355,56992,0.7207173672708048,false,55355,56992,0.7207173672708048
55355,55872,0.8153884800103647,false,55355,55872,0.8153884800103647
55355,7153,0.7629823796262606,false,55355,7153,0.7629823796262606
55355,891,0.7896410001709906,false,55355,891,0.7896410001709906
55355,374393,0.7637942401495184,false,55355,374393,0.7637942401495184
55355,6241,0.9190891400754523,false,55355,6241,0.9190891400754523
55355,24137,0.9388297846919218,false,55355,24137,0.9388297846919218
55355,112937,0.7017079297569532,false,55355,112937,0.7017079297569532
55355,9787,0.9128894446653264,false,55355,9787,0.9128894446653264
55355,9212,0.8822616583703485,false,55355,9212,0.8822616583703485
55355,1063,0.8583937650113539,false,55355,1063,0.8583937650113539
55355,23397,0.7546650635635826,false,55355,23397,0.7546650635635826
55355,128239,0.9082807489531242,false,55355,128239,0.9082807489531242
55355,146909,0.8190527802509834,false,55355,146909,0.8190527802509834
55355,3833,0.8506662302879127,false,55355,3833,0.8506662302879127
55355,64151,0.8733558800285133,false,55355,64151,0.8733558800285133
55355,221150,0.8612465828765813,false,55355,221150,0.8612465828765813
55355,9232,0.7853883907105331,false,55355,9232,0.7853883907105331
55355,100507118,0.8385291047388433,false,55355,100507118,0.8385291047388433
55355,991,0.8911152865058573,false,55355,991,0.8911152865058573
55355,10615,0.8309529930728231,false,55355,10615,0.8309529930728231
115362,7180,0.7127622934176902,false,115362,7180,0.7127622934176902
115362,10537,0.9056213116445561,false,115362,10537,0.9056213116445561
115362,4283,0.7737152396705346,false,115362,4283,0.7737152396705346
115362,101928202,0.7995334107960352,false,115362,101928202,0.7995334107960352
115362,147741,0.7070165146443176,false,115362,147741,0.7070165146443176
115362,100506655,0.8692405178146042,false,115362,100506655,0.8692405178146042
115362,23532,0.8756527985590734,false,115362,23532,0.8756527985590734
115362,100506827,0.9387157017992153,false,115362,100506827,0.9387157017992153
115362,701,0.7721506518109527,false,115362,701,0.7721506518109527
115362,3627,0.8688776010502142,false,115362,3627,0.8688776010502142
54821,57405,0.747131700581688,false,54821,57405,0.747131700581688
54821,57082,0.7770654060486047,false,54821,57082,0.7770654060486047
54821,9156,0.7152925141028079,false,54821,9156,0.7152925141028079
54821,9928,0.7198602498875909,false,54821,9928,0.7198602498875909
259266,157313,0.739096417447606,false,259266,157313,0.739096417447606
259266,55165,0.7964000832035562,false,259266,55165,0.7964000832035562
259266,220134,0.860095012050596,false,259266,220134,0.860095012050596
259266,9133,0.9213256467612136,false,259266,9133,0.9213256467612136
259266,83540,0.7388438946627723,false,259266,83540,0.7388438946627723
259266,150468,0.7832788375602908,false,259266,150468,0.7832788375602908
259266,1870,0.757230990144489,false,259266,1870,0.757230990144489
259266,9833,0.738870856533941,false,259266,9833,0.738870856533941
259266,3161,0.7368896194897289,false,259266,3161,0.7368896194897289
259266,51203,0.7795333640722713,false,259266,51203,0.7795333640722713
259266,57405,0.9086803492448753,false,259266,57405,0.9086803492448753
259266,89958,0.7074274435677459,false,259266,89958,0.7074274435677459
259266,995,0.8582960649343112,false,259266,995,0.8582960649343112
259266,29128,0.7830324060081775,false,259266,29128,0.7830324060081775
259266,113130,0.8870619223925403,false,259266,113130,0.8870619223925403
259266,4288,0.9357207599845448,false,259266,4288,0.9357207599845448
259266,11065,0.7353934055335831,false,259266,11065,0.7353934055335831
259266,57082,0.7983257444944875,false,259266,57082,0.7983257444944875
259266,9055,0.7047301241798065,false,259266,9055,0.7047301241798065
259266,332,0.8986685835942395,false,259266,332,0.8986685835942395
259266,56992,0.7169976269908326,false,259266,56992,0.7169976269908326
259266,55872,0.7861435415884579,false,259266,55872,0.7861435415884579
259266,10874,0.7025841010879211,false,259266,10874,0.7025841010879211
259266,891,0.7846338094682686,false,259266,891,0.7846338094682686
259266,6241,0.9005564692197834,false,259266,6241,0.9005564692197834
259266,10460,0.7360336536014195,false,259266,10460,0.7360336536014195
259266,9156,0.7124196450570225,false,259266,9156,0.7124196450570225
259266,24137,0.8581799719585942,false,259266,24137,0.8581799719585942
259266,4605,0.7524050631873284,false,259266,4605,0.7524050631873284
259266,9787,0.9488106925054267,false,259266,9787,0.9488106925054267
259266,9212,0.8919920880180858,false,259266,9212,0.8919920880180858
259266,1063,0.9099287895762256,false,259266,1063,0.9099287895762256
259266,128239,0.8801624350568147,false,259266,128239,0.8801624350568147
259266,146909,0.8899689257605217,false,259266,146909,0.8899689257605217
259266,1058,0.7234546334655074,false,259266,1058,0.7234546334655074
259266,3833,0.8200473167977876,false,259266,3833,0.8200473167977876
259266,64151,0.8481355084494527,false,259266,64151,0.8481355084494527
259266,221150,0.8029953873224407,false,259266,221150,0.8029953873224407
259266,9232,0.9220065713631818,false,259266,9232,0.9220065713631818
259266,100507118,0.834889040525526,false,259266,100507118,0.834889040525526
259266,991,0.9348721811601166,false,259266,991,0.9348721811601166
259266,10615,0.87119373692633,false,259266,10615,0.87119373692633
729442,354,0.8725182074098543,false,729442,354,0.8725182074098543
729442,1749,0.731184306412347,false,729442,1749,0.731184306412347
729442,5650,0.9935443243909412,false,729442,5650,0.9935443243909412
729442,115019,0.7182537933414542,false,729442,115019,0.7182537933414542
729442,6768,0.7400769076437645,false,729442,6768,0.7400769076437645
729442,2019,0.9225065699902105,false,729442,2019,0.9225065699902105
729442,285987,0.9999999999999998,false,729442,285987,0.9999999999999998
729442,81607,0.7162193758197807,false,729442,81607,0.7162193758197807
729442,3502,0.9257150694956571,false,729442,3502,0.9257150694956571
729442,389336,0.919354829875017,false,729442,389336,0.919354829875017
729442,4004,0.9959519569918641,false,729442,4004,0.9959519569918641
729442,28946,0.8127426327749994,false,729442,28946,0.8127426327749994
729442,28809,0.9922542356557005,false,729442,28809,0.9922542356557005
729442,5653,0.983989713924922,false,729442,5653,0.983989713924922
157313,9133,0.7467715622589627,false,157313,9133,0.7467715622589627
157313,150468,0.8514221023717847,false,157313,150468,0.8514221023717847
157313,51203,0.712331263988351,false,157313,51203,0.712331263988351
157313,995,0.725163098416235,false,157313,995,0.725163098416235
157313,113130,0.7008957917137113,false,157313,113130,0.7008957917137113
157313,332,0.8940716209828422,false,157313,332,0.8940716209828422
157313,891,0.7117648598495344,false,157313,891,0.7117648598495344
157313,6241,0.7888133188665096,false,157313,6241,0.7888133188665096
157313,9156,0.7966728679235802,false,157313,9156,0.7966728679235802
157313,9787,0.7532702309073093,false,157313,9787,0.7532702309073093
157313,1063,0.7136672436957092,false,157313,1063,0.7136672436957092
157313,146909,0.7127400620904257,false,157313,146909,0.7127400620904257
157313,9232,0.7395321912047224,false,157313,9232,0.7395321912047224
100048912,4496,0.8073187856324218,false,100048912,4496,0.8073187856324218
100048912,56300,0.7757314228906578,false,100048912,56300,0.7757314228906578
100048912,131578,0.7280875993672793,false,100048912,131578,0.7280875993672793
100048912,3229,0.7887788484459266,false,100048912,3229,0.7887788484459266
100048912,387895,0.717653172174908,false,100048912,387895,0.717653172174908
100048912,347252,0.766111813951861,false,100048912,347252,0.766111813951861
100048912,115701,0.7099294341809186,false,100048912,115701,0.7099294341809186
2305,332,0.7104614880819448,false,2305,332,0.7104614880819448
2305,10460,0.8157202667652126,false,2305,10460,0.8157202667652126
2305,8318,0.844249689656488,false,2305,8318,0.844249689656488
2305,4605,0.7677472361376528,false,2305,4605,0.7677472361376528
2305,55771,0.8499365950610976,false,2305,55771,0.8499365950610976
2305,9232,0.7124268832285462,false,2305,9232,0.7124268832285462
2305,10615,0.7433459873138738,false,2305,10615,0.7433459873138738
54443,55165,0.9207987828175879,false,54443,55165,0.9207987828175879
54443,4085,0.7557930779878047,false,54443,4085,0.7557930779878047
54443,55143,0.7235987825577606,false,54443,55143,0.7235987825577606
54443,83540,0.7108270950997818,false,54443,83540,0.7108270950997818
54443,150468,0.8272665502922886,false,54443,150468,0.8272665502922886
54443,9833,0.8770611116250512,false,54443,9833,0.8770611116250512
54443,3161,0.9208481202235099,false,54443,3161,0.9208481202235099
54443,51203,0.926957522111366,false,54443,51203,0.926957522111366
54443,29128,0.8390123673220325,false,54443,29128,0.8390123673220325
54443,57082,0.7580001406289278,false,54443,57082,0.7580001406289278
54443,9055,0.9268892252746515,false,54443,9055,0.9268892252746515
54443,3832,0.8682922600692554,false,54443,3832,0.8682922600692554
54443,157570,0.8490876530711043,false,54443,157570,0.8490876530711043
54443,56992,0.7312595306646105,false,54443,56992,0.7312595306646105
54443,55247,0.8457990498766187,false,54443,55247,0.8457990498766187
54443,11130,0.72302347609601,false,54443,11130,0.72302347609601
54443,55872,0.9309632750252798,false,54443,55872,0.9309632750252798
54443,7153,0.9205434434160228,false,54443,7153,0.9205434434160228
54443,186,0.719108068953312,false,54443,186,0.719108068953312
54443,891,0.7921704969281735,false,54443,891,0.7921704969281735
54443,4751,0.9499795413076292,false,54443,4751,0.9499795413076292
54443,374393,0.7044796342467897,false,54443,374393,0.7044796342467897
54443,6241,0.8134607304663168,false,54443,6241,0.8134607304663168
54443,27178,0.7164605975196776,false,54443,27178,0.7164605975196776
54443,83903,0.8638500749254152,false,54443,83903,0.8638500749254152
54443,285643,0.7164605975196776,false,54443,285643,0.7164605975196776
54443,24137,0.7750768079837128,false,54443,24137,0.7750768079837128
54443,55635,0.8117724658904131,false,54443,55635,0.8117724658904131
54443,9787,0.7664560633101999,false,54443,9787,0.7664560633101999
54443,699,0.8193081115634108,false,54443,699,0.8193081115634108
54443,1063,0.7929639160518589,false,54443,1063,0.7929639160518589
54443,23397,0.7943254566296305,false,54443,23397,0.7943254566296305
54443,9928,0.8288272308631327,false,54443,9928,0.8288272308631327
54443,64151,0.7662984962986501,false,54443,64151,0.7662984962986501
54443,221150,0.765510071848812,false,54443,221150,0.765510071848812
54443,100507118,0.8500059989467253,false,54443,100507118,0.8500059989467253
54443,100288637,0.7993977730046582,false,54443,100288637,0.7993977730046582
970,100289137,0.8911063070114125,false,970,100289137,0.8911063070114125
970,158228,0.8945156823333218,false,970,158228,0.8945156823333218
970,100506411,0.8742779948870901,false,970,100506411,0.8742779948870901
970,2277,0.8552061867615187,false,970,2277,0.8552061867615187
970,81849,0.8107063072519313,false,970,81849,0.8107063072519313
970,3135,0.7874268992180642,false,970,3135,0.7874268992180642
970,6495,0.8924010499357186,false,970,6495,0.8924010499357186
970,3352,0.7567578922532661,false,970,3352,0.7567578922532661
970,79056,0.8383795122023426,false,970,79056,0.8383795122023426
970,54101,0.8917980471083423,false,970,54101,0.8917980471083423
970,143662,0.8925732867187253,false,970,143662,0.8925732867187253
970,23286,0.8760592112789066,false,970,23286,0.8760592112789066
970,340273,0.8932806350338421,false,970,340273,0.8932806350338421
970,101927355,0.8231324098364748,false,970,101927355,0.8231324098364748
970,253650,0.798199763373999,false,970,253650,0.798199763373999
970,654499,0.8946063947196691,false,970,654499,0.8946063947196691
970,100996301,0.8017743767975077,false,970,100996301,0.8017743767975077
6534,109729184,0.7584916063450792,false,6534,109729184,0.7584916063450792
6534,63898,0.7219742818145755,false,6534,63898,0.7219742818145755
6534,344,0.7896321107975649,false,6534,344,0.7896321107975649
6534,731220,0.7035687174644557,false,6534,731220,0.7035687174644557
6534,4318,0.7351880448763816,false,6534,4318,0.7351880448763816
6534,100533990,0.7958447488515127,false,6534,100533990,0.7958447488515127
6534,101928658,0.7430216396706407,false,6534,101928658,0.7430216396706407
6534,5798,0.8433720323847906,false,6534,5798,0.8433720323847906
6534,11075,0.8353033521751203,false,6534,11075,0.8353033521751203
6534,105378305,0.7999695981143644,false,6534,105378305,0.7999695981143644
6534,105377043,0.7951181536174594,false,6534,105377043,0.7951181536174594
6534,168002,0.7089511063891613,false,6534,168002,0.7089511063891613
6534,9076,0.7518834346317864,false,6534,9076,0.7518834346317864
6534,109729169,0.8804106070405661,false,6534,109729169,0.8804106070405661
4496,646024,0.8429076872864993,false,4496,646024,0.8429076872864993
4496,55655,0.737996824524895,false,4496,55655,0.737996824524895
4496,56300,0.9356226043254675,false,4496,56300,0.9356226043254675
4496,374946,0.8088263075839272,false,4496,374946,0.8088263075839272
4496,731220,0.7471590862415568,false,4496,731220,0.7471590862415568
4496,3229,0.9504801365706513,false,4496,3229,0.9504801365706513
4496,387895,0.9425622160787847,false,4496,387895,0.9425622160787847
4496,101928658,0.7089233402631583,false,4496,101928658,0.7089233402631583
4496,347252,0.8245589351186331,false,4496,347252,0.8245589351186331
4496,115701,0.8090355294668796,false,4496,115701,0.8090355294668796
4496,105377508,0.718832165218282,false,4496,105377508,0.718832165218282
4496,11075,0.7759663974724733,false,4496,11075,0.7759663974724733
4496,2250,0.7143637487194602,false,4496,2250,0.7143637487194602
4496,284958,0.7652059811591163,false,4496,284958,0.7652059811591163
4496,105376041,0.8429076872864995,false,4496,105376041,0.8429076872864995
105375027,3881,0.8405995368431847,false,105375027,3881,0.8405995368431847
105375027,8355,0.857413536108105,false,105375027,8355,0.857413536108105
105375027,111216286,0.8461185307739123,false,105375027,111216286,0.8461185307739123
105375027,6273,0.9417382507465605,false,105375027,6273,0.9417382507465605
105375027,107985627,0.922016267733873,false,105375027,107985627,0.922016267733873
105375027,53820,0.8231606363040729,false,105375027,53820,0.8231606363040729
105375027,338667,0.9789900351791595,false,105375027,338667,0.9789900351791595
105375027,3754,0.9446199156229891,false,105375027,3754,0.9446199156229891
105375027,102724784,0.927542071307411,false,105375027,102724784,0.927542071307411
105375027,8352,0.7942846204331934,false,105375027,8352,0.7942846204331934
105375027,101927760,0.9595592917978131,false,105375027,101927760,0.9595592917978131
646024,55655,0.920427771256939,false,646024,55655,0.920427771256939
646024,731220,0.897819527198446,false,646024,731220,0.897819527198446
646024,3229,0.9390744476916458,false,646024,3229,0.9390744476916458
646024,387895,0.9245931961203407,false,646024,387895,0.9245931961203407
646024,115701,0.8651326593716401,false,646024,115701,0.8651326593716401
646024,5798,0.7500004166547385,false,646024,5798,0.7500004166547385
646024,105377508,0.9011023045496206,false,646024,105377508,0.9011023045496206
646024,11075,0.8877922282353644,false,646024,11075,0.8877922282353644
646024,2250,0.8106640572151494,false,646024,2250,0.8106640572151494
646024,284958,0.8557825349699961,false,646024,284958,0.8557825349699961
646024,105376041,1.0,false,646024,105376041,1.0
646024,554202,0.8101460113902809,false,646024,554202,0.8101460113902809
646024,109729169,0.8326210549533388,false,646024,109729169,0.8326210549533388
55165,220134,0.8248654503710233,false,55165,220134,0.8248654503710233
55165,10721,0.7674852676726225,false,55165,10721,0.7674852676726225
55165,83540,0.851734682847263,false,55165,83540,0.851734682847263
55165,150468,0.8099697330274461,false,55165,150468,0.8099697330274461
55165,55388,0.8023445625293558,false,55165,55388,0.8023445625293558
55165,9833,0.871688782091313,false,55165,9833,0.871688782091313
55165,3161,0.9299354214735471,false,55165,3161,0.9299354214735471
55165,51203,0.9339811342293937,false,55165,51203,0.9339811342293937
55165,57405,0.7486850971059308,false,55165,57405,0.7486850971059308
55165,995,0.7653717351498633,false,55165,995,0.7653717351498633
55165,29128,0.924798922170667,false,55165,29128,0.924798922170667
55165,57082,0.8770038567448544,false,55165,57082,0.8770038567448544
55165,9055,0.8381388354848461,false,55165,9055,0.8381388354848461
55165,332,0.8311094496057154,false,55165,332,0.8311094496057154
55165,3832,0.8629415638152081,false,55165,3832,0.8629415638152081
55165,157570,0.8269990156863257,false,55165,157570,0.8269990156863257
55165,56992,0.7656135008165361,false,55165,56992,0.7656135008165361
55165,55247,0.8168004682341463,false,55165,55247,0.8168004682341463
55165,11130,0.7148181076708194,false,55165,11130,0.7148181076708194
55165,55872,0.9392856450456274,false,55165,55872,0.9392856450456274
55165,7153,0.9497762396849104,false,55165,7153,0.9497762396849104
55165,891,0.8747472822240221,false,55165,891,0.8747472822240221
55165,4751,0.8835904521641493,false,55165,4751,0.8835904521641493
55165,374393,0.7858957459500089,false,55165,374393,0.7858957459500089
55165,6241,0.9152232274904165,false,55165,6241,0.9152232274904165
55165,83903,0.7646171585388843,false,55165,83903,0.7646171585388843
55165,24137,0.9229480079035579,false,55165,24137,0.9229480079035579
55165,55635,0.8358073887802161,false,55165,55635,0.8358073887802161
55165,9787,0.8484722331089243,false,55165,9787,0.8484722331089243
55165,699,0.8303151614092229,false,55165,699,0.8303151614092229
55165,1063,0.8489107309966939,false,55165,1063,0.8489107309966939
55165,23397,0.8737135707387053,false,55165,23397,0.8737135707387053
55165,128239,0.7095046052278439,false,55165,128239,0.7095046052278439
55165,146909,0.7025836707465154,false,55165,146909,0.7025836707465154
55165,9928,0.830688069706621,false,55165,9928,0.830688069706621
55165,64151,0.8829076265313264,false,55165,64151,0.8829076265313264
55165,221150,0.8547001061741444,false,55165,221150,0.8547001061741444
55165,100507118,0.8724423938500832,false,55165,100507118,0.8724423938500832
55165,100288637,0.7966420432243136,false,55165,100288637,0.7966420432243136
220134,9133,0.7404454339220234,false,220134,9133,0.7404454339220234
220134,83540,0.7957164862447097,false,220134,83540,0.7957164862447097
220134,1870,0.751076240309445,false,220134,1870,0.751076240309445
220134,9833,0.7555922013421328,false,220134,9833,0.7555922013421328
220134,3161,0.7706941530057563,false,220134,3161,0.7706941530057563
220134,51203,0.7877223837087235,false,220134,51203,0.7877223837087235
220134,57405,0.7950323248994154,false,220134,57405,0.7950323248994154
220134,995,0.7511407234469509,false,220134,995,0.7511407234469509
220134,29128,0.8836068355694026,false,220134,29128,0.8836068355694026
220134,113130,0.7680870633492121,false,220134,113130,0.7680870633492121
220134,4288,0.8536292214329784,false,220134,4288,0.8536292214329784
220134,11065,0.7964415793411226,false,220134,11065,0.7964415793411226
220134,57082,0.8407767532716849,false,220134,57082,0.8407767532716849
220134,9055,0.7637651561107696,false,220134,9055,0.7637651561107696
220134,332,0.7332552973974076,false,220134,332,0.7332552973974076
220134,56992,0.7598288866042817,false,220134,56992,0.7598288866042817
220134,55872,0.8109622090756744,false,220134,55872,0.8109622090756744
220134,7153,0.7427745525596595,false,220134,7153,0.7427745525596595
220134,891,0.7983043280135355,false,220134,891,0.7983043280135355
220134,374393,0.7777981010217976,false,220134,374393,0.7777981010217976
220134,6241,0.8199009501485154,false,220134,6241,0.8199009501485154
220134,24137,0.8656868560748987,false,220134,24137,0.8656868560748987
220134,9787,0.8536373890624323,false,220134,9787,0.8536373890624323
220134,9212,0.7905170324404367,false,220134,9212,0.7905170324404367
220134,699,0.7055980726768978,false,220134,699,0.7055980726768978
220134,1063,0.785370711871471,false,220134,1063,0.785370711871471
220134,128239,0.8531591953157847,false,220134,128239,0.8531591953157847
220134,146909,0.7329593886134749,false,220134,146909,0.7329593886134749
220134,3833,0.778668197720203,false,220134,3833,0.778668197720203
220134,64151,0.9005963038660084,false,220134,64151,0.9005963038660084
220134,221150,0.8872843147797872,false,220134,221150,0.8872843147797872
220134,100507118,0.8157045176440864,false,220134,100507118,0.8157045176440864
220134,991,0.8385970609423415,false,220134,991,0.8385970609423415
220134,10615,0.8483576764680544,false,220134,10615,0.8483576764680544
105369315,109729184,0.7520494085670164,false,105369315,109729184,0.7520494085670164
105369315,89886,0.8462901646971931,false,105369315,89886,0.8462901646971931
105369315,286676,0.8033700495305321,false,105369315,286676,0.8033700495305321
105369315,4318,0.7254288807955857,false,105369315,4318,0.7254288807955857
105369315,55867,0.9014781616839743,false,105369315,55867,0.9014781616839743
105369315,105378305,0.7897604291946092,false,105369315,105378305,0.7897604291946092
105369315,105377043,0.7107898703678731,false,105369315,105377043,0.7107898703678731
105369315,9076,0.7148494721314009,false,105369315,9076,0.7148494721314009
53836,594855,0.9419600402752631,false,53836,594855,0.9419600402752631
53836,3856,0.7389281097255394,false,53836,3856,0.7389281097255394
53836,113218482,0.7873881613398173,false,53836,113218482,0.7873881613398173
53836,105370953,0.7644193857043842,false,53836,105370953,0.7644193857043842
53836,364,0.9133133044988513,false,53836,364,0.9133133044988513
106481742,5307,0.9981449369191733,false,106481742,5307,0.9981449369191733
106481742,100192378,0.8998303373989405,false,106481742,100192378,0.8998303373989405
106481742,4321,0.7429271079536237,false,106481742,4321,0.7429271079536237
106481742,8471,0.9714103497953475,false,106481742,8471,0.9714103497953475
106481742,101929690,0.9105777536704358,false,106481742,101929690,0.9105777536704358
106481742,1690,0.9988779339897452,false,106481742,1690,0.9988779339897452
106481742,9758,0.9955849363101356,false,106481742,9758,0.9955849363101356
106481742,345643,1.0,false,106481742,345643,1.0
106481742,100506895,0.7769785771603945,false,106481742,100506895,0.7769785771603945
106481742,100506071,0.9986884976571213,false,106481742,100506071,0.9986884976571213
106481742,56203,0.9947915725541635,false,106481742,56203,0.9947915725541635
106481742,105375894,0.9973680342994786,false,106481742,105375894,0.9973680342994786
106481742,6362,0.9881955330508342,false,106481742,6362,0.9881955330508342
106481742,3239,0.9578501432878941,false,106481742,3239,0.9578501432878941
106481742,3670,0.9999185994442839,false,106481742,3670,0.9999185994442839
106481742,148645,1.0,false,106481742,148645,1.0
4085,10721,0.7593941770405472,false,4085,10721,0.7593941770405472
4085,2845,0.799934270325749,false,4085,2845,0.799934270325749
4085,653820,0.848522515012234,false,4085,653820,0.848522515012234
4085,55388,0.7105675620462125,false,4085,55388,0.7105675620462125
4085,3161,0.8037227280994779,false,4085,3161,0.8037227280994779
4085,9055,0.740284363365304,false,4085,9055,0.740284363365304
4085,3832,0.728769921871524,false,4085,3832,0.728769921871524
4085,56992,0.7417759469471021,false,4085,56992,0.7417759469471021
4085,55247,0.860336634155701,false,4085,55247,0.860336634155701
4085,55872,0.7204346225133936,false,4085,55872,0.7204346225133936
4085,7153,0.7996571300175749,false,4085,7153,0.7996571300175749
4085,4751,0.8231794745042084,false,4085,4751,0.8231794745042084
4085,55635,0.8041322049794705,false,4085,55635,0.8041322049794705
4085,23397,0.7457997145819273,false,4085,23397,0.7457997145819273
4085,9928,0.7896186431559903,false,4085,9928,0.7896186431559903
4085,100288637,0.8479016450993379,false,4085,100288637,0.8479016450993379
100289137,158228,0.9920150478725008,false,100289137,158228,0.9920150478725008
100289137,100506411,0.9885535497651248,false,100289137,100506411,0.9885535497651248
100289137,2277,0.8894271504112342,false,100289137,2277,0.8894271504112342
100289137,81849,0.874665252774466,false,100289137,81849,0.874665252774466
100289137,3135,0.7857039250943358,false,100289137,3135,0.7857039250943358
100289137,6495,0.9558306630448419,false,100289137,6495,0.9558306630448419
100289137,3352,0.8528321096480957,false,100289137,3352,0.8528321096480957
100289137,79056,0.9125855023911075,false,100289137,79056,0.9125855023911075
100289137,54101,0.991796575816698,false,100289137,54101,0.991796575816698
100289137,143662,0.9949056246466081,false,100289137,143662,0.9949056246466081
100289137,23286,0.9712012850010405,false,100289137,23286,0.9712012850010405
100289137,340273,0.9921209218189605,false,100289137,340273,0.9921209218189605
100289137,101927355,0.9305371005032775,false,100289137,101927355,0.9305371005032775
100289137,253650,0.9145829574180759,false,100289137,253650,0.9145829574180759
100289137,654499,0.9927913513806628,false,100289137,654499,0.9927913513806628
100289137,100996301,0.912405175732629,false,100289137,100996301,0.912405175732629
5307,100192378,0.9094619275373065,false,5307,100192378,0.9094619275373065
5307,4321,0.7346663771321146,false,5307,4321,0.7346663771321146
5307,8471,0.9786444413612269,false,5307,8471,0.9786444413612269
5307,101929690,0.9048107256285226,false,5307,101929690,0.9048107256285226
5307,1690,0.9971596475075293,false,5307,1690,0.9971596475075293
5307,9758,0.9955377962870801,false,5307,9758,0.9955377962870801
5307,345643,0.9981449369191733,false,5307,345643,0.9981449369191733
5307,100506895,0.7976153232603339,false,5307,100506895,0.7976153232603339
5307,100506071,0.9970977956509861,false,5307,100506071,0.9970977956509861
5307,56203,0.9917835244435369,false,5307,56203,0.9917835244435369
5307,105375894,0.9947440954681355,false,5307,105375894,0.9947440954681355
5307,6362,0.985433279119981,false,5307,6362,0.985433279119981
5307,3239,0.9572981918566598,false,5307,3239,0.9572981918566598
5307,3670,0.9979391894707474,false,5307,3670,0.9979391894707474
5307,148645,0.9981449369191733,false,5307,148645,0.9981449369191733
3881,100422894,0.828995753104489,false,3881,100422894,0.828995753104489
3881,8355,0.7088215136241547,false,3881,8355,0.7088215136241547
3881,111216286,0.709774312196107,false,3881,111216286,0.709774312196107
3881,6273,0.8671055883446458,false,3881,6273,0.8671055883446458
3881,107985627,0.768395951399049,false,3881,107985627,0.768395951399049
3881,338667,0.8545641960878574,false,3881,338667,0.8545641960878574
3881,102724784,0.8726517913238099,false,3881,102724784,0.8726517913238099
3881,6690,0.8086791178991553,false,3881,6690,0.8086791178991553
3881,101927760,0.8185113358702596,false,3881,101927760,0.8185113358702596
3881,112802,0.9234771217432757,false,3881,112802,0.9234771217432757
941,6332,0.8089360785740299,false,941,6332,0.8089360785740299
941,151760,0.712826486878488,false,941,151760,0.712826486878488
9133,105375610,0.755484240624443,false,9133,105375610,0.755484240624443
9133,1870,0.7303068977713677,false,9133,1870,0.7303068977713677
9133,57405,0.8435441040654821,false,9133,57405,0.8435441040654821
9133,89958,0.7470621265852726,false,9133,89958,0.7470621265852726
9133,995,0.8355821603255595,false,9133,995,0.8355821603255595
9133,113130,0.8822426103751142,false,9133,113130,0.8822426103751142
9133,4288,0.9121088249573309,false,9133,4288,0.9121088249573309
9133,332,0.8398964294035491,false,9133,332,0.8398964294035491
9133,107985017,0.793782418892184,false,9133,107985017,0.793782418892184
9133,6241,0.8317567615999664,false,9133,6241,0.8317567615999664
9133,24137,0.8008254411214265,false,9133,24137,0.8008254411214265
9133,112937,0.7128673027174138,false,9133,112937,0.7128673027174138
9133,4605,0.7898343758401831,false,9133,4605,0.7898343758401831
9133,9787,0.8998870467938694,false,9133,9787,0.8998870467938694
9133,9212,0.9374307312566496,false,9133,9212,0.9374307312566496
9133,1063,0.8397354794539441,false,9133,1063,0.8397354794539441
9133,128239,0.8989008117319419,false,9133,128239,0.8989008117319419
9133,146909,0.9002570493267963,false,9133,146909,0.9002570493267963
9133,1058,0.758726534414511,false,9133,1058,0.758726534414511
9133,3833,0.8464569343734911,false,9133,3833,0.8464569343734911
9133,9232,0.941136759500887,false,9133,9232,0.941136759500887
9133,100507118,0.7814692674069789,false,9133,100507118,0.7814692674069789
9133,991,0.9526451224051524,false,9133,991,0.9526451224051524
9133,10615,0.7835098213647675,false,9133,10615,0.7835098213647675
55143,150468,0.7671931931014896,false,55143,150468,0.7671931931014896
55143,105375610,0.8754763300636765,false,55143,105375610,0.8754763300636765
55143,9833,0.7718500515076759,false,55143,9833,0.7718500515076759
55143,995,0.712093530040089,false,55143,995,0.712093530040089
55143,3832,0.7441288224510051,false,55143,3832,0.7441288224510051
55143,157570,0.7882284102828983,false,55143,157570,0.7882284102828983
55143,81930,0.7677313980216416,false,55143,81930,0.7677313980216416
55143,107985017,0.7736317651420525,false,55143,107985017,0.7736317651420525
55143,6241,0.7259496698665843,false,55143,6241,0.7259496698665843
55143,27178,0.7907728534548566,false,55143,27178,0.7907728534548566
55143,83903,0.7338625220832212,false,55143,83903,0.7338625220832212
55143,285643,0.7907728534548566,false,55143,285643,0.7907728534548566
55143,146909,0.7060771358235522,false,55143,146909,0.7060771358235522
55143,1058,0.809107281812817,false,55143,1058,0.809107281812817
55143,3833,0.7235886483596907,false,55143,3833,0.7235886483596907
55143,100507118,0.7515181461076191,false,55143,100507118,0.7515181461076191
7180,10537,0.751340192801763,false,7180,10537,0.751340192801763
7180,101928202,0.8058818774795781,false,7180,101928202,0.8058818774795781
7180,100506655,0.7134619734337339,false,7180,100506655,0.7134619734337339
7180,23532,0.721423715231538,false,7180,23532,0.721423715231538
7180,100506827,0.7823983370147283,false,7180,100506827,0.7823983370147283
7180,3627,0.8177880241388342,false,7180,3627,0.8177880241388342
10721,2845,0.8487569830829889,false,10721,2845,0.8487569830829889
10721,653820,0.7656642702006379,false,10721,653820,0.7656642702006379
10721,55388,0.8304145716300773,false,10721,55388,0.8304145716300773
10721,3161,0.7764101805468141,false,10721,3161,0.7764101805468141
10721,51203,0.7415538250099183,false,10721,51203,0.7415538250099183
10721,29128,0.79322339020703,false,10721,29128,0.79322339020703
10721,57082,0.7719812259522121,false,10721,57082,0.7719812259522121
10721,56992,0.7120291260406324,false,10721,56992,0.7120291260406324
10721,55247,0.8041354527963117,false,10721,55247,0.8041354527963117
10721,11130,0.847440910341766,false,10721,11130,0.847440910341766
10721,7153,0.8071490623736923,false,10721,7153,0.8071490623736923
10721,891,0.7074894321065198,false,10721,891,0.7074894321065198
10721,4751,0.7199608393015158,false,10721,4751,0.7199608393015158
10721,24137,0.714517112102916,false,10721,24137,0.714517112102916
10721,55635,0.7579464468419324,false,10721,55635,0.7579464468419324
10721,699,0.8389032935945328,false,10721,699,0.8389032935945328
10721,23397,0.8945153240664193,false,10721,23397,0.8945153240664193
10721,9928,0.8328446835405605,false,10721,9928,0.8328446835405605
10721,64151,0.8031692730275236,false,10721,64151,0.8031692730275236
10721,100288637,0.8423572663815336,false,10721,100288637,0.8423572663815336
4544,112714,0.7727415564650156,false,4544,112714,0.7727415564650156
4544,166979,0.9999999999999999,false,4544,166979,0.9999999999999999
4544,594855,0.8712632206530734,false,4544,594855,0.8712632206530734
4544,5865,0.9962860529726938,false,4544,5865,0.9962860529726938
4544,3580,0.8786431791607044,false,4544,3580,0.8786431791607044
4544,116173,0.9018727904788123,false,4544,116173,0.9018727904788123
4544,101927686,0.8911585710747171,false,4544,101927686,0.8911585710747171
4544,3512,0.8003736311986929,false,4544,3512,0.8003736311986929
4544,26150,0.8655502946178434,false,4544,26150,0.8655502946178434
4544,6716,0.9561217292296299,false,4544,6716,0.9561217292296299
4544,219527,0.944343376263546,false,4544,219527,0.944343376263546
2845,55388,0.8306288945890877,false,2845,55388,0.8306288945890877
2845,56992,0.7166243750524847,false,2845,56992,0.7166243750524847
2845,55247,0.7836832224637336,false,2845,55247,0.7836832224637336
2845,55635,0.700880162710577,false,2845,55635,0.700880162710577
2845,23397,0.7073898505511679,false,2845,23397,0.7073898505511679
2845,9928,0.7426510271249223,false,2845,9928,0.7426510271249223
2845,100288637,0.7730253889637811,false,2845,100288637,0.7730253889637811
653820,3161,0.706165858965584,false,653820,3161,0.706165858965584
653820,56992,0.7170566111883468,false,653820,56992,0.7170566111883468
653820,55247,0.7620164063117301,false,653820,55247,0.7620164063117301
653820,10643,0.7479461449203822,false,653820,10643,0.7479461449203822
653820,23397,0.7424371616044743,false,653820,23397,0.7424371616044743
653820,9928,0.7475469014092331,false,653820,9928,0.7475469014092331
653820,100288637,0.7230396567861495,false,653820,100288637,0.7230396567861495
83540,9833,0.7965957691997231,false,83540,9833,0.7965957691997231
83540,3161,0.8132934649843905,false,83540,3161,0.8132934649843905
83540,51203,0.8026300848765896,false,83540,51203,0.8026300848765896
83540,29128,0.7801297540413125,false,83540,29128,0.7801297540413125
83540,57082,0.795162119086327,false,83540,57082,0.795162119086327
83540,56992,0.7490417093160863,false,83540,56992,0.7490417093160863
83540,55872,0.776120285326631,false,83540,55872,0.776120285326631
83540,7153,0.750143166576394,false,83540,7153,0.750143166576394
83540,891,0.7233225007087399,false,83540,891,0.7233225007087399
83540,6241,0.7874545920085415,false,83540,6241,0.7874545920085415
83540,24137,0.7820330338277738,false,83540,24137,0.7820330338277738
83540,9787,0.7289803013269597,false,83540,9787,0.7289803013269597
83540,699,0.7037472917188078,false,83540,699,0.7037472917188078
83540,23397,0.8256015800127738,false,83540,23397,0.8256015800127738
83540,128239,0.772950737366459,false,83540,128239,0.772950737366459
83540,3833,0.7383524168818018,false,83540,3833,0.7383524168818018
83540,64151,0.738730569410909,false,83540,64151,0.738730569410909
83540,221150,0.7748258929706685,false,83540,221150,0.7748258929706685
83540,100507118,0.7371476375924595,false,83540,100507118,0.7371476375924595
83540,100288637,0.7092843860563703,false,83540,100288637,0.7092843860563703
10537,4283,0.8499796015742429,false,10537,4283,0.8499796015742429
10537,101928202,0.8667268232569502,false,10537,101928202,0.8667268232569502
10537,147741,0.72450902203924,false,10537,147741,0.72450902203924
10537,100506655,0.9358018174205992,false,10537,100506655,0.9358018174205992
10537,23532,0.9576037745861538,false,10537,23532,0.9576037745861538
10537,100506827,0.8522211711335356,false,10537,100506827,0.8522211711335356
10537,701,0.7462459048291838,false,10537,701,0.7462459048291838
10537,3627,0.9056123111739814,false,10537,3627,0.9056123111739814
100192378,4321,0.7360687149329196,false,100192378,4321,0.7360687149329196
100192378,8471,0.9431772056782577,false,100192378,8471,0.9431772056782577
100192378,101929690,0.8155981742264301,false,100192378,101929690,0.8155981742264301
100192378,1690,0.9069292644620206,false,100192378,1690,0.9069292644620206
100192378,9758,0.8919940208942488,false,100192378,9758,0.8919940208942488
100192378,345643,0.8998303373989406,false,100192378,345643,0.8998303373989406
100192378,100506895,0.8517080119177853,false,100192378,100506895,0.8517080119177853
100192378,2297,0.7908372637449953,false,100192378,2297,0.7908372637449953
100192378,100506071,0.9070233347804112,false,100192378,100506071,0.9070233347804112
100192378,56203,0.8754172435392418,false,100192378,56203,0.8754172435392418
100192378,105375894,0.8858005461382485,false,100192378,105375894,0.8858005461382485
100192378,6362,0.9051786276769651,false,100192378,6362,0.9051786276769651
100192378,3239,0.9006281483413188,false,100192378,3239,0.9006281483413188
100192378,3670,0.9004033881374919,false,100192378,3670,0.9004033881374919
100192378,148645,0.8998303373989406,false,100192378,148645,0.8998303373989406
354,1749,0.7998241456775373,false,354,1749,0.7998241456775373
354,5650,0.8752273307927397,false,354,5650,0.8752273307927397
354,115019,0.7176681403841199,false,354,115019,0.7176681403841199
354,6768,0.7162979250087308,false,354,6768,0.7162979250087308
354,2019,0.7835880586476406,false,354,2019,0.7835880586476406
354,285987,0.8725182074098542,false,354,285987,0.8725182074098542
354,55057,0.7065650179946434,false,354,55057,0.7065650179946434
354,81607,0.7217415859538449,false,354,81607,0.7217415859538449
354,3502,0.9277605935478409,false,354,3502,0.9277605935478409
354,389336,0.8735458412279606,false,354,389336,0.8735458412279606
354,4004,0.849371609030224,false,354,4004,0.849371609030224
354,28946,0.8845466604459618,false,354,28946,0.8845466604459618
354,28809,0.8959486970152607,false,354,28809,0.8959486970152607
354,5653,0.8564997304018523,false,354,5653,0.8564997304018523
112714,166979,0.7727415564650157,false,112714,166979,0.7727415564650157
112714,5865,0.7721761339402601,false,112714,5865,0.7721761339402601
112714,6716,0.7721100546308198,false,112714,6716,0.7721100546308198
109729184,89886,0.829623754007109,false,109729184,89886,0.829623754007109
109729184,349408,0.70194387591108,false,109729184,349408,0.70194387591108
109729184,63898,0.8837601655361169,false,109729184,63898,0.8837601655361169
109729184,374946,0.7108845837771545,false,109729184,374946,0.7108845837771545
109729184,7477,0.8944567156450708,false,109729184,7477,0.8944567156450708
109729184,344,0.8428445220050396,false,109729184,344,0.8428445220050396
109729184,4318,0.9905649782596285,false,109729184,4318,0.9905649782596285
109729184,79191,0.8909130962602576,false,109729184,79191,0.8909130962602576
109729184,100533990,0.7945421282082983,false,109729184,100533990,0.7945421282082983
109729184,101928658,0.86982857533921,false,109729184,101928658,0.86982857533921
109729184,26289,0.8360452546321198,false,109729184,26289,0.8360452546321198
109729184,55867,0.7159361753059253,false,109729184,55867,0.7159361753059253
109729184,5798,0.8247221884633577,false,109729184,5798,0.8247221884633577
109729184,11075,0.7265903484277855,false,109729184,11075,0.7265903484277855
109729184,100379220,0.7156945608840359,false,109729184,100379220,0.7156945608840359
109729184,105378305,0.88205990668408,false,109729184,105378305,0.88205990668408
109729184,105377043,0.7891468823992591,false,109729184,105377043,0.7891468823992591
109729184,338005,0.8311780285803951,false,109729184,338005,0.8311780285803951
109729184,168002,0.9342886220310808,false,109729184,168002,0.9342886220310808
109729184,9076,0.8272629108382094,false,109729184,9076,0.8272629108382094
109729184,109729169,0.7710636294945982,false,109729184,109729169,0.7710636294945982
55655,1749,0.7256727916867984,false,55655,1749,0.7256727916867984
55655,731220,0.8447920148804144,false,55655,731220,0.8447920148804144
55655,3229,0.8732077900082528,false,55655,3229,0.8732077900082528
55655,387895,0.8012966303256432,false,55655,387895,0.8012966303256432
55655,115701,0.8759457395751404,false,55655,115701,0.8759457395751404
55655,5798,0.7008311393865986,false,55655,5798,0.7008311393865986
55655,105377508,0.8384799341407915,false,55655,105377508,0.8384799341407915
55655,11075,0.8307757568199658,false,55655,11075,0.8307757568199658
55655,2250,0.8101310495812547,false,55655,2250,0.8101310495812547
55655,284958,0.8295936669989531,false,55655,284958,0.8295936669989531
55655,105376041,0.9204277712569389,false,55655,105376041,0.9204277712569389
55655,3914,0.7035017069938088,false,55655,3914,0.7035017069938088
55655,554202,0.7646330961048442,false,55655,554202,0.7646330961048442
55655,109729169,0.8155522962507988,false,55655,109729169,0.8155522962507988
150468,105375610,0.8085699732645104,false,150468,105375610,0.8085699732645104
150468,9833,0.7798367022230708,false,150468,9833,0.7798367022230708
150468,3161,0.7378884602234254,false,150468,3161,0.7378884602234254
150468,51203,0.814741619877664,false,150468,51203,0.814741619877664
150468,995,0.8665263176935729,false,150468,995,0.8665263176935729
150468,113130,0.7190706216405004,false,150468,113130,0.7190706216405004
150468,9055,0.7848792382436223,false,150468,9055,0.7848792382436223
150468,332,0.8819277951771989,false,150468,332,0.8819277951771989
150468,3832,0.7025476688488368,false,150468,3832,0.7025476688488368
150468,157570,0.8316555881929615,false,150468,157570,0.8316555881929615
150468,55872,0.8079071420561601,false,150468,55872,0.8079071420561601
150468,7153,0.7416236826642664,false,150468,7153,0.7416236826642664
150468,891,0.8090969365472581,false,150468,891,0.8090969365472581
150468,4751,0.7631271127401585,false,150468,4751,0.7631271127401585
150468,374393,0.7406431769708391,false,150468,374393,0.7406431769708391
150468,6241,0.8870228490075068,false,150468,6241,0.8870228490075068
150468,27178,0.742676350996111,false,150468,27178,0.742676350996111
150468,83903,0.8955713005027174,false,150468,83903,0.8955713005027174
150468,285643,0.742676350996111,false,150468,285643,0.742676350996111
150468,24137,0.7490328550596616,false,150468,24137,0.7490328550596616
150468,9787,0.8701343727508564,false,150468,9787,0.8701343727508564
150468,1063,0.8526907994089187,false,150468,1063,0.8526907994089187
150468,146909,0.781824492127289,false,150468,146909,0.781824492127289
150468,1058,0.7672259177702969,false,150468,1058,0.7672259177702969
150468,9232,0.7417464330605196,false,150468,9232,0.7417464330605196
150468,100507118,0.8083689107814956,false,150468,100507118,0.8083689107814956
150468,991,0.7114388014259254,false,150468,991,0.7114388014259254
8529,4283,0.7437430634655241,false,8529,4283,0.7437430634655241
8529,147741,0.7527673972214408,false,8529,147741,0.7527673972214408
100422894,10595,0.7725302912673131,false,100422894,10595,0.7725302912673131
100422894,102724784,0.7099951560879881,false,100422894,102724784,0.7099951560879881
100422894,6690,0.8080263225632554,false,100422894,6690,0.8080263225632554
100422894,112802,0.7224797632085566,false,100422894,112802,0.7224797632085566
5101,63898,0.7269687047795371,false,5101,63898,0.7269687047795371
5101,105377043,0.7602883750758083,false,5101,105377043,0.7602883750758083
5101,554202,0.9153945987300153,false,5101,554202,0.9153945987300153
5101,109729169,0.7071901222060729,false,5101,109729169,0.7071901222060729
158228,100506411,0.9892211881153836,false,158228,100506411,0.9892211881153836
158228,2277,0.8930263668820351,false,158228,2277,0.8930263668820351
158228,81849,0.8815503649908255,false,158228,81849,0.8815503649908255
158228,3135,0.8068255194995421,false,158228,3135,0.8068255194995421
158228,6495,0.9750249432667342,false,158228,6495,0.9750249432667342
158228,3352,0.8599950071973534,false,158228,3352,0.8599950071973534
158228,79056,0.9292569237899987,false,158228,79056,0.9292569237899987
158228,54101,0.9983957688725917,false,158228,54101,0.9983957688725917
158228,143662,0.9957617773235742,false,158228,143662,0.9957617773235742
158228,23286,0.9805785426993171,false,158228,23286,0.9805785426993171
158228,340273,0.9999864268720229,false,158228,340273,0.9999864268720229
158228,101927355,0.9499728891311272,false,158228,101927355,0.9499728891311272
158228,253650,0.9058875669796213,false,158228,253650,0.9058875669796213
158228,654499,0.9998257131251621,false,158228,654499,0.9998257131251621
158228,100996301,0.9273519777324994,false,158228,100996301,0.9273519777324994
8355,111216286,0.9213479811790348,false,8355,111216286,0.9213479811790348
8355,6273,0.9152966703852943,false,8355,6273,0.9152966703852943
8355,107985627,0.8252567487348329,false,8355,107985627,0.8252567487348329
8355,53820,0.7982757719403999,false,8355,53820,0.7982757719403999
8355,338667,0.9037180460538976,false,8355,338667,0.9037180460538976
8355,3754,0.7441607710268356,false,8355,3754,0.7441607710268356
8355,102724784,0.8956842690311224,false,8355,102724784,0.8956842690311224
8355,8352,0.7862269720401723,false,8355,8352,0.7862269720401723
8355,101927760,0.9213778581420566,false,8355,101927760,0.9213778581420566
166979,594855,0.8712632206530734,false,166979,594855,0.8712632206530734
166979,5865,0.9962860529726938,false,166979,5865,0.9962860529726938
166979,3580,0.8786431791607044,false,166979,3580,0.8786431791607044
166979,116173,0.9018727904788123,false,166979,116173,0.9018727904788123
166979,101927686,0.8911585710747171,false,166979,101927686,0.8911585710747171
166979,3512,0.8003736311986929,false,166979,3512,0.8003736311986929
166979,26150,0.8655502946178434,false,166979,26150,0.8655502946178434
166979,6716,0.9561217292296299,false,166979,6716,0.9561217292296299
166979,219527,0.944343376263546,false,166979,219527,0.944343376263546
55388,3161,0.8000847030095363,false,55388,3161,0.8000847030095363
55388,51203,0.7515274409024216,false,55388,51203,0.7515274409024216
55388,57405,0.7806100975165423,false,55388,57405,0.7806100975165423
55388,29128,0.8774233717994183,false,55388,29128,0.8774233717994183
55388,57082,0.743374630985597,false,55388,57082,0.743374630985597
55388,3832,0.8075981488691867,false,55388,3832,0.8075981488691867
55388,55247,0.8166235979243917,false,55388,55247,0.8166235979243917
55388,11130,0.761862403220321,false,55388,11130,0.761862403220321
55388,55872,0.7244047468412307,false,55388,55872,0.7244047468412307
55388,7153,0.8731249373924791,false,55388,7153,0.8731249373924791
55388,891,0.7235840062915921,false,55388,891,0.7235840062915921
55388,4751,0.7841497209743818,false,55388,4751,0.7841497209743818
55388,6241,0.7046004881640694,false,55388,6241,0.7046004881640694
55388,24137,0.8307117298704083,false,55388,24137,0.8307117298704083
55388,55635,0.8198731583059721,false,55388,55635,0.8198731583059721
55388,23397,0.8408210613695519,false,55388,23397,0.8408210613695519
55388,9928,0.7326614544262374,false,55388,9928,0.7326614544262374
55388,64151,0.8087370390142969,false,55388,64151,0.8087370390142969
55388,221150,0.7461803169529655,false,55388,221150,0.7461803169529655
55388,100507118,0.7211239277455995,false,55388,100507118,0.7211239277455995
55388,100288637,0.81910336344513,false,55388,100288637,0.81910336344513
89886,7477,0.7785210733353841,false,89886,7477,0.7785210733353841
89886,344,0.8249456767422392,false,89886,344,0.8249456767422392
89886,286676,0.9097711780373474,false,89886,286676,0.9097711780373474
89886,4318,0.7714672774993317,false,89886,4318,0.7714672774993317
89886,79191,0.8576742123254024,false,89886,79191,0.8576742123254024
89886,100533990,0.7691378706770813,false,89886,100533990,0.7691378706770813
89886,55867,0.8474235553831808,false,89886,55867,0.8474235553831808
89886,5798,0.7287026643658121,false,89886,5798,0.7287026643658121
89886,100379220,0.7448358646448003,false,89886,100379220,0.7448358646448003
89886,105378305,0.9341919587724159,false,89886,105378305,0.9341919587724159
89886,168002,0.9078312649083482,false,89886,168002,0.9078312649083482
89886,9076,0.7204758622834997,false,89886,9076,0.7204758622834997
111216286,6273,0.8792611243110882,false,111216286,6273,0.8792611243110882
111216286,107985627,0.8144194386217734,false,111216286,107985627,0.8144194386217734
111216286,53820,0.8817322538831046,false,111216286,53820,0.8817322538831046
111216286,338667,0.8846642196456737,false,111216286,338667,0.8846642196456737
111216286,3754,0.7430878291143767,false,111216286,3754,0.7430878291143767
111216286,102724784,0.8267784763728104,false,111216286,102724784,0.8267784763728104
111216286,8352,0.7546917787895678,false,111216286,8352,0.7546917787895678
111216286,101927760,0.9401120424983647,false,111216286,101927760,0.9401120424983647
10942,3580,0.7477675624928122,false,10942,3580,0.7477675624928122
10942,3512,0.8235617318933489,false,10942,3512,0.8235617318933489
105375610,9833,0.7399330979125154,false,105375610,9833,0.7399330979125154
105375610,995,0.8351441346055066,false,105375610,995,0.8351441346055066
105375610,4288,0.7075855098151892,false,105375610,4288,0.7075855098151892
105375610,157570,0.7152412165079536,false,105375610,157570,0.7152412165079536
105375610,81930,0.7720301495908911,false,105375610,81930,0.7720301495908911
105375610,107985017,0.9023138663667832,false,105375610,107985017,0.9023138663667832
105375610,6241,0.782906114303381,false,105375610,6241,0.782906114303381
105375610,83903,0.7436535876920448,false,105375610,83903,0.7436535876920448
105375610,9787,0.8213902532474587,false,105375610,9787,0.8213902532474587
105375610,9212,0.7554665297592816,false,105375610,9212,0.7554665297592816
105375610,1063,0.7541300495799399,false,105375610,1063,0.7541300495799399
105375610,128239,0.7343430697100383,false,105375610,128239,0.7343430697100383
105375610,146909,0.7791451394799314,false,105375610,146909,0.7791451394799314
105375610,1058,0.8688371816413715,false,105375610,1058,0.8688371816413715
105375610,3833,0.8565441186324165,false,105375610,3833,0.8565441186324165
105375610,9232,0.790169796901138,false,105375610,9232,0.790169796901138
105375610,100507118,0.7700176916068722,false,105375610,100507118,0.7700176916068722
105375610,991,0.7581006796455968,false,105375610,991,0.7581006796455968
64094,2834,0.7884200931892702,false,64094,2834,0.7884200931892702
64094,63898,0.7069164080117065,false,64094,63898,0.7069164080117065
64094,56300,0.7067958140342899,false,64094,56300,0.7067958140342899
64094,374946,0.7295372130906513,false,64094,374946,0.7295372130906513
64094,574029,0.8335933261336748,false,64094,574029,0.8335933261336748
64094,101928658,0.7992276070428863,false,64094,101928658,0.7992276070428863
64094,1301,0.7709896936665824,false,64094,1301,0.7709896936665824
64094,107986951,0.9140580689055723,false,64094,107986951,0.9140580689055723
1870,57405,0.7852316854652592,false,1870,57405,0.7852316854652592
1870,995,0.7198860469202628,false,1870,995,0.7198860469202628
1870,113130,0.782615682465727,false,1870,113130,0.782615682465727
1870,4288,0.8057790366458255,false,1870,4288,0.8057790366458255
1870,11065,0.7442461212073131,false,1870,11065,0.7442461212073131
1870,332,0.7908884936620761,false,1870,332,0.7908884936620761
1870,10874,0.8267204267679855,false,1870,10874,0.8267204267679855
1870,891,0.7251534427725932,false,1870,891,0.7251534427725932
1870,6241,0.8067984344389791,false,1870,6241,0.8067984344389791
1870,147841,0.7841157304034791,false,1870,147841,0.7841157304034791
1870,8318,0.7922083775216976,false,1870,8318,0.7922083775216976
1870,151648,0.7169677923261838,false,1870,151648,0.7169677923261838
1870,24137,0.8136502609829047,false,1870,24137,0.8136502609829047
1870,112937,0.7260748614067475,false,1870,112937,0.7260748614067475
1870,9787,0.7648191092397231,false,1870,9787,0.7648191092397231
1870,9212,0.8060297142119607,false,1870,9212,0.8060297142119607
1870,128239,0.8410799268137684,false,1870,128239,0.8410799268137684
1870,55771,0.7075211995974761,false,1870,55771,0.7075211995974761
1870,64151,0.7603241057457468,false,1870,64151,0.7603241057457468
1870,221150,0.7616712658866397,false,1870,221150,0.7616712658866397
1870,9232,0.7316403944333973,false,1870,9232,0.7316403944333973
1870,991,0.7741757161956458,false,1870,991,0.7741757161956458
1870,10615,0.7665418514156898,false,1870,10615,0.7665418514156898
101927750,2834,0.7836686624892204,false,101927750,2834,0.7836686624892204
101927750,6865,0.7633462450363905,false,101927750,6865,0.7633462450363905
101927750,105375622,0.778053177102821,false,101927750,105375622,0.778053177102821
101927750,574029,0.794561199703648,false,101927750,574029,0.794561199703648
101927750,1813,0.8438517099031162,false,101927750,1813,0.8438517099031162
101927750,1301,0.8461066362959629,false,101927750,1301,0.8461066362959629
9833,3161,0.9033956381637316,false,9833,3161,0.9033956381637316
9833,51203,0.8982784446073527,false,9833,51203,0.8982784446073527
9833,995,0.7064646785923685,false,9833,995,0.7064646785923685
9833,29128,0.8416121258403116,false,9833,29128,0.8416121258403116
9833,9055,0.8266827746443786,false,9833,9055,0.8266827746443786
9833,332,0.7228244913832588,false,9833,332,0.7228244913832588
9833,3832,0.78844212598625,false,9833,3832,0.78844212598625
9833,157570,0.7896621491300804,false,9833,157570,0.7896621491300804
9833,55247,0.706400201260319,false,9833,55247,0.706400201260319
9833,11130,0.8011065751313858,false,9833,11130,0.8011065751313858
9833,81930,0.7254402666363957,false,9833,81930,0.7254402666363957
9833,55872,0.8825143170342095,false,9833,55872,0.8825143170342095
9833,7153,0.8111609010472347,false,9833,7153,0.8111609010472347
9833,891,0.8210892546270581,false,9833,891,0.8210892546270581
9833,4751,0.8230763992927048,false,9833,4751,0.8230763992927048
9833,374393,0.7905878593815947,false,9833,374393,0.7905878593815947
9833,107985017,0.7159670320049174,false,9833,107985017,0.7159670320049174
9833,6241,0.8801324977388841,false,9833,6241,0.8801324977388841
9833,83903,0.719303229811442,false,9833,83903,0.719303229811442
9833,24137,0.8221584196604225,false,9833,24137,0.8221584196604225
9833,9787,0.8574587375536362,false,9833,9787,0.8574587375536362
9833,9212,0.7365779472787222,false,9833,9212,0.7365779472787222
9833,699,0.8844343658228169,false,9833,699,0.8844343658228169
9833,1063,0.8018004411152897,false,9833,1063,0.8018004411152897
9833,23397,0.8459345039141237,false,9833,23397,0.8459345039141237
9833,128239,0.7268645362957977,false,9833,128239,0.7268645362957977
9833,146909,0.7829514639876892,false,9833,146909,0.7829514639876892
9833,1058,0.8312949137054151,false,9833,1058,0.8312949137054151
9833,3833,0.7688394856927258,false,9833,3833,0.7688394856927258
9833,64151,0.7257596901352514,false,9833,64151,0.7257596901352514
9833,221150,0.8305399357128935,false,9833,221150,0.8305399357128935
9833,100507118,0.8329635653167188,false,9833,100507118,0.8329635653167188
9833,100288637,0.7812694565273836,false,9833,100288637,0.7812694565273836
4321,8471,0.7453254702239448,false,4321,8471,0.7453254702239448
4321,1690,0.7403078997270102,false,4321,1690,0.7403078997270102
4321,9758,0.7356656149997303,false,4321,9758,0.7356656149997303
4321,345643,0.7429271079536237,false,4321,345643,0.7429271079536237
4321,2297,0.7219580819538796,false,4321,2297,0.7219580819538796
4321,100506071,0.7386484098769337,false,4321,100506071,0.7386484098769337
4321,56203,0.7239160005775164,false,4321,56203,0.7239160005775164
4321,105375894,0.7313856821604737,false,4321,105375894,0.7313856821604737
4321,6362,0.7584138980848845,false,4321,6362,0.7584138980848845
4321,3239,0.7879139762161808,false,4321,3239,0.7879139762161808
4321,3670,0.7454604111313953,false,4321,3670,0.7454604111313953
4321,148645,0.7429271079536237,false,4321,148645,0.7429271079536237
349408,89958,0.7749593470849855,false,349408,89958,0.7749593470849855
349408,26289,0.8400958825500912,false,349408,26289,0.8400958825500912
349408,105378305,0.7538069606993121,false,349408,105378305,0.7538069606993121
349408,168002,0.7885398155337188,false,349408,168002,0.7885398155337188
2834,56300,0.7948803884846851,false,2834,56300,0.7948803884846851
2834,105375622,0.8135350117381618,false,2834,105375622,0.8135350117381618
2834,574029,0.9027797721522999,false,2834,574029,0.9027797721522999
2834,1813,0.8385264025311971,false,2834,1813,0.8385264025311971
2834,1301,0.8729770884227007,false,2834,1301,0.8729770884227007
2834,107986951,0.8697430961256897,false,2834,107986951,0.8697430961256897
3161,51203,0.882734673355738,false,3161,51203,0.882734673355738
3161,57405,0.7037258247038963,false,3161,57405,0.7037258247038963
3161,29128,0.9163185460343559,false,3161,29128,0.9163185460343559
3161,57082,0.8197567051685418,false,3161,57082,0.8197567051685418
3161,9055,0.9081366661889259,false,3161,9055,0.9081366661889259
3161,332,0.7134143047526283,false,3161,332,0.7134143047526283
3161,3832,0.8403225219645706,false,3161,3832,0.8403225219645706
3161,157570,0.7067621192844021,false,3161,157570,0.7067621192844021
3161,56992,0.8698289577873713,false,3161,56992,0.8698289577873713
3161,55247,0.9086303861734594,false,3161,55247,0.9086303861734594
3161,11130,0.7578816442469197,false,3161,11130,0.7578816442469197
3161,81930,0.715901515713048,false,3161,81930,0.715901515713048
3161,55872,0.9628278363277073,false,3161,55872,0.9628278363277073
3161,7153,0.9211595211975944,false,3161,7153,0.9211595211975944
3161,891,0.8632463345883072,false,3161,891,0.8632463345883072
3161,4751,0.9266719498060457,false,3161,4751,0.9266719498060457
3161,374393,0.7171420136487643,false,3161,374393,0.7171420136487643
3161,6241,0.8647388524162648,false,3161,6241,0.8647388524162648
3161,83903,0.760000717675698,false,3161,83903,0.760000717675698
3161,24137,0.87066417238685,false,3161,24137,0.87066417238685
3161,55635,0.794522671329981,false,3161,55635,0.794522671329981
3161,9787,0.8161007061566511,false,3161,9787,0.8161007061566511
3161,699,0.802152735057498,false,3161,699,0.802152735057498
3161,1063,0.8393853459158779,false,3161,1063,0.8393853459158779
3161,23397,0.8975459054358635,false,3161,23397,0.8975459054358635
3161,146909,0.729478729527323,false,3161,146909,0.729478729527323
3161,9928,0.8416350271050026,false,3161,9928,0.8416350271050026
3161,64151,0.8532933298837695,false,3161,64151,0.8532933298837695
3161,221150,0.9170398890269111,false,3161,221150,0.9170398890269111
3161,100507118,0.9007100246021946,false,3161,100507118,0.9007100246021946
3161,100288637,0.8811835019577606,false,3161,100288637,0.8811835019577606
100506411,2277,0.9035000779169841,false,100506411,2277,0.9035000779169841
100506411,81849,0.8954678973244736,false,100506411,81849,0.8954678973244736
100506411,3135,0.7822440579540868,false,100506411,3135,0.7822440579540868
100506411,6495,0.9555858431828271,false,100506411,6495,0.9555858431828271
100506411,3352,0.8186915804115027,false,100506411,3352,0.8186915804115027
100506411,79056,0.8981577681180609,false,100506411,79056,0.8981577681180609
100506411,54101,0.987926650952593,false,100506411,54101,0.987926650952593
100506411,143662,0.991604556607378,false,100506411,143662,0.991604556607378
100506411,23286,0.9618184255186971,false,100506411,23286,0.9618184255186971
100506411,340273,0.9896961332916503,false,100506411,340273,0.9896961332916503
100506411,101927355,0.9427084587274017,false,100506411,101927355,0.9427084587274017
100506411,253650,0.9440504163122034,false,100506411,253650,0.9440504163122034
100506411,654499,0.9909233602915185,false,100506411,654499,0.9909233602915185
100506411,100996301,0.9226020798241831,false,100506411,100996301,0.9226020798241831
1749,5650,0.7844492461958794,false,1749,5650,0.7844492461958794
1749,115019,0.848417746073798,false,1749,115019,0.848417746073798
1749,2019,0.70412225010545,false,1749,2019,0.70412225010545
1749,285987,0.731184306412347,false,1749,285987,0.731184306412347
1749,55057,0.7777721375510163,false,1749,55057,0.7777721375510163
1749,115701,0.7863407870076743,false,1749,115701,0.7863407870076743
1749,389336,0.9097756610932753,false,1749,389336,0.9097756610932753
1749,4004,0.7188093323320339,false,1749,4004,0.7188093323320339
1749,3914,0.7606686882901247,false,1749,3914,0.7606686882901247
1749,28809,0.7147791186848869,false,1749,28809,0.7147791186848869
1749,5653,0.785274428851605,false,1749,5653,0.785274428851605
51203,29128,0.8971247187268179,false,51203,29128,0.8971247187268179
51203,57082,0.818400567528709,false,51203,57082,0.818400567528709
51203,9055,0.8600415532387824,false,51203,9055,0.8600415532387824
51203,332,0.7642256301626751,false,51203,332,0.7642256301626751
51203,3832,0.8608501977229556,false,51203,3832,0.8608501977229556
51203,157570,0.8077463873945773,false,51203,157570,0.8077463873945773
51203,56992,0.7159693568344649,false,51203,56992,0.7159693568344649
51203,55247,0.7937397227640157,false,51203,55247,0.7937397227640157
51203,11130,0.7417119166619851,false,51203,11130,0.7417119166619851
51203,55872,0.882193107031105,false,51203,55872,0.882193107031105
51203,7153,0.9251114920974287,false,51203,7153,0.9251114920974287
51203,891,0.8399955138100186,false,51203,891,0.8399955138100186
51203,4751,0.8578288520153475,false,51203,4751,0.8578288520153475
51203,374393,0.7898320407834747,false,51203,374393,0.7898320407834747
51203,6241,0.8538481167869448,false,51203,6241,0.8538481167869448
51203,83903,0.7421931539522498,false,51203,83903,0.7421931539522498
51203,24137,0.8179398094948923,false,51203,24137,0.8179398094948923
51203,55635,0.8045566939758503,false,51203,55635,0.8045566939758503
51203,9787,0.832653131563443,false,51203,9787,0.832653131563443
51203,699,0.8787708271584088,false,51203,699,0.8787708271584088
51203,1063,0.7843602252534493,false,51203,1063,0.7843602252534493
51203,23397,0.8265586177121659,false,51203,23397,0.8265586177121659
51203,146909,0.7326571805398883,false,51203,146909,0.7326571805398883
51203,9928,0.7725250349820294,false,51203,9928,0.7725250349820294
51203,64151,0.8286005050610235,false,51203,64151,0.8286005050610235
51203,221150,0.7841002372444598,false,51203,221150,0.7841002372444598
51203,100507118,0.8317046613389001,false,51203,100507118,0.8317046613389001
51203,100288637,0.7575335221507954,false,51203,100288637,0.7575335221507954
63898,374946,0.7598360847090483,false,63898,374946,0.7598360847090483
63898,7477,0.8652171061914957,false,63898,7477,0.8652171061914957
63898,344,0.7523804017442082,false,63898,344,0.7523804017442082
63898,50615,0.736558875980617,false,63898,50615,0.736558875980617
63898,4318,0.8734982371568918,false,63898,4318,0.8734982371568918
63898,79191,0.7163281039663288,false,63898,79191,0.7163281039663288
63898,100533990,0.7096606036216856,false,63898,100533990,0.7096606036216856
63898,101928658,0.8731451037155643,false,63898,101928658,0.8731451037155643
63898,26289,0.8337306417806282,false,63898,26289,0.8337306417806282
63898,5798,0.7253151965312367,false,63898,5798,0.7253151965312367
63898,105378305,0.7622321934078954,false,63898,105378305,0.7622321934078954
63898,105377043,0.8253603280644949,false,63898,105377043,0.8253603280644949
63898,338005,0.7399411753626125,false,63898,338005,0.7399411753626125
63898,168002,0.7492048609755305,false,63898,168002,0.7492048609755305
63898,9076,0.7527310033160622,false,63898,9076,0.7527310033160622
63898,109729169,0.7151281308515725,false,63898,109729169,0.7151281308515725
2277,81849,0.8308831624852366,false,2277,81849,0.8308831624852366
2277,3135,0.7454938272313489,false,2277,3135,0.7454938272313489
2277,6495,0.8644516744532318,false,2277,6495,0.8644516744532318
2277,3352,0.7807585225086404,false,2277,3352,0.7807585225086404
2277,79056,0.8082121801033593,false,2277,79056,0.8082121801033593
2277,54101,0.8835683926326114,false,2277,54101,0.8835683926326114
2277,143662,0.8824393720162343,false,2277,143662,0.8824393720162343
2277,23286,0.876069415467889,false,2277,23286,0.876069415467889
2277,340273,0.8934436679013503,false,2277,340273,0.8934436679013503
2277,101927355,0.9022046573585684,false,2277,101927355,0.9022046573585684
2277,253650,0.8828635495262718,false,2277,253650,0.8828635495262718
2277,654499,0.8964024155051896,false,2277,654499,0.8964024155051896
2277,100996301,0.7969804085186126,false,2277,100996301,0.7969804085186126
57405,89958,0.7385761601576887,false,57405,89958,0.7385761601576887
57405,995,0.7024569584159264,false,57405,995,0.7024569584159264
57405,29128,0.7981169930232348,false,57405,29128,0.7981169930232348
57405,113130,0.8584787735597396,false,57405,113130,0.8584787735597396
57405,4288,0.7937725862263056,false,57405,4288,0.7937725862263056
57405,57082,0.8385770197076652,false,57405,57082,0.8385770197076652
57405,332,0.8547088364165858,false,57405,332,0.8547088364165858
57405,56992,0.7482552167290349,false,57405,56992,0.7482552167290349
57405,55872,0.7123170074228207,false,57405,55872,0.7123170074228207
57405,10874,0.7136127265789641,false,57405,10874,0.7136127265789641
57405,7153,0.734177804543381,false,57405,7153,0.734177804543381
57405,891,0.74421639033964,false,57405,891,0.74421639033964
57405,6241,0.8064970130926015,false,57405,6241,0.8064970130926015
57405,9156,0.7685845179167676,false,57405,9156,0.7685845179167676
57405,24137,0.8623232490107928,false,57405,24137,0.8623232490107928
57405,4605,0.7299661098952778,false,57405,4605,0.7299661098952778
57405,9787,0.8216160573378881,false,57405,9787,0.8216160573378881
57405,9212,0.8194490077333809,false,57405,9212,0.8194490077333809
57405,1063,0.8134904732479943,false,57405,1063,0.8134904732479943
57405,128239,0.7534277664284689,false,57405,128239,0.7534277664284689
57405,146909,0.7893508251855517,false,57405,146909,0.7893508251855517
57405,55771,0.7711143412597748,false,57405,55771,0.7711143412597748
57405,64151,0.862080382750478,false,57405,64151,0.862080382750478
57405,221150,0.7722203070224226,false,57405,221150,0.7722203070224226
57405,9232,0.8128970945595317,false,57405,9232,0.8128970945595317
57405,100507118,0.7828839725667986,false,57405,100507118,0.7828839725667986
57405,991,0.8245116200037792,false,57405,991,0.8245116200037792
57405,10615,0.8446361114405256,false,57405,10615,0.8446361114405256
5650,115019,0.7404047821442663,false,5650,115019,0.7404047821442663
5650,6768,0.725149370289888,false,5650,6768,0.725149370289888
5650,2019,0.9171532499713568,false,5650,2019,0.9171532499713568
5650,285987,0.9935443243909412,false,5650,285987,0.9935443243909412
5650,81607,0.7297725916948645,false,5650,81607,0.7297725916948645
5650,3502,0.9103451462569635,false,5650,3502,0.9103451462569635
5650,389336,0.9442317543612918,false,5650,389336,0.9442317543612918
5650,4004,0.9928676336829853,false,5650,4004,0.9928676336829853
5650,28946,0.7900098242850369,false,5650,28946,0.7900098242850369
5650,28809,0.9815309858018358,false,5650,28809,0.9815309858018358
5650,5653,0.9876790185244169,false,5650,5653,0.9876790185244169
105371737,10874,0.8056915989194504,false,105371737,10874,0.8056915989194504
105371737,1813,0.7514996986134485,false,105371737,1813,0.7514996986134485
6273,107985627,0.8839471318417211,false,6273,107985627,0.8839471318417211
6273,53820,0.8117325144645222,false,6273,53820,0.8117325144645222
6273,338667,0.9681432346778563,false,6273,338667,0.9681432346778563
6273,3754,0.8345395207527486,false,6273,3754,0.8345395207527486
6273,102724784,0.9399824853150371,false,6273,102724784,0.9399824853150371
6273,8352,0.7723722901914288,false,6273,8352,0.7723722901914288
6273,101927760,0.9417185045793436,false,6273,101927760,0.9417185045793436
6273,112802,0.7342601757084437,false,6273,112802,0.7342601757084437
89958,113130,0.7133571980850123,false,89958,113130,0.7133571980850123
89958,374946,0.7132337755819034,false,89958,374946,0.7132337755819034
89958,4288,0.7121416442476115,false,89958,4288,0.7121416442476115
89958,101928658,0.7370695726776157,false,89958,101928658,0.7370695726776157
89958,26289,0.7249088114004631,false,89958,26289,0.7249088114004631
89958,4605,0.8928504432458734,false,89958,4605,0.8928504432458734
89958,9212,0.7141698878744992,false,89958,9212,0.7141698878744992
89958,55771,0.7671804994622036,false,89958,55771,0.7671804994622036
89958,168002,0.7183154867646928,false,89958,168002,0.7183154867646928
89958,991,0.7751396981818989,false,89958,991,0.7751396981818989
89958,10615,0.7422773945176402,false,89958,10615,0.7422773945176402
995,113130,0.8157365087113171,false,995,113130,0.8157365087113171
995,4288,0.8580462909532054,false,995,4288,0.8580462909532054
995,11065,0.7238039769109649,false,995,11065,0.7238039769109649
995,332,0.8947753125445602,false,995,332,0.8947753125445602
995,157570,0.7358280229570644,false,995,157570,0.7358280229570644
995,55872,0.7596860418412598,false,995,55872,0.7596860418412598
995,891,0.7032868617455735,false,995,891,0.7032868617455735
995,374393,0.7008660655128983,false,995,374393,0.7008660655128983
995,107985017,0.7369365649515964,false,995,107985017,0.7369365649515964
995,6241,0.9008068507831833,false,995,6241,0.9008068507831833
995,83903,0.7851664939516219,false,995,83903,0.7851664939516219
995,24137,0.8228615733770369,false,995,24137,0.8228615733770369
995,112937,0.7702479604155521,false,995,112937,0.7702479604155521
995,9787,0.901021847463302,false,995,9787,0.901021847463302
995,9212,0.8376008953924489,false,995,9212,0.8376008953924489
995,1063,0.8873765982273345,false,995,1063,0.8873765982273345
995,128239,0.8230202195253916,false,995,128239,0.8230202195253916
995,146909,0.8128301653351776,false,995,146909,0.8128301653351776
995,1058,0.7454417824432995,false,995,1058,0.7454417824432995
995,3833,0.8561329116661704,false,995,3833,0.8561329116661704
995,221150,0.7230461747775312,false,995,221150,0.7230461747775312
995,9232,0.8348250223666361,false,995,9232,0.8348250223666361
995,100507118,0.829195210469514,false,995,100507118,0.829195210469514
995,991,0.8817482993637444,false,995,991,0.8817482993637444
6865,105375622,0.8227668018656319,false,6865,105375622,0.8227668018656319
6865,27091,0.7723151921010031,false,6865,27091,0.7723151921010031
6865,1813,0.7078510395551991,false,6865,1813,0.7078510395551991
6865,1301,0.7029814646822327,false,6865,1301,0.7029814646822327
56300,374946,0.7515281675663921,false,56300,374946,0.7515281675663921
56300,3229,0.798814268938369,false,56300,3229,0.798814268938369
56300,27091,0.8020006349460989,false,56300,27091,0.8020006349460989
56300,387895,0.7965281089759281,false,56300,387895,0.7965281089759281
56300,347252,0.8165969070060666,false,56300,347252,0.8165969070060666
56300,1301,0.8557944462931432,false,56300,1301,0.8557944462931432
115019,285987,0.7182537933414542,false,115019,285987,0.7182537933414542
115019,55057,0.7545322885999882,false,115019,55057,0.7545322885999882
115019,3502,0.7049236355732045,false,115019,3502,0.7049236355732045
115019,389336,0.8234993358788604,false,115019,389336,0.8234993358788604
115019,4004,0.7107408487057956,false,115019,4004,0.7107408487057956
115019,28809,0.7242882316329048,false,115019,28809,0.7242882316329048
115019,5653,0.7871641143273221,false,115019,5653,0.7871641143273221
29128,113130,0.736784125650354,false,29128,113130,0.736784125650354
29128,11065,0.7433560595586427,false,29128,11065,0.7433560595586427
29128,57082,0.856122771482169,false,29128,57082,0.856122771482169
29128,9055,0.8617932928141354,false,29128,9055,0.8617932928141354
29128,332,0.749592965318353,false,29128,332,0.749592965318353
29128,3832,0.777150251718139,false,29128,3832,0.777150251718139
29128,56992,0.7862471706867953,false,29128,56992,0.7862471706867953
29128,55247,0.8519108507731967,false,29128,55247,0.8519108507731967
29128,55872,0.9068016316482576,false,29128,55872,0.9068016316482576
29128,7153,0.93368762066674,false,29128,7153,0.93368762066674
29128,891,0.8780629559506861,false,29128,891,0.8780629559506861
29128,4751,0.8455742224154316,false,29128,4751,0.8455742224154316
29128,374393,0.8333560794147018,false,29128,374393,0.8333560794147018
29128,6241,0.839157304840261,false,29128,6241,0.839157304840261
29128,24137,0.9131842969217847,false,29128,24137,0.9131842969217847
29128,55635,0.7755550233500681,false,29128,55635,0.7755550233500681
29128,9787,0.8344787653389515,false,29128,9787,0.8344787653389515
29128,9212,0.7049163949558243,false,29128,9212,0.7049163949558243
29128,699,0.7872043211791453,false,29128,699,0.7872043211791453
29128,1063,0.8155655027320226,false,29128,1063,0.8155655027320226
29128,23397,0.8391042167412892,false,29128,23397,0.8391042167412892
29128,128239,0.7054481809880976,false,29128,128239,0.7054481809880976
29128,146909,0.7433986673787195,false,29128,146909,0.7433986673787195
29128,9928,0.8056023336562568,false,29128,9928,0.8056023336562568
29128,64151,0.9217972804945778,false,29128,64151,0.9217972804945778
29128,221150,0.9241306149093045,false,29128,221150,0.9241306149093045
29128,100507118,0.8863376834439245,false,29128,100507118,0.8863376834439245
29128,100288637,0.838427754198997,false,29128,100288637,0.838427754198997
29128,991,0.7084357932417688,false,29128,991,0.7084357932417688
113130,4288,0.8990414839644748,false,113130,4288,0.8990414839644748
113130,11065,0.83290038383955,false,113130,11065,0.83290038383955
113130,332,0.8471812847470348,false,113130,332,0.8471812847470348
113130,891,0.7458384430795466,false,113130,891,0.7458384430795466
113130,107985017,0.8048867748135952,false,113130,107985017,0.8048867748135952
113130,6241,0.8301322691639283,false,113130,6241,0.8301322691639283
113130,10460,0.7404848644895942,false,113130,10460,0.7404848644895942
113130,8318,0.7622117619106513,false,113130,8318,0.7622117619106513
113130,24137,0.8134326840870616,false,113130,24137,0.8134326840870616
113130,4605,0.7215480712113956,false,113130,4605,0.7215480712113956
113130,9787,0.9054350696240221,false,113130,9787,0.9054350696240221
113130,9212,0.9118908141638721,false,113130,9212,0.9118908141638721
113130,1063,0.8462399221434259,false,113130,1063,0.8462399221434259
113130,128239,0.8238288446230139,false,113130,128239,0.8238288446230139
113130,146909,0.9150067942814983,false,113130,146909,0.9150067942814983
113130,1058,0.739311054190131,false,113130,1058,0.739311054190131
113130,3833,0.7711132245742219,false,113130,3833,0.7711132245742219
113130,64151,0.736002254574994,false,113130,64151,0.736002254574994
113130,221150,0.807705023068953,false,113130,221150,0.807705023068953
113130,9232,0.9291188323790839,false,113130,9232,0.9291188323790839
113130,100507118,0.8252854989574052,false,113130,100507118,0.8252854989574052
113130,991,0.9290127696996056,false,113130,991,0.9290127696996056
113130,10615,0.8112601211510896,false,113130,10615,0.8112601211510896
6768,2019,0.7312873844101834,false,6768,2019,0.7312873844101834
6768,285987,0.7400769076437645,false,6768,285987,0.7400769076437645
6768,81607,0.8881638213284084,false,6768,81607,0.8881638213284084
6768,3502,0.7956254347337327,false,6768,3502,0.7956254347337327
6768,4004,0.719696031258546,false,6768,4004,0.719696031258546
6768,112802,0.7447521392700791,false,6768,112802,0.7447521392700791
6768,28946,0.7658001498747733,false,6768,28946,0.7658001498747733
6768,28809,0.7627754924853603,false,6768,28809,0.7627754924853603
6768,5653,0.7354686218121343,false,6768,5653,0.7354686218121343
374946,7477,0.7858153093106104,false,374946,7477,0.7858153093106104
374946,344,0.7728785370146686,false,374946,344,0.7728785370146686
374946,4318,0.7067143150248384,false,374946,4318,0.7067143150248384
374946,3229,0.7734898938019308,false,374946,3229,0.7734898938019308
374946,100533990,0.7790108252764208,false,374946,100533990,0.7790108252764208
374946,387895,0.7674681078475958,false,374946,387895,0.7674681078475958
374946,101928658,0.9319467498828119,false,374946,101928658,0.9319467498828119
374946,347252,0.760924208981936,false,374946,347252,0.760924208981936
374946,26289,0.7075542565573761,false,374946,26289,0.7075542565573761
374946,4605,0.7421886757223798,false,374946,4605,0.7421886757223798
374946,5798,0.8977529613744505,false,374946,5798,0.8977529613744505
374946,11075,0.8803790113215909,false,374946,11075,0.8803790113215909
374946,2250,0.7167597013802746,false,374946,2250,0.7167597013802746
374946,168002,0.7181068920945436,false,374946,168002,0.7181068920945436
374946,9076,0.7313691688115003,false,374946,9076,0.7313691688115003
374946,109729169,0.829883285605843,false,374946,109729169,0.829883285605843
4288,131578,0.7137504400041916,false,4288,131578,0.7137504400041916
4288,11065,0.7833907356410743,false,4288,11065,0.7833907356410743
4288,332,0.812715557087568,false,4288,332,0.812715557087568
4288,10874,0.733985214821459,false,4288,10874,0.733985214821459
4288,374393,0.7090667106039548,false,4288,374393,0.7090667106039548
4288,107985017,0.7485962220868632,false,4288,107985017,0.7485962220868632
4288,6241,0.842830267177983,false,4288,6241,0.842830267177983
4288,147841,0.7202719074243232,false,4288,147841,0.7202719074243232
4288,10460,0.7084818898470231,false,4288,10460,0.7084818898470231
4288,8318,0.720882256161546,false,4288,8318,0.720882256161546
4288,24137,0.7990942479033755,false,4288,24137,0.7990942479033755
4288,112937,0.8016468478427079,false,4288,112937,0.8016468478427079
4288,4605,0.7344627613560383,false,4288,4605,0.7344627613560383
4288,9787,0.9196179904287103,false,4288,9787,0.9196179904287103
4288,9212,0.940201115582085,false,4288,9212,0.940201115582085
4288,1063,0.8445764329437558,false,4288,1063,0.8445764329437558
4288,128239,0.9464684919470863,false,4288,128239,0.9464684919470863
4288,146909,0.879095664650156,false,4288,146909,0.879095664650156
4288,1058,0.7138072357946739,false,4288,1058,0.7138072357946739
4288,3833,0.8750880854326497,false,4288,3833,0.8750880854326497
4288,64151,0.7491884996795276,false,4288,64151,0.7491884996795276
4288,221150,0.77897189456211,false,4288,221150,0.77897189456211
4288,9232,0.9251021593922604,false,4288,9232,0.9251021593922604
4288,100507118,0.74196007091878,false,4288,100507118,0.74196007091878
4288,991,0.9743042729096202,false,4288,991,0.9743042729096202
4288,10615,0.8783868728036314,false,4288,10615,0.8783868728036314
107985627,53820,0.8139281892881858,false,107985627,53820,0.8139281892881858
107985627,338667,0.9410626798996341,false,107985627,338667,0.9410626798996341
107985627,3754,0.8238000267683493,false,107985627,3754,0.8238000267683493
107985627,102724784,0.942556734943197,false,107985627,102724784,0.942556734943197
107985627,2893,0.7089495523915038,false,107985627,2893,0.7089495523915038
107985627,8352,0.8796783040707086,false,107985627,8352,0.8796783040707086
107985627,101927760,0.9137359799123184,false,107985627,101927760,0.9137359799123184
81849,3135,0.7831844987557599,false,81849,3135,0.7831844987557599
81849,6495,0.824028283842003,false,81849,6495,0.824028283842003
81849,3352,0.7706894831107364,false,81849,3352,0.7706894831107364
81849,79056,0.7873102063524059,false,81849,79056,0.7873102063524059
81849,54101,0.8851199479553414,false,81849,54101,0.8851199479553414
81849,143662,0.8753227620980325,false,81849,143662,0.8753227620980325
81849,23286,0.8831058781481119,false,81849,23286,0.8831058781481119
81849,340273,0.8822982352539366,false,81849,340273,0.8822982352539366
81849,101927355,0.9113505581206495,false,81849,101927355,0.9113505581206495
81849,253650,0.9152440733931995,false,81849,253650,0.9152440733931995
81849,654499,0.8823079874090437,false,81849,654499,0.8823079874090437
81849,100996301,0.9666148502925261,false,81849,100996301,0.9666148502925261
131578,112937,0.784148218437881,false,131578,112937,0.784148218437881
11065,55872,0.710041471649545,false,11065,55872,0.710041471649545
11065,891,0.8296344839899692,false,11065,891,0.8296344839899692
11065,374393,0.7945702482563947,false,11065,374393,0.7945702482563947
11065,6241,0.7508951060549662,false,11065,6241,0.7508951060549662
11065,24137,0.7234074749990882,false,11065,24137,0.7234074749990882
11065,9787,0.7713468839218266,false,11065,9787,0.7713468839218266
11065,9212,0.7565250783812814,false,11065,9212,0.7565250783812814
11065,128239,0.7556827597246216,false,11065,128239,0.7556827597246216
11065,146909,0.7214129132016724,false,11065,146909,0.7214129132016724
11065,3833,0.7517631809851444,false,11065,3833,0.7517631809851444
11065,221150,0.8738820460831354,false,11065,221150,0.8738820460831354
11065,9232,0.7128609909167867,false,11065,9232,0.7128609909167867
11065,100507118,0.7803715615426243,false,11065,100507118,0.7803715615426243
11065,991,0.8022691551360308,false,11065,991,0.8022691551360308
11065,10615,0.802489245219842,false,11065,10615,0.802489245219842
57082,9055,0.7393871883555023,false,57082,9055,0.7393871883555023
57082,332,0.7284860298228097,false,57082,332,0.7284860298228097
57082,3832,0.7365186527155384,false,57082,3832,0.7365186527155384
57082,56992,0.8532221894912922,false,57082,56992,0.8532221894912922
57082,55247,0.8014351446734953,false,57082,55247,0.8014351446734953
57082,55872,0.838574720285732,false,57082,55872,0.838574720285732
57082,7153,0.8711511994131717,false,57082,7153,0.8711511994131717
57082,891,0.781960096929649,false,57082,891,0.781960096929649
57082,4751,0.7352016447208101,false,57082,4751,0.7352016447208101
57082,6241,0.7581279460818857,false,57082,6241,0.7581279460818857
57082,24137,0.8196412022222175,false,57082,24137,0.8196412022222175
57082,9787,0.7170095585842855,false,57082,9787,0.7170095585842855
57082,1063,0.7567435977018674,false,57082,1063,0.7567435977018674
57082,23397,0.7512506733923309,false,57082,23397,0.7512506733923309
57082,9928,0.878878841167363,false,57082,9928,0.878878841167363
57082,64151,0.931968508312345,false,57082,64151,0.931968508312345
57082,221150,0.7887658759301782,false,57082,221150,0.7887658759301782
57082,100507118,0.762835477219744,false,57082,100507118,0.762835477219744
57082,10615,0.7008518523629578,false,57082,10615,0.7008518523629578
7477,344,0.8828934161561178,false,7477,344,0.8828934161561178
7477,4318,0.8739965215396595,false,7477,4318,0.8739965215396595
7477,79191,0.9027694034773994,false,7477,79191,0.9027694034773994
7477,100533990,0.8408056119493897,false,7477,100533990,0.8408056119493897
7477,101928658,0.8317687182970228,false,7477,101928658,0.8317687182970228
7477,26289,0.7326443443394626,false,7477,26289,0.7326443443394626
7477,5798,0.8229817548904561,false,7477,5798,0.8229817548904561
7477,11075,0.7319371006977057,false,7477,11075,0.7319371006977057
7477,105378305,0.7922296340023041,false,7477,105378305,0.7922296340023041
7477,105377043,0.7238142759321751,false,7477,105377043,0.7238142759321751
7477,168002,0.8801918976728187,false,7477,168002,0.8801918976728187
7477,9076,0.7425371724197078,false,7477,9076,0.7425371724197078
7477,109729169,0.7365622623945293,false,7477,109729169,0.7365622623945293
9055,3832,0.7495401047005397,false,9055,3832,0.7495401047005397
9055,56992,0.8233348017266897,false,9055,56992,0.8233348017266897
9055,55247,0.874448390772007,false,9055,55247,0.874448390772007
9055,55872,0.9219853866063124,false,9055,55872,0.9219853866063124
9055,7153,0.8648498669762092,false,9055,7153,0.8648498669762092
9055,891,0.8059084811830267,false,9055,891,0.8059084811830267
9055,4751,0.8992339161101244,false,9055,4751,0.8992339161101244
9055,374393,0.708583725909607,false,9055,374393,0.708583725909607
9055,6241,0.7861122814696322,false,9055,6241,0.7861122814696322
9055,83903,0.8191705967501072,false,9055,83903,0.8191705967501072
9055,24137,0.7641336663241353,false,9055,24137,0.7641336663241353
9055,55635,0.7146625443809277,false,9055,55635,0.7146625443809277
9055,9787,0.8046025339480168,false,9055,9787,0.8046025339480168
9055,1063,0.809435526855177,false,9055,1063,0.809435526855177
9055,146909,0.72980210278954,false,9055,146909,0.72980210278954
9055,9928,0.7772794387736792,false,9055,9928,0.7772794387736792
9055,64151,0.7890714421448399,false,9055,64151,0.7890714421448399
9055,221150,0.8590086984478775,false,9055,221150,0.8590086984478775
9055,100507118,0.9275346319624022,false,9055,100507118,0.9275346319624022
9055,100288637,0.7525740122672582,false,9055,100288637,0.7525740122672582
53820,338667,0.8379390246484578,false,53820,338667,0.8379390246484578
53820,3754,0.7405764292830002,false,53820,3754,0.7405764292830002
53820,102724784,0.7897127338752574,false,53820,102724784,0.7897127338752574
53820,8352,0.847490125494088,false,53820,8352,0.847490125494088
53820,101927760,0.8684360810458261,false,53820,101927760,0.8684360810458261
8471,101929690,0.9034473392353739,false,8471,101929690,0.9034473392353739
8471,1690,0.9701258044096708,false,8471,1690,0.9701258044096708
8471,9758,0.9628463407620558,false,8471,9758,0.9628463407620558
8471,345643,0.9714103497953473,false,8471,345643,0.9714103497953473
8471,100506895,0.8869292055061151,false,8471,100506895,0.8869292055061151
8471,100506071,0.9701410123238716,false,8471,100506071,0.9701410123238716
8471,56203,0.9560437947305045,false,8471,56203,0.9560437947305045
8471,105375894,0.9652078514364546,false,8471,105375894,0.9652078514364546
8471,6362,0.9664989421516844,false,8471,6362,0.9664989421516844
8471,3239,0.9223615859147293,false,8471,3239,0.9223615859147293
8471,3670,0.9716862654044903,false,8471,3670,0.9716862654044903
8471,148645,0.9714103497953473,false,8471,148645,0.9714103497953473
332,3832,0.717300746275665,false,332,3832,0.717300746275665
332,157570,0.7271825583571755,false,332,157570,0.7271825583571755
332,55872,0.774109079136762,false,332,55872,0.774109079136762
332,7153,0.749599061126554,false,332,7153,0.749599061126554
332,891,0.826738958233392,false,332,891,0.826738958233392
332,374393,0.7125039309338402,false,332,374393,0.7125039309338402
332,6241,0.9387551385283163,false,332,6241,0.9387551385283163
332,147841,0.7665603708842543,false,332,147841,0.7665603708842543
332,10460,0.7232869066376871,false,332,10460,0.7232869066376871
332,8318,0.7654361671230361,false,332,8318,0.7654361671230361
332,9156,0.8595942022582462,false,332,9156,0.8595942022582462
332,24137,0.8897826113048227,false,332,24137,0.8897826113048227
332,4605,0.7611963414764927,false,332,4605,0.7611963414764927
332,9787,0.9040560456691382,false,332,9787,0.9040560456691382
332,9212,0.8303489758754785,false,332,9212,0.8303489758754785
332,1063,0.8849097404516086,false,332,1063,0.8849097404516086
332,128239,0.7811560024130475,false,332,128239,0.7811560024130475
332,146909,0.8261091108376436,false,332,146909,0.8261091108376436
332,1058,0.7270792609926465,false,332,1058,0.7270792609926465
332,3833,0.7237612377245531,false,332,3833,0.7237612377245531
332,55771,0.7495003816144287,false,332,55771,0.7495003816144287
332,64151,0.7690100966048444,false,332,64151,0.7690100966048444
332,221150,0.7435143803394103,false,332,221150,0.7435143803394103
332,9232,0.8519163330576647,false,332,9232,0.8519163330576647
332,100507118,0.8056310796544827,false,332,100507118,0.8056310796544827
332,991,0.8482455851400862,false,332,991,0.8482455851400862
332,10615,0.7479832725089004,false,332,10615,0.7479832725089004
3832,157570,0.7933762068842399,false,3832,157570,0.7933762068842399
3832,55247,0.7828212442236587,false,3832,55247,0.7828212442236587
3832,11130,0.7374064129432694,false,3832,11130,0.7374064129432694
3832,55872,0.8336634827943792,false,3832,55872,0.8336634827943792
3832,7153,0.9144500971111963,false,3832,7153,0.9144500971111963
3832,4751,0.89671767116343,false,3832,4751,0.89671767116343
3832,6241,0.765445389146773,false,3832,6241,0.765445389146773
3832,24137,0.7947132204530705,false,3832,24137,0.7947132204530705
3832,55635,0.8851898094062338,false,3832,55635,0.8851898094062338
3832,699,0.7104041676373246,false,3832,699,0.7104041676373246
3832,1063,0.7538751893646403,false,3832,1063,0.7538751893646403
3832,23397,0.8102996708364456,false,3832,23397,0.8102996708364456
3832,9928,0.7347426027313491,false,3832,9928,0.7347426027313491
3832,100507118,0.7928530812242173,false,3832,100507118,0.7928530812242173
3832,100288637,0.754220252031292,false,3832,100288637,0.754220252031292
344,4318,0.8196026505708737,false,344,4318,0.8196026505708737
344,79191,0.8358234119431021,false,344,79191,0.8358234119431021
344,100533990,0.9809270783219475,false,344,100533990,0.9809270783219475
344,101928658,0.7767093641826718,false,344,101928658,0.7767093641826718
344,5798,0.9120837107594758,false,344,5798,0.9120837107594758
344,11075,0.7981623733679338,false,344,11075,0.7981623733679338
344,100379220,0.7033041798438138,false,344,100379220,0.7033041798438138
344,105378305,0.8040921108756351,false,344,105378305,0.8040921108756351
344,105377043,0.7261197334999772,false,344,105377043,0.7261197334999772
344,168002,0.8510257900242608,false,344,168002,0.8510257900242608
344,9076,0.7144426109206924,false,344,9076,0.7144426109206924
344,109729169,0.8468502358250606,false,344,109729169,0.8468502358250606
731220,3229,0.8403529947277718,false,731220,3229,0.8403529947277718
731220,387895,0.790983895890057,false,731220,387895,0.790983895890057
731220,115701,0.7953113924769076,false,731220,115701,0.7953113924769076
731220,5798,0.7116594899594618,false,731220,5798,0.7116594899594618
731220,105377508,0.718024227720352,false,731220,105377508,0.718024227720352
731220,11075,0.837486536531801,false,731220,11075,0.837486536531801
731220,2250,0.7603963971686526,false,731220,2250,0.7603963971686526
731220,284958,0.7174118263977249,false,731220,284958,0.7174118263977249
731220,105376041,0.8978195271984459,false,731220,105376041,0.8978195271984459
731220,554202,0.8162191703445518,false,731220,554202,0.8162191703445518
731220,109729169,0.7787390395560491,false,731220,109729169,0.7787390395560491
4283,101928202,0.7884390750440259,false,4283,101928202,0.7884390750440259
4283,147741,0.9637736776136795,false,4283,147741,0.9637736776136795
4283,100506655,0.926945280812611,false,4283,100506655,0.926945280812611
4283,23532,0.9104851595557308,false,4283,23532,0.9104851595557308
4283,100506827,0.7641415218017439,false,4283,100506827,0.7641415218017439
4283,701,0.7845742424276578,false,4283,701,0.7845742424276578
338667,3754,0.889205224083904,false,338667,3754,0.889205224083904
338667,102724784,0.9605496020106347,false,338667,102724784,0.9605496020106347
338667,8352,0.8277765441865236,false,338667,8352,0.8277765441865236
338667,101927760,0.9816388886946019,false,338667,101927760,0.9816388886946019
3754,102724784,0.8053427662629231,false,3754,102724784,0.8053427662629231
3754,8352,0.7058509529746206,false,3754,8352,0.7058509529746206
3754,101927760,0.8614465462735053,false,3754,101927760,0.8614465462735053
286676,55867,0.9031050374001509,false,286676,55867,0.9031050374001509
286676,105378305,0.871916162439569,false,286676,105378305,0.871916162439569
286676,168002,0.7463475167210882,false,286676,168002,0.7463475167210882
157570,55872,0.8056048102004292,false,157570,55872,0.8056048102004292
157570,7153,0.7726854390222369,false,157570,7153,0.7726854390222369
157570,186,0.8152360309871063,false,157570,186,0.8152360309871063
157570,4751,0.7720422143255882,false,157570,4751,0.7720422143255882
157570,374393,0.7342113420126367,false,157570,374393,0.7342113420126367
157570,6241,0.7604205281311766,false,157570,6241,0.7604205281311766
157570,27178,0.8059325934767632,false,157570,27178,0.8059325934767632
157570,83903,0.7574283424594342,false,157570,83903,0.7574283424594342
157570,285643,0.8059325934767632,false,157570,285643,0.8059325934767632
157570,1063,0.7068621812327088,false,157570,1063,0.7068621812327088
157570,100507118,0.7203447896489418,false,157570,100507118,0.7203447896489418
56992,55247,0.8860950430542242,false,56992,55247,0.8860950430542242
56992,55872,0.8223446119037399,false,56992,55872,0.8223446119037399
56992,7153,0.7776502478975196,false,56992,7153,0.7776502478975196
56992,891,0.7691007706784164,false,56992,891,0.7691007706784164
56992,4751,0.7530962307319198,false,56992,4751,0.7530962307319198
56992,6241,0.7368809718941269,false,56992,6241,0.7368809718941269
56992,101928202,0.7243247008362561,false,56992,101928202,0.7243247008362561
56992,24137,0.752444688981368,false,56992,24137,0.752444688981368
56992,9787,0.7061773196247699,false,56992,9787,0.7061773196247699
56992,1063,0.7127237657665708,false,56992,1063,0.7127237657665708
56992,23397,0.7550000220803368,false,56992,23397,0.7550000220803368
56992,9928,0.8100714696376192,false,56992,9928,0.8100714696376192
56992,64151,0.8473138635435614,false,56992,64151,0.8473138635435614
56992,221150,0.8655511750433891,false,56992,221150,0.8655511750433891
56992,100507118,0.816752532942275,false,56992,100507118,0.816752532942275
56992,100288637,0.7458359613608629,false,56992,100288637,0.7458359613608629
105375622,574029,0.7625185538988379,false,105375622,574029,0.7625185538988379
105375622,27091,0.7360865958122802,false,105375622,27091,0.7360865958122802
105375622,1813,0.7928314883585441,false,105375622,1813,0.7928314883585441
105375622,55789,0.7252734294648975,false,105375622,55789,0.7252734294648975
105375622,1301,0.7760672261527426,false,105375622,1301,0.7760672261527426
2019,285987,0.9225065699902106,false,2019,285987,0.9225065699902106
2019,55057,0.7388815516531679,false,2019,55057,0.7388815516531679
2019,81607,0.7078963015634063,false,2019,81607,0.7078963015634063
2019,3502,0.8262282118377339,false,2019,3502,0.8262282118377339
2019,389336,0.8779390352169418,false,2019,389336,0.8779390352169418
2019,4004,0.9196823703662476,false,2019,4004,0.9196823703662476
2019,28946,0.7245859270834596,false,2019,28946,0.7245859270834596
2019,28809,0.9073400381386765,false,2019,28809,0.9073400381386765
2019,5653,0.904755257815349,false,2019,5653,0.904755257815349
594855,5865,0.8641307639127195,false,594855,5865,0.8641307639127195
594855,3580,0.7939907739109089,false,594855,3580,0.7939907739109089
594855,116173,0.869263353085539,false,594855,116173,0.869263353085539
594855,101927686,0.7496115176263168,false,594855,101927686,0.7496115176263168
594855,105370953,0.7027003396733034,false,594855,105370953,0.7027003396733034
594855,364,0.8260652635144532,false,594855,364,0.8260652635144532
594855,3512,0.7566087215980691,false,594855,3512,0.7566087215980691
594855,26150,0.7924033357644137,false,594855,26150,0.7924033357644137
594855,6716,0.8579139927667396,false,594855,6716,0.8579139927667396
594855,219527,0.7881681258783035,false,594855,219527,0.7881681258783035
3135,6495,0.7727471771449361,false,3135,6495,0.7727471771449361
3135,3352,0.7600072802470385,false,3135,3352,0.7600072802470385
3135,79056,0.8739237816511379,false,3135,79056,0.8739237816511379
3135,54101,0.8056400364467065,false,3135,54101,0.8056400364467065
3135,143662,0.809406046493815,false,3135,143662,0.809406046493815
3135,23286,0.7546796098745352,false,3135,23286,0.7546796098745352
3135,340273,0.8066007498242226,false,3135,340273,0.8066007498242226
3135,101927355,0.7880639140996898,false,3135,101927355,0.7880639140996898
3135,253650,0.734408281422115,false,3135,253650,0.734408281422115
3135,654499,0.8061215242809922,false,3135,654499,0.8061215242809922
3135,100996301,0.7550573127776813,false,3135,100996301,0.7550573127776813
55247,55872,0.864000781532007,false,55247,55872,0.864000781532007
55247,7153,0.8851115864072107,false,55247,7153,0.8851115864072107
55247,891,0.7538848077774664,false,55247,891,0.7538848077774664
55247,4751,0.899409375336944,false,55247,4751,0.899409375336944
55247,6241,0.7163131108138313,false,55247,6241,0.7163131108138313
55247,83903,0.7018511530427552,false,55247,83903,0.7018511530427552
55247,24137,0.771769775575351,false,55247,24137,0.771769775575351
55247,55635,0.8245302148579889,false,55247,55635,0.8245302148579889
55247,1063,0.740891473946259,false,55247,1063,0.740891473946259
55247,23397,0.8284878437712192,false,55247,23397,0.8284878437712192
55247,9928,0.8843661348923442,false,55247,9928,0.8843661348923442
55247,64151,0.8498486919497711,false,55247,64151,0.8498486919497711
55247,221150,0.8307259377816278,false,55247,221150,0.8307259377816278
55247,100507118,0.8030911939667413,false,55247,100507118,0.8030911939667413
55247,100288637,0.8569039777724575,false,55247,100288637,0.8569039777724575
50615,4318,0.7058687735851059,false,50615,4318,0.7058687735851059
50615,338005,0.8237430164331223,false,50615,338005,0.8237430164331223
101929690,1690,0.9039378073899244,false,101929690,1690,0.9039378073899244
101929690,9758,0.9018852157743886,false,101929690,9758,0.9018852157743886
101929690,345643,0.9105777536704358,false,101929690,345643,0.9105777536704358
101929690,100506895,0.7347467709798295,false,101929690,100506895,0.7347467709798295
101929690,100506071,0.9042070211208469,false,101929690,100506071,0.9042070211208469
101929690,56203,0.9143382082128048,false,101929690,56203,0.9143382082128048
101929690,105375894,0.9091903319784643,false,101929690,105375894,0.9091903319784643
101929690,6362,0.9042710273281016,false,101929690,6362,0.9042710273281016
101929690,3239,0.852078309187201,false,101929690,3239,0.852078309187201
101929690,3670,0.9105895207843342,false,101929690,3670,0.9105895207843342
101929690,148645,0.9105777536704358,false,101929690,148645,0.9105777536704358
11130,7153,0.7358337963004109,false,11130,7153,0.7358337963004109
11130,4751,0.7624759521597357,false,11130,4751,0.7624759521597357
11130,55635,0.759451116662102,false,11130,55635,0.759451116662102
11130,699,0.8750859879004046,false,11130,699,0.8750859879004046
11130,23397,0.8853410627278314,false,11130,23397,0.8853410627278314
11130,100288637,0.8503253604440296,false,11130,100288637,0.8503253604440296
81930,107985017,0.7001909389922165,false,81930,107985017,0.7001909389922165
81930,1058,0.7945796644885442,false,81930,1058,0.7945796644885442
81930,100507118,0.7065386310049103,false,81930,100507118,0.7065386310049103
5865,3580,0.8655091893300733,false,5865,3580,0.8655091893300733
5865,116173,0.8950166105825915,false,5865,116173,0.8950166105825915
5865,101927686,0.8802641420656232,false,5865,101927686,0.8802641420656232
5865,3512,0.7880975147752376,false,5865,3512,0.7880975147752376
5865,26150,0.8585419930339707,false,5865,26150,0.8585419930339707
5865,6716,0.9488772512452665,false,5865,6716,0.9488772512452665
5865,219527,0.9377461108562695,false,5865,219527,0.9377461108562695
6422,6332,0.7034358924944314,false,6422,6332,0.7034358924944314
6422,55789,0.7817319235418789,false,6422,55789,0.7817319235418789
6422,107986951,0.7630944586734082,false,6422,107986951,0.7630944586734082
1690,9758,0.9950026573024293,false,1690,9758,0.9950026573024293
1690,345643,0.9988779339897452,false,1690,345643,0.9988779339897452
1690,100506895,0.7814940384258806,false,1690,100506895,0.7814940384258806
1690,100506071,0.9999684441166938,false,1690,100506071,0.9999684441166938
1690,56203,0.9933093599193689,false,1690,56203,0.9933093599193689
1690,105375894,0.9947247957277199,false,1690,105375894,0.9947247957277199
1690,6362,0.9888089297280593,false,1690,6362,0.9888089297280593
1690,3239,0.9566136903144082,false,1690,3239,0.9566136903144082
1690,3670,0.9988962141698284,false,1690,3670,0.9988962141698284
1690,148645,0.9988779339897452,false,1690,148645,0.9988779339897452
55872,7153,0.921984246338435,false,55872,7153,0.921984246338435
55872,891,0.8678267920589554,false,55872,891,0.8678267920589554
55872,4751,0.9262631716296976,false,55872,4751,0.9262631716296976
55872,374393,0.7820727924259274,false,55872,374393,0.7820727924259274
55872,6241,0.8790724226121714,false,55872,6241,0.8790724226121714
55872,83903,0.7936846575985431,false,55872,83903,0.7936846575985431
55872,24137,0.8909780057879315,false,55872,24137,0.8909780057879315
55872,55635,0.7737980606733298,false,55872,55635,0.7737980606733298
55872,9787,0.8435253720542766,false,55872,9787,0.8435253720542766
55872,699,0.7587883475759213,false,55872,699,0.7587883475759213
55872,1063,0.8999380099891516,false,55872,1063,0.8999380099891516
55872,23397,0.8107940624656113,false,55872,23397,0.8107940624656113
55872,146909,0.7633330589578731,false,55872,146909,0.7633330589578731
55872,9928,0.850491159476307,false,55872,9928,0.850491159476307
55872,3833,0.7541781719468671,false,55872,3833,0.7541781719468671
55872,64151,0.847093777624342,false,55872,64151,0.847093777624342
55872,221150,0.9066497828645256,false,55872,221150,0.9066497828645256
55872,100507118,0.9243739054339923,false,55872,100507118,0.9243739054339923
55872,100288637,0.807461662224353,false,55872,100288637,0.807461662224353
4318,79191,0.8682390018103903,false,4318,79191,0.8682390018103903
4318,100533990,0.7797847191560203,false,4318,100533990,0.7797847191560203
4318,101928658,0.8645918822789621,false,4318,101928658,0.8645918822789621
4318,26289,0.831121895124427,false,4318,26289,0.831121895124427
4318,5798,0.8199119471975108,false,4318,5798,0.8199119471975108
4318,11075,0.7356435997057137,false,4318,11075,0.7356435997057137
4318,100379220,0.7029298037420786,false,4318,100379220,0.7029298037420786
4318,105378305,0.8327306847323659,false,4318,105378305,0.8327306847323659
4318,105377043,0.775903464227249,false,4318,105377043,0.775903464227249
4318,338005,0.838628300346205,false,4318,338005,0.838628300346205
4318,168002,0.9080306761473631,false,4318,168002,0.9080306761473631
4318,9076,0.8435058798617605,false,4318,9076,0.8435058798617605
4318,109729169,0.7888099077422539,false,4318,109729169,0.7888099077422539
10874,147841,0.7300275517491552,false,10874,147841,0.7300275517491552
10874,8318,0.7564091090581327,false,10874,8318,0.7564091090581327
10874,10615,0.7397060460219618,false,10874,10615,0.7397060460219618
3580,116173,0.7653764948605899,false,3580,116173,0.7653764948605899
3580,101927686,0.8159853076707867,false,3580,101927686,0.8159853076707867
3580,3512,0.7791734973208172,false,3580,3512,0.7791734973208172
3580,26150,0.7003854653951146,false,3580,26150,0.7003854653951146
3580,6716,0.9114555223230311,false,3580,6716,0.9114555223230311
3580,219527,0.7616540606371128,false,3580,219527,0.7616540606371128
7153,891,0.8468960323993874,false,7153,891,0.8468960323993874
7153,4751,0.9416984727090448,false,7153,4751,0.9416984727090448
7153,374393,0.7371725508013819,false,7153,374393,0.7371725508013819
7153,6241,0.8106505741297241,false,7153,6241,0.8106505741297241
7153,24137,0.8622444542901512,false,7153,24137,0.8622444542901512
7153,55635,0.8934618014606398,false,7153,55635,0.8934618014606398
7153,9787,0.7480180099259274,false,7153,9787,0.7480180099259274
7153,699,0.7737751598154747,false,7153,699,0.7737751598154747
7153,1063,0.7820265082891,false,7153,1063,0.7820265082891
7153,23397,0.8376716190571444,false,7153,23397,0.8376716190571444
7153,9928,0.8879717175777719,false,7153,9928,0.8879717175777719
7153,64151,0.8528728927705957,false,7153,64151,0.8528728927705957
7153,221150,0.8155533905255641,false,7153,221150,0.8155533905255641
7153,100507118,0.8626221152854,false,7153,100507118,0.8626221152854
7153,100288637,0.8347308510763947,false,7153,100288637,0.8347308510763947
186,27178,0.7652117930099646,false,186,27178,0.7652117930099646
186,83903,0.7288694945097135,false,186,83903,0.7288694945097135
186,285643,0.7652117930099646,false,186,285643,0.7652117930099646
891,4751,0.8025207924396386,false,891,4751,0.8025207924396386
891,374393,0.8029753997287445,false,891,374393,0.8029753997287445
891,6241,0.8791340933293303,false,891,6241,0.8791340933293303
891,24137,0.8325535309541804,false,891,24137,0.8325535309541804
891,9787,0.8346951596580039,false,891,9787,0.8346951596580039
891,699,0.7554415813816218,false,891,699,0.7554415813816218
891,1063,0.7682222434030253,false,891,1063,0.7682222434030253
891,23397,0.7370886097150868,false,891,23397,0.7370886097150868
891,9928,0.7947127935465326,false,891,9928,0.7947127935465326
891,64151,0.8298258292950312,false,891,64151,0.8298258292950312
891,221150,0.9005747530241884,false,891,221150,0.9005747530241884
891,100507118,0.8289320863112345,false,891,100507118,0.8289320863112345
891,10615,0.7058044553046147,false,891,10615,0.7058044553046147
3229,387895,0.9602101191354873,false,3229,387895,0.9602101191354873
3229,347252,0.7706427928927203,false,3229,347252,0.7706427928927203
3229,115701,0.9082222321629356,false,3229,115701,0.9082222321629356
3229,105377508,0.8110456114875239,false,3229,105377508,0.8110456114875239
3229,11075,0.8374285429148793,false,3229,11075,0.8374285429148793
3229,2250,0.8497272890493697,false,3229,2250,0.8497272890493697
3229,284958,0.8453179574706651,false,3229,284958,0.8453179574706651
3229,105376041,0.9390744476916457,false,3229,105376041,0.9390744476916457
3229,3914,0.7037532171917674,false,3229,3914,0.7037532171917674
3229,554202,0.7156597085805808,false,3229,554202,0.7156597085805808
3229,109729169,0.7498568297781835,false,3229,109729169,0.7498568297781835
4751,6241,0.7755524138148682,false,4751,6241,0.7755524138148682
4751,83903,0.7732169423513391,false,4751,83903,0.7732169423513391
4751,24137,0.7882942852515217,false,4751,24137,0.7882942852515217
4751,55635,0.859591330530915,false,4751,55635,0.859591330530915
4751,9787,0.7155038108416085,false,4751,9787,0.7155038108416085
4751,699,0.7388743326109063,false,4751,699,0.7388743326109063
4751,1063,0.7827949579733323,false,4751,1063,0.7827949579733323
4751,23397,0.7921566364831831,false,4751,23397,0.7921566364831831
4751,9928,0.8719907918181544,false,4751,9928,0.8719907918181544
4751,64151,0.752347485578188,false,4751,64151,0.752347485578188
4751,221150,0.7792906458902831,false,4751,221150,0.7792906458902831
4751,100507118,0.8541263135907708,false,4751,100507118,0.8541263135907708
4751,100288637,0.8565193378359247,false,4751,100288637,0.8565193378359247
3856,113218482,0.9882713529958352,false,3856,113218482,0.9882713529958352
3856,364,0.7754180273752543,false,3856,364,0.7754180273752543
374393,6241,0.7483968907692532,false,374393,6241,0.7483968907692532
374393,24137,0.749951670164772,false,374393,24137,0.749951670164772
374393,9787,0.7661043671773625,false,374393,9787,0.7661043671773625
374393,1063,0.7204308125232308,false,374393,1063,0.7204308125232308
374393,146909,0.7008715093299133,false,374393,146909,0.7008715093299133
374393,3833,0.7166245030481033,false,374393,3833,0.7166245030481033
374393,221150,0.7747051218640848,false,374393,221150,0.7747051218640848
374393,100507118,0.7444204047941019,false,374393,100507118,0.7444204047941019
374393,991,0.7363415161593639,false,374393,991,0.7363415161593639
79413,83648,0.7169707701007214,false,79413,83648,0.7169707701007214
107985017,6241,0.715038251928379,false,107985017,6241,0.715038251928379
107985017,9787,0.817320130846639,false,107985017,9787,0.817320130846639
107985017,9212,0.8267273937821408,false,107985017,9212,0.8267273937821408
107985017,1063,0.7503222214470305,false,107985017,1063,0.7503222214470305
107985017,128239,0.7478194088242066,false,107985017,128239,0.7478194088242066
107985017,146909,0.8474146231283805,false,107985017,146909,0.8474146231283805
107985017,1058,0.8283479373893949,false,107985017,1058,0.8283479373893949
107985017,3833,0.8516670954565474,false,107985017,3833,0.8516670954565474
107985017,9232,0.8247950622353666,false,107985017,9232,0.8247950622353666
107985017,100507118,0.8038353694980511,false,107985017,100507118,0.8038353694980511
107985017,991,0.8159228795072716,false,107985017,991,0.8159228795072716
6241,83903,0.7987582962192887,false,6241,83903,0.7987582962192887
6241,24137,0.9395837641847165,false,6241,24137,0.9395837641847165
6241,9787,0.9637862250080234,false,6241,9787,0.9637862250080234
6241,9212,0.8677677740799111,false,6241,9212,0.8677677740799111
6241,699,0.7692438227379401,false,6241,699,0.7692438227379401
6241,1063,0.9180094556422367,false,6241,1063,0.9180094556422367
6241,23397,0.7979753375777645,false,6241,23397,0.7979753375777645
6241,128239,0.8527239754165482,false,6241,128239,0.8527239754165482
6241,146909,0.8605851149643474,false,6241,146909,0.8605851149643474
6241,1058,0.8221076732061623,false,6241,1058,0.8221076732061623
6241,3833,0.8229796066780228,false,6241,3833,0.8229796066780228
6241,64151,0.8335210908670149,false,6241,64151,0.8335210908670149
6241,221150,0.8692494677043898,false,6241,221150,0.8692494677043898
6241,9232,0.8469268292348936,false,6241,9232,0.8469268292348936
6241,100507118,0.8901412165063569,false,6241,100507118,0.8901412165063569
6241,991,0.8475369273619554,false,6241,991,0.8475369273619554
6241,10615,0.7295262914008743,false,6241,10615,0.7295262914008743
102724784,8352,0.8782238520163872,false,102724784,8352,0.8782238520163872
102724784,101927760,0.9267918264519257,false,102724784,101927760,0.9267918264519257
102724784,112802,0.7575945734392495,false,102724784,112802,0.7575945734392495
285987,81607,0.7162193758197807,false,285987,81607,0.7162193758197807
285987,3502,0.9257150694956571,false,285987,3502,0.9257150694956571
285987,389336,0.919354829875017,false,285987,389336,0.919354829875017
285987,4004,0.9959519569918641,false,285987,4004,0.9959519569918641
285987,28946,0.8127426327749994,false,285987,28946,0.8127426327749994
285987,28809,0.9922542356557005,false,285987,28809,0.9922542356557005
285987,5653,0.983989713924922,false,285987,5653,0.983989713924922
79191,100533990,0.7574565689234105,false,79191,100533990,0.7574565689234105
79191,5798,0.7356589989560123,false,79191,5798,0.7356589989560123
79191,100379220,0.7730132406127773,false,79191,100379220,0.7730132406127773
79191,105378305,0.8476067214821336,false,79191,105378305,0.8476067214821336
79191,338005,0.7558143562548447,false,79191,338005,0.7558143562548447
79191,168002,0.9375043945376936,false,79191,168002,0.9375043945376936
79191,9076,0.727921308184257,false,79191,9076,0.727921308184257
6332,574029,0.71775710334668,false,6332,574029,0.71775710334668
10643,9928,0.754098702571868,false,10643,9928,0.754098702571868
147841,8318,0.7846490017548592,false,147841,8318,0.7846490017548592
147841,151648,0.7113454685296442,false,147841,151648,0.7113454685296442
147841,1813,0.7519567995197839,false,147841,1813,0.7519567995197839
147841,128239,0.7047742934841414,false,147841,128239,0.7047742934841414
147841,10615,0.7527918476282957,false,147841,10615,0.7527918476282957
10460,8318,0.7545460345970783,false,10460,8318,0.7545460345970783
10460,9156,0.7755735980214613,false,10460,9156,0.7755735980214613
10460,4605,0.7763698404703665,false,10460,4605,0.7763698404703665
10460,9212,0.713379116280918,false,10460,9212,0.713379116280918
10460,146909,0.7083837076169807,false,10460,146909,0.7083837076169807
10460,55771,0.7024325355300511,false,10460,55771,0.7024325355300511
10460,9232,0.8288315311605378,false,10460,9232,0.8288315311605378
10460,991,0.7174896110797365,false,10460,991,0.7174896110797365
574029,1813,0.792084555298618,false,574029,1813,0.792084555298618
574029,1301,0.9288272063300362,false,574029,1301,0.9288272063300362
574029,107986951,0.8986471508248058,false,574029,107986951,0.8986471508248058
100533990,101928658,0.7708308073863682,false,100533990,101928658,0.7708308073863682
100533990,5798,0.9343409331021966,false,100533990,5798,0.9343409331021966
100533990,11075,0.8439819361205962,false,100533990,11075,0.8439819361205962
100533990,105378305,0.7438931322514928,false,100533990,105378305,0.7438931322514928
100533990,105377043,0.7265327026903924,false,100533990,105377043,0.7265327026903924
100533990,168002,0.7977738335505071,false,100533990,168002,0.7977738335505071
100533990,109729169,0.8900127527974638,false,100533990,109729169,0.8900127527974638
27091,1301,0.7212769691035535,false,27091,1301,0.7212769691035535
6495,3352,0.8143466181198732,false,6495,3352,0.8143466181198732
6495,79056,0.8843580879737175,false,6495,79056,0.8843580879737175
6495,54101,0.9697960759493361,false,6495,54101,0.9697960759493361
6495,143662,0.966887657073926,false,6495,143662,0.966887657073926
6495,23286,0.9537718893678638,false,6495,23286,0.9537718893678638
6495,340273,0.9747484009744319,false,6495,340273,0.9747484009744319
6495,101927355,0.9219035416681689,false,6495,101927355,0.9219035416681689
6495,253650,0.8515355077589416,false,6495,253650,0.8515355077589416
6495,654499,0.9741329668368902,false,6495,654499,0.9741329668368902
6495,100996301,0.8885087181559262,false,6495,100996301,0.8885087181559262
55057,389336,0.775210287019546,false,55057,389336,0.775210287019546
113218482,364,0.8272454241768963,false,113218482,364,0.8272454241768963
387895,347252,0.790642253588876,false,387895,347252,0.790642253588876
387895,115701,0.8158893034896545,false,387895,115701,0.8158893034896545
387895,5798,0.7193309880487012,false,387895,5798,0.7193309880487012
387895,105377508,0.8523812442713513,false,387895,105377508,0.8523812442713513
387895,11075,0.8423045385770093,false,387895,11075,0.8423045385770093
387895,2250,0.8055529770732092,false,387895,2250,0.8055529770732092
387895,284958,0.826587556865644,false,387895,284958,0.826587556865644
387895,105376041,0.9245931961203407,false,387895,105376041,0.9245931961203407
387895,554202,0.7072061978366005,false,387895,554202,0.7072061978366005
387895,109729169,0.7475797564201659,false,387895,109729169,0.7475797564201659
3352,79056,0.7903790848674054,false,3352,79056,0.7903790848674054
3352,54101,0.8637688652145952,false,3352,54101,0.8637688652145952
3352,4257,0.8111741222748099,false,3352,4257,0.8111741222748099
3352,143662,0.8465061846783932,false,3352,143662,0.8465061846783932
3352,23286,0.8360957529221564,false,3352,23286,0.8360957529221564
3352,340273,0.8598525679107728,false,3352,340273,0.8598525679107728
3352,101927355,0.8624050273454061,false,3352,101927355,0.8624050273454061
3352,253650,0.7410553240157013,false,3352,253650,0.7410553240157013
3352,654499,0.8575788960176991,false,3352,654499,0.8575788960176991
3352,100996301,0.8244033885338748,false,3352,100996301,0.8244033885338748
9758,345643,0.9955849363101356,false,9758,345643,0.9955849363101356
9758,100506895,0.7627836131420647,false,9758,100506895,0.7627836131420647
9758,100506071,0.994976756654532,false,9758,100506071,0.994976756654532
9758,56203,0.99098495049845,false,9758,56203,0.99098495049845
9758,105375894,0.9919025246583634,false,9758,105375894,0.9919025246583634
9758,6362,0.9818405039111764,false,9758,6362,0.9818405039111764
9758,3239,0.9577157769974869,false,9758,3239,0.9577157769974869
9758,3670,0.995484376578855,false,9758,3670,0.995484376578855
9758,148645,0.9955849363101356,false,9758,148645,0.9955849363101356
345643,100506895,0.7769785771603945,false,345643,100506895,0.7769785771603945
345643,100506071,0.9986884976571213,false,345643,100506071,0.9986884976571213
345643,56203,0.9947915725541635,false,345643,56203,0.9947915725541635
345643,105375894,0.9973680342994786,false,345643,105375894,0.9973680342994786
345643,6362,0.9881955330508342,false,345643,6362,0.9881955330508342
345643,3239,0.9578501432878941,false,345643,3239,0.9578501432878941
345643,3670,0.9999185994442839,false,345643,3670,0.9999185994442839
345643,148645,1.0,false,345643,148645,1.0
116173,101927686,0.7756105985857621,false,116173,101927686,0.7756105985857621
116173,26150,0.8108329509998706,false,116173,26150,0.8108329509998706
116173,6716,0.8958496693276191,false,116173,6716,0.8958496693276191
116173,219527,0.903917639897846,false,116173,219527,0.903917639897846
81607,6690,0.7310552451521075,false,81607,6690,0.7310552451521075
81607,3502,0.7862566352411107,false,81607,3502,0.7862566352411107
81607,389336,0.7503526924069006,false,81607,389336,0.7503526924069006
81607,3914,0.7451863098451005,false,81607,3914,0.7451863098451005
81607,112802,0.7411455864145903,false,81607,112802,0.7411455864145903
81607,28946,0.7026401118020397,false,81607,28946,0.7026401118020397
81607,28809,0.7421226980859346,false,81607,28809,0.7421226980859346
81607,5653,0.7214481926726458,false,81607,5653,0.7214481926726458
79056,54101,0.9225410847668967,false,79056,54101,0.9225410847668967
79056,143662,0.9283578853508773,false,79056,143662,0.9283578853508773
79056,23286,0.917711524311122,false,79056,23286,0.917711524311122
79056,340273,0.9287994381949796,false,79056,340273,0.9287994381949796
79056,101927355,0.860242445465652,false,79056,101927355,0.860242445465652
79056,253650,0.8019867975706488,false,79056,253650,0.8019867975706488
79056,654499,0.9266126067769456,false,79056,654499,0.9266126067769456
79056,100996301,0.8348119009561993,false,79056,100996301,0.8348119009561993
101928658,26289,0.8497208110369164,false,101928658,26289,0.8497208110369164
101928658,5798,0.895235688632846,false,101928658,5798,0.895235688632846
101928658,11075,0.8768781182783589,false,101928658,11075,0.8768781182783589
101928658,105378305,0.7895451490740533,false,101928658,105378305,0.7895451490740533
101928658,105377043,0.7002305386835843,false,101928658,105377043,0.7002305386835843
101928658,107986951,0.7774939404227773,false,101928658,107986951,0.7774939404227773
101928658,168002,0.8129779128560476,false,101928658,168002,0.8129779128560476
101928658,9076,0.8097135817605101,false,101928658,9076,0.8097135817605101
101928658,109729169,0.8378922065661454,false,101928658,109729169,0.8378922065661454
101928202,100506655,0.9150125910033189,false,101928202,100506655,0.9150125910033189
101928202,23532,0.8982541704475331,false,101928202,23532,0.8982541704475331
101928202,100506827,0.8499587089212716,false,101928202,100506827,0.8499587089212716
101928202,701,0.7936415262713136,false,101928202,701,0.7936415262713136
101928202,3627,0.7889434209789326,false,101928202,3627,0.7889434209789326
8318,112937,0.7258201042384871,false,8318,112937,0.7258201042384871
8318,4605,0.815875296415809,false,8318,4605,0.815875296415809
8318,9212,0.734837674023188,false,8318,9212,0.734837674023188
8318,55771,0.8817165682914025,false,8318,55771,0.8817165682914025
8318,9232,0.7407562511550898,false,8318,9232,0.7407562511550898
8318,991,0.755167893789787,false,8318,991,0.755167893789787
8318,10615,0.7260496507446462,false,8318,10615,0.7260496507446462
9156,24137,0.7005561593134264,false,9156,24137,0.7005561593134264
9156,4605,0.7455162685086132,false,9156,4605,0.7455162685086132
9156,1063,0.7215990810769609,false,9156,1063,0.7215990810769609
9156,55771,0.7218360341301026,false,9156,55771,0.7218360341301026
100506895,100506071,0.7816674526031469,false,100506895,100506071,0.7816674526031469
100506895,56203,0.7394766708118209,false,100506895,56203,0.7394766708118209
100506895,105375894,0.7627483691456062,false,100506895,105375894,0.7627483691456062
100506895,6362,0.8138525402171419,false,100506895,6362,0.8138525402171419
100506895,3239,0.7011928312143084,false,100506895,3239,0.7011928312143084
100506895,3670,0.776763991958124,false,100506895,3670,0.776763991958124
100506895,148645,0.7769785771603945,false,100506895,148645,0.7769785771603945
2297,6362,0.7163108286348188,false,2297,6362,0.7163108286348188
2297,3239,0.7821470573283738,false,2297,3239,0.7821470573283738
27178,83903,0.7645222447550721,false,27178,83903,0.7645222447550721
27178,285643,1.0,false,27178,285643,1.0
147741,100506655,0.8262182298554323,false,147741,100506655,0.8262182298554323
147741,23532,0.7994893324187756,false,147741,23532,0.7994893324187756
147741,701,0.7910566951164502,false,147741,701,0.7910566951164502
1813,1301,0.7707035346514991,false,1813,1301,0.7707035346514991
26289,105378305,0.7230673538270431,false,26289,105378305,0.7230673538270431
26289,338005,0.7048987782058462,false,26289,338005,0.7048987782058462
26289,168002,0.7734801342501905,false,26289,168002,0.7734801342501905
83903,285643,0.7645222447550722,false,83903,285643,0.7645222447550722
83903,9787,0.7514482967177195,false,83903,9787,0.7514482967177195
83903,1063,0.7796146361505704,false,83903,1063,0.7796146361505704
83903,100507118,0.7662929302155156,false,83903,100507118,0.7662929302155156
115701,105377508,0.7781459680788444,false,115701,105377508,0.7781459680788444
115701,11075,0.7542370169495263,false,115701,11075,0.7542370169495263
115701,2250,0.7698671971851765,false,115701,2250,0.7698671971851765
115701,284958,0.8919118089585601,false,115701,284958,0.8919118089585601
115701,105376041,0.86513265937164,false,115701,105376041,0.86513265937164
115701,3914,0.7015257686332008,false,115701,3914,0.7015257686332008
115701,109729169,0.7075466985622765,false,115701,109729169,0.7075466985622765
24137,55635,0.7583164997580317,false,24137,55635,0.7583164997580317
24137,9787,0.9019254426933194,false,24137,9787,0.9019254426933194
24137,9212,0.8579822046062233,false,24137,9212,0.8579822046062233
24137,699,0.7296637119363343,false,24137,699,0.7296637119363343
24137,1063,0.9084168351736216,false,24137,1063,0.9084168351736216
24137,23397,0.8392938241278584,false,24137,23397,0.8392938241278584
24137,128239,0.8100965490685795,false,24137,128239,0.8100965490685795
24137,146909,0.8248823282480577,false,24137,146909,0.8248823282480577
24137,9928,0.7117877302149515,false,24137,9928,0.7117877302149515
24137,3833,0.783346951756895,false,24137,3833,0.783346951756895
24137,64151,0.8916677732185618,false,24137,64151,0.8916677732185618
24137,221150,0.8992797554397983,false,24137,221150,0.8992797554397983
24137,9232,0.7648854153124454,false,24137,9232,0.7648854153124454
24137,100507118,0.8907789922970653,false,24137,100507118,0.8907789922970653
24137,100288637,0.7333226632708026,false,24137,100288637,0.7333226632708026
24137,991,0.8176933763934782,false,24137,991,0.8176933763934782
24137,10615,0.7302722189714407,false,24137,10615,0.7302722189714407
112937,9212,0.7787158588416694,false,112937,9212,0.7787158588416694
112937,128239,0.8530569130921788,false,112937,128239,0.8530569130921788
112937,3833,0.7799547573808692,false,112937,3833,0.7799547573808692
112937,9232,0.7047177811536448,false,112937,9232,0.7047177811536448
112937,991,0.789451753480352,false,112937,991,0.789451753480352
4605,9212,0.7128664835297903,false,4605,9212,0.7128664835297903
4605,55771,0.822982698768925,false,4605,55771,0.822982698768925
4605,9232,0.7518644415806308,false,4605,9232,0.7518644415806308
4605,991,0.8093974639293767,false,4605,991,0.8093974639293767
4605,10615,0.7463589992929739,false,4605,10615,0.7463589992929739
55635,23397,0.8301651065053149,false,55635,23397,0.8301651065053149
55635,9928,0.7559769362573652,false,55635,9928,0.7559769362573652
55635,100507118,0.7155369406571942,false,55635,100507118,0.7155369406571942
55635,100288637,0.8016702949227943,false,55635,100288637,0.8016702949227943
55867,105378305,0.8269861161039296,false,55867,105378305,0.8269861161039296
55867,9076,0.7045206965339049,false,55867,9076,0.7045206965339049
5798,11075,0.9569295967679516,false,5798,11075,0.9569295967679516
5798,105378305,0.7743311284268639,false,5798,105378305,0.7743311284268639
5798,2250,0.708151153218027,false,5798,2250,0.708151153218027
5798,105377043,0.7006532614410503,false,5798,105377043,0.7006532614410503
5798,105376041,0.7500004166547384,false,5798,105376041,0.7500004166547384
5798,168002,0.8203633236076194,false,5798,168002,0.8203633236076194
5798,9076,0.7924703000759278,false,5798,9076,0.7924703000759278
5798,109729169,0.9577903046162928,false,5798,109729169,0.9577903046162928
105377508,11075,0.7768077056806412,false,105377508,11075,0.7768077056806412
105377508,2250,0.715710066613397,false,105377508,2250,0.715710066613397
105377508,284958,0.9136373152970724,false,105377508,284958,0.9136373152970724
105377508,105376041,0.9011023045496206,false,105377508,105376041,0.9011023045496206
105377508,554202,0.8004348304520783,false,105377508,554202,0.8004348304520783
105377508,109729169,0.7349564593881059,false,105377508,109729169,0.7349564593881059
11075,2250,0.793171084541938,false,11075,2250,0.793171084541938
11075,284958,0.7184627139901563,false,11075,284958,0.7184627139901563
11075,105377043,0.711219056803944,false,11075,105377043,0.711219056803944
11075,105376041,0.8877922282353642,false,11075,105376041,0.8877922282353642
11075,554202,0.7381887506469479,false,11075,554202,0.7381887506469479
11075,9076,0.7538523330273352,false,11075,9076,0.7538523330273352
11075,109729169,0.9675800224117611,false,11075,109729169,0.9675800224117611
101927686,26150,0.7807065303329511,false,101927686,26150,0.7807065303329511
101927686,6716,0.8281707462000176,false,101927686,6716,0.8281707462000176
101927686,219527,0.806046862888046,false,101927686,219527,0.806046862888046
54101,143662,0.9953186505315152,false,54101,143662,0.9953186505315152
54101,23286,0.9759571342331199,false,54101,23286,0.9759571342331199
54101,340273,0.9983713900311536,false,54101,340273,0.9983713900311536
54101,101927355,0.9449046685450592,false,54101,101927355,0.9449046685450592
54101,253650,0.9021018631364037,false,54101,253650,0.9021018631364037
54101,654499,0.9981647565348443,false,54101,654499,0.9981647565348443
54101,100996301,0.9297356949338789,false,54101,100996301,0.9297356949338789
6690,112802,0.795638372848743,false,6690,112802,0.795638372848743
9787,9212,0.9132022079906174,false,9787,9212,0.9132022079906174
9787,699,0.7195418497946284,false,9787,699,0.7195418497946284
9787,1063,0.9373840901982377,false,9787,1063,0.9373840901982377
9787,23397,0.7022063911637395,false,9787,23397,0.7022063911637395
9787,128239,0.8959311009216683,false,9787,128239,0.8959311009216683
9787,146909,0.9300923487801086,false,9787,146909,0.9300923487801086
9787,1058,0.8362787303043789,false,9787,1058,0.8362787303043789
9787,3833,0.8658981437363277,false,9787,3833,0.8658981437363277
9787,64151,0.8321424351947885,false,9787,64151,0.8321424351947885
9787,221150,0.863640351027812,false,9787,221150,0.863640351027812
9787,9232,0.9210367387502675,false,9787,9232,0.9210367387502675
9787,100507118,0.903692580176034,false,9787,100507118,0.903692580176034
9787,991,0.9234458613992561,false,9787,991,0.9234458613992561
9787,10615,0.7706699301587079,false,9787,10615,0.7706699301587079
100379220,338005,0.7346142593901657,false,100379220,338005,0.7346142593901657
100379220,168002,0.8349372322053217,false,100379220,168002,0.8349372322053217
3502,389336,0.8553704690773447,false,3502,389336,0.8553704690773447
3502,4004,0.917038745542231,false,3502,4004,0.917038745542231
3502,28946,0.9483193090010921,false,3502,28946,0.9483193090010921
3502,3512,0.720182402637818,false,3502,3512,0.720182402637818
3502,28809,0.9630914857528702,false,3502,28809,0.9630914857528702
3502,5653,0.9017364459415785,false,3502,5653,0.9017364459415785
105378305,338005,0.7099955842160165,false,105378305,338005,0.7099955842160165
105378305,168002,0.9179395081216961,false,105378305,168002,0.9179395081216961
105378305,9076,0.8325410931804669,false,105378305,9076,0.8325410931804669
9212,1063,0.8436044815051996,false,9212,1063,0.8436044815051996
9212,128239,0.9344417886276133,false,9212,128239,0.9344417886276133
9212,146909,0.9200615580762276,false,9212,146909,0.9200615580762276
9212,1058,0.8102058940013314,false,9212,1058,0.8102058940013314
9212,3833,0.9000066576132411,false,9212,3833,0.9000066576132411
9212,55771,0.7345631343720641,false,9212,55771,0.7345631343720641
9212,221150,0.7826314554349224,false,9212,221150,0.7826314554349224
9212,9232,0.9341621652963488,false,9212,9232,0.9341621652963488
9212,100507118,0.7849257191818109,false,9212,100507118,0.7849257191818109
9212,991,0.9598842467931309,false,9212,991,0.9598842467931309
9212,10615,0.83612173082547,false,9212,10615,0.83612173082547
143662,23286,0.9702891915555815,false,143662,23286,0.9702891915555815
143662,340273,0.9959342740687603,false,143662,340273,0.9959342740687603
143662,101927355,0.9365551079812777,false,143662,101927355,0.9365551079812777
143662,253650,0.9149611709541647,false,143662,253650,0.9149611709541647
143662,654499,0.9959045268236746,false,143662,654499,0.9959045268236746
143662,100996301,0.9179864026449682,false,143662,100996301,0.9179864026449682
100506655,23532,0.9895535162980157,false,100506655,23532,0.9895535162980157
100506655,100506827,0.8699490492480534,false,100506655,100506827,0.8699490492480534
100506655,701,0.775080948036337,false,100506655,701,0.775080948036337
100506655,3627,0.8219338474201066,false,100506655,3627,0.8219338474201066
23286,340273,0.9806775899511767,false,23286,340273,0.9806775899511767
23286,101927355,0.9481795343682531,false,23286,101927355,0.9481795343682531
23286,253650,0.8962780057436865,false,23286,253650,0.8962780057436865
23286,654499,0.9794324120912566,false,23286,654499,0.9794324120912566
23286,100996301,0.9400355855662399,false,23286,100996301,0.9400355855662399
100506071,56203,0.99358027812762,false,100506071,56203,0.99358027812762
100506071,105375894,0.9942944680317579,false,100506071,105375894,0.9942944680317579
100506071,6362,0.988272729912624,false,100506071,6362,0.988272729912624
100506071,3239,0.9562591874064656,false,100506071,3239,0.9562591874064656
100506071,3670,0.9987354802871653,false,100506071,3670,0.9987354802871653
100506071,148645,0.9986884976571213,false,100506071,148645,0.9986884976571213
699,23397,0.8676442719513185,false,699,23397,0.8676442719513185
699,9928,0.7197315992589955,false,699,9928,0.7197315992589955
699,64151,0.7708922501480864,false,699,64151,0.7708922501480864
699,100288637,0.7797995006159192,false,699,100288637,0.7797995006159192
1301,107986951,0.7910901986289987,false,1301,107986951,0.7910901986289987
340273,101927355,0.9505865719600506,false,340273,101927355,0.9505865719600506
340273,253650,0.9073703047732908,false,340273,253650,0.9073703047732908
340273,654499,0.9998389743862536,false,340273,654499,0.9998389743862536
340273,100996301,0.9279652329570399,false,340273,100996301,0.9279652329570399
2250,284958,0.7292492889099653,false,2250,284958,0.7292492889099653
2250,105376041,0.8106640572151494,false,2250,105376041,0.8106640572151494
2250,3914,0.7938874871474161,false,2250,3914,0.7938874871474161
2250,109729169,0.7619415080213723,false,2250,109729169,0.7619415080213723
56203,105375894,0.9919383043515536,false,56203,105375894,0.9919383043515536
56203,6362,0.978283547295854,false,56203,6362,0.978283547295854
56203,3239,0.9589528670867716,false,56203,3239,0.9589528670867716
56203,3670,0.9953211190739903,false,56203,3670,0.9953211190739903
56203,148645,0.9947915725541634,false,56203,148645,0.9947915725541634
389336,4004,0.908863638406202,false,389336,4004,0.908863638406202
389336,28946,0.7217655817784177,false,389336,28946,0.7217655817784177
389336,28809,0.906978384256493,false,389336,28809,0.906978384256493
389336,5653,0.9368248601500879,false,389336,5653,0.9368248601500879
8352,101927760,0.8041296814711996,false,8352,101927760,0.8041296814711996
1063,128239,0.7564145227874599,false,1063,128239,0.7564145227874599
1063,146909,0.9116245523750508,false,1063,146909,0.9116245523750508
1063,1058,0.7890502511732014,false,1063,1058,0.7890502511732014
1063,3833,0.8255265913266383,false,1063,3833,0.8255265913266383
1063,64151,0.8307087357863691,false,1063,64151,0.8307087357863691
1063,221150,0.835471216016955,false,1063,221150,0.835471216016955
1063,9232,0.8541056003828629,false,1063,9232,0.8541056003828629
1063,100507118,0.9018163484211678,false,1063,100507118,0.9018163484211678
1063,991,0.8443573091032773,false,1063,991,0.8443573091032773
284958,105376041,0.8557825349699962,false,284958,105376041,0.8557825349699962
105377043,554202,0.7381196636796019,false,105377043,554202,0.7381196636796019
105377043,109729169,0.7744562540767335,false,105377043,109729169,0.7744562540767335
23532,100506827,0.864305931565404,false,23532,100506827,0.864305931565404
23532,701,0.7598531326511792,false,23532,701,0.7598531326511792
23532,3627,0.8544413039008475,false,23532,3627,0.8544413039008475
101927355,253650,0.9263137017906999,false,101927355,253650,0.9263137017906999
101927355,654499,0.950631039355256,false,101927355,654499,0.950631039355256
101927355,100996301,0.9380930955049824,false,101927355,100996301,0.9380930955049824
105376041,554202,0.8101460113902809,false,105376041,554202,0.8101460113902809
105376041,109729169,0.8326210549533388,false,105376041,109729169,0.8326210549533388
23397,9928,0.7455916458765941,false,23397,9928,0.7455916458765941
23397,64151,0.803456301659507,false,23397,64151,0.803456301659507
23397,221150,0.8002545670266721,false,23397,221150,0.8002545670266721
23397,100507118,0.7043734439020234,false,23397,100507118,0.7043734439020234
23397,100288637,0.8874042544916748,false,23397,100288637,0.8874042544916748
100506827,701,0.7290278760091293,false,100506827,701,0.7290278760091293
100506827,3627,0.7954762828901631,false,100506827,3627,0.7954762828901631
338005,107986951,0.7160766149355828,false,338005,107986951,0.7160766149355828
338005,168002,0.7803079932837966,false,338005,168002,0.7803079932837966
4004,28946,0.8027559577433535,false,4004,28946,0.8027559577433535
4004,28809,0.9878924006951336,false,4004,28809,0.9878924006951336
4004,5653,0.980702944471254,false,4004,5653,0.980702944471254
128239,146909,0.7958144030827172,false,128239,146909,0.7958144030827172
128239,3833,0.8683023032124814,false,128239,3833,0.8683023032124814
128239,64151,0.7175195407790282,false,128239,64151,0.7175195407790282
128239,221150,0.7660876623828601,false,128239,221150,0.7660876623828601
128239,9232,0.8765628396742844,false,128239,9232,0.8765628396742844
128239,100507118,0.7297262897216406,false,128239,100507118,0.7297262897216406
128239,991,0.940778008125521,false,128239,991,0.940778008125521
128239,10615,0.8350012504301844,false,128239,10615,0.8350012504301844
146909,1058,0.8612101695493385,false,146909,1058,0.8612101695493385
146909,3833,0.8692217057877107,false,146909,3833,0.8692217057877107
146909,64151,0.7087005366510448,false,146909,64151,0.7087005366510448
146909,221150,0.789765705219952,false,146909,221150,0.789765705219952
146909,9232,0.9119613173542093,false,146909,9232,0.9119613173542093
146909,100507118,0.8477369099000497,false,146909,100507118,0.8477369099000497
146909,991,0.8977875099130305,false,146909,991,0.8977875099130305
146909,10615,0.7428746478462107,false,146909,10615,0.7428746478462107
28946,3512,0.8625455581613966,false,28946,3512,0.8625455581613966
28946,28809,0.8716743771942488,false,28946,28809,0.8716743771942488
28946,5653,0.785102882891106,false,28946,5653,0.785102882891106
105375894,6362,0.9840489701161524,false,105375894,6362,0.9840489701161524
105375894,3239,0.9519581104841276,false,105375894,3239,0.9519581104841276
105375894,3670,0.996970775165726,false,105375894,3670,0.996970775165726
105375894,148645,0.9973680342994786,false,105375894,148645,0.9973680342994786
1058,3833,0.785869782901682,false,1058,3833,0.785869782901682
1058,9232,0.8433558352820243,false,1058,9232,0.8433558352820243
1058,100507118,0.7420369807557496,false,1058,100507118,0.7420369807557496
1058,991,0.731408445384858,false,1058,991,0.731408445384858
9928,64151,0.8398495287180039,false,9928,64151,0.8398495287180039
9928,221150,0.741482292471356,false,9928,221150,0.741482292471356
9928,100288637,0.8166975734911227,false,9928,100288637,0.8166975734911227
3833,221150,0.7767811690531186,false,3833,221150,0.7767811690531186
3833,9232,0.8168006253066079,false,3833,9232,0.8168006253066079
3833,100507118,0.8145657335431103,false,3833,100507118,0.8145657335431103
3833,991,0.8940886845719102,false,3833,991,0.8940886845719102
3833,10615,0.7372575462925333,false,3833,10615,0.7372575462925333
6362,3239,0.9565351405044307,false,6362,3239,0.9565351405044307
6362,3670,0.9882878953454889,false,6362,3670,0.9882878953454889
6362,148645,0.9881955330508343,false,6362,148645,0.9881955330508343
554202,109729169,0.7544907879522073,false,554202,109729169,0.7544907879522073
55771,991,0.704869539423378,false,55771,991,0.704869539423378
55771,10615,0.7268713993016142,false,55771,10615,0.7268713993016142
64151,221150,0.8785268513224193,false,64151,221150,0.8785268513224193
64151,100507118,0.8087216131324628,false,64151,100507118,0.8087216131324628
64151,100288637,0.7585589686747112,false,64151,100288637,0.7585589686747112
64151,991,0.709071334073703,false,64151,991,0.709071334073703
64151,10615,0.722136040992067,false,64151,10615,0.722136040992067
3512,6716,0.7725214448558128,false,3512,6716,0.7725214448558128
3239,3670,0.9588770494883947,false,3239,3670,0.9588770494883947
3239,148645,0.957850143287894,false,3239,148645,0.957850143287894
221150,9232,0.7115714087001664,false,221150,9232,0.7115714087001664
221150,100507118,0.9012351859725407,false,221150,100507118,0.9012351859725407
221150,100288637,0.7718959185392176,false,221150,100288637,0.7718959185392176
221150,991,0.7645116901073211,false,221150,991,0.7645116901073211
221150,10615,0.7403693395709792,false,221150,10615,0.7403693395709792
9232,100507118,0.7648307700696818,false,9232,100507118,0.7648307700696818
9232,991,0.9405388980027819,false,9232,991,0.9405388980027819
9232,10615,0.7805629763800482,false,9232,10615,0.7805629763800482
168002,9076,0.7722465830995486,false,168002,9076,0.7722465830995486
253650,654499,0.9112019863658971,false,253650,654499,0.9112019863658971
253650,100996301,0.9039026352717401,false,253650,100996301,0.9039026352717401
654499,100996301,0.9259390787716827,false,654499,100996301,0.9259390787716827
100507118,991,0.7936205970030832,false,100507118,991,0.7936205970030832
26150,6716,0.8112882686182499,false,26150,6716,0.8112882686182499
26150,219527,0.9295751985620091,false,26150,219527,0.9295751985620091
9076,109729169,0.7963192083970104,false,9076,109729169,0.7963192083970104
991,10615,0.876076448089328,false,991,10615,0.876076448089328
3670,148645,0.9999185994442839,false,3670,148645,0.9999185994442839
6716,219527,0.8803475930119994,false,6716,219527,0.8803475930119994
28809,5653,0.9740367968636262,false,28809,5653,0.9740367968636262
