Interaction,name,Pearson,selected,shared interaction,shared name,Weight
1029,6690,0.806833626015545,false,1029,6690,0.806833626015545
1029,338797,0.7325349130626952,false,1029,338797,0.7325349130626952
51361,970,0.927518525176455,false,51361,970,0.927518525176455
51361,29851,0.8504707239366237,false,51361,29851,0.8504707239366237
51361,5133,0.9263668262653646,false,51361,5133,0.9263668262653646
51361,158228,0.999267198759065,false,51361,158228,0.999267198759065
51361,100506411,0.9897525267742581,false,51361,100506411,0.9897525267742581
51361,653149,0.8677581928702119,false,51361,653149,0.8677581928702119
51361,3135,0.7987569369823961,false,51361,3135,0.7987569369823961
51361,6495,0.9909692893752976,false,51361,6495,0.9909692893752976
51361,3352,0.8612170143817041,false,51361,3352,0.8612170143817041
51361,79056,0.9470359831098706,false,51361,79056,0.9470359831098706
51361,54101,0.9984029307504614,false,51361,54101,0.9984029307504614
51361,143662,0.9951548849176155,false,51361,143662,0.9951548849176155
51361,23286,0.9799316352689834,false,51361,23286,0.9799316352689834
51361,101101772,0.7256152531903906,false,51361,101101772,0.7256152531903906
51361,340273,0.9992286791294568,false,51361,340273,0.9992286791294568
51361,101927355,0.9532919948581259,false,51361,101927355,0.9532919948581259
51361,4547,0.8527743404839209,false,51361,4547,0.8527743404839209
51361,253650,0.9113889446785146,false,51361,253650,0.9113889446785146
51361,654499,0.9993515101940983,false,51361,654499,0.9993515101940983
51361,100996301,0.923609709187421,false,51361,100996301,0.923609709187421
105371927,729442,0.8082782123674283,false,105371927,729442,0.8082782123674283
105371927,2328,0.9134229127407819,false,105371927,2328,0.9134229127407819
105371927,1295,0.8239572212232451,false,105371927,1295,0.8239572212232451
105371927,134285,0.8818412784817612,false,105371927,134285,0.8818412784817612
105371927,5650,0.7755582129381267,false,105371927,5650,0.7755582129381267
105371927,58,0.7372774865409056,false,105371927,58,0.7372774865409056
105371927,2019,0.9444251007542771,false,105371927,2019,0.9444251007542771
105371927,145873,0.7652470274452352,false,105371927,145873,0.7652470274452352
105371927,285987,0.8082782123674283,false,105371927,285987,0.8082782123674283
105371927,3502,0.7146134436504451,false,105371927,3502,0.7146134436504451
105371927,27237,0.7213535541122821,false,105371927,27237,0.7213535541122821
105371927,389336,0.7046320836072719,false,105371927,389336,0.7046320836072719
105371927,25818,0.716992673053391,false,105371927,25818,0.716992673053391
105371927,4004,0.8165917465821638,false,105371927,4004,0.8165917465821638
105371927,101929707,0.7416888014951553,false,105371927,101929707,0.7416888014951553
105371927,28809,0.79581737428002,false,105371927,28809,0.79581737428002
105371927,5653,0.7623055524779674,false,105371927,5653,0.7623055524779674
983,79801,0.7081750703215554,false,983,79801,0.7081750703215554
983,7272,0.7932012137220783,false,983,7272,0.7932012137220783
983,55355,0.7188769750209982,false,983,55355,0.7188769750209982
983,54443,0.7785210139377651,false,983,54443,0.7785210139377651
983,55165,0.8277642198524315,false,983,55165,0.8277642198524315
983,55143,0.738174459358687,false,983,55143,0.738174459358687
983,9133,0.7290615617362911,false,983,9133,0.7290615617362911
983,83540,0.7184035893611482,false,983,83540,0.7184035893611482
983,3161,0.7920691048708202,false,983,3161,0.7920691048708202
983,51203,0.8454640481731237,false,983,51203,0.8454640481731237
983,57405,0.7554975951193554,false,983,57405,0.7554975951193554
983,29128,0.8632976386282539,false,983,29128,0.8632976386282539
983,3832,0.8959102100358753,false,983,3832,0.8959102100358753
983,57082,0.7115918260963164,false,983,57082,0.7115918260963164
983,105369685,0.7599315661685111,false,983,105369685,0.7599315661685111
983,55247,0.756938491006413,false,983,55247,0.756938491006413
983,55872,0.7077893815525996,false,983,55872,0.7077893815525996
983,7153,0.8858076158114795,false,983,7153,0.8858076158114795
983,4751,0.7960530592499104,false,983,4751,0.7960530592499104
983,151648,0.7366798843300832,false,983,151648,0.7366798843300832
983,24137,0.7956602805275689,false,983,24137,0.7956602805275689
983,55635,0.7524850034333141,false,983,55635,0.7524850034333141
983,23397,0.7985845050122213,false,983,23397,0.7985845050122213
983,64151,0.777263877118487,false,983,64151,0.777263877118487
79801,100874530,0.8175573669596251,false,79801,100874530,0.8175573669596251
79801,10024,0.900358000546593,false,79801,10024,0.900358000546593
79801,55355,0.7815530680503311,false,79801,55355,0.7815530680503311
79801,259266,0.9017897088679305,false,79801,259266,0.9017897088679305
79801,100048912,0.8186572203900071,false,79801,100048912,0.8186572203900071
79801,4496,0.7162606109339947,false,79801,4496,0.7162606109339947
79801,55165,0.7152275648694838,false,79801,55165,0.7152275648694838
79801,220134,0.7700699807235712,false,79801,220134,0.7700699807235712
79801,112268460,0.7434999588887559,false,79801,112268460,0.7434999588887559
79801,9133,0.900179712650166,false,79801,9133,0.900179712650166
79801,83540,0.7677370960440624,false,79801,83540,0.7677370960440624
79801,51203,0.7840764444584101,false,79801,51203,0.7840764444584101
79801,57405,0.7774740300804842,false,79801,57405,0.7774740300804842
79801,29128,0.7132923899359227,false,79801,29128,0.7132923899359227
79801,4288,0.8562879856056635,false,79801,4288,0.8562879856056635
79801,332,0.7151524527750514,false,79801,332,0.7151524527750514
79801,55872,0.7243451385582547,false,79801,55872,0.7243451385582547
79801,9700,0.7333578020733079,false,79801,9700,0.7333578020733079
79801,6241,0.780598319670258,false,79801,6241,0.780598319670258
79801,112937,0.7144891899884573,false,79801,112937,0.7144891899884573
79801,4605,0.7142310708137596,false,79801,4605,0.7142310708137596
79801,9787,0.835572992807713,false,79801,9787,0.835572992807713
79801,9212,0.8020730423790841,false,79801,9212,0.8020730423790841
79801,1063,0.7778560947456872,false,79801,1063,0.7778560947456872
79801,128239,0.8566034769956139,false,79801,128239,0.8566034769956139
79801,146909,0.7492017554428702,false,79801,146909,0.7492017554428702
79801,3833,0.7540023434989974,false,79801,3833,0.7540023434989974
79801,64151,0.7769374353038018,false,79801,64151,0.7769374353038018
79801,9232,0.8333190515536707,false,79801,9232,0.8333190515536707
79801,100507118,0.7090058248240123,false,79801,100507118,0.7090058248240123
79801,991,0.8433422216699439,false,79801,991,0.8433422216699439
79801,10615,0.7966840628208391,false,79801,10615,0.7966840628208391
7272,107984851,0.7392148306546763,false,7272,107984851,0.7392148306546763
7272,54443,0.8365588928814796,false,7272,54443,0.8365588928814796
7272,55165,0.7895980909311676,false,7272,55165,0.7895980909311676
7272,100874028,0.7914998844097103,false,7272,100874028,0.7914998844097103
7272,10721,0.7927548497447382,false,7272,10721,0.7927548497447382
7272,3161,0.8827941806896917,false,7272,3161,0.8827941806896917
7272,29128,0.8126567086185751,false,7272,29128,0.8126567086185751
7272,3832,0.7196300824786263,false,7272,3832,0.7196300824786263
7272,105369685,0.7750099991081475,false,7272,105369685,0.7750099991081475
7272,55247,0.729301228932583,false,7272,55247,0.729301228932583
7272,641,0.7435409519743965,false,7272,641,0.7435409519743965
7272,55872,0.7242101892334696,false,7272,55872,0.7242101892334696
7272,7153,0.7716964144243834,false,7272,7153,0.7716964144243834
7272,4751,0.8818581996185507,false,7272,4751,0.8818581996185507
7272,151648,0.767622470128901,false,7272,151648,0.767622470128901
7272,55789,0.7280917255541687,false,7272,55789,0.7280917255541687
7272,24137,0.7195569514472187,false,7272,24137,0.7195569514472187
7272,699,0.7110046413173243,false,7272,699,0.7110046413173243
7272,23397,0.8960105520064283,false,7272,23397,0.8960105520064283
7272,100288637,0.8835873141527592,false,7272,100288637,0.8835873141527592
107984851,9824,0.7431834265105478,false,107984851,9824,0.7431834265105478
107984851,54443,0.7008876544371867,false,107984851,54443,0.7008876544371867
107984851,101927354,0.745778423568035,false,107984851,101927354,0.745778423568035
107984851,10721,0.8094953249514173,false,107984851,10721,0.8094953249514173
107984851,2845,0.7117919280185723,false,107984851,2845,0.7117919280185723
107984851,105369685,0.7430009472837255,false,107984851,105369685,0.7430009472837255
107984851,55789,0.8830795620188071,false,107984851,55789,0.8830795620188071
107984851,1630,0.7630153174099998,false,107984851,1630,0.7630153174099998
3227,729442,0.7493761707223099,false,3227,729442,0.7493761707223099
3227,2328,0.7587309351265311,false,3227,2328,0.7587309351265311
3227,134285,0.7330933258914458,false,3227,134285,0.7330933258914458
3227,354,0.7618215252672363,false,3227,354,0.7618215252672363
3227,1749,0.886066035288178,false,3227,1749,0.886066035288178
3227,5650,0.8173043960946814,false,3227,5650,0.8173043960946814
3227,2019,0.7642925917089776,false,3227,2019,0.7642925917089776
3227,285987,0.7493761707223099,false,3227,285987,0.7493761707223099
3227,27237,0.8615947836605201,false,3227,27237,0.8615947836605201
3227,389336,0.9103099596941032,false,3227,389336,0.9103099596941032
3227,25818,0.7620538789292981,false,3227,25818,0.7620538789292981
3227,4004,0.7415568248551715,false,3227,4004,0.7415568248551715
3227,81624,0.7656550097154444,false,3227,81624,0.7656550097154444
3227,101929707,0.794094990548332,false,3227,101929707,0.794094990548332
3227,28809,0.728843213095556,false,3227,28809,0.728843213095556
3227,5653,0.8123089787812945,false,3227,5653,0.8123089787812945
100874530,10024,0.7470196169085671,false,100874530,10024,0.7470196169085671
100874530,55355,0.7223364963460828,false,100874530,55355,0.7223364963460828
100874530,259266,0.7488178568897083,false,100874530,259266,0.7488178568897083
100874530,112268460,0.7136175687161335,false,100874530,112268460,0.7136175687161335
100874530,55143,0.7309457206339258,false,100874530,55143,0.7309457206339258
100874530,9133,0.7942958301504079,false,100874530,9133,0.7942958301504079
100874530,83540,0.7886699922456781,false,100874530,83540,0.7886699922456781
100874530,105375610,0.7761587585415203,false,100874530,105375610,0.7761587585415203
100874530,3161,0.7734475681076342,false,100874530,3161,0.7734475681076342
100874530,729447,0.7204849409270804,false,100874530,729447,0.7204849409270804
100874530,91828,0.7976321971238389,false,100874530,91828,0.7976321971238389
100874530,4288,0.7385810222542195,false,100874530,4288,0.7385810222542195
100874530,9055,0.7290055326772735,false,100874530,9055,0.7290055326772735
100874530,56992,0.7271347799853926,false,100874530,56992,0.7271347799853926
100874530,9700,0.7367144326975349,false,100874530,9700,0.7367144326975349
100874530,6241,0.7912472344028855,false,100874530,6241,0.7912472344028855
100874530,9582,0.8667207304249759,false,100874530,9582,0.8667207304249759
100874530,112937,0.728591914507617,false,100874530,112937,0.728591914507617
100874530,9787,0.7986751344133116,false,100874530,9787,0.7986751344133116
100874530,3664,0.7144256852531367,false,100874530,3664,0.7144256852531367
100874530,9212,0.8119913526031389,false,100874530,9212,0.8119913526031389
100874530,128239,0.8494071487263459,false,100874530,128239,0.8494071487263459
100874530,1058,0.7765954808632859,false,100874530,1058,0.7765954808632859
100874530,3833,0.7570823152913286,false,100874530,3833,0.7570823152913286
100874530,9232,0.7882700957013813,false,100874530,9232,0.7882700957013813
100874530,221150,0.796122230425069,false,100874530,221150,0.796122230425069
100874530,100507118,0.7891457420815812,false,100874530,100507118,0.7891457420815812
100874530,991,0.7466939965998803,false,100874530,991,0.7466939965998803
5347,220134,0.7400259990213242,false,5347,220134,0.7400259990213242
5347,112268460,0.7464159404414069,false,5347,112268460,0.7464159404414069
5347,995,0.7188319594667943,false,5347,995,0.7188319594667943
5347,400618,0.7257323136487912,false,5347,400618,0.7257323136487912
5347,158511,0.8230892688287913,false,5347,158511,0.8230892688287913
5347,4288,0.8073839894752183,false,5347,4288,0.8073839894752183
5347,110806280,0.7497777233397539,false,5347,110806280,0.7497777233397539
5347,9700,0.7838941327674473,false,5347,9700,0.7838941327674473
5347,112937,0.8534117522639331,false,5347,112937,0.8534117522639331
5347,3664,0.7126253392789557,false,5347,3664,0.7126253392789557
5347,9212,0.7004995216960184,false,5347,9212,0.7004995216960184
5347,128239,0.7474735508741818,false,5347,128239,0.7474735508741818
5347,3833,0.8474128178095781,false,5347,3833,0.8474128178095781
5347,991,0.7886284631327303,false,5347,991,0.7886284631327303
5347,10615,0.8121895614497825,false,5347,10615,0.8121895614497825
9824,54443,0.8039850720955293,false,9824,54443,0.8039850720955293
9824,55165,0.7037547142954731,false,9824,55165,0.7037547142954731
9824,9493,0.7766395342779073,false,9824,9493,0.7766395342779073
9824,4321,0.7771375082337549,false,9824,4321,0.7771375082337549
9824,55789,0.816912230654473,false,9824,55789,0.816912230654473
63967,150468,0.7405644335452802,false,63967,150468,0.7405644335452802
63967,1870,0.7055261825582239,false,63967,1870,0.7055261825582239
63967,332,0.7250980742142493,false,63967,332,0.7250980742142493
63967,102724784,0.7076704400635535,false,63967,102724784,0.7076704400635535
63967,147841,0.810177927623758,false,63967,147841,0.810177927623758
63967,9156,0.7909967415619044,false,63967,9156,0.7909967415619044
63967,8318,0.8118999250435878,false,63967,8318,0.8118999250435878
10024,55355,0.8216543106228734,false,10024,55355,0.8216543106228734
10024,259266,0.9135852121283344,false,10024,259266,0.9135852121283344
10024,100048912,0.9057760993124534,false,10024,100048912,0.9057760993124534
10024,55165,0.7198425058822414,false,10024,55165,0.7198425058822414
10024,220134,0.8047863744023002,false,10024,220134,0.8047863744023002
10024,112268460,0.7105493248985703,false,10024,112268460,0.7105493248985703
10024,9133,0.8986860515502513,false,10024,9133,0.8986860515502513
10024,150468,0.7775923711179785,false,10024,150468,0.7775923711179785
10024,105375610,0.7131513398255116,false,10024,105375610,0.7131513398255116
10024,1870,0.7798347224472608,false,10024,1870,0.7798347224472608
10024,51203,0.7057812179148486,false,10024,51203,0.7057812179148486
10024,57405,0.8735846681673869,false,10024,57405,0.8735846681673869
10024,995,0.8484890248387056,false,10024,995,0.8484890248387056
10024,29128,0.7419000033223315,false,10024,29128,0.7419000033223315
10024,113130,0.8341500770358418,false,10024,113130,0.8341500770358418
10024,4288,0.9039388553455662,false,10024,4288,0.9039388553455662
10024,332,0.8372721821261008,false,10024,332,0.8372721821261008
10024,55872,0.7139461082001006,false,10024,55872,0.7139461082001006
10024,9700,0.7799660127632951,false,10024,9700,0.7799660127632951
10024,374393,0.7066974722679439,false,10024,374393,0.7066974722679439
10024,107985017,0.7162646329793386,false,10024,107985017,0.7162646329793386
10024,6241,0.8506803547494639,false,10024,6241,0.8506803547494639
10024,8318,0.7828653063591913,false,10024,8318,0.7828653063591913
10024,347252,0.7028745960783027,false,10024,347252,0.7028745960783027
10024,24137,0.7436231419741007,false,10024,24137,0.7436231419741007
10024,112937,0.7299389833590355,false,10024,112937,0.7299389833590355
10024,4605,0.8574319997812251,false,10024,4605,0.8574319997812251
10024,9787,0.8735642869148187,false,10024,9787,0.8735642869148187
10024,9212,0.8376206338929744,false,10024,9212,0.8376206338929744
10024,1063,0.8554922266200201,false,10024,1063,0.8554922266200201
10024,128239,0.8722980957579801,false,10024,128239,0.8722980957579801
10024,146909,0.8256592929476572,false,10024,146909,0.8256592929476572
10024,3833,0.7665183409436391,false,10024,3833,0.7665183409436391
10024,55771,0.7001408746130711,false,10024,55771,0.7001408746130711
10024,64151,0.8240183337129615,false,10024,64151,0.8240183337129615
10024,9232,0.8997993526734064,false,10024,9232,0.8997993526734064
10024,100507118,0.8202490792270603,false,10024,100507118,0.8202490792270603
10024,991,0.9104341013748395,false,10024,991,0.9104341013748395
10024,10615,0.8006044077595795,false,10024,10615,0.8006044077595795
55355,259266,0.8762135184128513,false,55355,259266,0.8762135184128513
55355,54443,0.7692973115140378,false,55355,54443,0.7692973115140378
55355,55165,0.8844976546824044,false,55355,55165,0.8844976546824044
55355,220134,0.9219882807684824,false,55355,220134,0.9219882807684824
55355,55143,0.7301986628364812,false,55355,55143,0.7301986628364812
55355,9133,0.8593064667291074,false,55355,9133,0.8593064667291074
55355,83540,0.7392034241497036,false,55355,83540,0.7392034241497036
55355,150468,0.820249098372412,false,55355,150468,0.820249098372412
55355,105375610,0.7372674886873138,false,55355,105375610,0.7372674886873138
55355,3161,0.7324646333022503,false,55355,3161,0.7324646333022503
55355,51203,0.7969865215157588,false,55355,51203,0.7969865215157588
55355,57405,0.760507459055865,false,55355,57405,0.760507459055865
55355,995,0.8633161545991503,false,55355,995,0.8633161545991503
55355,400618,0.7764913233933294,false,55355,400618,0.7764913233933294
55355,29128,0.8255954880930726,false,55355,29128,0.8255954880930726
55355,113130,0.7403462616204771,false,55355,113130,0.7403462616204771
55355,158511,0.7552750068044968,false,55355,158511,0.7552750068044968
55355,4288,0.8590736662502734,false,55355,4288,0.8590736662502734
55355,57082,0.7619270013860213,false,55355,57082,0.7619270013860213
55355,9055,0.7548724727235759,false,55355,9055,0.7548724727235759
55355,332,0.870979545421008,false,55355,332,0.870979545421008
55355,110806280,0.813410427454242,false,55355,110806280,0.813410427454242
55355,157570,0.7963633606094772,false,55355,157570,0.7963633606094772
55355,55872,0.8466801161579945,false,55355,55872,0.8466801161579945
55355,10874,0.7134275290652204,false,55355,10874,0.7134275290652204
55355,891,0.705013578202091,false,55355,891,0.705013578202091
55355,6241,0.9212094262925872,false,55355,6241,0.9212094262925872
55355,147841,0.7323205002375294,false,55355,147841,0.7323205002375294
55355,8318,0.7744949713641696,false,55355,8318,0.7744949713641696
55355,24137,0.921064007949174,false,55355,24137,0.921064007949174
55355,112937,0.8816971100959281,false,55355,112937,0.8816971100959281
55355,4605,0.703493532447939,false,55355,4605,0.703493532447939
55355,9787,0.9042877702838062,false,55355,9787,0.9042877702838062
55355,9212,0.8800142315078677,false,55355,9212,0.8800142315078677
55355,1063,0.824753221200491,false,55355,1063,0.824753221200491
55355,128239,0.923489983313955,false,55355,128239,0.923489983313955
55355,105371664,0.7321716943848273,false,55355,105371664,0.7321716943848273
55355,3833,0.8176890067910885,false,55355,3833,0.8176890067910885
55355,55771,0.7825690101990498,false,55355,55771,0.7825690101990498
55355,64151,0.9023733411743133,false,55355,64151,0.9023733411743133
55355,9232,0.7410540631052785,false,55355,9232,0.7410540631052785
55355,221150,0.8331417865655576,false,55355,221150,0.8331417865655576
55355,100507118,0.8106543124522627,false,55355,100507118,0.8106543124522627
55355,991,0.878176750304837,false,55355,991,0.878176750304837
55355,10615,0.8197456018244574,false,55355,10615,0.8197456018244574
259266,2305,0.7693604329764901,false,259266,2305,0.7693604329764901
259266,100048912,0.74570514322485,false,259266,100048912,0.74570514322485
259266,55165,0.7137644428047376,false,259266,55165,0.7137644428047376
259266,220134,0.8246849705811756,false,259266,220134,0.8246849705811756
259266,112268460,0.7578354175891763,false,259266,112268460,0.7578354175891763
259266,9133,0.94415580862523,false,259266,9133,0.94415580862523
259266,150468,0.859227496552842,false,259266,150468,0.859227496552842
259266,105375610,0.7500897649555092,false,259266,105375610,0.7500897649555092
259266,51203,0.707343521785807,false,259266,51203,0.707343521785807
259266,57405,0.8710290383559496,false,259266,57405,0.8710290383559496
259266,995,0.8609729676205381,false,259266,995,0.8609729676205381
259266,400618,0.7059907644357352,false,259266,400618,0.7059907644357352
259266,113130,0.8530090894287307,false,259266,113130,0.8530090894287307
259266,4288,0.9341849837369524,false,259266,4288,0.9341849837369524
259266,131578,0.7100471718421435,false,259266,131578,0.7100471718421435
259266,57082,0.7194540173728232,false,259266,57082,0.7194540173728232
259266,332,0.9032414209352528,false,259266,332,0.9032414209352528
259266,55872,0.73768839368022,false,259266,55872,0.73768839368022
259266,10874,0.7850397060463806,false,259266,10874,0.7850397060463806
259266,9700,0.7128075156272549,false,259266,9700,0.7128075156272549
259266,6241,0.8831906594225578,false,259266,6241,0.8831906594225578
259266,147841,0.7431714168980046,false,259266,147841,0.7431714168980046
259266,8318,0.8407923262174232,false,259266,8318,0.8407923262174232
259266,24137,0.791054703114906,false,259266,24137,0.791054703114906
259266,112937,0.8239827768442185,false,259266,112937,0.8239827768442185
259266,4605,0.8529797558370222,false,259266,4605,0.8529797558370222
259266,9787,0.9398767318413134,false,259266,9787,0.9398767318413134
259266,9212,0.9010214550120373,false,259266,9212,0.9010214550120373
259266,1063,0.891105764564597,false,259266,1063,0.891105764564597
259266,128239,0.900857091409184,false,259266,128239,0.900857091409184
259266,146909,0.8022064841331366,false,259266,146909,0.8022064841331366
259266,1058,0.7253186074218417,false,259266,1058,0.7253186074218417
259266,3833,0.7796286865330956,false,259266,3833,0.7796286865330956
259266,55771,0.8043777914291118,false,259266,55771,0.8043777914291118
259266,64151,0.8500115210997651,false,259266,64151,0.8500115210997651
259266,9232,0.9231126018773407,false,259266,9232,0.9231126018773407
259266,221150,0.7182973161591599,false,259266,221150,0.7182973161591599
259266,100507118,0.7799482845903228,false,259266,100507118,0.7799482845903228
259266,991,0.9444097363587385,false,259266,991,0.9444097363587385
259266,10615,0.8982875693273342,false,259266,10615,0.8982875693273342
105372613,101927354,0.8239846558110921,false,105372613,101927354,0.8239846558110921
105372613,4085,0.8554751844341187,false,105372613,4085,0.8554751844341187
105372613,171019,0.701180878961578,false,105372613,171019,0.701180878961578
105372613,2845,0.8149336553082865,false,105372613,2845,0.8149336553082865
105372613,647946,0.822721581797777,false,105372613,647946,0.822721581797777
105372613,105369685,0.7384769351955482,false,105372613,105369685,0.7384769351955482
105372613,477,0.9170698069276404,false,105372613,477,0.9170698069276404
105372613,8424,0.7746284193791998,false,105372613,8424,0.7746284193791998
729442,2328,0.9143383706523543,false,729442,2328,0.9143383706523543
729442,1295,0.8165845672097973,false,729442,1295,0.8165845672097973
729442,134285,0.9904199395959614,false,729442,134285,0.9904199395959614
729442,354,0.8694852356245448,false,729442,354,0.8694852356245448
729442,1749,0.7116841705012861,false,729442,1749,0.7116841705012861
729442,5650,0.987033005941579,false,729442,5650,0.987033005941579
729442,58,0.9437719649700554,false,729442,58,0.9437719649700554
729442,2019,0.923112596606696,false,729442,2019,0.923112596606696
729442,145873,0.8856067852953231,false,729442,145873,0.8856067852953231
729442,285987,0.9999999999999998,false,729442,285987,0.9999999999999998
729442,3502,0.9313031598074817,false,729442,3502,0.9313031598074817
729442,27237,0.8925892735563202,false,729442,27237,0.8925892735563202
729442,389336,0.9107312513501659,false,729442,389336,0.9107312513501659
729442,25818,0.945337079598885,false,729442,25818,0.945337079598885
729442,4004,0.9961526345807974,false,729442,4004,0.9961526345807974
729442,28946,0.8118023658577126,false,729442,28946,0.8118023658577126
729442,102467080,0.7055301947709828,false,729442,102467080,0.7055301947709828
729442,81624,0.703686072837522,false,729442,81624,0.703686072837522
729442,102724714,0.8287246327957494,false,729442,102724714,0.8287246327957494
729442,101929707,0.9492099754994779,false,729442,101929707,0.9492099754994779
729442,28809,0.9932648805560015,false,729442,28809,0.9932648805560015
729442,5653,0.9836531092576648,false,729442,5653,0.9836531092576648
2305,57405,0.8138442484943227,false,2305,57405,0.8138442484943227
2305,995,0.7083875568214172,false,2305,995,0.7083875568214172
2305,113130,0.7487175353712694,false,2305,113130,0.7487175353712694
2305,4288,0.7211126276405562,false,2305,4288,0.7211126276405562
2305,332,0.7849250273242265,false,2305,332,0.7849250273242265
2305,9156,0.7350939627384562,false,2305,9156,0.7350939627384562
2305,8318,0.8242375406821582,false,2305,8318,0.8242375406821582
2305,4605,0.77377083731627,false,2305,4605,0.77377083731627
2305,1063,0.733846007855842,false,2305,1063,0.733846007855842
2305,146909,0.7772831909023096,false,2305,146909,0.7772831909023096
2305,55771,0.7914436055356503,false,2305,55771,0.7914436055356503
2305,9232,0.7646156258162012,false,2305,9232,0.7646156258162012
2305,991,0.7222975365946004,false,2305,991,0.7222975365946004
2305,10615,0.8123114009675276,false,2305,10615,0.8123114009675276
100048912,4496,0.7179958624264319,false,100048912,4496,0.7179958624264319
100048912,9133,0.714948880599081,false,100048912,9133,0.714948880599081
100048912,1870,0.7177193630498281,false,100048912,1870,0.7177193630498281
100048912,57405,0.7126552278013139,false,100048912,57405,0.7126552278013139
100048912,4288,0.752419704040427,false,100048912,4288,0.752419704040427
100048912,731220,0.7042696196661894,false,100048912,731220,0.7042696196661894
100048912,3229,0.7121596134192089,false,100048912,3229,0.7121596134192089
100048912,347252,0.7703873260903704,false,100048912,347252,0.7703873260903704
100048912,4605,0.7372303934283913,false,100048912,4605,0.7372303934283913
100048912,9787,0.7094074391261992,false,100048912,9787,0.7094074391261992
100048912,128239,0.7026569534219486,false,100048912,128239,0.7026569534219486
100048912,64151,0.7110612127091286,false,100048912,64151,0.7110612127091286
100048912,9232,0.7745458568918705,false,100048912,9232,0.7745458568918705
100048912,991,0.7120177220481199,false,100048912,991,0.7120177220481199
54443,55165,0.9384481763788823,false,54443,55165,0.9384481763788823
54443,220134,0.7648811153895064,false,54443,220134,0.7648811153895064
54443,10721,0.7432329333097419,false,54443,10721,0.7432329333097419
54443,83540,0.8051964988976849,false,54443,83540,0.8051964988976849
54443,3161,0.8542704402042252,false,54443,3161,0.8542704402042252
54443,51203,0.8537039306730333,false,54443,51203,0.8537039306730333
54443,29128,0.855847444293139,false,54443,29128,0.855847444293139
54443,57082,0.7794529256774001,false,54443,57082,0.7794529256774001
54443,4001,0.7361965595718717,false,54443,4001,0.7361965595718717
54443,157570,0.7802269441660518,false,54443,157570,0.7802269441660518
54443,105375622,0.715425607699743,false,54443,105375622,0.715425607699743
54443,641,0.7746673217795068,false,54443,641,0.7746673217795068
54443,55872,0.7990959251113628,false,54443,55872,0.7990959251113628
54443,7153,0.8344932564825746,false,54443,7153,0.8344932564825746
54443,4751,0.7051521276302782,false,54443,4751,0.7051521276302782
54443,6241,0.7600857439556844,false,54443,6241,0.7600857439556844
54443,151648,0.7399454685011693,false,54443,151648,0.7399454685011693
54443,55789,0.8557950002224666,false,54443,55789,0.8557950002224666
54443,24137,0.7867700570778033,false,54443,24137,0.7867700570778033
54443,699,0.7866337794015655,false,54443,699,0.7866337794015655
54443,23397,0.850612733997174,false,54443,23397,0.850612733997174
54443,64151,0.8618815796139125,false,54443,64151,0.8618815796139125
970,29851,0.802915402809311,false,970,29851,0.802915402809311
970,5133,0.8303185155517725,false,970,5133,0.8303185155517725
970,158228,0.921044346351305,false,970,158228,0.921044346351305
970,100506411,0.9049726049967525,false,970,100506411,0.9049726049967525
970,653149,0.835917344290266,false,970,653149,0.835917344290266
970,3135,0.8247873786505967,false,970,3135,0.8247873786505967
970,6495,0.8935038852190774,false,970,6495,0.8935038852190774
970,3352,0.787570517129853,false,970,3352,0.787570517129853
970,79056,0.9224062975482822,false,970,79056,0.9224062975482822
970,54101,0.9221931827320159,false,970,54101,0.9221931827320159
970,143662,0.9201715068405575,false,970,143662,0.9201715068405575
970,23286,0.897046706564528,false,970,23286,0.897046706564528
970,340273,0.9199130235542388,false,970,340273,0.9199130235542388
970,101927355,0.8566362314940222,false,970,101927355,0.8566362314940222
970,4547,0.7219166970503001,false,970,4547,0.7219166970503001
970,253650,0.8349084125451443,false,970,253650,0.8349084125451443
970,654499,0.9213938301750594,false,970,654499,0.9213938301750594
970,100996301,0.8300051654027524,false,970,100996301,0.8300051654027524
389903,105372115,0.7156881741251961,false,389903,105372115,0.7156881741251961
389903,105375610,0.7598619029388813,false,389903,105375610,0.7598619029388813
389903,729447,0.9606325182383758,false,389903,729447,0.9606325182383758
389903,113130,0.7001389261540519,false,389903,113130,0.7001389261540519
389903,158511,0.8483667157564384,false,389903,158511,0.8483667157564384
389903,101929215,0.7643786890189289,false,389903,101929215,0.7643786890189289
389903,9582,0.8176216604600818,false,389903,9582,0.8176216604600818
389903,105377404,0.734892578733964,false,389903,105377404,0.734892578733964
389903,253582,0.7292613546644579,false,389903,253582,0.7292613546644579
389903,112937,0.7576840805093691,false,389903,112937,0.7576840805093691
389903,3664,0.8885742618737307,false,389903,3664,0.8885742618737307
389903,9212,0.7420275376340533,false,389903,9212,0.7420275376340533
389903,201299,0.7208915435519724,false,389903,201299,0.7208915435519724
389903,1058,0.8327931257696097,false,389903,1058,0.8327931257696097
389903,3833,0.7018008973164424,false,389903,3833,0.7018008973164424
389903,221150,0.7265728474729775,false,389903,221150,0.7265728474729775
389903,102723547,1.0,false,389903,102723547,1.0
105371050,105375027,0.841022486388505,false,105371050,105375027,0.841022486388505
105371050,100507584,0.7530089864864667,false,105371050,100507584,0.7530089864864667
105371050,338667,0.8413466324908858,false,105371050,338667,0.8413466324908858
105371050,3754,0.8513517675456324,false,105371050,3754,0.8513517675456324
105371050,102724784,0.7163702237248918,false,105371050,102724784,0.7163702237248918
105371050,101927760,0.784500055610473,false,105371050,101927760,0.784500055610473
105371050,338797,0.8602837566663436,false,105371050,338797,0.8602837566663436
101927354,4085,0.7510299048808936,false,101927354,4085,0.7510299048808936
101927354,2845,0.7546283435868684,false,101927354,2845,0.7546283435868684
101927354,647946,0.8329048672868977,false,101927354,647946,0.8329048672868977
101927354,105369685,0.7053786247154448,false,101927354,105369685,0.7053786247154448
101927354,477,0.7614064116384855,false,101927354,477,0.7614064116384855
105375027,50614,0.77684063409483,false,105375027,50614,0.77684063409483
105375027,100507584,0.8841678694444088,false,105375027,100507584,0.8841678694444088
105375027,338667,0.979935925382672,false,105375027,338667,0.979935925382672
105375027,3754,0.957660581809845,false,105375027,3754,0.957660581809845
105375027,102724784,0.9319044623562989,false,105375027,102724784,0.9319044623562989
105375027,101927760,0.9445312379903671,false,105375027,101927760,0.9445312379903671
105375027,112802,0.7238413759694714,false,105375027,112802,0.7238413759694714
105375027,338797,0.9543099384432352,false,105375027,338797,0.9543099384432352
4496,646024,0.8421467654156081,false,4496,646024,0.8421467654156081
4496,55655,0.7252002636051518,false,4496,55655,0.7252002636051518
4496,731220,0.7064696719099697,false,4496,731220,0.7064696719099697
4496,3053,0.7191723282441095,false,4496,3053,0.7191723282441095
4496,387978,0.8421467654156081,false,4496,387978,0.8421467654156081
4496,3229,0.9491141610798097,false,4496,3229,0.9491141610798097
4496,387895,0.9419611590763467,false,4496,387895,0.9419611590763467
4496,347252,0.751631613485211,false,4496,347252,0.751631613485211
4496,105377508,0.7401451844677246,false,4496,105377508,0.7401451844677246
4496,284958,0.8355399864581083,false,4496,284958,0.8355399864581083
4496,105376041,0.8421467654156081,false,4496,105376041,0.8421467654156081
646024,55655,0.9190166337544229,false,646024,55655,0.9190166337544229
646024,731220,0.8664543200968289,false,646024,731220,0.8664543200968289
646024,3053,0.9016228166928231,false,646024,3053,0.9016228166928231
646024,9955,0.8410103280267645,false,646024,9955,0.8410103280267645
646024,387978,1.0,false,646024,387978,1.0
646024,3229,0.9404687961372953,false,646024,3229,0.9404687961372953
646024,387895,0.92447980456678,false,646024,387895,0.92447980456678
646024,105375077,0.7433953872189106,false,646024,105375077,0.7433953872189106
646024,105377508,0.9186333010830795,false,646024,105377508,0.9186333010830795
646024,84561,0.8354117630842408,false,646024,84561,0.8354117630842408
646024,284958,0.9108854150154644,false,646024,284958,0.9108854150154644
646024,105376041,1.0,false,646024,105376041,1.0
646024,105372950,0.8568249007135634,false,646024,105372950,0.8568249007135634
55165,220134,0.817536206613466,false,55165,220134,0.817536206613466
55165,83540,0.8079408686796712,false,55165,83540,0.8079408686796712
55165,3161,0.860882707747134,false,55165,3161,0.860882707747134
55165,51203,0.8570641459350573,false,55165,51203,0.8570641459350573
55165,57405,0.7203451348277765,false,55165,57405,0.7203451348277765
55165,29128,0.9064639786212485,false,55165,29128,0.9064639786212485
55165,3832,0.7253495144781046,false,55165,3832,0.7253495144781046
55165,57082,0.8655168658013274,false,55165,57082,0.8655168658013274
55165,332,0.7937495726412412,false,55165,332,0.7937495726412412
55165,157570,0.8545735167210143,false,55165,157570,0.8545735167210143
55165,105375622,0.7496045792652183,false,55165,105375622,0.7496045792652183
55165,641,0.8084539022376065,false,55165,641,0.8084539022376065
55165,55872,0.8859769833790361,false,55165,55872,0.8859769833790361
55165,7153,0.8907508982742933,false,55165,7153,0.8907508982742933
55165,891,0.7475612568606808,false,55165,891,0.7475612568606808
55165,4751,0.7680539902263681,false,55165,4751,0.7680539902263681
55165,6241,0.8595758886656443,false,55165,6241,0.8595758886656443
55165,151648,0.7497752430589437,false,55165,151648,0.7497752430589437
55165,55789,0.7683320376713145,false,55165,55789,0.7683320376713145
55165,24137,0.9022146588012573,false,55165,24137,0.9022146588012573
55165,9787,0.7389760864645547,false,55165,9787,0.7389760864645547
55165,23397,0.8144444454220104,false,55165,23397,0.8144444454220104
55165,128239,0.7702561655332953,false,55165,128239,0.7702561655332953
55165,64151,0.9394396317357175,false,55165,64151,0.9394396317357175
55165,221150,0.7845524618272921,false,55165,221150,0.7845524618272921
55165,100507118,0.7106282483265641,false,55165,100507118,0.7106282483265641
29851,5133,0.9125444411766128,false,29851,5133,0.9125444411766128
29851,158228,0.840022184618729,false,29851,158228,0.840022184618729
29851,100506411,0.8290548593957924,false,29851,100506411,0.8290548593957924
29851,653149,0.8573206250567511,false,29851,653149,0.8573206250567511
29851,3135,0.7890325034483734,false,29851,3135,0.7890325034483734
29851,6495,0.8255576900394951,false,29851,6495,0.8255576900394951
29851,3352,0.7687980330298808,false,29851,3352,0.7687980330298808
29851,79056,0.8727583770130934,false,29851,79056,0.8727583770130934
29851,54101,0.8378085230790558,false,29851,54101,0.8378085230790558
29851,143662,0.850447018562671,false,29851,143662,0.850447018562671
29851,23286,0.8143770419426088,false,29851,23286,0.8143770419426088
29851,340273,0.840828189886426,false,29851,340273,0.840828189886426
29851,101927355,0.8249369696597938,false,29851,101927355,0.8249369696597938
29851,4547,0.8552616121226893,false,29851,4547,0.8552616121226893
29851,253650,0.7897911202740903,false,29851,253650,0.7897911202740903
29851,654499,0.8394446322006436,false,29851,654499,0.8394446322006436
29851,100996301,0.7278704542000081,false,29851,100996301,0.7278704542000081
220134,9133,0.7807665233686809,false,220134,9133,0.7807665233686809
220134,83540,0.7555120861169805,false,220134,83540,0.7555120861169805
220134,150468,0.7388443098161698,false,220134,150468,0.7388443098161698
220134,105375610,0.7022634354170004,false,220134,105375610,0.7022634354170004
220134,2834,0.7651479390208386,false,220134,2834,0.7651479390208386
220134,51203,0.7947736727430071,false,220134,51203,0.7947736727430071
220134,995,0.8405515220718115,false,220134,995,0.8405515220718115
220134,400618,0.7649718388246229,false,220134,400618,0.7649718388246229
220134,29128,0.8179358095210292,false,220134,29128,0.8179358095210292
220134,113130,0.7097638867831026,false,220134,113130,0.7097638867831026
220134,4288,0.8587753550937508,false,220134,4288,0.8587753550937508
220134,57082,0.7177333317613184,false,220134,57082,0.7177333317613184
220134,9055,0.8084294726577106,false,220134,9055,0.8084294726577106
220134,332,0.7719708462063034,false,220134,332,0.7719708462063034
220134,110806280,0.7520073076301667,false,220134,110806280,0.7520073076301667
220134,157570,0.836014968793001,false,220134,157570,0.836014968793001
220134,55872,0.8243104883679473,false,220134,55872,0.8243104883679473
220134,9700,0.7680704523079496,false,220134,9700,0.7680704523079496
220134,374393,0.7215399511698988,false,220134,374393,0.7215399511698988
220134,6241,0.8553573086864631,false,220134,6241,0.8553573086864631
220134,147841,0.7396870182518444,false,220134,147841,0.7396870182518444
220134,8318,0.7080580317755922,false,220134,8318,0.7080580317755922
220134,24137,0.8181842889475484,false,220134,24137,0.8181842889475484
220134,112937,0.8661809806657178,false,220134,112937,0.8661809806657178
220134,4605,0.7173497655944711,false,220134,4605,0.7173497655944711
220134,9787,0.8540493822925116,false,220134,9787,0.8540493822925116
220134,9212,0.8232380361883436,false,220134,9212,0.8232380361883436
220134,1063,0.7313686967234148,false,220134,1063,0.7313686967234148
220134,128239,0.9172548908042475,false,220134,128239,0.9172548908042475
220134,105371664,0.7811276574583892,false,220134,105371664,0.7811276574583892
220134,3833,0.8185699367973753,false,220134,3833,0.8185699367973753
220134,64151,0.8334291197997833,false,220134,64151,0.8334291197997833
220134,221150,0.8085651615487276,false,220134,221150,0.8085651615487276
220134,100507118,0.7936888071731464,false,220134,100507118,0.7936888071731464
220134,991,0.8771396601321979,false,220134,991,0.8771396601321979
220134,10615,0.8613104889836029,false,220134,10615,0.8613104889836029
9493,4321,0.7185892101785584,false,9493,4321,0.7185892101785584
112268460,9133,0.7466610357130653,false,112268460,9133,0.7466610357130653
112268460,105375610,0.7421294522896529,false,112268460,105375610,0.7421294522896529
112268460,158511,0.7159660816152046,false,112268460,158511,0.7159660816152046
112268460,4288,0.8176315584050642,false,112268460,4288,0.8176315584050642
112268460,9700,0.8551121809792012,false,112268460,9700,0.8551121809792012
112268460,107985017,0.7548420711000448,false,112268460,107985017,0.7548420711000448
112268460,9787,0.7313663121949531,false,112268460,9787,0.7313663121949531
112268460,9212,0.819484570190986,false,112268460,9212,0.819484570190986
112268460,128239,0.7709194715495076,false,112268460,128239,0.7709194715495076
112268460,146909,0.8230255485352403,false,112268460,146909,0.8230255485352403
112268460,3833,0.8534763653863656,false,112268460,3833,0.8534763653863656
112268460,9232,0.8042936426123826,false,112268460,9232,0.8042936426123826
112268460,991,0.8070727196764024,false,112268460,991,0.8070727196764024
112268460,10615,0.7852801530812001,false,112268460,10615,0.7852801530812001
4085,2845,0.8064742328636232,false,4085,2845,0.8064742328636232
4085,477,0.8268969363612799,false,4085,477,0.8268969363612799
4085,8424,0.772783688992285,false,4085,8424,0.772783688992285
100874028,10721,0.7837400372744779,false,100874028,10721,0.7837400372744779
100874028,55247,0.70991443672498,false,100874028,55247,0.70991443672498
100874028,4751,0.7096076469282112,false,100874028,4751,0.7096076469282112
100874028,151648,0.8283637421671468,false,100874028,151648,0.8283637421671468
100874028,699,0.7150988241224088,false,100874028,699,0.7150988241224088
100874028,23397,0.8130627781880749,false,100874028,23397,0.8130627781880749
5133,158228,0.920322444423105,false,5133,158228,0.920322444423105
5133,100506411,0.926849459578232,false,5133,100506411,0.926849459578232
5133,653149,0.809721672910946,false,5133,653149,0.809721672910946
5133,3135,0.7427779912673195,false,5133,3135,0.7427779912673195
5133,6495,0.9076749474400405,false,5133,6495,0.9076749474400405
5133,3352,0.8397449660056093,false,5133,3352,0.8397449660056093
5133,79056,0.8702587738579423,false,5133,79056,0.8702587738579423
5133,54101,0.924269942112937,false,5133,54101,0.924269942112937
5133,143662,0.9373927033278999,false,5133,143662,0.9373927033278999
5133,23286,0.8853224549493054,false,5133,23286,0.8853224549493054
5133,340273,0.921290080117685,false,5133,340273,0.921290080117685
5133,101927355,0.9015568535860451,false,5133,101927355,0.9015568535860451
5133,4547,0.8794914932352353,false,5133,4547,0.8794914932352353
5133,253650,0.9073383007682062,false,5133,253650,0.9073383007682062
5133,654499,0.9220727935707237,false,5133,654499,0.9220727935707237
5133,100996301,0.8325149890320698,false,5133,100996301,0.8325149890320698
55143,9133,0.7824897491565889,false,55143,9133,0.7824897491565889
55143,105375610,0.763514489773637,false,55143,105375610,0.763514489773637
55143,3161,0.7508936357714407,false,55143,3161,0.7508936357714407
55143,91828,0.7668174306853267,false,55143,91828,0.7668174306853267
55143,29128,0.7556519083471391,false,55143,29128,0.7556519083471391
55143,9055,0.8368205530669605,false,55143,9055,0.8368205530669605
55143,107985017,0.7006011488370908,false,55143,107985017,0.7006011488370908
55143,9582,0.7069560446537931,false,55143,9582,0.7069560446537931
55143,24137,0.7717742123330834,false,55143,24137,0.7717742123330834
55143,9787,0.738463486483474,false,55143,9787,0.738463486483474
55143,3664,0.7098952956338708,false,55143,3664,0.7098952956338708
55143,9212,0.7979719024476476,false,55143,9212,0.7979719024476476
55143,128239,0.7252000567315484,false,55143,128239,0.7252000567315484
55143,1058,0.7101447561824638,false,55143,1058,0.7101447561824638
55143,3833,0.7263024083741726,false,55143,3833,0.7263024083741726
55143,221150,0.7785455188845101,false,55143,221150,0.7785455188845101
55143,100507118,0.8241072212743626,false,55143,100507118,0.8241072212743626
9133,150468,0.7851888313580958,false,9133,150468,0.7851888313580958
9133,105375610,0.8276218861949378,false,9133,105375610,0.8276218861949378
9133,57405,0.827156518847029,false,9133,57405,0.827156518847029
9133,995,0.8125631388994804,false,9133,995,0.8125631388994804
9133,29128,0.7422497088368694,false,9133,29128,0.7422497088368694
9133,113130,0.8695194842551164,false,9133,113130,0.8695194842551164
9133,4288,0.8990946640476364,false,9133,4288,0.8990946640476364
9133,9055,0.7338347103908976,false,9133,9055,0.7338347103908976
9133,332,0.8265929868524768,false,9133,332,0.8265929868524768
9133,55872,0.7278306079176814,false,9133,55872,0.7278306079176814
9133,9700,0.7351510299273268,false,9133,9700,0.7351510299273268
9133,107985017,0.7246656025565772,false,9133,107985017,0.7246656025565772
9133,6241,0.8338864883564425,false,9133,6241,0.8338864883564425
9133,8318,0.7599238458757516,false,9133,8318,0.7599238458757516
9133,26289,0.7285609811464682,false,9133,26289,0.7285609811464682
9133,24137,0.8079667153328333,false,9133,24137,0.8079667153328333
9133,112937,0.7785919924493182,false,9133,112937,0.7785919924493182
9133,4605,0.7869710753939091,false,9133,4605,0.7869710753939091
9133,9787,0.9396670234406748,false,9133,9787,0.9396670234406748
9133,9212,0.9301663507857705,false,9133,9212,0.9301663507857705
9133,1063,0.8905665633351183,false,9133,1063,0.8905665633351183
9133,128239,0.8942328614957513,false,9133,128239,0.8942328614957513
9133,146909,0.8370869141466023,false,9133,146909,0.8370869141466023
9133,1058,0.7748247728829043,false,9133,1058,0.7748247728829043
9133,3833,0.8086263351045712,false,9133,3833,0.8086263351045712
9133,55771,0.7660096785608352,false,9133,55771,0.7660096785608352
9133,64151,0.792469075000096,false,9133,64151,0.792469075000096
9133,9232,0.9119457445902952,false,9133,9232,0.9119457445902952
9133,221150,0.739253369910102,false,9133,221150,0.739253369910102
9133,100507118,0.8478102140294204,false,9133,100507118,0.8478102140294204
9133,991,0.9419197380592088,false,9133,991,0.9419197380592088
9133,10615,0.7929243598691662,false,9133,10615,0.7929243598691662
2328,1295,0.7948918538870084,false,2328,1295,0.7948918538870084
2328,134285,0.9464760607569609,false,2328,134285,0.9464760607569609
2328,354,0.7820825280656392,false,2328,354,0.7820825280656392
2328,5650,0.8987007911200173,false,2328,5650,0.8987007911200173
2328,58,0.8123967064050536,false,2328,58,0.8123967064050536
2328,2019,0.9752112986864857,false,2328,2019,0.9752112986864857
2328,145873,0.7824756821661221,false,2328,145873,0.7824756821661221
2328,285987,0.9143383706523543,false,2328,285987,0.9143383706523543
2328,3502,0.8718394719708449,false,2328,3502,0.8718394719708449
2328,27237,0.8448129710295361,false,2328,27237,0.8448129710295361
2328,389336,0.8702195424806263,false,2328,389336,0.8702195424806263
2328,25818,0.8226875335378908,false,2328,25818,0.8226875335378908
2328,4004,0.9119423269574837,false,2328,4004,0.9119423269574837
2328,28946,0.7911337055122014,false,2328,28946,0.7911337055122014
2328,102724714,0.7061370014068478,false,2328,102724714,0.7061370014068478
2328,101929707,0.8969500352073382,false,2328,101929707,0.8969500352073382
2328,28809,0.9182173668152073,false,2328,28809,0.9182173668152073
2328,5653,0.9021901409478046,false,2328,5653,0.9021901409478046
105372115,56992,0.7690629984452945,false,105372115,56992,0.7690629984452945
105372115,81930,0.7282630376647197,false,105372115,81930,0.7282630376647197
105372115,105377404,0.7379763571232634,false,105372115,105377404,0.7379763571232634
105372115,102723547,0.7156881741251961,false,105372115,102723547,0.7156881741251961
10721,171019,0.7856106717402965,false,10721,171019,0.7856106717402965
10721,2845,0.7749756687544085,false,10721,2845,0.7749756687544085
10721,3832,0.7227978329837659,false,10721,3832,0.7227978329837659
10721,105369685,0.7412390583187822,false,10721,105369685,0.7412390583187822
10721,55247,0.7402204786051043,false,10721,55247,0.7402204786051043
10721,641,0.7397961666295583,false,10721,641,0.7397961666295583
10721,7153,0.7232709794917312,false,10721,7153,0.7232709794917312
10721,4751,0.7672911627094163,false,10721,4751,0.7672911627094163
10721,151648,0.8833083874975002,false,10721,151648,0.8833083874975002
10721,55789,0.7789235292524288,false,10721,55789,0.7789235292524288
10721,699,0.7490937053066195,false,10721,699,0.7490937053066195
10721,23397,0.8409232823724345,false,10721,23397,0.8409232823724345
10721,1630,0.7161181250550877,false,10721,1630,0.7161181250550877
171019,2845,0.9297900992506986,false,171019,2845,0.9297900992506986
171019,647946,0.7637047451365583,false,171019,647946,0.7637047451365583
171019,3832,0.7335911920262865,false,171019,3832,0.7335911920262865
171019,105369685,0.8268712043132114,false,171019,105369685,0.8268712043132114
171019,55247,0.7395363840267777,false,171019,55247,0.7395363840267777
171019,4751,0.7060422865959022,false,171019,4751,0.7060422865959022
171019,477,0.7624151470674699,false,171019,477,0.7624151470674699
171019,55635,0.7044801600652641,false,171019,55635,0.7044801600652641
171019,107986990,0.8914194945647874,false,171019,107986990,0.8914194945647874
171019,1630,0.8863030821084827,false,171019,1630,0.8863030821084827
171019,8424,0.83395205707083,false,171019,8424,0.83395205707083
2845,647946,0.8454601973364199,false,2845,647946,0.8454601973364199
2845,3832,0.7813029093478789,false,2845,3832,0.7813029093478789
2845,105369685,0.9226625038137786,false,2845,105369685,0.9226625038137786
2845,55247,0.7894618511950298,false,2845,55247,0.7894618511950298
2845,4751,0.8048647463887361,false,2845,4751,0.8048647463887361
2845,477,0.8906666224520949,false,2845,477,0.8906666224520949
2845,55635,0.8043242305271814,false,2845,55635,0.8043242305271814
2845,107986990,0.8401534682538438,false,2845,107986990,0.8401534682538438
2845,1630,0.8637482775476082,false,2845,1630,0.8637482775476082
2845,8424,0.9205884284079241,false,2845,8424,0.9205884284079241
1295,134285,0.8472071616362103,false,1295,134285,0.8472071616362103
1295,5650,0.8232015060951416,false,1295,5650,0.8232015060951416
1295,58,0.8715317800149412,false,1295,58,0.8715317800149412
1295,2019,0.839812022523374,false,1295,2019,0.839812022523374
1295,145873,0.8485257263253225,false,1295,145873,0.8485257263253225
1295,285987,0.8165845672097972,false,1295,285987,0.8165845672097972
1295,3502,0.720821131974655,false,1295,3502,0.720821131974655
1295,27237,0.7245869984447852,false,1295,27237,0.7245869984447852
1295,389336,0.8055081366055322,false,1295,389336,0.8055081366055322
1295,25818,0.8023297627524603,false,1295,25818,0.8023297627524603
1295,4004,0.830868564952554,false,1295,4004,0.830868564952554
1295,81624,0.766536725771413,false,1295,81624,0.766536725771413
1295,102724714,0.7970919351810644,false,1295,102724714,0.7970919351810644
1295,101929707,0.7200439168027712,false,1295,101929707,0.7200439168027712
1295,28809,0.7873324317622145,false,1295,28809,0.7873324317622145
1295,5653,0.7750664534625433,false,1295,5653,0.7750664534625433
134285,354,0.8387911184427457,false,134285,354,0.8387911184427457
134285,5650,0.9723615667191324,false,134285,5650,0.9723615667191324
134285,58,0.9287378091649072,false,134285,58,0.9287378091649072
134285,2019,0.9607737490471688,false,134285,2019,0.9607737490471688
134285,145873,0.8887152462197929,false,134285,145873,0.8887152462197929
134285,285987,0.9904199395959615,false,134285,285987,0.9904199395959615
134285,3502,0.9134367829664025,false,134285,3502,0.9134367829664025
134285,27237,0.8840131417905996,false,134285,27237,0.8840131417905996
134285,389336,0.8946207132464338,false,134285,389336,0.8946207132464338
134285,25818,0.9252339605365921,false,134285,25818,0.9252339605365921
134285,4004,0.9892884696252373,false,134285,4004,0.9892884696252373
134285,28946,0.7947516825278567,false,134285,28946,0.7947516825278567
134285,102724714,0.8069675672235547,false,134285,102724714,0.8069675672235547
134285,101929707,0.9341274497069741,false,134285,101929707,0.9341274497069741
134285,28809,0.9821036878225028,false,134285,28809,0.9821036878225028
134285,5653,0.9665466733801651,false,134285,5653,0.9665466733801651
83540,3161,0.7855166487863342,false,83540,3161,0.7855166487863342
83540,51203,0.7824579701384852,false,83540,51203,0.7824579701384852
83540,29128,0.7266395956131728,false,83540,29128,0.7266395956131728
83540,57082,0.7763374999683369,false,83540,57082,0.7763374999683369
83540,641,0.7607279747639353,false,83540,641,0.7607279747639353
83540,55872,0.7881002385508797,false,83540,55872,0.7881002385508797
83540,7153,0.7144211561568625,false,83540,7153,0.7144211561568625
83540,6241,0.7300271805939809,false,83540,6241,0.7300271805939809
83540,23397,0.7509487047661394,false,83540,23397,0.7509487047661394
83540,128239,0.7226112663113855,false,83540,128239,0.7226112663113855
83540,64151,0.7079055053872727,false,83540,64151,0.7079055053872727
354,1749,0.7903227162392182,false,354,1749,0.7903227162392182
354,5650,0.877251478472835,false,354,5650,0.877251478472835
354,58,0.8266476454971448,false,354,58,0.8266476454971448
354,2019,0.7718616275401513,false,354,2019,0.7718616275401513
354,145873,0.8069345916903627,false,354,145873,0.8069345916903627
354,285987,0.8694852356245448,false,354,285987,0.8694852356245448
354,3502,0.9313715963580799,false,354,3502,0.9313715963580799
354,27237,0.8387579636349595,false,354,27237,0.8387579636349595
354,389336,0.8771109006968828,false,354,389336,0.8771109006968828
354,25818,0.7967548973716685,false,354,25818,0.7967548973716685
354,4004,0.8483259097141189,false,354,4004,0.8483259097141189
354,28946,0.8687088698921792,false,354,28946,0.8687088698921792
354,81624,0.749102386070537,false,354,81624,0.749102386070537
354,102724714,0.740303179903477,false,354,102724714,0.740303179903477
354,101929707,0.8539442479903236,false,354,101929707,0.8539442479903236
354,28809,0.8954780007561538,false,354,28809,0.8954780007561538
354,5653,0.8527372779757464,false,354,5653,0.8527372779757464
55655,1749,0.7107313930394633,false,55655,1749,0.7107313930394633
55655,731220,0.8382961323266968,false,55655,731220,0.8382961323266968
55655,3053,0.8192844097882039,false,55655,3053,0.8192844097882039
55655,9955,0.7488613121861006,false,55655,9955,0.7488613121861006
55655,387978,0.9190166337544231,false,55655,387978,0.9190166337544231
55655,3229,0.8659576397564939,false,55655,3229,0.8659576397564939
55655,387895,0.784996282146369,false,55655,387895,0.784996282146369
55655,105377508,0.8571314076317584,false,55655,105377508,0.8571314076317584
55655,84561,0.7898981983134106,false,55655,84561,0.7898981983134106
55655,284958,0.9054531700067817,false,55655,284958,0.9054531700067817
55655,105376041,0.9190166337544231,false,55655,105376041,0.9190166337544231
55655,105372950,0.7821844970503661,false,55655,105372950,0.7821844970503661
150468,57405,0.709338533794675,false,150468,57405,0.709338533794675
150468,995,0.8443355454478036,false,150468,995,0.8443355454478036
150468,400618,0.7467975077993402,false,150468,400618,0.7467975077993402
150468,113130,0.8298364613206904,false,150468,113130,0.8298364613206904
150468,4288,0.8453081788635916,false,150468,4288,0.8453081788635916
150468,131578,0.7457411663158476,false,150468,131578,0.7457411663158476
150468,332,0.9140882067159697,false,150468,332,0.9140882067159697
150468,110806280,0.720840621039698,false,150468,110806280,0.720840621039698
150468,10874,0.8856687803867447,false,150468,10874,0.8856687803867447
150468,891,0.7710246925144157,false,150468,891,0.7710246925144157
150468,6241,0.8510304099791365,false,150468,6241,0.8510304099791365
150468,147841,0.8578179607821603,false,150468,147841,0.8578179607821603
150468,8318,0.9138703584275151,false,150468,8318,0.9138703584275151
150468,24137,0.7535359883188809,false,150468,24137,0.7535359883188809
150468,112937,0.7947108418067732,false,150468,112937,0.7947108418067732
150468,4605,0.7394764027545253,false,150468,4605,0.7394764027545253
150468,9787,0.8857230881720681,false,150468,9787,0.8857230881720681
150468,9212,0.7683856772622388,false,150468,9212,0.7683856772622388
150468,1063,0.802644949479546,false,150468,1063,0.802644949479546
150468,128239,0.7961968238031778,false,150468,128239,0.7961968238031778
150468,55771,0.7236234758841259,false,150468,55771,0.7236234758841259
150468,64151,0.8367030665662576,false,150468,64151,0.8367030665662576
150468,9232,0.7931218433377355,false,150468,9232,0.7931218433377355
150468,221150,0.7179719470824706,false,150468,221150,0.7179719470824706
150468,991,0.8303563816927034,false,150468,991,0.8303563816927034
150468,10615,0.7519279640603832,false,150468,10615,0.7519279640603832
158228,100506411,0.9907877161540836,false,158228,100506411,0.9907877161540836
158228,653149,0.8701717891451594,false,158228,653149,0.8701717891451594
158228,3135,0.7965922108389809,false,158228,3135,0.7965922108389809
158228,6495,0.9929812408049467,false,158228,6495,0.9929812408049467
158228,3352,0.8604095983492239,false,158228,3352,0.8604095983492239
158228,79056,0.9471485680224219,false,158228,79056,0.9471485680224219
158228,54101,0.9985013322873874,false,158228,54101,0.9985013322873874
158228,143662,0.9957866466097212,false,158228,143662,0.9957866466097212
158228,23286,0.9804929953511805,false,158228,23286,0.9804929953511805
158228,101101772,0.7198972205331772,false,158228,101101772,0.7198972205331772
158228,340273,0.9999876883297054,false,158228,340273,0.9999876883297054
158228,101927355,0.9516352739915988,false,158228,101927355,0.9516352739915988
158228,4547,0.8467315024211095,false,158228,4547,0.8467315024211095
158228,253650,0.908595532031598,false,158228,253650,0.908595532031598
158228,654499,0.999827562426185,false,158228,654499,0.999827562426185
158228,100996301,0.9273856605122778,false,158228,100996301,0.9273856605122778
105375610,729447,0.7429261583374102,false,105375610,729447,0.7429261583374102
105375610,995,0.7591178891123272,false,105375610,995,0.7591178891123272
105375610,91828,0.7858903938811571,false,105375610,91828,0.7858903938811571
105375610,113130,0.772046240508483,false,105375610,113130,0.772046240508483
105375610,158511,0.7996073712059248,false,105375610,158511,0.7996073712059248
105375610,4288,0.8364440809993792,false,105375610,4288,0.8364440809993792
105375610,131578,0.7423346532463863,false,105375610,131578,0.7423346532463863
105375610,9055,0.7528384803890239,false,105375610,9055,0.7528384803890239
105375610,110806280,0.7174841293759648,false,105375610,110806280,0.7174841293759648
105375610,9700,0.8626617534068857,false,105375610,9700,0.8626617534068857
105375610,101929215,0.822147730367922,false,105375610,101929215,0.822147730367922
105375610,107985017,0.8360566249809794,false,105375610,107985017,0.8360566249809794
105375610,6241,0.7132563992049326,false,105375610,6241,0.7132563992049326
105375610,9582,0.8098750100336668,false,105375610,9582,0.8098750100336668
105375610,112937,0.8597286099669401,false,105375610,112937,0.8597286099669401
105375610,9787,0.8641649050101198,false,105375610,9787,0.8641649050101198
105375610,3664,0.7256896946789619,false,105375610,3664,0.7256896946789619
105375610,9212,0.8699193210243262,false,105375610,9212,0.8699193210243262
105375610,1063,0.7374675224464603,false,105375610,1063,0.7374675224464603
105375610,128239,0.8822517133882941,false,105375610,128239,0.8822517133882941
105375610,1058,0.793295021268229,false,105375610,1058,0.793295021268229
105375610,3833,0.8506526581469683,false,105375610,3833,0.8506526581469683
105375610,9232,0.8193592305565405,false,105375610,9232,0.8193592305565405
105375610,221150,0.7408991241618649,false,105375610,221150,0.7408991241618649
105375610,100507118,0.7707010028713431,false,105375610,100507118,0.7707010028713431
105375610,991,0.85690550561405,false,105375610,991,0.85690550561405
105375610,102723547,0.7598619029388813,false,105375610,102723547,0.7598619029388813
1870,57405,0.7625909867983894,false,1870,57405,0.7625909867983894
1870,995,0.7497781016909182,false,1870,995,0.7497781016909182
1870,4288,0.7136275077445212,false,1870,4288,0.7136275077445212
1870,332,0.7366765056453434,false,1870,332,0.7366765056453434
1870,374393,0.7171946911459667,false,1870,374393,0.7171946911459667
1870,6241,0.8328253711528304,false,1870,6241,0.8328253711528304
1870,8318,0.7284838727636649,false,1870,8318,0.7284838727636649
1870,146909,0.7310461315276315,false,1870,146909,0.7310461315276315
1870,64151,0.7321163556900798,false,1870,64151,0.7321163556900798
1870,100507118,0.7048188548582189,false,1870,100507118,0.7048188548582189
2834,6865,0.7511452912722058,false,2834,6865,0.7511452912722058
2834,57082,0.7430067698784341,false,2834,57082,0.7430067698784341
2834,157570,0.8341435561832967,false,2834,157570,0.8341435561832967
2834,105375622,0.8035840167977775,false,2834,105375622,0.8035840167977775
2834,1301,0.8970561660474458,false,2834,1301,0.8970561660474458
100506411,653149,0.8489087115865468,false,100506411,653149,0.8489087115865468
100506411,3135,0.7736739414072663,false,100506411,3135,0.7736739414072663
100506411,6495,0.9815817797469164,false,100506411,6495,0.9815817797469164
100506411,3352,0.8126288901256778,false,100506411,3352,0.8126288901256778
100506411,79056,0.9215777524011869,false,100506411,79056,0.9215777524011869
100506411,54101,0.9897738569909933,false,100506411,54101,0.9897738569909933
100506411,143662,0.9922947897930622,false,100506411,143662,0.9922947897930622
100506411,23286,0.9653565044229341,false,100506411,23286,0.9653565044229341
100506411,101101772,0.7296560328384185,false,100506411,101101772,0.7296560328384185
100506411,340273,0.9911720696174072,false,100506411,340273,0.9911720696174072
100506411,101927355,0.9390670188466302,false,100506411,101927355,0.9390670188466302
100506411,4547,0.8202091115097787,false,100506411,4547,0.8202091115097787
100506411,253650,0.9398435498892393,false,100506411,253650,0.9398435498892393
100506411,654499,0.9922897976086713,false,100506411,654499,0.9922897976086713
100506411,100996301,0.920234483301605,false,100506411,100996301,0.920234483301605
3161,51203,0.7127203368355036,false,3161,51203,0.7127203368355036
3161,29128,0.834674418303848,false,3161,29128,0.834674418303848
3161,3832,0.7057664568233109,false,3161,3832,0.7057664568233109
3161,9055,0.7241503621517132,false,3161,9055,0.7241503621517132
3161,56992,0.7600920667634995,false,3161,56992,0.7600920667634995
3161,55247,0.7761105683978972,false,3161,55247,0.7761105683978972
3161,641,0.7244617060261037,false,3161,641,0.7244617060261037
3161,55872,0.8888722015716968,false,3161,55872,0.8888722015716968
3161,7153,0.7672205516473407,false,3161,7153,0.7672205516473407
3161,891,0.72453360739293,false,3161,891,0.72453360739293
3161,4751,0.8197350256403184,false,3161,4751,0.8197350256403184
3161,6241,0.8049737602979233,false,3161,6241,0.8049737602979233
3161,151648,0.7294559720301229,false,3161,151648,0.7294559720301229
3161,105377404,0.7182418596856613,false,3161,105377404,0.7182418596856613
3161,24137,0.8277230566513747,false,3161,24137,0.8277230566513747
3161,9212,0.7003789079676769,false,3161,9212,0.7003789079676769
3161,23397,0.875143464326986,false,3161,23397,0.875143464326986
3161,128239,0.7050713055734804,false,3161,128239,0.7050713055734804
3161,64151,0.7733892638051858,false,3161,64151,0.7733892638051858
3161,221150,0.8736523762616258,false,3161,221150,0.8736523762616258
3161,100507118,0.7365697123021646,false,3161,100507118,0.7365697123021646
3161,100288637,0.7064617603772315,false,3161,100288637,0.7064617603772315
1749,5650,0.7795250074112994,false,1749,5650,0.7795250074112994
1749,285987,0.711684170501286,false,1749,285987,0.711684170501286
1749,27237,0.885716835197382,false,1749,27237,0.885716835197382
1749,389336,0.9109739223905063,false,1749,389336,0.9109739223905063
1749,25818,0.7298616274990596,false,1749,25818,0.7298616274990596
1749,4004,0.7019210387717459,false,1749,4004,0.7019210387717459
1749,102467080,0.7124064845063931,false,1749,102467080,0.7124064845063931
1749,81624,0.7995015390077499,false,1749,81624,0.7995015390077499
1749,5653,0.7692073210998942,false,1749,5653,0.7692073210998942
729447,91828,0.7375174515081699,false,729447,91828,0.7375174515081699
729447,113130,0.7105785054397444,false,729447,113130,0.7105785054397444
729447,158511,0.8093523234668475,false,729447,158511,0.8093523234668475
729447,101929215,0.7099056646800108,false,729447,101929215,0.7099056646800108
729447,107985017,0.7058859708756567,false,729447,107985017,0.7058859708756567
729447,9582,0.8387515092887786,false,729447,9582,0.8387515092887786
729447,112937,0.7215038994553229,false,729447,112937,0.7215038994553229
729447,3664,0.9186738851703348,false,729447,3664,0.9186738851703348
729447,9212,0.7380987300309506,false,729447,9212,0.7380987300309506
729447,201299,0.725931671189821,false,729447,201299,0.725931671189821
729447,146909,0.744235736138997,false,729447,146909,0.744235736138997
729447,1058,0.777736917696598,false,729447,1058,0.777736917696598
729447,3833,0.7324527476208033,false,729447,3833,0.7324527476208033
729447,9232,0.7064558651902282,false,729447,9232,0.7064558651902282
729447,102723547,0.9606325182383758,false,729447,102723547,0.9606325182383758
51203,29128,0.8681206652162244,false,51203,29128,0.8681206652162244
51203,57082,0.7786013406767578,false,51203,57082,0.7786013406767578
51203,4001,0.7460996703984563,false,51203,4001,0.7460996703984563
51203,157570,0.7240211933347274,false,51203,157570,0.7240211933347274
51203,641,0.7889447001951432,false,51203,641,0.7889447001951432
51203,7153,0.8167561770161467,false,51203,7153,0.8167561770161467
51203,6241,0.7528402635025975,false,51203,6241,0.7528402635025975
51203,151648,0.7561313353190445,false,51203,151648,0.7561313353190445
51203,24137,0.7278904216944654,false,51203,24137,0.7278904216944654
51203,9787,0.7078958755293234,false,51203,9787,0.7078958755293234
51203,699,0.7942686201783413,false,51203,699,0.7942686201783413
51203,23397,0.7514580494094578,false,51203,23397,0.7514580494094578
51203,128239,0.7364056030138684,false,51203,128239,0.7364056030138684
51203,64151,0.8533577705923953,false,51203,64151,0.8533577705923953
51203,10615,0.7045212545814046,false,51203,10615,0.7045212545814046
57405,995,0.7593042076142932,false,57405,995,0.7593042076142932
57405,29128,0.7335689795352293,false,57405,29128,0.7335689795352293
57405,113130,0.8251239045131813,false,57405,113130,0.8251239045131813
57405,4288,0.7582116208470284,false,57405,4288,0.7582116208470284
57405,57082,0.7881646301107299,false,57405,57082,0.7881646301107299
57405,332,0.9027699572185849,false,57405,332,0.9027699572185849
57405,55872,0.7349479074573033,false,57405,55872,0.7349479074573033
57405,7153,0.7441105244649018,false,57405,7153,0.7441105244649018
57405,6241,0.844459359714114,false,57405,6241,0.844459359714114
57405,9156,0.7985438273261438,false,57405,9156,0.7985438273261438
57405,8318,0.8224799502185828,false,57405,8318,0.8224799502185828
57405,24137,0.7906480562104373,false,57405,24137,0.7906480562104373
57405,4605,0.8457592869400137,false,57405,4605,0.8457592869400137
57405,9787,0.7847002264720193,false,57405,9787,0.7847002264720193
57405,9212,0.7974509232216007,false,57405,9212,0.7974509232216007
57405,1063,0.8259429154519355,false,57405,1063,0.8259429154519355
57405,128239,0.7186003210775531,false,57405,128239,0.7186003210775531
57405,146909,0.7975450515677276,false,57405,146909,0.7975450515677276
57405,55771,0.8801052266660973,false,57405,55771,0.8801052266660973
57405,64151,0.8293969536661987,false,57405,64151,0.8293969536661987
57405,9232,0.832313841593642,false,57405,9232,0.832313841593642
57405,100507118,0.8209029978474577,false,57405,100507118,0.8209029978474577
57405,991,0.8086146677521427,false,57405,991,0.8086146677521427
57405,10615,0.8248306277599514,false,57405,10615,0.8248306277599514
5650,58,0.918154153350891,false,5650,58,0.918154153350891
5650,2019,0.9157849516443624,false,5650,2019,0.9157849516443624
5650,145873,0.8702275585460393,false,5650,145873,0.8702275585460393
5650,285987,0.987033005941579,false,5650,285987,0.987033005941579
5650,3502,0.9058087620796832,false,5650,3502,0.9058087620796832
5650,27237,0.9137893788900805,false,5650,27237,0.9137893788900805
5650,389336,0.9439563877729304,false,5650,389336,0.9439563877729304
5650,25818,0.9590272333217758,false,5650,25818,0.9590272333217758
5650,4004,0.9887648474969626,false,5650,4004,0.9887648474969626
5650,28946,0.7747576634854839,false,5650,28946,0.7747576634854839
5650,102467080,0.75289701260809,false,5650,102467080,0.75289701260809
5650,81624,0.749101368686152,false,5650,81624,0.749101368686152
5650,102724714,0.808419515840483,false,5650,102724714,0.808419515840483
5650,101929707,0.935067441802821,false,5650,101929707,0.935067441802821
5650,28809,0.9745333816977977,false,5650,28809,0.9745333816977977
5650,5653,0.9840569687855695,false,5650,5653,0.9840569687855695
647946,105369685,0.8695143827163663,false,647946,105369685,0.8695143827163663
647946,4751,0.7747445346394999,false,647946,4751,0.7747445346394999
647946,477,0.8215752210733325,false,647946,477,0.8215752210733325
647946,1630,0.8467517280650209,false,647946,1630,0.8467517280650209
647946,8424,0.805082688552366,false,647946,8424,0.805082688552366
729533,5008,0.7423190248935607,false,729533,5008,0.7423190248935607
653149,3135,0.8658706583340512,false,653149,3135,0.8658706583340512
653149,6495,0.8624040416629879,false,653149,6495,0.8624040416629879
653149,3352,0.8204776629232177,false,653149,3352,0.8204776629232177
653149,79056,0.9345192070449612,false,653149,79056,0.9345192070449612
653149,54101,0.8575435892969286,false,653149,54101,0.8575435892969286
653149,143662,0.8663577229011811,false,653149,143662,0.8663577229011811
653149,23286,0.8328393652676257,false,653149,23286,0.8328393652676257
653149,340273,0.8701951721545377,false,653149,340273,0.8701951721545377
653149,101927355,0.8188531119382682,false,653149,101927355,0.8188531119382682
653149,4547,0.7605704759048734,false,653149,4547,0.7605704759048734
653149,253650,0.7572928301756784,false,653149,253650,0.7572928301756784
653149,654499,0.8682420236970203,false,653149,654499,0.8682420236970203
653149,100996301,0.7478431725281645,false,653149,100996301,0.7478431725281645
995,400618,0.8476789514275364,false,995,400618,0.8476789514275364
995,113130,0.8396460572291842,false,995,113130,0.8396460572291842
995,158511,0.7388502127646167,false,995,158511,0.7388502127646167
995,4288,0.9096179499395154,false,995,4288,0.9096179499395154
995,9055,0.7403759219046534,false,995,9055,0.7403759219046534
995,332,0.853191419935072,false,995,332,0.853191419935072
995,110806280,0.8013116529790878,false,995,110806280,0.8013116529790878
995,55872,0.7696253925434919,false,995,55872,0.7696253925434919
995,10874,0.7340920102648368,false,995,10874,0.7340920102648368
995,6241,0.8765491951495886,false,995,6241,0.8765491951495886
995,8318,0.8356521805530829,false,995,8318,0.8356521805530829
995,24137,0.7953651713961497,false,995,24137,0.7953651713961497
995,112937,0.8850262812256797,false,995,112937,0.8850262812256797
995,4605,0.7415528631658294,false,995,4605,0.7415528631658294
995,9787,0.873201214572003,false,995,9787,0.873201214572003
995,9212,0.8498069011624685,false,995,9212,0.8498069011624685
995,1063,0.8998117523362861,false,995,1063,0.8998117523362861
995,128239,0.852611525985528,false,995,128239,0.852611525985528
995,146909,0.7579383447041641,false,995,146909,0.7579383447041641
995,3833,0.819636477287114,false,995,3833,0.819636477287114
995,55771,0.7240019205289118,false,995,55771,0.7240019205289118
995,64151,0.7948305000570602,false,995,64151,0.7948305000570602
995,9232,0.8222028402539239,false,995,9232,0.8222028402539239
995,221150,0.7507029970105935,false,995,221150,0.7507029970105935
995,100507118,0.8393318107518777,false,995,100507118,0.8393318107518777
995,991,0.9042025686457371,false,995,991,0.9042025686457371
995,10615,0.7841291928571966,false,995,10615,0.7841291928571966
400618,158511,0.8223534988548917,false,400618,158511,0.8223534988548917
400618,4288,0.7503778476741396,false,400618,4288,0.7503778476741396
400618,110806280,0.8612229732754951,false,400618,110806280,0.8612229732754951
400618,10874,0.7005179049634853,false,400618,10874,0.7005179049634853
400618,83903,0.7466884522875021,false,400618,83903,0.7466884522875021
400618,253582,0.7011995564872993,false,400618,253582,0.7011995564872993
400618,112937,0.8736455405603748,false,400618,112937,0.8736455405603748
400618,9787,0.7072956926862574,false,400618,9787,0.7072956926862574
400618,128239,0.7086983970827518,false,400618,128239,0.7086983970827518
400618,105371664,0.7091759927415996,false,400618,105371664,0.7091759927415996
400618,3833,0.7046783855613902,false,400618,3833,0.7046783855613902
400618,991,0.7286967675588486,false,400618,991,0.7286967675588486
6865,105375622,0.7487245157556851,false,6865,105375622,0.7487245157556851
6865,9928,0.7046880518838949,false,6865,9928,0.7046880518838949
50614,100507584,0.7986689977311406,false,50614,100507584,0.7986689977311406
50614,338667,0.7573748035724447,false,50614,338667,0.7573748035724447
50614,3754,0.7852383127810293,false,50614,3754,0.7852383127810293
50614,101927760,0.7463985021750522,false,50614,101927760,0.7463985021750522
50614,338797,0.8298199092090214,false,50614,338797,0.8298199092090214
91828,101929215,0.720946403237774,false,91828,101929215,0.720946403237774
91828,107985017,0.8566522687248442,false,91828,107985017,0.8566522687248442
91828,9582,0.8202147887155705,false,91828,9582,0.8202147887155705
91828,3664,0.7734433091753853,false,91828,3664,0.7734433091753853
91828,9212,0.7483821823425391,false,91828,9212,0.7483821823425391
91828,146909,0.7083689110164602,false,91828,146909,0.7083689110164602
91828,1058,0.7515610553513075,false,91828,1058,0.7515610553513075
91828,3833,0.7027207529958355,false,91828,3833,0.7027207529958355
91828,81624,0.7161234071904495,false,91828,81624,0.7161234071904495
91828,9232,0.7164111887948416,false,91828,9232,0.7164111887948416
91828,100507118,0.7093825519412927,false,91828,100507118,0.7093825519412927
29128,57082,0.7036411820075963,false,29128,57082,0.7036411820075963
29128,9055,0.7673759725494599,false,29128,9055,0.7673759725494599
29128,332,0.7567565225391999,false,29128,332,0.7567565225391999
29128,157570,0.7659669460173566,false,29128,157570,0.7659669460173566
29128,641,0.7002556119480853,false,29128,641,0.7002556119480853
29128,55872,0.8511199169267676,false,29128,55872,0.8511199169267676
29128,7153,0.8961539831057276,false,29128,7153,0.8961539831057276
29128,891,0.7605953208251386,false,29128,891,0.7605953208251386
29128,4751,0.7640792074052487,false,29128,4751,0.7640792074052487
29128,374393,0.7619803979716997,false,29128,374393,0.7619803979716997
29128,6241,0.8155058851202736,false,29128,6241,0.8155058851202736
29128,151648,0.7225220146602112,false,29128,151648,0.7225220146602112
29128,24137,0.8792774219214338,false,29128,24137,0.8792774219214338
29128,9787,0.7601639401152346,false,29128,9787,0.7601639401152346
29128,9212,0.7384189284305478,false,29128,9212,0.7384189284305478
29128,23397,0.7414501579062104,false,29128,23397,0.7414501579062104
29128,128239,0.7688829801463755,false,29128,128239,0.7688829801463755
29128,64151,0.8516739087334554,false,29128,64151,0.8516739087334554
29128,221150,0.8364829264472011,false,29128,221150,0.8364829264472011
29128,100507118,0.7969211015567375,false,29128,100507118,0.7969211015567375
29128,991,0.7201179961250288,false,29128,991,0.7201179961250288
113130,4288,0.8826939798113128,false,113130,4288,0.8826939798113128
113130,9055,0.7371123444542022,false,113130,9055,0.7371123444542022
113130,332,0.8529283150267425,false,113130,332,0.8529283150267425
113130,107985017,0.8068692769954179,false,113130,107985017,0.8068692769954179
113130,6241,0.8323963699138767,false,113130,6241,0.8323963699138767
113130,8318,0.9119198485165558,false,113130,8318,0.9119198485165558
113130,24137,0.7461130880003336,false,113130,24137,0.7461130880003336
113130,112937,0.7355299127900118,false,113130,112937,0.7355299127900118
113130,4605,0.7941151280874493,false,113130,4605,0.7941151280874493
113130,9787,0.9000060572959941,false,113130,9787,0.9000060572959941
113130,9212,0.9045176792303875,false,113130,9212,0.9045176792303875
113130,1063,0.8541812880143657,false,113130,1063,0.8541812880143657
113130,128239,0.806557155991137,false,113130,128239,0.806557155991137
113130,146909,0.8961636769617355,false,113130,146909,0.8961636769617355
113130,1058,0.7659320195355224,false,113130,1058,0.7659320195355224
113130,3833,0.7489799850176885,false,113130,3833,0.7489799850176885
113130,55771,0.7949456026382299,false,113130,55771,0.7949456026382299
113130,9232,0.9358251623583124,false,113130,9232,0.9358251623583124
113130,221150,0.7701314678016687,false,113130,221150,0.7701314678016687
113130,100507118,0.8616684624624439,false,113130,100507118,0.8616684624624439
113130,991,0.9241170550409635,false,113130,991,0.9241170550409635
113130,102723547,0.7001389261540519,false,113130,102723547,0.7001389261540519
113130,10615,0.805317111058051,false,113130,10615,0.805317111058051
100507584,338667,0.8070000743020784,false,100507584,338667,0.8070000743020784
100507584,3754,0.867283787359013,false,100507584,3754,0.867283787359013
100507584,102724784,0.8592859805477735,false,100507584,102724784,0.8592859805477735
100507584,6690,0.7710004005845286,false,100507584,6690,0.7710004005845286
100507584,101927760,0.7388798901445724,false,100507584,101927760,0.7388798901445724
100507584,112802,0.7670218812339793,false,100507584,112802,0.7670218812339793
100507584,338797,0.8373800339206768,false,100507584,338797,0.8373800339206768
158511,4288,0.7667184101779752,false,158511,4288,0.7667184101779752
158511,110806280,0.8056094841342892,false,158511,110806280,0.8056094841342892
158511,101929215,0.7485578376401119,false,158511,101929215,0.7485578376401119
158511,6241,0.7020355805038536,false,158511,6241,0.7020355805038536
158511,253582,0.7901825861365146,false,158511,253582,0.7901825861365146
158511,112937,0.9013622261006483,false,158511,112937,0.9013622261006483
158511,9787,0.7499898702631717,false,158511,9787,0.7499898702631717
158511,3664,0.7897020557166824,false,158511,3664,0.7897020557166824
158511,9212,0.8027924611003174,false,158511,9212,0.8027924611003174
158511,201299,0.7717272490244372,false,158511,201299,0.7717272490244372
158511,128239,0.7717842944576804,false,158511,128239,0.7717842944576804
158511,105371664,0.7587157614519887,false,158511,105371664,0.7587157614519887
158511,3833,0.8455091950104503,false,158511,3833,0.8455091950104503
158511,221150,0.7342006810878677,false,158511,221150,0.7342006810878677
158511,991,0.7541459993284788,false,158511,991,0.7541459993284788
158511,102723547,0.8483667157564384,false,158511,102723547,0.8483667157564384
4288,131578,0.8206314030756741,false,4288,131578,0.8206314030756741
4288,9055,0.7070290094475961,false,4288,9055,0.7070290094475961
4288,332,0.8253327991704745,false,4288,332,0.8253327991704745
4288,110806280,0.7612366750162709,false,4288,110806280,0.7612366750162709
4288,55872,0.7365236355769645,false,4288,55872,0.7365236355769645
4288,10874,0.715010041455026,false,4288,10874,0.715010041455026
4288,9700,0.8430907437012337,false,4288,9700,0.8430907437012337
4288,107985017,0.7566451957018892,false,4288,107985017,0.7566451957018892
4288,6241,0.8829997428787318,false,4288,6241,0.8829997428787318
4288,147841,0.720986591729264,false,4288,147841,0.720986591729264
4288,9582,0.7271357797466571,false,4288,9582,0.7271357797466571
4288,8318,0.8292636587287172,false,4288,8318,0.8292636587287172
4288,26289,0.7089871812959915,false,4288,26289,0.7089871812959915
4288,253582,0.7118782444211098,false,4288,253582,0.7118782444211098
4288,24137,0.7554383411726248,false,4288,24137,0.7554383411726248
4288,112937,0.9053294622852007,false,4288,112937,0.9053294622852007
4288,4605,0.787588280543874,false,4288,4605,0.787588280543874
4288,9787,0.9478059605822332,false,4288,9787,0.9478059605822332
4288,9212,0.9318023541113595,false,4288,9212,0.9318023541113595
4288,1063,0.897517984030222,false,4288,1063,0.897517984030222
4288,128239,0.9382837900034454,false,4288,128239,0.9382837900034454
4288,146909,0.8757624749622582,false,4288,146909,0.8757624749622582
4288,105371664,0.7601401441454644,false,4288,105371664,0.7601401441454644
4288,1058,0.7520624916537126,false,4288,1058,0.7520624916537126
4288,3833,0.8913420405853725,false,4288,3833,0.8913420405853725
4288,64151,0.772270355305472,false,4288,64151,0.772270355305472
4288,9232,0.9320256925318742,false,4288,9232,0.9320256925318742
4288,221150,0.7721065631791544,false,4288,221150,0.7721065631791544
4288,100507118,0.7865896653580452,false,4288,100507118,0.7865896653580452
4288,991,0.9736511582193697,false,4288,991,0.9736511582193697
4288,10615,0.8774234739112271,false,4288,10615,0.8774234739112271
3832,105369685,0.8395658806247576,false,3832,105369685,0.8395658806247576
3832,55247,0.7924384205035322,false,3832,55247,0.7924384205035322
3832,7153,0.8133596326183198,false,3832,7153,0.8133596326183198
3832,4751,0.8379085725870046,false,3832,4751,0.8379085725870046
3832,151648,0.7647059076865882,false,3832,151648,0.7647059076865882
3832,55789,0.7565322412104865,false,3832,55789,0.7565322412104865
3832,24137,0.7333735952350078,false,3832,24137,0.7333735952350078
3832,55635,0.7332625640111463,false,3832,55635,0.7332625640111463
3832,23397,0.7415443207522637,false,3832,23397,0.7415443207522637
131578,110806280,0.7896092478916314,false,131578,110806280,0.7896092478916314
131578,10874,0.7046098840158652,false,131578,10874,0.7046098840158652
131578,101929215,0.8062467503853658,false,131578,101929215,0.8062467503853658
131578,9582,0.735527560760547,false,131578,9582,0.735527560760547
131578,253582,0.7893695815237052,false,131578,253582,0.7893695815237052
131578,112937,0.7866457369876768,false,131578,112937,0.7866457369876768
131578,9787,0.7778264910107411,false,131578,9787,0.7778264910107411
131578,9212,0.7030090320820014,false,131578,9212,0.7030090320820014
131578,1063,0.7335699354806117,false,131578,1063,0.7335699354806117
131578,128239,0.7681979808665931,false,131578,128239,0.7681979808665931
131578,105371664,0.756791978399226,false,131578,105371664,0.756791978399226
131578,9232,0.737790791601814,false,131578,9232,0.737790791601814
131578,991,0.7087747271534335,false,131578,991,0.7087747271534335
57082,332,0.7644881721139237,false,57082,332,0.7644881721139237
57082,157570,0.8090680253804586,false,57082,157570,0.8090680253804586
57082,105375622,0.8132587944195354,false,57082,105375622,0.8132587944195354
57082,641,0.7207220093602066,false,57082,641,0.7207220093602066
57082,55872,0.7727664454568266,false,57082,55872,0.7727664454568266
57082,7153,0.8294064382667041,false,57082,7153,0.8294064382667041
57082,6241,0.7268718363377238,false,57082,6241,0.7268718363377238
57082,55789,0.7411380101402978,false,57082,55789,0.7411380101402978
57082,24137,0.7203216016534282,false,57082,24137,0.7203216016534282
57082,9928,0.754787417298552,false,57082,9928,0.754787417298552
57082,64151,0.8537910527846575,false,57082,64151,0.8537910527846575
4001,374393,0.7652102953574476,false,4001,374393,0.7652102953574476
4001,105373557,0.7500071152589324,false,4001,105373557,0.7500071152589324
4001,699,0.7839597319127777,false,4001,699,0.7839597319127777
7545,84815,0.7597567171466588,false,7545,84815,0.7597567171466588
9055,55872,0.7047937051977226,false,9055,55872,0.7047937051977226
9055,6241,0.7331746824364773,false,9055,6241,0.7331746824364773
9055,24137,0.7079300975023218,false,9055,24137,0.7079300975023218
9055,112937,0.7733090053866876,false,9055,112937,0.7733090053866876
9055,9787,0.7749530926219097,false,9055,9787,0.7749530926219097
9055,9212,0.7583176205287331,false,9055,9212,0.7583176205287331
9055,128239,0.801092196695545,false,9055,128239,0.801092196695545
9055,3833,0.7350164763425122,false,9055,3833,0.7350164763425122
9055,221150,0.8435387181370397,false,9055,221150,0.8435387181370397
9055,100507118,0.8855126670737986,false,9055,100507118,0.8855126670737986
9055,991,0.769395379655136,false,9055,991,0.769395379655136
332,55872,0.7770689242434201,false,332,55872,0.7770689242434201
332,10874,0.8287685015367282,false,332,10874,0.8287685015367282
332,891,0.7628274223606171,false,332,891,0.7628274223606171
332,6241,0.9228292243123772,false,332,6241,0.9228292243123772
332,147841,0.8331186807391315,false,332,147841,0.8331186807391315
332,9156,0.8062540152306749,false,332,9156,0.8062540152306749
332,8318,0.9482872907858343,false,332,8318,0.9482872907858343
332,24137,0.8863760868883176,false,332,24137,0.8863760868883176
332,112937,0.724570894843678,false,332,112937,0.724570894843678
332,4605,0.8367201135219658,false,332,4605,0.8367201135219658
332,9787,0.8805218980432861,false,332,9787,0.8805218980432861
332,9212,0.8345564492806085,false,332,9212,0.8345564492806085
332,1063,0.8780114828230869,false,332,1063,0.8780114828230869
332,128239,0.7957274688976617,false,332,128239,0.7957274688976617
332,146909,0.7331015462943374,false,332,146909,0.7331015462943374
332,55771,0.9155498432115907,false,332,55771,0.9155498432115907
332,64151,0.9143306048232644,false,332,64151,0.9143306048232644
332,9232,0.8272027098036275,false,332,9232,0.8272027098036275
332,221150,0.7552965708165622,false,332,221150,0.7552965708165622
332,100507118,0.7700249343915608,false,332,100507118,0.7700249343915608
332,991,0.8497428186266196,false,332,991,0.8497428186266196
332,10615,0.8305488305359231,false,332,10615,0.8305488305359231
731220,3053,0.7208168929504144,false,731220,3053,0.7208168929504144
731220,9955,0.7121886705082168,false,731220,9955,0.7121886705082168
731220,387978,0.8664543200968288,false,731220,387978,0.8664543200968288
731220,3229,0.8121053906533545,false,731220,3229,0.8121053906533545
731220,387895,0.7442265858075833,false,731220,387895,0.7442265858075833
731220,105377508,0.7174374112614514,false,731220,105377508,0.7174374112614514
731220,84561,0.7091125349545053,false,731220,84561,0.7091125349545053
731220,284958,0.73458691067993,false,731220,284958,0.73458691067993
731220,105376041,0.8664543200968288,false,731220,105376041,0.8664543200968288
731220,105372950,0.723760917477257,false,731220,105372950,0.723760917477257
3053,9955,0.9033990676933592,false,3053,9955,0.9033990676933592
3053,387978,0.9016228166928233,false,3053,387978,0.9016228166928233
3053,3229,0.7947661776823338,false,3053,3229,0.7947661776823338
3053,387895,0.7980890893625266,false,3053,387895,0.7980890893625266
3053,105375077,0.7131779728590188,false,3053,105375077,0.7131779728590188
3053,105377508,0.792982806903449,false,3053,105377508,0.792982806903449
3053,84561,0.897504593813674,false,3053,84561,0.897504593813674
3053,284958,0.7534810395874901,false,3053,284958,0.7534810395874901
3053,105376041,0.9016228166928233,false,3053,105376041,0.9016228166928233
3053,105372950,0.8475661623884054,false,3053,105372950,0.8475661623884054
338667,3754,0.9142148505143033,false,338667,3754,0.9142148505143033
338667,102724784,0.8620650849857088,false,338667,102724784,0.8620650849857088
338667,101927760,0.9810053051815096,false,338667,101927760,0.9810053051815096
338667,338797,0.9524447319844314,false,338667,338797,0.9524447319844314
3754,102724784,0.9152864843541033,false,3754,102724784,0.9152864843541033
3754,101927760,0.8638703433602118,false,3754,101927760,0.8638703433602118
3754,338797,0.8958687979855311,false,3754,338797,0.8958687979855311
58,2019,0.8347695607385054,false,58,2019,0.8347695607385054
58,145873,0.9192619752755908,false,58,145873,0.9192619752755908
58,285987,0.9437719649700553,false,58,285987,0.9437719649700553
58,3502,0.8928711710916294,false,58,3502,0.8928711710916294
58,27237,0.7996890876304079,false,58,27237,0.7996890876304079
58,389336,0.8495606279130652,false,58,389336,0.8495606279130652
58,25818,0.8819943485001158,false,58,25818,0.8819943485001158
58,4004,0.931947835261566,false,58,4004,0.931947835261566
58,28946,0.7327413243983047,false,58,28946,0.7327413243983047
58,102467080,0.7361557708961289,false,58,102467080,0.7361557708961289
58,81624,0.7977871116839982,false,58,81624,0.7977871116839982
58,102724714,0.89692200913505,false,58,102724714,0.89692200913505
58,101929707,0.874754165645426,false,58,101929707,0.874754165645426
58,28809,0.9322629827252025,false,58,28809,0.9322629827252025
58,5653,0.9040816839868668,false,58,5653,0.9040816839868668
9955,387978,0.8410103280267646,false,9955,387978,0.8410103280267646
9955,3229,0.7196530855526067,false,9955,3229,0.7196530855526067
9955,387895,0.7829868455331971,false,9955,387895,0.7829868455331971
9955,105377508,0.7776865998764788,false,9955,105377508,0.7776865998764788
9955,84561,0.796343280045653,false,9955,84561,0.796343280045653
9955,284958,0.7029126607613703,false,9955,284958,0.7029126607613703
9955,105376041,0.8410103280267646,false,9955,105376041,0.8410103280267646
9955,105372950,0.7547884562153139,false,9955,105372950,0.7547884562153139
110806280,55872,0.7249795384115618,false,110806280,55872,0.7249795384115618
110806280,101929215,0.76279680699587,false,110806280,101929215,0.76279680699587
110806280,6241,0.7437709682141774,false,110806280,6241,0.7437709682141774
110806280,83903,0.8020043732826658,false,110806280,83903,0.8020043732826658
110806280,253582,0.7801565997121056,false,110806280,253582,0.7801565997121056
110806280,112937,0.9232477906460627,false,110806280,112937,0.9232477906460627
110806280,9787,0.7298538085488666,false,110806280,9787,0.7298538085488666
110806280,128239,0.7882788883505485,false,110806280,128239,0.7882788883505485
110806280,105371664,0.8058768254024498,false,110806280,105371664,0.8058768254024498
110806280,3833,0.7691623044417817,false,110806280,3833,0.7691623044417817
110806280,221150,0.7525355473121459,false,110806280,221150,0.7525355473121459
105369685,55247,0.757992633917422,false,105369685,55247,0.757992633917422
105369685,7153,0.7819915136082934,false,105369685,7153,0.7819915136082934
105369685,4751,0.9194337096755595,false,105369685,4751,0.9194337096755595
105369685,477,0.8438836472813229,false,105369685,477,0.8438836472813229
105369685,55635,0.8096971189101537,false,105369685,55635,0.8096971189101537
105369685,107986990,0.7195706607133249,false,105369685,107986990,0.7195706607133249
105369685,1630,0.8600450507370128,false,105369685,1630,0.8600450507370128
105369685,8424,0.841005357061464,false,105369685,8424,0.841005357061464
105369685,100288637,0.7305289405233459,false,105369685,100288637,0.7305289405233459
157570,105375622,0.8607113287504659,false,157570,105375622,0.8607113287504659
157570,641,0.7876586827987987,false,157570,641,0.7876586827987987
157570,55872,0.8256804842676769,false,157570,55872,0.8256804842676769
157570,7153,0.7343709206984235,false,157570,7153,0.7343709206984235
157570,24137,0.7762490328886544,false,157570,24137,0.7762490328886544
157570,1301,0.7393835234570609,false,157570,1301,0.7393835234570609
157570,64151,0.7736006955089729,false,157570,64151,0.7736006955089729
56992,105377404,0.7650411864084129,false,56992,105377404,0.7650411864084129
105375622,641,0.7692077292288727,false,105375622,641,0.7692077292288727
105375622,55789,0.7510110082554391,false,105375622,55789,0.7510110082554391
105375622,1301,0.7628755508271934,false,105375622,1301,0.7628755508271934
105375622,9928,0.7129844366975576,false,105375622,9928,0.7129844366975576
3135,6495,0.7926118014700035,false,3135,6495,0.7926118014700035
3135,3352,0.7706379573807682,false,3135,3352,0.7706379573807682
3135,79056,0.8773061864471106,false,3135,79056,0.8773061864471106
3135,54101,0.7956734419347252,false,3135,54101,0.7956734419347252
3135,143662,0.8019209057006794,false,3135,143662,0.8019209057006794
3135,23286,0.7382190810194178,false,3135,23286,0.7382190810194178
3135,340273,0.7964165366574304,false,3135,340273,0.7964165366574304
3135,101927355,0.7989876508633843,false,3135,101927355,0.7989876508633843
3135,4547,0.7269497294099431,false,3135,4547,0.7269497294099431
3135,253650,0.7547929045085994,false,3135,253650,0.7547929045085994
3135,654499,0.7965712652802296,false,3135,654499,0.7965712652802296
3135,100996301,0.7568504071285529,false,3135,100996301,0.7568504071285529
2019,145873,0.838156018632803,false,2019,145873,0.838156018632803
2019,285987,0.923112596606696,false,2019,285987,0.923112596606696
2019,3502,0.8308261010288649,false,2019,3502,0.8308261010288649
2019,27237,0.8595774623764858,false,2019,27237,0.8595774623764858
2019,389336,0.8756847871541661,false,2019,389336,0.8756847871541661
2019,25818,0.8552835043888773,false,2019,25818,0.8552835043888773
2019,4004,0.9216809967608273,false,2019,4004,0.9216809967608273
2019,28946,0.7130867833363806,false,2019,28946,0.7130867833363806
2019,101929707,0.8719710151468121,false,2019,101929707,0.8719710151468121
2019,28809,0.9097143140393303,false,2019,28809,0.9097143140393303
2019,5653,0.9039292225161993,false,2019,5653,0.9039292225161993
55247,4751,0.8162390225270789,false,55247,4751,0.8162390225270789
55247,151648,0.7485183862435212,false,55247,151648,0.7485183862435212
55247,55635,0.7486533865846912,false,55247,55635,0.7486533865846912
55247,23397,0.8184465071259818,false,55247,23397,0.8184465071259818
145873,285987,0.8856067852953232,false,145873,285987,0.8856067852953232
145873,3502,0.8354684169254725,false,145873,3502,0.8354684169254725
145873,27237,0.7482554834260926,false,145873,27237,0.7482554834260926
145873,389336,0.8009640471069048,false,145873,389336,0.8009640471069048
145873,25818,0.8009016511021231,false,145873,25818,0.8009016511021231
145873,4004,0.8758914414010377,false,145873,4004,0.8758914414010377
145873,81624,0.7360131150537174,false,145873,81624,0.7360131150537174
145873,102724714,0.8012412516903973,false,145873,102724714,0.8012412516903973
145873,101929707,0.8044734743909244,false,145873,101929707,0.8044734743909244
145873,28809,0.8761550000253294,false,145873,28809,0.8761550000253294
145873,5653,0.8503178168016347,false,145873,5653,0.8503178168016347
387978,3229,0.9404687961372953,false,387978,3229,0.9404687961372953
387978,387895,0.92447980456678,false,387978,387895,0.92447980456678
387978,105375077,0.7433953872189107,false,387978,105375077,0.7433953872189107
387978,105377508,0.9186333010830796,false,387978,105377508,0.9186333010830796
387978,84561,0.8354117630842408,false,387978,84561,0.8354117630842408
387978,284958,0.9108854150154644,false,387978,284958,0.9108854150154644
387978,105376041,1.0,false,387978,105376041,1.0
387978,105372950,0.8568249007135635,false,387978,105372950,0.8568249007135635
9496,101101772,0.7088488137628793,false,9496,101101772,0.7088488137628793
9496,1301,0.7516822079331409,false,9496,1301,0.7516822079331409
641,7153,0.7020566686398287,false,641,7153,0.7020566686398287
641,151648,0.755318699348778,false,641,151648,0.755318699348778
641,55789,0.7263844973244312,false,641,55789,0.7263844973244312
641,699,0.7308765283035726,false,641,699,0.7308765283035726
641,23397,0.7540207849973034,false,641,23397,0.7540207849973034
641,64151,0.7170573000283146,false,641,64151,0.7170573000283146
55872,7153,0.7706772658328112,false,55872,7153,0.7706772658328112
55872,891,0.7169053854010469,false,55872,891,0.7169053854010469
55872,4751,0.7089491965290189,false,55872,4751,0.7089491965290189
55872,6241,0.8570331432330643,false,55872,6241,0.8570331432330643
55872,24137,0.9006392352039967,false,55872,24137,0.9006392352039967
55872,112937,0.732285627165895,false,55872,112937,0.732285627165895
55872,9787,0.7533149982042222,false,55872,9787,0.7533149982042222
55872,9212,0.7880494806777482,false,55872,9212,0.7880494806777482
55872,1063,0.8105538952112209,false,55872,1063,0.8105538952112209
55872,23397,0.7233440112839361,false,55872,23397,0.7233440112839361
55872,128239,0.7765240440915772,false,55872,128239,0.7765240440915772
55872,3833,0.7631658760107866,false,55872,3833,0.7631658760107866
55872,55771,0.7465455907134217,false,55872,55771,0.7465455907134217
55872,64151,0.8187720781053336,false,55872,64151,0.8187720781053336
55872,221150,0.8914030999678201,false,55872,221150,0.8914030999678201
55872,100507118,0.808473893768114,false,55872,100507118,0.808473893768114
55872,991,0.752294526522357,false,55872,991,0.752294526522357
55872,10615,0.7518108294180317,false,55872,10615,0.7518108294180317
10874,891,0.8104726122751797,false,10874,891,0.8104726122751797
10874,6241,0.7575961608969508,false,10874,6241,0.7575961608969508
10874,147841,0.7771460074232625,false,10874,147841,0.7771460074232625
10874,8318,0.8306693585367318,false,10874,8318,0.8306693585367318
10874,112937,0.7326548889807126,false,10874,112937,0.7326548889807126
10874,9787,0.7813734725600405,false,10874,9787,0.7813734725600405
10874,128239,0.7272668374030631,false,10874,128239,0.7272668374030631
10874,64151,0.740407802890804,false,10874,64151,0.740407802890804
10874,9232,0.7162756403446748,false,10874,9232,0.7162756403446748
10874,991,0.7116369246483899,false,10874,991,0.7116369246483899
3580,1062,0.7202991080452709,false,3580,1062,0.7202991080452709
3580,101927686,0.8881585773238903,false,3580,101927686,0.8881585773238903
9700,107985017,0.8451824079223688,false,9700,107985017,0.8451824079223688
9700,9582,0.7718996480629929,false,9700,9582,0.7718996480629929
9700,347252,0.7193253287342211,false,9700,347252,0.7193253287342211
9700,112937,0.7871975419749313,false,9700,112937,0.7871975419749313
9700,9787,0.7769469922778179,false,9700,9787,0.7769469922778179
9700,9212,0.7824662929343186,false,9700,9212,0.7824662929343186
9700,128239,0.869564082018518,false,9700,128239,0.869564082018518
9700,146909,0.7115247855558039,false,9700,146909,0.7115247855558039
9700,105371664,0.727336370070901,false,9700,105371664,0.727336370070901
9700,3833,0.8546694382592436,false,9700,3833,0.8546694382592436
9700,9232,0.7711155595267287,false,9700,9232,0.7711155595267287
9700,991,0.8382529095100906,false,9700,991,0.8382529095100906
9700,10615,0.7021074819304871,false,9700,10615,0.7021074819304871
7153,4751,0.8195501969029405,false,7153,4751,0.8195501969029405
7153,55789,0.7801469080734441,false,7153,55789,0.7801469080734441
7153,24137,0.79086017147869,false,7153,24137,0.79086017147869
7153,55635,0.7932029260736662,false,7153,55635,0.7932029260736662
7153,23397,0.753648323453781,false,7153,23397,0.753648323453781
7153,9928,0.7318572493032502,false,7153,9928,0.7318572493032502
7153,64151,0.8066245860479039,false,7153,64151,0.8066245860479039
891,6241,0.7608967820720561,false,891,6241,0.7608967820720561
891,147841,0.7874101605275735,false,891,147841,0.7874101605275735
891,8318,0.7575598598389424,false,891,8318,0.7575598598389424
891,151648,0.7494898146706233,false,891,151648,0.7494898146706233
891,24137,0.7275074106543025,false,891,24137,0.7275074106543025
891,9787,0.7179707462607917,false,891,9787,0.7179707462607917
891,64151,0.7507161860141384,false,891,64151,0.7507161860141384
891,221150,0.8369119829494772,false,891,221150,0.8369119829494772
3229,387895,0.9571714689075969,false,3229,387895,0.9571714689075969
3229,347252,0.7060509637548384,false,3229,347252,0.7060509637548384
3229,105377508,0.8340510260567688,false,3229,105377508,0.8340510260567688
3229,84561,0.7524612572021063,false,3229,84561,0.7524612572021063
3229,284958,0.923183391275136,false,3229,284958,0.923183391275136
3229,105376041,0.9404687961372953,false,3229,105376041,0.9404687961372953
3229,105372950,0.7750249368990737,false,3229,105372950,0.7750249368990737
4751,151648,0.7973083562507325,false,4751,151648,0.7973083562507325
4751,477,0.7377108998457818,false,4751,477,0.7377108998457818
4751,24137,0.7771263931391,false,4751,24137,0.7771263931391
4751,23397,0.7611162097106052,false,4751,23397,0.7611162097106052
4751,1630,0.7598955729624107,false,4751,1630,0.7598955729624107
4751,100288637,0.719523348664858,false,4751,100288637,0.719523348664858
101929215,9582,0.789445124535454,false,101929215,9582,0.789445124535454
101929215,112937,0.7508538879806862,false,101929215,112937,0.7508538879806862
101929215,3664,0.787266243554451,false,101929215,3664,0.787266243554451
101929215,9212,0.7136543899933787,false,101929215,9212,0.7136543899933787
101929215,1058,0.7041399820779405,false,101929215,1058,0.7041399820779405
101929215,3833,0.7703972775290914,false,101929215,3833,0.7703972775290914
101929215,102723547,0.764378689018929,false,101929215,102723547,0.764378689018929
374393,105373557,0.8427775859537385,false,374393,105373557,0.8427775859537385
79413,105375077,0.7263663888419977,false,79413,105375077,0.7263663888419977
79413,84561,0.7216282669364047,false,79413,84561,0.7216282669364047
79413,105372950,0.7590913749971556,false,79413,105372950,0.7590913749971556
107985017,9582,0.7480250327136897,false,107985017,9582,0.7480250327136897
107985017,9787,0.7172145281656034,false,107985017,9787,0.7172145281656034
107985017,9212,0.8053498025017393,false,107985017,9212,0.8053498025017393
107985017,128239,0.7295145817139459,false,107985017,128239,0.7295145817139459
107985017,146909,0.8238134267067686,false,107985017,146909,0.8238134267067686
107985017,3833,0.8095896692552396,false,107985017,3833,0.8095896692552396
107985017,9232,0.8010710244341367,false,107985017,9232,0.8010710244341367
107985017,100507118,0.7912401187391355,false,107985017,100507118,0.7912401187391355
107985017,991,0.7989603808524788,false,107985017,991,0.7989603808524788
6241,147841,0.7948471004443454,false,6241,147841,0.7948471004443454
6241,9582,0.7128192535377842,false,6241,9582,0.7128192535377842
6241,8318,0.8589424826920468,false,6241,8318,0.8589424826920468
6241,24137,0.9200975255643291,false,6241,24137,0.9200975255643291
6241,112937,0.8472990785137599,false,6241,112937,0.8472990785137599
6241,9787,0.9315487351529149,false,6241,9787,0.9315487351529149
6241,9212,0.9061139364220356,false,6241,9212,0.9061139364220356
6241,1063,0.87321493704899,false,6241,1063,0.87321493704899
6241,23397,0.7138703178129351,false,6241,23397,0.7138703178129351
6241,128239,0.9135576612871865,false,6241,128239,0.9135576612871865
6241,146909,0.7764745714437443,false,6241,146909,0.7764745714437443
6241,105371664,0.7851041923978049,false,6241,105371664,0.7851041923978049
6241,1058,0.7343653567832774,false,6241,1058,0.7343653567832774
6241,3833,0.7689973210927508,false,6241,3833,0.7689973210927508
6241,55771,0.7959488016903826,false,6241,55771,0.7959488016903826
6241,64151,0.9308542795528966,false,6241,64151,0.9308542795528966
6241,9232,0.846280115636215,false,6241,9232,0.846280115636215
6241,221150,0.8795444415566266,false,6241,221150,0.8795444415566266
6241,100507118,0.8347455717910651,false,6241,100507118,0.8347455717910651
6241,991,0.8701022866439025,false,6241,991,0.8701022866439025
6241,10615,0.8319032822770642,false,6241,10615,0.8319032822770642
102724784,9156,0.7562025333761688,false,102724784,9156,0.7562025333761688
102724784,101927760,0.7992762858660555,false,102724784,101927760,0.7992762858660555
102724784,112802,0.7841216408961333,false,102724784,112802,0.7841216408961333
102724784,338797,0.8533720415885463,false,102724784,338797,0.8533720415885463
285987,3502,0.9313031598074817,false,285987,3502,0.9313031598074817
285987,27237,0.8925892735563202,false,285987,27237,0.8925892735563202
285987,389336,0.9107312513501659,false,285987,389336,0.9107312513501659
285987,25818,0.945337079598885,false,285987,25818,0.945337079598885
285987,4004,0.9961526345807974,false,285987,4004,0.9961526345807974
285987,28946,0.8118023658577126,false,285987,28946,0.8118023658577126
285987,102467080,0.7055301947709828,false,285987,102467080,0.7055301947709828
285987,81624,0.703686072837522,false,285987,81624,0.703686072837522
285987,102724714,0.8287246327957494,false,285987,102724714,0.8287246327957494
285987,101929707,0.9492099754994779,false,285987,101929707,0.9492099754994779
285987,28809,0.9932648805560015,false,285987,28809,0.9932648805560015
285987,5653,0.9836531092576648,false,285987,5653,0.9836531092576648
9348,4166,0.7215645223121705,false,9348,4166,0.7215645223121705
147841,8318,0.8041361053302202,false,147841,8318,0.8041361053302202
147841,253582,0.715731278444813,false,147841,253582,0.715731278444813
147841,9787,0.750478044932642,false,147841,9787,0.750478044932642
147841,699,0.7059008817714161,false,147841,699,0.7059008817714161
147841,128239,0.7023970563066918,false,147841,128239,0.7023970563066918
147841,105371664,0.7425744842131051,false,147841,105371664,0.7425744842131051
147841,64151,0.8247846892123968,false,147841,64151,0.8247846892123968
147841,10615,0.761059178765611,false,147841,10615,0.761059178765611
6495,3352,0.8435070353716934,false,6495,3352,0.8435070353716934
6495,79056,0.9395338439795275,false,6495,79056,0.9395338439795275
6495,54101,0.989990354913142,false,6495,54101,0.989990354913142
6495,143662,0.9866427371722957,false,6495,143662,0.9866427371722957
6495,23286,0.9655655018166653,false,6495,23286,0.9655655018166653
6495,340273,0.9929165435703626,false,6495,340273,0.9929165435703626
6495,101927355,0.9536257451431096,false,6495,101927355,0.9536257451431096
6495,4547,0.8674202184588726,false,6495,4547,0.8674202184588726
6495,253650,0.8879856656026355,false,6495,253650,0.8879856656026355
6495,654499,0.9925162570056516,false,6495,654499,0.9925162570056516
6495,100996301,0.9125305682130116,false,6495,100996301,0.9125305682130116
9582,253582,0.7360459235227953,false,9582,253582,0.7360459235227953
9582,112937,0.7426332749494439,false,9582,112937,0.7426332749494439
9582,9787,0.749290413585449,false,9582,9787,0.749290413585449
9582,3664,0.8408399591265454,false,9582,3664,0.8408399591265454
9582,9212,0.7687951970720603,false,9582,9212,0.7687951970720603
9582,128239,0.7981924457249673,false,9582,128239,0.7981924457249673
9582,105371664,0.7396041890265639,false,9582,105371664,0.7396041890265639
9582,1058,0.816938346650278,false,9582,1058,0.816938346650278
9582,3833,0.7519175237642726,false,9582,3833,0.7519175237642726
9582,9232,0.7178717614826435,false,9582,9232,0.7178717614826435
9582,221150,0.7735923497068199,false,9582,221150,0.7735923497068199
9582,102723547,0.8176216604600818,false,9582,102723547,0.8176216604600818
387895,105377508,0.8754854960734042,false,387895,105377508,0.8754854960734042
387895,84561,0.7511499109753023,false,387895,84561,0.7511499109753023
387895,284958,0.9062717890560698,false,387895,284958,0.9062717890560698
387895,105376041,0.9244798045667799,false,387895,105376041,0.9244798045667799
387895,105372950,0.7706592186080716,false,387895,105372950,0.7706592186080716
3352,79056,0.8242437730694921,false,3352,79056,0.8242437730694921
3352,54101,0.8654375368736525,false,3352,54101,0.8654375368736525
3352,143662,0.8460495523127854,false,3352,143662,0.8460495523127854
3352,23286,0.8371330445803585,false,3352,23286,0.8371330445803585
3352,340273,0.8600943048883171,false,3352,340273,0.8600943048883171
3352,101927355,0.8597934504851508,false,3352,101927355,0.8597934504851508
3352,4547,0.829975331495336,false,3352,4547,0.829975331495336
3352,253650,0.7355437718334995,false,3352,253650,0.7355437718334995
3352,654499,0.8577913784056653,false,3352,654499,0.8577913784056653
3352,100996301,0.8221666623147735,false,3352,100996301,0.8221666623147735
105375077,84561,0.8011790291199794,false,105375077,84561,0.8011790291199794
105375077,105376041,0.7433953872189106,false,105375077,105376041,0.7433953872189106
105375077,105372950,0.8578068427115658,false,105375077,105372950,0.8578068427115658
79056,54101,0.9377898632080602,false,79056,54101,0.9377898632080602
79056,143662,0.9487290451677972,false,79056,143662,0.9487290451677972
79056,23286,0.9306357647336589,false,79056,23286,0.9306357647336589
79056,340273,0.9468080080538643,false,79056,340273,0.9468080080538643
79056,101927355,0.8958909611610383,false,79056,101927355,0.8958909611610383
79056,4547,0.7987303589783593,false,79056,4547,0.7987303589783593
79056,253650,0.844197896759337,false,79056,253650,0.844197896759337
79056,654499,0.9450665591858057,false,79056,654499,0.9450665591858057
79056,100996301,0.8612084725134646,false,79056,100996301,0.8612084725134646
9156,8318,0.7872101675421777,false,9156,8318,0.7872101675421777
9156,4605,0.8004989863236821,false,9156,4605,0.8004989863236821
9156,112802,0.7105288247127304,false,9156,112802,0.7105288247127304
9156,55771,0.7885019482065541,false,9156,55771,0.7885019482065541
8318,24137,0.786068659474324,false,8318,24137,0.786068659474324
8318,112937,0.7200809675313854,false,8318,112937,0.7200809675313854
8318,4605,0.8239623793046695,false,8318,4605,0.8239623793046695
8318,9787,0.8457532971072173,false,8318,9787,0.8457532971072173
8318,9212,0.8154529963698715,false,8318,9212,0.8154529963698715
8318,1063,0.8320636050263989,false,8318,1063,0.8320636050263989
8318,128239,0.7481608103666725,false,8318,128239,0.7481608103666725
8318,146909,0.763961079673229,false,8318,146909,0.763961079673229
8318,55771,0.8755868085753152,false,8318,55771,0.8755868085753152
8318,64151,0.7696707464471302,false,8318,64151,0.7696707464471302
8318,9232,0.8434927947313791,false,8318,9232,0.8434927947313791
8318,221150,0.7606565022662064,false,8318,221150,0.7606565022662064
8318,100507118,0.7430625292169678,false,8318,100507118,0.7430625292169678
8318,991,0.8510111942845056,false,8318,991,0.8510111942845056
8318,10615,0.8279559799280904,false,8318,10615,0.8279559799280904
105377123,3502,0.7061537399978541,false,105377123,3502,0.7061537399978541
105377123,28809,0.7060908476830856,false,105377123,28809,0.7060908476830856
105377123,5653,0.718039479037569,false,105377123,5653,0.718039479037569
151648,24137,0.7245956796156854,false,151648,24137,0.7245956796156854
151648,23397,0.7671503426755777,false,151648,23397,0.7671503426755777
151648,64151,0.7511364364251147,false,151648,64151,0.7511364364251147
477,55635,0.7139498244535218,false,477,55635,0.7139498244535218
477,107986990,0.7630657233468542,false,477,107986990,0.7630657233468542
477,1630,0.7470612824582846,false,477,1630,0.7470612824582846
477,8424,0.7673563232123417,false,477,8424,0.7673563232123417
26289,1063,0.755518775527792,false,26289,1063,0.755518775527792
26289,146909,0.7035020197086105,false,26289,146909,0.7035020197086105
26289,3833,0.7414840025061179,false,26289,3833,0.7414840025061179
26289,991,0.716717186377525,false,26289,991,0.716717186377525
83903,112937,0.7393712103273362,false,83903,112937,0.7393712103273362
4166,81624,0.777799051610245,false,4166,81624,0.777799051610245
55789,23397,0.7452193323453393,false,55789,23397,0.7452193323453393
105377404,201299,0.7006142216623762,false,105377404,201299,0.7006142216623762
105377404,221150,0.7483623203988511,false,105377404,221150,0.7483623203988511
105377404,102723547,0.7348925787339639,false,105377404,102723547,0.7348925787339639
1062,101927686,0.7318515436472428,false,1062,101927686,0.7318515436472428
1062,152225,0.7752992244519296,false,1062,152225,0.7752992244519296
253582,112937,0.8279445875327675,false,253582,112937,0.8279445875327675
253582,9787,0.7137049808349784,false,253582,9787,0.7137049808349784
253582,128239,0.7428068719455768,false,253582,128239,0.7428068719455768
253582,105371664,0.9032867580940033,false,253582,105371664,0.9032867580940033
253582,102723547,0.7292613546644577,false,253582,102723547,0.7292613546644577
24137,112937,0.7384053597678446,false,24137,112937,0.7384053597678446
24137,9787,0.8585486214911877,false,24137,9787,0.8585486214911877
24137,9212,0.8699271041432329,false,24137,9212,0.8699271041432329
24137,1063,0.8551929375400651,false,24137,1063,0.8551929375400651
24137,23397,0.7455525927260624,false,24137,23397,0.7455525927260624
24137,128239,0.8286648311058771,false,24137,128239,0.8286648311058771
24137,3833,0.7133688183988908,false,24137,3833,0.7133688183988908
24137,55771,0.8641358455988953,false,24137,55771,0.8641358455988953
24137,64151,0.9031048879390675,false,24137,64151,0.9031048879390675
24137,9232,0.7143403629579763,false,24137,9232,0.7143403629579763
24137,221150,0.8613457592747673,false,24137,221150,0.8613457592747673
24137,100507118,0.8298607361021862,false,24137,100507118,0.8298607361021862
24137,991,0.7987332901382915,false,24137,991,0.7987332901382915
24137,10615,0.719266315428497,false,24137,10615,0.719266315428497
112937,9787,0.8867786290700518,false,112937,9787,0.8867786290700518
112937,3664,0.7212864213627753,false,112937,3664,0.7212864213627753
112937,9212,0.8564505402343143,false,112937,9212,0.8564505402343143
112937,1063,0.7657064329289941,false,112937,1063,0.7657064329289941
112937,128239,0.9272818840649277,false,112937,128239,0.9272818840649277
112937,105371664,0.8631230146738049,false,112937,105371664,0.8631230146738049
112937,1058,0.7032160458746708,false,112937,1058,0.7032160458746708
112937,3833,0.8822068530276764,false,112937,3833,0.8822068530276764
112937,64151,0.7169338075466251,false,112937,64151,0.7169338075466251
112937,9232,0.764734494082982,false,112937,9232,0.764734494082982
112937,221150,0.8223897118513186,false,112937,221150,0.8223897118513186
112937,100507118,0.7402193960495429,false,112937,100507118,0.7402193960495429
112937,991,0.8736665012484165,false,112937,991,0.8736665012484165
112937,102723547,0.7576840805093691,false,112937,102723547,0.7576840805093691
112937,10615,0.7923699764560406,false,112937,10615,0.7923699764560406
55635,107986990,0.7257740389498056,false,55635,107986990,0.7257740389498056
55635,23397,0.7459237818515441,false,55635,23397,0.7459237818515441
55635,8424,0.7422234239708438,false,55635,8424,0.7422234239708438
4605,9787,0.7454679611625926,false,4605,9787,0.7454679611625926
4605,9212,0.7276132723094231,false,4605,9212,0.7276132723094231
4605,1063,0.7746449632553618,false,4605,1063,0.7746449632553618
4605,146909,0.7379110619197775,false,4605,146909,0.7379110619197775
4605,55771,0.808546862987966,false,4605,55771,0.808546862987966
4605,64151,0.7012579774961214,false,4605,64151,0.7012579774961214
4605,9232,0.793169428055323,false,4605,9232,0.793169428055323
4605,991,0.8436071903267476,false,4605,991,0.8436071903267476
4605,10615,0.8162652608321638,false,4605,10615,0.8162652608321638
105377508,84561,0.7166964837574343,false,105377508,84561,0.7166964837574343
105377508,284958,0.9399046430521437,false,105377508,284958,0.9399046430521437
105377508,105376041,0.9186333010830797,false,105377508,105376041,0.9186333010830797
105377508,105372950,0.7550967375655957,false,105377508,105372950,0.7550967375655957
54101,143662,0.9956072880154915,false,54101,143662,0.9956072880154915
54101,23286,0.9757133622667513,false,54101,23286,0.9757133622667513
54101,101101772,0.7224895027439056,false,54101,101101772,0.7224895027439056
54101,340273,0.9984823784290833,false,54101,340273,0.9984823784290833
54101,101927355,0.9476822825001094,false,54101,101927355,0.9476822825001094
54101,4547,0.8420623899173786,false,54101,4547,0.8420623899173786
54101,253650,0.9063336698306905,false,54101,253650,0.9063336698306905
54101,654499,0.9983071021199833,false,54101,654499,0.9983071021199833
54101,100996301,0.9305053848094255,false,54101,100996301,0.9305053848094255
101927686,152225,0.7418052884311234,false,101927686,152225,0.7418052884311234
6690,112802,0.8036044764268759,false,6690,112802,0.8036044764268759
6690,338797,0.726432265983444,false,6690,338797,0.726432265983444
9787,9212,0.9586462049723408,false,9787,9212,0.9586462049723408
9787,1063,0.8879728099567651,false,9787,1063,0.8879728099567651
9787,128239,0.9623440091446668,false,9787,128239,0.9623440091446668
9787,146909,0.8170026203895615,false,9787,146909,0.8170026203895615
9787,105371664,0.7379789852003347,false,9787,105371664,0.7379789852003347
9787,1058,0.8286155211431172,false,9787,1058,0.8286155211431172
9787,3833,0.8124370221949777,false,9787,3833,0.8124370221949777
9787,55771,0.7589272185995313,false,9787,55771,0.7589272185995313
9787,64151,0.8572702563381848,false,9787,64151,0.8572702563381848
9787,9232,0.9236757095091412,false,9787,9232,0.9236757095091412
9787,221150,0.83329315113392,false,9787,221150,0.83329315113392
9787,100507118,0.829348084584443,false,9787,100507118,0.829348084584443
9787,991,0.9548898230254076,false,9787,991,0.9548898230254076
9787,10615,0.829642351363821,false,9787,10615,0.829642351363821
3664,9212,0.7232410676082,false,3664,9212,0.7232410676082
3664,201299,0.7011724047922692,false,3664,201299,0.7011724047922692
3664,146909,0.723217648929846,false,3664,146909,0.723217648929846
3664,1058,0.7038728819674354,false,3664,1058,0.7038728819674354
3664,3833,0.8102556968362471,false,3664,3833,0.8102556968362471
3664,221150,0.7218803518596045,false,3664,221150,0.7218803518596045
3664,102723547,0.8885742618737306,false,3664,102723547,0.8885742618737306
3502,27237,0.8062763432341252,false,3502,27237,0.8062763432341252
3502,389336,0.8521575137139021,false,3502,389336,0.8521575137139021
3502,25818,0.838947838552302,false,3502,25818,0.838947838552302
3502,4004,0.9188637039100668,false,3502,4004,0.9188637039100668
3502,28946,0.9545299095935063,false,3502,28946,0.9545299095935063
3502,102724714,0.8533749000854283,false,3502,102724714,0.8533749000854283
3502,101929707,0.9005098954292522,false,3502,101929707,0.9005098954292522
3502,28809,0.9651524695659441,false,3502,28809,0.9651524695659441
3502,5653,0.905339456923639,false,3502,5653,0.905339456923639
143662,23286,0.9703056650123564,false,143662,23286,0.9703056650123564
143662,340273,0.9959377246276121,false,143662,340273,0.9959377246276121
143662,101927355,0.9373798517545447,false,143662,101927355,0.9373798517545447
143662,4547,0.8343963001214162,false,143662,4547,0.8343963001214162
143662,253650,0.9168808481904163,false,143662,253650,0.9168808481904163
143662,654499,0.9959087902903759,false,143662,654499,0.9959087902903759
143662,100996301,0.9175715949088002,false,143662,100996301,0.9175715949088002
9212,1063,0.9084480268923792,false,9212,1063,0.9084480268923792
9212,128239,0.9292476733566812,false,9212,128239,0.9292476733566812
9212,146909,0.8946476535435113,false,9212,146909,0.8946476535435113
9212,1058,0.8659578844408736,false,9212,1058,0.8659578844408736
9212,3833,0.8972219070434779,false,9212,3833,0.8972219070434779
9212,55771,0.8001634949598683,false,9212,55771,0.8001634949598683
9212,64151,0.7734455948505916,false,9212,64151,0.7734455948505916
9212,9232,0.9219747579021859,false,9212,9232,0.9219747579021859
9212,221150,0.8465303470422351,false,9212,221150,0.8465303470422351
9212,100507118,0.8710750400092836,false,9212,100507118,0.8710750400092836
9212,991,0.9539087239087896,false,9212,991,0.9539087239087896
9212,102723547,0.7420275376340533,false,9212,102723547,0.7420275376340533
9212,10615,0.8414258290039461,false,9212,10615,0.8414258290039461
201299,102723547,0.7208915435519724,false,201299,102723547,0.7208915435519724
23286,101101772,0.7444733413635872,false,23286,101101772,0.7444733413635872
23286,340273,0.9806455540425775,false,23286,340273,0.9806455540425775
23286,101927355,0.9506657170217885,false,23286,101927355,0.9506657170217885
23286,4547,0.8309733742477795,false,23286,4547,0.8309733742477795
23286,253650,0.9000134329867485,false,23286,253650,0.9000134329867485
23286,654499,0.9793692478329835,false,23286,654499,0.9793692478329835
23286,100996301,0.9406498411333499,false,23286,100996301,0.9406498411333499
101101772,340273,0.7207435741304181,false,101101772,340273,0.7207435741304181
101101772,101927355,0.8244127293553541,false,101101772,101927355,0.8244127293553541
101101772,253650,0.8399829889486247,false,101101772,253650,0.8399829889486247
101101772,654499,0.7241377491967417,false,101101772,654499,0.7241377491967417
101101772,100996301,0.856416530844888,false,101101772,100996301,0.856416530844888
699,23397,0.7896740890563749,false,699,23397,0.7896740890563749
699,64151,0.7034556820806044,false,699,64151,0.7034556820806044
340273,101927355,0.9520934105235153,false,340273,101927355,0.9520934105235153
340273,4547,0.8474029865886703,false,340273,4547,0.8474029865886703
340273,253650,0.9098752238538869,false,340273,253650,0.9098752238538869
340273,654499,0.9998367552190052,false,340273,654499,0.9998367552190052
340273,100996301,0.9279105684631067,false,340273,100996301,0.9279105684631067
27237,389336,0.9245314561153423,false,27237,389336,0.9245314561153423
27237,25818,0.8463120834218592,false,27237,25818,0.8463120834218592
27237,4004,0.8877920399556963,false,27237,4004,0.8877920399556963
27237,102467080,0.752258312271514,false,27237,102467080,0.752258312271514
27237,81624,0.7114773534721336,false,27237,81624,0.7114773534721336
27237,101929707,0.8872793455518235,false,27237,101929707,0.8872793455518235
27237,28809,0.876389999168097,false,27237,28809,0.876389999168097
27237,5653,0.9343089263798083,false,27237,5653,0.9343089263798083
389336,25818,0.9054341467706477,false,389336,25818,0.9054341467706477
389336,4004,0.9036899455421308,false,389336,4004,0.9036899455421308
389336,28946,0.704859201520894,false,389336,28946,0.704859201520894
389336,102467080,0.7065529431267978,false,389336,102467080,0.7065529431267978
389336,81624,0.839149858620273,false,389336,81624,0.839149858620273
389336,102724714,0.7097471710856067,false,389336,102724714,0.7097471710856067
389336,101929707,0.8600466763092527,false,389336,101929707,0.8600466763092527
389336,28809,0.8991916935727176,false,389336,28809,0.8991916935727176
389336,5653,0.9319388887766773,false,389336,5653,0.9319388887766773
84561,284958,0.7143478606399537,false,84561,284958,0.7143478606399537
84561,105376041,0.8354117630842408,false,84561,105376041,0.8354117630842408
84561,105372950,0.9716835287399445,false,84561,105372950,0.9716835287399445
107986990,1630,0.7715671177806274,false,107986990,1630,0.7715671177806274
107986990,8424,0.7550372648058893,false,107986990,8424,0.7550372648058893
1063,128239,0.8149401116525913,false,1063,128239,0.8149401116525913
1063,146909,0.8471964333838253,false,1063,146909,0.8471964333838253
1063,1058,0.7399201548487488,false,1063,1058,0.7399201548487488
1063,3833,0.7950755429268839,false,1063,3833,0.7950755429268839
1063,55771,0.8057294812793366,false,1063,55771,0.8057294812793366
1063,64151,0.8067085793304873,false,1063,64151,0.8067085793304873
1063,9232,0.889514347144326,false,1063,9232,0.889514347144326
1063,221150,0.7328396464863537,false,1063,221150,0.7328396464863537
1063,100507118,0.8001903846190997,false,1063,100507118,0.8001903846190997
1063,991,0.8939018454411056,false,1063,991,0.8939018454411056
1063,10615,0.7534305688757491,false,1063,10615,0.7534305688757491
25818,4004,0.9510044523044576,false,25818,4004,0.9510044523044576
25818,28946,0.7074196468985846,false,25818,28946,0.7074196468985846
25818,102467080,0.709208157990852,false,25818,102467080,0.709208157990852
25818,81624,0.7091511634793597,false,25818,81624,0.7091511634793597
25818,102724714,0.7522851368535182,false,25818,102724714,0.7522851368535182
25818,101929707,0.8682751412635814,false,25818,101929707,0.8682751412635814
25818,28809,0.9253561747244762,false,25818,28809,0.9253561747244762
25818,5653,0.9391949419668608,false,25818,5653,0.9391949419668608
101927760,338797,0.9215442750903488,false,101927760,338797,0.9215442750903488
284958,105376041,0.9108854150154645,false,284958,105376041,0.9108854150154645
284958,105372950,0.7326729149056003,false,284958,105372950,0.7326729149056003
101927355,4547,0.9224712799468827,false,101927355,4547,0.9224712799468827
101927355,253650,0.9249013036891587,false,101927355,253650,0.9249013036891587
101927355,654499,0.9521367555503549,false,101927355,654499,0.9521367555503549
101927355,100996301,0.9376360399502744,false,101927355,100996301,0.9376360399502744
105376041,105372950,0.8568249007135635,false,105376041,105372950,0.8568249007135635
23397,64151,0.7229754983887803,false,23397,64151,0.7229754983887803
23397,100288637,0.8205121639116577,false,23397,100288637,0.8205121639116577
4004,28946,0.8002534246093894,false,4004,28946,0.8002534246093894
4004,102467080,0.7086177049157204,false,4004,102467080,0.7086177049157204
4004,102724714,0.8340147776646978,false,4004,102724714,0.8340147776646978
4004,101929707,0.9386103121660276,false,4004,101929707,0.9386103121660276
4004,28809,0.9875120663151179,false,4004,28809,0.9875120663151179
4004,5653,0.9810099576500171,false,4004,5653,0.9810099576500171
128239,146909,0.7605317675848259,false,128239,146909,0.7605317675848259
128239,105371664,0.8294185900790492,false,128239,105371664,0.8294185900790492
128239,1058,0.7569845610547805,false,128239,1058,0.7569845610547805
128239,3833,0.8739764293775893,false,128239,3833,0.8739764293775893
128239,64151,0.8304397327361066,false,128239,64151,0.8304397327361066
128239,9232,0.8635853834591111,false,128239,9232,0.8635853834591111
128239,221150,0.8460412593594546,false,128239,221150,0.8460412593594546
128239,100507118,0.8245316579158503,false,128239,100507118,0.8245316579158503
128239,991,0.9353612972997353,false,128239,991,0.9353612972997353
128239,10615,0.8307099914719294,false,128239,10615,0.8307099914719294
146909,1058,0.7450302748881702,false,146909,1058,0.7450302748881702
146909,3833,0.8260674058809209,false,146909,3833,0.8260674058809209
146909,9232,0.9004756452337264,false,146909,9232,0.9004756452337264
146909,100507118,0.7739820240191942,false,146909,100507118,0.7739820240191942
146909,991,0.8739526273507123,false,146909,991,0.8739526273507123
146909,10615,0.7854091249357329,false,146909,10615,0.7854091249357329
112802,338797,0.7113256425233684,false,112802,338797,0.7113256425233684
105371664,221150,0.7132245829201213,false,105371664,221150,0.7132245829201213
28946,102724714,0.7492894410406611,false,28946,102724714,0.7492894410406611
28946,101929707,0.8084625652911401,false,28946,101929707,0.8084625652911401
28946,28809,0.8732996636947685,false,28946,28809,0.8732996636947685
28946,5653,0.779647128627229,false,28946,5653,0.779647128627229
1630,8424,0.7366691341683564,false,1630,8424,0.7366691341683564
1058,9232,0.8239861835653969,false,1058,9232,0.8239861835653969
1058,221150,0.7318583120722145,false,1058,221150,0.7318583120722145
1058,991,0.7441797226218207,false,1058,991,0.7441797226218207
1058,102723547,0.8327931257696097,false,1058,102723547,0.8327931257696097
102467080,81624,0.7298733920473991,false,102467080,81624,0.7298733920473991
102467080,102724714,0.7447330896040869,false,102467080,102724714,0.7447330896040869
102467080,5653,0.7296290643148965,false,102467080,5653,0.7296290643148965
8424,100288637,0.7438505607124145,false,8424,100288637,0.7438505607124145
3833,9232,0.7877545315891263,false,3833,9232,0.7877545315891263
3833,221150,0.7885884748220238,false,3833,221150,0.7885884748220238
3833,100507118,0.8125938232677171,false,3833,100507118,0.8125938232677171
3833,991,0.8911660195510834,false,3833,991,0.8911660195510834
3833,102723547,0.7018008973164422,false,3833,102723547,0.7018008973164422
3833,10615,0.7989223878134244,false,3833,10615,0.7989223878134244
4547,253650,0.7861880997460035,false,4547,253650,0.7861880997460035
4547,654499,0.8468954953899294,false,4547,654499,0.8468954953899294
4547,100996301,0.7616228176527485,false,4547,100996301,0.7616228176527485
55771,64151,0.759017809880014,false,55771,64151,0.759017809880014
55771,9232,0.7373421397372245,false,55771,9232,0.7373421397372245
55771,221150,0.7025431790371996,false,55771,221150,0.7025431790371996
55771,100507118,0.7693712658274438,false,55771,100507118,0.7693712658274438
55771,991,0.774764474368972,false,55771,991,0.774764474368972
55771,10615,0.7865099235979707,false,55771,10615,0.7865099235979707
81624,102724714,0.7087403336012404,false,81624,102724714,0.7087403336012404
81624,5653,0.7033406358073117,false,81624,5653,0.7033406358073117
64151,9232,0.7168059659762838,false,64151,9232,0.7168059659762838
64151,221150,0.7468196737894126,false,64151,221150,0.7468196737894126
64151,100507118,0.7266874755114376,false,64151,100507118,0.7266874755114376
64151,991,0.7706469190114134,false,64151,991,0.7706469190114134
64151,10615,0.741366781587716,false,64151,10615,0.741366781587716
9232,221150,0.7160554799000773,false,9232,221150,0.7160554799000773
9232,100507118,0.8006292990002734,false,9232,100507118,0.8006292990002734
9232,991,0.9331381461358741,false,9232,991,0.9331381461358741
9232,10615,0.8156937092074387,false,9232,10615,0.8156937092074387
221150,100507118,0.8486056256186172,false,221150,100507118,0.8486056256186172
221150,991,0.7939224508221647,false,221150,991,0.7939224508221647
221150,102723547,0.7265728474729776,false,221150,102723547,0.7265728474729776
221150,10615,0.7556973341178886,false,221150,10615,0.7556973341178886
253650,654499,0.9137657856661117,false,253650,654499,0.9137657856661117
253650,100996301,0.9036238817017428,false,253650,100996301,0.9036238817017428
654499,100996301,0.9258667495499362,false,654499,100996301,0.9258667495499362
102724714,101929707,0.7548775118518938,false,102724714,101929707,0.7548775118518938
102724714,28809,0.8385755969392333,false,102724714,28809,0.8385755969392333
102724714,5653,0.7896103710606276,false,102724714,5653,0.7896103710606276
101929707,28809,0.9495782940465392,false,101929707,28809,0.9495782940465392
101929707,5653,0.9533848353291552,false,101929707,5653,0.9533848353291552
100507118,991,0.8666809728111458,false,100507118,991,0.8666809728111458
100507118,10615,0.7430705340812855,false,100507118,10615,0.7430705340812855
991,10615,0.8923271143058488,false,991,10615,0.8923271143058488
28809,5653,0.9743921076166631,false,28809,5653,0.9743921076166631
