Interaction,name,Pearson,selected,shared interaction,shared name,Weight
100126311,3227,0.7360878195043784,false,100126311,3227,0.7360878195043784
100126311,1749,0.7545263472241672,false,100126311,1749,0.7545263472241672
100126311,100506895,0.8270943937114029,false,100126311,100506895,0.8270943937114029
100126311,347252,0.78461199230282,false,100126311,347252,0.78461199230282
51361,970,0.9060900325829181,false,51361,970,0.9060900325829181
51361,105374166,0.875432300773696,false,51361,105374166,0.875432300773696
51361,100289137,0.957385916944247,false,51361,100289137,0.957385916944247
51361,5133,0.7378567070513553,false,51361,5133,0.7378567070513553
51361,57451,0.9137172519083333,false,51361,57451,0.9137172519083333
51361,158228,0.9992621342536202,false,51361,158228,0.9992621342536202
51361,10309,0.9378809925430489,false,51361,10309,0.9378809925430489
51361,100506411,0.9885881137745128,false,51361,100506411,0.9885881137745128
51361,2277,0.88146787082742,false,51361,2277,0.88146787082742
51361,653149,0.7842280392845687,false,51361,653149,0.7842280392845687
51361,81849,0.8761212616163013,false,51361,81849,0.8761212616163013
51361,107985492,0.9076432041574637,false,51361,107985492,0.9076432041574637
51361,3135,0.7912843641173268,false,51361,3135,0.7912843641173268
51361,112268037,0.8574447357581315,false,51361,112268037,0.8574447357581315
51361,6495,0.9782832781585283,false,51361,6495,0.9782832781585283
51361,3352,0.8610273277839574,false,51361,3352,0.8610273277839574
51361,79056,0.9220094759450643,false,51361,79056,0.9220094759450643
51361,9388,0.7416270812512735,false,51361,9388,0.7416270812512735
51361,54101,0.9980722083826348,false,51361,54101,0.9980722083826348
51361,143662,0.9951585809595369,false,51361,143662,0.9951585809595369
51361,23286,0.9802627291143806,false,51361,23286,0.9802627291143806
51361,245972,0.8309311747667095,false,51361,245972,0.8309311747667095
51361,340273,0.9992275237339394,false,51361,340273,0.9992275237339394
51361,101101772,0.718981750991506,false,51361,101101772,0.718981750991506
51361,161291,0.8931810761650505,false,51361,161291,0.8931810761650505
51361,101927355,0.9556837695331661,false,51361,101927355,0.9556837695331661
51361,366,0.7647038195724908,false,51361,366,0.7647038195724908
51361,3239,0.7889223017039007,false,51361,3239,0.7889223017039007
51361,253650,0.9089478353599255,false,51361,253650,0.9089478353599255
51361,654499,0.9993510539693475,false,51361,654499,0.9993510539693475
51361,100996301,0.9237336031264063,false,51361,100996301,0.9237336031264063
728833,144455,0.7490807275975144,false,728833,144455,0.7490807275975144
728833,653820,0.7210483449053283,false,728833,653820,0.7210483449053283
728833,83540,0.7170146815803168,false,728833,83540,0.7170146815803168
728833,729533,0.7081468675221059,false,728833,729533,0.7081468675221059
728833,55635,0.7233842622920856,false,728833,55635,0.7233842622920856
728833,9928,0.7046119164899294,false,728833,9928,0.7046119164899294
728833,100288637,0.7039503082426686,false,728833,100288637,0.7039503082426686
1047,6345,0.9376985009176534,false,1047,6345,0.9376985009176534
1047,4544,0.9488627411222151,false,1047,4544,0.9488627411222151
1047,166979,0.9488627411222151,false,1047,166979,0.9488627411222151
1047,594855,0.9301954158947031,false,1047,594855,0.9301954158947031
1047,5865,0.9445928041231291,false,1047,5865,0.9445928041231291
1047,3580,0.9089729702841037,false,1047,3580,0.9089729702841037
1047,9312,0.882073472945179,false,1047,9312,0.882073472945179
1047,116173,0.8265658249266449,false,1047,116173,0.8265658249266449
1047,101927686,0.8544402570380559,false,1047,101927686,0.8544402570380559
1047,3512,0.7989715490020614,false,1047,3512,0.7989715490020614
1047,6716,0.9396143236209752,false,1047,6716,0.9396143236209752
1047,219527,0.8400807742888181,false,1047,219527,0.8400807742888181
102606463,4283,0.9186690880520142,false,102606463,4283,0.9186690880520142
102606463,339256,0.825108210244846,false,102606463,339256,0.825108210244846
102606463,101929690,0.7863230052257669,false,102606463,101929690,0.7863230052257669
102606463,107985513,0.7175262796925789,false,102606463,107985513,0.7175262796925789
102606463,147741,0.8914671642389511,false,102606463,147741,0.8914671642389511
102606463,100506655,0.7883566675111855,false,102606463,100506655,0.7883566675111855
283078,4544,0.7364039334202204,false,283078,4544,0.7364039334202204
283078,166979,0.7364039334202204,false,283078,166979,0.7364039334202204
283078,105371152,0.8160980239342364,false,283078,105371152,0.8160980239342364
283078,5865,0.7254368407650446,false,283078,5865,0.7254368407650446
283078,646951,0.7853369688800833,false,283078,646951,0.7853369688800833
283078,28946,0.7455645886885647,false,283078,28946,0.7455645886885647
283078,3512,0.8046545254082609,false,283078,3512,0.8046545254082609
283078,219527,0.7521001980459303,false,283078,219527,0.7521001980459303
983,79801,0.8291054844541926,false,983,79801,0.8291054844541926
983,9824,0.9236238972810317,false,983,9824,0.9236238972810317
983,259266,0.7168701624306373,false,983,259266,0.7168701624306373
983,54443,0.8959720764278745,false,983,54443,0.8959720764278745
983,55165,0.9125453435565194,false,983,55165,0.9125453435565194
983,9493,0.8836049184934789,false,983,9493,0.8836049184934789
983,4085,0.7362064527968671,false,983,4085,0.7362064527968671
983,55143,0.7479310590111979,false,983,55143,0.7479310590111979
983,83540,0.7182132330947665,false,983,83540,0.7182132330947665
983,150468,0.7281505483888671,false,983,150468,0.7281505483888671
983,9833,0.8011179941272272,false,983,9833,0.8011179941272272
983,3161,0.8946229387116588,false,983,3161,0.8946229387116588
983,51203,0.9260143110093922,false,983,51203,0.9260143110093922
983,29128,0.8862916466992218,false,983,29128,0.8862916466992218
983,3832,0.9449060371462714,false,983,3832,0.9449060371462714
983,9055,0.8417180691052811,false,983,9055,0.8417180691052811
983,57082,0.7711905868555818,false,983,57082,0.7711905868555818
983,332,0.7295236398463038,false,983,332,0.7295236398463038
983,157570,0.731569180150109,false,983,157570,0.731569180150109
983,55247,0.8394155470771552,false,983,55247,0.8394155470771552
983,11130,0.7260780129112684,false,983,11130,0.7260780129112684
983,55872,0.8637492892095431,false,983,55872,0.8637492892095431
983,7153,0.9414871675683502,false,983,7153,0.9414871675683502
983,891,0.7392146600274956,false,983,891,0.7392146600274956
983,4751,0.8970210715308665,false,983,4751,0.8970210715308665
983,6241,0.809665878218688,false,983,6241,0.809665878218688
983,83903,0.7279230340987295,false,983,83903,0.7279230340987295
983,24137,0.8466052791038527,false,983,24137,0.8466052791038527
983,55635,0.8698839989534279,false,983,55635,0.8698839989534279
983,9787,0.7839514224997826,false,983,9787,0.7839514224997826
983,699,0.7266633663130264,false,983,699,0.7266633663130264
983,1063,0.7880113176985841,false,983,1063,0.7880113176985841
983,23397,0.8423910998001302,false,983,23397,0.8423910998001302
983,9928,0.7223387332703824,false,983,9928,0.7223387332703824
983,64151,0.7901289720039999,false,983,64151,0.7901289720039999
983,221150,0.7515845233471335,false,983,221150,0.7515845233471335
983,100507118,0.8637161488301202,false,983,100507118,0.8637161488301202
983,100288637,0.7845784752019567,false,983,100288637,0.7845784752019567
1995,10265,0.8115648457849663,false,1995,10265,0.8115648457849663
1995,89886,0.9525037516578948,false,1995,89886,0.9525037516578948
1995,349408,0.7184127641935145,false,1995,349408,0.7184127641935145
1995,10481,0.7453238309490612,false,1995,10481,0.7453238309490612
1995,7477,0.7847616585249577,false,1995,7477,0.7847616585249577
1995,344,0.7668770755318834,false,1995,344,0.7668770755318834
1995,7020,0.7015448655610205,false,1995,7020,0.7015448655610205
1995,79191,0.8806950588045943,false,1995,79191,0.8806950588045943
1995,100533990,0.7000280962616207,false,1995,100533990,0.7000280962616207
1995,105378305,0.8911959497112123,false,1995,105378305,0.8911959497112123
1995,107984129,0.9144546465145807,false,1995,107984129,0.9144546465145807
1995,29991,0.8159474330784383,false,1995,29991,0.8159474330784383
1995,168002,0.9373115606855736,false,1995,168002,0.9373115606855736
79801,9824,0.7764022249566643,false,79801,9824,0.7764022249566643
79801,259266,0.9118794235576361,false,79801,259266,0.9118794235576361
79801,54443,0.8153924612489049,false,79801,54443,0.8153924612489049
79801,55165,0.8395310048445593,false,79801,55165,0.8395310048445593
79801,1033,0.7621512066222738,false,79801,1033,0.7621512066222738
79801,9493,0.8301133210512712,false,79801,9493,0.8301133210512712
79801,9133,0.8457426243012325,false,79801,9133,0.8457426243012325
79801,83540,0.7656926044421042,false,79801,83540,0.7656926044421042
79801,150468,0.7824225292067146,false,79801,150468,0.7824225292067146
79801,105375610,0.7315197782879514,false,79801,105375610,0.7315197782879514
79801,9833,0.8144586842775132,false,79801,9833,0.8144586842775132
79801,3161,0.8153499665206118,false,79801,3161,0.8153499665206118
79801,51203,0.8714340222500869,false,79801,51203,0.8714340222500869
79801,57405,0.7418379961602107,false,79801,57405,0.7418379961602107
79801,995,0.8009363711547864,false,79801,995,0.8009363711547864
79801,29128,0.8080982272367891,false,79801,29128,0.8080982272367891
79801,4288,0.8062201682412953,false,79801,4288,0.8062201682412953
79801,9055,0.8291772200686176,false,79801,9055,0.8291772200686176
79801,4001,0.7355181897830452,false,79801,4001,0.7355181897830452
79801,57082,0.7731924954893719,false,79801,57082,0.7731924954893719
79801,332,0.7608041875126073,false,79801,332,0.7608041875126073
79801,55872,0.8339968220449965,false,79801,55872,0.8339968220449965
79801,7153,0.7619153864887117,false,79801,7153,0.7619153864887117
79801,9700,0.70788406494902,false,79801,9700,0.70788406494902
79801,891,0.7116301898218298,false,79801,891,0.7116301898218298
79801,4751,0.7052820195801586,false,79801,4751,0.7052820195801586
79801,6241,0.8544237436581986,false,79801,6241,0.8544237436581986
79801,83903,0.7488465376792358,false,79801,83903,0.7488465376792358
79801,24137,0.7805470539850023,false,79801,24137,0.7805470539850023
79801,9787,0.9060616872532131,false,79801,9787,0.9060616872532131
79801,9212,0.7563695323263154,false,79801,9212,0.7563695323263154
79801,1063,0.8785751709370465,false,79801,1063,0.8785751709370465
79801,146909,0.8015418395840606,false,79801,146909,0.8015418395840606
79801,1058,0.7047218751498382,false,79801,1058,0.7047218751498382
79801,3833,0.7746982630539195,false,79801,3833,0.7746982630539195
79801,64151,0.8123161832693029,false,79801,64151,0.8123161832693029
79801,221150,0.7640221964815704,false,79801,221150,0.7640221964815704
79801,100507118,0.8693663373387719,false,79801,100507118,0.8693663373387719
79801,991,0.8048806256310584,false,79801,991,0.8048806256310584
107984851,4321,0.8167564102528286,false,107984851,4321,0.8167564102528286
107984851,641,0.722316709999372,false,107984851,641,0.722316709999372
107984851,55789,0.8886102068349793,false,107984851,55789,0.8886102068349793
3227,729442,0.7508130939952333,false,3227,729442,0.7508130939952333
3227,134285,0.7140245762217741,false,3227,134285,0.7140245762217741
3227,354,0.7658843236603304,false,3227,354,0.7658843236603304
3227,1749,0.8873671659254653,false,3227,1749,0.8873671659254653
3227,5650,0.8198284995251788,false,3227,5650,0.8198284995251788
3227,2019,0.7686779263268201,false,3227,2019,0.7686779263268201
3227,285987,0.7508130939952333,false,3227,285987,0.7508130939952333
3227,105373150,0.7217008215199475,false,3227,105373150,0.7217008215199475
3227,100506895,0.7378076000744102,false,3227,100506895,0.7378076000744102
3227,27237,0.7193014208424933,false,3227,27237,0.7193014208424933
3227,389336,0.9099876715222605,false,3227,389336,0.9099876715222605
3227,25818,0.8187814062592425,false,3227,25818,0.8187814062592425
3227,4004,0.7440965234704998,false,3227,4004,0.7440965234704998
3227,28809,0.7252664948486824,false,3227,28809,0.7252664948486824
3227,4825,0.756471939970816,false,3227,4825,0.756471939970816
3227,5653,0.8139140160253355,false,3227,5653,0.8139140160253355
144455,54443,0.7328721941040425,false,144455,54443,0.7328721941040425
144455,9493,0.7109645591231691,false,144455,9493,0.7109645591231691
144455,51203,0.7900163889100299,false,144455,51203,0.7900163889100299
144455,29128,0.738296997563624,false,144455,29128,0.738296997563624
144455,9055,0.7343522669270057,false,144455,9055,0.7343522669270057
144455,4001,0.8726518412898574,false,144455,4001,0.8726518412898574
144455,57082,0.7464310489206972,false,144455,57082,0.7464310489206972
144455,55247,0.7223984088757417,false,144455,55247,0.7223984088757417
144455,387978,0.7394852221979349,false,144455,387978,0.7394852221979349
144455,7153,0.7269414682266591,false,144455,7153,0.7269414682266591
144455,27299,0.7082237272662737,false,144455,27299,0.7082237272662737
144455,6664,0.7610350973603824,false,144455,6664,0.7610350973603824
144455,64843,0.7074116990870816,false,144455,64843,0.7074116990870816
144455,699,0.722960901895141,false,144455,699,0.722960901895141
144455,9928,0.7798661444920569,false,144455,9928,0.7798661444920569
144455,4547,0.7454229304067703,false,144455,4547,0.7454229304067703
144455,64151,0.7571158457993292,false,144455,64151,0.7571158457993292
2625,389903,0.8853188409834792,false,2625,389903,0.8853188409834792
2625,105372115,0.9428878510670438,false,2625,105372115,0.9428878510670438
2625,7180,0.9032012919200357,false,2625,7180,0.9032012919200357
2625,50614,0.8717167838753833,false,2625,50614,0.8717167838753833
2625,4001,0.7352529577125768,false,2625,4001,0.7352529577125768
2625,3604,0.8796056838461864,false,2625,3604,0.8796056838461864
2625,55247,0.7347719444479359,false,2625,55247,0.7347719444479359
2625,387978,0.9670626167553427,false,2625,387978,0.9670626167553427
2625,27299,0.9273713383941516,false,2625,27299,0.9273713383941516
2625,6664,0.9751995047072344,false,2625,6664,0.9751995047072344
2625,64843,0.9596975898799953,false,2625,64843,0.9596975898799953
2625,101060400,0.7063547029933952,false,2625,101060400,0.7063547029933952
2625,105375894,0.8747091045713892,false,2625,105375894,0.8747091045713892
2625,9928,0.7116571912629626,false,2625,9928,0.7116571912629626
2625,4547,0.8865721075475794,false,2625,4547,0.8865721075475794
2625,3627,0.7941835221867398,false,2625,3627,0.7941835221867398
9378,6345,0.7105473980068959,false,9378,6345,0.7105473980068959
9378,4544,0.7676086983827143,false,9378,4544,0.7676086983827143
9378,166979,0.7676086983827143,false,9378,166979,0.7676086983827143
9378,5865,0.7604415030165756,false,9378,5865,0.7604415030165756
9378,9312,0.7384179505107068,false,9378,9312,0.7384179505107068
9378,6716,0.708392861788822,false,9378,6716,0.708392861788822
9378,219527,0.8151836858866076,false,9378,219527,0.8151836858866076
9824,54443,0.9683234679705456,false,9824,54443,0.9683234679705456
9824,55165,0.9289681379186808,false,9824,55165,0.9289681379186808
9824,9493,0.9334648701306361,false,9824,9493,0.9334648701306361
9824,4085,0.7235640992260338,false,9824,4085,0.7235640992260338
9824,55143,0.7489539348617867,false,9824,55143,0.7489539348617867
9824,150468,0.7941067604642139,false,9824,150468,0.7941067604642139
9824,9833,0.801808387936862,false,9824,9833,0.801808387936862
9824,3161,0.8754777180486687,false,9824,3161,0.8754777180486687
9824,51203,0.92503584689786,false,9824,51203,0.92503584689786
9824,29128,0.8054952639604205,false,9824,29128,0.8054952639604205
9824,3832,0.9138605298745515,false,9824,3832,0.9138605298745515
9824,9055,0.8355333984916675,false,9824,9055,0.8355333984916675
9824,4001,0.7181325910388608,false,9824,4001,0.7181325910388608
9824,57082,0.7252616117037597,false,9824,57082,0.7252616117037597
9824,157570,0.8672587114085173,false,9824,157570,0.8672587114085173
9824,55247,0.8007987848041603,false,9824,55247,0.8007987848041603
9824,11130,0.7575346901983381,false,9824,11130,0.7575346901983381
9824,55872,0.8849667408548914,false,9824,55872,0.8849667408548914
9824,7153,0.9127236505270643,false,9824,7153,0.9127236505270643
9824,891,0.7293904873559679,false,9824,891,0.7293904873559679
9824,4751,0.9213842610500682,false,9824,4751,0.9213842610500682
9824,6241,0.7802556303383319,false,9824,6241,0.7802556303383319
9824,83903,0.8423588883618796,false,9824,83903,0.8423588883618796
9824,24137,0.7767741599464337,false,9824,24137,0.7767741599464337
9824,55635,0.8552861058730881,false,9824,55635,0.8552861058730881
9824,9787,0.7215794215551729,false,9824,9787,0.7215794215551729
9824,699,0.7879269214575285,false,9824,699,0.7879269214575285
9824,1063,0.7530773581207127,false,9824,1063,0.7530773581207127
9824,23397,0.8166570693189095,false,9824,23397,0.8166570693189095
9824,9928,0.7693834466298689,false,9824,9928,0.7693834466298689
9824,64151,0.7230406718508194,false,9824,64151,0.7230406718508194
9824,100507118,0.7738984140590786,false,9824,100507118,0.7738984140590786
9824,100288637,0.7578287085612159,false,9824,100288637,0.7578287085612159
10265,89886,0.7433194430634751,false,10265,89886,0.7433194430634751
10265,89958,0.7046030203522129,false,10265,89958,0.7046030203522129
10265,7545,0.7974523694018777,false,10265,7545,0.7974523694018777
10265,79191,0.7690671606288547,false,10265,79191,0.7690671606288547
10265,105378305,0.7018949099370111,false,10265,105378305,0.7018949099370111
10265,107984129,0.7778943952814085,false,10265,107984129,0.7778943952814085
10265,168002,0.7622452583053896,false,10265,168002,0.7622452583053896
55423,29851,0.7250721673478011,false,55423,29851,0.7250721673478011
55423,5133,0.7152754531947166,false,55423,5133,0.7152754531947166
55423,105376878,0.7846936367627803,false,55423,105376878,0.7846936367627803
55423,50852,0.7553985207539996,false,55423,50852,0.7553985207539996
55423,366,0.7829578368037029,false,55423,366,0.7829578368037029
6345,4544,0.9241809321837068,false,6345,4544,0.9241809321837068
6345,166979,0.9241809321837068,false,6345,166979,0.9241809321837068
6345,6860,0.742033033368813,false,6345,6860,0.742033033368813
6345,594855,0.9100125849021098,false,6345,594855,0.9100125849021098
6345,5865,0.9172205683012452,false,6345,5865,0.9172205683012452
6345,3580,0.8845832479012157,false,6345,3580,0.8845832479012157
6345,107985513,0.7263180084855817,false,6345,107985513,0.7263180084855817
6345,9312,0.9394670677100982,false,6345,9312,0.9394670677100982
6345,116173,0.8572881444695328,false,6345,116173,0.8572881444695328
6345,101927686,0.7919481181824748,false,6345,101927686,0.7919481181824748
6345,3512,0.7303216853140286,false,6345,3512,0.7303216853140286
6345,6716,0.912469067996127,false,6345,6716,0.912469067996127
6345,219527,0.8462467534381645,false,6345,219527,0.8462467534381645
7036,347252,0.742279371431527,false,7036,347252,0.742279371431527
54854,107985513,0.71096628068044,false,54854,107985513,0.71096628068044
54854,9312,0.7036952944702928,false,54854,9312,0.7036952944702928
259266,157313,0.7086683813621663,false,259266,157313,0.7086683813621663
259266,55165,0.7792756628850019,false,259266,55165,0.7792756628850019
259266,9133,0.9138436111998364,false,259266,9133,0.9138436111998364
259266,150468,0.7774472603661828,false,259266,150468,0.7774472603661828
259266,3161,0.7127561753181137,false,259266,3161,0.7127561753181137
259266,51203,0.7564541517829086,false,259266,51203,0.7564541517829086
259266,57405,0.8656164392530961,false,259266,57405,0.8656164392530961
259266,995,0.8782695584403825,false,259266,995,0.8782695584403825
259266,29128,0.7606586388471606,false,259266,29128,0.7606586388471606
259266,4288,0.9190292168355003,false,259266,4288,0.9190292168355003
259266,9055,0.7233480112774988,false,259266,9055,0.7233480112774988
259266,57082,0.7802749162244392,false,259266,57082,0.7802749162244392
259266,332,0.8875847140064484,false,259266,332,0.8875847140064484
259266,55872,0.7628560527403283,false,259266,55872,0.7628560527403283
259266,9700,0.7183445940778883,false,259266,9700,0.7183445940778883
259266,891,0.741629055534778,false,259266,891,0.741629055534778
259266,6241,0.889186805165929,false,259266,6241,0.889186805165929
259266,24137,0.8457519600459823,false,259266,24137,0.8457519600459823
259266,9787,0.9474793786469077,false,259266,9787,0.9474793786469077
259266,9212,0.8797780312296047,false,259266,9212,0.8797780312296047
259266,1063,0.9049957245052,false,259266,1063,0.9049957245052
259266,146909,0.8333080714370141,false,259266,146909,0.8333080714370141
259266,3833,0.789235482402692,false,259266,3833,0.789235482402692
259266,64151,0.8453700060278384,false,259266,64151,0.8453700060278384
259266,221150,0.7801335642106777,false,259266,221150,0.7801335642106777
259266,100507118,0.838969482886658,false,259266,100507118,0.838969482886658
259266,991,0.9260010350100452,false,259266,991,0.9260010350100452
259266,10615,0.844736944963479,false,259266,10615,0.844736944963479
100505994,4496,0.7018543263874554,false,100505994,4496,0.7018543263874554
100505994,646024,0.8578892852161989,false,100505994,646024,0.8578892852161989
100505994,55655,0.7717636728453376,false,100505994,55655,0.7717636728453376
100505994,107985492,0.7761042953747338,false,100505994,107985492,0.7761042953747338
100505994,731220,0.8631168232602242,false,100505994,731220,0.8631168232602242
100505994,3053,0.7437901373708403,false,100505994,3053,0.7437901373708403
100505994,3229,0.7793264382672725,false,100505994,3229,0.7793264382672725
100505994,105375690,0.8716634537705797,false,100505994,105375690,0.8716634537705797
100505994,387895,0.8127976527621307,false,100505994,387895,0.8127976527621307
100505994,115701,0.7202995734915587,false,100505994,115701,0.7202995734915587
100505994,105377508,0.7669512904824793,false,100505994,105377508,0.7669512904824793
100505994,101101772,0.7164843503037193,false,100505994,101101772,0.7164843503037193
100505994,2250,0.7279281497233495,false,100505994,2250,0.7279281497233495
100505994,84561,0.7195212842239063,false,100505994,84561,0.7195212842239063
100505994,105376041,0.8578892852161987,false,100505994,105376041,0.8578892852161987
100505994,647309,0.7729871828507352,false,100505994,647309,0.7729871828507352
100505994,57167,0.7005426018939858,false,100505994,57167,0.7005426018939858
100505994,6362,0.866325406787918,false,100505994,6362,0.866325406787918
100505994,554202,0.8139807295858287,false,100505994,554202,0.8139807295858287
100505994,105372950,0.7152904263952661,false,100505994,105372950,0.7152904263952661
100505994,100996301,0.7034959542666988,false,100505994,100996301,0.7034959542666988
100505994,80329,0.8796795411991798,false,100505994,80329,0.8796795411991798
729442,5307,0.8602763392932915,false,729442,5307,0.8602763392932915
729442,5265,0.7623429169162602,false,729442,5265,0.7623429169162602
729442,1295,0.8072879567244199,false,729442,1295,0.8072879567244199
729442,134285,0.9806494674162164,false,729442,134285,0.9806494674162164
729442,354,0.8687963122472899,false,729442,354,0.8687963122472899
729442,284293,0.7451865583385202,false,729442,284293,0.7451865583385202
729442,1749,0.7140576258074908,false,729442,1749,0.7140576258074908
729442,5650,0.9867292464808792,false,729442,5650,0.9867292464808792
729442,115019,0.7182537933414546,false,729442,115019,0.7182537933414546
729442,6768,0.7296806095399946,false,729442,6768,0.7296806095399946
729442,8471,0.7459017400450592,false,729442,8471,0.7459017400450592
729442,58,0.9442280489035388,false,729442,58,0.9442280489035388
729442,2019,0.9215412605261274,false,729442,2019,0.9215412605261274
729442,145873,0.8838707858040838,false,729442,145873,0.8838707858040838
729442,285987,1.0,false,729442,285987,1.0
729442,105373150,0.9797603424292957,false,729442,105373150,0.9797603424292957
729442,100506895,0.7047489260506486,false,729442,100506895,0.7047489260506486
729442,3502,0.9270597902960748,false,729442,3502,0.9270597902960748
729442,64699,0.7788968791090269,false,729442,64699,0.7788968791090269
729442,27237,0.8020360547263341,false,729442,27237,0.8020360547263341
729442,389336,0.9108154844453529,false,729442,389336,0.9108154844453529
729442,25818,0.9762533992221505,false,729442,25818,0.9762533992221505
729442,4004,0.9958345993570967,false,729442,4004,0.9958345993570967
729442,4973,0.820423014687691,false,729442,4973,0.820423014687691
729442,28946,0.8128685305762167,false,729442,28946,0.8128685305762167
729442,102724714,0.7497766123065669,false,729442,102724714,0.7497766123065669
729442,28809,0.9922542356557004,false,729442,28809,0.9922542356557004
729442,5653,0.9836282058182599,false,729442,5653,0.9836282058182599
157313,9133,0.7250367142695934,false,157313,9133,0.7250367142695934
157313,150468,0.8531553100900999,false,157313,150468,0.8531553100900999
157313,995,0.7308015866269457,false,157313,995,0.7308015866269457
157313,332,0.8803963049721818,false,157313,332,0.8803963049721818
157313,6241,0.7622601494512663,false,157313,6241,0.7622601494512663
157313,9156,0.7232553170876778,false,157313,9156,0.7232553170876778
157313,9787,0.7393007994287375,false,157313,9787,0.7393007994287375
54443,55165,0.926908072350935,false,54443,55165,0.926908072350935
54443,9493,0.9442892397246,false,54443,9493,0.9442892397246
54443,4085,0.7547825019192972,false,54443,4085,0.7547825019192972
54443,55143,0.7217067387155701,false,54443,55143,0.7217067387155701
54443,150468,0.8244179947721967,false,54443,150468,0.8244179947721967
54443,9833,0.8644689619052154,false,54443,9833,0.8644689619052154
54443,3161,0.9271194954215631,false,54443,3161,0.9271194954215631
54443,51203,0.9377879900153809,false,54443,51203,0.9377879900153809
54443,29128,0.8445025427123489,false,54443,29128,0.8445025427123489
54443,3832,0.8588539302793652,false,54443,3832,0.8588539302793652
54443,9055,0.9281945563261071,false,54443,9055,0.9281945563261071
54443,4001,0.8016512962527752,false,54443,4001,0.8016512962527752
54443,57082,0.7525318890944982,false,54443,57082,0.7525318890944982
54443,157570,0.8477891006258874,false,54443,157570,0.8477891006258874
54443,55247,0.840398846944135,false,54443,55247,0.840398846944135
54443,11130,0.7267495923007591,false,54443,11130,0.7267495923007591
54443,55872,0.9435087641857144,false,54443,55872,0.9435087641857144
54443,7153,0.9229834419390283,false,54443,7153,0.9229834419390283
54443,891,0.8022418667868287,false,54443,891,0.8022418667868287
54443,4751,0.9451748899727953,false,54443,4751,0.9451748899727953
54443,6241,0.8105262488491894,false,54443,6241,0.8105262488491894
54443,83903,0.8723157886703033,false,54443,83903,0.8723157886703033
54443,24137,0.7748806120773382,false,54443,24137,0.7748806120773382
54443,55635,0.8071667108644776,false,54443,55635,0.8071667108644776
54443,9787,0.7645176662693273,false,54443,9787,0.7645176662693273
54443,699,0.8115392489667722,false,54443,699,0.8115392489667722
54443,1063,0.7893985835485372,false,54443,1063,0.7893985835485372
54443,23397,0.8002462002900841,false,54443,23397,0.8002462002900841
54443,9928,0.8248569524588338,false,54443,9928,0.8248569524588338
54443,64151,0.7625804523240963,false,54443,64151,0.7625804523240963
54443,221150,0.7712147743896821,false,54443,221150,0.7712147743896821
54443,100507118,0.8431241260201332,false,54443,100507118,0.8431241260201332
54443,100288637,0.7897789739318052,false,54443,100288637,0.7897789739318052
2305,8318,0.8002647191509195,false,2305,8318,0.8002647191509195
2305,4605,0.7389053024671415,false,2305,4605,0.7389053024671415
970,105374166,0.8790531663768204,false,970,105374166,0.8790531663768204
970,29851,0.7146134782458583,false,970,29851,0.7146134782458583
970,100289137,0.8564863794352082,false,970,100289137,0.8564863794352082
970,5133,0.7697751600904185,false,970,5133,0.7697751600904185
970,57451,0.8988654506883309,false,970,57451,0.8988654506883309
970,158228,0.9002007635434266,false,970,158228,0.9002007635434266
970,10309,0.8930494068065626,false,970,10309,0.8930494068065626
970,100506411,0.8770616067835815,false,970,100506411,0.8770616067835815
970,2277,0.8351225049413548,false,970,2277,0.8351225049413548
970,81849,0.798674761620315,false,970,81849,0.798674761620315
970,107985492,0.7655229663704378,false,970,107985492,0.7655229663704378
970,3135,0.7772055140315343,false,970,3135,0.7772055140315343
970,112268037,0.7838162410731286,false,970,112268037,0.7838162410731286
970,6495,0.9152475017361577,false,970,6495,0.9152475017361577
970,3352,0.754437558938444,false,970,3352,0.754437558938444
970,79056,0.8381680741946917,false,970,79056,0.8381680741946917
970,50852,0.7182328186812483,false,970,50852,0.7182328186812483
970,54101,0.8965430650779763,false,970,54101,0.8965430650779763
970,143662,0.8972829911197848,false,970,143662,0.8972829911197848
970,23286,0.8740512436935692,false,970,23286,0.8740512436935692
970,245972,0.8390863823516581,false,970,245972,0.8390863823516581
970,340273,0.8988245489031363,false,970,340273,0.8988245489031363
970,161291,0.834753392920414,false,970,161291,0.834753392920414
970,101927355,0.8432754255528946,false,970,101927355,0.8432754255528946
970,3239,0.7233732225356196,false,970,3239,0.7233732225356196
970,253650,0.7939024302957806,false,970,253650,0.7939024302957806
970,654499,0.9000689832489166,false,970,654499,0.9000689832489166
970,100996301,0.8027743638922107,false,970,100996301,0.8027743638922107
389903,105372115,0.9547352249707236,false,389903,105372115,0.9547352249707236
389903,7180,0.7028860598392802,false,389903,7180,0.7028860598392802
389903,4001,0.7400947085843419,false,389903,4001,0.7400947085843419
389903,3604,0.7931482993023156,false,389903,3604,0.7931482993023156
389903,55247,0.778769443250671,false,389903,55247,0.778769443250671
389903,387978,0.8954572869707654,false,389903,387978,0.8954572869707654
389903,27299,0.8501507434114504,false,389903,27299,0.8501507434114504
389903,6664,0.895143464511014,false,389903,6664,0.895143464511014
389903,64843,0.8819802835850825,false,389903,64843,0.8819802835850825
389903,105375894,0.7007121177603406,false,389903,105375894,0.7007121177603406
389903,4547,0.7723773600688317,false,389903,4547,0.7723773600688317
389903,64151,0.7676514414327434,false,389903,64151,0.7676514414327434
389903,221150,0.8091604816114838,false,389903,221150,0.8091604816114838
6534,63898,0.7221858053324262,false,6534,63898,0.7221858053324262
6534,344,0.7778758928494975,false,6534,344,0.7778758928494975
6534,3053,0.7277545431814921,false,6534,3053,0.7277545431814921
6534,7020,0.7382847538875161,false,6534,7020,0.7382847538875161
6534,1690,0.7228033918930079,false,6534,1690,0.7228033918930079
6534,100533990,0.7871036862092572,false,6534,100533990,0.7871036862092572
6534,11075,0.7291823194986591,false,6534,11075,0.7291823194986591
6534,5798,0.8463507059391431,false,6534,5798,0.8463507059391431
6534,105378305,0.7999695981143644,false,6534,105378305,0.7999695981143644
6534,647309,0.8365714800922733,false,6534,647309,0.8365714800922733
6534,109729169,0.8804106070405662,false,6534,109729169,0.8804106070405662
6534,4825,0.7128508099573765,false,6534,4825,0.7128508099573765
105374166,100289137,0.8195728587439454,false,105374166,100289137,0.8195728587439454
105374166,57451,0.7595860137921241,false,105374166,57451,0.7595860137921241
105374166,158228,0.8728657341342798,false,105374166,158228,0.8728657341342798
105374166,10309,0.8356137828081316,false,105374166,10309,0.8356137828081316
105374166,100506411,0.8858277914233875,false,105374166,100506411,0.8858277914233875
105374166,2277,0.8059201171208096,false,105374166,2277,0.8059201171208096
105374166,653149,0.7520905409516093,false,105374166,653149,0.7520905409516093
105374166,81849,0.8176955969893742,false,105374166,81849,0.8176955969893742
105374166,107985492,0.8024441038883938,false,105374166,107985492,0.8024441038883938
105374166,3135,0.8630985942614272,false,105374166,3135,0.8630985942614272
105374166,112268037,0.8883465798253315,false,105374166,112268037,0.8883465798253315
105374166,6495,0.8398053485912093,false,105374166,6495,0.8398053485912093
105374166,79056,0.8933187326587354,false,105374166,79056,0.8933187326587354
105374166,9388,0.7801310992926327,false,105374166,9388,0.7801310992926327
105374166,54101,0.8608668396342068,false,105374166,54101,0.8608668396342068
105374166,143662,0.8832308494734432,false,105374166,143662,0.8832308494734432
105374166,23286,0.8310598496974516,false,105374166,23286,0.8310598496974516
105374166,245972,0.705775862232759,false,105374166,245972,0.705775862232759
105374166,340273,0.8727760333445332,false,105374166,340273,0.8727760333445332
105374166,161291,0.8248473334563116,false,105374166,161291,0.8248473334563116
105374166,101927355,0.8428522743016199,false,105374166,101927355,0.8428522743016199
105374166,3239,0.8500165083084962,false,105374166,3239,0.8500165083084962
105374166,253650,0.8758115121459922,false,105374166,253650,0.8758115121459922
105374166,654499,0.8757005932791296,false,105374166,654499,0.8757005932791296
105374166,100996301,0.7973677101630767,false,105374166,100996301,0.7973677101630767
284403,349408,0.7163760330430818,false,284403,349408,0.7163760330430818
284403,995,0.7600875699773109,false,284403,995,0.7600875699773109
284403,89958,0.804635725216652,false,284403,89958,0.804635725216652
284403,4288,0.7887673257457697,false,284403,4288,0.7887673257457697
284403,4605,0.7805192999226838,false,284403,4605,0.7805192999226838
284403,9212,0.7443854715330133,false,284403,9212,0.7443854715330133
284403,146909,0.7144517517207164,false,284403,146909,0.7144517517207164
284403,3833,0.7292971140219151,false,284403,3833,0.7292971140219151
284403,991,0.797719440925377,false,284403,991,0.797719440925377
284403,10615,0.7337470441907779,false,284403,10615,0.7337470441907779
4496,646024,0.8429076872864993,false,4496,646024,0.8429076872864993
4496,55655,0.7290366930524698,false,4496,55655,0.7290366930524698
4496,56300,0.9356226043254675,false,4496,56300,0.9356226043254675
4496,374946,0.8088263075839272,false,4496,374946,0.8088263075839272
4496,731220,0.7004107265872966,false,4496,731220,0.7004107265872966
4496,3053,0.7226174829278241,false,4496,3053,0.7226174829278241
4496,3229,0.9501098156311474,false,4496,3229,0.9501098156311474
4496,387895,0.9673043209963612,false,4496,387895,0.9673043209963612
4496,347252,0.7549750654505122,false,4496,347252,0.7549750654505122
4496,115701,0.8093170949601787,false,4496,115701,0.8093170949601787
4496,11075,0.7161196202601022,false,4496,11075,0.7161196202601022
4496,105377508,0.7517510687855529,false,4496,105377508,0.7517510687855529
4496,2250,0.7245319819270787,false,4496,2250,0.7245319819270787
4496,105376041,0.8429076872864995,false,4496,105376041,0.8429076872864995
4496,647309,0.7749567761161708,false,4496,647309,0.7749567761161708
4496,6362,0.8827234383963907,false,4496,6362,0.8827234383963907
4496,105372950,0.7014852230608203,false,4496,105372950,0.7014852230608203
4496,80329,0.7946963850147035,false,4496,80329,0.7946963850147035
646024,55655,0.9195509205925173,false,646024,55655,0.9195509205925173
646024,731220,0.8631960525234751,false,646024,731220,0.8631960525234751
646024,3053,0.9006175999980062,false,646024,3053,0.9006175999980062
646024,3229,0.9389594430215017,false,646024,3229,0.9389594430215017
646024,387895,0.9421637136772807,false,646024,387895,0.9421637136772807
646024,115701,0.867252031037885,false,646024,115701,0.867252031037885
646024,11075,0.8365798179796007,false,646024,11075,0.8365798179796007
646024,5798,0.7485768299510293,false,646024,5798,0.7485768299510293
646024,105377508,0.9265952814304916,false,646024,105377508,0.9265952814304916
646024,2250,0.8112425933368843,false,646024,2250,0.8112425933368843
646024,84561,0.8307392742907008,false,646024,84561,0.8307392742907008
646024,105376041,1.0,false,646024,105376041,1.0
646024,647309,0.9126970576173349,false,646024,647309,0.9126970576173349
646024,6362,0.7507232376952471,false,646024,6362,0.7507232376952471
646024,554202,0.808873393572938,false,646024,554202,0.808873393572938
646024,105372950,0.8574845438179967,false,646024,105372950,0.8574845438179967
646024,80329,0.7676502742806627,false,646024,80329,0.7676502742806627
646024,109729169,0.8326210549533389,false,646024,109729169,0.8326210549533389
646024,4825,0.7122370646377792,false,646024,4825,0.7122370646377792
55165,9493,0.8554117181366059,false,55165,9493,0.8554117181366059
55165,83540,0.7957658992512805,false,55165,83540,0.7957658992512805
55165,150468,0.8046254937887911,false,55165,150468,0.8046254937887911
55165,9833,0.8281098748487021,false,55165,9833,0.8281098748487021
55165,3161,0.9248487792083284,false,55165,3161,0.9248487792083284
55165,51203,0.9285750438574962,false,55165,51203,0.9285750438574962
55165,995,0.7647739573909402,false,55165,995,0.7647739573909402
55165,29128,0.918397643335865,false,55165,29128,0.918397643335865
55165,3832,0.8515869607435443,false,55165,3832,0.8515869607435443
55165,9055,0.8530791160879988,false,55165,9055,0.8530791160879988
55165,4001,0.7547184314855819,false,55165,4001,0.7547184314855819
55165,57082,0.8638163108006178,false,55165,57082,0.8638163108006178
55165,332,0.8156870803286504,false,55165,332,0.8156870803286504
55165,157570,0.8160344148405241,false,55165,157570,0.8160344148405241
55165,55247,0.814012502055716,false,55165,55247,0.814012502055716
55165,55872,0.9345530226586156,false,55165,55872,0.9345530226586156
55165,7153,0.9426694586780822,false,55165,7153,0.9426694586780822
55165,891,0.8591825962761679,false,55165,891,0.8591825962761679
55165,4751,0.8763359621063039,false,55165,4751,0.8763359621063039
55165,6241,0.9025859553985881,false,55165,6241,0.9025859553985881
55165,83903,0.8060695963302138,false,55165,83903,0.8060695963302138
55165,24137,0.9174152825465136,false,55165,24137,0.9174152825465136
55165,55635,0.8204863957103993,false,55165,55635,0.8204863957103993
55165,9787,0.8400530058615832,false,55165,9787,0.8400530058615832
55165,699,0.7995451720464682,false,55165,699,0.7995451720464682
55165,1063,0.8362177452566348,false,55165,1063,0.8362177452566348
55165,23397,0.8624914037801134,false,55165,23397,0.8624914037801134
55165,9928,0.8100752437777694,false,55165,9928,0.8100752437777694
55165,64151,0.8784594902183182,false,55165,64151,0.8784594902183182
55165,221150,0.8439888574684266,false,55165,221150,0.8439888574684266
55165,100507118,0.8685868113720951,false,55165,100507118,0.8685868113720951
55165,100288637,0.7656692597842646,false,55165,100288637,0.7656692597842646
1033,9493,0.7454958679305901,false,1033,9493,0.7454958679305901
1033,9833,0.744187408933759,false,1033,9833,0.744187408933759
1033,9787,0.7201341589388331,false,1033,9787,0.7201341589388331
1033,6790,0.7435647775351892,false,1033,6790,0.7435647775351892
1033,1063,0.7362070512002445,false,1033,1063,0.7362070512002445
1033,1058,0.7097734860850965,false,1033,1058,0.7097734860850965
1033,81624,0.7321542835104848,false,1033,81624,0.7321542835104848
29851,5133,0.9411841006517357,false,29851,5133,0.9411841006517357
29851,57451,0.7552509894841893,false,29851,57451,0.7552509894841893
29851,107986606,0.7791418204011011,false,29851,107986606,0.7791418204011011
29851,6495,0.7549778712534316,false,29851,6495,0.7549778712534316
29851,50852,0.7313986377726249,false,29851,50852,0.7313986377726249
29851,4547,0.8719062693881574,false,29851,4547,0.8719062693881574
29851,3627,0.7630272753973,false,29851,3627,0.7630272753973
9493,55143,0.758052792224199,false,9493,55143,0.758052792224199
9493,150468,0.7837102145081206,false,9493,150468,0.7837102145081206
9493,105375610,0.7113066845235034,false,9493,105375610,0.7113066845235034
9493,9833,0.8351731092749136,false,9493,9833,0.8351731092749136
9493,3161,0.8637268329247692,false,9493,3161,0.8637268329247692
9493,51203,0.9217569593744993,false,9493,51203,0.9217569593744993
9493,29128,0.784310139947361,false,9493,29128,0.784310139947361
9493,3832,0.8099064713885962,false,9493,3832,0.8099064713885962
9493,9055,0.88320817934228,false,9493,9055,0.88320817934228
9493,4001,0.7320487158474719,false,9493,4001,0.7320487158474719
9493,157570,0.7762018823638579,false,9493,157570,0.7762018823638579
9493,55247,0.7816024901519102,false,9493,55247,0.7816024901519102
9493,11130,0.74055220228531,false,9493,11130,0.74055220228531
9493,55872,0.8382435908630013,false,9493,55872,0.8382435908630013
9493,7153,0.8231265663972295,false,9493,7153,0.8231265663972295
9493,891,0.7407784980268386,false,9493,891,0.7407784980268386
9493,4751,0.8783782678884653,false,9493,4751,0.8783782678884653
9493,6241,0.757146661329269,false,9493,6241,0.757146661329269
9493,83903,0.8363113329435986,false,9493,83903,0.8363113329435986
9493,55635,0.7544549586928404,false,9493,55635,0.7544549586928404
9493,9787,0.7667692683040491,false,9493,9787,0.7667692683040491
9493,699,0.780253086137438,false,9493,699,0.780253086137438
9493,1063,0.7119878915225919,false,9493,1063,0.7119878915225919
9493,23397,0.7633758737408615,false,9493,23397,0.7633758737408615
9493,81624,0.701858389789453,false,9493,81624,0.701858389789453
9493,221150,0.7055888056181524,false,9493,221150,0.7055888056181524
9493,100507118,0.7822291744784906,false,9493,100507118,0.7822291744784906
9493,100288637,0.7495340721705703,false,9493,100288637,0.7495340721705703
112268460,349408,0.7726067551355383,false,112268460,349408,0.7726067551355383
112268460,729447,0.7264557149729284,false,112268460,729447,0.7264557149729284
112268460,3783,0.7069752953583407,false,112268460,3783,0.7069752953583407
112268460,1690,0.7206090197702343,false,112268460,1690,0.7206090197702343
112268460,112937,0.7121940000500704,false,112268460,112937,0.7121940000500704
112268460,100506071,0.7148745940173838,false,112268460,100506071,0.7148745940173838
112268460,102723834,0.7375851706697314,false,112268460,102723834,0.7375851706697314
100289137,57451,0.8451155720025068,false,100289137,57451,0.8451155720025068
100289137,158228,0.961252673998317,false,100289137,158228,0.961252673998317
100289137,10309,0.869963441141362,false,100289137,10309,0.869963441141362
100289137,100506411,0.9605364226981689,false,100289137,100506411,0.9605364226981689
100289137,2277,0.8871969681052542,false,100289137,2277,0.8871969681052542
100289137,653149,0.7031371383607895,false,100289137,653149,0.7031371383607895
100289137,81849,0.864073093392608,false,100289137,81849,0.864073093392608
100289137,107985492,0.8570328908484928,false,100289137,107985492,0.8570328908484928
100289137,112268037,0.8047395370552277,false,100289137,112268037,0.8047395370552277
100289137,6495,0.9285375412020154,false,100289137,6495,0.9285375412020154
100289137,3352,0.8059538403524107,false,100289137,3352,0.8059538403524107
100289137,79056,0.8492380464491435,false,100289137,79056,0.8492380464491435
100289137,54101,0.9584172575659725,false,100289137,54101,0.9584172575659725
100289137,143662,0.9613579675124136,false,100289137,143662,0.9613579675124136
100289137,23286,0.9470885271792449,false,100289137,23286,0.9470885271792449
100289137,245972,0.763355829131289,false,100289137,245972,0.763355829131289
100289137,340273,0.9613371655218044,false,100289137,340273,0.9613371655218044
100289137,161291,0.8138937011110942,false,100289137,161291,0.8138937011110942
100289137,101927355,0.89161880919254,false,100289137,101927355,0.89161880919254
100289137,3239,0.7528927250792562,false,100289137,3239,0.7528927250792562
100289137,253650,0.8595996871798335,false,100289137,253650,0.8595996871798335
100289137,654499,0.9613706639787242,false,100289137,654499,0.9613706639787242
100289137,100996301,0.8726828451085724,false,100289137,100996301,0.8726828451085724
4085,653820,0.8522525200037689,false,4085,653820,0.8522525200037689
4085,3161,0.8167608111966198,false,4085,3161,0.8167608111966198
4085,729533,0.7140142918488528,false,4085,729533,0.7140142918488528
4085,29128,0.7061213890479683,false,4085,29128,0.7061213890479683
4085,3832,0.7358908007234723,false,4085,3832,0.7358908007234723
4085,9055,0.7425579220193068,false,4085,9055,0.7425579220193068
4085,55247,0.8638671683337409,false,4085,55247,0.8638671683337409
4085,11130,0.7155309446449104,false,4085,11130,0.7155309446449104
4085,55872,0.7307250328180965,false,4085,55872,0.7307250328180965
4085,7153,0.7994118026071891,false,4085,7153,0.7994118026071891
4085,4751,0.8299768441625035,false,4085,4751,0.8299768441625035
4085,27299,0.7147600134681916,false,4085,27299,0.7147600134681916
4085,1062,0.7370663336166844,false,4085,1062,0.7370663336166844
4085,55635,0.7997000271280795,false,4085,55635,0.7997000271280795
4085,23397,0.7572273272247865,false,4085,23397,0.7572273272247865
4085,9928,0.7841135681288155,false,4085,9928,0.7841135681288155
4085,100288637,0.837582823687577,false,4085,100288637,0.837582823687577
5307,134285,0.8491807474927895,false,5307,134285,0.8491807474927895
5307,354,0.7336053037085268,false,5307,354,0.7336053037085268
5307,284293,0.7214893022814395,false,5307,284293,0.7214893022814395
5307,5650,0.8501458711183023,false,5307,5650,0.8501458711183023
5307,115019,0.8480237915184302,false,5307,115019,0.8480237915184302
5307,58,0.7638135641351497,false,5307,58,0.7638135641351497
5307,2019,0.8230113529286266,false,5307,2019,0.8230113529286266
5307,145873,0.8332258562842112,false,5307,145873,0.8332258562842112
5307,285987,0.8602763392932915,false,5307,285987,0.8602763392932915
5307,105373150,0.8314941117114065,false,5307,105373150,0.8314941117114065
5307,105377123,0.8193172174997485,false,5307,105377123,0.8193172174997485
5307,3502,0.8074134272716303,false,5307,3502,0.8074134272716303
5307,64699,0.8451892375228098,false,5307,64699,0.8451892375228098
5307,8538,0.7685449577705408,false,5307,8538,0.7685449577705408
5307,389336,0.7777395142276063,false,5307,389336,0.7777395142276063
5307,25818,0.8264544375510108,false,5307,25818,0.8264544375510108
5307,4004,0.8683604590879478,false,5307,4004,0.8683604590879478
5307,4973,0.7591545991292344,false,5307,4973,0.7591545991292344
5307,28946,0.7293481217954568,false,5307,28946,0.7293481217954568
5307,28809,0.86308823619883,false,5307,28809,0.86308823619883
5307,5653,0.8782032226332745,false,5307,5653,0.8782032226332745
100533789,5798,0.7805972448354985,false,100533789,5798,0.7805972448354985
100533789,647309,0.7432435381446624,false,100533789,647309,0.7432435381446624
100533789,109729169,0.7029151438961515,false,100533789,109729169,0.7029151438961515
5133,57451,0.8325723196021401,false,5133,57451,0.8325723196021401
5133,158228,0.7340707760971547,false,5133,158228,0.7340707760971547
5133,10309,0.7118968111347668,false,5133,10309,0.7118968111347668
5133,100506411,0.7157332517891847,false,5133,100506411,0.7157332517891847
5133,107986606,0.8400196928627425,false,5133,107986606,0.8400196928627425
5133,6495,0.8353193819381635,false,5133,6495,0.8353193819381635
5133,54101,0.7302563496980199,false,5133,54101,0.7302563496980199
5133,143662,0.742759070167839,false,5133,143662,0.742759070167839
5133,23286,0.7165515382999872,false,5133,23286,0.7165515382999872
5133,340273,0.7341506325604112,false,5133,340273,0.7341506325604112
5133,4547,0.8313468628202944,false,5133,4547,0.8313468628202944
5133,654499,0.734224396182899,false,5133,654499,0.734224396182899
105372115,7180,0.8405712757395395,false,105372115,7180,0.8405712757395395
105372115,50614,0.7623876195388644,false,105372115,50614,0.7623876195388644
105372115,4001,0.7363250500556873,false,105372115,4001,0.7363250500556873
105372115,3604,0.8320392320651205,false,105372115,3604,0.8320392320651205
105372115,55247,0.7544366359755372,false,105372115,55247,0.7544366359755372
105372115,387978,0.9130722510053159,false,105372115,387978,0.9130722510053159
105372115,27299,0.8603476470599782,false,105372115,27299,0.8603476470599782
105372115,6664,0.925535425673796,false,105372115,6664,0.925535425673796
105372115,64843,0.8969695847476973,false,105372115,64843,0.8969695847476973
105372115,105371275,0.7016070208381191,false,105372115,105371275,0.7016070208381191
105372115,105375894,0.7723193543200279,false,105372115,105375894,0.7723193543200279
105372115,4547,0.8484125812663128,false,105372115,4547,0.8484125812663128
105372115,64151,0.717116126166059,false,105372115,64151,0.717116126166059
105372115,221150,0.7325035912828579,false,105372115,221150,0.7325035912828579
105372115,3627,0.8031872911730616,false,105372115,3627,0.8031872911730616
57451,158228,0.9077051461539096,false,57451,158228,0.9077051461539096
57451,10309,0.8904573604171914,false,57451,10309,0.8904573604171914
57451,100506411,0.8844048158140126,false,57451,100506411,0.8844048158140126
57451,2277,0.7632993017244145,false,57451,2277,0.7632993017244145
57451,107986606,0.7762830864910124,false,57451,107986606,0.7762830864910124
57451,81849,0.7263004279393072,false,57451,81849,0.7263004279393072
57451,107985492,0.8065256075450041,false,57451,107985492,0.8065256075450041
57451,112268037,0.7286945145125827,false,57451,112268037,0.7286945145125827
57451,6495,0.945615614353005,false,57451,6495,0.945615614353005
57451,3352,0.7201417454043542,false,57451,3352,0.7201417454043542
57451,79056,0.789955209206467,false,57451,79056,0.789955209206467
57451,54101,0.9041139750648218,false,57451,54101,0.9041139750648218
57451,143662,0.8932456737149704,false,57451,143662,0.8932456737149704
57451,23286,0.9094644021842087,false,57451,23286,0.9094644021842087
57451,245972,0.7614670466126878,false,57451,245972,0.7614670466126878
57451,22974,0.7176501045236643,false,57451,22974,0.7176501045236643
57451,340273,0.9067919095840615,false,57451,340273,0.9067919095840615
57451,161291,0.8226914596373524,false,57451,161291,0.8226914596373524
57451,101927355,0.8435549369963389,false,57451,101927355,0.8435549369963389
57451,253650,0.7945892467130198,false,57451,253650,0.7945892467130198
57451,654499,0.90866680992438,false,57451,654499,0.90866680992438
57451,100996301,0.8132240564636418,false,57451,100996301,0.8132240564636418
9133,105375610,0.7632587194276567,false,9133,105375610,0.7632587194276567
9133,57405,0.7849631774942557,false,9133,57405,0.7849631774942557
9133,995,0.8377866305393548,false,9133,995,0.8377866305393548
9133,4288,0.8863969213834314,false,9133,4288,0.8863969213834314
9133,332,0.8230759652197647,false,9133,332,0.8230759652197647
9133,9700,0.7400267934362115,false,9133,9700,0.7400267934362115
9133,107985017,0.7484560525880728,false,9133,107985017,0.7484560525880728
9133,6241,0.8104166817470322,false,9133,6241,0.8104166817470322
9133,24137,0.7877673218077393,false,9133,24137,0.7877673218077393
9133,112937,0.70972018813875,false,9133,112937,0.70972018813875
9133,4605,0.7297453292208597,false,9133,4605,0.7297453292208597
9133,9787,0.895019430780739,false,9133,9787,0.895019430780739
9133,9212,0.9288243474054614,false,9133,9212,0.9288243474054614
9133,1063,0.8251445176793731,false,9133,1063,0.8251445176793731
9133,146909,0.8324476854195798,false,9133,146909,0.8324476854195798
9133,1058,0.7418002351116084,false,9133,1058,0.7418002351116084
9133,3833,0.8138807537635624,false,9133,3833,0.8138807537635624
9133,100507118,0.7732565907630569,false,9133,100507118,0.7732565907630569
9133,991,0.940402516344943,false,9133,991,0.940402516344943
9133,10615,0.7449203329748196,false,9133,10615,0.7449203329748196
55143,150468,0.771689561572283,false,55143,150468,0.771689561572283
55143,105375610,0.8778795956969443,false,55143,105375610,0.8778795956969443
55143,9833,0.7407482486643104,false,55143,9833,0.7407482486643104
55143,91828,0.7522032482408092,false,55143,91828,0.7522032482408092
55143,3832,0.7524114527722155,false,55143,3832,0.7524114527722155
55143,157570,0.7983163797553748,false,55143,157570,0.7983163797553748
55143,107985017,0.7151541056766907,false,55143,107985017,0.7151541056766907
55143,6241,0.7178971999047907,false,55143,6241,0.7178971999047907
55143,83903,0.7521490705683903,false,55143,83903,0.7521490705683903
55143,9787,0.7047936149624847,false,55143,9787,0.7047936149624847
55143,1058,0.8224860610501105,false,55143,1058,0.8224860610501105
55143,3833,0.7060893226061249,false,55143,3833,0.7060893226061249
55143,81624,0.7166879265304869,false,55143,81624,0.7166879265304869
55143,100507118,0.7363259060768137,false,55143,100507118,0.7363259060768137
7180,50614,0.9039746738460721,false,7180,50614,0.9039746738460721
7180,3604,0.7220010215024556,false,7180,3604,0.7220010215024556
7180,387978,0.8042718835302259,false,7180,387978,0.8042718835302259
7180,27299,0.7496741326025004,false,7180,27299,0.7496741326025004
7180,6664,0.8412509529625374,false,7180,6664,0.8412509529625374
7180,64843,0.8048282705793991,false,7180,64843,0.8048282705793991
7180,100506655,0.7126821050752756,false,7180,100506655,0.7126821050752756
7180,105371275,0.7266801533377385,false,7180,105371275,0.7266801533377385
7180,105375894,0.8739923887689733,false,7180,105375894,0.8739923887689733
7180,4547,0.7873306809072669,false,7180,4547,0.7873306809072669
7180,3627,0.8153102129926402,false,7180,3627,0.8153102129926402
4544,166979,0.9999999999999999,false,4544,166979,0.9999999999999999
4544,594855,0.871407434160187,false,4544,594855,0.871407434160187
4544,5865,0.996171497240006,false,4544,5865,0.996171497240006
4544,3580,0.8768871852806679,false,4544,3580,0.8768871852806679
4544,9312,0.8774835406594969,false,4544,9312,0.8774835406594969
4544,116173,0.892683506872591,false,4544,116173,0.892683506872591
4544,101927686,0.8911585710747172,false,4544,101927686,0.8911585710747172
4544,3512,0.8011610679489832,false,4544,3512,0.8011610679489832
4544,6716,0.9564453424486398,false,4544,6716,0.9564453424486398
4544,219527,0.943499435224711,false,4544,219527,0.943499435224711
5265,1295,0.7161105178391423,false,5265,1295,0.7161105178391423
5265,134285,0.7163201288150635,false,5265,134285,0.7163201288150635
5265,5650,0.7778330232063405,false,5265,5650,0.7778330232063405
5265,58,0.7440575498908358,false,5265,58,0.7440575498908358
5265,285987,0.7623429169162603,false,5265,285987,0.7623429169162603
5265,105373150,0.7701697285738547,false,5265,105373150,0.7701697285738547
5265,25818,0.7803873559395194,false,5265,25818,0.7803873559395194
5265,4004,0.78342422909126,false,5265,4004,0.78342422909126
5265,4973,0.8060644270900877,false,5265,4973,0.8060644270900877
5265,102724714,0.7187720193919551,false,5265,102724714,0.7187720193919551
5265,28809,0.7441251561207417,false,5265,28809,0.7441251561207417
5265,5653,0.8012078414400299,false,5265,5653,0.8012078414400299
5265,28755,0.7154119710051351,false,5265,28755,0.7154119710051351
1295,134285,0.8128581609142856,false,1295,134285,0.8128581609142856
1295,354,0.7055516339026493,false,1295,354,0.7055516339026493
1295,5650,0.822327040058679,false,1295,5650,0.822327040058679
1295,58,0.8610760842364407,false,1295,58,0.8610760842364407
1295,2019,0.8542961832876884,false,1295,2019,0.8542961832876884
1295,145873,0.8658710896821793,false,1295,145873,0.8658710896821793
1295,285987,0.8072879567244198,false,1295,285987,0.8072879567244198
1295,55057,0.7826588326614491,false,1295,55057,0.7826588326614491
1295,105373150,0.8064440301639968,false,1295,105373150,0.8064440301639968
1295,3502,0.7089923613570884,false,1295,3502,0.7089923613570884
1295,101928173,0.7395307132115008,false,1295,101928173,0.7395307132115008
1295,389336,0.8060607234932806,false,1295,389336,0.8060607234932806
1295,25818,0.8086075331013026,false,1295,25818,0.8086075331013026
1295,4004,0.8189650728549623,false,1295,4004,0.8189650728549623
1295,4973,0.7261206655025068,false,1295,4973,0.7261206655025068
1295,28809,0.7739968150536036,false,1295,28809,0.7739968150536036
1295,5653,0.7762453996214183,false,1295,5653,0.7762453996214183
134285,354,0.8123581630410902,false,134285,354,0.8123581630410902
134285,284293,0.7310077571085305,false,134285,284293,0.7310077571085305
134285,5650,0.958699373465575,false,134285,5650,0.958699373465575
134285,8471,0.7191697430011289,false,134285,8471,0.7191697430011289
134285,58,0.9221054695987022,false,134285,58,0.9221054695987022
134285,2019,0.938948186202676,false,134285,2019,0.938948186202676
134285,145873,0.8656596011081625,false,134285,145873,0.8656596011081625
134285,285987,0.9806494674162164,false,134285,285987,0.9806494674162164
134285,105373150,0.9542762255590453,false,134285,105373150,0.9542762255590453
134285,3502,0.8880417804008423,false,134285,3502,0.8880417804008423
134285,64699,0.764962250655864,false,134285,64699,0.764962250655864
134285,27237,0.8449496673899716,false,134285,27237,0.8449496673899716
134285,389336,0.8853136033917987,false,134285,389336,0.8853136033917987
134285,25818,0.9481881581059963,false,134285,25818,0.9481881581059963
134285,4004,0.9762764551521309,false,134285,4004,0.9762764551521309
134285,4973,0.7998649180434029,false,134285,4973,0.7998649180434029
134285,28946,0.778678858194099,false,134285,28946,0.778678858194099
134285,28809,0.9680385574978214,false,134285,28809,0.9680385574978214
134285,5653,0.9529137575572342,false,134285,5653,0.9529137575572342
653820,3161,0.7028790284244125,false,653820,3161,0.7028790284244125
653820,729533,0.7825580297587356,false,653820,729533,0.7825580297587356
653820,55247,0.762635868588053,false,653820,55247,0.762635868588053
653820,11130,0.7009127892324459,false,653820,11130,0.7009127892324459
653820,23397,0.7352891749727695,false,653820,23397,0.7352891749727695
653820,9928,0.7260620275173411,false,653820,9928,0.7260620275173411
83540,9833,0.7714376690921407,false,83540,9833,0.7714376690921407
83540,3161,0.7425486529068107,false,83540,3161,0.7425486529068107
83540,51203,0.7453505870783022,false,83540,51203,0.7453505870783022
83540,29128,0.7223289314045419,false,83540,29128,0.7223289314045419
83540,57082,0.7609974361733859,false,83540,57082,0.7609974361733859
83540,55872,0.7138686178596495,false,83540,55872,0.7138686178596495
83540,7153,0.7083344373587734,false,83540,7153,0.7083344373587734
83540,6241,0.7519969864817799,false,83540,6241,0.7519969864817799
83540,24137,0.7078175782449582,false,83540,24137,0.7078175782449582
83540,23397,0.7720802072353165,false,83540,23397,0.7720802072353165
83540,3833,0.7026419327359232,false,83540,3833,0.7026419327359232
83540,100507118,0.7298385734893594,false,83540,100507118,0.7298385734893594
100192378,105371737,0.72849429295783,false,100192378,105371737,0.72849429295783
100192378,50615,0.7799985680967201,false,100192378,50615,0.7799985680967201
100192378,1813,0.7686692114616814,false,100192378,1813,0.7686692114616814
100192378,151760,0.723013466293993,false,100192378,151760,0.723013466293993
105376878,50852,0.7378788285324958,false,105376878,50852,0.7378788285324958
354,1749,0.7926685065488502,false,354,1749,0.7926685065488502
354,5650,0.8789553533632293,false,354,5650,0.8789553533632293
354,8471,0.7314609828728275,false,354,8471,0.7314609828728275
354,105371152,0.7245194190133817,false,354,105371152,0.7245194190133817
354,58,0.8338183847865959,false,354,58,0.8338183847865959
354,2019,0.7774653725106934,false,354,2019,0.7774653725106934
354,145873,0.8121587937361404,false,354,145873,0.8121587937361404
354,285987,0.8687963122472899,false,354,285987,0.8687963122472899
354,79674,0.8117702659568561,false,354,79674,0.8117702659568561
354,105373150,0.8480647461967531,false,354,105373150,0.8480647461967531
354,100506895,0.7688888210869868,false,354,100506895,0.7688888210869868
354,3502,0.9130656348035867,false,354,3502,0.9130656348035867
354,389336,0.8763273497971934,false,354,389336,0.8763273497971934
354,25818,0.8664012603057192,false,354,25818,0.8664012603057192
354,4004,0.8493774800734348,false,354,4004,0.8493774800734348
354,28946,0.8688277549033582,false,354,28946,0.8688277549033582
354,28809,0.8877564795807447,false,354,28809,0.8877564795807447
354,5653,0.8533627091233276,false,354,5653,0.8533627091233276
284293,58,0.7465136454287278,false,284293,58,0.7465136454287278
284293,145873,0.816378726527922,false,284293,145873,0.816378726527922
284293,285987,0.7451865583385203,false,284293,285987,0.7451865583385203
284293,3502,0.8162423118574959,false,284293,3502,0.8162423118574959
284293,64699,0.7767040937193522,false,284293,64699,0.7767040937193522
284293,4004,0.7345258993275805,false,284293,4004,0.7345258993275805
284293,28946,0.7476426241460068,false,284293,28946,0.7476426241460068
284293,102724714,0.7291533319488455,false,284293,102724714,0.7291533319488455
284293,28809,0.7842376274300084,false,284293,28809,0.7842376274300084
55655,1749,0.7136709921409654,false,55655,1749,0.7136709921409654
55655,731220,0.8231533113504113,false,55655,731220,0.8231533113504113
55655,3053,0.8226859051347033,false,55655,3053,0.8226859051347033
55655,3229,0.8732947577519191,false,55655,3229,0.8732947577519191
55655,387895,0.830492040673059,false,55655,387895,0.830492040673059
55655,115701,0.8651635842395314,false,55655,115701,0.8651635842395314
55655,11075,0.8041201727199164,false,55655,11075,0.8041201727199164
55655,105377508,0.8793623035250074,false,55655,105377508,0.8793623035250074
55655,2250,0.8060952895699153,false,55655,2250,0.8060952895699153
55655,84561,0.7846993226825963,false,55655,84561,0.7846993226825963
55655,105376041,0.9195509205925171,false,55655,105376041,0.9195509205925171
55655,647309,0.8531651897686394,false,55655,647309,0.8531651897686394
55655,554202,0.7594707658595262,false,55655,554202,0.7594707658595262
55655,105372950,0.7853571581264014,false,55655,105372950,0.7853571581264014
55655,109729169,0.8009686749980593,false,55655,109729169,0.8009686749980593
55655,4825,0.848926796720313,false,55655,4825,0.848926796720313
150468,105375610,0.8113969561596767,false,150468,105375610,0.8113969561596767
150468,9833,0.7326643143214593,false,150468,9833,0.7326643143214593
150468,3161,0.7315220920275166,false,150468,3161,0.7315220920275166
150468,51203,0.8084560767851464,false,150468,51203,0.8084560767851464
150468,995,0.850838404049847,false,150468,995,0.850838404049847
150468,9055,0.7900895866478194,false,150468,9055,0.7900895866478194
150468,332,0.8769084493161935,false,150468,332,0.8769084493161935
150468,157570,0.8288399280706402,false,150468,157570,0.8288399280706402
150468,55872,0.8019429344328908,false,150468,55872,0.8019429344328908
150468,7153,0.7246906652376677,false,150468,7153,0.7246906652376677
150468,891,0.8158851227918335,false,150468,891,0.8158851227918335
150468,4751,0.7593874229091375,false,150468,4751,0.7593874229091375
150468,6241,0.873479403306641,false,150468,6241,0.873479403306641
150468,83903,0.9216583560800634,false,150468,83903,0.9216583560800634
150468,24137,0.7433138318928527,false,150468,24137,0.7433138318928527
150468,55723,0.713141911133643,false,150468,55723,0.713141911133643
150468,9787,0.8675817614462346,false,150468,9787,0.8675817614462346
150468,1063,0.8410391412523883,false,150468,1063,0.8410391412523883
150468,146909,0.7123507207767208,false,150468,146909,0.7123507207767208
150468,1058,0.7629155534613346,false,150468,1058,0.7629155534613346
150468,81624,0.7245246288747522,false,150468,81624,0.7245246288747522
150468,100507118,0.7937903773192522,false,150468,100507118,0.7937903773192522
158228,10309,0.9345689258687845,false,158228,10309,0.9345689258687845
158228,100506411,0.9892559062760976,false,158228,100506411,0.9892559062760976
158228,2277,0.8812400714726036,false,158228,2277,0.8812400714726036
158228,653149,0.7914752293903283,false,158228,653149,0.7914752293903283
158228,81849,0.8795791643776497,false,158228,81849,0.8795791643776497
158228,107985492,0.912964444607821,false,158228,107985492,0.912964444607821
158228,3135,0.7904297337328272,false,158228,3135,0.7904297337328272
158228,112268037,0.8592334455566316,false,158228,112268037,0.8592334455566316
158228,6495,0.9795846047154309,false,158228,6495,0.9795846047154309
158228,3352,0.8599950071973534,false,158228,3352,0.8599950071973534
158228,79056,0.9243348024627773,false,158228,79056,0.9243348024627773
158228,9388,0.7424925047715549,false,158228,9388,0.7424925047715549
158228,54101,0.9983957688725917,false,158228,54101,0.9983957688725917
158228,143662,0.9957617773235742,false,158228,143662,0.9957617773235742
158228,23286,0.9816017384004875,false,158228,23286,0.9816017384004875
158228,245972,0.8222591796422216,false,158228,245972,0.8222591796422216
158228,22974,0.7105560683721895,false,158228,22974,0.7105560683721895
158228,340273,0.9999868699692758,false,158228,340273,0.9999868699692758
158228,101101772,0.7153130581204367,false,158228,101101772,0.7153130581204367
158228,161291,0.8892484859586361,false,158228,161291,0.8892484859586361
158228,101927355,0.9524150892266472,false,158228,101927355,0.9524150892266472
158228,366,0.7515969107579514,false,158228,366,0.7515969107579514
158228,3239,0.7898716505638375,false,158228,3239,0.7898716505638375
158228,253650,0.9058875669796213,false,158228,253650,0.9058875669796213
158228,654499,0.9998257131251621,false,158228,654499,0.9998257131251621
158228,100996301,0.9273519777324994,false,158228,100996301,0.9273519777324994
10309,100506411,0.9216866279879401,false,10309,100506411,0.9216866279879401
10309,2277,0.7657624906872473,false,10309,2277,0.7657624906872473
10309,653149,0.7310949237430027,false,10309,653149,0.7310949237430027
10309,81849,0.7891285598413426,false,10309,81849,0.7891285598413426
10309,107985492,0.8515726472202457,false,10309,107985492,0.8515726472202457
10309,3135,0.7094732463535587,false,10309,3135,0.7094732463535587
10309,112268037,0.740168678719644,false,10309,112268037,0.740168678719644
10309,6495,0.918268906886399,false,10309,6495,0.918268906886399
10309,105375690,0.7492776370001495,false,10309,105375690,0.7492776370001495
10309,3352,0.7709154241312354,false,10309,3352,0.7709154241312354
10309,79056,0.8793247492281235,false,10309,79056,0.8793247492281235
10309,54101,0.9382735125997546,false,10309,54101,0.9382735125997546
10309,143662,0.9333110574249326,false,10309,143662,0.9333110574249326
10309,23286,0.9009156587351714,false,10309,23286,0.9009156587351714
10309,245972,0.8628876996190213,false,10309,245972,0.8628876996190213
10309,340273,0.9338273236813985,false,10309,340273,0.9338273236813985
10309,161291,0.9330876812351468,false,10309,161291,0.9330876812351468
10309,101927355,0.8558225906929168,false,10309,101927355,0.8558225906929168
10309,366,0.722523170479999,false,10309,366,0.722523170479999
10309,3239,0.7358925223381984,false,10309,3239,0.7358925223381984
10309,253650,0.8091756838448613,false,10309,253650,0.8091756838448613
10309,654499,0.9326161076338663,false,10309,654499,0.9326161076338663
10309,100996301,0.8539156396333395,false,10309,100996301,0.8539156396333395
26279,3502,0.7172272139843918,false,26279,3502,0.7172272139843918
26279,28946,0.7390617944838324,false,26279,28946,0.7390617944838324
26279,3512,0.7364911465098606,false,26279,3512,0.7364911465098606
166979,594855,0.871407434160187,false,166979,594855,0.871407434160187
166979,5865,0.996171497240006,false,166979,5865,0.996171497240006
166979,3580,0.8768871852806679,false,166979,3580,0.8768871852806679
166979,9312,0.8774835406594969,false,166979,9312,0.8774835406594969
166979,116173,0.892683506872591,false,166979,116173,0.892683506872591
166979,101927686,0.8911585710747172,false,166979,101927686,0.8911585710747172
166979,3512,0.8011610679489832,false,166979,3512,0.8011610679489832
166979,6716,0.9564453424486398,false,166979,6716,0.9564453424486398
166979,219527,0.943499435224711,false,166979,219527,0.943499435224711
1750,3856,0.9445903998030291,false,1750,3856,0.9445903998030291
1750,113218482,0.9370265552685523,false,1750,113218482,0.9370265552685523
1750,56896,0.9080728344305475,false,1750,56896,0.9080728344305475
1750,9758,0.8126739517935033,false,1750,9758,0.8126739517935033
1750,55240,0.7718975190760422,false,1750,55240,0.7718975190760422
1750,8538,0.7263096303635015,false,1750,8538,0.7263096303635015
1750,284240,0.7719532751451209,false,1750,284240,0.7719532751451209
1750,1404,0.7946974624994866,false,1750,1404,0.7946974624994866
89886,10481,0.7185136608581657,false,89886,10481,0.7185136608581657
89886,7477,0.7785210733353841,false,89886,7477,0.7785210733353841
89886,344,0.8284604178597145,false,89886,344,0.8284604178597145
89886,7020,0.755929478339879,false,89886,7020,0.755929478339879
89886,79191,0.8620710180773096,false,89886,79191,0.8620710180773096
89886,100533990,0.7732685450218728,false,89886,100533990,0.7732685450218728
89886,5798,0.72878145270791,false,89886,5798,0.72878145270791
89886,105378305,0.9341919587724159,false,89886,105378305,0.9341919587724159
89886,107984129,0.8476231450304695,false,89886,107984129,0.8476231450304695
89886,29991,0.8349460163974873,false,89886,29991,0.8349460163974873
89886,168002,0.9050106360456226,false,89886,168002,0.9050106360456226
105375610,9833,0.7034074495821161,false,105375610,9833,0.7034074495821161
105375610,995,0.8097278319013462,false,105375610,995,0.8097278319013462
105375610,91828,0.7899157080497753,false,105375610,91828,0.7899157080497753
105375610,158511,0.7491076247650956,false,105375610,158511,0.7491076247650956
105375610,157570,0.7223029105998334,false,105375610,157570,0.7223029105998334
105375610,9700,0.7581749197611715,false,105375610,9700,0.7581749197611715
105375610,107985017,0.8415287970521348,false,105375610,107985017,0.8415287970521348
105375610,6241,0.7737813803798652,false,105375610,6241,0.7737813803798652
105375610,83903,0.7632723004646357,false,105375610,83903,0.7632723004646357
105375610,9787,0.8268679696443841,false,105375610,9787,0.8268679696443841
105375610,9212,0.7568260619756547,false,105375610,9212,0.7568260619756547
105375610,6790,0.7535472530087153,false,105375610,6790,0.7535472530087153
105375610,1063,0.7468071129654044,false,105375610,1063,0.7468071129654044
105375610,146909,0.7180196764482917,false,105375610,146909,0.7180196764482917
105375610,1058,0.8797126635927464,false,105375610,1058,0.8797126635927464
105375610,3833,0.8411172002015245,false,105375610,3833,0.8411172002015245
105375610,81624,0.7952169655720674,false,105375610,81624,0.7952169655720674
105375610,100507118,0.7540060232943477,false,105375610,100507118,0.7540060232943477
105375610,991,0.7490518069624714,false,105375610,991,0.7490518069624714
105375610,102723834,0.7058798279835743,false,105375610,102723834,0.7058798279835743
101927750,8471,0.8879059727496726,false,101927750,8471,0.8879059727496726
101927750,105375622,0.778053177102821,false,101927750,105375622,0.778053177102821
101927750,100506895,0.7520628086699659,false,101927750,100506895,0.7520628086699659
9833,3161,0.8533046974372637,false,9833,3161,0.8533046974372637
9833,51203,0.8617268235070243,false,9833,51203,0.8617268235070243
9833,995,0.7298736390443435,false,9833,995,0.7298736390443435
9833,29128,0.8006161481185068,false,9833,29128,0.8006161481185068
9833,3832,0.707429637784208,false,9833,3832,0.707429637784208
9833,9055,0.8211994909688873,false,9833,9055,0.8211994909688873
9833,4001,0.7106318743420653,false,9833,4001,0.7106318743420653
9833,157570,0.7229640881818958,false,9833,157570,0.7229640881818958
9833,55872,0.8430746521866426,false,9833,55872,0.8430746521866426
9833,7153,0.7818542817119258,false,9833,7153,0.7818542817119258
9833,891,0.701969134074328,false,9833,891,0.701969134074328
9833,4751,0.7566973376462559,false,9833,4751,0.7566973376462559
9833,107985017,0.7210689268695827,false,9833,107985017,0.7210689268695827
9833,6241,0.8597303890845264,false,9833,6241,0.8597303890845264
9833,83903,0.716985135006541,false,9833,83903,0.716985135006541
9833,24137,0.7641206592258633,false,9833,24137,0.7641206592258633
9833,55723,0.7462425267313368,false,9833,55723,0.7462425267313368
9833,9787,0.8093659993927957,false,9833,9787,0.8093659993927957
9833,699,0.8697650732516066,false,9833,699,0.8697650732516066
9833,6790,0.7415528659709905,false,9833,6790,0.7415528659709905
9833,1063,0.7732212753231786,false,9833,1063,0.7732212753231786
9833,23397,0.8053343955633486,false,9833,23397,0.8053343955633486
9833,146909,0.7616320689193523,false,9833,146909,0.7616320689193523
9833,1058,0.7509652810237502,false,9833,1058,0.7509652810237502
9833,3833,0.7409144858430725,false,9833,3833,0.7409144858430725
9833,221150,0.772216392911473,false,9833,221150,0.772216392911473
9833,100507118,0.8332724662233684,false,9833,100507118,0.8332724662233684
9833,100288637,0.7572845548875772,false,9833,100288637,0.7572845548875772
4321,55789,0.7909232273253456,false,4321,55789,0.7909232273253456
349408,26289,0.832714633509874,false,349408,26289,0.832714633509874
349408,105378305,0.7538069606993121,false,349408,105378305,0.7538069606993121
349408,107984129,0.7778864884767954,false,349408,107984129,0.7778864884767954
349408,168002,0.7837315902234808,false,349408,168002,0.7837315902234808
6860,107985513,0.9326953175023884,false,6860,107985513,0.9326953175023884
6860,9312,0.8961393433806488,false,6860,9312,0.8961393433806488
10481,7020,0.7789474753575676,false,10481,7020,0.7789474753575676
10481,79191,0.85724424467306,false,10481,79191,0.85724424467306
10481,105378305,0.7231748388893594,false,10481,105378305,0.7231748388893594
10481,107984129,0.7600902257060963,false,10481,107984129,0.7600902257060963
10481,29991,0.9038125122366397,false,10481,29991,0.9038125122366397
10481,168002,0.7510294029105465,false,10481,168002,0.7510294029105465
6943,10993,0.7209160348592701,false,6943,10993,0.7209160348592701
6943,9388,0.7492424177672568,false,6943,9388,0.7492424177672568
100506411,2277,0.8925519468818013,false,100506411,2277,0.8925519468818013
100506411,653149,0.7557945816343526,false,100506411,653149,0.7557945816343526
100506411,81849,0.8932135732951563,false,100506411,81849,0.8932135732951563
100506411,107985492,0.918324463716277,false,100506411,107985492,0.918324463716277
100506411,3135,0.7629299865245434,false,100506411,3135,0.7629299865245434
100506411,112268037,0.8959227151356742,false,100506411,112268037,0.8959227151356742
100506411,6495,0.9615659148867082,false,100506411,6495,0.9615659148867082
100506411,105375690,0.7071420436653885,false,100506411,105375690,0.7071420436653885
100506411,3352,0.8164855452340635,false,100506411,3352,0.8164855452340635
100506411,79056,0.8914141296647415,false,100506411,79056,0.8914141296647415
100506411,10993,0.7387591873036297,false,100506411,10993,0.7387591873036297
100506411,9388,0.7865364654801371,false,100506411,9388,0.7865364654801371
100506411,54101,0.9876807224886168,false,100506411,54101,0.9876807224886168
100506411,143662,0.9913523545508625,false,100506411,143662,0.9913523545508625
100506411,23286,0.9621102431508886,false,100506411,23286,0.9621102431508886
100506411,245972,0.8164806538651597,false,100506411,245972,0.8164806538651597
100506411,340273,0.989716250373369,false,100506411,340273,0.989716250373369
100506411,101101772,0.7237671254400683,false,100506411,101101772,0.7237671254400683
100506411,161291,0.88119536273286,false,100506411,161291,0.88119536273286
100506411,101927355,0.9458490631230029,false,100506411,101927355,0.9458490631230029
100506411,366,0.7323833523097232,false,100506411,366,0.7323833523097232
100506411,3239,0.8057063282890444,false,100506411,3239,0.8057063282890444
100506411,253650,0.941327658120366,false,100506411,253650,0.941327658120366
100506411,654499,0.9908928320378984,false,100506411,654499,0.9908928320378984
100506411,100996301,0.9214492741502924,false,100506411,100996301,0.9214492741502924
3161,51203,0.871501825915691,false,3161,51203,0.871501825915691
3161,29128,0.9074233757446424,false,3161,29128,0.9074233757446424
3161,3832,0.8329946752518466,false,3161,3832,0.8329946752518466
3161,9055,0.9266903006338351,false,3161,9055,0.9266903006338351
3161,4001,0.79788541063725,false,3161,4001,0.79788541063725
3161,57082,0.7994962856175428,false,3161,57082,0.7994962856175428
3161,55247,0.9117134579898503,false,3161,55247,0.9117134579898503
3161,11130,0.7373843052109604,false,3161,11130,0.7373843052109604
3161,55872,0.9582950247201936,false,3161,55872,0.9582950247201936
3161,7153,0.9091313540821779,false,3161,7153,0.9091313540821779
3161,891,0.8509277155799405,false,3161,891,0.8509277155799405
3161,4751,0.9242420263649506,false,3161,4751,0.9242420263649506
3161,6241,0.8445280758901411,false,3161,6241,0.8445280758901411
3161,83903,0.8079056504750496,false,3161,83903,0.8079056504750496
3161,24137,0.8629002651210551,false,3161,24137,0.8629002651210551
3161,55635,0.7734914924519625,false,3161,55635,0.7734914924519625
3161,9787,0.8068825129679729,false,3161,9787,0.8068825129679729
3161,699,0.7627134466497101,false,3161,699,0.7627134466497101
3161,1063,0.8236222890908063,false,3161,1063,0.8236222890908063
3161,23397,0.8860697302644543,false,3161,23397,0.8860697302644543
3161,9928,0.8176588000348823,false,3161,9928,0.8176588000348823
3161,64151,0.846571686663426,false,3161,64151,0.846571686663426
3161,221150,0.911326876466379,false,3161,221150,0.911326876466379
3161,100507118,0.8953558537007974,false,3161,100507118,0.8953558537007974
3161,100288637,0.8508665669718176,false,3161,100288637,0.8508665669718176
1749,5650,0.783191215327938,false,1749,5650,0.783191215327938
1749,115019,0.8139482332563739,false,1749,115019,0.8139482332563739
1749,285987,0.7140576258074909,false,1749,285987,0.7140576258074909
1749,79674,0.7102788113450923,false,1749,79674,0.7102788113450923
1749,55057,0.7144684628249199,false,1749,55057,0.7144684628249199
1749,100506895,0.8585199661705905,false,1749,100506895,0.8585199661705905
1749,115701,0.7544256954899202,false,1749,115701,0.7544256954899202
1749,55765,0.77810947642484,false,1749,55765,0.77810947642484
1749,27237,0.7213708267755433,false,1749,27237,0.7213708267755433
1749,389336,0.909905877543652,false,1749,389336,0.909905877543652
1749,25818,0.7959076429304236,false,1749,25818,0.7959076429304236
1749,4004,0.7068246657536815,false,1749,4004,0.7068246657536815
1749,3914,0.7548338250458838,false,1749,3914,0.7548338250458838
1749,4825,0.8885681961893804,false,1749,4825,0.8885681961893804
1749,5653,0.7718264059437107,false,1749,5653,0.7718264059437107
51203,29128,0.8873264628543005,false,51203,29128,0.8873264628543005
51203,3832,0.84482976579554,false,51203,3832,0.84482976579554
51203,9055,0.8803960945173431,false,51203,9055,0.8803960945173431
51203,4001,0.8052948672135918,false,51203,4001,0.8052948672135918
51203,57082,0.8023934091070042,false,51203,57082,0.8023934091070042
51203,332,0.7406513027319925,false,51203,332,0.7406513027319925
51203,157570,0.7914660521356446,false,51203,157570,0.7914660521356446
51203,55247,0.7883430183832616,false,51203,55247,0.7883430183832616
51203,11130,0.7024411067865816,false,51203,11130,0.7024411067865816
51203,55872,0.8705352470990342,false,51203,55872,0.8705352470990342
51203,7153,0.9185571319111212,false,51203,7153,0.9185571319111212
51203,891,0.8073882115573592,false,51203,891,0.8073882115573592
51203,4751,0.8463590188275973,false,51203,4751,0.8463590188275973
51203,6241,0.838225663427643,false,51203,6241,0.838225663427643
51203,83903,0.7868741675761306,false,51203,83903,0.7868741675761306
51203,24137,0.8020530847861456,false,51203,24137,0.8020530847861456
51203,55635,0.7889768025858648,false,51203,55635,0.7889768025858648
51203,9787,0.8210416073647485,false,51203,9787,0.8210416073647485
51203,699,0.8552945590351688,false,51203,699,0.8552945590351688
51203,1063,0.7680820700862767,false,51203,1063,0.7680820700862767
51203,23397,0.8082946594414357,false,51203,23397,0.8082946594414357
51203,9928,0.7487031980614448,false,51203,9928,0.7487031980614448
51203,64151,0.822390880693522,false,51203,64151,0.822390880693522
51203,221150,0.7616003818942924,false,51203,221150,0.7616003818942924
51203,100507118,0.8320272630670084,false,51203,100507118,0.8320272630670084
51203,100288637,0.7254199640998099,false,51203,100288637,0.7254199640998099
729447,3783,0.86532780594311,false,729447,3783,0.86532780594311
729447,158511,0.7327253571890393,false,729447,158511,0.7327253571890393
729447,101929215,0.7131518955974383,false,729447,101929215,0.7131518955974383
729447,112937,0.7062277935842974,false,729447,112937,0.7062277935842974
729447,3664,0.9215494745159856,false,729447,3664,0.9215494745159856
729447,100506071,0.7255189763469897,false,729447,100506071,0.7255189763469897
729447,102723547,0.9603039704346089,false,729447,102723547,0.9603039704346089
63898,374946,0.7599912639860881,false,63898,374946,0.7599912639860881
63898,7477,0.8638672009377514,false,63898,7477,0.8638672009377514
63898,344,0.730065495788074,false,63898,344,0.730065495788074
63898,79191,0.7280550236500192,false,63898,79191,0.7280550236500192
63898,101928658,0.7204474692770664,false,63898,101928658,0.7204474692770664
63898,2297,0.715945545766019,false,63898,2297,0.715945545766019
63898,26289,0.7977562974180687,false,63898,26289,0.7977562974180687
63898,5798,0.730228186669834,false,63898,5798,0.730228186669834
63898,105378305,0.7616674736857955,false,63898,105378305,0.7616674736857955
63898,57167,0.7825506435714987,false,63898,57167,0.7825506435714987
63898,168002,0.7344531938635779,false,63898,168002,0.7344531938635779
63898,109729169,0.7141094166330578,false,63898,109729169,0.7141094166330578
2277,653149,0.7149797838857773,false,2277,653149,0.7149797838857773
2277,81849,0.8254651143994235,false,2277,81849,0.8254651143994235
2277,107985492,0.7796241997741016,false,2277,107985492,0.7796241997741016
2277,112268037,0.9056191480157011,false,2277,112268037,0.9056191480157011
2277,6495,0.8613417676662422,false,2277,6495,0.8613417676662422
2277,3352,0.7534068961113259,false,2277,3352,0.7534068961113259
2277,79056,0.7715260756019402,false,2277,79056,0.7715260756019402
2277,9388,0.8587359692455122,false,2277,9388,0.8587359692455122
2277,54101,0.869512582093676,false,2277,54101,0.869512582093676
2277,143662,0.8682638452850006,false,2277,143662,0.8682638452850006
2277,23286,0.8652459276988428,false,2277,23286,0.8652459276988428
2277,245972,0.7769304504337484,false,2277,245972,0.7769304504337484
2277,340273,0.8815915959875835,false,2277,340273,0.8815915959875835
2277,161291,0.7711335787432396,false,2277,161291,0.7711335787432396
2277,101927355,0.8900241069983411,false,2277,101927355,0.8900241069983411
2277,366,0.7743304965102005,false,2277,366,0.7743304965102005
2277,253650,0.8497989524080698,false,2277,253650,0.8497989524080698
2277,654499,0.8840850672074768,false,2277,654499,0.8840850672074768
2277,100996301,0.7763318971854835,false,2277,100996301,0.7763318971854835
57405,995,0.7181286682358666,false,57405,995,0.7181286682358666
57405,89958,0.7218034642036424,false,57405,89958,0.7218034642036424
57405,29128,0.7490151658484048,false,57405,29128,0.7490151658484048
57405,4288,0.7693405740157702,false,57405,4288,0.7693405740157702
57405,57082,0.8097807988790388,false,57405,57082,0.8097807988790388
57405,332,0.815125785224885,false,57405,332,0.815125785224885
57405,6241,0.7758436510036726,false,57405,6241,0.7758436510036726
57405,9156,0.7466811585841938,false,57405,9156,0.7466811585841938
57405,24137,0.800193412724743,false,57405,24137,0.800193412724743
57405,4605,0.7067298587240027,false,57405,4605,0.7067298587240027
57405,9787,0.7631112331596542,false,57405,9787,0.7631112331596542
57405,9212,0.7771893854743747,false,57405,9212,0.7771893854743747
57405,1063,0.7809946286880171,false,57405,1063,0.7809946286880171
57405,146909,0.7730916083232962,false,57405,146909,0.7730916083232962
57405,64151,0.828264958414698,false,57405,64151,0.828264958414698
57405,221150,0.7042401248859287,false,57405,221150,0.7042401248859287
57405,100507118,0.7725281170725506,false,57405,100507118,0.7725281170725506
57405,991,0.7944565874932853,false,57405,991,0.7944565874932853
57405,10615,0.8292274421918852,false,57405,10615,0.8292274421918852
3783,131578,0.750940279017467,false,3783,131578,0.750940279017467
3783,1690,0.8156363565045774,false,3783,1690,0.8156363565045774
3783,101929215,0.8276773959343228,false,3783,101929215,0.8276773959343228
3783,3664,0.8333835808555238,false,3783,3664,0.8333835808555238
3783,100506071,0.8392263853303977,false,3783,100506071,0.8392263853303977
3783,102723547,0.8585138374907703,false,3783,102723547,0.8585138374907703
5650,115019,0.725525158627026,false,5650,115019,0.725525158627026
5650,8471,0.7414268431966665,false,5650,8471,0.7414268431966665
5650,58,0.9197234938508334,false,5650,58,0.9197234938508334
5650,2019,0.9161686705481599,false,5650,2019,0.9161686705481599
5650,145873,0.8709923771650847,false,5650,145873,0.8709923771650847
5650,285987,0.9867292464808791,false,5650,285987,0.9867292464808791
5650,105373150,0.9722293425179668,false,5650,105373150,0.9722293425179668
5650,100506895,0.7319270262404618,false,5650,100506895,0.7319270262404618
5650,3502,0.899636752132219,false,5650,3502,0.899636752132219
5650,64699,0.7318817764906755,false,5650,64699,0.7318817764906755
5650,101928173,0.7094611447159433,false,5650,101928173,0.7094611447159433
5650,27237,0.8053609579474215,false,5650,27237,0.8053609579474215
5650,389336,0.943914675091424,false,5650,389336,0.943914675091424
5650,25818,0.9959215669257395,false,5650,25818,0.9959215669257395
5650,4004,0.9884071209343599,false,5650,4004,0.9884071209343599
5650,4973,0.8258521464947592,false,5650,4973,0.8258521464947592
5650,28946,0.7769654640579705,false,5650,28946,0.7769654640579705
5650,102724714,0.7218183603066846,false,5650,102724714,0.7218183603066846
5650,28809,0.9722837759999021,false,5650,28809,0.9722837759999021
5650,5653,0.9841997234738543,false,5650,5653,0.9841997234738543
105371737,1813,0.9430151752934505,false,105371737,1813,0.9430151752934505
105371737,151760,0.7251403945975226,false,105371737,151760,0.7251403945975226
653149,3135,0.8290856531601712,false,653149,3135,0.8290856531601712
653149,112268037,0.7293549165785727,false,653149,112268037,0.7293549165785727
653149,6495,0.755190973880417,false,653149,6495,0.755190973880417
653149,3352,0.7180673211007896,false,653149,3352,0.7180673211007896
653149,79056,0.9200152625026025,false,653149,79056,0.9200152625026025
653149,54101,0.7854981658028359,false,653149,54101,0.7854981658028359
653149,143662,0.7838923232219542,false,653149,143662,0.7838923232219542
653149,23286,0.7525483390595852,false,653149,23286,0.7525483390595852
653149,340273,0.7911024685075058,false,653149,340273,0.7911024685075058
653149,161291,0.7502810060866089,false,653149,161291,0.7502810060866089
653149,101927355,0.7363463068327493,false,653149,101927355,0.7363463068327493
653149,654499,0.7887273660955989,false,653149,654499,0.7887273660955989
995,4288,0.8800290080253947,false,995,4288,0.8800290080253947
995,158511,0.7164215285573571,false,995,158511,0.7164215285573571
995,332,0.9137585968583457,false,995,332,0.9137585968583457
995,157570,0.7188871726192477,false,995,157570,0.7188871726192477
995,55872,0.770262016944438,false,995,55872,0.770262016944438
995,9700,0.7079411152808508,false,995,9700,0.7079411152808508
995,107985017,0.7348109945754848,false,995,107985017,0.7348109945754848
995,6241,0.917844446919067,false,995,6241,0.917844446919067
995,83903,0.7525260939153762,false,995,83903,0.7525260939153762
995,24137,0.817381684584435,false,995,24137,0.817381684584435
995,112937,0.7607834564610197,false,995,112937,0.7607834564610197
995,55723,0.7444980691013102,false,995,55723,0.7444980691013102
995,9787,0.8950097408790213,false,995,9787,0.8950097408790213
995,9212,0.8549053899932679,false,995,9212,0.8549053899932679
995,1063,0.8960654490106337,false,995,1063,0.8960654490106337
995,146909,0.8289715814129605,false,995,146909,0.8289715814129605
995,1058,0.7232354453694481,false,995,1058,0.7232354453694481
995,3833,0.8807707785054999,false,995,3833,0.8807707785054999
995,221150,0.7281708058326399,false,995,221150,0.7281708058326399
995,100507118,0.8287201146354073,false,995,100507118,0.8287201146354073
995,991,0.900100812397513,false,995,991,0.900100812397513
995,10615,0.7362424696779333,false,995,10615,0.7362424696779333
89958,101928658,0.7514352524155224,false,89958,101928658,0.7514352524155224
89958,4605,0.8784482801905646,false,89958,4605,0.8784482801905646
89958,107984129,0.722032058694017,false,89958,107984129,0.722032058694017
89958,991,0.7161873216588296,false,89958,991,0.7161873216588296
89958,10615,0.7085698845403445,false,89958,10615,0.7085698845403445
56300,374946,0.7515281675663921,false,56300,374946,0.7515281675663921
56300,3229,0.798338450256148,false,56300,3229,0.798338450256148
56300,387895,0.8218324238073816,false,56300,387895,0.8218324238073816
56300,347252,0.7467914490618708,false,56300,347252,0.7467914490618708
56300,6362,0.821520783698138,false,56300,6362,0.821520783698138
107986606,107985492,0.7818736640689091,false,107986606,107985492,0.7818736640689091
107986606,6495,0.7824003026607209,false,107986606,6495,0.7824003026607209
107986606,23286,0.7268158648954447,false,107986606,23286,0.7268158648954447
107986606,4547,0.755376594474008,false,107986606,4547,0.755376594474008
107986606,100996301,0.7470773229766835,false,107986606,100996301,0.7470773229766835
50614,387978,0.8168045534750004,false,50614,387978,0.8168045534750004
50614,27299,0.7438273392225928,false,50614,27299,0.7438273392225928
50614,6664,0.827327265489932,false,50614,6664,0.827327265489932
50614,64843,0.8101248876419747,false,50614,64843,0.8101248876419747
50614,105375894,0.9016771923661376,false,50614,105375894,0.9016771923661376
50614,9928,0.7636350278547528,false,50614,9928,0.7636350278547528
50614,4547,0.7016494706221658,false,50614,4547,0.7016494706221658
115019,285987,0.7182537933414546,false,115019,285987,0.7182537933414546
115019,55057,0.7545322885999882,false,115019,55057,0.7545322885999882
115019,105377123,0.8763598385705668,false,115019,105377123,0.8763598385705668
115019,3502,0.7035706062547293,false,115019,3502,0.7035706062547293
115019,389336,0.8058928715973277,false,115019,389336,0.8058928715973277
115019,25818,0.7157188493325465,false,115019,25818,0.7157188493325465
115019,4004,0.7101009164391295,false,115019,4004,0.7101009164391295
115019,28809,0.7242882316329048,false,115019,28809,0.7242882316329048
115019,4825,0.7000735595637166,false,115019,4825,0.7000735595637166
115019,5653,0.7827307431639559,false,115019,5653,0.7827307431639559
91828,107985017,0.8215921413306092,false,91828,107985017,0.8215921413306092
91828,100506071,0.7315560871854268,false,91828,100506071,0.7315560871854268
91828,1058,0.7318381199902105,false,91828,1058,0.7318381199902105
91828,102723834,0.8207132729508737,false,91828,102723834,0.8207132729508737
29128,3832,0.7567705976999453,false,29128,3832,0.7567705976999453
29128,9055,0.8811585278171499,false,29128,9055,0.8811585278171499
29128,4001,0.8484400535743611,false,29128,4001,0.8484400535743611
29128,57082,0.84352765352476,false,29128,57082,0.84352765352476
29128,332,0.7249664548597847,false,29128,332,0.7249664548597847
29128,55247,0.8478971112737735,false,29128,55247,0.8478971112737735
29128,55872,0.8977123509018483,false,29128,55872,0.8977123509018483
29128,7153,0.9279773141739688,false,29128,7153,0.9279773141739688
29128,891,0.8488840865264561,false,29128,891,0.8488840865264561
29128,4751,0.8325927470862902,false,29128,4751,0.8325927470862902
29128,6241,0.8226320889176024,false,29128,6241,0.8226320889176024
29128,24137,0.904101676085054,false,29128,24137,0.904101676085054
29128,55635,0.7579380274269568,false,29128,55635,0.7579380274269568
29128,9787,0.8225733578330015,false,29128,9787,0.8225733578330015
29128,699,0.7557058603943039,false,29128,699,0.7557058603943039
29128,1063,0.8019197130600717,false,29128,1063,0.8019197130600717
29128,23397,0.8225266596538909,false,29128,23397,0.8225266596538909
29128,9928,0.7852114885944284,false,29128,9928,0.7852114885944284
29128,64151,0.9214982622201147,false,29128,64151,0.9214982622201147
29128,221150,0.9155872547878486,false,29128,221150,0.9155872547878486
29128,100507118,0.8896908532986216,false,29128,100507118,0.8896908532986216
29128,100288637,0.8145399945811482,false,29128,100288637,0.8145399945811482
6768,58,0.7319215494002324,false,6768,58,0.7319215494002324
6768,285987,0.7296806095399946,false,6768,285987,0.7296806095399946
6768,3502,0.7859705058883001,false,6768,3502,0.7859705058883001
6768,4004,0.7066796248160105,false,6768,4004,0.7066796248160105
6768,28946,0.7595982412221985,false,6768,28946,0.7595982412221985
6768,28809,0.7539566569999934,false,6768,28809,0.7539566569999934
6768,5653,0.7149435324631431,false,6768,5653,0.7149435324631431
374946,7477,0.7858153093106104,false,374946,7477,0.7858153093106104
374946,344,0.7597451296074017,false,374946,344,0.7597451296074017
374946,3229,0.7719557627334043,false,374946,3229,0.7719557627334043
374946,100533990,0.7689338008237471,false,374946,100533990,0.7689338008237471
374946,387895,0.8213651855076112,false,374946,387895,0.8213651855076112
374946,101928658,0.8081153755394372,false,374946,101928658,0.8081153755394372
374946,11075,0.7703114627651885,false,374946,11075,0.7703114627651885
374946,5798,0.9006930927614796,false,374946,5798,0.9006930927614796
374946,2250,0.7576556679011338,false,374946,2250,0.7576556679011338
374946,647309,0.8581681905467051,false,374946,647309,0.8581681905467051
374946,57167,0.8088752818263958,false,374946,57167,0.8088752818263958
374946,6362,0.7130751040428592,false,374946,6362,0.7130751040428592
374946,168002,0.7086176859091461,false,374946,168002,0.7086176859091461
374946,109729169,0.8298832856058433,false,374946,109729169,0.8298832856058433
4288,332,0.7879034716881463,false,4288,332,0.7879034716881463
4288,9700,0.8431782332922695,false,4288,9700,0.8431782332922695
4288,107985017,0.7412197644406793,false,4288,107985017,0.7412197644406793
4288,6241,0.8272165750088111,false,4288,6241,0.8272165750088111
4288,24137,0.7615198469012215,false,4288,24137,0.7615198469012215
4288,112937,0.7915544183600681,false,4288,112937,0.7915544183600681
4288,4605,0.7049799309557788,false,4288,4605,0.7049799309557788
4288,55723,0.7039663753392097,false,4288,55723,0.7039663753392097
4288,9787,0.8949863619007493,false,4288,9787,0.8949863619007493
4288,9212,0.9281841320965126,false,4288,9212,0.9281841320965126
4288,1063,0.8293334147858306,false,4288,1063,0.8293334147858306
4288,146909,0.8570367538567044,false,4288,146909,0.8570367538567044
4288,3833,0.8628881618450582,false,4288,3833,0.8628881618450582
4288,64151,0.7272479522527633,false,4288,64151,0.7272479522527633
4288,221150,0.7393470282145568,false,4288,221150,0.7393470282145568
4288,100507118,0.7374860463514782,false,4288,100507118,0.7374860463514782
4288,991,0.9700945063717785,false,4288,991,0.9700945063717785
4288,10615,0.8765791124858184,false,4288,10615,0.8765791124858184
158511,112937,0.8798581793542953,false,158511,112937,0.8798581793542953
158511,3664,0.7121918276631347,false,158511,3664,0.7121918276631347
158511,9212,0.7391190400333479,false,158511,9212,0.7391190400333479
158511,105371664,0.7662644194413055,false,158511,105371664,0.7662644194413055
158511,3833,0.7938526516329196,false,158511,3833,0.7938526516329196
158511,3670,0.7738268907797076,false,158511,3670,0.7738268907797076
158511,102723834,0.7499224377015837,false,158511,102723834,0.7499224377015837
158511,102723547,0.7833451264353105,false,158511,102723547,0.7833451264353105
81849,107985492,0.9247186271545159,false,81849,107985492,0.9247186271545159
81849,3135,0.7404430527063645,false,81849,3135,0.7404430527063645
81849,112268037,0.8623835499180394,false,81849,112268037,0.8623835499180394
81849,6495,0.8334519664235964,false,81849,6495,0.8334519664235964
81849,105375690,0.7745850822556323,false,81849,105375690,0.7745850822556323
81849,3352,0.7555689378210011,false,81849,3352,0.7555689378210011
81849,79056,0.7670829210609194,false,81849,79056,0.7670829210609194
81849,9388,0.8285529680027081,false,81849,9388,0.8285529680027081
81849,54101,0.881452035071237,false,81849,54101,0.881452035071237
81849,143662,0.8714411882321427,false,81849,143662,0.8714411882321427
81849,23286,0.8791470396500654,false,81849,23286,0.8791470396500654
81849,245972,0.8073668665869005,false,81849,245972,0.8073668665869005
81849,340273,0.8802468917931461,false,81849,340273,0.8802468917931461
81849,101101772,0.815432528959689,false,81849,101101772,0.815432528959689
81849,161291,0.727805042791339,false,81849,161291,0.727805042791339
81849,101927355,0.9148447070517837,false,81849,101927355,0.9148447070517837
81849,253650,0.8970237885519153,false,81849,253650,0.8970237885519153
81849,654499,0.8799142843573338,false,81849,654499,0.8799142843573338
81849,100996301,0.9591812904207527,false,81849,100996301,0.9591812904207527
3832,9055,0.7531355820727275,false,3832,9055,0.7531355820727275
3832,57082,0.7025802685854056,false,3832,57082,0.7025802685854056
3832,157570,0.7900370740662958,false,3832,157570,0.7900370740662958
3832,55247,0.7852157408095162,false,3832,55247,0.7852157408095162
3832,11130,0.7439135033453729,false,3832,11130,0.7439135033453729
3832,55872,0.817260403289417,false,3832,55872,0.817260403289417
3832,7153,0.8882728143827696,false,3832,7153,0.8882728143827696
3832,4751,0.8965673277792163,false,3832,4751,0.8965673277792163
3832,6241,0.728503234736316,false,3832,6241,0.728503234736316
3832,83903,0.7336313790660847,false,3832,83903,0.7336313790660847
3832,24137,0.7872458607539314,false,3832,24137,0.7872458607539314
3832,55635,0.8544899837669444,false,3832,55635,0.8544899837669444
3832,1063,0.7248415626877347,false,3832,1063,0.7248415626877347
3832,23397,0.7897513413790737,false,3832,23397,0.7897513413790737
3832,100507118,0.7629504166906096,false,3832,100507118,0.7629504166906096
9055,4001,0.8383177147741171,false,9055,4001,0.8383177147741171
9055,57082,0.7426655178533866,false,9055,57082,0.7426655178533866
9055,157570,0.7087876740126934,false,9055,157570,0.7087876740126934
9055,55247,0.876345161707772,false,9055,55247,0.876345161707772
9055,55872,0.9471237832194981,false,9055,55872,0.9471237832194981
9055,7153,0.8736907313675543,false,9055,7153,0.8736907313675543
9055,891,0.8438233712951269,false,9055,891,0.8438233712951269
9055,4751,0.9044527067090651,false,9055,4751,0.9044527067090651
9055,6241,0.7916836241472396,false,9055,6241,0.7916836241472396
9055,83903,0.8248386073603798,false,9055,83903,0.8248386073603798
9055,24137,0.777363205306837,false,9055,24137,0.777363205306837
9055,55635,0.7150651698127467,false,9055,55635,0.7150651698127467
9055,55723,0.7241986599426958,false,9055,55723,0.7241986599426958
9055,9787,0.8151058139173203,false,9055,9787,0.8151058139173203
9055,1063,0.8149610103803311,false,9055,1063,0.8149610103803311
9055,23397,0.7098576984424407,false,9055,23397,0.7098576984424407
9055,9928,0.7802002817095017,false,9055,9928,0.7802002817095017
9055,64151,0.7933700157265394,false,9055,64151,0.7933700157265394
9055,221150,0.8861744317436654,false,9055,221150,0.8861744317436654
9055,100507118,0.9221976130437901,false,9055,100507118,0.9221976130437901
9055,100288637,0.7499341215281863,false,9055,100288637,0.7499341215281863
8471,58,0.7196363382329737,false,8471,58,0.7196363382329737
8471,285987,0.7459017400450592,false,8471,285987,0.7459017400450592
8471,105373150,0.822408190712943,false,8471,105373150,0.822408190712943
8471,100506895,0.8854706114118598,false,8471,100506895,0.8854706114118598
8471,55765,0.8035910248260418,false,8471,55765,0.8035910248260418
8471,25818,0.7180886336971819,false,8471,25818,0.7180886336971819
8471,4004,0.7420730559257709,false,8471,4004,0.7420730559257709
8471,4973,0.8569317813909835,false,8471,4973,0.8569317813909835
8471,28809,0.7256545356872405,false,8471,28809,0.7256545356872405
8471,5653,0.7221291532212898,false,8471,5653,0.7221291532212898
7545,79191,0.7006569200177498,false,7545,79191,0.7006569200177498
7545,107984129,0.7655282529112705,false,7545,107984129,0.7655282529112705
7545,105371275,0.8957727660880719,false,7545,105371275,0.8957727660880719
131578,101929215,0.7947432492236659,false,131578,101929215,0.7947432492236659
131578,112937,0.7835637482752011,false,131578,112937,0.7835637482752011
131578,105371664,0.7297606333820048,false,131578,105371664,0.7297606333820048
4001,57082,0.7937760818100937,false,4001,57082,0.7937760818100937
4001,3604,0.7837992424557884,false,4001,3604,0.7837992424557884
4001,55247,0.799692310087012,false,4001,55247,0.799692310087012
4001,387978,0.8161268796550503,false,4001,387978,0.8161268796550503
4001,55872,0.8127340311751818,false,4001,55872,0.8127340311751818
4001,7153,0.7846647203642497,false,4001,7153,0.7846647203642497
4001,4751,0.7165349937650676,false,4001,4751,0.7165349937650676
4001,27299,0.8215239691658818,false,4001,27299,0.8215239691658818
4001,6664,0.8311208938517355,false,4001,6664,0.8311208938517355
4001,64843,0.7983709340276449,false,4001,64843,0.7983709340276449
4001,699,0.7734039666408676,false,4001,699,0.7734039666408676
4001,23397,0.7002686360215296,false,4001,23397,0.7002686360215296
4001,9928,0.8101678302022186,false,4001,9928,0.8101678302022186
4001,4547,0.7958787011186388,false,4001,4547,0.7958787011186388
4001,64151,0.8402445291309698,false,4001,64151,0.8402445291309698
4001,221150,0.7650757584659443,false,4001,221150,0.7650757584659443
4001,100288637,0.7726738477716047,false,4001,100288637,0.7726738477716047
57082,332,0.7056961056637674,false,57082,332,0.7056961056637674
57082,55247,0.7833829655429162,false,57082,55247,0.7833829655429162
57082,55872,0.8241809619175187,false,57082,55872,0.8241809619175187
57082,7153,0.8617426061848732,false,57082,7153,0.8617426061848732
57082,891,0.7377912860877084,false,57082,891,0.7377912860877084
57082,4751,0.7070538744223972,false,57082,4751,0.7070538744223972
57082,6241,0.739467346164635,false,57082,6241,0.739467346164635
57082,24137,0.7989320322967802,false,57082,24137,0.7989320322967802
57082,6664,0.7080206325517977,false,57082,6664,0.7080206325517977
57082,1063,0.7401587569141904,false,57082,1063,0.7401587569141904
57082,23397,0.7296642437783206,false,57082,23397,0.7296642437783206
57082,9928,0.8693080475869818,false,57082,9928,0.8693080475869818
57082,64151,0.9276316579309279,false,57082,64151,0.9276316579309279
57082,221150,0.7667605089859904,false,57082,221150,0.7667605089859904
57082,100507118,0.7579990152296657,false,57082,100507118,0.7579990152296657
107985492,112268037,0.8407505423018824,false,107985492,112268037,0.8407505423018824
107985492,6495,0.8873435761040771,false,107985492,6495,0.8873435761040771
107985492,105375690,0.8834849476240892,false,107985492,105375690,0.8834849476240892
107985492,3352,0.755018145781222,false,107985492,3352,0.755018145781222
107985492,79056,0.8312043979222008,false,107985492,79056,0.8312043979222008
107985492,10993,0.7084835642973719,false,107985492,10993,0.7084835642973719
107985492,9388,0.7977102603188719,false,107985492,9388,0.7977102603188719
107985492,54101,0.9075896305243348,false,107985492,54101,0.9075896305243348
107985492,143662,0.9049102585438733,false,107985492,143662,0.9049102585438733
107985492,23286,0.9362265076289392,false,107985492,23286,0.9362265076289392
107985492,245972,0.717608994837652,false,107985492,245972,0.717608994837652
107985492,340273,0.9139235504401106,false,107985492,340273,0.9139235504401106
107985492,101101772,0.8330714254337098,false,107985492,101101772,0.8330714254337098
107985492,161291,0.7705838619362815,false,107985492,161291,0.7705838619362815
107985492,101927355,0.930618556117632,false,107985492,101927355,0.930618556117632
107985492,253650,0.9137405768569055,false,107985492,253650,0.9137405768569055
107985492,654499,0.9118419160789477,false,107985492,654499,0.9118419160789477
107985492,100996301,0.9769675159602049,false,107985492,100996301,0.9769675159602049
332,157570,0.7020727777603932,false,332,157570,0.7020727777603932
332,55872,0.7507948320737337,false,332,55872,0.7507948320737337
332,7153,0.728703935744807,false,332,7153,0.728703935744807
332,891,0.7860881433182053,false,332,891,0.7860881433182053
332,6241,0.9323464575259552,false,332,6241,0.9323464575259552
332,9156,0.8179565674613593,false,332,9156,0.8179565674613593
332,8318,0.734224028673828,false,332,8318,0.734224028673828
332,83903,0.7378587988942339,false,332,83903,0.7378587988942339
332,24137,0.8768611957037917,false,332,24137,0.8768611957037917
332,4605,0.7146304400976786,false,332,4605,0.7146304400976786
332,9787,0.8952779549847368,false,332,9787,0.8952779549847368
332,9212,0.8129920711305322,false,332,9212,0.8129920711305322
332,1063,0.8773449459518563,false,332,1063,0.8773449459518563
332,146909,0.7741898282441878,false,332,146909,0.7741898282441878
332,64151,0.7580514224319694,false,332,64151,0.7580514224319694
332,221150,0.7146559144420299,false,332,221150,0.7146559144420299
332,100507118,0.8059633288693028,false,332,100507118,0.8059633288693028
332,991,0.8326651040265621,false,332,991,0.8326651040265621
332,10615,0.7102388410386673,false,332,10615,0.7102388410386673
7477,344,0.8814461950285826,false,7477,344,0.8814461950285826
7477,7020,0.7437746539229924,false,7477,7020,0.7437746539229924
7477,79191,0.9096329355955345,false,7477,79191,0.9096329355955345
7477,100533990,0.8407821515671785,false,7477,100533990,0.8407821515671785
7477,101928658,0.7399022858119055,false,7477,101928658,0.7399022858119055
7477,2297,0.8206719220730386,false,7477,2297,0.8206719220730386
7477,10993,0.7621654702423319,false,7477,10993,0.7621654702423319
7477,26289,0.7195940702145892,false,7477,26289,0.7195940702145892
7477,5798,0.8241026022133803,false,7477,5798,0.8241026022133803
7477,105378305,0.7922296340023041,false,7477,105378305,0.7922296340023041
7477,107984129,0.7359009270102814,false,7477,107984129,0.7359009270102814
7477,57167,0.9404265295823732,false,7477,57167,0.9404265295823732
7477,168002,0.8748242557501789,false,7477,168002,0.8748242557501789
7477,109729169,0.7365622623945294,false,7477,109729169,0.7365622623945294
344,7020,0.7364494450128746,false,344,7020,0.7364494450128746
344,79191,0.8571801991961239,false,344,79191,0.8571801991961239
344,100533990,0.9798188863764357,false,344,100533990,0.9798188863764357
344,101928658,0.7065025085469991,false,344,101928658,0.7065025085469991
344,11075,0.7388866338858375,false,344,11075,0.7388866338858375
344,5798,0.9132199544221286,false,344,5798,0.9132199544221286
344,105378305,0.7979304673599125,false,344,105378305,0.7979304673599125
344,107984129,0.7047602753824852,false,344,107984129,0.7047602753824852
344,29991,0.7020959792309213,false,344,29991,0.7020959792309213
344,647309,0.8037630324640467,false,344,647309,0.8037630324640467
344,57167,0.817400069691377,false,344,57167,0.817400069691377
344,168002,0.8555466948009934,false,344,168002,0.8555466948009934
344,109729169,0.847526962449974,false,344,109729169,0.847526962449974
731220,3053,0.70969298418553,false,731220,3053,0.70969298418553
731220,3229,0.8105628530254122,false,731220,3229,0.8105628530254122
731220,105375690,0.7055110271526452,false,731220,105375690,0.7055110271526452
731220,387895,0.7862935274772389,false,731220,387895,0.7862935274772389
731220,115701,0.7405832437328291,false,731220,115701,0.7405832437328291
731220,11075,0.8446070423920748,false,731220,11075,0.8446070423920748
731220,105377508,0.7247450622610538,false,731220,105377508,0.7247450622610538
731220,2250,0.7020138630785189,false,731220,2250,0.7020138630785189
731220,105376041,0.8631960525234749,false,731220,105376041,0.8631960525234749
731220,647309,0.8073221786077113,false,731220,647309,0.8073221786077113
731220,6362,0.735123024621493,false,731220,6362,0.735123024621493
731220,554202,0.788535542937451,false,731220,554202,0.788535542937451
731220,105372950,0.717726972603584,false,731220,105372950,0.717726972603584
731220,80329,0.7583568781396038,false,731220,80329,0.7583568781396038
731220,109729169,0.7166008339142083,false,731220,109729169,0.7166008339142083
731220,4825,0.7100948419859533,false,731220,4825,0.7100948419859533
4283,339256,0.8312141545409152,false,4283,339256,0.8312141545409152
4283,101929690,0.8559746114878843,false,4283,101929690,0.8559746114878843
4283,147741,0.9601448669059157,false,4283,147741,0.9601448669059157
4283,100506655,0.9268722723288645,false,4283,100506655,0.9268722723288645
105371152,79674,0.7406020422743992,false,105371152,79674,0.7406020422743992
105371152,3502,0.802711645383277,false,105371152,3502,0.802711645383277
105371152,28946,0.9195614525586527,false,105371152,28946,0.9195614525586527
105371152,3512,0.8740568940933789,false,105371152,3512,0.8740568940933789
105371152,28809,0.703842450532229,false,105371152,28809,0.703842450532229
3053,3229,0.8011689496700369,false,3053,3229,0.8011689496700369
3053,100533990,0.7152008662648105,false,3053,100533990,0.7152008662648105
3053,387895,0.8341976122778513,false,3053,387895,0.8341976122778513
3053,115701,0.7229575968738374,false,3053,115701,0.7229575968738374
3053,11075,0.7589720975307748,false,3053,11075,0.7589720975307748
3053,5798,0.754654992403887,false,3053,5798,0.754654992403887
3053,105377508,0.807373038249619,false,3053,105377508,0.807373038249619
3053,84561,0.8912955837346165,false,3053,84561,0.8912955837346165
3053,105376041,0.9006175999980061,false,3053,105376041,0.9006175999980061
3053,647309,0.8845158618572636,false,3053,647309,0.8845158618572636
3053,554202,0.7505726793425537,false,3053,554202,0.7505726793425537
3053,105372950,0.8491015352899669,false,3053,105372950,0.8491015352899669
3053,109729169,0.8474416326393378,false,3053,109729169,0.8474416326393378
339256,101929690,0.7045213339267089,false,339256,101929690,0.7045213339267089
339256,147741,0.8122246459027301,false,339256,147741,0.8122246459027301
58,2019,0.8386148444898704,false,58,2019,0.8386148444898704
58,145873,0.9215791826786112,false,58,145873,0.9215791826786112
58,285987,0.9442280489035388,false,58,285987,0.9442280489035388
58,105373150,0.9249551949450026,false,58,105373150,0.9249551949450026
58,55765,0.7092839630993605,false,58,55765,0.7092839630993605
58,3502,0.8874643773800512,false,58,3502,0.8874643773800512
58,27237,0.7232837324964103,false,58,27237,0.7232837324964103
58,389336,0.8529621614966871,false,58,389336,0.8529621614966871
58,25818,0.9054644519638005,false,58,25818,0.9054644519638005
58,4004,0.9309973696743636,false,58,4004,0.9309973696743636
58,4973,0.7619688359022748,false,58,4973,0.7619688359022748
58,28946,0.7369481770949878,false,58,28946,0.7369481770949878
58,102724714,0.802747691921835,false,58,102724714,0.802747691921835
58,28809,0.930556567897488,false,58,28809,0.930556567897488
58,5653,0.9059817318148015,false,58,5653,0.9059817318148015
5008,113218482,0.7117451909757944,false,5008,113218482,0.7117451909757944
5008,56896,0.7486329451179837,false,5008,56896,0.7486329451179837
5008,9758,0.7188009383316097,false,5008,9758,0.7188009383316097
5008,1404,0.7681473486612379,false,5008,1404,0.7681473486612379
3604,387978,0.9190591632417692,false,3604,387978,0.9190591632417692
3604,27299,0.932520513007713,false,3604,27299,0.932520513007713
3604,6664,0.9091423655560397,false,3604,6664,0.9091423655560397
3604,64843,0.9172297110613643,false,3604,64843,0.9172297110613643
3604,101060400,0.8359945897245344,false,3604,101060400,0.8359945897245344
3604,4547,0.7907195987802818,false,3604,4547,0.7907195987802818
3604,3627,0.758486572331921,false,3604,3627,0.758486572331921
157570,55872,0.7893669566408367,false,157570,55872,0.7893669566408367
157570,7153,0.748371817506632,false,157570,7153,0.748371817506632
157570,4751,0.7683711323863978,false,157570,4751,0.7683711323863978
157570,6241,0.7300903241214397,false,157570,6241,0.7300903241214397
157570,83903,0.8018496210611438,false,157570,83903,0.8018496210611438
157570,100507118,0.7008622837267747,false,157570,100507118,0.7008622837267747
7020,79191,0.8055867931510986,false,7020,79191,0.8055867931510986
7020,105378305,0.7794679856214081,false,7020,105378305,0.7794679856214081
7020,29991,0.7258600632569584,false,7020,29991,0.7258600632569584
7020,168002,0.7503228351577078,false,7020,168002,0.7503228351577078
2019,145873,0.8416353765130895,false,2019,145873,0.8416353765130895
2019,285987,0.9215412605261275,false,2019,285987,0.9215412605261275
2019,55057,0.7172852962792367,false,2019,55057,0.7172852962792367
2019,105373150,0.8802611479430814,false,2019,105373150,0.8802611479430814
2019,3502,0.8188298714525446,false,2019,3502,0.8188298714525446
2019,64699,0.7198847492865256,false,2019,64699,0.7198847492865256
2019,27237,0.7216591799078588,false,2019,27237,0.7216591799078588
2019,389336,0.8752571873731757,false,2019,389336,0.8752571873731757
2019,25818,0.9052067551034179,false,2019,25818,0.9052067551034179
2019,4004,0.920649676336147,false,2019,4004,0.920649676336147
2019,4973,0.7314527087231303,false,2019,4973,0.7314527087231303
2019,28946,0.7158673202751608,false,2019,28946,0.7158673202751608
2019,28809,0.903849761796643,false,2019,28809,0.903849761796643
2019,5653,0.9037665123757374,false,2019,5653,0.9037665123757374
3135,112268037,0.7726268669732322,false,3135,112268037,0.7726268669732322
3135,6495,0.770104655945261,false,3135,6495,0.770104655945261
3135,3352,0.7568017369592612,false,3135,3352,0.7568017369592612
3135,79056,0.8740888757236134,false,3135,79056,0.8740888757236134
3135,50852,0.7481426130216517,false,3135,50852,0.7481426130216517
3135,54101,0.7909923175325104,false,3135,54101,0.7909923175325104
3135,143662,0.7947088396614157,false,3135,143662,0.7947088396614157
3135,23286,0.7311968073207187,false,3135,23286,0.7311968073207187
3135,340273,0.790158307822265,false,3135,340273,0.790158307822265
3135,101927355,0.7913669443213551,false,3135,101927355,0.7913669443213551
3135,3239,0.8260769355156002,false,3135,3239,0.8260769355156002
3135,253650,0.7369642069811607,false,3135,253650,0.7369642069811607
3135,654499,0.7901742374107192,false,3135,654499,0.7901742374107192
3135,100996301,0.7469453607232229,false,3135,100996301,0.7469453607232229
594855,5865,0.8644948126421966,false,594855,5865,0.8644948126421966
594855,3580,0.7941892802924526,false,594855,3580,0.7941892802924526
594855,9312,0.7722931027392871,false,594855,9312,0.7722931027392871
594855,116173,0.848912154958221,false,594855,116173,0.848912154958221
594855,101927686,0.7495882156264029,false,594855,101927686,0.7495882156264029
594855,3512,0.7561180460810185,false,594855,3512,0.7561180460810185
594855,6716,0.8576223021143142,false,594855,6716,0.8576223021143142
594855,219527,0.7776294504519378,false,594855,219527,0.7776294504519378
101929690,147741,0.8985117796279506,false,101929690,147741,0.8985117796279506
101929690,100506655,0.7314426065965091,false,101929690,100506655,0.7314426065965091
55247,11130,0.7110620685841462,false,55247,11130,0.7110620685841462
55247,387978,0.7733753037583931,false,55247,387978,0.7733753037583931
55247,55872,0.8627456245576036,false,55247,55872,0.8627456245576036
55247,7153,0.8718541869144566,false,55247,7153,0.8718541869144566
55247,891,0.7726958840804699,false,55247,891,0.7726958840804699
55247,4751,0.90081016625402,false,55247,4751,0.90081016625402
55247,27299,0.8058604762826056,false,55247,27299,0.8058604762826056
55247,83903,0.732019327077883,false,55247,83903,0.732019327077883
55247,24137,0.7713684893119404,false,55247,24137,0.7713684893119404
55247,55635,0.8058220634878093,false,55247,55635,0.8058220634878093
55247,6664,0.7647593564845447,false,55247,6664,0.7647593564845447
55247,64843,0.748414542561589,false,55247,64843,0.748414542561589
55247,1063,0.7238743786046238,false,55247,1063,0.7238743786046238
55247,23397,0.8244199842734298,false,55247,23397,0.8244199842734298
55247,9928,0.8640474317846142,false,55247,9928,0.8640474317846142
55247,64151,0.8415032062405061,false,55247,64151,0.8415032062405061
55247,221150,0.8351253535864841,false,55247,221150,0.8351253535864841
55247,100507118,0.7824025886000824,false,55247,100507118,0.7824025886000824
55247,100288637,0.8259784483590104,false,55247,100288637,0.8259784483590104
105375622,641,0.8338307371112352,false,105375622,641,0.8338307371112352
105375622,55789,0.7263346554944934,false,105375622,55789,0.7263346554944934
11130,4751,0.7667025906016721,false,11130,4751,0.7667025906016721
11130,55635,0.7189769531527204,false,11130,55635,0.7189769531527204
11130,699,0.8066640868035134,false,11130,699,0.8066640868035134
11130,23397,0.8528934561004655,false,11130,23397,0.8528934561004655
11130,100288637,0.7863578716369316,false,11130,100288637,0.7863578716369316
5865,3580,0.8648281072729331,false,5865,3580,0.8648281072729331
5865,9312,0.8871692367967768,false,5865,9312,0.8871692367967768
5865,116173,0.8815520362489201,false,5865,116173,0.8815520362489201
5865,101927686,0.8803897048398944,false,5865,101927686,0.8803897048398944
5865,3512,0.7889742515991234,false,5865,3512,0.7889742515991234
5865,6716,0.9491828793440323,false,5865,6716,0.9491828793440323
5865,219527,0.9339113914004845,false,5865,219527,0.9339113914004845
80328,4973,0.8608292851854619,false,80328,4973,0.8608292851854619
80328,28755,0.7018834702781062,false,80328,28755,0.7018834702781062
112268037,6495,0.8393310182976655,false,112268037,6495,0.8393310182976655
112268037,79056,0.7945696099249587,false,112268037,79056,0.7945696099249587
112268037,10993,0.7536467358452583,false,112268037,10993,0.7536467358452583
112268037,9388,0.9426702776142492,false,112268037,9388,0.9426702776142492
112268037,54101,0.8482558599040615,false,112268037,54101,0.8482558599040615
112268037,143662,0.8582556050932989,false,112268037,143662,0.8582556050932989
112268037,23286,0.8326154983042438,false,112268037,23286,0.8326154983042438
112268037,245972,0.7198519033440507,false,112268037,245972,0.7198519033440507
112268037,340273,0.8603641424317977,false,112268037,340273,0.8603641424317977
112268037,101101772,0.7042251491437589,false,112268037,101101772,0.7042251491437589
112268037,161291,0.7545287077943343,false,112268037,161291,0.7545287077943343
112268037,101927355,0.8802017175365692,false,112268037,101927355,0.8802017175365692
112268037,3239,0.7022064998328149,false,112268037,3239,0.7022064998328149
112268037,253650,0.9232286578157797,false,112268037,253650,0.9232286578157797
112268037,654499,0.86419052374455,false,112268037,654499,0.86419052374455
112268037,100996301,0.8211261272401883,false,112268037,100996301,0.8211261272401883
145873,285987,0.8838707858040837,false,145873,285987,0.8838707858040837
145873,55057,0.7124277773945805,false,145873,55057,0.7124277773945805
145873,105373150,0.8394252509773396,false,145873,105373150,0.8394252509773396
145873,3502,0.8218494939095288,false,145873,3502,0.8218494939095288
145873,389336,0.8012087337852212,false,145873,389336,0.8012087337852212
145873,25818,0.8535837474654215,false,145873,25818,0.8535837474654215
145873,4004,0.8749832336900748,false,145873,4004,0.8749832336900748
145873,28809,0.869533064954154,false,145873,28809,0.869533064954154
145873,5653,0.8504952267119896,false,145873,5653,0.8504952267119896
387978,27299,0.946003447978913,false,387978,27299,0.946003447978913
387978,6664,0.9906898777062029,false,387978,6664,0.9906898777062029
387978,64843,0.989658307089364,false,387978,64843,0.989658307089364
387978,101060400,0.7195247772579104,false,387978,101060400,0.7195247772579104
387978,105375894,0.7915782593258108,false,387978,105375894,0.7915782593258108
387978,9928,0.7129066088005055,false,387978,9928,0.7129066088005055
387978,4547,0.8680437243953687,false,387978,4547,0.8680437243953687
387978,64151,0.754271867500552,false,387978,64151,0.754271867500552
387978,3627,0.711736486502611,false,387978,3627,0.711736486502611
1690,101929215,0.7888032525036983,false,1690,101929215,0.7888032525036983
1690,26289,0.7195073535187199,false,1690,26289,0.7195073535187199
1690,3664,0.762976591496105,false,1690,3664,0.762976591496105
1690,100506071,0.9903658987607425,false,1690,100506071,0.9903658987607425
1690,102723834,0.7067579383010754,false,1690,102723834,0.7067579383010754
641,55789,0.7651237102836271,false,641,55789,0.7651237102836271
55872,7153,0.9153308888465731,false,55872,7153,0.9153308888465731
55872,891,0.8368558782075932,false,55872,891,0.8368558782075932
55872,4751,0.9190534902200811,false,55872,4751,0.9190534902200811
55872,6241,0.8655480946063216,false,55872,6241,0.8655480946063216
55872,83903,0.8423871940662377,false,55872,83903,0.8423871940662377
55872,24137,0.8808077534973944,false,55872,24137,0.8808077534973944
55872,55635,0.7556451001730021,false,55872,55635,0.7556451001730021
55872,9787,0.8329490471987718,false,55872,9787,0.8329490471987718
55872,699,0.7224822573336498,false,55872,699,0.7224822573336498
55872,1063,0.893161650521856,false,55872,1063,0.893161650521856
55872,23397,0.7900488417055093,false,55872,23397,0.7900488417055093
55872,9928,0.8333205519473509,false,55872,9928,0.8333205519473509
55872,3833,0.7180767455869641,false,55872,3833,0.7180767455869641
55872,64151,0.8426962753415357,false,55872,64151,0.8426962753415357
55872,221150,0.8959953815349287,false,55872,221150,0.8959953815349287
55872,100507118,0.9314180560814401,false,55872,100507118,0.9314180560814401
55872,100288637,0.7793071157191965,false,55872,100288637,0.7793071157191965
3580,9312,0.8709401490445969,false,3580,9312,0.8709401490445969
3580,116173,0.737655037027911,false,3580,116173,0.737655037027911
3580,101927686,0.8154206547083068,false,3580,101927686,0.8154206547083068
3580,3512,0.779665429995994,false,3580,3512,0.779665429995994
3580,6716,0.910448473424891,false,3580,6716,0.910448473424891
3580,219527,0.7466922426891073,false,3580,219527,0.7466922426891073
7153,891,0.8111523896909225,false,7153,891,0.8111523896909225
7153,4751,0.9235008348701552,false,7153,4751,0.9235008348701552
7153,6241,0.7956589199227874,false,7153,6241,0.7956589199227874
7153,83903,0.715615479842716,false,7153,83903,0.715615479842716
7153,24137,0.845668546582098,false,7153,24137,0.845668546582098
7153,55635,0.886276437473584,false,7153,55635,0.886276437473584
7153,9787,0.7269612279127788,false,7153,9787,0.7269612279127788
7153,699,0.750456217865878,false,7153,699,0.750456217865878
7153,1063,0.767217465351191,false,7153,1063,0.767217465351191
7153,23397,0.8243420177515494,false,7153,23397,0.8243420177515494
7153,9928,0.8785749818210046,false,7153,9928,0.8785749818210046
7153,64151,0.8448965362862781,false,7153,64151,0.8448965362862781
7153,221150,0.7968313651323651,false,7153,221150,0.7968313651323651
7153,100507118,0.8624998495637601,false,7153,100507118,0.8624998495637601
7153,100288637,0.8178795874880679,false,7153,100288637,0.8178795874880679
9700,107985017,0.8439128522672478,false,9700,107985017,0.8439128522672478
9700,112937,0.7059624132872887,false,9700,112937,0.7059624132872887
9700,9787,0.766436349613177,false,9700,9787,0.766436349613177
9700,9212,0.7859720797227989,false,9700,9212,0.7859720797227989
9700,6790,0.7872470111634987,false,9700,6790,0.7872470111634987
9700,146909,0.7176377871365077,false,9700,146909,0.7176377871365077
9700,3833,0.8467106626222083,false,9700,3833,0.8467106626222083
9700,991,0.843746805585941,false,9700,991,0.843746805585941
891,4751,0.8119112641131978,false,891,4751,0.8119112641131978
891,6241,0.8356842528032355,false,891,6241,0.8356842528032355
891,83903,0.7691050072210099,false,891,83903,0.7691050072210099
891,24137,0.8209736728849056,false,891,24137,0.8209736728849056
891,55723,0.7548965078913914,false,891,55723,0.7548965078913914
891,9787,0.8275904126134912,false,891,9787,0.8275904126134912
891,1063,0.7309538024960431,false,891,1063,0.7309538024960431
891,9928,0.7394619034999236,false,891,9928,0.7394619034999236
891,64151,0.8192242949782491,false,891,64151,0.8192242949782491
891,221150,0.8804617192164137,false,891,221150,0.8804617192164137
891,100507118,0.8145759383660871,false,891,100507118,0.8145759383660871
3229,387895,0.976095827875042,false,3229,387895,0.976095827875042
3229,347252,0.7158383544174524,false,3229,347252,0.7158383544174524
3229,115701,0.9104199133793668,false,3229,115701,0.9104199133793668
3229,11075,0.7922290883236167,false,3229,11075,0.7922290883236167
3229,105377508,0.8339644115132367,false,3229,105377508,0.8339644115132367
3229,2250,0.8468232035177734,false,3229,2250,0.8468232035177734
3229,84561,0.7523613785099152,false,3229,84561,0.7523613785099152
3229,105376041,0.9389594430215018,false,3229,105376041,0.9389594430215018
3229,647309,0.8543453459861134,false,3229,647309,0.8543453459861134
3229,6362,0.8285320885269781,false,3229,6362,0.8285320885269781
3229,554202,0.7144002572867508,false,3229,554202,0.7144002572867508
3229,105372950,0.7789119815559264,false,3229,105372950,0.7789119815559264
3229,80329,0.7811977034445057,false,3229,80329,0.7811977034445057
3229,109729169,0.7490675224057585,false,3229,109729169,0.7490675224057585
3229,4825,0.724850956862089,false,3229,4825,0.724850956862089
4751,6241,0.7456987133040641,false,4751,6241,0.7456987133040641
4751,83903,0.8114314993194327,false,4751,83903,0.8114314993194327
4751,24137,0.781975758106178,false,4751,24137,0.781975758106178
4751,55635,0.8352907961058453,false,4751,55635,0.8352907961058453
4751,9787,0.7068146718351327,false,4751,9787,0.7068146718351327
4751,1063,0.7600408498513316,false,4751,1063,0.7600408498513316
4751,23397,0.7755285815006826,false,4751,23397,0.7755285815006826
4751,9928,0.8428620284071284,false,4751,9928,0.8428620284071284
4751,81624,0.7344420260869944,false,4751,81624,0.7344420260869944
4751,64151,0.7382332826555064,false,4751,64151,0.7382332826555064
4751,221150,0.7715152066174868,false,4751,221150,0.7715152066174868
4751,100507118,0.8318020394589812,false,4751,100507118,0.8318020394589812
4751,100288637,0.8154786899106453,false,4751,100288637,0.8154786899106453
3856,113218482,0.989519534645032,false,3856,113218482,0.989519534645032
3856,56896,0.8945344476929521,false,3856,56896,0.8945344476929521
3856,9758,0.8339862970711459,false,3856,9758,0.8339862970711459
3856,105377123,0.731034092500042,false,3856,105377123,0.731034092500042
3856,55240,0.791774202772208,false,3856,55240,0.791774202772208
3856,8538,0.7519373516391412,false,3856,8538,0.7519373516391412
3856,284240,0.7831908897498069,false,3856,284240,0.7831908897498069
3856,1404,0.82133598595666,false,3856,1404,0.82133598595666
101929215,112937,0.7207664580832762,false,101929215,112937,0.7207664580832762
101929215,3664,0.79007913279742,false,101929215,3664,0.79007913279742
101929215,100506071,0.8129804018502272,false,101929215,100506071,0.8129804018502272
101929215,102723547,0.7617562253023054,false,101929215,102723547,0.7617562253023054
107985017,55723,0.7705664301317507,false,107985017,55723,0.7705664301317507
107985017,9787,0.7665892943060729,false,107985017,9787,0.7665892943060729
107985017,9212,0.8046005889311972,false,107985017,9212,0.8046005889311972
107985017,6790,0.7296689698862078,false,107985017,6790,0.7296689698862078
107985017,1063,0.7244700135493389,false,107985017,1063,0.7244700135493389
107985017,146909,0.8567528914700236,false,107985017,146909,0.8567528914700236
107985017,1058,0.7519601230967455,false,107985017,1058,0.7519601230967455
107985017,3833,0.8506910621529887,false,107985017,3833,0.8506910621529887
107985017,81624,0.7254500038520009,false,107985017,81624,0.7254500038520009
107985017,100507118,0.7863591161010004,false,107985017,100507118,0.7863591161010004
107985017,991,0.8007632041239309,false,107985017,991,0.8007632041239309
107985017,102723834,0.7187462886098243,false,107985017,102723834,0.7187462886098243
6241,83903,0.8198740332850785,false,6241,83903,0.8198740332850785
6241,24137,0.9240140978586262,false,6241,24137,0.9240140978586262
6241,55723,0.7688950146019536,false,6241,55723,0.7688950146019536
6241,9787,0.9521698718871543,false,6241,9787,0.9521698718871543
6241,9212,0.8549645992942733,false,6241,9212,0.8549645992942733
6241,699,0.7460029057004705,false,6241,699,0.7460029057004705
6241,6790,0.7070982784752637,false,6241,6790,0.7070982784752637
6241,1063,0.9119812457139915,false,6241,1063,0.9119812457139915
6241,23397,0.777673298899446,false,6241,23397,0.777673298899446
6241,146909,0.8267028673781082,false,6241,146909,0.8267028673781082
6241,1058,0.7869429792953091,false,6241,1058,0.7869429792953091
6241,3833,0.8049851043864965,false,6241,3833,0.8049851043864965
6241,64151,0.822948773466558,false,6241,64151,0.822948773466558
6241,221150,0.8505660939383901,false,6241,221150,0.8505660939383901
6241,100507118,0.8931593827284723,false,6241,100507118,0.8931593827284723
6241,991,0.8344518869156088,false,6241,991,0.8344518869156088
6241,10615,0.7039831895795258,false,6241,10615,0.7039831895795258
285987,105373150,0.9797603424292957,false,285987,105373150,0.9797603424292957
285987,100506895,0.7047489260506486,false,285987,100506895,0.7047489260506486
285987,3502,0.9270597902960748,false,285987,3502,0.9270597902960748
285987,64699,0.7788968791090269,false,285987,64699,0.7788968791090269
285987,27237,0.8020360547263341,false,285987,27237,0.8020360547263341
285987,389336,0.9108154844453529,false,285987,389336,0.9108154844453529
285987,25818,0.9762533992221505,false,285987,25818,0.9762533992221505
285987,4004,0.9958345993570967,false,285987,4004,0.9958345993570967
285987,4973,0.820423014687691,false,285987,4973,0.820423014687691
285987,28946,0.8128685305762167,false,285987,28946,0.8128685305762167
285987,102724714,0.7497766123065669,false,285987,102724714,0.7497766123065669
285987,28809,0.9922542356557004,false,285987,28809,0.9922542356557004
285987,5653,0.9836282058182599,false,285987,5653,0.9836282058182599
79191,100533990,0.7796211508468003,false,79191,100533990,0.7796211508468003
79191,5798,0.7401626206490992,false,79191,5798,0.7401626206490992
79191,105378305,0.8557721465902435,false,79191,105378305,0.8557721465902435
79191,107984129,0.8670264216291873,false,79191,107984129,0.8670264216291873
79191,29991,0.8162774967684503,false,79191,29991,0.8162774967684503
79191,57167,0.7688327380651485,false,79191,57167,0.7688327380651485
79191,168002,0.9402560494296799,false,79191,168002,0.9402560494296799
107985513,9312,0.8773075591815013,false,107985513,9312,0.8773075591815013
100533990,11075,0.7768102460165297,false,100533990,11075,0.7768102460165297
100533990,5798,0.939027379870955,false,100533990,5798,0.939027379870955
100533990,105378305,0.7388024988660841,false,100533990,105378305,0.7388024988660841
100533990,647309,0.8627945393029579,false,100533990,647309,0.8627945393029579
100533990,57167,0.8148488900879147,false,100533990,57167,0.8148488900879147
100533990,168002,0.8012755564242511,false,100533990,168002,0.8012755564242511
100533990,109729169,0.89396749928299,false,100533990,109729169,0.89396749928299
6495,3352,0.8266910990264998,false,6495,3352,0.8266910990264998
6495,79056,0.8900586608592652,false,6495,79056,0.8900586608592652
6495,9388,0.7031962312692667,false,6495,9388,0.7031962312692667
6495,54101,0.9754435939838828,false,6495,54101,0.9754435939838828
6495,143662,0.9726003832231597,false,6495,143662,0.9726003832231597
6495,23286,0.9641567960660706,false,6495,23286,0.9641567960660706
6495,245972,0.7870321007145957,false,6495,245972,0.7870321007145957
6495,22974,0.7422092656528483,false,6495,22974,0.7422092656528483
6495,340273,0.9793979149882845,false,6495,340273,0.9793979149882845
6495,161291,0.859580571845903,false,6495,161291,0.859580571845903
6495,101927355,0.9221196594665028,false,6495,101927355,0.9221196594665028
6495,366,0.7285080920294145,false,6495,366,0.7285080920294145
6495,3239,0.749967041638326,false,6495,3239,0.749967041638326
6495,253650,0.8667749646705792,false,6495,253650,0.8667749646705792
6495,654499,0.9789610117610755,false,6495,654499,0.9789610117610755
6495,100996301,0.8973963632572555,false,6495,100996301,0.8973963632572555
79674,100506895,0.7701924112468251,false,79674,100506895,0.7701924112468251
79674,3502,0.7417291971640044,false,79674,3502,0.7417291971640044
79674,389336,0.7228621376226345,false,79674,389336,0.7228621376226345
79674,28946,0.7808623150754094,false,79674,28946,0.7808623150754094
55057,389336,0.743717117784861,false,55057,389336,0.743717117784861
55057,4825,0.7007892905243176,false,55057,4825,0.7007892905243176
83648,9758,0.7022027550944692,false,83648,9758,0.7022027550944692
83648,23566,0.7770144490067674,false,83648,23566,0.7770144490067674
113218482,56896,0.8831074193354611,false,113218482,56896,0.8831074193354611
113218482,9758,0.8540682500133926,false,113218482,9758,0.8540682500133926
113218482,55240,0.7311686075651519,false,113218482,55240,0.7311686075651519
113218482,8538,0.7324415596418683,false,113218482,8538,0.7324415596418683
113218482,284240,0.8002294635151244,false,113218482,284240,0.8002294635151244
113218482,1404,0.8021449864987596,false,113218482,1404,0.8021449864987596
105375690,23286,0.7243273370695315,false,105375690,23286,0.7243273370695315
105375690,101101772,0.7809711758557965,false,105375690,101101772,0.7809711758557965
105375690,101927355,0.7305217102973446,false,105375690,101927355,0.7305217102973446
105375690,6362,0.7352028689336856,false,105375690,6362,0.7352028689336856
105375690,253650,0.7258874568315243,false,105375690,253650,0.7258874568315243
105375690,100996301,0.8316250093979848,false,105375690,100996301,0.8316250093979848
105375690,80329,0.732320676077591,false,105375690,80329,0.732320676077591
387895,115701,0.8534826708435483,false,387895,115701,0.8534826708435483
387895,11075,0.8051634475328803,false,387895,11075,0.8051634475328803
387895,5798,0.7521291728342566,false,387895,5798,0.7521291728342566
387895,105377508,0.852225623047942,false,387895,105377508,0.852225623047942
387895,2250,0.8082772371819144,false,387895,2250,0.8082772371819144
387895,84561,0.7830268399637992,false,387895,84561,0.7830268399637992
387895,105376041,0.9421637136772806,false,387895,105376041,0.9421637136772806
387895,647309,0.8837500601015943,false,387895,647309,0.8837500601015943
387895,6362,0.8725949446249758,false,387895,6362,0.8725949446249758
387895,554202,0.731108459325435,false,387895,554202,0.731108459325435
387895,105372950,0.7974739963026956,false,387895,105372950,0.7974739963026956
387895,80329,0.8252509061687867,false,387895,80329,0.8252509061687867
387895,109729169,0.7807173644595368,false,387895,109729169,0.7807173644595368
3352,79056,0.791952623522429,false,3352,79056,0.791952623522429
3352,54101,0.8637688652145952,false,3352,54101,0.8637688652145952
3352,143662,0.8465061846783932,false,3352,143662,0.8465061846783932
3352,23286,0.8306693503630277,false,3352,23286,0.8306693503630277
3352,245972,0.7316370288458363,false,3352,245972,0.7316370288458363
3352,340273,0.8597813074920917,false,3352,340273,0.8597813074920917
3352,161291,0.7577649499363673,false,3352,161291,0.7577649499363673
3352,101927355,0.8744951379194223,false,3352,101927355,0.8744951379194223
3352,366,0.8376205613251902,false,3352,366,0.8376205613251902
3352,3239,0.7155494091235153,false,3352,3239,0.7155494091235153
3352,253650,0.7410553240157012,false,3352,253650,0.7410553240157012
3352,654499,0.8575788960176991,false,3352,654499,0.8575788960176991
3352,100996301,0.8244033885338747,false,3352,100996301,0.8244033885338747
9312,116173,0.7396556912600688,false,9312,116173,0.7396556912600688
9312,101927686,0.7593015643420831,false,9312,101927686,0.7593015643420831
9312,6716,0.8678447403591467,false,9312,6716,0.8678447403591467
9312,219527,0.7804879629495934,false,9312,219527,0.7804879629495934
56896,9758,0.8559558056945269,false,56896,9758,0.8559558056945269
56896,55240,0.7471806917301531,false,56896,55240,0.7471806917301531
56896,284240,0.8640821442479542,false,56896,284240,0.8640821442479542
56896,1404,0.9120268125321174,false,56896,1404,0.9120268125321174
9758,55240,0.7145168124785081,false,9758,55240,0.7145168124785081
9758,284240,0.8879654625136968,false,9758,284240,0.8879654625136968
9758,1404,0.7811518976302753,false,9758,1404,0.7811518976302753
105373150,100506895,0.7572830686409788,false,105373150,100506895,0.7572830686409788
105373150,3502,0.8913156502053737,false,105373150,3502,0.8913156502053737
105373150,64699,0.7337654062205408,false,105373150,64699,0.7337654062205408
105373150,27237,0.7790760325573802,false,105373150,27237,0.7790760325573802
105373150,389336,0.8805414097513309,false,105373150,389336,0.8805414097513309
105373150,25818,0.9566036243527359,false,105373150,25818,0.9566036243527359
105373150,4004,0.9839480708105253,false,105373150,4004,0.9839480708105253
105373150,4973,0.8882624462447316,false,105373150,4973,0.8882624462447316
105373150,28946,0.777523418557562,false,105373150,28946,0.777523418557562
105373150,102724714,0.7318435446027658,false,105373150,102724714,0.7318435446027658
105373150,28809,0.9664710988101535,false,105373150,28809,0.9664710988101535
105373150,5653,0.9595704723430885,false,105373150,5653,0.9595704723430885
116173,646951,0.8070345122523643,false,116173,646951,0.8070345122523643
116173,101927686,0.7597249817163845,false,116173,101927686,0.7597249817163845
116173,1748,0.8108885977225155,false,116173,1748,0.8108885977225155
116173,6716,0.8788591795291419,false,116173,6716,0.8788591795291419
116173,219527,0.8999015488366864,false,116173,219527,0.8999015488366864
27299,6664,0.9490841395949524,false,27299,6664,0.9490841395949524
27299,64843,0.9605075027712217,false,27299,64843,0.9605075027712217
27299,101060400,0.8451370764728138,false,27299,101060400,0.8451370764728138
27299,105375894,0.7321820701652556,false,27299,105375894,0.7321820701652556
27299,9928,0.7343689753243072,false,27299,9928,0.7343689753243072
27299,4547,0.8590787717361988,false,27299,4547,0.8590787717361988
27299,100288637,0.7013028331415792,false,27299,100288637,0.7013028331415792
27299,3627,0.7313674374266976,false,27299,3627,0.7313674374266976
79056,54101,0.9184264858887008,false,79056,54101,0.9184264858887008
79056,143662,0.9242152717256976,false,79056,143662,0.9242152717256976
79056,23286,0.908302666084231,false,79056,23286,0.908302666084231
79056,245972,0.7015855708093086,false,79056,245972,0.7015855708093086
79056,340273,0.9238418075576669,false,79056,340273,0.9238418075576669
79056,161291,0.8405236210290808,false,79056,161291,0.8405236210290808
79056,101927355,0.8684486301478886,false,79056,101927355,0.8684486301478886
79056,3239,0.7841728359506263,false,79056,3239,0.7841728359506263
79056,253650,0.8055040394354025,false,79056,253650,0.8055040394354025
79056,654499,0.921901806732557,false,79056,654499,0.921901806732557
79056,100996301,0.8337019929086873,false,79056,100996301,0.8337019929086873
101928658,347252,0.7415768538635941,false,101928658,347252,0.7415768538635941
101928658,26289,0.8026376314295295,false,101928658,26289,0.8026376314295295
101928658,11075,0.8839460572949236,false,101928658,11075,0.8839460572949236
101928658,5798,0.7986299304224646,false,101928658,5798,0.7986299304224646
101928658,647309,0.7538878760613014,false,101928658,647309,0.7538878760613014
101928658,57167,0.7658844726953095,false,101928658,57167,0.7658844726953095
101928658,168002,0.7684460873805945,false,101928658,168002,0.7684460873805945
101928658,109729169,0.7554395739021595,false,101928658,109729169,0.7554395739021595
9156,4605,0.71925145830576,false,9156,4605,0.71925145830576
8318,112937,0.7127476610971081,false,8318,112937,0.7127476610971081
8318,4605,0.7925412900546219,false,8318,4605,0.7925412900546219
8318,9212,0.7004338643332362,false,8318,9212,0.7004338643332362
8318,991,0.7295497137446643,false,8318,991,0.7295497137446643
100506895,55765,0.8312426888993717,false,100506895,55765,0.8312426888993717
100506895,27237,0.7310253225034191,false,100506895,27237,0.7310253225034191
100506895,389336,0.7960940524922269,false,100506895,389336,0.7960940524922269
100506895,25818,0.7223250358082426,false,100506895,25818,0.7223250358082426
100506895,4973,0.7794696906375899,false,100506895,4973,0.7794696906375899
100506895,5653,0.7217075676414689,false,100506895,5653,0.7217075676414689
2297,10993,0.8036688490453727,false,2297,10993,0.8036688490453727
2297,57167,0.7926090816519242,false,2297,57167,0.7926090816519242
2297,253650,0.7611436578763978,false,2297,253650,0.7611436578763978
10993,9388,0.7069131721838011,false,10993,9388,0.7069131721838011
10993,57167,0.7546581285388575,false,10993,57167,0.7546581285388575
10993,253650,0.8262106171240197,false,10993,253650,0.8262106171240197
646951,1748,0.7933483991525067,false,646951,1748,0.7933483991525067
646951,219527,0.738874563377766,false,646951,219527,0.738874563377766
347252,11075,0.701991751592949,false,347252,11075,0.701991751592949
9388,54101,0.7302458547792431,false,9388,54101,0.7302458547792431
9388,143662,0.7248705864112609,false,9388,143662,0.7248705864112609
9388,23286,0.7411211517956369,false,9388,23286,0.7411211517956369
9388,340273,0.7435512951168649,false,9388,340273,0.7435512951168649
9388,101101772,0.76264692299681,false,9388,101101772,0.76264692299681
9388,101927355,0.8146796911539232,false,9388,101927355,0.8146796911539232
9388,253650,0.851789970649789,false,9388,253650,0.851789970649789
9388,654499,0.7480234609851157,false,9388,654499,0.7480234609851157
9388,100996301,0.7583647950570734,false,9388,100996301,0.7583647950570734
147741,100506655,0.8198246002725029,false,147741,100506655,0.8198246002725029
1813,151760,0.7419543529522834,false,1813,151760,0.7419543529522834
26289,105378305,0.7058373615056214,false,26289,105378305,0.7058373615056214
26289,168002,0.7750007163852215,false,26289,168002,0.7750007163852215
83903,24137,0.7045657183815884,false,83903,24137,0.7045657183815884
83903,9787,0.78975554688945,false,83903,9787,0.78975554688945
83903,1063,0.7998461220762759,false,83903,1063,0.7998461220762759
83903,1058,0.7507698917059341,false,83903,1058,0.7507698917059341
83903,100507118,0.7594602019478494,false,83903,100507118,0.7594602019478494
115701,105377508,0.8264226094930457,false,115701,105377508,0.8264226094930457
115701,2250,0.7874993987371784,false,115701,2250,0.7874993987371784
115701,84561,0.7209478011487205,false,115701,84561,0.7209478011487205
115701,105376041,0.8672520310378847,false,115701,105376041,0.8672520310378847
115701,647309,0.7868507707552986,false,115701,647309,0.7868507707552986
115701,6362,0.7022042498155793,false,115701,6362,0.7022042498155793
115701,109729169,0.7054173783650234,false,115701,109729169,0.7054173783650234
115701,4825,0.8149334108092992,false,115701,4825,0.8149334108092992
55765,389336,0.7187203377836767,false,55765,389336,0.7187203377836767
55765,4973,0.7207875734484013,false,55765,4973,0.7207875734484013
50852,11001,0.7759655505353382,false,50852,11001,0.7759655505353382
24137,55635,0.7345942052980033,false,24137,55635,0.7345942052980033
24137,9787,0.897366757125362,false,24137,9787,0.897366757125362
24137,9212,0.8421252822326121,false,24137,9212,0.8421252822326121
24137,1063,0.896267259333465,false,24137,1063,0.896267259333465
24137,23397,0.8231440634687764,false,24137,23397,0.8231440634687764
24137,146909,0.7462956039866426,false,24137,146909,0.7462956039866426
24137,3833,0.7431502798331161,false,24137,3833,0.7431502798331161
24137,64151,0.8861272463608572,false,24137,64151,0.8861272463608572
24137,221150,0.8929196384378593,false,24137,221150,0.8929196384378593
24137,100507118,0.8829827166941253,false,24137,100507118,0.8829827166941253
24137,991,0.7929995335031883,false,24137,991,0.7929995335031883
112937,3664,0.7050153011988392,false,112937,3664,0.7050153011988392
112937,9212,0.7788150350986883,false,112937,9212,0.7788150350986883
112937,105371664,0.8603330654938939,false,112937,105371664,0.8603330654938939
112937,3833,0.7692618499860865,false,112937,3833,0.7692618499860865
112937,991,0.7845642594380735,false,112937,991,0.7845642594380735
112937,3670,0.7028136726683066,false,112937,3670,0.7028136726683066
112937,102723547,0.747546545957203,false,112937,102723547,0.747546545957203
11075,5798,0.8659070729090261,false,11075,5798,0.8659070729090261
11075,105377508,0.749424518204654,false,11075,105377508,0.749424518204654
11075,2250,0.705956246411385,false,11075,2250,0.705956246411385
11075,105376041,0.8365798179796006,false,11075,105376041,0.8365798179796006
11075,647309,0.9241862273146819,false,11075,647309,0.9241862273146819
11075,57167,0.7530408169658548,false,11075,57167,0.7530408169658548
11075,554202,0.7030302887650831,false,11075,554202,0.7030302887650831
11075,109729169,0.8888313858907124,false,11075,109729169,0.8888313858907124
11075,4825,0.7003518425882278,false,11075,4825,0.7003518425882278
55635,23397,0.81793360635366,false,55635,23397,0.81793360635366
55635,9928,0.7386067980840546,false,55635,9928,0.7386067980840546
55635,100507118,0.7079905620765692,false,55635,100507118,0.7079905620765692
55635,100288637,0.7852098296301157,false,55635,100288637,0.7852098296301157
4605,991,0.7794053036893194,false,4605,991,0.7794053036893194
4605,10615,0.7119435275613853,false,4605,10615,0.7119435275613853
5798,105378305,0.7763933925720602,false,5798,105378305,0.7763933925720602
5798,2250,0.7303041401549265,false,5798,2250,0.7303041401549265
5798,105376041,0.748576829951029,false,5798,105376041,0.748576829951029
5798,647309,0.9457871335867541,false,5798,647309,0.9457871335867541
5798,57167,0.8119414624323126,false,5798,57167,0.8119414624323126
5798,168002,0.8132112511967846,false,5798,168002,0.8132112511967846
5798,109729169,0.9575114817753674,false,5798,109729169,0.9575114817753674
105377508,2250,0.7231560643485575,false,105377508,2250,0.7231560643485575
105377508,84561,0.7527245202281272,false,105377508,84561,0.7527245202281272
105377508,105376041,0.9265952814304914,false,105377508,105376041,0.9265952814304914
105377508,647309,0.8136080185639253,false,105377508,647309,0.8136080185639253
105377508,554202,0.8346554731054806,false,105377508,554202,0.8346554731054806
105377508,105372950,0.7665395149318465,false,105377508,105372950,0.7665395149318465
105377508,109729169,0.7780730675164061,false,105377508,109729169,0.7780730675164061
54101,143662,0.9953186505315152,false,54101,143662,0.9953186505315152
54101,23286,0.9761448896631163,false,54101,23286,0.9761448896631163
54101,245972,0.8387728450331408,false,54101,245972,0.8387728450331408
54101,340273,0.9983625343536894,false,54101,340273,0.9983625343536894
54101,101101772,0.719079926200504,false,54101,101101772,0.719079926200504
54101,161291,0.887177913227183,false,54101,161291,0.887177913227183
54101,101927355,0.9487150780461173,false,54101,101927355,0.9487150780461173
54101,366,0.7467716582812299,false,54101,366,0.7467716582812299
54101,3239,0.7918940604410778,false,54101,3239,0.7918940604410778
54101,253650,0.9021018631364037,false,54101,253650,0.9021018631364037
54101,654499,0.9981647565348445,false,54101,654499,0.9981647565348445
54101,100996301,0.9297356949338786,false,54101,100996301,0.9297356949338786
101927686,6716,0.8281035121590126,false,101927686,6716,0.8281035121590126
101927686,219527,0.7994956652111314,false,101927686,219527,0.7994956652111314
55240,1404,0.7119523698017078,false,55240,1404,0.7119523698017078
55240,23566,0.7681631440012555,false,55240,23566,0.7681631440012555
55723,9787,0.7742927706670337,false,55723,9787,0.7742927706670337
55723,9212,0.7280378679926784,false,55723,9212,0.7280378679926784
55723,146909,0.758921022319758,false,55723,146909,0.758921022319758
55723,3833,0.7232277241373473,false,55723,3833,0.7232277241373473
55723,221150,0.8052849084984446,false,55723,221150,0.8052849084984446
55723,100507118,0.7898795387726413,false,55723,100507118,0.7898795387726413
55723,991,0.7389956942404697,false,55723,991,0.7389956942404697
9787,9212,0.9048679927283313,false,9787,9212,0.9048679927283313
9787,6790,0.737440315942367,false,9787,6790,0.737440315942367
9787,1063,0.9281725393331428,false,9787,1063,0.9281725393331428
9787,146909,0.8641140882104495,false,9787,146909,0.8641140882104495
9787,1058,0.8272385082568338,false,9787,1058,0.8272385082568338
9787,3833,0.8369097021106103,false,9787,3833,0.8369097021106103
9787,64151,0.8239953941749123,false,9787,64151,0.8239953941749123
9787,221150,0.8576341443025136,false,9787,221150,0.8576341443025136
9787,100507118,0.8953335354387549,false,9787,100507118,0.8953335354387549
9787,991,0.9092835711710027,false,9787,991,0.9092835711710027
9787,10615,0.7422032905981926,false,9787,10615,0.7422032905981926
3664,100506071,0.8056186761726586,false,3664,100506071,0.8056186761726586
3664,102723547,0.8911052268753651,false,3664,102723547,0.8911052268753651
3502,64699,0.7596776960851244,false,3502,64699,0.7596776960851244
3502,389336,0.8416082512403085,false,3502,389336,0.8416082512403085
3502,25818,0.8792537581372223,false,3502,25818,0.8792537581372223
3502,4004,0.9183526781593979,false,3502,4004,0.9183526781593979
3502,4973,0.7141428302609478,false,3502,4973,0.7141428302609478
3502,28946,0.9481941805184617,false,3502,28946,0.9481941805184617
3502,3512,0.7181039575800382,false,3502,3512,0.7181039575800382
3502,102724714,0.8075876570477721,false,3502,102724714,0.8075876570477721
3502,28809,0.9639895950531505,false,3502,28809,0.9639895950531505
3502,5653,0.899521165857944,false,3502,5653,0.899521165857944
3502,28755,0.7154406663935082,false,3502,28755,0.7154406663935082
143662,23286,0.9703949338192653,false,143662,23286,0.9703949338192653
143662,245972,0.807963860763719,false,143662,245972,0.807963860763719
143662,340273,0.9959247779961421,false,143662,340273,0.9959247779961421
143662,161291,0.879027522319427,false,143662,161291,0.879027522319427
143662,101927355,0.9405002414839677,false,143662,101927355,0.9405002414839677
143662,366,0.7356634060452838,false,143662,366,0.7356634060452838
143662,3239,0.8221813852489265,false,143662,3239,0.8221813852489265
143662,253650,0.9149611709541647,false,143662,253650,0.9149611709541647
143662,654499,0.9959045268236746,false,143662,654499,0.9959045268236746
143662,100996301,0.9179864026449682,false,143662,100996301,0.9179864026449682
9212,1063,0.8327350420715586,false,9212,1063,0.8327350420715586
9212,146909,0.8766994350946334,false,9212,146909,0.8766994350946334
9212,1058,0.7826605325645623,false,9212,1058,0.7826605325645623
9212,3833,0.8829846614466803,false,9212,3833,0.8829846614466803
9212,221150,0.7570498751282692,false,9212,221150,0.7570498751282692
9212,100507118,0.7845263841100941,false,9212,100507118,0.7845263841100941
9212,991,0.9551492961651511,false,9212,991,0.9551492961651511
9212,10615,0.8141853269660723,false,9212,10615,0.8141853269660723
6664,64843,0.9803524142438809,false,6664,64843,0.9803524142438809
6664,101060400,0.7213331415972934,false,6664,101060400,0.7213331415972934
6664,105371275,0.7262219584419526,false,6664,105371275,0.7262219584419526
6664,105375894,0.7979556492870381,false,6664,105375894,0.7979556492870381
6664,9928,0.7394473291046202,false,6664,9928,0.7394473291046202
6664,4547,0.8830607568619168,false,6664,4547,0.8830607568619168
6664,64151,0.7601118971161374,false,6664,64151,0.7601118971161374
6664,3627,0.7387762998708456,false,6664,3627,0.7387762998708456
23286,245972,0.7797567190197168,false,23286,245972,0.7797567190197168
23286,22974,0.702629873146742,false,23286,22974,0.702629873146742
23286,340273,0.9816484803431336,false,23286,340273,0.9816484803431336
23286,101101772,0.7284591334740569,false,23286,101101772,0.7284591334740569
23286,161291,0.840240018065893,false,23286,161291,0.840240018065893
23286,101927355,0.95459255772639,false,23286,101927355,0.95459255772639
23286,366,0.728127530573707,false,23286,366,0.728127530573707
23286,253650,0.8890137331703969,false,23286,253650,0.8890137331703969
23286,654499,0.9802483744900135,false,23286,654499,0.9802483744900135
23286,100996301,0.9377531019433283,false,23286,100996301,0.9377531019433283
105378305,107984129,0.7805808580979178,false,105378305,107984129,0.7805808580979178
105378305,29991,0.8521067579565703,false,105378305,29991,0.8521067579565703
105378305,168002,0.9115910499731489,false,105378305,168002,0.9115910499731489
64843,101060400,0.7603841448447561,false,64843,101060400,0.7603841448447561
64843,105375894,0.7834155161013706,false,64843,105375894,0.7834155161013706
64843,4547,0.8837231385984894,false,64843,4547,0.8837231385984894
64843,64151,0.7162223367371252,false,64843,64151,0.7162223367371252
64843,3627,0.7342875291042292,false,64843,3627,0.7342875291042292
64699,25818,0.7080267519622379,false,64699,25818,0.7080267519622379
64699,4004,0.7874846952625881,false,64699,4004,0.7874846952625881
64699,28809,0.8004950062340138,false,64699,28809,0.8004950062340138
64699,5653,0.7910169569940388,false,64699,5653,0.7910169569940388
100506655,3627,0.8222114556802814,false,100506655,3627,0.8222114556802814
245972,340273,0.8213296582782437,false,245972,340273,0.8213296582782437
245972,161291,0.8595403950365312,false,245972,161291,0.8595403950365312
245972,101927355,0.798969909638314,false,245972,101927355,0.798969909638314
245972,253650,0.7215501796457959,false,245972,253650,0.7215501796457959
245972,654499,0.8216278939245047,false,245972,654499,0.8216278939245047
245972,100996301,0.7833649672030832,false,245972,100996301,0.7833649672030832
22974,699,0.7833557900871412,false,22974,699,0.7833557900871412
22974,340273,0.7100665034092263,false,22974,340273,0.7100665034092263
22974,654499,0.7115961297735952,false,22974,654499,0.7115961297735952
100506071,102723834,0.7541624169530975,false,100506071,102723834,0.7541624169530975
100506071,102723547,0.7241574632269496,false,100506071,102723547,0.7241574632269496
699,23397,0.8444897928493913,false,699,23397,0.8444897928493913
699,64151,0.7493412706356762,false,699,64151,0.7493412706356762
699,100288637,0.7592635463785979,false,699,100288637,0.7592635463785979
107984129,29991,0.7668774360541569,false,107984129,29991,0.7668774360541569
107984129,168002,0.9050748673128614,false,107984129,168002,0.9050748673128614
340273,101101772,0.7161095763993175,false,340273,101101772,0.7161095763993175
340273,161291,0.8885133423320067,false,340273,161291,0.8885133423320067
340273,101927355,0.9530992025092776,false,340273,101927355,0.9530992025092776
340273,366,0.7520327115591612,false,340273,366,0.7520327115591612
340273,3239,0.7901901330180794,false,340273,3239,0.7901901330180794
340273,253650,0.9072763338863941,false,340273,253650,0.9072763338863941
340273,654499,0.9998371285792919,false,340273,654499,0.9998371285792919
340273,100996301,0.9279261365445668,false,340273,100996301,0.9279261365445668
101928173,25818,0.7318140753918926,false,101928173,25818,0.7318140753918926
101928173,4004,0.7056966652887432,false,101928173,4004,0.7056966652887432
101101772,101927355,0.8360307281943321,false,101101772,101927355,0.8360307281943321
101101772,6362,0.7958920667107793,false,101101772,6362,0.7958920667107793
101101772,253650,0.823123629150063,false,101101772,253650,0.823123629150063
101101772,654499,0.7193398069713048,false,101101772,654499,0.7193398069713048
101101772,100996301,0.8475215270189334,false,101101772,100996301,0.8475215270189334
101101772,80329,0.7003987177272843,false,101101772,80329,0.7003987177272843
2250,105376041,0.8112425933368842,false,2250,105376041,0.8112425933368842
2250,647309,0.808157871008788,false,2250,647309,0.808157871008788
2250,3914,0.7332331957953654,false,2250,3914,0.7332331957953654
2250,109729169,0.780047985160586,false,2250,109729169,0.780047985160586
2250,4825,0.8019302863529444,false,2250,4825,0.8019302863529444
6790,81624,0.7135247913416547,false,6790,81624,0.7135247913416547
8538,1404,0.7208743695128722,false,8538,1404,0.7208743695128722
27237,389336,0.8248554242483566,false,27237,389336,0.8248554242483566
27237,25818,0.8170389272554015,false,27237,25818,0.8170389272554015
27237,4004,0.7913163652175496,false,27237,4004,0.7913163652175496
27237,4973,0.7057761489650975,false,27237,4973,0.7057761489650975
27237,28809,0.778029436798644,false,27237,28809,0.778029436798644
27237,5653,0.8240954508398403,false,27237,5653,0.8240954508398403
389336,25818,0.9447629880392027,false,389336,25818,0.9447629880392027
389336,4004,0.9030182171549173,false,389336,4004,0.9030182171549173
389336,4973,0.7216314724056982,false,389336,4973,0.7216314724056982
389336,28946,0.7058378566483601,false,389336,28946,0.7058378566483601
389336,28809,0.8955662057019382,false,389336,28809,0.8955662057019382
389336,4825,0.8127471820531421,false,389336,4825,0.8127471820531421
389336,5653,0.9317193251225914,false,389336,5653,0.9317193251225914
84561,105376041,0.8307392742907007,false,84561,105376041,0.8307392742907007
84561,647309,0.7736559045384028,false,84561,647309,0.7736559045384028
84561,105372950,0.9652126432764311,false,84561,105372950,0.9652126432764311
84561,80329,0.7795482194829678,false,84561,80329,0.7795482194829678
84561,109729169,0.7099682126873774,false,84561,109729169,0.7099682126873774
25818,4004,0.9785100454878478,false,25818,4004,0.9785100454878478
25818,4973,0.816965772821406,false,25818,4973,0.816965772821406
25818,28946,0.7512394826472573,false,25818,28946,0.7512394826472573
25818,102724714,0.7189153164846274,false,25818,102724714,0.7189153164846274
25818,28809,0.9582169155203917,false,25818,28809,0.9582169155203917
25818,5653,0.9777458539715976,false,25818,5653,0.9777458539715976
1063,146909,0.8768354601877457,false,1063,146909,0.8768354601877457
1063,1058,0.7612085495605084,false,1063,1058,0.7612085495605084
1063,3833,0.8084505253688742,false,1063,3833,0.8084505253688742
1063,64151,0.8217586702030166,false,1063,64151,0.8217586702030166
1063,221150,0.8211879843668007,false,1063,221150,0.8211879843668007
1063,100507118,0.9020548833129278,false,1063,100507118,0.9020548833129278
1063,991,0.8327840671000489,false,1063,991,0.8327840671000489
161291,101927355,0.809027570827739,false,161291,101927355,0.809027570827739
161291,366,0.7280330435759871,false,161291,366,0.7280330435759871
161291,3239,0.7433060686366928,false,161291,3239,0.7433060686366928
161291,253650,0.7462936121019299,false,161291,253650,0.7462936121019299
161291,654499,0.8880398724559804,false,161291,654499,0.8880398724559804
161291,100996301,0.7726616763664076,false,161291,100996301,0.7726616763664076
101927355,366,0.8141144363282028,false,101927355,366,0.8141144363282028
101927355,3239,0.7046836080128439,false,101927355,3239,0.7046836080128439
101927355,253650,0.9416551966298107,false,101927355,253650,0.9416551966298107
101927355,654499,0.9533973080060746,false,101927355,654499,0.9533973080060746
101927355,100996301,0.9456172790718983,false,101927355,100996301,0.9456172790718983
105376041,647309,0.9126970576173349,false,105376041,647309,0.9126970576173349
105376041,6362,0.7507232376952471,false,105376041,6362,0.7507232376952471
105376041,554202,0.8088733935729379,false,105376041,554202,0.8088733935729379
105376041,105372950,0.8574845438179963,false,105376041,105372950,0.8574845438179963
105376041,80329,0.7676502742806626,false,105376041,80329,0.7676502742806626
105376041,109729169,0.8326210549533389,false,105376041,109729169,0.8326210549533389
105376041,4825,0.7122370646377794,false,105376041,4825,0.7122370646377794
23397,9928,0.7195537848453707,false,23397,9928,0.7195537848453707
23397,64151,0.7963204804381016,false,23397,64151,0.7963204804381016
23397,221150,0.7759685928212586,false,23397,221150,0.7759685928212586
23397,100288637,0.8691954588537654,false,23397,100288637,0.8691954588537654
29991,168002,0.8092836424882771,false,29991,168002,0.8092836424882771
1748,219527,0.7454215441850208,false,1748,219527,0.7454215441850208
647309,57167,0.7720343846060411,false,647309,57167,0.7720343846060411
647309,554202,0.7309863352123376,false,647309,554202,0.7309863352123376
647309,105372950,0.7510051637449762,false,647309,105372950,0.7510051637449762
647309,109729169,0.9681121366130102,false,647309,109729169,0.9681121366130102
647309,4825,0.7476060960328653,false,647309,4825,0.7476060960328653
4004,4973,0.8446614084380414,false,4004,4973,0.8446614084380414
4004,28946,0.8024270843832945,false,4004,28946,0.8024270843832945
4004,102724714,0.7660354036901889,false,4004,102724714,0.7660354036901889
4004,28809,0.9876394090388633,false,4004,28809,0.9876394090388633
4004,5653,0.9811789715131186,false,4004,5653,0.9811789715131186
284240,1404,0.7217654721069111,false,284240,1404,0.7217654721069111
3914,4825,0.7345476456919099,false,3914,4825,0.7345476456919099
105371664,3670,0.8119806802954855,false,105371664,3670,0.8119806802954855
4973,28809,0.7982918089273792,false,4973,28809,0.7982918089273792
4973,5653,0.8209179551827427,false,4973,5653,0.8209179551827427
4973,28755,0.7584109173864224,false,4973,28755,0.7584109173864224
146909,1058,0.7566363290447886,false,146909,1058,0.7566363290447886
146909,3833,0.8462809116056709,false,146909,3833,0.8462809116056709
146909,221150,0.7105492069341817,false,146909,221150,0.7105492069341817
146909,100507118,0.8336727737010402,false,146909,100507118,0.8336727737010402
146909,991,0.866014294434408,false,146909,991,0.866014294434408
146909,10615,0.7062101728528946,false,146909,10615,0.7062101728528946
28946,3512,0.8624151395120844,false,28946,3512,0.8624151395120844
28946,28809,0.8717422034876924,false,28946,28809,0.8717422034876924
28946,5653,0.7813965780880623,false,28946,5653,0.7813965780880623
28946,28755,0.7044225667985218,false,28946,28755,0.7044225667985218
105375894,4547,0.8092539675314613,false,105375894,4547,0.8092539675314613
105375894,3627,0.7011908439916692,false,105375894,3627,0.7011908439916692
9928,64151,0.8283157871217658,false,9928,64151,0.8283157871217658
9928,221150,0.7093250027021031,false,9928,221150,0.7093250027021031
9928,100288637,0.8002747043478804,false,9928,100288637,0.8002747043478804
1058,3833,0.7298698922343345,false,1058,3833,0.7298698922343345
1058,81624,0.7201151984499,false,1058,81624,0.7201151984499
1058,100507118,0.7181292829011657,false,1058,100507118,0.7181292829011657
57167,6362,0.7086025476274614,false,57167,6362,0.7086025476274614
57167,168002,0.7354777794551579,false,57167,168002,0.7354777794551579
57167,109729169,0.7523101970987668,false,57167,109729169,0.7523101970987668
366,654499,0.7526277589892595,false,366,654499,0.7526277589892595
3833,221150,0.7347137914693803,false,3833,221150,0.7347137914693803
3833,100507118,0.8154760481402614,false,3833,100507118,0.8154760481402614
3833,991,0.8820415141611595,false,3833,991,0.8820415141611595
3833,10615,0.7061066680601568,false,3833,10615,0.7061066680601568
6362,80329,0.9164352224057886,false,6362,80329,0.9164352224057886
4547,3627,0.87413213759421,false,4547,3627,0.87413213759421
554202,109729169,0.7456902266240805,false,554202,109729169,0.7456902266240805
81624,100507118,0.7096278351381573,false,81624,100507118,0.7096278351381573
3512,6716,0.7719707063112932,false,3512,6716,0.7719707063112932
3239,253650,0.7639912224752654,false,3239,253650,0.7639912224752654
3239,654499,0.7925964904774654,false,3239,654499,0.7925964904774654
3239,100996301,0.7075742177176222,false,3239,100996301,0.7075742177176222
64151,221150,0.8771233242762148,false,64151,221150,0.8771233242762148
64151,100507118,0.8013976563543258,false,64151,100507118,0.8013976563543258
64151,100288637,0.7370911380879327,false,64151,100288637,0.7370911380879327
64151,10615,0.7108471902792513,false,64151,10615,0.7108471902792513
221150,100507118,0.904823328377458,false,221150,100507118,0.904823328377458
221150,100288637,0.7327281724365242,false,221150,100288637,0.7327281724365242
221150,991,0.7345346872423866,false,221150,991,0.7345346872423866
253650,654499,0.9112019863658969,false,253650,654499,0.9112019863658969
253650,100996301,0.9039026352717399,false,253650,100996301,0.9039026352717399
654499,100996301,0.9259390787716824,false,654499,100996301,0.9259390787716824
105372950,80329,0.788197444427943,false,105372950,80329,0.788197444427943
102724714,28809,0.7765388457962819,false,102724714,28809,0.7765388457962819
102724714,5653,0.7063063927342135,false,102724714,5653,0.7063063927342135
100507118,991,0.7924081708666556,false,100507118,991,0.7924081708666556
991,10615,0.8734315856538277,false,991,10615,0.8734315856538277
28809,5653,0.9725664305349006,false,28809,5653,0.9725664305349006
6716,219527,0.8730125944497433,false,6716,219527,0.8730125944497433
109729169,4825,0.7578833441950477,false,109729169,4825,0.7578833441950477
