genes;condiciones
27237,134285,389336,285987,4004,5653,5650,28809,729442;Control1,Control3,Control4,Control5,Control6,Control7,Control8,Control9,Control10,Control11,Control12,Control13,Control15,Control16,Control17
27237,105374986;Control1,Control2,Control3,Control4,Control5,Control7,Control8,Control9,Control10,Control11,Control12,Control13,Control15,Control16,Control17
27237,1749,389336,3227;Control1,Control3,Control4,Control5,Control6,Control7,Control8,Control9,Control10,Control11,Control12,Control13,Control15,Control16,Control17
27237,105371927;Control1,Control2,Control3,Control5,Control6,Control7,Control8,Control9,Control10,Control11,Control12,Control13,Control15,Control16,Control17
27237,115701;Control1,Control2,Control3,Control4,Control5,Control6,Control7,Control8,Control9,Control10,Control11,Control12,Control13,Control16,Control17
27237,101929707,134285,285987,4004,5653,5650,28809,729442;Control1,Control3,Control4,Control5,Control6,Control7,Control8,Control9,Control10,Control11,Control12,Control13,Control15,Control16,Control17
148645,3239,56203,3670,345643,5307,105375894,1690,100506071,101929690,6362,106481742,9758,8471;Control1,Control2,Control3,Control4,Control5,Control6,Control7,Control8,Control9,Control10,Control11,Control12,Control13,Control15,Control16,Control17
148645,10309,3239,56203,3670,345643,5307,105375894,1690,100506071,161291,6362,106481742,9758,8471;Control1,Control2,Control3,Control5,Control6,Control7,Control8,Control9,Control10,Control11,Control12,Control13,Control15,Control16,Control17
148645,100506895,3670,345643,5307,105375894,1690,100506071,6362,106481742,9758,105373150,8471;Control1,Control2,Control3,Control4,Control5,Control6,Control7,Control8,Control9,Control11,Control12,Control13,Control15,Control16,Control17
148645,9312,3239,56203,3670,345643,5307,105375894,283078,1690,100506071,6362,106481742,9758,8471;Control1,Control2,Control3,Control4,Control6,Control7,Control8,Control9,Control10,Control11,Control12,Control13,Control15,Control16,Control17
148645,100192378,3239,56203,3670,345643,5307,105375894,1690,100506071,6362,106481742,9758,8471;Control1,Control2,Control3,Control4,Control5,Control6,Control7,Control8,Control9,Control10,Control12,Control13,Control15,Control16,Control17
148645,283078,56203,3670,345643,5307,1690,100506071,106481742,8471;Control1,Control2,Control3,Control4,Control5,Control6,Control7,Control8,Control9,Control10,Control11,Control12,Control13,Control15,Control16,Control17
148645,64843,3239,56203,3670,345643,5307,105375894,1690,100506071,101929690,6362,106481742,9758,8471;Control1,Control2,Control3,Control4,Control5,Control6,Control7,Control8,Control10,Control11,Control12,Control13,Control15,Control16,Control17
148645,105373150,3239,56203,3670,345643,5307,105375894,1690,100506071,101929690,6362,106481742,9758,8471;Control1,Control2,Control3,Control4,Control5,Control6,Control7,Control8,Control9,Control11,Control12,Control13,Control15,Control16,Control17
3604,6664,27299,2625,387978;Control1,Control2,Control3,Control4,Control5,Control6,Control7,Control8,Control9,Control10,Control11,Control12,Control13,Control15,Control16,Control17
3604,4283,6664,3627,10537,27299,2625,387978,100506655,23532;Control2,Control3,Control4,Control5,Control6,Control7,Control8,Control9,Control10,Control11,Control12,Control13,Control15,Control16,Control17
3604,4547,6664,27299,2625,387978;Control1,Control2,Control3,Control5,Control6,Control7,Control8,Control9,Control10,Control11,Control12,Control13,Control15,Control16,Control17
3604,2845,6664,27299,2625,387978;Control1,Control2,Control3,Control4,Control5,Control6,Control7,Control9,Control10,Control11,Control12,Control13,Control15,Control16,Control17
3604,5100;Control1,Control2,Control3,Control4,Control5,Control6,Control7,Control8,Control10,Control11,Control12,Control13,Control15,Control16,Control17
3604,5083,27299,2625,387978,101060400;Control1,Control2,Control3,Control4,Control5,Control6,Control8,Control9,Control10,Control11,Control12,Control13,Control15,Control16,Control17
3604,64843,6664,27299,2625,387978;Control1,Control2,Control4,Control5,Control6,Control7,Control8,Control9,Control10,Control11,Control12,Control13,Control15,Control16,Control17
3604,101060400,6664,27299,2625,387978,105372115;Control1,Control2,Control3,Control4,Control5,Control6,Control8,Control9,Control10,Control11,Control12,Control13,Control15,Control16,Control17
3604,105372115,6664,27299,2625,387978,389903;Control1,Control2,Control3,Control4,Control5,Control6,Control7,Control8,Control9,Control10,Control11,Control12,Control13,Control15,Control16
374946,56300,4496;Control1,Control2,Control3,Control4,Control5,Control6,Control7,Control8,Control9,Control10,Control11,Control13,Control15,Control16,Control17
374946,5798;Control1,Control2,Control3,Control4,Control5,Control6,Control7,Control8,Control9,Control10,Control11,Control12,Control13,Control15,Control16,Control17
374946,647309,5798;Control1,Control2,Control4,Control5,Control6,Control7,Control8,Control9,Control10,Control11,Control12,Control13,Control15,Control16,Control17
374946,101928658,5798,11075;Control1,Control2,Control3,Control4,Control5,Control6,Control7,Control8,Control9,Control10,Control12,Control13,Control15,Control16,Control17
374946,6534,5798,109729169;Control1,Control2,Control3,Control4,Control5,Control6,Control7,Control8,Control9,Control10,Control11,Control12,Control13,Control15,Control17
374946,860,5798;Control1,Control2,Control3,Control4,Control5,Control6,Control8,Control9,Control10,Control11,Control12,Control13,Control15,Control16,Control17
374946,63898;Control1,Control2,Control3,Control4,Control5,Control6,Control8,Control9,Control10,Control11,Control12,Control13,Control15,Control16,Control17
374946,3229,5798,387895,4496;Control1,Control2,Control3,Control4,Control5,Control6,Control7,Control8,Control9,Control10,Control11,Control13,Control15,Control16,Control17
374946,115701,5798,3229;Control1,Control2,Control3,Control4,Control5,Control6,Control7,Control8,Control9,Control10,Control11,Control13,Control15,Control16,Control17
374946,100533990,5798,344;Control1,Control2,Control3,Control4,Control5,Control6,Control7,Control8,Control9,Control10,Control11,Control12,Control13,Control15,Control17
374946,57167,5798;Control1,Control2,Control3,Control5,Control6,Control7,Control8,Control9,Control10,Control11,Control12,Control13,Control15,Control16,Control17
26279,64699;Control1,Control2,Control3,Control4,Control5,Control6,Control7,Control8,Control9,Control10,Control11,Control13,Control15,Control16,Control17
3352,51361,340273,158228,654499,101927355,54101;Control1,Control2,Control3,Control4,Control5,Control6,Control7,Control8,Control9,Control10,Control11,Control12,Control13,Control15,Control16,Control17
3352,100996301,51361,100505994,340273,158228,654499,101927355,107985492,54101;Control1,Control2,Control3,Control4,Control5,Control6,Control7,Control8,Control9,Control10,Control11,Control12,Control13,Control16,Control17
3352,23286,51361,100996301,340273,158228,143662,6495,100506411,654499,101927355,54101;Control1,Control2,Control3,Control4,Control5,Control6,Control7,Control8,Control9,Control10,Control11,Control12,Control13,Control15,Control16
3352,101927686,51361,23286,340273,158228,143662,6495,100506411,654499,101927355,54101;Control1,Control2,Control3,Control4,Control6,Control7,Control8,Control9,Control10,Control11,Control12,Control13,Control15,Control16,Control17
3352,100289137,51361,100996301,23286,340273,158228,143662,7546,6495,100506411,654499,101927355,54101;Control2,Control3,Control4,Control5,Control6,Control7,Control8,Control9,Control10,Control11,Control12,Control13,Control15,Control16,Control17
3352,4257;Control1,Control2,Control3,Control4,Control5,Control6,Control7,Control8,Control9,Control11,Control12,Control13,Control15,Control16,Control17
3352,366;Control1,Control2,Control3,Control4,Control6,Control7,Control8,Control9,Control10,Control11,Control12,Control13,Control15,Control16,Control17
1870,10024;Control1,Control2,Control3,Control4,Control5,Control6,Control7,Control8,Control9,Control10,Control11,Control12,Control13,Control16,Control17
864,101927687;Control1,Control2,Control3,Control4,Control6,Control7,Control8,Control9,Control10,Control11,Control12,Control13,Control15,Control16,Control17
864,55423;Control1,Control2,Control3,Control4,Control6,Control7,Control8,Control9,Control10,Control11,Control12,Control13,Control15,Control16,Control17
105376878,50852;Control1,Control2,Control3,Control4,Control5,Control6,Control7,Control8,Control9,Control11,Control12,Control13,Control15,Control16,Control17
55057,145873;Control1,Control2,Control3,Control4,Control5,Control6,Control7,Control8,Control9,Control10,Control11,Control12,Control13,Control16,Control17
55143,4751,3161,54443,55872,9055;Control1,Control2,Control3,Control4,Control5,Control6,Control7,Control8,Control10,Control11,Control12,Control13,Control15,Control16,Control17
55143,150468,105375610;Control1,Control2,Control3,Control4,Control5,Control6,Control7,Control8,Control9,Control10,Control11,Control12,Control15,Control16,Control17
55143,27178,285643;Control1,Control2,Control3,Control4,Control5,Control6,Control7,Control8,Control9,Control10,Control11,Control12,Control13,Control15,Control16
55143,105375610;Control1,Control2,Control3,Control4,Control5,Control6,Control7,Control8,Control9,Control10,Control11,Control12,Control13,Control15,Control16,Control17
55143,157570;Control1,Control2,Control3,Control4,Control5,Control6,Control7,Control8,Control9,Control10,Control11,Control12,Control13,Control15,Control17
55143,983,4751,3161,54443;Control1,Control2,Control3,Control4,Control5,Control6,Control7,Control8,Control10,Control11,Control12,Control13,Control15,Control16,Control17
55143,79733;Control1,Control2,Control3,Control4,Control5,Control6,Control7,Control9,Control10,Control11,Control12,Control13,Control15,Control16,Control17
55143,81624;Control1,Control2,Control3,Control4,Control5,Control6,Control7,Control8,Control9,Control11,Control12,Control13,Control15,Control16,Control17
55143,100507118,105375610,9055;Control1,Control2,Control3,Control4,Control5,Control6,Control7,Control8,Control10,Control11,Control12,Control13,Control15,Control16,Control17
55143,9955;Control1,Control2,Control3,Control4,Control5,Control6,Control7,Control8,Control9,Control10,Control11,Control12,Control13,Control15,Control16
991,11004,128239,259266,55355,9133,9212;Control1,Control2,Control3,Control4,Control5,Control6,Control8,Control9,Control10,Control11,Control12,Control13,Control15,Control16,Control17
991,128239,259266,55355,4288,9787,9133,9212;Control1,Control2,Control3,Control4,Control5,Control6,Control7,Control8,Control9,Control10,Control11,Control12,Control13,Control15,Control16,Control17
991,1063,259266,6241,55355,4288,9787,9212;Control1,Control3,Control4,Control5,Control6,Control7,Control8,Control9,Control10,Control11,Control12,Control13,Control15,Control16,Control17
991,6241,128239,259266,55355,4288,9787,9212;Control1,Control2,Control3,Control4,Control5,Control6,Control7,Control8,Control9,Control10,Control11,Control13,Control15,Control16,Control17
991,57405,259266,9232,4288,113130;Control1,Control2,Control3,Control4,Control5,Control6,Control7,Control9,Control10,Control11,Control12,Control13,Control15,Control16,Control17
991,995,259266,4288,9787;Control1,Control2,Control3,Control4,Control5,Control6,Control7,Control8,Control9,Control10,Control11,Control12,Control13,Control15,Control16,Control17
991,9232,128239,259266,4288,9787,9133,9212;Control1,Control2,Control3,Control4,Control5,Control6,Control7,Control8,Control9,Control10,Control11,Control12,Control13,Control15,Control16,Control17
991,3833,128239,4288,9700;Control1,Control2,Control3,Control4,Control5,Control6,Control7,Control8,Control9,Control10,Control11,Control12,Control13,Control15,Control16,Control17
991,113130,259266,9232,4288,9787,9133,9212;Control1,Control2,Control3,Control4,Control5,Control6,Control7,Control8,Control9,Control10,Control11,Control12,Control13,Control15,Control16,Control17
991,112937,128239,55355,4288,9212;Control1,Control2,Control3,Control4,Control5,Control6,Control7,Control8,Control10,Control11,Control12,Control13,Control15,Control16,Control17
991,10024,128239,259266,9232,4288,9133;Control1,Control2,Control3,Control4,Control5,Control6,Control7,Control8,Control10,Control11,Control12,Control13,Control15,Control16,Control17
991,79801,259266,9232,4288,9787,9133,9212;Control1,Control2,Control3,Control4,Control5,Control6,Control7,Control8,Control9,Control10,Control11,Control12,Control13,Control15,Control16
991,107985017,3833,146909;Control1,Control2,Control3,Control4,Control5,Control6,Control7,Control8,Control9,Control10,Control11,Control12,Control13,Control15,Control17
991,10615,259266,4288;Control1,Control2,Control3,Control4,Control5,Control6,Control7,Control8,Control9,Control10,Control11,Control12,Control13,Control15,Control16,Control17
991,146909,259266,9232,4288,113130,9787,9212;Control1,Control2,Control3,Control4,Control5,Control6,Control7,Control8,Control9,Control10,Control11,Control12,Control13,Control15,Control16,Control17
991,332,259266,6241,55355,995,4288,9787,24137;Control1,Control2,Control3,Control4,Control5,Control6,Control7,Control9,Control10,Control11,Control12,Control13,Control15,Control16,Control17
991,220134,128239,55355,4288,112937;Control1,Control2,Control3,Control4,Control5,Control6,Control7,Control8,Control10,Control11,Control12,Control13,Control15,Control16,Control17
991,55723,1063,113130,9787,146909;Control1,Control2,Control3,Control4,Control6,Control7,Control8,Control9,Control10,Control11,Control12,Control13,Control15,Control16,Control17
991,22974,128239,259266,55355,4288,9787,9212;Control1,Control2,Control3,Control5,Control6,Control7,Control8,Control9,Control10,Control11,Control12,Control13,Control15,Control16,Control17
991,11065,128239,259266,55355,4288,9787,9212;Control1,Control2,Control3,Control4,Control6,Control7,Control8,Control9,Control10,Control11,Control12,Control13,Control15,Control16,Control17
991,24137,128239,259266,6241,55355,4288,9787,9212;Control1,Control2,Control3,Control4,Control5,Control6,Control7,Control9,Control10,Control11,Control12,Control13,Control15,Control16,Control17
11004,57405,259266;Control1,Control2,Control3,Control4,Control5,Control6,Control8,Control9,Control10,Control11,Control12,Control13,Control15,Control16,Control17
11004,113130,991,259266,9133,9212;Control1,Control2,Control3,Control4,Control5,Control6,Control8,Control9,Control10,Control11,Control12,Control13,Control15,Control16,Control17
11004,11065;Control1,Control2,Control3,Control4,Control5,Control6,Control8,Control9,Control10,Control11,Control12,Control13,Control15,Control16,Control17
5865,477,6716,1047,166979,4544,6345;Control1,Control2,Control3,Control4,Control5,Control6,Control7,Control9,Control10,Control11,Control12,Control13,Control15,Control16,Control17
5865,6716,3580,1047,166979,4544,6345;Control1,Control2,Control3,Control4,Control5,Control6,Control7,Control8,Control9,Control10,Control11,Control12,Control13,Control15,Control16,Control17
5865,9378,219527;Control1,Control2,Control3,Control4,Control5,Control6,Control7,Control8,Control9,Control10,Control11,Control12,Control13,Control15,Control17
5865,28946,6716,3580,3512,1047,166979,4544,6345;Control1,Control2,Control3,Control4,Control5,Control6,Control7,Control8,Control9,Control11,Control12,Control13,Control15,Control16,Control17
5865,646951,166979,219527,4544,116173;Control1,Control3,Control4,Control5,Control6,Control7,Control8,Control9,Control10,Control11,Control12,Control13,Control15,Control16,Control17
5865,101927686,1047,166979,4544;Control1,Control2,Control3,Control4,Control5,Control6,Control7,Control8,Control9,Control10,Control11,Control12,Control13,Control15,Control16,Control17
5865,646024,105376041,3053;Control1,Control2,Control3,Control4,Control6,Control7,Control8,Control9,Control10,Control11,Control12,Control13,Control15,Control16,Control17
5865,9312,6716,3580,1047,166979,4544,6345;Control1,Control2,Control4,Control5,Control6,Control7,Control8,Control9,Control10,Control11,Control12,Control13,Control15,Control16,Control17
5865,219527,6716,166979,4544,116173;Control1,Control2,Control3,Control4,Control5,Control6,Control7,Control8,Control9,Control10,Control11,Control12,Control13,Control15,Control16,Control17
5865,7681,6716,3580,1047,166979,4544,6345,107985436;Control1,Control2,Control3,Control4,Control5,Control6,Control8,Control9,Control10,Control11,Control12,Control13,Control15,Control16,Control17
5865,594855,6716,1047,166979,4544,6345;Control1,Control2,Control3,Control4,Control5,Control6,Control7,Control8,Control9,Control10,Control11,Control12,Control13,Control15,Control16,Control17
5865,105371152,6716,28946,3512,1047,166979,4544;Control1,Control2,Control3,Control4,Control5,Control6,Control7,Control8,Control9,Control11,Control12,Control13,Control15,Control16,Control17
5865,6860,107985513;Control2,Control3,Control4,Control5,Control6,Control7,Control8,Control9,Control10,Control11,Control12,Control13,Control15,Control16,Control17
5865,107985513,166979,4544;Control2,Control3,Control4,Control5,Control6,Control7,Control8,Control9,Control10,Control11,Control12,Control13,Control15,Control16,Control17
5865,26150,166979,219527,4544;Control1,Control2,Control3,Control4,Control5,Control6,Control7,Control8,Control9,Control10,Control12,Control13,Control15,Control16,Control17
5865,109729169,3053;Control1,Control2,Control3,Control4,Control6,Control7,Control8,Control9,Control10,Control11,Control12,Control13,Control15,Control16,Control17
51361,100996301,81849,23286,340273,100289137,253650,158228,143662,100506411,654499,101927355,107985492,54101;Control1,Control2,Control3,Control4,Control5,Control6,Control7,Control8,Control9,Control10,Control11,Control12,Control13,Control15,Control16,Control17
51361,653149,105374166,340273,158228,143662,79056,100506411,654499,54101;Control1,Control3,Control4,Control5,Control6,Control7,Control8,Control9,Control10,Control11,Control12,Control13,Control15,Control16,Control17
51361,2019,100996301,81849,23286,340273,100289137,158228,143662,100506411,654499,101927355,107985492,54101;Control1,Control2,Control3,Control4,Control5,Control6,Control7,Control8,Control9,Control11,Control12,Control13,Control15,Control16,Control17
51361,29851,5133,4547;Control1,Control2,Control3,Control4,Control5,Control6,Control7,Control8,Control10,Control11,Control12,Control13,Control15,Control16,Control17
51361,105374166,340273,253650,158228,112268037,143662,100506411,654499;Control1,Control2,Control3,Control4,Control5,Control6,Control7,Control8,Control9,Control10,Control11,Control12,Control13,Control15,Control16,Control17
51361,10309,100996301,23286,340273,100289137,158228,143662,6495,100506411,654499,101927355,107985492,54101;Control1,Control2,Control4,Control5,Control6,Control7,Control8,Control9,Control10,Control11,Control12,Control13,Control15,Control16,Control17
51361,57451,10309,23286,340273,158228,143662,6495,100506411,654499,970,54101;Control1,Control2,Control4,Control5,Control6,Control7,Control8,Control9,Control10,Control11,Control12,Control13,Control15,Control16,Control17
51361,107986606,100996301,81849,23286,340273,253650,158228,100506411,654499,101927355,107985492,54101;Control1,Control2,Control3,Control4,Control5,Control6,Control7,Control8,Control10,Control11,Control12,Control13,Control15,Control16,Control17
51361,245972,100996301,81849,23286,340273,100289137,158228,143662,100506411,654499,101927355,54101;Control1,Control2,Control3,Control4,Control5,Control6,Control7,Control8,Control9,Control11,Control12,Control13,Control15,Control16,Control17
51361,105375690,100996301,100505994,23286,340273,158228,143662,6495,100506411,654499,107985492,54101;Control1,Control2,Control3,Control4,Control5,Control6,Control7,Control8,Control9,Control10,Control11,Control12,Control13,Control16,Control17
51361,112268037,81849,340273,253650,158228,143662,100506411,654499,101927355;Control1,Control2,Control3,Control4,Control5,Control6,Control7,Control8,Control9,Control10,Control11,Control12,Control13,Control15,Control16,Control17
51361,9355,105374166,340273,253650,158228,112268037,143662,100506411,654499,54101;Control1,Control2,Control3,Control4,Control5,Control6,Control8,Control9,Control10,Control11,Control12,Control13,Control15,Control16,Control17
51361,79056,105374166,340273,158228,143662,100506411,654499,54101;Control1,Control2,Control3,Control4,Control5,Control6,Control7,Control8,Control9,Control10,Control11,Control12,Control13,Control15,Control16,Control17
51361,6495,100996301,23286,340273,100289137,253650,158228,143662,100506411,654499,101927355,107985492,54101;Control1,Control2,Control3,Control4,Control5,Control6,Control7,Control8,Control9,Control10,Control11,Control12,Control13,Control15,Control16,Control17
51361,161291,10309,340273,158228,143662,6495,100506411,654499,54101;Control1,Control2,Control4,Control5,Control6,Control7,Control8,Control9,Control10,Control11,Control12,Control13,Control15,Control16,Control17
51361,366,3352,23286,340273,100289137,158228,143662,7546,6495,100506411,654499,101927355,54101;Control2,Control3,Control4,Control5,Control6,Control7,Control8,Control9,Control10,Control11,Control12,Control13,Control15,Control16,Control17
51361,9388,100996301,81849,23286,340273,253650,158228,112268037,100506411,654499,101927355,107985492;Control1,Control2,Control3,Control4,Control5,Control6,Control8,Control9,Control10,Control11,Control12,Control13,Control15,Control16,Control17
51361,970,105374166,340273,158228,143662,100506411,654499,54101;Control1,Control2,Control3,Control4,Control5,Control6,Control7,Control8,Control9,Control10,Control11,Control12,Control13,Control15,Control16,Control17
51361,2277,23286,340273,100289137,253650,158228,143662,100506411,654499,101927355,54101;Control1,Control2,Control3,Control4,Control5,Control6,Control7,Control8,Control9,Control10,Control11,Control12,Control13,Control15,Control16,Control17
100996301,105374166,51361,81849,23286,340273,100289137,253650,158228,143662,100506411,654499,101927355,107985492,54101;Control1,Control2,Control3,Control4,Control5,Control7,Control8,Control9,Control10,Control11,Control12,Control13,Control15,Control16,Control17
100996301,101927686,51361,81849,23286,340273,100289137,253650,158228,143662,6495,100506411,654499,101927355,107985492,54101;Control1,Control2,Control3,Control4,Control6,Control7,Control8,Control9,Control10,Control11,Control12,Control13,Control15,Control16,Control17
100996301,646024,100505994,105376041,107985492,3053;Control1,Control2,Control3,Control5,Control6,Control7,Control8,Control9,Control10,Control11,Control12,Control13,Control15,Control16,Control17
100996301,105375690,107985492;Control1,Control2,Control3,Control4,Control5,Control6,Control7,Control8,Control9,Control11,Control12,Control13,Control15,Control16,Control17
100996301,112268037,51361,81849,23286,340273,100289137,253650,158228,143662,100506411,654499,101927355,107985492,54101;Control1,Control2,Control3,Control4,Control5,Control6,Control8,Control9,Control10,Control11,Control12,Control13,Control15,Control16,Control17
100996301,101101772,81849,107985492;Control1,Control2,Control3,Control4,Control5,Control6,Control7,Control8,Control9,Control10,Control11,Control12,Control13,Control15,Control17
100996301,79056,51361,100505994,23286,340273,158228,143662,6495,100506411,654499,101927355,107985492,54101;Control1,Control2,Control3,Control4,Control5,Control6,Control7,Control8,Control9,Control10,Control11,Control12,Control13,Control16,Control17
100996301,970,51361,81849,100505994,23286,340273,100289137,253650,158228,143662,6495,100506411,654499,101927355,107985492,54101;Control1,Control2,Control3,Control4,Control5,Control6,Control7,Control8,Control9,Control10,Control11,Control12,Control13,Control16,Control17
100996301,2277,51361,23286,340273,100289137,253650,158228,112268037,143662,6495,100506411,654499,101927355,107985492,54101;Control1,Control2,Control3,Control4,Control5,Control6,Control8,Control9,Control10,Control11,Control12,Control13,Control15,Control16,Control17
55635,4751,3161,54443,55872,983,55165,7153;Control1,Control2,Control3,Control4,Control5,Control7,Control8,Control9,Control10,Control11,Control12,Control13,Control15,Control16,Control17
55635,23397,11130,983,7153;Control1,Control2,Control3,Control5,Control6,Control7,Control8,Control9,Control10,Control11,Control12,Control13,Control15,Control16,Control17
55635,54443,4751,55872,983,9055,7153;Control1,Control2,Control3,Control4,Control5,Control6,Control7,Control9,Control10,Control11,Control12,Control13,Control15,Control16,Control17
55635,2845;Control1,Control3,Control4,Control5,Control6,Control7,Control8,Control9,Control10,Control11,Control12,Control13,Control15,Control16,Control17
55635,983,3832,7153;Control1,Control2,Control3,Control4,Control5,Control6,Control7,Control8,Control9,Control10,Control11,Control12,Control13,Control15,Control16,Control17
55635,9824,983,3832,7153;Control1,Control2,Control4,Control5,Control6,Control7,Control8,Control9,Control10,Control11,Control12,Control13,Control15,Control16,Control17
55635,54478;Control2,Control3,Control4,Control5,Control6,Control7,Control8,Control9,Control10,Control11,Control12,Control13,Control15,Control16,Control17
55635,29128,3161,55872,983,55165,7153;Control1,Control2,Control3,Control4,Control5,Control7,Control8,Control9,Control10,Control11,Control12,Control13,Control15,Control16,Control17
81849,7546,51361,100996301,23286,340273,100289137,253650,158228,143662,100506411,654499,101927355,107985492,54101;Control2,Control3,Control4,Control5,Control6,Control7,Control8,Control9,Control10,Control11,Control12,Control13,Control15,Control16,Control17
81849,9388,253650,112268037,2277;Control1,Control2,Control3,Control4,Control6,Control7,Control8,Control9,Control10,Control11,Control12,Control13,Control15,Control16,Control17
81849,2277,51361,100505994,23286,340273,100289137,253650,158228,143662,100506411,654499,101927355,107985492,54101;Control1,Control2,Control3,Control4,Control5,Control6,Control7,Control8,Control9,Control10,Control11,Control12,Control13,Control16,Control17
26289,131578;Control1,Control2,Control3,Control4,Control5,Control6,Control7,Control8,Control9,Control10,Control11,Control13,Control15,Control16,Control17
26289,101928658;Control1,Control2,Control3,Control4,Control5,Control6,Control7,Control8,Control9,Control10,Control11,Control12,Control13,Control15,Control16
26289,63898,4318,109729184;Control1,Control2,Control3,Control4,Control5,Control6,Control7,Control8,Control9,Control10,Control11,Control12,Control13,Control15,Control16
26289,349408;Control1,Control2,Control3,Control4,Control5,Control6,Control8,Control9,Control10,Control11,Control12,Control13,Control15,Control16,Control17
23566,83648;Control1,Control2,Control3,Control4,Control5,Control6,Control7,Control8,Control9,Control10,Control11,Control12,Control15,Control16,Control17
23566,9628;Control1,Control2,Control3,Control4,Control5,Control6,Control7,Control8,Control9,Control10,Control11,Control12,Control13,Control15,Control16
23566,107984763;Control1,Control2,Control3,Control4,Control5,Control6,Control7,Control8,Control9,Control10,Control11,Control12,Control13,Control15,Control16,Control17
23566,53820;Control1,Control2,Control3,Control4,Control5,Control6,Control7,Control8,Control9,Control10,Control11,Control12,Control15,Control16,Control17
115362,29851,100506827;Control1,Control2,Control3,Control5,Control6,Control7,Control8,Control9,Control10,Control11,Control12,Control13,Control15,Control16,Control17
115362,3580,3627,10537;Control1,Control2,Control3,Control4,Control6,Control7,Control8,Control9,Control10,Control11,Control12,Control13,Control15,Control16,Control17
115362,100506827,10537,100506655,23532;Control1,Control2,Control3,Control4,Control5,Control6,Control7,Control8,Control9,Control10,Control11,Control12,Control13,Control15,Control16,Control17
115362,4283,100506827,147741;Control1,Control2,Control3,Control4,Control5,Control6,Control7,Control8,Control10,Control11,Control12,Control13,Control15,Control16,Control17
115362,3627,10537,23532;Control1,Control2,Control3,Control4,Control5,Control6,Control7,Control8,Control9,Control10,Control11,Control12,Control13,Control15,Control16,Control17
115362,701;Control1,Control3,Control4,Control5,Control6,Control7,Control8,Control9,Control10,Control11,Control12,Control13,Control15,Control16,Control17
1301,574414,574029;Control1,Control2,Control3,Control4,Control5,Control6,Control7,Control8,Control9,Control10,Control11,Control12,Control13,Control15,Control16,Control17
1301,101927750,574414,574029,2834;Control1,Control2,Control3,Control4,Control5,Control6,Control7,Control8,Control9,Control11,Control12,Control13,Control15,Control16,Control17
1301,56300,574414,574029,2834,4496;Control1,Control2,Control3,Control4,Control5,Control6,Control7,Control8,Control9,Control10,Control11,Control12,Control13,Control16,Control17
1301,6332,574029;Control1,Control2,Control3,Control4,Control5,Control6,Control8,Control9,Control10,Control11,Control12,Control13,Control15,Control16,Control17
1301,64094,107986951;Control1,Control2,Control3,Control4,Control5,Control6,Control7,Control8,Control9,Control10,Control11,Control13,Control15,Control16,Control17
1301,100652791,56300;Control1,Control2,Control3,Control4,Control5,Control6,Control8,Control9,Control10,Control11,Control12,Control13,Control15,Control16,Control17
1301,107986951,574029,2834;Control1,Control2,Control3,Control4,Control5,Control6,Control7,Control8,Control9,Control10,Control11,Control13,Control15,Control16,Control17
1301,105375622,574414;Control1,Control2,Control3,Control4,Control5,Control6,Control7,Control9,Control10,Control11,Control12,Control13,Control15,Control16,Control17
1301,554202,5101;Control1,Control2,Control3,Control4,Control5,Control6,Control7,Control8,Control9,Control10,Control11,Control12,Control13,Control15,Control17
1301,2834,574029;Control1,Control2,Control3,Control4,Control5,Control6,Control7,Control8,Control9,Control10,Control11,Control12,Control13,Control15,Control16,Control17
1301,112937,574029,2834;Control1,Control2,Control3,Control4,Control5,Control6,Control7,Control8,Control9,Control10,Control11,Control12,Control13,Control15,Control16
1301,654499,574029;Control1,Control2,Control3,Control5,Control6,Control7,Control8,Control9,Control10,Control11,Control12,Control13,Control15,Control16,Control17
1301,110806280,574029;Control1,Control2,Control3,Control4,Control5,Control6,Control7,Control8,Control9,Control10,Control11,Control12,Control13,Control15,Control16
653149,3135,79056;Control1,Control2,Control3,Control4,Control6,Control7,Control8,Control9,Control10,Control11,Control12,Control13,Control15,Control16,Control17
653149,79056;Control1,Control2,Control3,Control4,Control5,Control6,Control7,Control8,Control9,Control10,Control11,Control12,Control13,Control15,Control16,Control17
653820,729533;Control1,Control2,Control3,Control4,Control5,Control6,Control7,Control8,Control9,Control11,Control12,Control13,Control15,Control16,Control17
653820,4085;Control1,Control2,Control3,Control4,Control5,Control6,Control7,Control8,Control9,Control10,Control11,Control12,Control13,Control15,Control16,Control17
653820,55247,4085;Control2,Control3,Control4,Control5,Control6,Control7,Control8,Control9,Control10,Control11,Control12,Control13,Control15,Control16,Control17
574414,101927750;Control1,Control2,Control3,Control4,Control5,Control6,Control7,Control8,Control9,Control10,Control11,Control12,Control13,Control15,Control16,Control17
574414,1404,574029;Control1,Control2,Control3,Control4,Control5,Control7,Control8,Control9,Control10,Control11,Control12,Control13,Control15,Control16,Control17
574414,6690,112802,3881;Control1,Control2,Control3,Control4,Control5,Control6,Control7,Control8,Control9,Control10,Control11,Control12,Control13,Control15,Control17
574414,6865;Control1,Control2,Control3,Control4,Control5,Control6,Control7,Control9,Control10,Control11,Control12,Control13,Control15,Control16,Control17
574414,2834,1301,574029;Control1,Control2,Control3,Control4,Control5,Control6,Control7,Control8,Control9,Control10,Control11,Control12,Control15,Control16,Control17
574414,1813;Control1,Control2,Control3,Control4,Control5,Control6,Control7,Control8,Control9,Control10,Control12,Control13,Control15,Control16,Control17
574414,3229,101927750,56300,4496;Control1,Control2,Control3,Control4,Control5,Control6,Control7,Control8,Control9,Control10,Control11,Control12,Control13,Control16,Control17
574414,400618,574029;Control1,Control2,Control3,Control4,Control5,Control6,Control7,Control8,Control9,Control10,Control11,Control12,Control13,Control15,Control16
6273,3754,105375027,101927760,338667;Control1,Control3,Control4,Control5,Control6,Control7,Control8,Control9,Control10,Control11,Control12,Control13,Control15,Control16,Control17
6273,8352,8355,101927760,338667;Control1,Control2,Control3,Control4,Control5,Control6,Control7,Control8,Control9,Control10,Control11,Control12,Control13,Control15,Control17
6273,8355,101927760,338667,111216286;Control1,Control2,Control3,Control4,Control5,Control6,Control7,Control8,Control9,Control10,Control11,Control12,Control13,Control15,Control16,Control17
6273,105375027,101927760,338667,338797;Control1,Control2,Control3,Control4,Control5,Control6,Control7,Control8,Control9,Control10,Control11,Control12,Control13,Control15,Control16,Control17
6273,105375674,105375027,101927760,338667;Control1,Control2,Control3,Control5,Control6,Control7,Control8,Control9,Control10,Control11,Control12,Control13,Control15,Control16,Control17
6273,102724784,8355,105375027,101927760,338667;Control1,Control2,Control3,Control4,Control5,Control6,Control7,Control8,Control9,Control10,Control12,Control13,Control15,Control16,Control17
6273,103689845,105375027,101927760,338667;Control1,Control2,Control3,Control4,Control5,Control6,Control7,Control8,Control9,Control10,Control11,Control12,Control13,Control16,Control17
6273,105371050,105375027,105375674,338667;Control1,Control2,Control3,Control5,Control6,Control7,Control8,Control9,Control10,Control11,Control12,Control13,Control15,Control16,Control17
6273,3881,105375027,338667;Control1,Control2,Control3,Control4,Control5,Control6,Control7,Control8,Control9,Control11,Control12,Control13,Control15,Control16,Control17
6273,53820,105375027,101927760,338667;Control1,Control2,Control3,Control4,Control5,Control7,Control8,Control9,Control10,Control11,Control12,Control13,Control15,Control16,Control17
6273,107985627,105375027,101927760,102724784,338667;Control1,Control2,Control3,Control4,Control5,Control6,Control7,Control8,Control9,Control10,Control12,Control13,Control15,Control16,Control17
128239,6241,259266,55355,9787,9212;Control1,Control2,Control3,Control4,Control5,Control6,Control7,Control8,Control9,Control10,Control11,Control12,Control13,Control15,Control16,Control17
128239,995,991,6241,55355,4288,9787,9212;Control1,Control3,Control4,Control5,Control6,Control7,Control8,Control9,Control10,Control11,Control12,Control13,Control15,Control16,Control17
128239,105375610,9700;Control1,Control3,Control4,Control5,Control6,Control7,Control8,Control9,Control10,Control11,Control12,Control13,Control15,Control16,Control17
128239,113130,991,259266,55355,4288,9787,9133,9212,146909;Control1,Control2,Control3,Control4,Control5,Control6,Control7,Control8,Control9,Control10,Control11,Control12,Control13,Control15,Control17
128239,112937;Control1,Control2,Control3,Control4,Control5,Control6,Control7,Control8,Control9,Control10,Control11,Control12,Control13,Control15,Control16,Control17
128239,10024,991,9133;Control1,Control2,Control3,Control4,Control5,Control6,Control7,Control8,Control9,Control10,Control12,Control13,Control15,Control16,Control17
128239,10615,991,259266,4288;Control1,Control2,Control3,Control4,Control5,Control6,Control7,Control8,Control9,Control10,Control11,Control12,Control15,Control16,Control17
128239,332,991,259266,55355,9787,9133,9212;Control1,Control2,Control3,Control4,Control5,Control6,Control7,Control8,Control9,Control10,Control11,Control12,Control15,Control16,Control17
128239,220134,259266,55355;Control1,Control2,Control3,Control4,Control5,Control6,Control7,Control8,Control9,Control10,Control11,Control12,Control13,Control15,Control16,Control17
128239,8318,10024;Control1,Control2,Control3,Control4,Control5,Control6,Control7,Control8,Control9,Control10,Control11,Control12,Control15,Control16,Control17
101928202,10537,100506655,23532;Control1,Control2,Control3,Control4,Control5,Control6,Control7,Control8,Control9,Control10,Control12,Control13,Control15,Control16,Control17
89886,105372950,84561;Control1,Control2,Control3,Control4,Control5,Control6,Control7,Control8,Control9,Control10,Control11,Control13,Control15,Control16,Control17
89886,5798,168002,105378305,1995;Control1,Control2,Control3,Control4,Control5,Control6,Control7,Control8,Control9,Control10,Control11,Control12,Control13,Control16,Control17
89886,286676,105378305,1995;Control1,Control2,Control3,Control4,Control5,Control6,Control7,Control8,Control9,Control10,Control11,Control12,Control13,Control15,Control16,Control17
89886,168002,105378305,1995;Control1,Control2,Control3,Control4,Control5,Control6,Control7,Control8,Control9,Control10,Control11,Control12,Control13,Control15,Control16,Control17
89886,29991,168002,105378305,1995;Control1,Control2,Control3,Control4,Control5,Control6,Control7,Control8,Control9,Control11,Control12,Control13,Control15,Control16,Control17
89886,143662,286676,1995;Control1,Control2,Control3,Control5,Control6,Control7,Control8,Control9,Control10,Control11,Control12,Control13,Control15,Control16,Control17
89886,107984129,286676,168002,1995;Control1,Control2,Control3,Control4,Control5,Control7,Control8,Control9,Control10,Control11,Control12,Control13,Control15,Control16,Control17
89886,79191,168002,1995;Control1,Control2,Control3,Control4,Control5,Control6,Control7,Control8,Control9,Control10,Control11,Control12,Control13,Control15,Control16,Control17
89886,344,5798,168002,79191,1995;Control1,Control2,Control3,Control4,Control5,Control6,Control7,Control8,Control9,Control10,Control11,Control12,Control13,Control16,Control17
89886,4318,168002,105378305,1995,109729184;Control1,Control2,Control3,Control4,Control5,Control6,Control8,Control9,Control10,Control11,Control12,Control13,Control15,Control16,Control17
89886,7477,286676,168002,105378305,79191;Control1,Control2,Control3,Control4,Control5,Control7,Control8,Control9,Control10,Control11,Control12,Control13,Control15,Control16,Control17
89886,349408,168002,105378305,79191,1995;Control1,Control2,Control3,Control4,Control5,Control6,Control7,Control8,Control9,Control10,Control11,Control12,Control13,Control15,Control16
477,3512;Control1,Control2,Control3,Control4,Control5,Control6,Control7,Control9,Control10,Control11,Control12,Control13,Control15,Control16,Control17
477,171019,1630;Control1,Control2,Control3,Control4,Control6,Control7,Control8,Control9,Control10,Control11,Control12,Control13,Control15,Control16,Control17
477,101927354;Control2,Control3,Control4,Control5,Control6,Control7,Control8,Control9,Control10,Control11,Control12,Control13,Control15,Control16,Control17
477,2845;Control1,Control2,Control3,Control4,Control5,Control6,Control7,Control8,Control10,Control11,Control12,Control13,Control15,Control16,Control17
477,107986990;Control1,Control2,Control3,Control4,Control5,Control6,Control7,Control8,Control9,Control10,Control11,Control12,Control15,Control16,Control17
477,8424;Control1,Control2,Control3,Control4,Control6,Control7,Control8,Control9,Control10,Control11,Control12,Control13,Control15,Control16,Control17
477,105369685,647946;Control1,Control2,Control3,Control4,Control6,Control7,Control8,Control9,Control10,Control11,Control12,Control13,Control15,Control16,Control17
477,647946;Control1,Control2,Control3,Control4,Control5,Control6,Control7,Control8,Control9,Control11,Control12,Control13,Control15,Control16,Control17
477,105372613;Control1,Control2,Control3,Control4,Control5,Control6,Control7,Control8,Control10,Control11,Control12,Control13,Control15,Control16,Control17
81607,3914;Control1,Control2,Control3,Control4,Control5,Control6,Control7,Control8,Control9,Control10,Control11,Control12,Control13,Control16,Control17
81607,84649;Control1,Control2,Control3,Control4,Control5,Control6,Control7,Control8,Control9,Control11,Control12,Control13,Control15,Control16,Control17
81607,6768;Control1,Control2,Control3,Control4,Control5,Control6,Control7,Control8,Control9,Control10,Control12,Control13,Control15,Control16,Control17
83540,55355,55165;Control2,Control3,Control4,Control5,Control6,Control7,Control8,Control9,Control10,Control11,Control12,Control13,Control15,Control16,Control17
83540,57082;Control1,Control2,Control3,Control4,Control5,Control6,Control7,Control8,Control9,Control10,Control11,Control12,Control15,Control16,Control17
79100,8549;Control1,Control2,Control3,Control5,Control6,Control7,Control8,Control9,Control10,Control11,Control12,Control13,Control15,Control16,Control17
79100,5101;Control1,Control2,Control3,Control4,Control5,Control6,Control7,Control8,Control9,Control10,Control11,Control12,Control15,Control16,Control17
2328,27178,285643,101929707;Control1,Control2,Control3,Control4,Control5,Control6,Control7,Control8,Control9,Control11,Control12,Control13,Control15,Control16,Control17
2328,2019,134285,389336,285987,4004,5653,5650,28809,729442;Control1,Control3,Control4,Control5,Control6,Control7,Control8,Control9,Control10,Control11,Control12,Control13,Control15,Control16,Control17
2328,3502,134285,285987,4004,5653,5650,101929707,28809,729442;Control1,Control3,Control4,Control5,Control6,Control7,Control8,Control9,Control10,Control11,Control12,Control13,Control15,Control16,Control17
2328,105371927;Control1,Control2,Control3,Control4,Control5,Control6,Control7,Control8,Control9,Control10,Control11,Control12,Control13,Control15,Control16,Control17
2328,101929707;Control1,Control2,Control3,Control4,Control5,Control6,Control7,Control8,Control9,Control10,Control11,Control12,Control13,Control15,Control16,Control17
105371664,253582;Control1,Control2,Control3,Control4,Control5,Control6,Control7,Control8,Control9,Control10,Control11,Control12,Control13,Control15,Control16,Control17
105371664,113115;Control2,Control3,Control4,Control5,Control6,Control7,Control8,Control9,Control10,Control11,Control12,Control13,Control15,Control16,Control17
105371664,112937;Control1,Control2,Control3,Control4,Control5,Control6,Control7,Control8,Control9,Control10,Control11,Control12,Control13,Control15,Control16,Control17
105371664,110806280,253582;Control1,Control2,Control3,Control4,Control5,Control6,Control8,Control9,Control10,Control11,Control12,Control13,Control15,Control16,Control17
259266,1063,6241,55355,9787,332,24137;Control1,Control2,Control3,Control4,Control5,Control6,Control7,Control8,Control9,Control10,Control11,Control12,Control13,Control15,Control16,Control17
259266,150468,6241,55355,4288,9787;Control1,Control3,Control4,Control5,Control6,Control7,Control8,Control9,Control10,Control11,Control12,Control13,Control15,Control16,Control17
259266,57405,113130;Control1,Control2,Control3,Control4,Control5,Control6,Control7,Control8,Control9,Control10,Control11,Control12,Control13,Control15,Control16,Control17
259266,64151,55355,220134,24137;Control1,Control2,Control3,Control4,Control5,Control6,Control7,Control9,Control10,Control11,Control12,Control13,Control15,Control16,Control17
259266,3833,991,128239,9232,4288,113130,9787,9133,9212;Control1,Control2,Control3,Control4,Control5,Control6,Control7,Control8,Control9,Control10,Control11,Control12,Control15,Control16,Control17
259266,55872,1063,6241,9787,79801;Control1,Control2,Control3,Control4,Control5,Control6,Control7,Control8,Control9,Control10,Control11,Control12,Control13,Control16,Control17
259266,221150,6241,55355,9787,79801;Control1,Control2,Control3,Control4,Control5,Control6,Control7,Control8,Control9,Control10,Control11,Control12,Control13,Control16,Control17
259266,57082,6241,55355,64151;Control1,Control2,Control3,Control4,Control5,Control6,Control7,Control8,Control9,Control10,Control11,Control12,Control13,Control15,Control16
259266,100507118,1063,6241,9787,332,24137;Control1,Control2,Control3,Control4,Control5,Control6,Control7,Control8,Control9,Control10,Control11,Control12,Control15,Control16,Control17
259266,79801,1063,6241,9787;Control1,Control2,Control3,Control4,Control5,Control6,Control7,Control8,Control9,Control10,Control11,Control12,Control13,Control15,Control16,Control17
554279,2019,101927687;Control2,Control3,Control4,Control5,Control6,Control7,Control8,Control9,Control10,Control11,Control12,Control13,Control15,Control16,Control17
554279,101927687;Control1,Control2,Control3,Control4,Control5,Control6,Control7,Control8,Control9,Control10,Control11,Control12,Control13,Control15,Control16,Control17
554279,7546,101927687;Control1,Control2,Control3,Control4,Control5,Control6,Control7,Control8,Control9,Control11,Control12,Control13,Control15,Control16,Control17
9928,4751,55247,55872,7153;Control1,Control2,Control3,Control4,Control5,Control6,Control7,Control8,Control9,Control10,Control12,Control13,Control15,Control16,Control17
9928,56992,55247,3161,221150;Control1,Control2,Control3,Control4,Control5,Control6,Control7,Control8,Control9,Control10,Control11,Control12,Control13,Control15,Control16
9928,10721,55247,7153;Control1,Control2,Control3,Control5,Control6,Control7,Control8,Control9,Control10,Control11,Control12,Control13,Control15,Control16,Control17
9928,64151,55165,221150,57082,7153,29128;Control1,Control2,Control3,Control4,Control5,Control6,Control7,Control8,Control9,Control10,Control11,Control12,Control13,Control15,Control16
9928,55247,7153;Control1,Control2,Control3,Control4,Control5,Control6,Control7,Control8,Control9,Control10,Control11,Control12,Control13,Control15,Control16,Control17
9928,891,3161,55872,55165,221150,7153,29128;Control1,Control2,Control3,Control4,Control5,Control6,Control7,Control8,Control9,Control10,Control11,Control12,Control13,Control15,Control16
9928,4001,7153;Control1,Control2,Control3,Control4,Control5,Control6,Control7,Control9,Control10,Control11,Control12,Control13,Control15,Control16,Control17
9928,3161,4751,55247,55872,221150,7153;Control1,Control2,Control3,Control4,Control5,Control6,Control7,Control8,Control9,Control10,Control11,Control12,Control13,Control15,Control16
9928,54443,4751,7153;Control1,Control3,Control4,Control5,Control6,Control7,Control8,Control9,Control10,Control11,Control12,Control13,Control15,Control16,Control17
9928,55165,4751,3161,55872,221150,7153;Control1,Control2,Control3,Control4,Control5,Control6,Control7,Control8,Control9,Control10,Control11,Control12,Control13,Control15,Control16
9928,100288637,4751,55247,3161,7153;Control1,Control2,Control3,Control4,Control5,Control6,Control7,Control8,Control9,Control10,Control11,Control12,Control15,Control16,Control17
9928,57082,7153;Control1,Control2,Control3,Control4,Control5,Control6,Control7,Control8,Control9,Control10,Control11,Control12,Control13,Control15,Control16,Control17
55765,102467080;Control1,Control2,Control3,Control4,Control5,Control6,Control7,Control8,Control9,Control10,Control11,Control13,Control15,Control16,Control17
115019,105372950,84561;Control1,Control2,Control3,Control4,Control5,Control6,Control7,Control8,Control9,Control11,Control12,Control13,Control15,Control16,Control17
115019,105377123;Control1,Control2,Control3,Control4,Control5,Control6,Control7,Control8,Control9,Control10,Control11,Control12,Control13,Control15,Control16,Control17
115019,389336,1749,3227;Control1,Control2,Control3,Control4,Control5,Control7,Control8,Control9,Control10,Control11,Control12,Control13,Control15,Control16,Control17
115019,105374986,105377123;Control1,Control3,Control4,Control5,Control6,Control7,Control8,Control9,Control10,Control11,Control12,Control13,Control15,Control16,Control17
115019,5653,389336,5650;Control1,Control2,Control3,Control4,Control5,Control7,Control8,Control9,Control10,Control11,Control12,Control13,Control15,Control16,Control17
3914,1749;Control1,Control2,Control3,Control4,Control5,Control6,Control7,Control8,Control9,Control10,Control11,Control12,Control15,Control16,Control17
3914,112802;Control1,Control2,Control3,Control4,Control5,Control6,Control7,Control8,Control9,Control10,Control11,Control12,Control13,Control16,Control17
3914,103689845;Control1,Control2,Control3,Control4,Control5,Control6,Control7,Control8,Control9,Control11,Control12,Control13,Control15,Control16,Control17
3664,101929215;Control1,Control2,Control3,Control4,Control5,Control6,Control7,Control8,Control9,Control11,Control12,Control13,Control15,Control16,Control17
3664,112937,110806280,102723547;Control1,Control2,Control3,Control4,Control5,Control6,Control7,Control8,Control9,Control10,Control11,Control12,Control13,Control15,Control17
3664,176,729447;Control1,Control2,Control3,Control4,Control5,Control6,Control7,Control8,Control9,Control10,Control11,Control13,Control15,Control16,Control17
3664,3783,729447,102723547;Control1,Control2,Control3,Control5,Control6,Control7,Control8,Control9,Control10,Control11,Control12,Control13,Control15,Control16,Control17
3664,729447,102723547;Control1,Control2,Control3,Control4,Control5,Control6,Control7,Control8,Control9,Control10,Control11,Control12,Control13,Control15,Control16,Control17
3664,389903,729447,102723547;Control1,Control2,Control3,Control4,Control5,Control6,Control7,Control8,Control10,Control11,Control12,Control13,Control15,Control16,Control17
4751,27178,285643,54443,9055;Control1,Control2,Control3,Control4,Control5,Control6,Control7,Control8,Control10,Control11,Control12,Control13,Control15,Control16,Control17
4751,10721,7272;Control1,Control3,Control4,Control5,Control6,Control7,Control8,Control9,Control10,Control11,Control12,Control13,Control15,Control16,Control17
4751,64151,55247,3161,54443,7153;Control1,Control3,Control4,Control5,Control6,Control7,Control8,Control9,Control10,Control11,Control12,Control13,Control15,Control16,Control17
4751,55247,3161,55872,9055,7153;Control1,Control2,Control3,Control4,Control5,Control6,Control7,Control8,Control9,Control10,Control11,Control12,Control13,Control15,Control16,Control17
4751,891,3161,55872,55165,29128;Control1,Control2,Control3,Control4,Control5,Control6,Control7,Control8,Control9,Control10,Control11,Control12,Control13,Control15,Control17
4751,54443,3161,55872,983,55165,51203,7153;Control1,Control2,Control3,Control4,Control5,Control6,Control7,Control8,Control9,Control10,Control11,Control12,Control13,Control15,Control16,Control17
4751,2845,10721;Control1,Control3,Control4,Control5,Control6,Control7,Control8,Control9,Control10,Control11,Control12,Control13,Control15,Control16,Control17
4751,157570,54443,55872,9055;Control1,Control2,Control3,Control4,Control5,Control6,Control7,Control8,Control10,Control11,Control12,Control13,Control15,Control16,Control17
4751,11130,3161,983,7153;Control1,Control2,Control3,Control5,Control6,Control7,Control8,Control9,Control10,Control11,Control12,Control13,Control15,Control16,Control17
4751,3832,54443,983,55165,7153;Control1,Control2,Control3,Control4,Control5,Control6,Control7,Control8,Control9,Control10,Control11,Control12,Control13,Control15,Control16,Control17
4751,100288637,3161,7272,54443;Control1,Control3,Control4,Control5,Control6,Control7,Control8,Control9,Control10,Control11,Control12,Control13,Control15,Control16,Control17
4751,9824,54443,3832,55165;Control1,Control2,Control3,Control4,Control5,Control6,Control7,Control8,Control9,Control10,Control11,Control12,Control13,Control15,Control16,Control17
4751,9493,3161,54443,983,55165,9824;Control1,Control2,Control4,Control5,Control6,Control7,Control8,Control9,Control10,Control11,Control12,Control13,Control15,Control16,Control17
4751,100507118,3161,54443,55872,983,55165,51203,7153;Control1,Control2,Control3,Control4,Control5,Control6,Control7,Control8,Control9,Control10,Control11,Control12,Control13,Control15,Control16
4751,29128,64151,3161,54443,55872,7153;Control1,Control3,Control4,Control5,Control6,Control7,Control8,Control9,Control10,Control11,Control12,Control13,Control15,Control16,Control17
1063,150468,6241,995,9787,332;Control1,Control2,Control3,Control4,Control5,Control6,Control7,Control8,Control9,Control10,Control11,Control13,Control15,Control16,Control17
1063,57405,259266,6241,113130,332;Control1,Control3,Control4,Control5,Control6,Control7,Control8,Control9,Control10,Control11,Control12,Control13,Control15,Control16,Control17
1063,64151,6241,55355,9787,24137;Control1,Control3,Control4,Control5,Control6,Control7,Control8,Control9,Control10,Control11,Control12,Control13,Control15,Control16,Control17
1063,995,259266,6241,9787,332;Control1,Control2,Control3,Control4,Control5,Control6,Control7,Control8,Control9,Control10,Control11,Control12,Control13,Control15,Control16,Control17
1063,9232,991,259266,6241,995,9787,9133,332;Control1,Control2,Control3,Control4,Control5,Control6,Control7,Control8,Control9,Control10,Control11,Control12,Control13,Control16,Control17
1063,3161,6241,55872,55165,100507118,24137;Control1,Control2,Control3,Control4,Control5,Control6,Control7,Control8,Control9,Control10,Control11,Control13,Control15,Control16,Control17
1063,3833,259266,995,9787;Control1,Control2,Control3,Control4,Control5,Control6,Control7,Control8,Control9,Control10,Control11,Control12,Control15,Control16,Control17
1063,55872,6241,100507118,24137;Control1,Control2,Control3,Control4,Control5,Control6,Control7,Control8,Control9,Control10,Control11,Control12,Control13,Control15,Control16,Control17
1063,983,3161,55872,55165,100507118,79801;Control1,Control2,Control3,Control4,Control5,Control6,Control7,Control9,Control10,Control11,Control12,Control13,Control15,Control16,Control17
1063,55165,6241,55355,9787,79801,24137;Control1,Control2,Control3,Control4,Control5,Control6,Control7,Control9,Control10,Control11,Control12,Control13,Control15,Control16,Control17
1063,113130,991,259266,9232,9787,9212;Control1,Control2,Control3,Control4,Control5,Control6,Control8,Control9,Control10,Control11,Control12,Control13,Control15,Control16,Control17
1063,221150,6241,55355,9787,29128,24137;Control1,Control2,Control3,Control4,Control6,Control7,Control8,Control9,Control10,Control11,Control12,Control13,Control15,Control16,Control17
1063,9133,991,259266,6241,55355,9787,332;Control1,Control2,Control3,Control4,Control5,Control6,Control7,Control8,Control9,Control10,Control11,Control12,Control13,Control16,Control17
1063,9055,55872,221150,100507118,29128;Control1,Control2,Control3,Control4,Control6,Control7,Control8,Control9,Control10,Control11,Control12,Control13,Control15,Control16,Control17
1063,7153,6241,55872,55165,9787,100507118,24137;Control1,Control2,Control3,Control4,Control5,Control6,Control7,Control8,Control9,Control10,Control11,Control12,Control13,Control15,Control16
1063,146909,259266,9787;Control1,Control2,Control3,Control4,Control5,Control6,Control7,Control8,Control9,Control10,Control11,Control12,Control13,Control15,Control16,Control17
1063,22974,259266,6241,9787,79801;Control1,Control2,Control3,Control5,Control6,Control7,Control8,Control9,Control10,Control11,Control12,Control13,Control15,Control16,Control17
1063,11065,991,259266,55355,9787;Control1,Control2,Control3,Control4,Control6,Control7,Control8,Control9,Control10,Control11,Control12,Control13,Control15,Control16,Control17
105372950,56896,1404;Control1,Control2,Control3,Control4,Control5,Control6,Control7,Control8,Control9,Control10,Control11,Control12,Control13,Control16,Control17
105372950,731220,100505994,646024,105376041;Control1,Control2,Control3,Control4,Control5,Control7,Control8,Control9,Control10,Control11,Control12,Control13,Control15,Control16,Control17
105372950,284958,105377508,646024,105376041;Control1,Control2,Control3,Control4,Control5,Control7,Control8,Control9,Control10,Control11,Control12,Control13,Control15,Control16,Control17
105372950,56300,646024,105376041,4496;Control1,Control2,Control3,Control4,Control5,Control6,Control7,Control8,Control9,Control10,Control11,Control12,Control13,Control15,Control17
105372950,84561,3053;Control1,Control2,Control3,Control4,Control5,Control6,Control7,Control8,Control9,Control10,Control11,Control12,Control13,Control15,Control16,Control17
105372950,105375077,84561;Control1,Control2,Control3,Control4,Control5,Control6,Control7,Control8,Control9,Control10,Control11,Control12,Control13,Control15,Control16
105372950,80329,84561;Control1,Control2,Control3,Control5,Control6,Control7,Control8,Control9,Control10,Control11,Control12,Control13,Control15,Control16,Control17
105372950,646024,105376041,3053;Control1,Control2,Control3,Control4,Control5,Control6,Control7,Control8,Control9,Control10,Control11,Control12,Control13,Control15,Control16,Control17
105372950,1750,56896,3856,113218482;Control1,Control2,Control3,Control4,Control5,Control6,Control7,Control8,Control9,Control10,Control11,Control12,Control13,Control16,Control17
105372950,3229,84561,646024,105376041,387895;Control1,Control2,Control3,Control4,Control5,Control7,Control8,Control9,Control10,Control11,Control12,Control13,Control15,Control16,Control17
105372950,387895,84561,105377508,646024,105376041;Control1,Control2,Control3,Control4,Control5,Control7,Control8,Control9,Control10,Control11,Control12,Control13,Control15,Control16,Control17
105372950,387978,646024,105376041;Control1,Control2,Control3,Control4,Control5,Control6,Control7,Control8,Control10,Control11,Control12,Control13,Control15,Control16,Control17
105372950,115701,284958,646024,105376041;Control1,Control2,Control3,Control4,Control5,Control7,Control8,Control9,Control10,Control11,Control12,Control13,Control15,Control16,Control17
105372950,284240,56896;Control1,Control2,Control3,Control4,Control5,Control6,Control7,Control8,Control9,Control10,Control11,Control12,Control13,Control16,Control17
105372950,55655,84561,646024,105376041,3229,115701;Control1,Control2,Control3,Control4,Control5,Control7,Control8,Control9,Control10,Control11,Control12,Control13,Control15,Control16,Control17
105372950,107985492,100505994,80329,646024,105376041;Control1,Control2,Control3,Control5,Control6,Control7,Control8,Control9,Control10,Control11,Control12,Control13,Control15,Control16,Control17
574029,107986951,2834;Control1,Control2,Control3,Control4,Control5,Control6,Control7,Control8,Control9,Control10,Control11,Control12,Control13,Control15,Control16,Control17
574029,338005;Control1,Control2,Control3,Control4,Control5,Control6,Control7,Control8,Control9,Control10,Control11,Control12,Control13,Control15,Control17
58,101927750,134285,389336,285987,4004,25818,5653,5650,28809,729442;Control1,Control2,Control3,Control4,Control5,Control6,Control7,Control8,Control9,Control10,Control11,Control12,Control13,Control15,Control17
58,28946,134285,285987,4004,3502,145873,354,5650,28809,729442;Control1,Control2,Control3,Control4,Control6,Control7,Control8,Control9,Control10,Control11,Control12,Control13,Control15,Control16,Control17
58,2019,134285,389336,285987,4004,25818,5653,5650,28809,729442;Control1,Control2,Control3,Control4,Control5,Control6,Control7,Control8,Control9,Control10,Control11,Control12,Control13,Control15,Control16
58,102724714,3502;Control1,Control2,Control3,Control4,Control5,Control6,Control7,Control8,Control10,Control11,Control12,Control13,Control15,Control16,Control17
58,105377123,134285,285987,5653,5650,28809,729442;Control1,Control2,Control3,Control4,Control5,Control7,Control8,Control9,Control10,Control11,Control12,Control13,Control15,Control16,Control17
58,1295,145873;Control1,Control2,Control3,Control4,Control5,Control6,Control7,Control8,Control9,Control10,Control11,Control12,Control13,Control15,Control16,Control17
58,134285,389336,285987,4004,25818,5653,5650,28809,729442;Control1,Control2,Control3,Control4,Control5,Control6,Control7,Control8,Control9,Control10,Control11,Control12,Control13,Control15,Control16,Control17
58,3502,134285,285987,4004,5653,5650,28809,729442;Control1,Control2,Control3,Control4,Control5,Control6,Control7,Control8,Control9,Control10,Control11,Control12,Control13,Control15,Control16,Control17
58,105371152,28946,134285,285987,4004,3502,25818,5653,5650,28809,729442;Control1,Control2,Control3,Control4,Control6,Control7,Control8,Control9,Control10,Control11,Control12,Control13,Control15,Control16,Control17
58,105373150,134285,389336,285987,4004,25818,5653,5650,28809,729442;Control1,Control2,Control4,Control5,Control6,Control7,Control8,Control9,Control10,Control11,Control12,Control13,Control15,Control16,Control17
58,729447,102723547;Control1,Control2,Control3,Control4,Control5,Control6,Control7,Control8,Control9,Control11,Control12,Control13,Control15,Control16,Control17
9156,332;Control1,Control2,Control3,Control4,Control5,Control6,Control7,Control8,Control9,Control10,Control11,Control12,Control13,Control15,Control16
6664,5133,4547,2625,387978,105372115;Control1,Control2,Control3,Control5,Control6,Control7,Control8,Control9,Control10,Control11,Control12,Control13,Control15,Control16,Control17
6664,4547,27299,2625,387978;Control1,Control2,Control3,Control4,Control5,Control6,Control7,Control8,Control9,Control10,Control11,Control12,Control13,Control15,Control16,Control17
6664,55247,27299,2625,387978,105372115;Control1,Control3,Control4,Control5,Control6,Control7,Control8,Control9,Control10,Control11,Control12,Control13,Control15,Control16,Control17
6664,4001,387978,9055;Control1,Control3,Control4,Control5,Control6,Control7,Control8,Control9,Control10,Control11,Control12,Control13,Control15,Control16,Control17
6664,7180,2625,387978,100506655;Control2,Control3,Control4,Control5,Control6,Control7,Control8,Control9,Control10,Control11,Control12,Control13,Control15,Control16,Control17
6664,50614,7180,2625;Control1,Control2,Control3,Control4,Control5,Control6,Control7,Control8,Control9,Control10,Control11,Control12,Control15,Control16,Control17
6664,9055,55247,387978,105372115,389903;Control1,Control3,Control4,Control5,Control6,Control7,Control8,Control9,Control10,Control11,Control12,Control13,Control15,Control16,Control17
6664,105371275,2625,387978,105372115;Control1,Control2,Control3,Control4,Control5,Control6,Control7,Control8,Control9,Control10,Control11,Control13,Control15,Control16,Control17
6664,105372115,2625,387978,389903;Control1,Control2,Control3,Control4,Control5,Control6,Control7,Control8,Control9,Control10,Control11,Control12,Control13,Control15,Control16,Control17
6241,1058,9787;Control1,Control2,Control3,Control4,Control5,Control6,Control7,Control8,Control9,Control10,Control11,Control12,Control13,Control15,Control17
6241,699,3161,55872,9833,55165,51203,100507118;Control1,Control2,Control3,Control5,Control6,Control7,Control8,Control9,Control10,Control11,Control12,Control13,Control15,Control16,Control17
6241,150468,9787,332;Control1,Control2,Control3,Control4,Control5,Control6,Control7,Control8,Control9,Control10,Control11,Control12,Control13,Control15,Control16,Control17
6241,64151,259266,55355,9787,332;Control1,Control2,Control3,Control4,Control5,Control6,Control7,Control8,Control10,Control11,Control12,Control13,Control15,Control16,Control17
6241,891,3161,55872,55165,221150,29128,24137;Control1,Control2,Control3,Control4,Control6,Control7,Control8,Control9,Control10,Control11,Control12,Control13,Control15,Control16,Control17
6241,9232,991,128239,259266,4288,9787,9133,9212;Control1,Control2,Control3,Control4,Control5,Control6,Control7,Control8,Control9,Control10,Control11,Control12,Control13,Control16,Control17
6241,3161,55872,9833,51203;Control1,Control2,Control3,Control4,Control5,Control6,Control7,Control8,Control9,Control10,Control11,Control12,Control13,Control15,Control16,Control17
6241,3833,991,128239,55355,4288,9787,9212,24137;Control1,Control2,Control3,Control4,Control5,Control6,Control7,Control9,Control10,Control11,Control12,Control13,Control15,Control16,Control17
6241,54443,150468,9787;Control1,Control2,Control3,Control4,Control5,Control6,Control7,Control8,Control9,Control10,Control11,Control12,Control13,Control15,Control16
6241,157313,150468,332;Control1,Control2,Control3,Control4,Control5,Control6,Control7,Control8,Control9,Control10,Control11,Control12,Control15,Control16,Control17
6241,983,3161,54443,55872,55165,51203,100507118,7153;Control1,Control2,Control3,Control4,Control5,Control6,Control7,Control8,Control9,Control10,Control11,Control12,Control13,Control15,Control16
6241,55165,55355,221150,24137;Control1,Control2,Control3,Control4,Control5,Control6,Control7,Control8,Control9,Control10,Control11,Control12,Control13,Control15,Control16,Control17
6241,4288,991,128239,259266,55355,9787,9212;Control1,Control3,Control4,Control5,Control6,Control7,Control8,Control9,Control10,Control11,Control12,Control13,Control15,Control16,Control17
6241,113130,991,259266,1063,4288,9787,9212;Control1,Control3,Control4,Control5,Control6,Control7,Control8,Control9,Control10,Control11,Control12,Control13,Control15,Control16,Control17
6241,9133,991,128239,259266,55355,4288,9787,9212;Control1,Control2,Control3,Control4,Control5,Control6,Control7,Control8,Control9,Control10,Control11,Control12,Control13,Control16,Control17
6241,10615,991,259266,4288,9787,9212;Control1,Control3,Control4,Control5,Control6,Control7,Control8,Control9,Control10,Control11,Control12,Control13,Control15,Control16,Control17
6241,146909,259266,1063,55355,9787,332;Control1,Control2,Control3,Control4,Control5,Control6,Control7,Control8,Control9,Control10,Control11,Control12,Control13,Control15,Control17
6241,220134,128239,259266,55355,9787;Control1,Control3,Control4,Control5,Control6,Control7,Control8,Control9,Control10,Control11,Control12,Control13,Control15,Control16,Control17
6241,29128,55355,64151,55165,9787,7153,24137;Control1,Control2,Control3,Control4,Control5,Control6,Control7,Control8,Control9,Control10,Control11,Control12,Control13,Control15,Control16
6241,55723,1063,221150,9787,11065;Control1,Control2,Control3,Control4,Control6,Control7,Control8,Control9,Control10,Control11,Control12,Control13,Control15,Control16,Control17
6241,11065,259266,1063,55355,9787;Control1,Control2,Control3,Control4,Control6,Control7,Control8,Control9,Control10,Control11,Control12,Control13,Control15,Control16,Control17
3754,105375027,338667;Control1,Control2,Control3,Control4,Control5,Control6,Control7,Control8,Control9,Control10,Control11,Control12,Control13,Control15,Control16,Control17
3754,102724784,105375027,338667;Control1,Control3,Control4,Control5,Control6,Control7,Control8,Control9,Control10,Control11,Control12,Control13,Control15,Control16,Control17
3754,103689845,105375027,338667;Control1,Control2,Control3,Control4,Control5,Control6,Control7,Control8,Control9,Control10,Control11,Control12,Control13,Control16,Control17
3754,105371050,105375027;Control1,Control2,Control3,Control4,Control5,Control6,Control7,Control8,Control9,Control10,Control12,Control13,Control15,Control16,Control17
3754,111216286,105375027,338667;Control1,Control2,Control3,Control4,Control5,Control7,Control8,Control9,Control10,Control11,Control12,Control13,Control15,Control16,Control17
3754,107985627,105375027,102724784;Control1,Control3,Control4,Control5,Control6,Control7,Control8,Control9,Control10,Control11,Control12,Control13,Control15,Control16,Control17
1058,105375610;Control1,Control2,Control3,Control4,Control5,Control6,Control7,Control8,Control9,Control10,Control11,Control12,Control13,Control15,Control16,Control17
1058,9212;Control1,Control3,Control4,Control5,Control6,Control7,Control8,Control9,Control10,Control11,Control12,Control13,Control15,Control16,Control17
1058,146909;Control1,Control2,Control3,Control4,Control5,Control6,Control7,Control8,Control9,Control10,Control12,Control13,Control15,Control16,Control17
56896,286676,1404;Control1,Control2,Control3,Control4,Control5,Control6,Control7,Control8,Control9,Control10,Control11,Control13,Control15,Control16,Control17
56896,1404;Control1,Control2,Control3,Control4,Control5,Control6,Control7,Control8,Control9,Control10,Control11,Control12,Control13,Control15,Control16,Control17
56896,1750,3856,113218482;Control1,Control2,Control3,Control4,Control5,Control6,Control7,Control8,Control9,Control10,Control11,Control12,Control13,Control15,Control16,Control17
56896,594855,1750,3856,113218482;Control1,Control2,Control3,Control4,Control6,Control7,Control8,Control9,Control10,Control11,Control12,Control13,Control15,Control16,Control17
56896,284240;Control1,Control2,Control3,Control4,Control5,Control6,Control7,Control8,Control9,Control10,Control11,Control12,Control13,Control15,Control16,Control17
56896,80714;Control1,Control2,Control3,Control4,Control5,Control6,Control7,Control8,Control9,Control10,Control11,Control12,Control13,Control16,Control17
56896,111216286;Control1,Control2,Control3,Control4,Control5,Control6,Control7,Control8,Control9,Control10,Control11,Control12,Control15,Control16,Control17
56896,5008,1404;Control2,Control3,Control4,Control5,Control6,Control7,Control8,Control9,Control10,Control11,Control12,Control13,Control15,Control16,Control17
56896,9758,113218482;Control1,Control2,Control4,Control5,Control6,Control7,Control8,Control9,Control10,Control11,Control12,Control13,Control15,Control16,Control17
6716,101927686,5865,3580,1047,166979,4544,6345;Control1,Control2,Control3,Control5,Control6,Control7,Control8,Control9,Control10,Control11,Control12,Control13,Control15,Control16,Control17
6716,2845;Control1,Control2,Control3,Control4,Control6,Control7,Control8,Control9,Control10,Control11,Control12,Control13,Control15,Control16,Control17
9378,219527;Control1,Control2,Control3,Control4,Control5,Control6,Control7,Control8,Control9,Control10,Control11,Control12,Control13,Control15,Control16
101927750,56300,1301,574414,4496;Control1,Control2,Control3,Control4,Control5,Control6,Control7,Control8,Control9,Control10,Control11,Control12,Control13,Control16,Control17
101927750,2019,134285,389336,285987,4004,25818,5653,5650,28809,729442;Control1,Control2,Control3,Control4,Control5,Control6,Control7,Control8,Control9,Control10,Control11,Control12,Control13,Control15,Control17
101927750,105375622;Control1,Control2,Control3,Control4,Control5,Control6,Control7,Control8,Control9,Control11,Control12,Control13,Control15,Control16,Control17
101927750,4973,134285,285987,4004,5653,5650,28809,729442;Control1,Control2,Control3,Control4,Control5,Control6,Control7,Control8,Control9,Control10,Control11,Control12,Control13,Control15,Control17
101927750,3502,58,134285,285987,4004,5653,5650,28809,729442;Control1,Control2,Control3,Control4,Control5,Control6,Control7,Control8,Control9,Control10,Control11,Control12,Control13,Control15,Control17
101927750,145873,58,134285,285987,4004,5653,5650,28809,729442;Control1,Control2,Control3,Control4,Control5,Control6,Control7,Control8,Control9,Control10,Control11,Control12,Control13,Control15,Control17
101927750,354,389336,285987,4004,5653,5650,28809,729442;Control1,Control2,Control3,Control4,Control5,Control6,Control7,Control8,Control9,Control10,Control11,Control12,Control13,Control15,Control17
101927750,8471;Control1,Control2,Control4,Control5,Control6,Control7,Control8,Control9,Control10,Control11,Control12,Control13,Control15,Control16,Control17
28946,2019,134285,389336,285987,4004,3502,25818,5653,5650,28809,729442;Control1,Control2,Control3,Control4,Control6,Control7,Control8,Control9,Control10,Control11,Control12,Control13,Control15,Control16,Control17
28946,79674,105371152;Control1,Control2,Control3,Control4,Control5,Control6,Control7,Control8,Control9,Control10,Control11,Control12,Control13,Control16,Control17
28946,3512,105371152;Control1,Control2,Control3,Control4,Control5,Control6,Control7,Control8,Control9,Control10,Control11,Control12,Control13,Control15,Control16,Control17
28946,219527,5865,6716,166979,4544,116173;Control1,Control2,Control3,Control4,Control5,Control6,Control7,Control8,Control9,Control11,Control12,Control13,Control15,Control16,Control17
28946,6768,3502;Control1,Control2,Control3,Control4,Control5,Control6,Control7,Control8,Control9,Control10,Control11,Control12,Control15,Control16,Control17
28946,3856,113218482;Control1,Control2,Control3,Control4,Control5,Control7,Control8,Control9,Control10,Control11,Control12,Control13,Control15,Control16,Control17
28946,3502,354,28809;Control1,Control2,Control3,Control4,Control5,Control6,Control7,Control8,Control9,Control10,Control11,Control12,Control13,Control15,Control16,Control17
28946,594855,5865,6716,3512,1047,166979,4544,6345;Control1,Control2,Control3,Control4,Control5,Control6,Control7,Control8,Control9,Control11,Control12,Control13,Control15,Control16,Control17
23397,699;Control1,Control2,Control3,Control4,Control5,Control6,Control7,Control8,Control9,Control10,Control11,Control12,Control13,Control15,Control16,Control17
23397,10721,7272;Control1,Control2,Control3,Control4,Control5,Control6,Control7,Control8,Control9,Control10,Control11,Control12,Control13,Control15,Control16,Control17
23397,3161,983,55165;Control1,Control2,Control3,Control4,Control5,Control6,Control7,Control8,Control9,Control10,Control11,Control12,Control13,Control15,Control16,Control17
23397,54443,3161,7272,983,55165;Control1,Control3,Control4,Control5,Control6,Control7,Control8,Control9,Control10,Control11,Control12,Control13,Control15,Control16,Control17
23397,55872,3161,9833,51203;Control1,Control2,Control3,Control4,Control5,Control6,Control7,Control9,Control10,Control11,Control12,Control13,Control15,Control16,Control17
23397,9833,699,51203;Control1,Control2,Control3,Control4,Control5,Control6,Control7,Control9,Control10,Control11,Control12,Control13,Control15,Control16,Control17
23397,11130,10721;Control1,Control2,Control3,Control4,Control5,Control6,Control7,Control8,Control9,Control10,Control11,Control12,Control13,Control15,Control16,Control17
23397,221150,3161,7272;Control1,Control2,Control3,Control4,Control5,Control6,Control7,Control9,Control10,Control11,Control12,Control13,Control15,Control16,Control17
23397,100288637,3161;Control1,Control2,Control3,Control4,Control5,Control6,Control7,Control8,Control9,Control10,Control11,Control12,Control13,Control15,Control16,Control17
23397,29128,699,3161,55872,983,55165,7153;Control1,Control2,Control3,Control5,Control6,Control7,Control8,Control9,Control10,Control11,Control12,Control13,Control15,Control16,Control17
23397,24137,699,3161,55872,983,55165,29128;Control1,Control2,Control3,Control5,Control6,Control7,Control8,Control9,Control10,Control11,Control12,Control13,Control15,Control16,Control17
731220,56300,100505994,646024,105376041,4496;Control1,Control2,Control3,Control4,Control5,Control6,Control7,Control8,Control9,Control10,Control11,Control12,Control13,Control15,Control17
731220,100505994,646024,105376041;Control1,Control2,Control3,Control4,Control5,Control6,Control7,Control8,Control9,Control10,Control11,Control12,Control13,Control15,Control16,Control17
731220,389336,646024,105376041;Control1,Control2,Control3,Control4,Control5,Control6,Control7,Control8,Control9,Control11,Control12,Control13,Control15,Control16,Control17
731220,1749,389336,11075;Control1,Control2,Control3,Control4,Control5,Control6,Control7,Control8,Control9,Control11,Control12,Control13,Control15,Control16,Control17
731220,11075,646024,105376041;Control1,Control2,Control3,Control4,Control5,Control6,Control7,Control8,Control9,Control10,Control11,Control13,Control15,Control16,Control17
731220,554202,100505994,646024,105376041;Control1,Control2,Control3,Control4,Control5,Control6,Control8,Control9,Control10,Control11,Control12,Control13,Control15,Control16,Control17
731220,3229,56300,646024,105376041,4496;Control1,Control2,Control3,Control4,Control5,Control6,Control7,Control8,Control9,Control10,Control11,Control12,Control13,Control15,Control17
731220,103689845,646024,105376041;Control1,Control2,Control3,Control4,Control5,Control6,Control7,Control8,Control9,Control10,Control11,Control12,Control15,Control16,Control17
731220,387978,100505994,646024,105376041;Control1,Control2,Control3,Control4,Control5,Control6,Control7,Control8,Control10,Control11,Control12,Control13,Control15,Control16,Control17
731220,55655,646024,105376041;Control2,Control3,Control4,Control5,Control6,Control7,Control8,Control9,Control10,Control11,Control12,Control13,Control15,Control16,Control17
731220,107985492,100505994,646024,105376041,55655;Control1,Control2,Control3,Control5,Control6,Control7,Control8,Control9,Control10,Control11,Control12,Control13,Control15,Control16,Control17
699,64151,3161,55165,7153,29128;Control1,Control2,Control3,Control5,Control6,Control7,Control8,Control9,Control10,Control11,Control12,Control13,Control15,Control16,Control17
699,54443,3161,55872,9833,55165,51203,100507118;Control1,Control2,Control3,Control5,Control6,Control7,Control8,Control9,Control10,Control11,Control12,Control13,Control15,Control16,Control17
699,9833,51203;Control1,Control2,Control3,Control4,Control5,Control6,Control7,Control8,Control9,Control10,Control11,Control12,Control13,Control15,Control16,Control17
699,11130,23397;Control1,Control2,Control3,Control4,Control5,Control6,Control7,Control8,Control9,Control10,Control12,Control13,Control15,Control16,Control17
699,57082,64151,55165,7153,29128;Control1,Control2,Control3,Control5,Control6,Control7,Control8,Control9,Control10,Control11,Control12,Control13,Control15,Control16,Control17
699,24137,6241,3161,55872,55165,100507118;Control1,Control2,Control3,Control5,Control6,Control7,Control8,Control9,Control10,Control11,Control12,Control13,Control15,Control16,Control17
284958,56300,105377508,646024,105376041,3229,4496;Control1,Control2,Control3,Control4,Control5,Control6,Control7,Control8,Control9,Control10,Control11,Control12,Control13,Control15,Control17
284958,5798,105377508,646024,105376041;Control1,Control2,Control3,Control4,Control5,Control6,Control7,Control8,Control9,Control10,Control11,Control13,Control15,Control16,Control17
284958,105377508,646024,105376041;Control1,Control2,Control3,Control4,Control5,Control6,Control7,Control8,Control9,Control10,Control11,Control12,Control13,Control15,Control16,Control17
284958,100505994,105377508,646024,105376041,107985492;Control1,Control2,Control3,Control5,Control6,Control7,Control8,Control9,Control10,Control11,Control12,Control13,Control15,Control16,Control17
284958,3229,646024,105376041,387895,115701;Control1,Control3,Control4,Control5,Control6,Control7,Control8,Control9,Control10,Control11,Control12,Control13,Control15,Control16,Control17
284958,387895,105377508,646024,105376041;Control1,Control3,Control4,Control5,Control6,Control7,Control8,Control9,Control10,Control11,Control12,Control13,Control15,Control16,Control17
284958,387978,105377508,646024,105376041;Control1,Control2,Control3,Control4,Control5,Control6,Control7,Control8,Control10,Control11,Control12,Control13,Control15,Control16,Control17
284958,115701,646024,105376041;Control1,Control2,Control3,Control4,Control5,Control6,Control7,Control8,Control9,Control10,Control11,Control12,Control13,Control15,Control16,Control17
284958,55655,105377508,646024,105376041;Control1,Control3,Control4,Control5,Control6,Control7,Control8,Control9,Control10,Control11,Control12,Control13,Control15,Control16,Control17
150468,10874;Control1,Control3,Control4,Control5,Control6,Control7,Control8,Control9,Control10,Control11,Control12,Control13,Control15,Control16,Control17
150468,995,1063,6241,9787,332;Control1,Control2,Control3,Control4,Control5,Control6,Control7,Control8,Control9,Control10,Control12,Control13,Control15,Control16,Control17
150468,54443,55872,55165,51203;Control1,Control2,Control3,Control4,Control5,Control6,Control7,Control8,Control9,Control10,Control11,Control12,Control15,Control16,Control17
150468,157313,332;Control1,Control2,Control3,Control4,Control5,Control6,Control7,Control8,Control9,Control10,Control11,Control12,Control13,Control15,Control16,Control17
150468,157570,51512;Control1,Control2,Control3,Control4,Control5,Control6,Control7,Control8,Control9,Control10,Control11,Control12,Control15,Control16,Control17
150468,55872,1063,6241,55165,100507118;Control1,Control2,Control3,Control4,Control5,Control6,Control7,Control8,Control9,Control10,Control11,Control12,Control15,Control16,Control17
150468,9833,6241,55872,51203;Control1,Control2,Control3,Control4,Control5,Control6,Control7,Control8,Control9,Control10,Control11,Control12,Control15,Control16,Control17
150468,55165,6241,9787;Control1,Control2,Control3,Control4,Control5,Control6,Control7,Control9,Control10,Control11,Control12,Control13,Control15,Control16,Control17
150468,113130,259266,6241,4288,9787;Control1,Control3,Control4,Control5,Control6,Control7,Control8,Control9,Control10,Control11,Control12,Control13,Control15,Control16,Control17
150468,81624;Control1,Control2,Control3,Control4,Control5,Control6,Control7,Control8,Control9,Control11,Control12,Control13,Control15,Control16,Control17
150468,9055,83903;Control1,Control2,Control3,Control4,Control5,Control6,Control7,Control8,Control10,Control11,Control12,Control13,Control15,Control16,Control17
150468,83903;Control1,Control2,Control3,Control4,Control5,Control6,Control7,Control8,Control9,Control10,Control11,Control12,Control13,Control15,Control16,Control17
150468,51512;Control1,Control2,Control3,Control4,Control5,Control6,Control7,Control8,Control9,Control10,Control11,Control12,Control13,Control15,Control16,Control17
27178,646951,285643,101929707;Control1,Control2,Control3,Control4,Control6,Control7,Control8,Control9,Control10,Control11,Control12,Control13,Control15,Control16,Control17
27178,285643,101929707;Control1,Control2,Control3,Control4,Control5,Control6,Control7,Control8,Control9,Control10,Control11,Control12,Control13,Control15,Control16,Control17
27178,100507584,285643,101929707;Control1,Control2,Control3,Control4,Control5,Control6,Control7,Control8,Control9,Control10,Control11,Control12,Control15,Control16,Control17
27178,157570,285643;Control1,Control2,Control3,Control4,Control5,Control6,Control7,Control8,Control9,Control10,Control11,Control12,Control13,Control15,Control17
27178,79733,285643,101929707;Control1,Control2,Control3,Control4,Control5,Control6,Control8,Control9,Control10,Control11,Control12,Control13,Control15,Control16,Control17
27178,9955,285643;Control1,Control2,Control3,Control4,Control5,Control6,Control7,Control8,Control9,Control10,Control11,Control12,Control13,Control16,Control17
27178,51512,285643,101929707;Control1,Control2,Control3,Control4,Control5,Control6,Control7,Control8,Control9,Control10,Control11,Control12,Control15,Control16,Control17
56300,105375622,4496;Control1,Control2,Control3,Control4,Control5,Control6,Control7,Control8,Control9,Control10,Control11,Control12,Control13,Control16,Control17
56300,387895,105377508,646024,105376041,3229,4496;Control1,Control2,Control3,Control4,Control5,Control6,Control7,Control8,Control9,Control10,Control11,Control12,Control13,Control15,Control17
56300,4496;Control1,Control2,Control3,Control4,Control5,Control6,Control7,Control8,Control9,Control10,Control11,Control12,Control13,Control15,Control16,Control17
56300,115701,284958,646024,105376041,3229,4496;Control1,Control2,Control3,Control4,Control5,Control6,Control7,Control8,Control9,Control10,Control11,Control12,Control13,Control15,Control17
56300,55655,646024,105376041,3229,387895,4496;Control1,Control2,Control3,Control4,Control5,Control6,Control7,Control8,Control9,Control10,Control11,Control12,Control13,Control15,Control17
56300,3053,646024,105376041,3229,387895,4496;Control1,Control2,Control3,Control4,Control5,Control6,Control7,Control8,Control9,Control10,Control11,Control12,Control13,Control15,Control17
2019,1295,134285,389336,285987,4004,25818,5650,729442;Control1,Control2,Control3,Control4,Control5,Control6,Control7,Control8,Control9,Control10,Control11,Control12,Control13,Control15,Control16
2019,134285,389336,285987,4004,25818,5653,5650,28809,729442;Control1,Control2,Control3,Control4,Control5,Control6,Control7,Control8,Control9,Control10,Control11,Control12,Control13,Control15,Control16,Control17
2019,100130275;Control1,Control2,Control3,Control4,Control5,Control6,Control7,Control8,Control9,Control10,Control11,Control13,Control15,Control16,Control17
2019,3502,58,134285,285987,4004,5653,5650,28809,729442;Control1,Control2,Control3,Control5,Control6,Control7,Control8,Control9,Control10,Control11,Control12,Control13,Control15,Control16,Control17
2019,145873,58,134285,285987,4004,25818,5653,5650,28809,729442;Control1,Control2,Control3,Control4,Control5,Control6,Control7,Control8,Control9,Control10,Control11,Control12,Control13,Control15,Control16
2019,339256,134285,285987,4004,5653,5650,729442;Control2,Control3,Control4,Control5,Control6,Control7,Control8,Control9,Control10,Control11,Control12,Control13,Control15,Control16,Control17
2019,105371927,2328,134285;Control1,Control3,Control4,Control5,Control6,Control7,Control8,Control9,Control10,Control11,Control12,Control13,Control15,Control16,Control17
2019,354,389336,285987,4004,5653,5650,28809,729442;Control1,Control2,Control3,Control5,Control6,Control7,Control8,Control9,Control10,Control11,Control12,Control13,Control15,Control16,Control17
2019,105373150,134285,389336,285987,4004,25818,5653,5650,28809,729442;Control1,Control2,Control4,Control5,Control6,Control7,Control8,Control9,Control10,Control11,Control12,Control13,Control15,Control16,Control17
112714,102724784,107985627;Control1,Control2,Control3,Control4,Control6,Control7,Control8,Control9,Control10,Control11,Control12,Control13,Control15,Control16,Control17
6332,941,9355;Control1,Control2,Control3,Control4,Control5,Control6,Control7,Control8,Control9,Control11,Control12,Control13,Control15,Control16,Control17
6332,860;Control1,Control2,Control3,Control4,Control5,Control6,Control7,Control8,Control9,Control10,Control11,Control12,Control13,Control15,Control17
6332,100652791;Control1,Control2,Control3,Control4,Control5,Control6,Control7,Control8,Control9,Control10,Control11,Control12,Control13,Control16,Control17
6332,9355;Control1,Control2,Control3,Control4,Control5,Control6,Control7,Control8,Control9,Control10,Control11,Control12,Control13,Control15,Control16,Control17
6332,7681,9355;Control1,Control2,Control3,Control4,Control5,Control6,Control7,Control8,Control9,Control10,Control11,Control12,Control13,Control15,Control17
57405,64151,24137;Control1,Control2,Control3,Control4,Control5,Control6,Control7,Control8,Control9,Control10,Control12,Control13,Control15,Control16,Control17
57405,89958;Control1,Control2,Control3,Control4,Control5,Control6,Control7,Control8,Control9,Control10,Control11,Control13,Control15,Control16,Control17
57405,10024;Control1,Control2,Control3,Control4,Control5,Control6,Control7,Control8,Control10,Control11,Control12,Control13,Control15,Control16,Control17
57405,57082,259266;Control1,Control2,Control3,Control4,Control5,Control6,Control7,Control8,Control9,Control10,Control11,Control12,Control13,Control15,Control16
57405,9768;Control1,Control2,Control3,Control4,Control6,Control7,Control8,Control9,Control10,Control11,Control12,Control13,Control15,Control16,Control17
57405,100507118,1063,6241,113130;Control1,Control3,Control4,Control5,Control6,Control7,Control8,Control9,Control10,Control11,Control12,Control13,Control15,Control16,Control17
57405,9212,259266,113130;Control1,Control2,Control3,Control4,Control5,Control6,Control7,Control8,Control9,Control10,Control11,Control12,Control13,Control15,Control16
57405,10615,991,259266,4288;Control1,Control2,Control3,Control4,Control5,Control6,Control7,Control9,Control10,Control11,Control12,Control13,Control15,Control16,Control17
57405,55771;Control1,Control2,Control3,Control4,Control5,Control6,Control7,Control8,Control10,Control11,Control12,Control13,Control15,Control16,Control17
57405,24137,259266,332;Control1,Control2,Control3,Control4,Control5,Control6,Control7,Control8,Control9,Control10,Control12,Control13,Control15,Control16,Control17
1745,5265;Control1,Control2,Control3,Control4,Control5,Control6,Control7,Control9,Control10,Control11,Control12,Control13,Control15,Control16,Control17
1745,647946;Control1,Control2,Control3,Control4,Control5,Control6,Control7,Control8,Control9,Control10,Control11,Control13,Control15,Control16,Control17
3239,105374166;Control1,Control2,Control4,Control5,Control6,Control7,Control8,Control9,Control10,Control11,Control12,Control13,Control15,Control16,Control17
3239,2297;Control1,Control2,Control3,Control4,Control5,Control6,Control7,Control8,Control9,Control10,Control11,Control13,Control15,Control16,Control17
101927687,134285,2019;Control2,Control3,Control4,Control5,Control6,Control7,Control8,Control9,Control10,Control11,Control12,Control13,Control15,Control16,Control17
101927687,100130275;Control1,Control2,Control3,Control4,Control5,Control6,Control7,Control8,Control9,Control10,Control11,Control13,Control15,Control16,Control17
101927687,366,7546;Control1,Control2,Control3,Control4,Control5,Control6,Control7,Control8,Control9,Control11,Control12,Control13,Control15,Control16,Control17
29851,5133;Control1,Control2,Control3,Control4,Control5,Control6,Control7,Control8,Control9,Control10,Control11,Control12,Control13,Control15,Control16,Control17
29851,3627,115362;Control1,Control2,Control3,Control5,Control6,Control7,Control8,Control9,Control10,Control11,Control12,Control13,Control15,Control16,Control17
29851,4547;Control1,Control2,Control3,Control4,Control5,Control6,Control7,Control8,Control9,Control10,Control11,Control12,Control13,Control15,Control16,Control17
29851,107986606,5133;Control1,Control2,Control3,Control4,Control5,Control6,Control7,Control8,Control9,Control10,Control11,Control12,Control13,Control16,Control17
29851,2625,5133,4547;Control1,Control2,Control3,Control5,Control6,Control7,Control8,Control9,Control10,Control11,Control12,Control13,Control15,Control16,Control17
29851,143662,51361,5133;Control1,Control2,Control3,Control4,Control5,Control6,Control7,Control8,Control10,Control11,Control12,Control13,Control15,Control16,Control17
29851,7546,4547,366;Control1,Control2,Control3,Control4,Control5,Control6,Control7,Control8,Control10,Control11,Control12,Control13,Control15,Control16,Control17
102724714,27063;Control2,Control3,Control4,Control5,Control6,Control7,Control8,Control9,Control10,Control11,Control12,Control13,Control15,Control16,Control17
3580,4547,3627;Control1,Control2,Control3,Control4,Control6,Control7,Control8,Control9,Control10,Control11,Control12,Control13,Control15,Control16,Control17
3580,101927686,5865,1047,166979,4544;Control1,Control2,Control3,Control4,Control5,Control6,Control7,Control8,Control10,Control11,Control12,Control13,Control15,Control16,Control17
3580,594855,5865,6716,1047,166979,4544,6345;Control1,Control2,Control3,Control4,Control5,Control7,Control8,Control9,Control10,Control11,Control12,Control13,Control15,Control16,Control17
3580,28809,28946,3512,1047;Control1,Control2,Control3,Control4,Control5,Control6,Control7,Control8,Control9,Control11,Control12,Control13,Control15,Control16,Control17
5798,6534,100533990,344;Control1,Control2,Control3,Control4,Control5,Control6,Control7,Control8,Control9,Control10,Control11,Control12,Control13,Control15,Control16
5798,11075,109729169;Control1,Control2,Control3,Control4,Control5,Control6,Control7,Control8,Control9,Control10,Control11,Control12,Control13,Control15,Control16,Control17
5798,107984129,89886,168002,79191,1995;Control1,Control2,Control3,Control4,Control5,Control6,Control7,Control8,Control9,Control10,Control11,Control12,Control13,Control16,Control17
5798,9955,11075,109729169;Control1,Control3,Control4,Control5,Control6,Control7,Control8,Control9,Control10,Control11,Control12,Control13,Control15,Control16,Control17
5798,100533789;Control1,Control2,Control3,Control4,Control5,Control6,Control7,Control9,Control10,Control11,Control12,Control13,Control15,Control16,Control17
5798,100533990,344;Control1,Control2,Control3,Control4,Control5,Control6,Control7,Control8,Control9,Control10,Control11,Control12,Control13,Control15,Control16,Control17
5798,55655,646024,11075,105376041,3229,109729169;Control1,Control2,Control3,Control4,Control5,Control6,Control7,Control8,Control9,Control10,Control11,Control13,Control15,Control16,Control17
5798,4318,100533990,344;Control1,Control2,Control3,Control4,Control5,Control6,Control8,Control9,Control10,Control11,Control12,Control13,Control15,Control16,Control17
5798,109729184,168002,105378305,1995;Control1,Control2,Control3,Control4,Control5,Control6,Control7,Control8,Control9,Control10,Control11,Control12,Control13,Control16,Control17
5798,3053,646024,105376041,100533990,109729169;Control1,Control2,Control3,Control4,Control5,Control6,Control7,Control8,Control9,Control10,Control11,Control13,Control15,Control16,Control17
5798,7477,100533990,344,57167;Control1,Control2,Control3,Control5,Control6,Control7,Control8,Control9,Control10,Control11,Control12,Control13,Control15,Control16,Control17
55355,64151,55165,221150,29128,24137;Control1,Control2,Control3,Control4,Control5,Control6,Control7,Control8,Control9,Control10,Control11,Control12,Control13,Control15,Control16,Control17
55355,3161,6241,55165,221150,100507118,24137;Control1,Control2,Control3,Control4,Control5,Control6,Control7,Control8,Control9,Control10,Control11,Control12,Control13,Control15,Control17
55355,983,3161,55165,100507118,29128,24137;Control1,Control2,Control3,Control4,Control5,Control6,Control7,Control8,Control9,Control10,Control11,Control12,Control13,Control15,Control17
55355,51203,6241,55165,9787,7153,29128,24137;Control1,Control2,Control3,Control4,Control5,Control6,Control7,Control8,Control9,Control10,Control11,Control12,Control13,Control15,Control16
55355,100507118,259266,1063,6241,9787;Control1,Control2,Control3,Control4,Control5,Control6,Control7,Control8,Control9,Control10,Control11,Control12,Control13,Control15,Control17
55355,79801,259266,1063,6241,9787;Control1,Control2,Control3,Control4,Control5,Control6,Control7,Control8,Control9,Control10,Control11,Control12,Control13,Control16,Control17
5133,23286,51361,340273,100289137,253650,158228,143662,6495,100506411,654499,101927355,54101;Control1,Control2,Control3,Control4,Control5,Control6,Control7,Control8,Control10,Control11,Control12,Control13,Control15,Control16,Control17
5133,7180,4547,2625;Control1,Control2,Control3,Control5,Control6,Control7,Control8,Control9,Control10,Control11,Control12,Control13,Control15,Control16,Control17
5133,6495,51361,4547,101927355;Control1,Control2,Control3,Control4,Control5,Control6,Control7,Control8,Control10,Control11,Control12,Control13,Control15,Control16,Control17
5133,105371275;Control1,Control2,Control3,Control5,Control6,Control7,Control8,Control9,Control10,Control11,Control12,Control13,Control15,Control16,Control17
151648,100874028;Control1,Control2,Control3,Control4,Control5,Control6,Control7,Control8,Control9,Control10,Control11,Control12,Control13,Control15,Control17
151648,10721;Control1,Control2,Control3,Control4,Control5,Control6,Control7,Control8,Control10,Control11,Control12,Control13,Control15,Control16,Control17
100874028,11130;Control1,Control2,Control3,Control4,Control5,Control6,Control7,Control8,Control9,Control10,Control11,Control12,Control13,Control15,Control16
100874028,22974;Control1,Control2,Control3,Control4,Control5,Control6,Control7,Control9,Control10,Control11,Control12,Control13,Control15,Control16,Control17
56992,64151,3161,55872,221150,29128;Control2,Control3,Control4,Control5,Control6,Control7,Control8,Control9,Control10,Control11,Control12,Control13,Control15,Control16,Control17
56992,55247,3161;Control1,Control2,Control3,Control4,Control5,Control6,Control7,Control8,Control9,Control10,Control11,Control12,Control13,Control15,Control16,Control17
56992,55872,3161,221150,9055;Control1,Control3,Control4,Control5,Control6,Control7,Control8,Control9,Control10,Control11,Control12,Control13,Control15,Control16,Control17
56992,221150,3161;Control1,Control2,Control3,Control4,Control5,Control6,Control7,Control8,Control9,Control10,Control11,Control12,Control13,Control15,Control16,Control17
56992,57082,64151,55247,3161;Control1,Control2,Control3,Control4,Control5,Control6,Control7,Control8,Control9,Control10,Control11,Control12,Control13,Control15,Control17
56992,9055,55247,3161;Control1,Control3,Control4,Control5,Control6,Control7,Control8,Control9,Control10,Control11,Control12,Control13,Control15,Control16,Control17
56992,105372115;Control1,Control2,Control3,Control4,Control5,Control6,Control7,Control8,Control9,Control10,Control11,Control12,Control13,Control15,Control16,Control17
56992,389903,55247,9055,105372115;Control1,Control3,Control4,Control5,Control6,Control7,Control8,Control9,Control10,Control11,Control12,Control13,Control15,Control16,Control17
105377123,389336,134285,285987,5653,5650,28809,729442;Control1,Control2,Control3,Control4,Control5,Control7,Control8,Control9,Control10,Control11,Control12,Control13,Control15,Control16,Control17
105377123,105374986;Control1,Control2,Control3,Control4,Control5,Control6,Control7,Control8,Control9,Control10,Control11,Control12,Control13,Control15,Control16,Control17
56203,9312,283078;Control1,Control2,Control3,Control4,Control5,Control6,Control7,Control8,Control9,Control10,Control11,Control12,Control13,Control15,Control16,Control17
1295,389336,58,4004,25818,5650;Control1,Control2,Control3,Control5,Control6,Control7,Control8,Control9,Control10,Control11,Control12,Control13,Control15,Control16,Control17
50852,11001;Control1,Control2,Control3,Control4,Control5,Control6,Control7,Control8,Control9,Control10,Control11,Control12,Control15,Control16,Control17
50852,970;Control2,Control3,Control4,Control5,Control6,Control7,Control8,Control9,Control10,Control11,Control12,Control13,Control15,Control16,Control17
50852,55423;Control1,Control2,Control3,Control4,Control5,Control6,Control7,Control8,Control9,Control11,Control12,Control13,Control15,Control16,Control17
151760,53836;Control1,Control2,Control3,Control4,Control5,Control6,Control7,Control8,Control9,Control10,Control11,Control12,Control13,Control15,Control16,Control17
941,345079;Control1,Control2,Control3,Control4,Control5,Control6,Control7,Control8,Control9,Control10,Control11,Control12,Control13,Control15,Control17
941,860;Control1,Control2,Control3,Control4,Control5,Control6,Control7,Control8,Control9,Control10,Control11,Control12,Control13,Control16,Control17
941,80328;Control1,Control2,Control3,Control4,Control5,Control6,Control8,Control9,Control10,Control11,Control12,Control13,Control15,Control16,Control17
941,4973;Control1,Control2,Control3,Control4,Control5,Control6,Control8,Control9,Control10,Control11,Control12,Control13,Control15,Control16,Control17
941,7681,9355;Control1,Control2,Control3,Control4,Control5,Control6,Control7,Control8,Control9,Control11,Control12,Control13,Control15,Control16,Control17
10721,4001,144455;Control1,Control2,Control3,Control4,Control5,Control6,Control7,Control9,Control10,Control11,Control12,Control13,Control15,Control16,Control17
10721,2845;Control1,Control2,Control3,Control5,Control6,Control7,Control8,Control9,Control10,Control11,Control12,Control13,Control15,Control16,Control17
286676,168002,89886,105378305,79191,1995;Control1,Control2,Control3,Control4,Control5,Control7,Control8,Control9,Control10,Control11,Control12,Control13,Control15,Control16,Control17
286676,55867;Control1,Control2,Control3,Control4,Control5,Control6,Control7,Control8,Control9,Control10,Control12,Control13,Control15,Control16,Control17
84561,100505994,105372950,646024,105376041;Control1,Control2,Control3,Control4,Control5,Control7,Control8,Control9,Control10,Control11,Control12,Control13,Control15,Control16,Control17
84561,364;Control1,Control2,Control3,Control4,Control5,Control6,Control7,Control8,Control9,Control10,Control11,Control12,Control13,Control16,Control17
84561,3856,105372950,113218482;Control1,Control2,Control3,Control4,Control5,Control6,Control7,Control8,Control9,Control10,Control11,Control12,Control13,Control16,Control17
84561,109729169,3053;Control1,Control2,Control3,Control4,Control5,Control7,Control8,Control9,Control10,Control11,Control12,Control13,Control15,Control16,Control17
8419,79674;Control1,Control2,Control3,Control4,Control5,Control6,Control7,Control9,Control10,Control11,Control12,Control13,Control15,Control16,Control17
7545,64843;Control1,Control2,Control3,Control4,Control5,Control6,Control7,Control8,Control9,Control10,Control11,Control13,Control15,Control16,Control17
7545,105371275;Control1,Control2,Control4,Control5,Control6,Control7,Control8,Control9,Control10,Control11,Control12,Control13,Control15,Control16,Control17
646951,9096;Control1,Control2,Control3,Control4,Control5,Control6,Control7,Control8,Control9,Control10,Control11,Control12,Control13,Control15,Control16
646951,364;Control1,Control2,Control3,Control4,Control5,Control7,Control8,Control9,Control10,Control11,Control12,Control13,Control15,Control16,Control17
53836,364;Control1,Control2,Control3,Control4,Control5,Control6,Control7,Control8,Control9,Control10,Control12,Control13,Control15,Control16,Control17
53836,100289137,1813;Control1,Control2,Control3,Control5,Control6,Control7,Control8,Control9,Control10,Control11,Control12,Control13,Control15,Control16,Control17
53836,1813;Control1,Control2,Control3,Control4,Control5,Control6,Control7,Control8,Control9,Control10,Control11,Control12,Control13,Control15,Control16,Control17
53836,594855;Control1,Control2,Control3,Control4,Control5,Control6,Control7,Control8,Control9,Control10,Control12,Control13,Control15,Control16,Control17
53836,10942;Control1,Control2,Control3,Control4,Control5,Control6,Control7,Control8,Control9,Control10,Control11,Control12,Control13,Control15,Control16,Control17
53836,105371737,1813,10942;Control1,Control2,Control3,Control4,Control5,Control6,Control7,Control8,Control9,Control10,Control11,Control12,Control13,Control15,Control17
105374166,100505994,51361,81849,340273,253650,158228,112268037,143662,100506411,654499,107985492,54101;Control1,Control2,Control3,Control4,Control5,Control6,Control7,Control8,Control9,Control10,Control11,Control12,Control13,Control16,Control17
105374166,3135,79056;Control1,Control2,Control3,Control4,Control5,Control6,Control7,Control8,Control9,Control10,Control11,Control12,Control13,Control15,Control16,Control17
105374166,101927686,51361,81849,340273,253650,158228,112268037,143662,100506411,654499,54101;Control1,Control2,Control3,Control4,Control6,Control7,Control8,Control9,Control10,Control11,Control12,Control13,Control15,Control16,Control17
105374166,7546,51361,340273,253650,158228,112268037,143662,100506411,654499,101927355;Control2,Control3,Control4,Control5,Control6,Control7,Control8,Control9,Control10,Control11,Control12,Control13,Control15,Control16,Control17
105374166,6495,51361,100996301,23286,340273,100289137,253650,158228,143662,100506411,654499,101927355,107985492,54101;Control1,Control2,Control3,Control4,Control5,Control7,Control8,Control9,Control10,Control11,Control12,Control13,Control15,Control16,Control17
105374166,9388,253650,112268037,2277;Control1,Control2,Control3,Control4,Control5,Control7,Control8,Control9,Control10,Control11,Control12,Control13,Control15,Control16,Control17
105374166,54101,51361,340273,253650,158228,143662,100506411,654499;Control1,Control2,Control3,Control4,Control5,Control6,Control7,Control8,Control9,Control10,Control11,Control12,Control13,Control15,Control16,Control17
105374166,2277,51361,23286,340273,100289137,253650,158228,143662,100506411,654499,101927355,54101;Control1,Control2,Control3,Control4,Control5,Control7,Control8,Control9,Control10,Control11,Control12,Control13,Control15,Control16,Control17
79674,1749;Control1,Control2,Control3,Control4,Control6,Control7,Control8,Control9,Control10,Control11,Control12,Control13,Control15,Control16,Control17
79674,354,28946;Control1,Control2,Control3,Control4,Control5,Control6,Control7,Control8,Control9,Control10,Control11,Control12,Control13,Control16,Control17
9076,101928658;Control1,Control2,Control3,Control4,Control5,Control6,Control7,Control8,Control9,Control11,Control12,Control13,Control15,Control16,Control17
9076,338005;Control1,Control2,Control3,Control4,Control5,Control6,Control7,Control8,Control9,Control10,Control11,Control12,Control13,Control16,Control17
647309,4825;Control1,Control2,Control3,Control4,Control5,Control6,Control7,Control8,Control9,Control11,Control12,Control13,Control15,Control16,Control17
647309,646024,105376041,3229,387895;Control1,Control2,Control4,Control5,Control6,Control7,Control8,Control9,Control10,Control11,Control12,Control13,Control15,Control16,Control17
647309,11075,5798,109729169;Control1,Control2,Control4,Control5,Control6,Control7,Control8,Control9,Control10,Control11,Control12,Control13,Control15,Control16,Control17
647309,9955;Control1,Control3,Control4,Control5,Control6,Control7,Control8,Control9,Control10,Control11,Control12,Control13,Control15,Control16,Control17
647309,100533990,5798,109729169;Control1,Control2,Control4,Control5,Control6,Control7,Control8,Control9,Control10,Control11,Control12,Control13,Control15,Control16,Control17
647309,55655,646024,105376041,3229;Control1,Control2,Control4,Control5,Control6,Control7,Control8,Control9,Control10,Control11,Control12,Control13,Control15,Control16,Control17
647309,3053,646024,105376041;Control1,Control2,Control4,Control5,Control6,Control7,Control8,Control9,Control10,Control11,Control12,Control13,Control15,Control16,Control17
131578,3783;Control1,Control2,Control3,Control4,Control5,Control7,Control8,Control9,Control10,Control11,Control12,Control13,Control15,Control16,Control17
100379220,168002,107984129,79191,1995;Control1,Control2,Control3,Control4,Control5,Control6,Control7,Control8,Control9,Control10,Control11,Control12,Control15,Control16,Control17
100379220,102724784,107985627;Control1,Control2,Control3,Control4,Control5,Control6,Control7,Control8,Control9,Control10,Control11,Control13,Control15,Control16,Control17
10460,9232,9700;Control1,Control2,Control3,Control4,Control5,Control6,Control7,Control8,Control9,Control10,Control11,Control12,Control15,Control16,Control17
10460,9212,9232;Control1,Control2,Control3,Control4,Control5,Control6,Control7,Control8,Control9,Control10,Control11,Control12,Control15,Control16,Control17
64151,55247,56992,3161,221150;Control1,Control2,Control3,Control4,Control5,Control6,Control7,Control8,Control9,Control10,Control11,Control12,Control13,Control15,Control17
64151,891,3161,55165,221150,29128,24137;Control1,Control2,Control3,Control4,Control6,Control7,Control8,Control9,Control10,Control11,Control12,Control13,Control15,Control16,Control17
64151,4001,7153,29128;Control1,Control2,Control3,Control4,Control5,Control6,Control7,Control9,Control10,Control11,Control12,Control13,Control15,Control16,Control17
64151,3161,55165,221150,29128,24137;Control1,Control2,Control3,Control4,Control5,Control6,Control7,Control8,Control9,Control10,Control11,Control12,Control13,Control15,Control16,Control17
64151,983,4751,3161,54443,7153,29128;Control1,Control3,Control4,Control5,Control6,Control7,Control8,Control9,Control10,Control11,Control12,Control13,Control15,Control16,Control17
64151,9787,259266,6241,55355;Control1,Control2,Control3,Control4,Control5,Control6,Control7,Control8,Control9,Control10,Control11,Control12,Control13,Control15,Control16
64151,57082,55165,7153,29128;Control1,Control2,Control3,Control4,Control5,Control6,Control7,Control8,Control9,Control10,Control11,Control12,Control13,Control15,Control16,Control17
64151,51203,54443,983,55165,7153,29128;Control1,Control3,Control4,Control5,Control6,Control7,Control8,Control9,Control10,Control11,Control12,Control13,Control15,Control16,Control17
64151,9768,57082,7153,29128;Control1,Control2,Control3,Control4,Control6,Control7,Control8,Control9,Control10,Control11,Control12,Control13,Control15,Control16,Control17
64151,9055,55247,3161,54443;Control1,Control3,Control4,Control5,Control6,Control7,Control8,Control9,Control10,Control11,Control12,Control13,Control15,Control16,Control17
64151,100507118,1063,6241,9787,24137;Control1,Control3,Control4,Control5,Control6,Control7,Control8,Control9,Control10,Control11,Control12,Control13,Control15,Control16,Control17
64151,7153,3161,55165,29128,24137;Control1,Control2,Control3,Control4,Control5,Control6,Control7,Control8,Control9,Control10,Control11,Control12,Control13,Control15,Control16,Control17
64151,220134,55355,221150,29128,24137;Control1,Control2,Control3,Control4,Control5,Control6,Control7,Control8,Control9,Control10,Control11,Control12,Control13,Control15,Control16,Control17
100506827,339256,4283;Control1,Control2,Control3,Control4,Control5,Control6,Control7,Control8,Control10,Control11,Control12,Control13,Control15,Control16,Control17
101928658,168002,11075;Control1,Control2,Control3,Control4,Control5,Control6,Control7,Control8,Control9,Control10,Control11,Control13,Control15,Control16,Control17
101928658,64094;Control1,Control2,Control4,Control5,Control6,Control7,Control8,Control9,Control10,Control11,Control12,Control13,Control15,Control16,Control17
101928658,63898,4318,109729184;Control1,Control2,Control3,Control4,Control5,Control6,Control7,Control8,Control9,Control10,Control12,Control13,Control15,Control16,Control17
101928658,11075;Control1,Control2,Control3,Control4,Control5,Control6,Control7,Control8,Control9,Control10,Control11,Control12,Control13,Control15,Control16,Control17
101928658,338005,11075;Control1,Control2,Control3,Control4,Control5,Control6,Control7,Control8,Control9,Control10,Control11,Control12,Control13,Control16,Control17
101928658,109729184,4318;Control1,Control2,Control3,Control4,Control5,Control6,Control7,Control8,Control9,Control10,Control11,Control12,Control13,Control15,Control17
101928658,57167,11075;Control1,Control2,Control3,Control5,Control6,Control7,Control8,Control9,Control10,Control11,Control12,Control13,Control15,Control16,Control17
3512,3502,28946,28809;Control1,Control2,Control3,Control4,Control5,Control6,Control7,Control8,Control9,Control11,Control12,Control13,Control15,Control16,Control17
4283,4547,6664,3627,10537,27299,2625,387978,100506655;Control2,Control3,Control4,Control5,Control6,Control7,Control8,Control9,Control10,Control11,Control12,Control13,Control15,Control16,Control17
4283,10537,100506655,23532;Control1,Control2,Control3,Control4,Control5,Control6,Control7,Control8,Control9,Control10,Control11,Control12,Control13,Control15,Control16,Control17
4283,105376042,100506655;Control1,Control2,Control3,Control4,Control5,Control6,Control8,Control9,Control10,Control11,Control12,Control13,Control15,Control16,Control17
4283,7546,100506655;Control1,Control2,Control3,Control5,Control6,Control7,Control8,Control9,Control10,Control11,Control12,Control13,Control15,Control16,Control17
4283,101929690,147741;Control1,Control2,Control4,Control5,Control6,Control7,Control8,Control9,Control10,Control11,Control12,Control13,Control15,Control16,Control17
4283,339256,102606463,147741;Control1,Control2,Control3,Control4,Control5,Control6,Control7,Control8,Control9,Control11,Control12,Control13,Control15,Control16,Control17
4283,102606463,147741;Control1,Control2,Control3,Control4,Control5,Control6,Control7,Control8,Control9,Control10,Control11,Control12,Control13,Control15,Control16,Control17
4283,105372115,6664,27299,2625,387978,100506655,23532;Control2,Control3,Control4,Control5,Control6,Control7,Control8,Control9,Control10,Control11,Control12,Control13,Control15,Control16,Control17
4283,107985513;Control1,Control2,Control3,Control4,Control6,Control7,Control8,Control9,Control10,Control11,Control12,Control13,Control15,Control16,Control17
3627,4547;Control1,Control2,Control3,Control4,Control5,Control6,Control7,Control8,Control9,Control10,Control11,Control12,Control13,Control15,Control16,Control17
3627,7180;Control1,Control2,Control3,Control4,Control5,Control6,Control7,Control8,Control9,Control10,Control11,Control12,Control15,Control16,Control17
3627,102606463,10537,23532;Control1,Control2,Control3,Control4,Control5,Control6,Control7,Control8,Control10,Control11,Control12,Control13,Control15,Control16,Control17
3627,105372115,4547;Control1,Control2,Control3,Control4,Control5,Control6,Control7,Control8,Control9,Control10,Control11,Control12,Control13,Control15,Control16
345079,860;Control1,Control2,Control3,Control4,Control5,Control6,Control7,Control8,Control9,Control11,Control12,Control13,Control15,Control16,Control17
345079,5100;Control1,Control2,Control3,Control4,Control5,Control6,Control7,Control8,Control9,Control11,Control12,Control13,Control15,Control16,Control17
345079,7681;Control1,Control2,Control3,Control4,Control5,Control6,Control7,Control8,Control9,Control11,Control12,Control13,Control15,Control16,Control17
2250,105375690;Control1,Control2,Control3,Control5,Control6,Control7,Control8,Control9,Control10,Control11,Control12,Control13,Control15,Control16,Control17
2250,3229,55655;Control1,Control2,Control3,Control4,Control5,Control6,Control7,Control8,Control9,Control10,Control11,Control12,Control15,Control16,Control17
2250,387895,3229;Control1,Control2,Control3,Control4,Control5,Control6,Control7,Control8,Control9,Control11,Control12,Control13,Control15,Control16,Control17
4825,1749;Control1,Control2,Control4,Control5,Control6,Control7,Control8,Control9,Control10,Control11,Control12,Control13,Control15,Control16,Control17
4825,25818,105373150;Control1,Control2,Control3,Control4,Control5,Control6,Control7,Control8,Control9,Control10,Control11,Control12,Control13,Control16,Control17
4547,2845,6664,27299,2625,387978;Control1,Control2,Control3,Control4,Control5,Control6,Control7,Control9,Control10,Control11,Control12,Control13,Control15,Control16,Control17
4547,5083,27299,2625,387978,101060400;Control1,Control2,Control3,Control4,Control5,Control6,Control8,Control9,Control10,Control11,Control12,Control13,Control15,Control16,Control17
4547,6495,27299;Control1,Control2,Control3,Control5,Control6,Control7,Control8,Control9,Control10,Control11,Control12,Control13,Control15,Control16,Control17
4547,64843,6664,27299,2625,387978;Control1,Control2,Control4,Control5,Control6,Control7,Control8,Control9,Control10,Control11,Control12,Control13,Control15,Control16,Control17
4547,101060400,6664,27299,2625,387978;Control1,Control2,Control3,Control4,Control5,Control6,Control8,Control9,Control10,Control11,Control12,Control13,Control15,Control16,Control17
4547,389903,6664,27299,2625,387978,105372115;Control1,Control2,Control3,Control4,Control5,Control6,Control7,Control8,Control9,Control10,Control11,Control12,Control13,Control15,Control16
4085,55247;Control1,Control2,Control3,Control4,Control5,Control6,Control7,Control8,Control9,Control10,Control11,Control12,Control13,Control15,Control16,Control17
4085,3161,55247;Control1,Control2,Control3,Control4,Control5,Control6,Control7,Control8,Control9,Control10,Control11,Control12,Control13,Control15,Control16
4085,2845;Control1,Control3,Control4,Control5,Control6,Control7,Control8,Control9,Control10,Control11,Control12,Control13,Control15,Control16,Control17
105377404,101927354;Control1,Control2,Control3,Control4,Control5,Control6,Control7,Control8,Control9,Control10,Control11,Control12,Control13,Control15,Control16
1047,219527,5865,6716,166979,4544,594855,6345;Control1,Control2,Control3,Control4,Control5,Control7,Control8,Control9,Control10,Control11,Control12,Control13,Control15,Control16,Control17
1047,116173,5865,6716,166979,219527,4544,6345;Control1,Control3,Control4,Control5,Control6,Control7,Control8,Control9,Control10,Control11,Control12,Control13,Control15,Control16,Control17
1047,3053,594855;Control1,Control2,Control3,Control4,Control5,Control6,Control7,Control8,Control9,Control10,Control11,Control12,Control13,Control16,Control17
105377508,387895,646024,105376041;Control1,Control2,Control3,Control4,Control5,Control6,Control7,Control8,Control9,Control10,Control11,Control12,Control13,Control15,Control16,Control17
105377508,115701,284958,646024,105376041,387895;Control1,Control2,Control3,Control4,Control5,Control6,Control7,Control8,Control9,Control11,Control12,Control13,Control15,Control16,Control17
105377508,55655,646024,105376041,115701;Control1,Control2,Control3,Control4,Control5,Control6,Control7,Control8,Control9,Control11,Control12,Control13,Control15,Control16,Control17
105377508,3053,646024,105376041,387895;Control1,Control2,Control3,Control4,Control6,Control7,Control8,Control9,Control10,Control11,Control12,Control13,Control15,Control16,Control17
105377508,109729169,5798,646024,105376041,387895;Control1,Control2,Control3,Control4,Control5,Control6,Control7,Control8,Control9,Control10,Control11,Control13,Control15,Control16,Control17
55247,2845,4751;Control1,Control3,Control4,Control5,Control6,Control7,Control8,Control9,Control10,Control11,Control12,Control13,Control15,Control16,Control17
55247,983,4751,3161,55872,7153,29128;Control1,Control2,Control3,Control4,Control5,Control6,Control7,Control8,Control9,Control10,Control11,Control12,Control13,Control16,Control17
55247,3832,4751,983;Control1,Control2,Control3,Control4,Control5,Control6,Control7,Control8,Control10,Control11,Control12,Control13,Control15,Control16,Control17
55247,55165,4751,3161,54443,55872,9055,7153;Control1,Control2,Control3,Control4,Control5,Control6,Control7,Control8,Control9,Control10,Control11,Control12,Control13,Control15,Control17
55247,57082,9928,7153;Control1,Control2,Control3,Control4,Control5,Control6,Control7,Control8,Control9,Control10,Control11,Control12,Control13,Control15,Control17
55247,29128,4751,3161,55872,55165,9055,7153;Control1,Control2,Control3,Control4,Control5,Control6,Control7,Control8,Control9,Control10,Control11,Control12,Control13,Control15,Control17
55247,389903,6664,2625,387978,105372115;Control1,Control3,Control4,Control5,Control6,Control7,Control8,Control9,Control10,Control11,Control12,Control13,Control15,Control16,Control17
102467080,8329;Control1,Control2,Control3,Control4,Control5,Control6,Control7,Control8,Control9,Control11,Control12,Control13,Control15,Control16,Control17
102467080,5265;Control2,Control3,Control4,Control5,Control6,Control7,Control8,Control9,Control10,Control11,Control12,Control13,Control15,Control16,Control17
102467080,3881;Control1,Control2,Control3,Control4,Control5,Control6,Control7,Control8,Control9,Control10,Control11,Control12,Control15,Control16,Control17
10309,57451;Control1,Control2,Control3,Control4,Control5,Control6,Control7,Control8,Control9,Control10,Control11,Control12,Control13,Control15,Control16,Control17
10309,100506895,8471;Control1,Control2,Control3,Control5,Control6,Control7,Control8,Control9,Control10,Control11,Control12,Control13,Control15,Control16,Control17
10309,245972,161291;Control1,Control2,Control4,Control5,Control6,Control7,Control8,Control9,Control10,Control11,Control12,Control13,Control15,Control16,Control17
10309,79056,51361,23286,340273,158228,143662,6495,100506411,654499,101927355,54101;Control1,Control2,Control4,Control5,Control6,Control7,Control8,Control9,Control10,Control11,Control12,Control13,Control15,Control16,Control17
10309,161291;Control1,Control2,Control3,Control4,Control5,Control6,Control7,Control8,Control9,Control10,Control11,Control12,Control13,Control15,Control16,Control17
55789,107984851;Control1,Control2,Control3,Control4,Control5,Control6,Control7,Control8,Control9,Control10,Control11,Control12,Control13,Control15,Control16,Control17
891,3161,55872,55165,221150,29128;Control1,Control2,Control3,Control4,Control5,Control6,Control7,Control8,Control9,Control10,Control11,Control12,Control13,Control15,Control16,Control17
891,9787,6241,221150,29128,24137;Control1,Control2,Control3,Control4,Control6,Control7,Control8,Control9,Control10,Control11,Control12,Control13,Control15,Control16,Control17
891,51203,6241,3161,55872,55165;Control1,Control2,Control3,Control4,Control5,Control6,Control7,Control8,Control9,Control11,Control12,Control13,Control15,Control16,Control17
891,332,6241,9787,24137;Control1,Control2,Control3,Control4,Control6,Control7,Control8,Control9,Control10,Control11,Control12,Control13,Control15,Control16,Control17
134285,1749,389336,285987,4004,145873,5653,5650,28809,729442;Control1,Control2,Control3,Control4,Control5,Control6,Control7,Control8,Control9,Control10,Control11,Control12,Control13,Control16,Control17
134285,145873,58,285987,4004,5653,5650,28809,729442;Control1,Control2,Control3,Control4,Control5,Control6,Control7,Control8,Control9,Control10,Control11,Control12,Control13,Control15,Control16,Control17
134285,105371927;Control1,Control2,Control3,Control4,Control5,Control6,Control7,Control8,Control9,Control11,Control12,Control13,Control15,Control16,Control17
2297,4321;Control1,Control2,Control3,Control4,Control5,Control6,Control7,Control8,Control9,Control10,Control11,Control13,Control15,Control16,Control17
101929215,4973;Control1,Control2,Control3,Control4,Control5,Control6,Control7,Control8,Control9,Control10,Control11,Control12,Control13,Control15,Control16
101929215,110806280;Control1,Control2,Control3,Control4,Control5,Control6,Control7,Control8,Control9,Control11,Control12,Control13,Control15,Control16,Control17
101929215,3783;Control1,Control2,Control3,Control4,Control5,Control7,Control8,Control9,Control10,Control11,Control12,Control13,Control15,Control16,Control17
1404,1750,56896,3856,113218482;Control1,Control2,Control3,Control4,Control5,Control6,Control7,Control8,Control9,Control10,Control11,Control12,Control13,Control15,Control17
1404,107986951,574029,2834;Control1,Control2,Control3,Control4,Control5,Control7,Control8,Control9,Control10,Control11,Control12,Control13,Control15,Control16,Control17
1404,8538;Control1,Control2,Control3,Control4,Control5,Control6,Control7,Control8,Control9,Control11,Control12,Control13,Control15,Control16,Control17
100505994,80329;Control1,Control2,Control3,Control4,Control5,Control6,Control7,Control8,Control9,Control10,Control11,Control12,Control13,Control15,Control16,Control17
100505994,105375690;Control1,Control2,Control3,Control4,Control5,Control6,Control7,Control8,Control9,Control10,Control11,Control12,Control13,Control15,Control16,Control17
100505994,338376,646024,105376041;Control2,Control3,Control4,Control5,Control6,Control7,Control8,Control9,Control10,Control11,Control12,Control13,Control15,Control16,Control17
100505994,3229,80329,646024,105376041,387895,107985492;Control1,Control2,Control3,Control5,Control6,Control7,Control8,Control9,Control10,Control11,Control12,Control13,Control15,Control16,Control17
100505994,387895,105377508,646024,105376041,107985492;Control1,Control2,Control3,Control5,Control6,Control7,Control8,Control9,Control10,Control11,Control12,Control13,Control15,Control16,Control17
100505994,5101,554202;Control1,Control2,Control3,Control4,Control5,Control6,Control8,Control9,Control10,Control11,Control12,Control13,Control15,Control16,Control17
100505994,9956,646024,105376041;Control1,Control2,Control3,Control4,Control5,Control6,Control7,Control9,Control10,Control11,Control12,Control13,Control15,Control16,Control17
100505994,6362,80329;Control1,Control2,Control4,Control5,Control6,Control7,Control8,Control9,Control10,Control11,Control12,Control13,Control15,Control16,Control17
100505994,115701,284958,646024,105376041,107985492;Control1,Control2,Control3,Control5,Control6,Control7,Control8,Control9,Control10,Control11,Control12,Control13,Control15,Control16,Control17
100505994,57167,80329,7477;Control1,Control2,Control3,Control4,Control5,Control6,Control7,Control8,Control9,Control10,Control11,Control13,Control15,Control16,Control17
4001,7272,100288637;Control1,Control2,Control3,Control4,Control5,Control6,Control7,Control9,Control10,Control11,Control12,Control13,Control15,Control16,Control17
4001,54443,9055;Control1,Control3,Control4,Control5,Control6,Control7,Control8,Control9,Control10,Control11,Control12,Control13,Control15,Control16,Control17
4001,55872,9055,29128;Control1,Control2,Control3,Control5,Control6,Control7,Control8,Control9,Control10,Control11,Control12,Control13,Control15,Control16,Control17
4001,144455;Control1,Control2,Control3,Control4,Control5,Control6,Control7,Control8,Control9,Control10,Control11,Control12,Control13,Control15,Control16,Control17
4001,221150,64151,220134,29128;Control1,Control2,Control3,Control4,Control5,Control6,Control7,Control8,Control9,Control10,Control11,Control12,Control13,Control15,Control16
4001,57082,64151,29128;Control1,Control2,Control3,Control5,Control6,Control7,Control8,Control9,Control10,Control11,Control12,Control13,Control15,Control16,Control17
4001,29128;Control1,Control2,Control3,Control4,Control5,Control6,Control7,Control8,Control9,Control10,Control11,Control12,Control13,Control15,Control16,Control17
171019,2845,1630;Control1,Control2,Control3,Control4,Control5,Control6,Control7,Control8,Control10,Control11,Control12,Control13,Control15,Control16,Control17
171019,107986990;Control1,Control2,Control3,Control4,Control5,Control6,Control7,Control8,Control9,Control10,Control11,Control12,Control13,Control15,Control16,Control17
171019,8424,107986990;Control1,Control2,Control3,Control4,Control5,Control6,Control7,Control8,Control9,Control10,Control11,Control12,Control15,Control16,Control17
171019,105369685,1630;Control1,Control2,Control3,Control4,Control5,Control6,Control7,Control8,Control9,Control10,Control11,Control12,Control15,Control16,Control17
171019,647946,105369685;Control1,Control2,Control3,Control4,Control5,Control6,Control7,Control8,Control9,Control11,Control12,Control13,Control15,Control16,Control17
171019,1630;Control1,Control2,Control3,Control4,Control5,Control6,Control7,Control8,Control9,Control10,Control11,Control12,Control13,Control15,Control16,Control17
5307,285987,4004,5653,5650,28809,729442;Control1,Control2,Control4,Control5,Control6,Control7,Control8,Control9,Control10,Control11,Control12,Control13,Control15,Control16,Control17
995,3833,991,4288;Control1,Control2,Control3,Control4,Control5,Control6,Control7,Control8,Control9,Control10,Control11,Control12,Control13,Control15,Control16,Control17
995,113130,991,9232,9787,146909;Control1,Control2,Control3,Control4,Control5,Control6,Control7,Control8,Control9,Control10,Control11,Control12,Control13,Control15,Control17
995,100507118,1063,6241,9787;Control1,Control2,Control3,Control4,Control5,Control6,Control7,Control8,Control10,Control11,Control12,Control13,Control15,Control16,Control17
995,146909,991,1063,9787;Control1,Control2,Control3,Control4,Control5,Control6,Control7,Control8,Control9,Control10,Control11,Control12,Control13,Control15,Control17
995,22974,991,4288,9787;Control1,Control2,Control3,Control5,Control6,Control7,Control8,Control9,Control10,Control11,Control12,Control13,Control15,Control16,Control17
995,11065,991,1063,9787;Control1,Control2,Control3,Control4,Control6,Control7,Control8,Control9,Control10,Control11,Control12,Control13,Control15,Control16,Control17
6690,102724784;Control1,Control2,Control3,Control4,Control5,Control6,Control7,Control8,Control9,Control11,Control12,Control13,Control15,Control16,Control17
6690,112802;Control1,Control2,Control3,Control4,Control5,Control6,Control7,Control8,Control9,Control10,Control11,Control12,Control13,Control15,Control16
389336,1749,3227;Control1,Control2,Control3,Control4,Control5,Control6,Control7,Control8,Control9,Control10,Control11,Control12,Control13,Control15,Control16,Control17
389336,3229,646024,105376041,115701,55655;Control1,Control2,Control3,Control4,Control5,Control6,Control7,Control8,Control9,Control11,Control12,Control13,Control15,Control16,Control17
389336,145873,58,134285,285987,4004,5653,5650,28809,729442;Control1,Control2,Control3,Control4,Control5,Control6,Control7,Control8,Control9,Control10,Control11,Control12,Control13,Control16,Control17
389336,354,285987,5653,5650,28809,729442;Control1,Control2,Control3,Control4,Control5,Control6,Control7,Control8,Control9,Control10,Control11,Control12,Control13,Control15,Control16,Control17
6534,109729169;Control1,Control2,Control3,Control4,Control5,Control6,Control7,Control8,Control9,Control10,Control11,Control12,Control13,Control15,Control16,Control17
9232,10024;Control1,Control2,Control3,Control4,Control5,Control6,Control7,Control8,Control9,Control10,Control11,Control12,Control13,Control15,Control17
9232,9700,991,128239,4288;Control1,Control2,Control3,Control4,Control5,Control6,Control7,Control8,Control9,Control10,Control11,Control12,Control15,Control16,Control17
9232,107985017,113130,146909;Control1,Control2,Control3,Control4,Control5,Control6,Control7,Control8,Control9,Control10,Control11,Control12,Control15,Control16,Control17
9232,332,991,259266,6241,4288,9787;Control1,Control2,Control3,Control4,Control5,Control6,Control7,Control9,Control10,Control11,Control12,Control13,Control15,Control16,Control17
9232,55723,991,4288,113130,9787,9212,146909;Control1,Control2,Control3,Control4,Control6,Control7,Control8,Control9,Control10,Control11,Control12,Control13,Control15,Control16,Control17
9232,22974,991,128239,259266,4288,9787,9133,9212;Control1,Control2,Control3,Control5,Control6,Control7,Control8,Control9,Control10,Control11,Control12,Control13,Control15,Control16,Control17
9232,11065,991,128239,259266,4288,9787,9212;Control1,Control2,Control3,Control4,Control6,Control7,Control8,Control9,Control10,Control11,Control12,Control13,Control15,Control16,Control17
3161,7272,4751,54443,983,7153,29128;Control1,Control3,Control4,Control5,Control6,Control7,Control8,Control9,Control10,Control11,Control12,Control13,Control15,Control16,Control17
3161,3832,4751,54443,983,55165,7153;Control1,Control2,Control3,Control4,Control5,Control6,Control7,Control8,Control9,Control10,Control11,Control13,Control15,Control16,Control17
3161,221150,6241,55872,55165,100507118,24137;Control1,Control2,Control3,Control4,Control5,Control6,Control7,Control8,Control9,Control10,Control11,Control12,Control13,Control15,Control16,Control17
3161,9824,4751,54443,55872,983,55165,7153;Control1,Control2,Control4,Control5,Control6,Control7,Control8,Control9,Control10,Control11,Control12,Control13,Control15,Control16,Control17
3161,79801,6241,55872,9833,51203;Control1,Control2,Control3,Control4,Control5,Control6,Control7,Control8,Control9,Control10,Control11,Control12,Control13,Control16,Control17
101927813,9833;Control1,Control2,Control3,Control4,Control5,Control6,Control7,Control8,Control9,Control10,Control11,Control12,Control15,Control16,Control17
57451,6495;Control1,Control2,Control3,Control4,Control5,Control6,Control7,Control8,Control9,Control10,Control11,Control12,Control13,Control15,Control16,Control17
57451,161291,10309;Control1,Control2,Control3,Control4,Control5,Control6,Control7,Control8,Control10,Control11,Control12,Control13,Control15,Control16,Control17
57451,64843;Control1,Control2,Control3,Control5,Control6,Control7,Control8,Control9,Control10,Control11,Control12,Control13,Control15,Control16,Control17
23286,79056,51361,340273,100289137,158228,143662,6495,100506411,654499,101927355,54101;Control1,Control2,Control3,Control4,Control5,Control6,Control7,Control8,Control9,Control10,Control11,Control12,Control13,Control15,Control16,Control17
23286,970,51361,340273,100289137,158228,143662,6495,100506411,654499,54101;Control1,Control2,Control3,Control4,Control5,Control6,Control7,Control8,Control9,Control10,Control11,Control12,Control13,Control15,Control16,Control17
100130275,5265;Control1,Control2,Control3,Control4,Control5,Control6,Control7,Control8,Control9,Control10,Control11,Control12,Control13,Control15,Control16
8352,102724784,107985627;Control1,Control2,Control3,Control4,Control5,Control6,Control7,Control8,Control9,Control10,Control12,Control13,Control15,Control16,Control17
8352,105371050;Control1,Control2,Control3,Control4,Control5,Control6,Control7,Control9,Control10,Control11,Control12,Control13,Control15,Control16,Control17
8352,53820,101927760;Control1,Control2,Control3,Control4,Control5,Control6,Control7,Control8,Control9,Control10,Control11,Control12,Control13,Control15,Control17
8355,105375027,6273,101927760,338667;Control1,Control2,Control3,Control4,Control5,Control6,Control7,Control9,Control10,Control11,Control12,Control13,Control15,Control16,Control17
8355,9628;Control1,Control2,Control3,Control4,Control5,Control7,Control8,Control9,Control10,Control11,Control12,Control13,Control15,Control16,Control17
8355,53820,6273,101927760,338667,111216286;Control1,Control2,Control3,Control4,Control5,Control6,Control7,Control8,Control9,Control10,Control11,Control12,Control13,Control15,Control16
10537,102606463,4283,100506655,147741,23532;Control1,Control2,Control3,Control4,Control5,Control6,Control7,Control8,Control10,Control11,Control12,Control13,Control15,Control16,Control17
10537,147741,115362,4283;Control1,Control2,Control3,Control4,Control5,Control6,Control7,Control8,Control10,Control11,Control12,Control13,Control15,Control16,Control17
10537,113730;Control1,Control2,Control3,Control4,Control5,Control6,Control7,Control8,Control9,Control10,Control11,Control12,Control13,Control16,Control17
3135,101927355,105374166,79056;Control1,Control2,Control3,Control4,Control5,Control7,Control8,Control9,Control10,Control11,Control12,Control13,Control15,Control16,Control17
3833,105375610,107985017;Control1,Control2,Control3,Control4,Control5,Control6,Control7,Control8,Control9,Control10,Control12,Control13,Control15,Control16,Control17
3833,9133,991,128239,9232,4288,9787,9212;Control1,Control2,Control3,Control4,Control5,Control6,Control7,Control8,Control9,Control10,Control11,Control12,Control13,Control16,Control17
3833,5347,4288;Control1,Control2,Control3,Control4,Control6,Control7,Control8,Control9,Control10,Control11,Control12,Control13,Control15,Control16,Control17
3833,9212,991,128239,4288;Control1,Control2,Control3,Control4,Control5,Control6,Control7,Control8,Control9,Control10,Control11,Control12,Control13,Control15,Control16,Control17
3833,146909,991,4288,9212;Control1,Control2,Control3,Control4,Control5,Control6,Control7,Control8,Control9,Control10,Control11,Control12,Control13,Control15,Control16,Control17
3833,55723,991,4288,9212,146909;Control1,Control2,Control3,Control4,Control6,Control7,Control8,Control9,Control10,Control11,Control12,Control13,Control15,Control16,Control17
3833,22974,991,128239,4288,9212;Control1,Control2,Control3,Control5,Control6,Control7,Control8,Control9,Control10,Control11,Control12,Control13,Control15,Control16,Control17
3833,11065,991,128239,4288,9212;Control1,Control2,Control3,Control4,Control6,Control7,Control8,Control9,Control10,Control11,Control12,Control13,Control15,Control16,Control17
3833,158511;Control1,Control2,Control3,Control4,Control5,Control6,Control7,Control8,Control10,Control11,Control12,Control13,Control15,Control16,Control17
105375027,100507584;Control1,Control3,Control4,Control5,Control6,Control7,Control8,Control9,Control10,Control11,Control12,Control13,Control15,Control16,Control17
105375027,102724784,338667;Control1,Control2,Control3,Control4,Control5,Control6,Control7,Control8,Control9,Control10,Control11,Control12,Control13,Control15,Control16,Control17
105375027,3881,6273,338667;Control1,Control2,Control3,Control4,Control5,Control6,Control7,Control8,Control9,Control10,Control11,Control13,Control15,Control16,Control17
105375027,111216286,6273,101927760,338667,338797;Control1,Control2,Control3,Control4,Control5,Control7,Control8,Control9,Control10,Control11,Control12,Control13,Control15,Control16,Control17
105375027,107985627,102724784;Control1,Control2,Control3,Control4,Control5,Control6,Control7,Control8,Control9,Control10,Control11,Control12,Control13,Control15,Control16,Control17
100507584,51512;Control2,Control3,Control4,Control5,Control6,Control7,Control8,Control9,Control10,Control11,Control12,Control13,Control15,Control16,Control17
860,100652791,122042;Control1,Control2,Control3,Control4,Control5,Control6,Control7,Control8,Control9,Control10,Control11,Control12,Control13,Control15,Control17
860,112268037,9388;Control1,Control2,Control3,Control5,Control6,Control7,Control8,Control9,Control10,Control11,Control12,Control13,Control15,Control16,Control17
860,9355,6332;Control1,Control2,Control3,Control4,Control5,Control6,Control7,Control8,Control9,Control10,Control11,Control12,Control13,Control16,Control17
860,3229,387895,4496;Control1,Control2,Control3,Control4,Control5,Control6,Control8,Control9,Control10,Control11,Control12,Control13,Control15,Control16,Control17
860,8549;Control1,Control2,Control3,Control4,Control5,Control6,Control7,Control8,Control9,Control10,Control11,Control12,Control15,Control16,Control17
860,122042;Control1,Control2,Control3,Control4,Control5,Control6,Control7,Control8,Control9,Control10,Control11,Control12,Control13,Control15,Control16,Control17
860,5100,122042;Control1,Control2,Control3,Control4,Control6,Control7,Control8,Control9,Control10,Control11,Control12,Control13,Control15,Control16,Control17
860,5101;Control1,Control2,Control3,Control5,Control6,Control7,Control8,Control9,Control10,Control11,Control12,Control13,Control15,Control16,Control17
860,7681,9355;Control1,Control2,Control3,Control4,Control5,Control6,Control7,Control8,Control9,Control10,Control11,Control12,Control13,Control16,Control17
860,4318,122042;Control1,Control2,Control3,Control4,Control5,Control6,Control7,Control8,Control9,Control10,Control11,Control13,Control15,Control16,Control17
860,109729184,4318;Control1,Control2,Control3,Control4,Control5,Control6,Control7,Control8,Control9,Control10,Control11,Control13,Control15,Control16,Control17
860,109729169,5798;Control1,Control2,Control3,Control4,Control5,Control6,Control8,Control9,Control10,Control11,Control12,Control13,Control15,Control16,Control17
105375077,89858;Control1,Control2,Control3,Control4,Control5,Control6,Control7,Control8,Control9,Control10,Control11,Control12,Control13,Control16,Control17
7180,2845,2625;Control1,Control2,Control3,Control4,Control5,Control6,Control7,Control9,Control10,Control11,Control12,Control13,Control15,Control16,Control17
7180,105375894,2625,50614;Control1,Control2,Control4,Control5,Control6,Control7,Control8,Control9,Control10,Control11,Control12,Control13,Control15,Control16,Control17
7180,2625,50614;Control1,Control2,Control3,Control4,Control5,Control6,Control7,Control8,Control9,Control10,Control11,Control12,Control13,Control15,Control16,Control17
7180,105371275,2625;Control1,Control2,Control3,Control4,Control5,Control6,Control7,Control8,Control9,Control10,Control11,Control13,Control15,Control16,Control17
7180,105372115,2625;Control1,Control2,Control3,Control4,Control5,Control6,Control7,Control8,Control9,Control10,Control11,Control12,Control13,Control15,Control16
107986606,105375690,107985492;Control1,Control2,Control3,Control4,Control5,Control6,Control7,Control8,Control10,Control11,Control12,Control13,Control15,Control16,Control17
107986606,387978;Control1,Control2,Control3,Control5,Control6,Control7,Control8,Control9,Control10,Control11,Control12,Control13,Control15,Control16,Control17
107986606,6495;Control1,Control2,Control3,Control4,Control5,Control6,Control7,Control8,Control9,Control10,Control11,Control12,Control13,Control16,Control17
7272,55388,29128;Control1,Control2,Control3,Control4,Control5,Control6,Control7,Control8,Control9,Control10,Control12,Control13,Control15,Control16,Control17
7272,11130,23397,10721;Control1,Control3,Control4,Control5,Control6,Control7,Control8,Control9,Control10,Control11,Control12,Control13,Control15,Control16,Control17
7272,100288637,23397;Control1,Control2,Control3,Control4,Control5,Control6,Control7,Control8,Control9,Control10,Control11,Control12,Control13,Control15,Control16,Control17
7272,9768,29128;Control1,Control2,Control3,Control4,Control5,Control6,Control7,Control8,Control9,Control10,Control11,Control12,Control15,Control16,Control17
7272,29128;Control1,Control2,Control3,Control4,Control5,Control6,Control7,Control8,Control9,Control10,Control11,Control12,Control13,Control15,Control16,Control17
101927686,245972,51361,340273,158228,100506411,654499,970,54101;Control1,Control2,Control3,Control4,Control6,Control7,Control8,Control9,Control10,Control11,Control12,Control13,Control15,Control16,Control17
101927686,112268037,51361,100996301,81849,340273,253650,158228,143662,100506411,654499,101927355,54101;Control1,Control2,Control3,Control4,Control6,Control7,Control8,Control9,Control10,Control11,Control12,Control13,Control15,Control16,Control17
101927686,79056,51361,100996301,23286,340273,100289137,158228,143662,6495,100506411,654499,101927355,54101;Control1,Control2,Control3,Control4,Control6,Control7,Control8,Control9,Control10,Control11,Control12,Control13,Control15,Control16,Control17
101927686,219527,5865,6716,166979,4544,116173;Control1,Control2,Control3,Control5,Control6,Control7,Control8,Control9,Control10,Control11,Control12,Control13,Control15,Control16,Control17
101927686,7681,5865,1047,166979,4544,107985436;Control1,Control2,Control3,Control4,Control5,Control6,Control8,Control9,Control10,Control11,Control12,Control13,Control15,Control16,Control17
101927686,594855,5865,6716,1047,166979,4544,6345;Control1,Control2,Control3,Control5,Control6,Control7,Control8,Control9,Control10,Control11,Control12,Control13,Control15,Control16,Control17
101927686,970,51361,105374166,340273,158228,143662,100506411,654499,54101;Control1,Control2,Control3,Control4,Control6,Control7,Control8,Control9,Control10,Control11,Control12,Control13,Control15,Control16,Control17
101927686,2277,51361,81849,23286,340273,100289137,253650,158228,143662,100506411,654499,101927355,54101;Control1,Control2,Control3,Control4,Control6,Control7,Control8,Control9,Control10,Control11,Control12,Control13,Control15,Control16,Control17
253582,112937,105371664;Control1,Control2,Control3,Control5,Control6,Control7,Control8,Control9,Control10,Control11,Control12,Control13,Control15,Control16,Control17
253582,400618,110806280;Control1,Control2,Control3,Control5,Control6,Control7,Control8,Control9,Control10,Control11,Control12,Control13,Control15,Control16,Control17
253582,110806280,112937;Control1,Control2,Control3,Control5,Control6,Control7,Control8,Control9,Control10,Control11,Control12,Control13,Control15,Control16,Control17
80328,4973;Control1,Control2,Control3,Control4,Control5,Control6,Control7,Control8,Control9,Control10,Control11,Control12,Control13,Control15,Control16
80329,4496,3229,387895;Control1,Control2,Control3,Control5,Control6,Control7,Control8,Control9,Control10,Control11,Control12,Control13,Control15,Control16,Control17
646024,168002,5798,11075,105376041,3229,109729169;Control1,Control2,Control3,Control4,Control5,Control6,Control7,Control8,Control9,Control10,Control11,Control13,Control15,Control16,Control17
646024,105375690,100505994,105376041,3229,115701,55655,107985492;Control1,Control2,Control3,Control5,Control6,Control7,Control8,Control9,Control10,Control11,Control12,Control13,Control15,Control16,Control17
646024,3229,105376041,387895;Control1,Control2,Control3,Control4,Control5,Control6,Control7,Control8,Control9,Control10,Control11,Control12,Control13,Control15,Control16,Control17
646024,55655,105376041,3229,115701;Control1,Control2,Control3,Control4,Control5,Control6,Control7,Control8,Control9,Control10,Control11,Control12,Control13,Control15,Control16,Control17
168002,107984129,1995;Control1,Control2,Control3,Control4,Control5,Control6,Control7,Control8,Control9,Control10,Control11,Control12,Control13,Control15,Control16,Control17
168002,387895,5798,646024,105376041,3229,109729169;Control1,Control2,Control3,Control4,Control5,Control6,Control7,Control8,Control9,Control10,Control11,Control13,Control15,Control16,Control17
168002,10265,1995;Control1,Control2,Control3,Control4,Control5,Control6,Control7,Control8,Control10,Control11,Control12,Control13,Control15,Control16,Control17
168002,4496,5798,3229,387895;Control1,Control2,Control3,Control4,Control5,Control6,Control7,Control8,Control9,Control10,Control11,Control13,Control15,Control16,Control17
168002,344,7477;Control1,Control2,Control3,Control4,Control5,Control6,Control7,Control8,Control9,Control10,Control11,Control12,Control13,Control15,Control16,Control17
168002,4318,79191,109729184,7477;Control1,Control2,Control3,Control4,Control5,Control6,Control7,Control8,Control9,Control10,Control11,Control12,Control13,Control15,Control16,Control17
168002,109729184,105378305;Control1,Control2,Control3,Control4,Control5,Control6,Control7,Control8,Control9,Control10,Control11,Control12,Control13,Control15,Control16,Control17
64094,107986951;Control1,Control2,Control3,Control4,Control5,Control6,Control7,Control8,Control9,Control10,Control11,Control12,Control13,Control15,Control16,Control17
101927354,105375622;Control1,Control2,Control3,Control4,Control5,Control6,Control7,Control8,Control9,Control10,Control11,Control12,Control13,Control15,Control17
101927354,647946;Control2,Control3,Control4,Control5,Control6,Control7,Control8,Control9,Control10,Control11,Control12,Control13,Control15,Control16,Control17
340273,57167;Control1,Control2,Control3,Control5,Control6,Control7,Control8,Control9,Control10,Control11,Control12,Control13,Control15,Control16,Control17
54443,9833,6241,3161,55872,51203,7153;Control1,Control2,Control3,Control4,Control5,Control6,Control7,Control8,Control9,Control10,Control11,Control12,Control13,Control15,Control16
54443,221150,64151,3161,55872,55165,29128;Control1,Control3,Control4,Control5,Control6,Control7,Control8,Control9,Control10,Control11,Control12,Control13,Control15,Control16,Control17
54443,57082,9928,7153;Control1,Control3,Control4,Control5,Control6,Control7,Control8,Control9,Control10,Control11,Control12,Control13,Control15,Control16,Control17
54443,9493,9824;Control1,Control2,Control3,Control4,Control5,Control6,Control7,Control8,Control9,Control10,Control11,Control12,Control13,Control15,Control16,Control17
54443,9055,4751,3161,55872,51203,7153;Control1,Control2,Control3,Control4,Control5,Control6,Control7,Control8,Control9,Control10,Control11,Control12,Control13,Control15,Control16,Control17
54443,100507118,4751,3161,55872,983,55165,51203,7153;Control1,Control2,Control3,Control5,Control6,Control7,Control8,Control9,Control10,Control11,Control12,Control13,Control15,Control16,Control17
54443,79801,3161,55872,9833,51203;Control1,Control2,Control3,Control4,Control5,Control6,Control7,Control8,Control9,Control10,Control11,Control12,Control13,Control16,Control17
54443,83903;Control1,Control2,Control3,Control4,Control5,Control6,Control7,Control8,Control9,Control10,Control11,Control12,Control13,Control15,Control16,Control17
54443,220134,64151,55872,55165,221150,29128;Control1,Control3,Control4,Control5,Control6,Control7,Control8,Control9,Control10,Control11,Control12,Control13,Control15,Control16,Control17
100506895,1749;Control1,Control2,Control4,Control5,Control6,Control7,Control8,Control9,Control10,Control11,Control12,Control13,Control15,Control16,Control17
100506895,100192378,8471;Control1,Control2,Control3,Control4,Control5,Control6,Control7,Control8,Control9,Control10,Control12,Control13,Control15,Control16,Control17
100506895,8471;Control1,Control2,Control3,Control4,Control5,Control6,Control7,Control8,Control9,Control10,Control11,Control12,Control13,Control15,Control16,Control17
1749,3229,389336;Control1,Control2,Control3,Control4,Control5,Control6,Control7,Control8,Control9,Control11,Control12,Control13,Control15,Control16,Control17
1749,4496,3229;Control1,Control2,Control3,Control4,Control5,Control6,Control7,Control8,Control9,Control11,Control12,Control13,Control15,Control16,Control17
1749,354,389336,285987,4004,5653,5650,28809,729442;Control1,Control2,Control3,Control4,Control5,Control6,Control7,Control8,Control9,Control10,Control11,Control12,Control13,Control16,Control17
1749,25818,134285,389336,285987,4004,5653,5650,28809,729442;Control1,Control2,Control3,Control4,Control5,Control6,Control7,Control8,Control9,Control10,Control11,Control12,Control13,Control16,Control17
2845,8424;Control1,Control2,Control3,Control4,Control5,Control6,Control7,Control8,Control10,Control11,Control12,Control13,Control15,Control16,Control17
2845,105369685,1630;Control1,Control2,Control3,Control4,Control5,Control6,Control7,Control8,Control10,Control11,Control12,Control13,Control15,Control16,Control17
2845,105372115,6664,27299,2625,387978;Control1,Control2,Control3,Control4,Control5,Control6,Control7,Control9,Control10,Control11,Control12,Control13,Control15,Control16,Control17
2845,389903,6664,2625,387978,105372115;Control1,Control2,Control3,Control4,Control5,Control6,Control7,Control9,Control10,Control11,Control12,Control13,Control15,Control16,Control17
105375610,79733,55143;Control1,Control2,Control3,Control4,Control5,Control6,Control8,Control9,Control10,Control11,Control12,Control13,Control15,Control16,Control17
105375610,81930;Control2,Control3,Control4,Control5,Control6,Control7,Control8,Control9,Control10,Control11,Control12,Control13,Control15,Control16,Control17
105375610,81624;Control1,Control2,Control3,Control4,Control5,Control6,Control7,Control8,Control9,Control10,Control11,Control12,Control13,Control15,Control16
105375610,9787,1058;Control1,Control2,Control3,Control4,Control5,Control6,Control7,Control8,Control10,Control11,Control12,Control13,Control15,Control16,Control17
105375610,9212,128239;Control1,Control3,Control4,Control5,Control6,Control7,Control8,Control9,Control10,Control11,Control12,Control13,Control15,Control16,Control17
100652791,63898;Control1,Control2,Control3,Control4,Control5,Control6,Control7,Control8,Control9,Control10,Control11,Control13,Control15,Control16,Control17
100652791,554202,5101;Control1,Control2,Control3,Control4,Control5,Control6,Control7,Control8,Control9,Control10,Control11,Control12,Control13,Control15,Control17
100652791,5100;Control1,Control2,Control3,Control4,Control5,Control6,Control7,Control8,Control9,Control10,Control11,Control12,Control13,Control15,Control17
100652791,5101,860;Control1,Control2,Control3,Control4,Control5,Control6,Control7,Control8,Control9,Control10,Control11,Control12,Control13,Control15,Control17
100652791,4496,56300;Control1,Control2,Control3,Control4,Control5,Control6,Control8,Control9,Control10,Control11,Control12,Control13,Control15,Control16,Control17
100652791,9388;Control1,Control2,Control3,Control5,Control6,Control7,Control8,Control9,Control10,Control11,Control12,Control13,Control15,Control16,Control17
63898,253650;Control1,Control2,Control3,Control5,Control6,Control7,Control8,Control9,Control10,Control11,Control12,Control13,Control15,Control16,Control17
63898,120939;Control1,Control3,Control4,Control5,Control6,Control7,Control8,Control9,Control10,Control11,Control12,Control13,Control15,Control16,Control17
63898,4318,109729184,7477;Control1,Control2,Control3,Control4,Control5,Control6,Control7,Control8,Control9,Control10,Control11,Control12,Control13,Control15,Control16,Control17
63898,57167,7477;Control1,Control2,Control3,Control4,Control5,Control6,Control8,Control9,Control10,Control11,Control12,Control13,Control15,Control16,Control17
203190,105371927;Control1,Control2,Control3,Control4,Control5,Control6,Control7,Control8,Control9,Control10,Control11,Control12,Control15,Control16,Control17
27299,50614,6664,2625,387978;Control1,Control2,Control3,Control4,Control5,Control6,Control7,Control8,Control9,Control10,Control11,Control12,Control15,Control16,Control17
157570,3832,4751,54443;Control1,Control2,Control3,Control4,Control5,Control6,Control7,Control8,Control9,Control10,Control11,Control12,Control13,Control15,Control17
157570,55165,54443,55872,7153;Control1,Control2,Control3,Control4,Control5,Control6,Control7,Control8,Control10,Control11,Control12,Control13,Control15,Control16,Control17
157570,9824;Control1,Control2,Control4,Control5,Control6,Control7,Control8,Control9,Control10,Control11,Control12,Control13,Control15,Control16,Control17
157570,51203,54443,55165,7153;Control1,Control2,Control3,Control4,Control5,Control6,Control7,Control8,Control10,Control11,Control12,Control13,Control15,Control16,Control17
157570,7153,4751,54443,55872;Control1,Control2,Control3,Control4,Control5,Control6,Control7,Control8,Control10,Control11,Control12,Control13,Control15,Control16,Control17
157570,5354;Control1,Control2,Control3,Control4,Control5,Control6,Control7,Control8,Control9,Control10,Control12,Control13,Control15,Control16,Control17
55872,3832,4751,54443,983,55165,9055,7153;Control1,Control2,Control3,Control4,Control5,Control6,Control7,Control9,Control10,Control11,Control12,Control13,Control15,Control16,Control17
55872,57082,64151,54443,55165,7153,29128;Control1,Control3,Control4,Control5,Control6,Control7,Control8,Control9,Control10,Control11,Control12,Control13,Control15,Control16,Control17
55872,79801,1063,6241;Control1,Control2,Control3,Control4,Control5,Control6,Control7,Control8,Control9,Control10,Control11,Control12,Control13,Control15,Control16,Control17
6422,338005;Control1,Control2,Control3,Control4,Control5,Control6,Control7,Control8,Control9,Control10,Control11,Control13,Control15,Control16,Control17
107986951,654499,574029;Control1,Control2,Control3,Control5,Control6,Control7,Control8,Control9,Control10,Control11,Control12,Control13,Control15,Control16,Control17
107986951,4318,109729184;Control1,Control2,Control3,Control4,Control5,Control6,Control7,Control8,Control9,Control10,Control11,Control12,Control13,Control15,Control17
9312,101929690,148645,3239,56203,3670,345643,5307,105375894,1690,100506071,6362,106481742,9758,8471;Control1,Control2,Control3,Control4,Control6,Control7,Control8,Control9,Control10,Control11,Control12,Control13,Control15,Control16,Control17
9312,6860,107985513;Control1,Control2,Control4,Control5,Control6,Control7,Control8,Control9,Control10,Control11,Control12,Control13,Control15,Control16,Control17
11075,103689845;Control1,Control2,Control3,Control4,Control5,Control6,Control7,Control8,Control9,Control10,Control11,Control12,Control15,Control16,Control17
11075,50615,338005;Control1,Control2,Control3,Control4,Control5,Control6,Control7,Control8,Control9,Control10,Control11,Control12,Control13,Control16,Control17
11075,57167,5798,109729169;Control1,Control2,Control3,Control5,Control6,Control7,Control8,Control9,Control10,Control11,Control12,Control13,Control15,Control16,Control17
11075,3053,109729169;Control1,Control2,Control3,Control4,Control6,Control7,Control8,Control9,Control10,Control11,Control12,Control13,Control15,Control16,Control17
105375622,8424;Control1,Control2,Control3,Control4,Control5,Control6,Control7,Control8,Control9,Control10,Control11,Control12,Control13,Control15,Control17
245972,105375690,100996301;Control1,Control2,Control3,Control4,Control5,Control6,Control7,Control8,Control9,Control10,Control11,Control12,Control13,Control16,Control17
245972,112268037,51361,81849,340273,158228,143662,100506411,654499,101927355,54101;Control1,Control2,Control3,Control4,Control5,Control6,Control7,Control8,Control9,Control11,Control12,Control13,Control15,Control16,Control17
245972,6495,51361,100996301,23286,340273,100289137,158228,143662,100506411,654499,101927355,54101;Control1,Control2,Control3,Control4,Control5,Control6,Control7,Control8,Control9,Control11,Control12,Control13,Control15,Control16,Control17
245972,366;Control2,Control3,Control4,Control5,Control6,Control7,Control8,Control9,Control10,Control11,Control12,Control13,Control15,Control16,Control17
245972,105371152;Control1,Control2,Control3,Control5,Control6,Control7,Control8,Control9,Control10,Control11,Control12,Control13,Control15,Control16,Control17
245972,970,51361,23286,340273,100289137,158228,143662,6495,100506411,654499,54101;Control1,Control2,Control3,Control4,Control5,Control6,Control7,Control8,Control9,Control11,Control12,Control13,Control15,Control16,Control17
245972,2277,51361,23286,340273,100289137,158228,143662,100506411,654499,101927355,54101;Control1,Control2,Control3,Control4,Control5,Control6,Control7,Control8,Control9,Control11,Control12,Control13,Control15,Control16,Control17
105375674,51198;Control1,Control2,Control3,Control4,Control5,Control6,Control7,Control9,Control10,Control11,Control12,Control13,Control15,Control16,Control17
105375674,101101772;Control1,Control2,Control3,Control4,Control5,Control6,Control7,Control8,Control9,Control10,Control11,Control12,Control15,Control16,Control17
105375674,105371050;Control2,Control3,Control4,Control5,Control6,Control7,Control8,Control9,Control10,Control11,Control12,Control13,Control15,Control16,Control17
105375674,101927355;Control1,Control2,Control3,Control4,Control5,Control6,Control7,Control8,Control9,Control10,Control11,Control12,Control15,Control16,Control17
105375690,101101772,107985492;Control1,Control2,Control3,Control4,Control5,Control6,Control7,Control8,Control9,Control10,Control11,Control12,Control13,Control15,Control17
105375690,107985492;Control1,Control2,Control3,Control4,Control5,Control6,Control7,Control8,Control9,Control10,Control11,Control12,Control13,Control15,Control16,Control17
107986990,111216286;Control1,Control2,Control3,Control4,Control5,Control6,Control7,Control9,Control10,Control11,Control12,Control13,Control15,Control16,Control17
554202,338376,5101;Control2,Control3,Control4,Control5,Control6,Control7,Control8,Control9,Control10,Control11,Control12,Control13,Control15,Control16,Control17
554202,9355,5101;Control1,Control2,Control3,Control4,Control5,Control6,Control7,Control8,Control9,Control10,Control11,Control12,Control13,Control16,Control17
554202,3229,646024,105376041,387895;Control1,Control2,Control3,Control4,Control5,Control6,Control8,Control9,Control10,Control11,Control12,Control13,Control15,Control16,Control17
554202,5101;Control1,Control2,Control3,Control4,Control5,Control6,Control7,Control8,Control9,Control10,Control11,Control12,Control13,Control15,Control16,Control17
554202,7681,9355;Control1,Control2,Control3,Control4,Control5,Control6,Control7,Control8,Control9,Control10,Control11,Control12,Control13,Control16,Control17
554202,55655,646024,105376041,3229;Control1,Control2,Control3,Control4,Control5,Control6,Control8,Control9,Control10,Control11,Control12,Control13,Control15,Control16,Control17
554202,4318,5101,109729184;Control1,Control2,Control3,Control4,Control5,Control6,Control7,Control8,Control9,Control10,Control11,Control13,Control15,Control16,Control17
554202,3053,646024,105376041;Control1,Control2,Control3,Control4,Control5,Control6,Control8,Control9,Control10,Control11,Control12,Control13,Control15,Control16,Control17
554202,7477;Control1,Control2,Control3,Control4,Control5,Control6,Control7,Control8,Control9,Control10,Control11,Control13,Control15,Control16,Control17
554202,109729169;Control1,Control2,Control3,Control4,Control5,Control6,Control7,Control8,Control9,Control10,Control11,Control13,Control15,Control16,Control17
338376,102606463;Control1,Control2,Control3,Control4,Control5,Control6,Control7,Control8,Control9,Control10,Control11,Control12,Control13,Control16,Control17
100048912,10024;Control1,Control2,Control3,Control4,Control5,Control6,Control7,Control8,Control10,Control11,Control12,Control13,Control15,Control16,Control17
364,219527,116173,594855,6345;Control1,Control2,Control3,Control4,Control5,Control7,Control8,Control9,Control10,Control11,Control12,Control13,Control15,Control16,Control17
364,113218482;Control1,Control3,Control4,Control5,Control6,Control7,Control8,Control9,Control10,Control11,Control12,Control13,Control15,Control16,Control17
364,594855,113218482;Control1,Control2,Control3,Control4,Control6,Control7,Control8,Control9,Control10,Control11,Control12,Control13,Control15,Control16,Control17
364,105370953;Control1,Control2,Control3,Control4,Control5,Control6,Control8,Control9,Control10,Control11,Control12,Control13,Control15,Control16,Control17
364,284240;Control1,Control2,Control3,Control4,Control6,Control7,Control8,Control9,Control10,Control11,Control12,Control13,Control15,Control16,Control17
9833,983,3161,54443,55872,55165,51203;Control1,Control2,Control3,Control4,Control5,Control6,Control7,Control8,Control9,Control10,Control12,Control13,Control15,Control16,Control17
9833,55165,6241,3161,55872,51203;Control1,Control2,Control3,Control4,Control5,Control6,Control7,Control8,Control9,Control10,Control12,Control13,Control15,Control16,Control17
9833,9787,6241,79801;Control1,Control2,Control3,Control4,Control5,Control6,Control7,Control8,Control9,Control10,Control12,Control13,Control15,Control16,Control17
9833,332,6241,150468;Control1,Control2,Control3,Control4,Control5,Control6,Control7,Control8,Control9,Control10,Control11,Control12,Control15,Control16,Control17
9833,55723,6241;Control1,Control2,Control3,Control4,Control6,Control7,Control8,Control9,Control10,Control11,Control12,Control13,Control15,Control16,Control17
347252,27091;Control1,Control2,Control3,Control4,Control5,Control6,Control7,Control9,Control10,Control11,Control12,Control13,Control15,Control16,Control17
105376042,9355,7681;Control2,Control3,Control4,Control5,Control6,Control7,Control8,Control9,Control10,Control11,Control12,Control13,Control15,Control16,Control17
105376042,103695435,7681;Control1,Control2,Control3,Control4,Control5,Control6,Control7,Control8,Control9,Control10,Control11,Control12,Control13,Control15,Control16,Control17
105376042,339256;Control1,Control2,Control3,Control4,Control5,Control6,Control8,Control9,Control10,Control11,Control12,Control13,Control15,Control16,Control17
105376042,101060400,103695435,7681;Control1,Control2,Control3,Control4,Control5,Control6,Control7,Control8,Control10,Control11,Control12,Control13,Control15,Control16,Control17
105376042,102606463,4283,147741;Control1,Control2,Control3,Control4,Control5,Control6,Control8,Control9,Control10,Control11,Control12,Control13,Control15,Control16,Control17
105376042,107985436,103695435,7681;Control1,Control2,Control3,Control4,Control6,Control7,Control8,Control9,Control10,Control11,Control12,Control13,Control15,Control16,Control17
253650,101101772;Control1,Control2,Control3,Control4,Control5,Control6,Control7,Control8,Control9,Control10,Control11,Control13,Control15,Control16,Control17
253650,10993;Control1,Control2,Control3,Control4,Control5,Control6,Control7,Control8,Control9,Control11,Control12,Control13,Control15,Control16,Control17
253650,9388,112268037,2277;Control1,Control2,Control3,Control4,Control5,Control6,Control7,Control8,Control9,Control10,Control11,Control12,Control13,Control15,Control16,Control17
112268037,79056,51361,105374166,340273,158228,143662,100506411,654499,54101;Control1,Control2,Control3,Control4,Control5,Control6,Control8,Control9,Control10,Control11,Control12,Control13,Control15,Control16,Control17
112268037,7546,51361,81849,340273,253650,158228,143662,100506411,654499,101927355;Control2,Control3,Control4,Control5,Control6,Control7,Control8,Control9,Control10,Control11,Control12,Control13,Control15,Control16,Control17
112268037,2277,51361,340273,253650,158228,143662,100506411,654499,101927355;Control1,Control2,Control3,Control4,Control5,Control6,Control7,Control8,Control9,Control10,Control11,Control12,Control13,Control15,Control16,Control17
9355,7681;Control1,Control2,Control3,Control4,Control5,Control6,Control7,Control8,Control9,Control10,Control11,Control12,Control13,Control15,Control16,Control17
9355,101060400,7681;Control1,Control2,Control3,Control4,Control5,Control6,Control7,Control8,Control10,Control11,Control12,Control13,Control15,Control16,Control17
9355,9388,51361,340273,253650,158228,112268037,100506411,654499,101927355;Control1,Control2,Control3,Control4,Control5,Control6,Control8,Control9,Control10,Control11,Control12,Control13,Control15,Control16,Control17
9355,101927355,51361,340273,253650,158228,112268037,143662,100506411,654499,54101,2277;Control1,Control2,Control3,Control4,Control5,Control6,Control8,Control9,Control10,Control11,Control12,Control13,Control15,Control16,Control17
9355,107985436,7681;Control1,Control2,Control3,Control4,Control6,Control7,Control8,Control9,Control10,Control11,Control12,Control13,Control15,Control16,Control17
29991,105378305;Control1,Control2,Control3,Control4,Control5,Control6,Control7,Control8,Control9,Control10,Control11,Control12,Control13,Control16,Control17
29991,79191,89886,168002,1995;Control1,Control2,Control3,Control4,Control5,Control6,Control7,Control8,Control9,Control11,Control12,Control13,Control15,Control16,Control17
29991,10481;Control1,Control2,Control3,Control4,Control5,Control6,Control7,Control8,Control9,Control10,Control11,Control12,Control13,Control15,Control16,Control17
29991,25818;Control1,Control2,Control3,Control4,Control5,Control6,Control7,Control8,Control9,Control10,Control11,Control13,Control15,Control16,Control17
89958,10024,4605;Control1,Control2,Control3,Control4,Control5,Control6,Control7,Control8,Control9,Control10,Control11,Control13,Control15,Control16,Control17
89958,4605;Control1,Control2,Control3,Control4,Control5,Control6,Control7,Control8,Control9,Control10,Control11,Control12,Control13,Control15,Control16,Control17
55388,983,7153,29128;Control1,Control2,Control3,Control4,Control5,Control6,Control7,Control8,Control9,Control10,Control12,Control13,Control15,Control16,Control17
55388,9768,29128;Control1,Control2,Control3,Control4,Control5,Control6,Control7,Control8,Control9,Control10,Control12,Control13,Control15,Control16,Control17
283078,64843,148645,56203,3670,345643,5307,105375894,1690,100506071,106481742,8471;Control1,Control2,Control3,Control4,Control5,Control6,Control7,Control8,Control10,Control11,Control12,Control13,Control15,Control16,Control17
105378305,4318,89886,168002,79191,109729184,7477;Control1,Control2,Control3,Control4,Control5,Control7,Control8,Control9,Control10,Control11,Control12,Control13,Control15,Control16,Control17
105378305,7477,89886,168002,79191,1995;Control1,Control2,Control3,Control5,Control6,Control7,Control8,Control9,Control10,Control11,Control12,Control13,Control15,Control16,Control17
11130,3832,55635,983,7153;Control1,Control2,Control3,Control5,Control6,Control7,Control8,Control9,Control10,Control11,Control12,Control13,Control15,Control16,Control17
11130,100288637,23397,3161,7272;Control1,Control2,Control3,Control5,Control6,Control7,Control8,Control9,Control10,Control11,Control12,Control13,Control15,Control16,Control17
983,9787,6241,54443,55872,55165,51203,100507118,7153;Control1,Control2,Control3,Control4,Control5,Control6,Control7,Control8,Control9,Control10,Control11,Control12,Control13,Control15,Control16
983,100507118,3161,55872,55165,7153,29128,24137;Control1,Control2,Control3,Control4,Control5,Control6,Control7,Control8,Control9,Control10,Control11,Control12,Control13,Control15,Control16,Control17
983,29128,3161,55872,55165,51203,7153;Control1,Control2,Control3,Control4,Control5,Control6,Control7,Control8,Control9,Control10,Control11,Control12,Control13,Control15,Control16,Control17
6865,27091;Control1,Control2,Control3,Control4,Control6,Control7,Control8,Control9,Control10,Control11,Control12,Control13,Control15,Control16,Control17
3832,51203,54443,55872,983,55165,9055,7153;Control1,Control2,Control3,Control4,Control5,Control6,Control7,Control9,Control10,Control11,Control12,Control13,Control15,Control16,Control17
3832,24137,3161,983,55165,51203,7153;Control1,Control2,Control3,Control4,Control5,Control6,Control7,Control8,Control9,Control10,Control11,Control12,Control13,Control15,Control16
55165,9768,7153,29128;Control1,Control3,Control4,Control5,Control6,Control7,Control8,Control9,Control10,Control11,Control12,Control13,Control15,Control16,Control17
55165,332,1063,6241,150468,9787,100507118;Control1,Control2,Control3,Control4,Control5,Control6,Control7,Control8,Control9,Control10,Control11,Control12,Control15,Control16,Control17
55165,220134,6241,55355,64151,221150,24137;Control1,Control3,Control4,Control5,Control6,Control7,Control8,Control9,Control10,Control11,Control12,Control13,Control15,Control16,Control17
101927760,53820,111216286;Control1,Control2,Control3,Control4,Control5,Control6,Control7,Control8,Control9,Control10,Control11,Control12,Control13,Control15,Control16,Control17
2834,5354;Control1,Control3,Control4,Control5,Control6,Control7,Control8,Control9,Control10,Control11,Control12,Control13,Control15,Control16,Control17
101101772,9388;Control1,Control2,Control3,Control4,Control5,Control6,Control8,Control9,Control10,Control11,Control12,Control13,Control15,Control16,Control17
101101772,101927355;Control1,Control2,Control3,Control4,Control5,Control6,Control7,Control8,Control9,Control10,Control11,Control12,Control13,Control16,Control17
4288,220134,128239,55355;Control1,Control2,Control3,Control4,Control5,Control6,Control7,Control8,Control9,Control10,Control11,Control12,Control13,Control15,Control16
102724784,1813,105371737,107985627;Control1,Control2,Control3,Control4,Control5,Control6,Control7,Control8,Control9,Control10,Control11,Control12,Control15,Control16,Control17
102724784,112802,3881;Control1,Control2,Control3,Control4,Control5,Control6,Control7,Control8,Control9,Control11,Control12,Control13,Control15,Control16,Control17
102724784,338797,105375027,338667;Control1,Control2,Control3,Control4,Control5,Control6,Control7,Control8,Control10,Control11,Control12,Control13,Control15,Control16,Control17
102724784,103689845,105375027,338667;Control1,Control2,Control3,Control4,Control5,Control6,Control7,Control8,Control9,Control10,Control11,Control12,Control13,Control16,Control17
102724784,3881,105375027,338667;Control1,Control2,Control3,Control4,Control5,Control6,Control7,Control8,Control9,Control11,Control12,Control13,Control15,Control16,Control17
102724784,111216286,105375027,338667;Control1,Control2,Control3,Control4,Control5,Control7,Control8,Control9,Control10,Control11,Control12,Control13,Control15,Control16,Control17
79733,81624,101929707;Control1,Control2,Control3,Control4,Control5,Control6,Control8,Control9,Control10,Control11,Control12,Control13,Control15,Control16,Control17
8424,105369685;Control1,Control2,Control3,Control4,Control5,Control6,Control7,Control8,Control9,Control10,Control12,Control13,Control15,Control16,Control17
8424,647946;Control1,Control2,Control3,Control4,Control5,Control6,Control7,Control8,Control9,Control11,Control12,Control13,Control15,Control16,Control17
103695435,5100,7681;Control1,Control2,Control3,Control4,Control5,Control6,Control7,Control8,Control9,Control10,Control11,Control12,Control13,Control16,Control17
79056,7546,51361,105374166,340273,158228,143662,100506411,654499,101927355,54101;Control2,Control3,Control4,Control5,Control6,Control7,Control8,Control9,Control10,Control11,Control12,Control13,Control15,Control16,Control17
79056,970,51361,105374166,340273,158228,143662,100506411,654499,54101;Control1,Control3,Control4,Control5,Control6,Control7,Control8,Control9,Control10,Control11,Control12,Control13,Control15,Control16,Control17
219527,7681,5865,6716,166979,4544,116173,6345,107985436;Control1,Control2,Control3,Control4,Control5,Control6,Control8,Control9,Control10,Control11,Control12,Control13,Control15,Control16,Control17
219527,6345,5865,6716,1047,166979,4544;Control2,Control3,Control4,Control5,Control6,Control7,Control8,Control9,Control10,Control11,Control12,Control13,Control15,Control16,Control17
219527,105371152,5865,6716,28946,166979,4544;Control1,Control2,Control3,Control4,Control5,Control6,Control7,Control8,Control9,Control11,Control12,Control13,Control15,Control16,Control17
219970,122042;Control1,Control2,Control3,Control4,Control5,Control7,Control8,Control9,Control10,Control11,Control12,Control13,Control15,Control16,Control17
105369315,55867;Control1,Control2,Control3,Control4,Control5,Control6,Control7,Control8,Control9,Control10,Control11,Control12,Control13,Control15,Control16,Control17
374393,55723;Control1,Control2,Control3,Control4,Control5,Control6,Control7,Control8,Control9,Control10,Control11,Control12,Control13,Control15,Control16
113130,10615,991,4288;Control1,Control2,Control3,Control4,Control5,Control6,Control7,Control8,Control9,Control10,Control11,Control12,Control13,Control15,Control17
113130,332,259266,55355,9787,146909;Control1,Control2,Control3,Control4,Control5,Control6,Control7,Control8,Control9,Control10,Control11,Control12,Control13,Control15,Control17
113130,22974,991,259266,9232,4288,9787,9133,9212;Control1,Control2,Control3,Control5,Control6,Control7,Control8,Control9,Control10,Control11,Control12,Control13,Control15,Control16,Control17
113130,11065,991,259266,1063,9787;Control1,Control2,Control3,Control4,Control6,Control7,Control8,Control9,Control10,Control11,Control12,Control13,Control15,Control16,Control17
113130,8318;Control1,Control2,Control3,Control4,Control5,Control6,Control7,Control8,Control10,Control11,Control12,Control13,Control15,Control16,Control17
1813,338667;Control1,Control2,Control3,Control4,Control5,Control6,Control7,Control8,Control9,Control10,Control11,Control12,Control15,Control16,Control17
1813,105371737;Control1,Control2,Control3,Control4,Control5,Control6,Control7,Control8,Control9,Control10,Control11,Control12,Control13,Control15,Control16,Control17
338667,105371050,105375027;Control2,Control3,Control4,Control5,Control6,Control7,Control8,Control9,Control10,Control11,Control12,Control13,Control15,Control16,Control17
112937,400618,110806280;Control1,Control2,Control3,Control4,Control5,Control6,Control7,Control8,Control9,Control10,Control11,Control12,Control15,Control16,Control17
112937,110806280;Control1,Control2,Control3,Control4,Control5,Control6,Control7,Control8,Control9,Control10,Control11,Control12,Control13,Control15,Control16,Control17
112937,349408;Control1,Control2,Control3,Control4,Control5,Control6,Control7,Control8,Control9,Control10,Control11,Control13,Control15,Control16,Control17
112937,729447,3664,102723547;Control1,Control2,Control3,Control4,Control5,Control6,Control7,Control8,Control9,Control10,Control11,Control12,Control13,Control15,Control17
112937,158511;Control1,Control2,Control3,Control4,Control5,Control6,Control7,Control8,Control9,Control10,Control11,Control12,Control13,Control15,Control16,Control17
2305,55771;Control1,Control2,Control3,Control4,Control5,Control6,Control7,Control9,Control10,Control11,Control12,Control13,Control15,Control16,Control17
2305,8318;Control1,Control2,Control3,Control4,Control5,Control7,Control8,Control9,Control10,Control11,Control12,Control13,Control15,Control16,Control17
4973,5265;Control2,Control3,Control4,Control5,Control6,Control7,Control8,Control9,Control10,Control11,Control12,Control13,Control15,Control16,Control17
4973,105373150;Control1,Control2,Control4,Control5,Control6,Control7,Control8,Control9,Control10,Control11,Control12,Control13,Control15,Control16,Control17
4973,8471;Control1,Control2,Control4,Control5,Control6,Control7,Control8,Control9,Control10,Control11,Control12,Control13,Control15,Control16,Control17
107984129,79191,168002,1995,4318,109729184;Control1,Control2,Control3,Control4,Control5,Control6,Control8,Control9,Control10,Control11,Control12,Control13,Control15,Control16,Control17
107984129,349408,89886,168002,79191,1995;Control1,Control2,Control3,Control4,Control5,Control6,Control7,Control8,Control9,Control10,Control11,Control12,Control13,Control15,Control16
105369685,647946;Control1,Control2,Control3,Control4,Control5,Control6,Control7,Control8,Control9,Control10,Control11,Control12,Control13,Control15,Control16,Control17
10024,4605;Control1,Control2,Control3,Control4,Control5,Control6,Control7,Control8,Control9,Control10,Control11,Control12,Control13,Control15,Control16,Control17
112802,3881;Control1,Control2,Control3,Control4,Control5,Control6,Control7,Control8,Control9,Control10,Control11,Control12,Control13,Control15,Control16,Control17
3856,354,28946;Control1,Control2,Control3,Control4,Control5,Control7,Control8,Control9,Control10,Control11,Control12,Control13,Control15,Control16,Control17
113218482,105371152,28946;Control1,Control2,Control3,Control4,Control5,Control7,Control8,Control9,Control10,Control11,Control12,Control13,Control15,Control16,Control17
113218482,284240,56896;Control1,Control2,Control3,Control4,Control5,Control6,Control8,Control9,Control10,Control11,Control12,Control13,Control15,Control16,Control17
9700,107985017,3833;Control1,Control2,Control3,Control4,Control5,Control6,Control7,Control8,Control9,Control10,Control11,Control12,Control13,Control15,Control17
9700,9212,991,128239,3833,4288;Control1,Control2,Control3,Control4,Control5,Control6,Control7,Control9,Control10,Control11,Control12,Control13,Control15,Control16,Control17
3229,387978,284958,646024,105376041,115701;Control1,Control2,Control3,Control4,Control5,Control6,Control7,Control8,Control10,Control11,Control12,Control13,Control15,Control16,Control17
3229,4496,387895;Control1,Control2,Control3,Control4,Control5,Control6,Control7,Control8,Control9,Control10,Control11,Control12,Control13,Control15,Control16,Control17
3229,3053,646024,105376041,387895;Control1,Control2,Control3,Control4,Control6,Control7,Control8,Control9,Control10,Control11,Control12,Control13,Control15,Control16,Control17
3227,100126311;Control1,Control2,Control3,Control4,Control5,Control6,Control7,Control8,Control9,Control10,Control11,Control12,Control13,Control15,Control17
3227,5653,389336,5650;Control1,Control2,Control3,Control4,Control5,Control6,Control7,Control8,Control9,Control10,Control12,Control13,Control15,Control16,Control17
3227,5650,389336,1749,5653;Control1,Control2,Control3,Control4,Control5,Control6,Control7,Control8,Control9,Control10,Control11,Control12,Control13,Control16,Control17
8549,103689845;Control1,Control2,Control3,Control4,Control5,Control6,Control8,Control9,Control10,Control11,Control12,Control13,Control15,Control16,Control17
8549,5101;Control1,Control2,Control3,Control5,Control6,Control7,Control8,Control9,Control10,Control11,Control12,Control13,Control15,Control16,Control17
144455,220134,4001;Control1,Control2,Control3,Control4,Control5,Control6,Control7,Control8,Control9,Control10,Control11,Control12,Control13,Control15,Control16
387895,387978,105377508,646024,105376041;Control1,Control2,Control3,Control4,Control5,Control6,Control7,Control8,Control10,Control11,Control12,Control13,Control15,Control16,Control17
387895,6362,4496;Control1,Control2,Control4,Control5,Control6,Control7,Control8,Control9,Control10,Control11,Control12,Control13,Control15,Control16,Control17
338797,3881;Control1,Control2,Control3,Control4,Control5,Control6,Control7,Control8,Control10,Control11,Control12,Control13,Control15,Control16,Control17
221150,9787,6241,55355,24137;Control1,Control2,Control3,Control4,Control5,Control6,Control7,Control8,Control9,Control10,Control11,Control12,Control13,Control15,Control16,Control17
221150,57082,9928,56992;Control1,Control2,Control3,Control4,Control5,Control6,Control7,Control8,Control9,Control10,Control11,Control12,Control13,Control15,Control16
221150,9055,3161,55872,100507118,29128;Control1,Control2,Control3,Control4,Control5,Control6,Control7,Control8,Control9,Control10,Control11,Control12,Control13,Control15,Control16,Control17
221150,201299;Control1,Control2,Control3,Control4,Control5,Control7,Control8,Control9,Control10,Control11,Control12,Control13,Control15,Control16,Control17
221150,55723,11065;Control1,Control2,Control3,Control4,Control5,Control6,Control7,Control8,Control10,Control11,Control12,Control13,Control15,Control16,Control17
221150,11065;Control1,Control2,Control3,Control4,Control5,Control6,Control7,Control8,Control9,Control10,Control11,Control12,Control13,Control15,Control16,Control17
221150,389903,56992,9055;Control1,Control3,Control4,Control5,Control6,Control7,Control8,Control9,Control10,Control11,Control12,Control13,Control15,Control16,Control17
2835,7546,366;Control1,Control2,Control3,Control4,Control5,Control6,Control7,Control8,Control9,Control10,Control11,Control12,Control15,Control16,Control17
122042,7681,860;Control1,Control2,Control3,Control4,Control5,Control6,Control7,Control8,Control9,Control10,Control11,Control12,Control13,Control16,Control17
122042,9388,860;Control1,Control2,Control3,Control5,Control6,Control7,Control8,Control9,Control10,Control11,Control12,Control13,Control15,Control16,Control17
103689845,3881,6273;Control1,Control2,Control3,Control4,Control5,Control6,Control7,Control8,Control9,Control10,Control11,Control12,Control13,Control16,Control17
103689845,55655,646024,105376041;Control1,Control2,Control3,Control4,Control5,Control6,Control7,Control8,Control9,Control10,Control11,Control12,Control15,Control16,Control17
103689845,107985627,105375027,102724784;Control1,Control2,Control3,Control4,Control5,Control6,Control7,Control8,Control9,Control10,Control11,Control12,Control13,Control16,Control17
5100,107985436;Control1,Control2,Control3,Control4,Control5,Control6,Control7,Control8,Control9,Control10,Control11,Control12,Control13,Control16,Control17
5100,3053;Control1,Control2,Control3,Control4,Control5,Control6,Control8,Control9,Control10,Control11,Control12,Control13,Control15,Control16,Control17
81624,101929707;Control1,Control2,Control3,Control4,Control5,Control6,Control7,Control8,Control9,Control10,Control11,Control12,Control13,Control15,Control16,Control17
7546,366;Control1,Control2,Control3,Control4,Control5,Control6,Control7,Control8,Control9,Control10,Control11,Control12,Control13,Control15,Control16,Control17
7546,339256;Control1,Control2,Control3,Control5,Control6,Control7,Control8,Control9,Control10,Control11,Control12,Control13,Control15,Control16,Control17
7546,102606463,4283,147741;Control1,Control2,Control3,Control5,Control6,Control7,Control8,Control9,Control10,Control11,Control12,Control13,Control15,Control16,Control17
7546,970,51361,105374166,340273,158228,143662,100506411,654499,54101;Control2,Control3,Control4,Control5,Control6,Control7,Control8,Control9,Control10,Control11,Control12,Control13,Control15,Control16,Control17
7546,2277,51361,23286,340273,100289137,253650,158228,143662,6495,100506411,654499,101927355,54101;Control2,Control3,Control4,Control5,Control6,Control7,Control8,Control9,Control10,Control11,Control12,Control13,Control15,Control16,Control17
116173,594855,5865,6716,166979,4544,6345;Control1,Control2,Control3,Control4,Control5,Control6,Control7,Control8,Control9,Control10,Control11,Control12,Control13,Control15,Control16,Control17
387978,55655,646024,105376041,3229,115701;Control1,Control2,Control3,Control4,Control5,Control6,Control7,Control8,Control10,Control11,Control12,Control13,Control15,Control16,Control17
387978,3053,646024,105376041;Control1,Control2,Control3,Control4,Control5,Control6,Control7,Control8,Control10,Control11,Control12,Control13,Control15,Control16,Control17
5083,101060400;Control1,Control2,Control3,Control4,Control5,Control6,Control7,Control8,Control9,Control10,Control11,Control12,Control13,Control15,Control16,Control17
9787,100507118,1063,6241,24137;Control1,Control2,Control3,Control4,Control5,Control6,Control7,Control8,Control9,Control10,Control11,Control12,Control13,Control15,Control16,Control17
6495,64843;Control1,Control2,Control3,Control5,Control6,Control7,Control8,Control9,Control10,Control11,Control12,Control13,Control15,Control16,Control17
5265,10437;Control1,Control2,Control3,Control4,Control5,Control6,Control7,Control8,Control9,Control10,Control11,Control12,Control13,Control15,Control16,Control17
5265,5653;Control1,Control2,Control3,Control4,Control5,Control6,Control7,Control8,Control9,Control10,Control11,Control13,Control15,Control16,Control17
91828,107985017;Control1,Control2,Control3,Control4,Control5,Control6,Control7,Control8,Control10,Control11,Control12,Control13,Control15,Control16,Control17
3502,284293;Control1,Control2,Control3,Control4,Control5,Control6,Control7,Control9,Control10,Control11,Control12,Control13,Control15,Control16,Control17
3502,105373150,58,134285,285987,4004,25818,5653,5650,28809,729442;Control1,Control2,Control4,Control5,Control6,Control7,Control8,Control9,Control10,Control11,Control12,Control13,Control15,Control16,Control17
338005,50615;Control1,Control2,Control3,Control4,Control5,Control6,Control7,Control8,Control9,Control10,Control11,Control12,Control13,Control15,Control16,Control17
7681,594855,5865,6716,1047,166979,4544,6345,107985436;Control1,Control2,Control3,Control4,Control5,Control6,Control8,Control9,Control10,Control11,Control12,Control13,Control15,Control16,Control17
100288637,7153,55247,3161;Control1,Control2,Control3,Control4,Control5,Control6,Control7,Control8,Control9,Control11,Control12,Control13,Control15,Control16,Control17
100288637,29128,3161,7153;Control1,Control2,Control3,Control4,Control5,Control6,Control7,Control8,Control9,Control11,Control12,Control13,Control15,Control16,Control17
9824,51203,3161,54443,55872,983,55165,7153;Control1,Control2,Control4,Control5,Control6,Control7,Control8,Control9,Control10,Control11,Control12,Control13,Control15,Control16,Control17
9824,83903,54443;Control1,Control2,Control3,Control4,Control5,Control6,Control7,Control8,Control9,Control10,Control11,Control12,Control13,Control15,Control16
701,6345;Control1,Control2,Control3,Control4,Control6,Control7,Control8,Control9,Control10,Control11,Control12,Control13,Control15,Control16,Control17
107984763,89858;Control1,Control2,Control3,Control4,Control5,Control6,Control7,Control8,Control9,Control10,Control11,Control12,Control15,Control16,Control17
107984763,102723547;Control1,Control2,Control3,Control4,Control5,Control7,Control8,Control9,Control10,Control11,Control12,Control13,Control15,Control16,Control17
57082,51203,64151,54443,55165,7153,29128;Control1,Control3,Control4,Control5,Control6,Control7,Control8,Control9,Control10,Control11,Control12,Control13,Control15,Control16,Control17
57082,9768,29128;Control2,Control3,Control4,Control5,Control6,Control7,Control8,Control9,Control10,Control11,Control12,Control13,Control15,Control16,Control17
57082,220134,55355,64151,29128;Control1,Control2,Control3,Control4,Control5,Control6,Control7,Control8,Control9,Control10,Control11,Control12,Control13,Control15,Control16
57082,24137,6241,55355,64151,55165,7153,29128;Control1,Control2,Control3,Control4,Control5,Control6,Control7,Control8,Control9,Control10,Control11,Control12,Control13,Control15,Control16
51203,9493,3161,54443,983,55165,9824;Control1,Control2,Control4,Control5,Control6,Control7,Control8,Control9,Control10,Control11,Control12,Control13,Control15,Control16,Control17
51203,79801,6241,55872;Control1,Control2,Control3,Control4,Control5,Control6,Control7,Control8,Control9,Control10,Control11,Control12,Control13,Control15,Control16,Control17
51203,220134,64151,54443,55165,29128;Control1,Control3,Control4,Control5,Control6,Control7,Control8,Control9,Control10,Control11,Control12,Control13,Control15,Control16,Control17
84419,100126311;Control1,Control2,Control3,Control4,Control5,Control6,Control7,Control8,Control10,Control11,Control12,Control13,Control15,Control16,Control17
366,2277,51361,23286,340273,100289137,158228,143662,7546,6495,100506411,654499,101927355,54101;Control2,Control3,Control4,Control5,Control6,Control7,Control8,Control9,Control10,Control11,Control12,Control13,Control15,Control16,Control17
9133,79801,259266,9787;Control1,Control2,Control3,Control4,Control5,Control6,Control7,Control8,Control9,Control10,Control11,Control12,Control13,Control15,Control16,Control17
9133,146909,991,259266,9232,4288,113130,9787,9212;Control1,Control2,Control3,Control4,Control5,Control6,Control7,Control8,Control9,Control10,Control12,Control13,Control15,Control16,Control17
9133,24137,259266,1063,6241,55355,9787,332;Control1,Control2,Control3,Control4,Control5,Control6,Control7,Control8,Control9,Control10,Control11,Control12,Control13,Control16,Control17
9768,29128;Control1,Control2,Control3,Control4,Control5,Control6,Control7,Control8,Control9,Control10,Control11,Control12,Control13,Control15,Control16,Control17
9493,9055,4751,3161,54443,55165;Control1,Control2,Control4,Control5,Control6,Control7,Control8,Control9,Control10,Control11,Control12,Control13,Control15,Control16,Control17
9493,83903,54443,9824;Control1,Control2,Control3,Control4,Control5,Control6,Control7,Control8,Control9,Control10,Control11,Control12,Control15,Control16,Control17
594855,105370953;Control1,Control2,Control3,Control4,Control5,Control6,Control8,Control9,Control10,Control11,Control12,Control13,Control15,Control16,Control17
594855,28809,28946,3512,1047;Control1,Control2,Control3,Control4,Control5,Control6,Control7,Control8,Control9,Control11,Control12,Control13,Control15,Control16,Control17
64843,105372115,6664,27299,2625,387978,389903;Control1,Control2,Control4,Control5,Control6,Control7,Control8,Control9,Control10,Control11,Control12,Control13,Control15,Control16,Control17
105370953,107985436;Control1,Control2,Control3,Control4,Control5,Control7,Control8,Control9,Control10,Control11,Control12,Control13,Control15,Control16,Control17
145873,284293;Control1,Control2,Control3,Control4,Control5,Control6,Control7,Control8,Control10,Control11,Control12,Control13,Control15,Control16,Control17
9055,220134,221150,100507118,29128;Control1,Control2,Control3,Control4,Control5,Control6,Control7,Control8,Control9,Control10,Control11,Control12,Control13,Control15,Control17
100507118,79801,1063,6241,55872;Control1,Control2,Control3,Control5,Control6,Control7,Control8,Control9,Control10,Control11,Control12,Control13,Control15,Control16,Control17
100507118,220134,55355,221150,9787,24137;Control1,Control2,Control3,Control4,Control5,Control6,Control7,Control8,Control9,Control10,Control11,Control12,Control13,Control15,Control17
100507118,22974,1063,6241,9787,79801;Control1,Control2,Control3,Control5,Control6,Control7,Control8,Control9,Control10,Control11,Control12,Control13,Control15,Control16,Control17
100507118,11065,1063,6241,221150,9787,24137;Control1,Control2,Control3,Control4,Control6,Control7,Control8,Control9,Control10,Control11,Control12,Control13,Control15,Control16,Control17
10942,105371737,53836;Control1,Control2,Control3,Control4,Control6,Control7,Control8,Control9,Control10,Control11,Control12,Control13,Control15,Control16,Control17
9956,55655,646024,105376041;Control1,Control2,Control3,Control4,Control5,Control6,Control7,Control9,Control10,Control11,Control12,Control13,Control15,Control16,Control17
5347,11065;Control1,Control2,Control3,Control4,Control5,Control7,Control8,Control9,Control10,Control11,Control12,Control13,Control15,Control16,Control17
100506655,339256,4283,23532;Control1,Control2,Control3,Control4,Control5,Control6,Control7,Control8,Control10,Control11,Control12,Control13,Control15,Control16,Control17
100506655,101060400,23532;Control2,Control3,Control4,Control5,Control6,Control7,Control8,Control9,Control10,Control11,Control12,Control13,Control15,Control16,Control17
100506655,389903,6664,2625,387978,105372115;Control2,Control3,Control4,Control5,Control6,Control7,Control8,Control9,Control10,Control11,Control12,Control13,Control15,Control16,Control17
105371152,107985436;Control1,Control2,Control3,Control4,Control5,Control6,Control7,Control8,Control9,Control11,Control12,Control13,Control15,Control16,Control17
79801,7153,3161,55872,983,55165,51203,29128;Control1,Control2,Control3,Control4,Control5,Control6,Control7,Control9,Control10,Control11,Control12,Control13,Control15,Control16,Control17
79801,146909,259266,1063,6241,9787;Control1,Control2,Control3,Control4,Control5,Control6,Control7,Control8,Control9,Control10,Control11,Control12,Control13,Control15,Control17
79801,29128,55355,55165,9787,24137;Control1,Control2,Control3,Control4,Control5,Control6,Control7,Control9,Control10,Control11,Control12,Control13,Control15,Control16,Control17
79801,24137,259266,1063,6241,55355,9787;Control1,Control2,Control3,Control4,Control5,Control6,Control7,Control9,Control10,Control11,Control12,Control13,Control15,Control16,Control17
79191,10481;Control1,Control2,Control3,Control4,Control5,Control6,Control7,Control8,Control9,Control10,Control11,Control12,Control13,Control16,Control17
4496,115701,3229,387895;Control1,Control2,Control3,Control4,Control5,Control6,Control7,Control8,Control9,Control11,Control12,Control13,Control15,Control16,Control17
107985017,146909;Control1,Control2,Control3,Control4,Control5,Control6,Control7,Control8,Control9,Control10,Control11,Control12,Control13,Control15,Control16,Control17
54478,201299;Control1,Control2,Control3,Control4,Control5,Control6,Control7,Control9,Control10,Control11,Control12,Control13,Control15,Control16,Control17
9212,8318,128239;Control1,Control2,Control3,Control4,Control5,Control6,Control7,Control8,Control9,Control10,Control11,Control12,Control15,Control16,Control17
9212,24137,259266,6241,55355,9787;Control1,Control2,Control3,Control4,Control5,Control6,Control7,Control8,Control9,Control10,Control11,Control12,Control13,Control15,Control16,Control17
9955,3053;Control1,Control3,Control4,Control5,Control6,Control7,Control8,Control9,Control10,Control11,Control12,Control13,Control15,Control16,Control17
10615,220134,259266,4288;Control1,Control2,Control3,Control4,Control5,Control6,Control7,Control8,Control9,Control10,Control11,Control12,Control15,Control16,Control17
10615,11065,991,259266,4288;Control1,Control2,Control3,Control4,Control6,Control7,Control8,Control9,Control10,Control11,Control12,Control13,Control15,Control16,Control17
146909,22974,991,9232,4288,113130,9787,9212;Control1,Control2,Control3,Control5,Control6,Control7,Control8,Control9,Control10,Control11,Control12,Control13,Control15,Control16,Control17
101060400,389903,6664,27299,2625,387978,105372115;Control1,Control2,Control3,Control4,Control5,Control6,Control8,Control9,Control10,Control11,Control12,Control13,Control15,Control16,Control17
55771,332,8318;Control1,Control3,Control4,Control5,Control6,Control7,Control8,Control9,Control10,Control11,Control12,Control13,Control15,Control16,Control17
55771,4605;Control1,Control2,Control3,Control4,Control5,Control6,Control7,Control9,Control10,Control11,Control12,Control13,Control15,Control16,Control17
55771,8318;Control1,Control2,Control3,Control4,Control5,Control6,Control7,Control8,Control9,Control10,Control11,Control12,Control13,Control15,Control16,Control17
400618,110806280;Control1,Control2,Control3,Control4,Control5,Control6,Control7,Control8,Control9,Control10,Control11,Control12,Control13,Control15,Control16,Control17
332,147841;Control1,Control2,Control3,Control5,Control6,Control7,Control8,Control9,Control10,Control11,Control12,Control13,Control15,Control16,Control17
332,55723,1063,6241,9787;Control1,Control2,Control3,Control4,Control6,Control7,Control8,Control9,Control10,Control11,Control12,Control13,Control15,Control16,Control17
332,22974,259266,1063,6241,9787;Control1,Control2,Control3,Control5,Control6,Control7,Control8,Control9,Control10,Control11,Control12,Control13,Control15,Control16,Control17
647946,1630,171019;Control1,Control2,Control3,Control4,Control5,Control6,Control7,Control8,Control9,Control11,Control12,Control13,Control15,Control16,Control17
6860,107985513;Control1,Control2,Control3,Control4,Control5,Control6,Control7,Control8,Control9,Control10,Control11,Control12,Control13,Control15,Control16,Control17
6860,113730,107985513;Control1,Control2,Control3,Control4,Control5,Control6,Control7,Control8,Control10,Control11,Control12,Control13,Control15,Control16,Control17
220134,11065,128239,259266,55355,4288,9787;Control1,Control2,Control3,Control4,Control6,Control7,Control8,Control9,Control10,Control11,Control12,Control13,Control15,Control16,Control17
220134,24137,259266,55355;Control1,Control2,Control3,Control4,Control5,Control6,Control7,Control8,Control9,Control10,Control11,Control12,Control13,Control15,Control16,Control17
220134,389903;Control1,Control2,Control3,Control4,Control5,Control6,Control7,Control8,Control9,Control10,Control11,Control12,Control13,Control15,Control17
284240,9758,56896;Control1,Control2,Control4,Control5,Control6,Control7,Control8,Control9,Control10,Control11,Control12,Control13,Control15,Control16,Control17
970,101927355,51361,105374166,23286,340273,100289137,158228,143662,6495,100506411,654499,54101;Control1,Control2,Control3,Control4,Control5,Control7,Control8,Control9,Control10,Control11,Control12,Control13,Control15,Control16,Control17
970,2277,51361,105374166,23286,340273,100289137,158228,143662,100506411,654499,101927355,54101;Control1,Control2,Control3,Control4,Control5,Control7,Control8,Control9,Control10,Control11,Control12,Control13,Control15,Control16,Control17
147841,8318;Control1,Control2,Control3,Control5,Control6,Control7,Control8,Control9,Control10,Control11,Control12,Control13,Control15,Control16,Control17
55723,11065;Control1,Control2,Control3,Control4,Control5,Control6,Control7,Control8,Control9,Control10,Control11,Control12,Control13,Control15,Control16,Control17
10437,55655;Control1,Control2,Control3,Control4,Control5,Control6,Control7,Control8,Control9,Control10,Control11,Control12,Control13,Control16,Control17
3783,9582;Control1,Control2,Control3,Control4,Control5,Control6,Control7,Control8,Control10,Control11,Control12,Control13,Control15,Control16,Control17
3783,729447;Control1,Control2,Control3,Control4,Control5,Control6,Control7,Control8,Control9,Control10,Control11,Control12,Control13,Control15,Control16,Control17
3783,102723547,729447;Control1,Control2,Control3,Control4,Control5,Control7,Control8,Control9,Control10,Control11,Control12,Control13,Control15,Control16,Control17
3783,389903,729447,102723547;Control1,Control2,Control3,Control4,Control5,Control6,Control7,Control8,Control10,Control11,Control12,Control13,Control15,Control16,Control17
100533990,7477,344,57167;Control1,Control2,Control3,Control4,Control6,Control7,Control8,Control9,Control10,Control11,Control12,Control13,Control15,Control16,Control17
100533990,109729169,5798;Control1,Control2,Control3,Control4,Control5,Control6,Control7,Control8,Control9,Control10,Control11,Control12,Control13,Control15,Control16,Control17
344,109729184,5798,4318;Control1,Control2,Control3,Control4,Control5,Control6,Control8,Control9,Control10,Control11,Control12,Control13,Control15,Control16,Control17
344,3053,5798,100533990,109729169;Control1,Control2,Control3,Control4,Control5,Control6,Control7,Control8,Control9,Control10,Control11,Control13,Control15,Control16,Control17
344,109729169,5798,100533990,57167;Control1,Control2,Control3,Control5,Control6,Control7,Control8,Control9,Control10,Control11,Control12,Control13,Control15,Control16,Control17
354,25818,389336,285987,5653,5650,28809,729442;Control1,Control2,Control4,Control5,Control6,Control7,Control8,Control9,Control10,Control11,Control12,Control13,Control15,Control16,Control17
25818,105373150;Control1,Control2,Control3,Control4,Control5,Control6,Control7,Control8,Control9,Control10,Control11,Control12,Control13,Control15,Control16,Control17
55655,3053,646024,105376041,3229;Control1,Control2,Control3,Control4,Control6,Control7,Control8,Control9,Control10,Control11,Control12,Control13,Control15,Control16,Control17
22974,24137,1063,6241,9787,100507118;Control1,Control2,Control3,Control5,Control6,Control7,Control8,Control9,Control10,Control11,Control12,Control13,Control15,Control16,Control17
4605,8318;Control1,Control2,Control3,Control4,Control5,Control6,Control7,Control8,Control9,Control10,Control11,Control12,Control13,Control15,Control16
11065,24137,1063,6241,55355,221150,9787;Control1,Control2,Control3,Control4,Control6,Control7,Control8,Control9,Control10,Control11,Control12,Control13,Control15,Control16,Control17
4318,109729169,5798,168002,109729184;Control1,Control2,Control3,Control4,Control5,Control6,Control7,Control8,Control9,Control10,Control11,Control12,Control13,Control16,Control17
57167,7477;Control1,Control2,Control3,Control4,Control5,Control6,Control7,Control8,Control9,Control10,Control11,Control12,Control13,Control15,Control16,Control17
64699,105373150;Control1,Control2,Control3,Control4,Control5,Control6,Control7,Control8,Control10,Control11,Control12,Control13,Control15,Control16,Control17
111216286,107985627,105375027,102724784;Control1,Control2,Control3,Control4,Control5,Control7,Control8,Control9,Control10,Control11,Control12,Control13,Control15,Control16,Control17
9582,100874530;Control1,Control2,Control3,Control4,Control5,Control6,Control7,Control8,Control10,Control11,Control12,Control13,Control15,Control16,Control17
7477,349408,168002,79191;Control1,Control2,Control3,Control4,Control5,Control6,Control7,Control8,Control9,Control10,Control11,Control12,Control13,Control15,Control16
5354,186;Control1,Control2,Control3,Control4,Control5,Control6,Control7,Control8,Control9,Control10,Control11,Control12,Control13,Control15,Control16,Control17
