Interaction,name,Pearson,selected,shared interaction,shared name,Weight
51361,102606463,0.7000586526543111,false,51361,102606463,0.7000586526543111
51361,100505994,0.9994007676442787,false,51361,100505994,0.9994007676442787
51361,970,0.9288348680811606,false,51361,970,0.9288348680811606
51361,105374166,0.8784835832801949,false,51361,105374166,0.8784835832801949
51361,29851,0.9231569955082727,false,51361,29851,0.9231569955082727
51361,57451,0.8427686501977641,false,51361,57451,0.8427686501977641
51361,158228,0.9994007676442782,false,51361,158228,0.9994007676442782
51361,2277,0.8834741361577868,false,51361,2277,0.8834741361577868
51361,107986606,0.9994007676442793,false,51361,107986606,0.9994007676442793
51361,7546,0.9994007676442787,false,51361,7546,0.9994007676442787
51361,81849,0.9295205224943905,false,51361,81849,0.9295205224943905
51361,107985492,0.9994007676442784,false,51361,107985492,0.9994007676442784
51361,6495,0.9910049184601468,false,51361,6495,0.9910049184601468
51361,3352,0.8901777746671404,false,51361,3352,0.8901777746671404
51361,54101,0.9984225948903952,false,51361,54101,0.9984225948903952
51361,101101772,0.8241607570597463,false,51361,101101772,0.8241607570597463
51361,245972,0.832808908044981,false,51361,245972,0.832808908044981
51361,340273,0.9993744057021616,false,51361,340273,0.9993744057021616
51361,101927355,0.9781460497481634,false,51361,101927355,0.9781460497481634
51361,366,0.911126427100934,false,51361,366,0.911126427100934
51361,4547,0.9515258561168249,false,51361,4547,0.9515258561168249
51361,253650,0.9352172647453548,false,51361,253650,0.9352172647453548
51361,654499,0.9995282536889932,false,51361,654499,0.9995282536889932
51361,100996301,0.9799991972937431,false,51361,100996301,0.9799991972937431
1047,6345,0.960773207603344,false,1047,6345,0.960773207603344
1047,4544,0.956531244163241,false,1047,4544,0.956531244163241
1047,10537,0.891670798710937,false,1047,10537,0.891670798710937
1047,166979,0.956531244163241,false,1047,166979,0.956531244163241
1047,6860,0.8704397927194079,false,1047,6860,0.8704397927194079
1047,4283,0.9264652100838056,false,1047,4283,0.9264652100838056
1047,3053,0.9196937810535628,false,1047,3053,0.9196937810535628
1047,594855,0.9371321626975727,false,1047,594855,0.9371321626975727
1047,5865,0.9568932911016541,false,1047,5865,0.9568932911016541
1047,3580,0.9704646845585649,false,1047,3580,0.9704646845585649
1047,101927686,0.8687673029691151,false,1047,101927686,0.8687673029691151
1047,3512,0.8248550525673723,false,1047,3512,0.8248550525673723
1047,113730,0.7755764780104424,false,1047,113730,0.7755764780104424
1047,6716,0.9419715835432899,false,1047,6716,0.9419715835432899
1047,219527,0.8682179110040347,false,1047,219527,0.8682179110040347
101928152,10537,0.8091963292612604,false,101928152,10537,0.8091963292612604
101928152,4283,0.717984639596827,false,101928152,4283,0.717984639596827
101928152,101927686,0.7306649352113928,false,101928152,101927686,0.7306649352113928
102606463,100505994,0.7014956228943962,false,102606463,100505994,0.7014956228943962
102606463,57451,0.7469127064173778,false,102606463,57451,0.7469127064173778
102606463,158228,0.7014956228943962,false,102606463,158228,0.7014956228943962
102606463,2277,0.7054921025237966,false,102606463,2277,0.7054921025237966
102606463,107986606,0.7014956228943963,false,102606463,107986606,0.7014956228943963
102606463,338376,0.7223141232904886,false,102606463,338376,0.7223141232904886
102606463,7546,0.7014956228943962,false,102606463,7546,0.7014956228943962
102606463,81849,0.7748486062186924,false,102606463,81849,0.7748486062186924
102606463,107985492,0.701495622894396,false,102606463,107985492,0.701495622894396
102606463,6495,0.7390379908915266,false,102606463,6495,0.7390379908915266
102606463,54101,0.7041774123218969,false,102606463,54101,0.7041774123218969
102606463,245972,0.7372704702735497,false,102606463,245972,0.7372704702735497
102606463,340273,0.700893094068863,false,102606463,340273,0.700893094068863
102606463,101927355,0.8116910317113065,false,102606463,101927355,0.8116910317113065
102606463,4547,0.8066013657728377,false,102606463,4547,0.8066013657728377
102606463,654499,0.7003475774519966,false,102606463,654499,0.7003475774519966
102606463,100996301,0.7528996689977309,false,102606463,100996301,0.7528996689977309
102606463,3627,0.7538924588191737,false,102606463,3627,0.7538924588191737
79801,55355,0.8486195132428285,false,79801,55355,0.8486195132428285
79801,259266,0.8898781067164304,false,79801,259266,0.8898781067164304
79801,220134,0.7926881215536737,false,79801,220134,0.7926881215536737
79801,9133,0.8591498961882096,false,79801,9133,0.8591498961882096
79801,83540,0.822874607519597,false,79801,83540,0.822874607519597
79801,105375610,0.8105139986255563,false,79801,105375610,0.8105139986255563
79801,9833,0.8911690857003168,false,79801,9833,0.8911690857003168
79801,995,0.8626576519566951,false,79801,995,0.8626576519566951
79801,332,0.8451204421138495,false,79801,332,0.8451204421138495
79801,56992,0.7418943057944185,false,79801,56992,0.7418943057944185
79801,55872,0.9365369686204343,false,79801,55872,0.9365369686204343
79801,6241,0.9286542458736589,false,79801,6241,0.9286542458736589
79801,24137,0.8304824859964887,false,79801,24137,0.8304824859964887
79801,9787,0.9104670171177961,false,79801,9787,0.9104670171177961
79801,9212,0.7830140680362916,false,79801,9212,0.7830140680362916
79801,1063,0.9026830949256907,false,79801,1063,0.9026830949256907
79801,113115,0.8212622409426558,false,79801,113115,0.8212622409426558
79801,128239,0.7965191180854143,false,79801,128239,0.7965191180854143
79801,146909,0.820654485317861,false,79801,146909,0.820654485317861
79801,1058,0.7836487042376188,false,79801,1058,0.7836487042376188
79801,3833,0.8536305618930049,false,79801,3833,0.8536305618930049
79801,64151,0.8242429487282389,false,79801,64151,0.8242429487282389
79801,9232,0.8098446070512599,false,79801,9232,0.8098446070512599
79801,221150,0.8338244860493821,false,79801,221150,0.8338244860493821
79801,100507118,0.8320826743827939,false,79801,100507118,0.8320826743827939
79801,991,0.8105140522777847,false,79801,991,0.8105140522777847
105370960,4544,0.7422334664506816,false,105370960,4544,0.7422334664506816
105370960,166979,0.7422334664506816,false,105370960,166979,0.7422334664506816
105370960,6860,0.756743712246624,false,105370960,6860,0.756743712246624
105370960,105371152,0.7565322241923117,false,105370960,105371152,0.7565322241923117
105370960,5865,0.749332945850568,false,105370960,5865,0.749332945850568
105370960,3580,0.7138296937230024,false,105370960,3580,0.7138296937230024
105370960,79674,0.7208002131491963,false,105370960,79674,0.7208002131491963
105370960,3512,0.732169328417982,false,105370960,3512,0.732169328417982
105370960,113730,0.7507360689854408,false,105370960,113730,0.7507360689854408
105370960,6716,0.7724783526504748,false,105370960,6716,0.7724783526504748
105370960,219527,0.7001799907832672,false,105370960,219527,0.7001799907832672
100874530,389903,0.784386034800343,false,100874530,389903,0.784386034800343
100874530,105372115,0.784386034800343,false,100874530,105372115,0.784386034800343
100874530,729447,0.8066450072995259,false,100874530,729447,0.8066450072995259
100874530,101929215,0.7464819572174006,false,100874530,101929215,0.7464819572174006
100874530,9582,0.911634836233869,false,100874530,9582,0.911634836233869
100874530,112937,0.7657935496574859,false,100874530,112937,0.7657935496574859
100874530,3664,0.8259156662152499,false,100874530,3664,0.8259156662152499
100874530,9212,0.7562271226720155,false,100874530,9212,0.7562271226720155
100874530,113115,0.7324091067921926,false,100874530,113115,0.7324091067921926
100874530,128239,0.8065613781215722,false,100874530,128239,0.8065613781215722
100874530,221150,0.7202649214358865,false,100874530,221150,0.7202649214358865
100874530,102723547,0.784386034800343,false,100874530,102723547,0.784386034800343
574414,4496,0.9446225568828732,false,574414,4496,0.9446225568828732
574414,2834,0.8987575454599097,false,574414,2834,0.8987575454599097
574414,56300,0.9446225568828732,false,574414,56300,0.9446225568828732
574414,574029,0.8534818687675635,false,574414,574029,0.8534818687675635
574414,6664,0.7644300441575462,false,574414,6664,0.7644300441575462
574414,1301,0.9001158481426761,false,574414,1301,0.9001158481426761
574414,107986951,0.7194161422879857,false,574414,107986951,0.7194161422879857
2625,105375027,0.7141933689335901,false,2625,105375027,0.7141933689335901
2625,3881,0.7230597200996178,false,2625,3881,0.7230597200996178
2625,8355,0.8146933578453499,false,2625,8355,0.8146933578453499
2625,111216286,0.9093113768253914,false,2625,111216286,0.9093113768253914
2625,6273,0.7820164263865678,false,2625,6273,0.7820164263865678
2625,103689845,0.7221787117380887,false,2625,103689845,0.7221787117380887
2625,338667,0.781975489729431,false,2625,338667,0.781975489729431
2625,101927760,0.8518968383688929,false,2625,101927760,0.8518968383688929
2625,338797,0.767350355430992,false,2625,338797,0.767350355430992
6345,4544,0.9733915066465244,false,6345,4544,0.9733915066465244
6345,10537,0.8737692331287039,false,6345,10537,0.8737692331287039
6345,166979,0.9733915066465244,false,6345,166979,0.9733915066465244
6345,6860,0.9015356778483149,false,6345,6860,0.9015356778483149
6345,4283,0.8917114997636989,false,6345,4283,0.8917114997636989
6345,3053,0.8649885560922072,false,6345,3053,0.8649885560922072
6345,594855,0.9434627278220052,false,6345,594855,0.9434627278220052
6345,5865,0.9743612246080643,false,6345,5865,0.9743612246080643
6345,3580,0.9634343929192964,false,6345,3580,0.9634343929192964
6345,101927686,0.8444623933838945,false,6345,101927686,0.8444623933838945
6345,3512,0.8142298997119779,false,6345,3512,0.8142298997119779
6345,113730,0.7627160503522133,false,6345,113730,0.7627160503522133
6345,6716,0.9446321139121563,false,6345,6716,0.9446321139121563
6345,219527,0.9214260863606328,false,6345,219527,0.9214260863606328
115362,1750,0.7297196972941653,false,115362,1750,0.7297196972941653
115362,5008,0.7499833169975066,false,115362,5008,0.7499833169975066
115362,3856,0.7738378091297512,false,115362,3856,0.7738378091297512
115362,113218482,0.7829461157957811,false,115362,113218482,0.7829461157957811
115362,84561,0.8195771092065287,false,115362,84561,0.8195771092065287
55355,259266,0.9206018500492377,false,55355,259266,0.9206018500492377
55355,220134,0.9264127138723156,false,55355,220134,0.9264127138723156
55355,9133,0.9383396615854808,false,55355,9133,0.9383396615854808
55355,83540,0.83746975715389,false,55355,83540,0.83746975715389
55355,105375610,0.7032438260174138,false,55355,105375610,0.7032438260174138
55355,995,0.864047894844641,false,55355,995,0.864047894844641
55355,113130,0.7441139848080797,false,55355,113130,0.7441139848080797
55355,158511,0.810651307941845,false,55355,158511,0.810651307941845
55355,332,0.8664388523463022,false,55355,332,0.8664388523463022
55355,56992,0.8428599337732258,false,55355,56992,0.8428599337732258
55355,55872,0.7991556646434209,false,55355,55872,0.7991556646434209
55355,6241,0.899807366184098,false,55355,6241,0.899807366184098
55355,24137,0.9241778761224047,false,55355,24137,0.9241778761224047
55355,112937,0.8691191384695613,false,55355,112937,0.8691191384695613
55355,9787,0.8945779492881164,false,55355,9787,0.8945779492881164
55355,9212,0.8827857015514485,false,55355,9212,0.8827857015514485
55355,1063,0.8069501208798044,false,55355,1063,0.8069501208798044
55355,113115,0.8005053252424398,false,55355,113115,0.8005053252424398
55355,128239,0.9249237126158804,false,55355,128239,0.9249237126158804
55355,146909,0.7119805056572938,false,55355,146909,0.7119805056572938
55355,3833,0.8366404534369886,false,55355,3833,0.8366404534369886
55355,64151,0.9079090976461109,false,55355,64151,0.9079090976461109
55355,9232,0.7772818705880904,false,55355,9232,0.7772818705880904
55355,221150,0.8630748334518613,false,55355,221150,0.8630748334518613
55355,100507118,0.787496558285129,false,55355,100507118,0.787496558285129
55355,991,0.8931245878641977,false,55355,991,0.8931245878641977
259266,220134,0.8520266071031749,false,259266,220134,0.8520266071031749
259266,9133,0.9513036597571882,false,259266,9133,0.9513036597571882
259266,83540,0.7007102170980372,false,259266,83540,0.7007102170980372
259266,105375610,0.7512528695693572,false,259266,105375610,0.7512528695693572
259266,9833,0.7044050866283542,false,259266,9833,0.7044050866283542
259266,995,0.9293684385275973,false,259266,995,0.9293684385275973
259266,113130,0.8568591375291305,false,259266,113130,0.8568591375291305
259266,158511,0.8150778150598671,false,259266,158511,0.8150778150598671
259266,332,0.9490071826697593,false,259266,332,0.9490071826697593
259266,56992,0.7905073729303667,false,259266,56992,0.7905073729303667
259266,55872,0.8083090344949039,false,259266,55872,0.8083090344949039
259266,6241,0.9323697893686853,false,259266,6241,0.9323697893686853
259266,24137,0.8754200899960383,false,259266,24137,0.8754200899960383
259266,112937,0.8372329288444786,false,259266,112937,0.8372329288444786
259266,9787,0.9468598356709464,false,259266,9787,0.9468598356709464
259266,9212,0.9016346233412104,false,259266,9212,0.9016346233412104
259266,1063,0.9121599821191035,false,259266,1063,0.9121599821191035
259266,113115,0.7917058238003469,false,259266,113115,0.7917058238003469
259266,128239,0.8823983442382954,false,259266,128239,0.8823983442382954
259266,146909,0.8295069978077941,false,259266,146909,0.8295069978077941
259266,1058,0.7548761911183767,false,259266,1058,0.7548761911183767
259266,3833,0.8360751625202396,false,259266,3833,0.8360751625202396
259266,64151,0.8786746397773465,false,259266,64151,0.8786746397773465
259266,9232,0.9220619309865776,false,259266,9232,0.9220619309865776
259266,221150,0.8228608872351119,false,259266,221150,0.8228608872351119
259266,100507118,0.7919640972061358,false,259266,100507118,0.7919640972061358
259266,991,0.9407505887493794,false,259266,991,0.9407505887493794
100505994,970,0.9213634651627409,false,100505994,970,0.9213634651627409
100505994,105374166,0.8736215672059136,false,100505994,105374166,0.8736215672059136
100505994,29851,0.9189011920625304,false,100505994,29851,0.9189011920625304
100505994,57451,0.8403336830345621,false,100505994,57451,0.8403336830345621
100505994,158228,0.9999999999999991,false,100505994,158228,0.9999999999999991
100505994,2277,0.8845108006045506,false,100505994,2277,0.8845108006045506
100505994,107986606,1.0,false,100505994,107986606,1.0
100505994,7546,1.0,false,100505994,7546,1.0
100505994,81849,0.9274395064335064,false,100505994,81849,0.9274395064335064
100505994,107985492,1.0,false,100505994,107985492,1.0
100505994,6495,0.9928527198181091,false,100505994,6495,0.9928527198181091
100505994,3352,0.8934758052702668,false,100505994,3352,0.8934758052702668
100505994,54101,0.9984738945976603,false,100505994,54101,0.9984738945976603
100505994,101101772,0.8152794197904343,false,100505994,101101772,0.8152794197904343
100505994,245972,0.8226701235339086,false,100505994,245972,0.8226701235339086
100505994,340273,0.999991415697936,false,100505994,340273,0.999991415697936
100505994,101927355,0.9770680867279529,false,100505994,101927355,0.9770680867279529
100505994,366,0.906860915815142,false,100505994,366,0.906860915815142
100505994,4547,0.9533654689566785,false,100505994,4547,0.9533654689566785
100505994,253650,0.9295721625616558,false,100505994,253650,0.9295721625616558
100505994,654499,0.9998297577041864,false,100505994,654499,0.9998297577041864
100505994,100996301,0.97946488862107,false,100505994,100996301,0.97946488862107
729442,1295,0.8202390055374233,false,729442,1295,0.8202390055374233
729442,134285,0.9808373891972808,false,729442,134285,0.9808373891972808
729442,354,0.8846392549525463,false,729442,354,0.8846392549525463
729442,27063,0.7858716210959028,false,729442,27063,0.7858716210959028
729442,55655,0.8253956084210587,false,729442,55655,0.8253956084210587
729442,1749,0.8979195028127899,false,729442,1749,0.8979195028127899
729442,5650,0.9894551107151548,false,729442,5650,0.9894551107151548
729442,115019,0.8065937980213214,false,729442,115019,0.8065937980213214
729442,339256,0.8703143316032439,false,729442,339256,0.8703143316032439
729442,58,0.9446071723247842,false,729442,58,0.9446071723247842
729442,10437,0.7713804806201244,false,729442,10437,0.7713804806201244
729442,2019,0.9253463072052466,false,729442,2019,0.9253463072052466
729442,145873,0.8877734701776775,false,729442,145873,0.8877734701776775
729442,285987,0.9999999999999999,false,729442,285987,0.9999999999999999
729442,55057,0.7489260662975599,false,729442,55057,0.7489260662975599
729442,115701,0.7280056690610305,false,729442,115701,0.7280056690610305
729442,3502,0.9312888420265732,false,729442,3502,0.9312888420265732
729442,389336,0.9854503631696977,false,729442,389336,0.9854503631696977
729442,25818,0.9492057988741681,false,729442,25818,0.9492057988741681
729442,100506827,0.8065937980213214,false,729442,100506827,0.8065937980213214
729442,4004,0.9962650187071572,false,729442,4004,0.9962650187071572
729442,4973,0.8208290209376062,false,729442,4973,0.8208290209376062
729442,28946,0.8106073495116136,false,729442,28946,0.8106073495116136
729442,102724714,0.8297396636865118,false,729442,102724714,0.8297396636865118
729442,28809,0.9931858546106599,false,729442,28809,0.9931858546106599
729442,5653,0.9912877792750788,false,729442,5653,0.9912877792750788
970,105374166,0.9256872783222462,false,970,105374166,0.9256872783222462
970,29851,0.8981554263888074,false,970,29851,0.8981554263888074
970,57451,0.7311990093940387,false,970,57451,0.7311990093940387
970,158228,0.9213634651627406,false,970,158228,0.9213634651627406
970,2277,0.8701617142582846,false,970,2277,0.8701617142582846
970,107986606,0.9213634651627415,false,970,107986606,0.9213634651627415
970,338376,0.7296965109612277,false,970,338376,0.7296965109612277
970,7546,0.9213634651627409,false,970,7546,0.9213634651627409
970,81849,0.9329851067326776,false,970,81849,0.9329851067326776
970,107985492,0.9213634651627409,false,970,107985492,0.9213634651627409
970,6495,0.8943903392881772,false,970,6495,0.8943903392881772
970,3352,0.8324048365252573,false,970,3352,0.8324048365252573
970,50852,0.8567249325113768,false,970,50852,0.8567249325113768
970,54101,0.9191024957206797,false,970,54101,0.9191024957206797
970,101101772,0.786409967114065,false,970,101101772,0.786409967114065
970,245972,0.872913231399494,false,970,245972,0.872913231399494
970,340273,0.920720445280994,false,970,340273,0.920720445280994
970,101927355,0.9148942157510146,false,970,101927355,0.9148942157510146
970,366,0.8631726830003357,false,970,366,0.8631726830003357
970,4547,0.8345308473669496,false,970,4547,0.8345308473669496
970,253650,0.892881245722911,false,970,253650,0.892881245722911
970,654499,0.921580167885689,false,970,654499,0.921580167885689
970,100996301,0.9196615825056282,false,970,100996301,0.9196615825056282
970,80329,0.7303863207754744,false,970,80329,0.7303863207754744
970,3627,0.7877096976502679,false,970,3627,0.7877096976502679
389903,105372115,1.0,false,389903,105372115,1.0
389903,729447,0.9658256171662923,false,389903,729447,0.9658256171662923
389903,113130,0.7248849672682007,false,389903,113130,0.7248849672682007
389903,158511,0.7847020770671357,false,389903,158511,0.7847020770671357
389903,101929215,0.7648298862088317,false,389903,101929215,0.7648298862088317
389903,9582,0.8433256633468983,false,389903,9582,0.8433256633468983
389903,112937,0.7515836876095531,false,389903,112937,0.7515836876095531
389903,3664,0.8903726515312148,false,389903,3664,0.8903726515312148
389903,9212,0.7513059154142012,false,389903,9212,0.7513059154142012
389903,9232,0.70178341898026,false,389903,9232,0.70178341898026
389903,102723547,1.0,false,389903,102723547,1.0
6534,89886,0.7193293517309252,false,6534,89886,0.7193293517309252
6534,344,0.7120110775575571,false,6534,344,0.7120110775575571
6534,5798,0.7227105105393462,false,6534,5798,0.7227105105393462
6534,105378305,0.8390616100945867,false,6534,105378305,0.8390616100945867
6534,29991,0.7680463285221056,false,6534,29991,0.7680463285221056
6534,105371275,0.8165717200848162,false,6534,105371275,0.8165717200848162
6534,168002,0.7150715436216802,false,6534,168002,0.7150715436216802
6534,109729169,0.7939839433309536,false,6534,109729169,0.7939839433309536
105374166,29851,0.9243548404563166,false,105374166,29851,0.9243548404563166
105374166,158228,0.8736215672059133,false,105374166,158228,0.8736215672059133
105374166,2277,0.8255336970209449,false,105374166,2277,0.8255336970209449
105374166,107986606,0.8736215672059139,false,105374166,107986606,0.8736215672059139
105374166,7546,0.8736215672059136,false,105374166,7546,0.8736215672059136
105374166,81849,0.8503559771519947,false,105374166,81849,0.8503559771519947
105374166,107985492,0.8736215672059133,false,105374166,107985492,0.8736215672059133
105374166,6495,0.8595761283080953,false,105374166,6495,0.8595761283080953
105374166,3352,0.7187965207880214,false,105374166,3352,0.7187965207880214
105374166,50852,0.887054839963861,false,105374166,50852,0.887054839963861
105374166,54101,0.8607202240969593,false,105374166,54101,0.8607202240969593
105374166,101101772,0.7238705067381432,false,105374166,101101772,0.7238705067381432
105374166,340273,0.87363014427198,false,105374166,340273,0.87363014427198
105374166,101927355,0.8669470630893185,false,105374166,101927355,0.8669470630893185
105374166,366,0.771254126148263,false,105374166,366,0.771254126148263
105374166,4547,0.8094217201407163,false,105374166,4547,0.8094217201407163
105374166,253650,0.8995742401958792,false,105374166,253650,0.8995742401958792
105374166,654499,0.8763298144012135,false,105374166,654499,0.8763298144012135
105374166,100996301,0.8369720524283832,false,105374166,100996301,0.8369720524283832
105374166,80329,0.8373062782621264,false,105374166,80329,0.8373062782621264
4496,2834,0.9064031237712107,false,4496,2834,0.9064031237712107
4496,56300,0.9999999999999998,false,4496,56300,0.9999999999999998
4496,574029,0.9044659115823207,false,4496,574029,0.9044659115823207
4496,6664,0.7648498279468829,false,4496,6664,0.7648498279468829
4496,1301,0.9522444602500172,false,4496,1301,0.9522444602500172
4496,107986951,0.7509006742034001,false,4496,107986951,0.7509006742034001
105375027,3881,0.8446019115273627,false,105375027,3881,0.8446019115273627
105375027,7180,0.7143092554799649,false,105375027,7180,0.7143092554799649
105375027,8355,0.8654094368714806,false,105375027,8355,0.8654094368714806
105375027,111216286,0.8657844277767762,false,105375027,111216286,0.8657844277767762
105375027,6273,0.9515969641997084,false,105375027,6273,0.9515969641997084
105375027,103689845,0.9356870807711937,false,105375027,103689845,0.9356870807711937
105375027,338667,0.9675627455273402,false,105375027,338667,0.9675627455273402
105375027,101927760,0.9389232819652696,false,105375027,101927760,0.9389232819652696
105375027,338797,0.9560944193911288,false,105375027,338797,0.9560944193911288
29851,57451,0.7035200754422561,false,29851,57451,0.7035200754422561
29851,158228,0.9189011920625296,false,29851,158228,0.9189011920625296
29851,2277,0.7825305767278108,false,29851,2277,0.7825305767278108
29851,107986606,0.9189011920625305,false,29851,107986606,0.9189011920625305
29851,7546,0.9189011920625304,false,29851,7546,0.9189011920625304
29851,81849,0.845964082404959,false,29851,81849,0.845964082404959
29851,107985492,0.9189011920625304,false,29851,107985492,0.9189011920625304
29851,6495,0.9027177693974031,false,29851,6495,0.9027177693974031
29851,3352,0.7611843928113182,false,29851,3352,0.7611843928113182
29851,50852,0.7586975062360499,false,29851,50852,0.7586975062360499
29851,54101,0.9190644009306956,false,29851,54101,0.9190644009306956
29851,101101772,0.7239890776136183,false,29851,101101772,0.7239890776136183
29851,245972,0.7792768416731354,false,29851,245972,0.7792768416731354
29851,340273,0.9192938881866336,false,29851,340273,0.9192938881866336
29851,101927355,0.864676854778723,false,29851,101927355,0.864676854778723
29851,366,0.8345389568445355,false,29851,366,0.8345389568445355
29851,4547,0.8337680133689197,false,29851,4547,0.8337680133689197
29851,253650,0.8906559734643346,false,29851,253650,0.8906559734643346
29851,654499,0.9192994013173711,false,29851,654499,0.9192994013173711
29851,100996301,0.8814895687453211,false,29851,100996301,0.8814895687453211
29851,80329,0.7323851756175765,false,29851,80329,0.7323851756175765
220134,9133,0.8530838303109726,false,220134,9133,0.8530838303109726
220134,83540,0.8084270924222221,false,220134,83540,0.8084270924222221
220134,9833,0.718659961766914,false,220134,9833,0.718659961766914
220134,2834,0.7132267329118189,false,220134,2834,0.7132267329118189
220134,995,0.8220880954038735,false,220134,995,0.8220880954038735
220134,113130,0.727527286175056,false,220134,113130,0.727527286175056
220134,158511,0.7463157208060283,false,220134,158511,0.7463157208060283
220134,332,0.7639120628123166,false,220134,332,0.7639120628123166
220134,55872,0.7207077680602614,false,220134,55872,0.7207077680602614
220134,6241,0.817321972752334,false,220134,6241,0.817321972752334
220134,24137,0.8212090783603243,false,220134,24137,0.8212090783603243
220134,112937,0.8600857013269873,false,220134,112937,0.8600857013269873
220134,9787,0.8325737538446747,false,220134,9787,0.8325737538446747
220134,9212,0.8333182564169989,false,220134,9212,0.8333182564169989
220134,1063,0.7026078775545254,false,220134,1063,0.7026078775545254
220134,113115,0.7849398339877595,false,220134,113115,0.7849398339877595
220134,128239,0.9308529480193584,false,220134,128239,0.9308529480193584
220134,3833,0.8153032900139496,false,220134,3833,0.8153032900139496
220134,64151,0.838087473676999,false,220134,64151,0.838087473676999
220134,9232,0.7324537339075682,false,220134,9232,0.7324537339075682
220134,221150,0.8157945713535701,false,220134,221150,0.8157945713535701
220134,100507118,0.7295153439841772,false,220134,100507118,0.7295153439841772
220134,991,0.9002640104243312,false,220134,991,0.9002640104243312
3881,7180,0.8997814897753864,false,3881,7180,0.8997814897753864
3881,100422894,0.7620492257300565,false,3881,100422894,0.7620492257300565
3881,8355,0.7073723661600992,false,3881,8355,0.7073723661600992
3881,111216286,0.7257046595537642,false,3881,111216286,0.7257046595537642
3881,6273,0.8626179178851042,false,3881,6273,0.8626179178851042
3881,103689845,0.8545962896318342,false,3881,103689845,0.8545962896318342
3881,338667,0.8393198906057302,false,3881,338667,0.8393198906057302
3881,101927760,0.8047516845078437,false,3881,101927760,0.8047516845078437
3881,338797,0.9173624579702899,false,3881,338797,0.9173624579702899
9133,83540,0.7166920144980916,false,9133,83540,0.7166920144980916
9133,105375610,0.7853350660206274,false,9133,105375610,0.7853350660206274
9133,9833,0.716974923629429,false,9133,9833,0.716974923629429
9133,995,0.9170942547363784,false,9133,995,0.9170942547363784
9133,113130,0.8817117730719295,false,9133,113130,0.8817117730719295
9133,158511,0.8625455186579201,false,9133,158511,0.8625455186579201
9133,332,0.8923301045493024,false,9133,332,0.8923301045493024
9133,56992,0.8222268591802011,false,9133,56992,0.8222268591802011
9133,55872,0.8259271374629525,false,9133,55872,0.8259271374629525
9133,107985017,0.7209922528756149,false,9133,107985017,0.7209922528756149
9133,6241,0.9125540746211662,false,9133,6241,0.9125540746211662
9133,24137,0.9248695853954658,false,9133,24137,0.9248695853954658
9133,112937,0.8614942330875122,false,9133,112937,0.8614942330875122
9133,9787,0.942379013126844,false,9133,9787,0.942379013126844
9133,9212,0.9630832867415323,false,9133,9212,0.9630832867415323
9133,1063,0.9194189065049007,false,9133,1063,0.9194189065049007
9133,113115,0.8145283324671255,false,9133,113115,0.8145283324671255
9133,128239,0.9008164075112097,false,9133,128239,0.9008164075112097
9133,146909,0.8561744833930801,false,9133,146909,0.8561744833930801
9133,1058,0.7961518874446091,false,9133,1058,0.7961518874446091
9133,3833,0.898580906402358,false,9133,3833,0.898580906402358
9133,64151,0.8408808875074345,false,9133,64151,0.8408808875074345
9133,9232,0.9045895122585196,false,9133,9232,0.9045895122585196
9133,221150,0.8929220465747386,false,9133,221150,0.8929220465747386
9133,100507118,0.8450882400030708,false,9133,100507118,0.8450882400030708
9133,991,0.9552750630350523,false,9133,991,0.9552750630350523
57451,158228,0.8403336830345618,false,57451,158228,0.8403336830345618
57451,107986606,0.8403336830345626,false,57451,107986606,0.8403336830345626
57451,7546,0.840333683034562,false,57451,7546,0.840333683034562
57451,81849,0.7031903688392217,false,57451,81849,0.7031903688392217
57451,107985492,0.840333683034562,false,57451,107985492,0.840333683034562
57451,6495,0.885017949222099,false,57451,6495,0.885017949222099
57451,54101,0.8338748053124752,false,57451,54101,0.8338748053124752
57451,340273,0.8396041730528215,false,57451,340273,0.8396041730528215
57451,101927355,0.8769814090369187,false,57451,101927355,0.8769814090369187
57451,366,0.778025087539711,false,57451,366,0.778025087539711
57451,4547,0.9127586947818016,false,57451,4547,0.9127586947818016
57451,253650,0.7524312463263747,false,57451,253650,0.7524312463263747
57451,654499,0.8405002198786334,false,57451,654499,0.8405002198786334
57451,100996301,0.8077465428023669,false,57451,100996301,0.8077465428023669
105372115,729447,0.9658256171662923,false,105372115,729447,0.9658256171662923
105372115,113130,0.7248849672682007,false,105372115,113130,0.7248849672682007
105372115,158511,0.7847020770671357,false,105372115,158511,0.7847020770671357
105372115,101929215,0.7648298862088317,false,105372115,101929215,0.7648298862088317
105372115,9582,0.8433256633468983,false,105372115,9582,0.8433256633468983
105372115,112937,0.7515836876095531,false,105372115,112937,0.7515836876095531
105372115,3664,0.8903726515312148,false,105372115,3664,0.8903726515312148
105372115,9212,0.7513059154142012,false,105372115,9212,0.7513059154142012
105372115,9232,0.70178341898026,false,105372115,9232,0.70178341898026
105372115,102723547,1.0,false,105372115,102723547,1.0
7180,100422894,0.8920815671285279,false,7180,100422894,0.8920815671285279
7180,6273,0.751685732040159,false,7180,6273,0.751685732040159
7180,103689845,0.7025980557627155,false,7180,103689845,0.7025980557627155
7180,338667,0.7411545743776904,false,7180,338667,0.7411545743776904
7180,2250,0.8580593396776939,false,7180,2250,0.8580593396776939
7180,101927760,0.7175748975375408,false,7180,101927760,0.7175748975375408
7180,338797,0.8587353252204866,false,7180,338797,0.8587353252204866
4544,10537,0.9236367342934619,false,4544,10537,0.9236367342934619
4544,166979,1.0,false,4544,166979,1.0
4544,6860,0.9414421676766127,false,4544,6860,0.9414421676766127
4544,4283,0.9221341011731542,false,4544,4283,0.9221341011731542
4544,3053,0.8372871063675271,false,4544,3053,0.8372871063675271
4544,594855,0.8714578577035769,false,4544,594855,0.8714578577035769
4544,5865,0.9992442570502982,false,4544,5865,0.9992442570502982
4544,3580,0.9838177551636564,false,4544,3580,0.9838177551636564
4544,101927686,0.8902071943541646,false,4544,101927686,0.8902071943541646
4544,3512,0.8224346217911057,false,4544,3512,0.8224346217911057
4544,113730,0.7714089549055307,false,4544,113730,0.7714089549055307
4544,6716,0.9660000830074872,false,4544,6716,0.9660000830074872
4544,219527,0.9454917057204749,false,4544,219527,0.9454917057204749
1295,134285,0.8207963982514938,false,1295,134285,0.8207963982514938
1295,27063,0.8433046608071134,false,1295,27063,0.8433046608071134
1295,55655,0.7143361110662826,false,1295,55655,0.7143361110662826
1295,1749,0.7164275417889988,false,1295,1749,0.7164275417889988
1295,5650,0.8224892143632329,false,1295,5650,0.8224892143632329
1295,339256,0.7773744950293692,false,1295,339256,0.7773744950293692
1295,58,0.8719364679110821,false,1295,58,0.8719364679110821
1295,10437,0.7734898909709457,false,1295,10437,0.7734898909709457
1295,2019,0.849590052800847,false,1295,2019,0.849590052800847
1295,145873,0.8664655418215121,false,1295,145873,0.8664655418215121
1295,285987,0.8202390055374235,false,1295,285987,0.8202390055374235
1295,55057,0.8010824710489161,false,1295,55057,0.8010824710489161
1295,3502,0.7237156689430733,false,1295,3502,0.7237156689430733
1295,389336,0.8294669592300239,false,1295,389336,0.8294669592300239
1295,25818,0.7978234502399718,false,1295,25818,0.7978234502399718
1295,4004,0.8365017128199211,false,1295,4004,0.8365017128199211
1295,102724714,0.8139456679842513,false,1295,102724714,0.8139456679842513
1295,28809,0.7922502627438545,false,1295,28809,0.7922502627438545
1295,5653,0.7922607568069789,false,1295,5653,0.7922607568069789
134285,354,0.8290107306960275,false,134285,354,0.8290107306960275
134285,27063,0.7869470380263288,false,134285,27063,0.7869470380263288
134285,55655,0.7938276301647224,false,134285,55655,0.7938276301647224
134285,1749,0.8488989112829382,false,134285,1749,0.8488989112829382
134285,5650,0.9624104854739605,false,134285,5650,0.9624104854739605
134285,115019,0.7756236155836551,false,134285,115019,0.7756236155836551
134285,339256,0.8946462666136846,false,134285,339256,0.8946462666136846
134285,58,0.9191174747823362,false,134285,58,0.9191174747823362
134285,10437,0.7144875951864278,false,134285,10437,0.7144875951864278
134285,2019,0.9456196805200516,false,134285,2019,0.9456196805200516
134285,145873,0.8651348206489677,false,134285,145873,0.8651348206489677
134285,285987,0.9808373891972808,false,134285,285987,0.9808373891972808
134285,55057,0.7560505822483128,false,134285,55057,0.7560505822483128
134285,115701,0.7842402239609181,false,134285,115701,0.7842402239609181
134285,3502,0.8947859924482316,false,134285,3502,0.8947859924482316
134285,389336,0.9664829951269108,false,134285,389336,0.9664829951269108
134285,25818,0.9159234120243459,false,134285,25818,0.9159234120243459
134285,100506827,0.7756236155836551,false,134285,100506827,0.7756236155836551
134285,4004,0.976222464038417,false,134285,4004,0.976222464038417
134285,4973,0.7972787514884655,false,134285,4973,0.7972787514884655
134285,28946,0.7743368026908424,false,134285,28946,0.7743368026908424
134285,102724714,0.7820059506406168,false,134285,102724714,0.7820059506406168
134285,28809,0.9700474869798529,false,134285,28809,0.9700474869798529
134285,5653,0.9648336874166968,false,134285,5653,0.9648336874166968
83540,9833,0.8058926306453411,false,83540,9833,0.8058926306453411
83540,56992,0.7101716279737738,false,83540,56992,0.7101716279737738
83540,55872,0.7603907151192472,false,83540,55872,0.7603907151192472
83540,6241,0.8053078731827857,false,83540,6241,0.8053078731827857
83540,24137,0.7765789720624979,false,83540,24137,0.7765789720624979
83540,9787,0.7032088948430827,false,83540,9787,0.7032088948430827
83540,113115,0.7585452703140395,false,83540,113115,0.7585452703140395
83540,128239,0.7892245989940687,false,83540,128239,0.7892245989940687
83540,3833,0.7522542014906433,false,83540,3833,0.7522542014906433
83540,64151,0.7939807770606379,false,83540,64151,0.7939807770606379
83540,221150,0.771081999730925,false,83540,221150,0.771081999730925
83540,100507118,0.7126556624778697,false,83540,100507118,0.7126556624778697
10537,166979,0.9236367342934619,false,10537,166979,0.9236367342934619
10537,6860,0.8621604055639511,false,10537,6860,0.8621604055639511
10537,4283,0.9577538116920047,false,10537,4283,0.9577538116920047
10537,3053,0.788550311119029,false,10537,3053,0.788550311119029
10537,594855,0.7898161675581589,false,10537,594855,0.7898161675581589
10537,5865,0.9192494306560138,false,10537,5865,0.9192494306560138
10537,3580,0.9506650861793235,false,10537,3580,0.9506650861793235
10537,101927686,0.9739492693422702,false,10537,101927686,0.9739492693422702
10537,3512,0.7617009278940257,false,10537,3512,0.7617009278940257
10537,113730,0.7102096113314564,false,10537,113730,0.7102096113314564
10537,6716,0.8660133902761259,false,10537,6716,0.8660133902761259
10537,219527,0.8408555669796183,false,10537,219527,0.8408555669796183
860,5101,0.8300759436033089,false,860,5101,0.8300759436033089
860,338376,0.7078357771451537,false,860,338376,0.7078357771451537
860,219970,0.7935062892225309,false,860,219970,0.7935062892225309
860,6332,0.8808633725699804,false,860,6332,0.8808633725699804
860,7681,0.9396732135170139,false,860,7681,0.9396732135170139
860,100506655,0.9173150048636683,false,860,100506655,0.9173150048636683
860,105376042,0.942039760740564,false,860,105376042,0.942039760740564
860,122042,0.9495341719811407,false,860,122042,0.9495341719811407
860,101060400,0.9420397607405645,false,860,101060400,0.9420397607405645
860,57624,0.7348017440053594,false,860,57624,0.7348017440053594
860,554202,0.8197548130955976,false,860,554202,0.8197548130955976
860,9355,0.9260510810401333,false,860,9355,0.9260510810401333
354,55655,0.7895313579512278,false,354,55655,0.7895313579512278
354,1749,0.8785722513103305,false,354,1749,0.8785722513103305
354,5650,0.8826216092072503,false,354,5650,0.8826216092072503
354,115019,0.7064819034597941,false,354,115019,0.7064819034597941
354,105371152,0.7427904742912117,false,354,105371152,0.7427904742912117
354,58,0.8404449102488281,false,354,58,0.8404449102488281
354,10437,0.7070438407920622,false,354,10437,0.7070438407920622
354,2019,0.7849276069157759,false,354,2019,0.7849276069157759
354,145873,0.8397213837534379,false,354,145873,0.8397213837534379
354,285987,0.8846392549525463,false,354,285987,0.8846392549525463
354,79674,0.8570117061451321,false,354,79674,0.8570117061451321
354,3502,0.9425287176965368,false,354,3502,0.9425287176965368
354,389336,0.889786960880757,false,354,389336,0.889786960880757
354,25818,0.7978720138033853,false,354,25818,0.7978720138033853
354,100506827,0.7064819034597941,false,354,100506827,0.7064819034597941
354,4004,0.8659504433823553,false,354,4004,0.8659504433823553
354,4973,0.702065573187106,false,354,4973,0.702065573187106
354,28946,0.8909026316019719,false,354,28946,0.8909026316019719
354,102724714,0.7711149063264533,false,354,102724714,0.7711149063264533
354,28809,0.9120793639695971,false,354,28809,0.9120793639695971
354,5653,0.8734675249581033,false,354,5653,0.8734675249581033
27063,5650,0.7590598832334542,false,27063,5650,0.7590598832334542
27063,339256,0.7067045772780005,false,27063,339256,0.7067045772780005
27063,58,0.9010865704695799,false,27063,58,0.9010865704695799
27063,10437,0.7721358804949688,false,27063,10437,0.7721358804949688
27063,145873,0.7986287661644204,false,27063,145873,0.7986287661644204
27063,101929215,0.7360031480327411,false,27063,101929215,0.7360031480327411
27063,285987,0.7858716210959029,false,27063,285987,0.7858716210959029
27063,55057,0.8000415305692008,false,27063,55057,0.8000415305692008
27063,4166,0.7208328051765368,false,27063,4166,0.7208328051765368
27063,115701,0.7209088448397818,false,27063,115701,0.7209088448397818
27063,3502,0.786553204577216,false,27063,3502,0.786553204577216
27063,389336,0.7702174392652068,false,27063,389336,0.7702174392652068
27063,4004,0.781602314019286,false,27063,4004,0.781602314019286
27063,102724714,0.9434083028382738,false,27063,102724714,0.9434083028382738
27063,28809,0.7834138523191638,false,27063,28809,0.7834138523191638
27063,5653,0.7550228836194871,false,27063,5653,0.7550228836194871
55655,1749,0.8403692413371031,false,55655,1749,0.8403692413371031
55655,5650,0.8744638969558489,false,55655,5650,0.8744638969558489
55655,115019,0.724032065738732,false,55655,115019,0.724032065738732
55655,339256,0.76069114224731,false,55655,339256,0.76069114224731
55655,10437,0.8128975201042268,false,55655,10437,0.8128975201042268
55655,2019,0.8038711971994627,false,55655,2019,0.8038711971994627
55655,145873,0.7740745199712131,false,55655,145873,0.7740745199712131
55655,285987,0.8253956084210589,false,55655,285987,0.8253956084210589
55655,3502,0.8032702581900079,false,55655,3502,0.8032702581900079
55655,389336,0.8635419306904499,false,55655,389336,0.8635419306904499
55655,25818,0.787854715334542,false,55655,25818,0.787854715334542
55655,100506827,0.724032065738732,false,55655,100506827,0.724032065738732
55655,4004,0.8537284249350358,false,55655,4004,0.8537284249350358
55655,4973,0.747522257503915,false,55655,4973,0.747522257503915
55655,28946,0.7417939317872443,false,55655,28946,0.7417939317872443
55655,102724714,0.7283833934690825,false,55655,102724714,0.7283833934690825
55655,28809,0.8338662671010598,false,55655,28809,0.8338662671010598
55655,5653,0.8607173420879022,false,55655,5653,0.8607173420879022
158228,2277,0.8845108006045499,false,158228,2277,0.8845108006045499
158228,107986606,1.0,false,158228,107986606,1.0
158228,7546,0.9999999999999991,false,158228,7546,0.9999999999999991
158228,81849,0.9274395064335058,false,158228,81849,0.9274395064335058
158228,107985492,0.9999999999999991,false,158228,107985492,0.9999999999999991
158228,6495,0.9928527198181083,false,158228,6495,0.9928527198181083
158228,3352,0.8934758052702659,false,158228,3352,0.8934758052702659
158228,54101,0.9984738945976597,false,158228,54101,0.9984738945976597
158228,101101772,0.8152794197904338,false,158228,101101772,0.8152794197904338
158228,245972,0.8226701235339077,false,158228,245972,0.8226701235339077
158228,340273,0.999991415697936,false,158228,340273,0.999991415697936
158228,101927355,0.9770680867279524,false,158228,101927355,0.9770680867279524
158228,366,0.9068609158151415,false,158228,366,0.9068609158151415
158228,4547,0.9533654689566783,false,158228,4547,0.9533654689566783
158228,253650,0.9295721625616551,false,158228,253650,0.9295721625616551
158228,654499,0.9998297577041857,false,158228,654499,0.9998297577041857
158228,100996301,0.9794648886210694,false,158228,100996301,0.9794648886210694
100422894,2250,0.7022181893909352,false,100422894,2250,0.7022181893909352
100422894,338797,0.7266053742050623,false,100422894,338797,0.7266053742050623
5101,79100,0.888295525840866,false,5101,79100,0.888295525840866
5101,338376,0.8799948727530945,false,5101,338376,0.8799948727530945
5101,6332,0.7486843591850532,false,5101,6332,0.7486843591850532
5101,7681,0.7865951014212138,false,5101,7681,0.7865951014212138
5101,100506655,0.7448916623354175,false,5101,100506655,0.7448916623354175
5101,105376042,0.7887554057760833,false,5101,105376042,0.7887554057760833
5101,122042,0.7282495748775358,false,5101,122042,0.7282495748775358
5101,101060400,0.7887554057760838,false,5101,101060400,0.7887554057760838
5101,57624,0.8378994132150519,false,5101,57624,0.8378994132150519
5101,554202,0.877976232442475,false,5101,554202,0.877976232442475
5101,9355,0.8926746896197364,false,5101,9355,0.8926746896197364
79100,338376,0.8262928854615904,false,79100,338376,0.8262928854615904
79100,5083,0.7836249850713325,false,79100,5083,0.7836249850713325
79100,7681,0.7160029995342523,false,79100,7681,0.7160029995342523
79100,105376042,0.7186366835727088,false,79100,105376042,0.7186366835727088
79100,101060400,0.7186366835727087,false,79100,101060400,0.7186366835727087
79100,57624,0.9470415182685261,false,79100,57624,0.9470415182685261
79100,554202,0.8115609042949385,false,79100,554202,0.8115609042949385
79100,9355,0.8056010642792579,false,79100,9355,0.8056010642792579
8355,111216286,0.8984127372645653,false,8355,111216286,0.8984127372645653
8355,6273,0.9389176539400185,false,8355,6273,0.9389176539400185
8355,103689845,0.8753802122585518,false,8355,103689845,0.8753802122585518
8355,338667,0.9257883511565936,false,8355,338667,0.9257883511565936
8355,101927760,0.9474459626115446,false,8355,101927760,0.9474459626115446
8355,338797,0.859283726105409,false,8355,338797,0.859283726105409
166979,6860,0.9414421676766127,false,166979,6860,0.9414421676766127
166979,4283,0.9221341011731542,false,166979,4283,0.9221341011731542
166979,3053,0.8372871063675271,false,166979,3053,0.8372871063675271
166979,594855,0.8714578577035769,false,166979,594855,0.8714578577035769
166979,5865,0.9992442570502982,false,166979,5865,0.9992442570502982
166979,3580,0.9838177551636564,false,166979,3580,0.9838177551636564
166979,101927686,0.8902071943541646,false,166979,101927686,0.8902071943541646
166979,3512,0.8224346217911057,false,166979,3512,0.8224346217911057
166979,113730,0.7714089549055307,false,166979,113730,0.7714089549055307
166979,6716,0.9660000830074872,false,166979,6716,0.9660000830074872
166979,219527,0.9454917057204749,false,166979,219527,0.9454917057204749
1750,115019,0.7335334274260852,false,1750,115019,0.7335334274260852
1750,5008,0.8613629879452553,false,1750,5008,0.8613629879452553
1750,3856,0.9750974792390704,false,1750,3856,0.9750974792390704
1750,113218482,0.9595885370075226,false,1750,113218482,0.9595885370075226
1750,84561,0.8874128568920749,false,1750,84561,0.8874128568920749
1750,100506827,0.7335334274260852,false,1750,100506827,0.7335334274260852
89886,344,0.8732674211263167,false,89886,344,0.8732674211263167
89886,5798,0.891208822137083,false,89886,5798,0.891208822137083
89886,105378305,0.9351615466728613,false,89886,105378305,0.9351615466728613
89886,29991,0.8313575808143263,false,89886,29991,0.8313575808143263
89886,105371275,0.8848793948874344,false,89886,105371275,0.8848793948874344
89886,168002,0.9002112348256286,false,89886,168002,0.9002112348256286
89886,109729169,0.7823572702416363,false,89886,109729169,0.7823572702416363
111216286,6273,0.8833247309163073,false,111216286,6273,0.8833247309163073
111216286,103689845,0.850853156893887,false,111216286,103689845,0.850853156893887
111216286,338667,0.8852855145036739,false,111216286,338667,0.8852855145036739
111216286,101927760,0.931565829630583,false,111216286,101927760,0.931565829630583
111216286,338797,0.8440149157890755,false,111216286,338797,0.8440149157890755
105375610,9833,0.7364437692064947,false,105375610,9833,0.7364437692064947
105375610,995,0.8214597761184721,false,105375610,995,0.8214597761184721
105375610,158511,0.8173029891371971,false,105375610,158511,0.8173029891371971
105375610,56992,0.7532943787375845,false,105375610,56992,0.7532943787375845
105375610,55872,0.8330630061568469,false,105375610,55872,0.8330630061568469
105375610,107985017,0.8424103732844627,false,105375610,107985017,0.8424103732844627
105375610,6241,0.8082551046993568,false,105375610,6241,0.8082551046993568
105375610,24137,0.7190892084230972,false,105375610,24137,0.7190892084230972
105375610,9787,0.8840275829496872,false,105375610,9787,0.8840275829496872
105375610,9212,0.7480907707911179,false,105375610,9212,0.7480907707911179
105375610,1063,0.8232216076861919,false,105375610,1063,0.8232216076861919
105375610,113115,0.8392230295464563,false,105375610,113115,0.8392230295464563
105375610,128239,0.7258237184719074,false,105375610,128239,0.7258237184719074
105375610,146909,0.7236757120228365,false,105375610,146909,0.7236757120228365
105375610,1058,0.8830997776844173,false,105375610,1058,0.8830997776844173
105375610,3833,0.848294981830743,false,105375610,3833,0.848294981830743
105375610,9232,0.7680081189147782,false,105375610,9232,0.7680081189147782
105375610,221150,0.7959859134803577,false,105375610,221150,0.7959859134803577
105375610,100507118,0.8694670473305366,false,105375610,100507118,0.8694670473305366
105375610,991,0.7483464201222435,false,105375610,991,0.7483464201222435
9833,995,0.7000181864872809,false,9833,995,0.7000181864872809
9833,55872,0.8730239682950237,false,9833,55872,0.8730239682950237
9833,107985017,0.749322441405987,false,9833,107985017,0.749322441405987
9833,6241,0.8581682011522039,false,9833,6241,0.8581682011522039
9833,24137,0.7605877402193131,false,9833,24137,0.7605877402193131
9833,9787,0.8182316553170115,false,9833,9787,0.8182316553170115
9833,9212,0.7139477453482174,false,9833,9212,0.7139477453482174
9833,1063,0.7642684198364159,false,9833,1063,0.7642684198364159
9833,113115,0.7288470149899097,false,9833,113115,0.7288470149899097
9833,128239,0.7078108604155235,false,9833,128239,0.7078108604155235
9833,146909,0.7886967279445414,false,9833,146909,0.7886967279445414
9833,1058,0.7901666169494513,false,9833,1058,0.7901666169494513
9833,3833,0.7529821992768112,false,9833,3833,0.7529821992768112
9833,64151,0.724855195594669,false,9833,64151,0.724855195594669
9833,9232,0.709522910001861,false,9833,9232,0.709522910001861
9833,221150,0.8107420163944429,false,9833,221150,0.8107420163944429
9833,100507118,0.8088817492345551,false,9833,100507118,0.8088817492345551
6860,4283,0.8836442910880175,false,6860,4283,0.8836442910880175
6860,3053,0.7534313314086237,false,6860,3053,0.7534313314086237
6860,594855,0.8006484563916317,false,6860,594855,0.8006484563916317
6860,5865,0.9354124044025212,false,6860,5865,0.9354124044025212
6860,3580,0.9211842708176166,false,6860,3580,0.9211842708176166
6860,101927686,0.82411478856673,false,6860,101927686,0.82411478856673
6860,3512,0.7538272564043504,false,6860,3512,0.7538272564043504
6860,113730,0.8058636334636102,false,6860,113730,0.8058636334636102
6860,6716,0.9072625832186233,false,6860,6716,0.9072625832186233
6860,219527,0.917950466750084,false,6860,219527,0.917950466750084
2834,56300,0.9064031237712107,false,2834,56300,0.9064031237712107
2834,574029,0.9393137800145189,false,2834,574029,0.9393137800145189
2834,6664,0.8594772725267553,false,2834,6664,0.8594772725267553
2834,1301,0.902156500186678,false,2834,1301,0.902156500186678
2834,107986951,0.9051241965886316,false,2834,107986951,0.9051241965886316
1749,5650,0.9310162443321492,false,1749,5650,0.9310162443321492
1749,115019,0.7792892151110091,false,1749,115019,0.7792892151110091
1749,58,0.8325530250377036,false,1749,58,0.8325530250377036
1749,10437,0.8306525878314789,false,1749,10437,0.8306525878314789
1749,2019,0.8181503329388928,false,1749,2019,0.8181503329388928
1749,145873,0.8527286108047218,false,1749,145873,0.8527286108047218
1749,285987,0.8979195028127899,false,1749,285987,0.8979195028127899
1749,3502,0.8117708401128072,false,1749,3502,0.8117708401128072
1749,389336,0.925589916853941,false,1749,389336,0.925589916853941
1749,25818,0.866377196174421,false,1749,25818,0.866377196174421
1749,100506827,0.7792892151110091,false,1749,100506827,0.7792892151110091
1749,4004,0.8975230634852295,false,1749,4004,0.8975230634852295
1749,4973,0.8238073433685119,false,1749,4973,0.8238073433685119
1749,102724714,0.7009465227997638,false,1749,102724714,0.7009465227997638
1749,28809,0.8805006753093626,false,1749,28809,0.8805006753093626
1749,5653,0.926208707304308,false,1749,5653,0.926208707304308
729447,158511,0.7449917940949043,false,729447,158511,0.7449917940949043
729447,101929215,0.7156932139483423,false,729447,101929215,0.7156932139483423
729447,9582,0.8451620879659932,false,729447,9582,0.8451620879659932
729447,112937,0.7030401092031338,false,729447,112937,0.7030401092031338
729447,3664,0.9197006851809753,false,729447,3664,0.9197006851809753
729447,9212,0.7042228922421832,false,729447,9212,0.7042228922421832
729447,102723547,0.9658256171662923,false,729447,102723547,0.9658256171662923
2277,107986606,0.8845108006045507,false,2277,107986606,0.8845108006045507
2277,338376,0.8686527184679474,false,2277,338376,0.8686527184679474
2277,7546,0.8845108006045507,false,2277,7546,0.8845108006045507
2277,81849,0.9072861177278607,false,2277,81849,0.9072861177278607
2277,107985492,0.8845108006045503,false,2277,107985492,0.8845108006045503
2277,6495,0.868696825577014,false,2277,6495,0.868696825577014
2277,3352,0.7610878114212631,false,2277,3352,0.7610878114212631
2277,54101,0.8740047133328813,false,2277,54101,0.8740047133328813
2277,101101772,0.7385650082726656,false,2277,101101772,0.7385650082726656
2277,245972,0.791539896235517,false,2277,245972,0.791539896235517
2277,340273,0.8848948617853516,false,2277,340273,0.8848948617853516
2277,101927355,0.8967818357398707,false,2277,101927355,0.8967818357398707
2277,366,0.8674676034993283,false,2277,366,0.8674676034993283
2277,4547,0.8440667966310171,false,2277,4547,0.8440667966310171
2277,554202,0.7227475877513158,false,2277,554202,0.7227475877513158
2277,253650,0.889587310501137,false,2277,253650,0.889587310501137
2277,654499,0.8876738629848535,false,2277,654499,0.8876738629848535
2277,100996301,0.8471025156816221,false,2277,100996301,0.8471025156816221
2277,3627,0.7192267263659532,false,2277,3627,0.7192267263659532
5650,115019,0.781798231535853,false,5650,115019,0.781798231535853
5650,339256,0.8582230780891718,false,5650,339256,0.8582230780891718
5650,58,0.9219050812527071,false,5650,58,0.9219050812527071
5650,10437,0.8141215516422096,false,5650,10437,0.8141215516422096
5650,2019,0.9168815435050233,false,5650,2019,0.9168815435050233
5650,145873,0.8812872685545509,false,5650,145873,0.8812872685545509
5650,285987,0.9894551107151549,false,5650,285987,0.9894551107151549
5650,115701,0.7139227529674538,false,5650,115701,0.7139227529674538
5650,3502,0.9064765279887835,false,5650,3502,0.9064765279887835
5650,389336,0.9939900439828052,false,5650,389336,0.9939900439828052
5650,25818,0.9594918866945502,false,5650,25818,0.9594918866945502
5650,100506827,0.781798231535853,false,5650,100506827,0.781798231535853
5650,4004,0.9923964873511466,false,5650,4004,0.9923964873511466
5650,4973,0.8266236541736967,false,5650,4973,0.8266236541736967
5650,28946,0.7789905373660745,false,5650,28946,0.7789905373660745
5650,102724714,0.8182304002890086,false,5650,102724714,0.8182304002890086
5650,28809,0.9773019463774676,false,5650,28809,0.9773019463774676
5650,5653,0.9909518608228146,false,5650,5653,0.9909518608228146
6273,103689845,0.9326635737137163,false,6273,103689845,0.9326635737137163
6273,338667,0.9890749184592074,false,6273,338667,0.9890749184592074
6273,101927760,0.9789682569603716,false,6273,101927760,0.9789682569603716
6273,338797,0.9618356195980314,false,6273,338797,0.9618356195980314
995,113130,0.847115374084871,false,995,113130,0.847115374084871
995,158511,0.773456674291864,false,995,158511,0.773456674291864
995,332,0.8862333547161702,false,995,332,0.8862333547161702
995,56992,0.7755570142819616,false,995,56992,0.7755570142819616
995,55872,0.8283908345343765,false,995,55872,0.8283908345343765
995,107985017,0.7369557692748894,false,995,107985017,0.7369557692748894
995,6241,0.9049418913555483,false,995,6241,0.9049418913555483
995,24137,0.8273413925592784,false,995,24137,0.8273413925592784
995,112937,0.8076251453143644,false,995,112937,0.8076251453143644
995,9787,0.9239552761808564,false,995,9787,0.9239552761808564
995,9212,0.8402769144797592,false,995,9212,0.8402769144797592
995,1063,0.925592863304273,false,995,1063,0.925592863304273
995,113115,0.8282981586165317,false,995,113115,0.8282981586165317
995,128239,0.8312029623940048,false,995,128239,0.8312029623940048
995,146909,0.8175119855222478,false,995,146909,0.8175119855222478
995,1058,0.7237388679334024,false,995,1058,0.7237388679334024
995,3833,0.8529912502901786,false,995,3833,0.8529912502901786
995,64151,0.8140970064364719,false,995,64151,0.8140970064364719
995,9232,0.8841168954737718,false,995,9232,0.8841168954737718
995,221150,0.7997977582356178,false,995,221150,0.7997977582356178
995,100507118,0.8840534210536322,false,995,100507118,0.8840534210536322
995,991,0.9125036286095242,false,995,991,0.9125036286095242
56300,574029,0.9044659115823207,false,56300,574029,0.9044659115823207
56300,6664,0.7648498279468829,false,56300,6664,0.7648498279468829
56300,1301,0.9522444602500172,false,56300,1301,0.9522444602500172
56300,107986951,0.7509006742034001,false,56300,107986951,0.7509006742034001
107986606,7546,1.0,false,107986606,7546,1.0
107986606,81849,0.9274395064335068,false,107986606,81849,0.9274395064335068
107986606,107985492,1.0,false,107986606,107985492,1.0
107986606,6495,0.9928527198181092,false,107986606,6495,0.9928527198181092
107986606,3352,0.8934758052702668,false,107986606,3352,0.8934758052702668
107986606,54101,0.998473894597661,false,107986606,54101,0.998473894597661
107986606,101101772,0.8152794197904346,false,107986606,101101772,0.8152794197904346
107986606,245972,0.8226701235339081,false,107986606,245972,0.8226701235339081
107986606,340273,0.9999914156979368,false,107986606,340273,0.9999914156979368
107986606,101927355,0.9770680867279535,false,107986606,101927355,0.9770680867279535
107986606,366,0.9068609158151423,false,107986606,366,0.9068609158151423
107986606,4547,0.9533654689566791,false,107986606,4547,0.9533654689566791
107986606,253650,0.9295721625616566,false,107986606,253650,0.9295721625616566
107986606,654499,0.999829757704187,false,107986606,654499,0.999829757704187
107986606,100996301,0.9794648886210707,false,107986606,100996301,0.9794648886210707
115019,58,0.7209205457998484,false,115019,58,0.7209205457998484
115019,2019,0.7055198227930662,false,115019,2019,0.7055198227930662
115019,145873,0.7618229817546668,false,115019,145873,0.7618229817546668
115019,3856,0.7123360464566769,false,115019,3856,0.7123360464566769
115019,285987,0.8065937980213214,false,115019,285987,0.8065937980213214
115019,55057,0.7048063933907078,false,115019,55057,0.7048063933907078
115019,3502,0.7894012374492678,false,115019,3502,0.7894012374492678
115019,389336,0.7793591147985227,false,115019,389336,0.7793591147985227
115019,25818,0.7212651677084189,false,115019,25818,0.7212651677084189
115019,100506827,1.0,false,115019,100506827,1.0
115019,4004,0.8044270306993128,false,115019,4004,0.8044270306993128
115019,4973,0.7162028386961441,false,115019,4973,0.7162028386961441
115019,28946,0.712738137667267,false,115019,28946,0.712738137667267
115019,28809,0.8203442423922015,false,115019,28809,0.8203442423922015
115019,5653,0.8489994239200807,false,115019,5653,0.8489994239200807
113130,158511,0.7711893741204937,false,113130,158511,0.7711893741204937
113130,332,0.8385991610495912,false,113130,332,0.8385991610495912
113130,56992,0.7256901051679127,false,113130,56992,0.7256901051679127
113130,107985017,0.7716715256498644,false,113130,107985017,0.7716715256498644
113130,6241,0.818917248590777,false,113130,6241,0.818917248590777
113130,24137,0.7650762135350023,false,113130,24137,0.7650762135350023
113130,112937,0.7582685252864626,false,113130,112937,0.7582685252864626
113130,9787,0.8526226007555067,false,113130,9787,0.8526226007555067
113130,9212,0.9010582698390255,false,113130,9212,0.9010582698390255
113130,1063,0.8080729707342081,false,113130,1063,0.8080729707342081
113130,128239,0.7885164070434901,false,113130,128239,0.7885164070434901
113130,146909,0.8717750731004741,false,113130,146909,0.8717750731004741
113130,1058,0.7434820413491525,false,113130,1058,0.7434820413491525
113130,3833,0.7732046312515846,false,113130,3833,0.7732046312515846
113130,9232,0.9379511516889497,false,113130,9232,0.9379511516889497
113130,221150,0.8281594446198499,false,113130,221150,0.8281594446198499
113130,100507118,0.7966670331541347,false,113130,100507118,0.7966670331541347
113130,991,0.9193965324356249,false,113130,991,0.9193965324356249
113130,102723547,0.7248849672682007,false,113130,102723547,0.7248849672682007
338376,81849,0.7295686272904242,false,338376,81849,0.7295686272904242
338376,5083,0.7514392357351192,false,338376,5083,0.7514392357351192
338376,7681,0.701864198385187,false,338376,7681,0.701864198385187
338376,245972,0.7292963056393197,false,338376,245972,0.7292963056393197
338376,105376042,0.7037476105272319,false,338376,105376042,0.7037476105272319
338376,101927355,0.7002612248066612,false,338376,101927355,0.7002612248066612
338376,101060400,0.7037476105272324,false,338376,101060400,0.7037476105272324
338376,57624,0.8080228069030181,false,338376,57624,0.8080228069030181
338376,554202,0.9355725339115403,false,338376,554202,0.9355725339115403
338376,3627,0.7634998040291388,false,338376,3627,0.7634998040291388
338376,9355,0.890740338305788,false,338376,9355,0.890740338305788
103689845,338667,0.9384212713256626,false,103689845,338667,0.9384212713256626
103689845,101927760,0.8987354107332468,false,103689845,101927760,0.8987354107332468
103689845,338797,0.9233170920528415,false,103689845,338797,0.9233170920528415
158511,56992,0.7363954018920368,false,158511,56992,0.7363954018920368
158511,107985017,0.7242010347554982,false,158511,107985017,0.7242010347554982
158511,6241,0.7406783086318882,false,158511,6241,0.7406783086318882
158511,112937,0.900590349210212,false,158511,112937,0.900590349210212
158511,9787,0.8454930923022814,false,158511,9787,0.8454930923022814
158511,3664,0.7140090205732057,false,158511,3664,0.7140090205732057
158511,9212,0.8874313362794671,false,158511,9212,0.8874313362794671
158511,1063,0.7068340278568157,false,158511,1063,0.7068340278568157
158511,113115,0.8171704561735672,false,158511,113115,0.8171704561735672
158511,128239,0.86377001981503,false,158511,128239,0.86377001981503
158511,146909,0.7550541307126615,false,158511,146909,0.7550541307126615
158511,1058,0.7694918805926108,false,158511,1058,0.7694918805926108
158511,3833,0.8901870889640441,false,158511,3833,0.8901870889640441
158511,9232,0.80873898542432,false,158511,9232,0.80873898542432
158511,221150,0.7668554087038267,false,158511,221150,0.7668554087038267
158511,991,0.873824329444532,false,158511,991,0.873824329444532
158511,102723547,0.7847020770671358,false,158511,102723547,0.7847020770671358
7546,81849,0.9274395064335064,false,7546,81849,0.9274395064335064
7546,107985492,1.0,false,7546,107985492,1.0
7546,6495,0.9928527198181091,false,7546,6495,0.9928527198181091
7546,3352,0.8934758052702668,false,7546,3352,0.8934758052702668
7546,54101,0.9984738945976603,false,7546,54101,0.9984738945976603
7546,101101772,0.8152794197904343,false,7546,101101772,0.8152794197904343
7546,245972,0.8226701235339086,false,7546,245972,0.8226701235339086
7546,340273,0.999991415697936,false,7546,340273,0.999991415697936
7546,101927355,0.9770680867279529,false,7546,101927355,0.9770680867279529
7546,366,0.906860915815142,false,7546,366,0.906860915815142
7546,4547,0.9533654689566785,false,7546,4547,0.9533654689566785
7546,253650,0.9295721625616558,false,7546,253650,0.9295721625616558
7546,654499,0.9998297577041864,false,7546,654499,0.9998297577041864
7546,100996301,0.97946488862107,false,7546,100996301,0.97946488862107
81849,107985492,0.9274395064335064,false,81849,107985492,0.9274395064335064
81849,6495,0.9068739090696578,false,81849,6495,0.9068739090696578
81849,3352,0.8732526661701279,false,81849,3352,0.8732526661701279
81849,50852,0.8232591667063068,false,81849,50852,0.8232591667063068
81849,54101,0.9314565515181208,false,81849,54101,0.9314565515181208
81849,101101772,0.825932857844249,false,81849,101101772,0.825932857844249
81849,245972,0.8696718166629624,false,81849,245972,0.8696718166629624
81849,340273,0.9275181864499027,false,81849,340273,0.9275181864499027
81849,101927355,0.942848255911699,false,81849,101927355,0.942848255911699
81849,366,0.8383599873062478,false,81849,366,0.8383599873062478
81849,4547,0.8880859067502047,false,81849,4547,0.8880859067502047
81849,253650,0.9035114369948576,false,81849,253650,0.9035114369948576
81849,654499,0.9282818455873051,false,81849,654499,0.9282818455873051
81849,100996301,0.9589901443821089,false,81849,100996301,0.9589901443821089
81849,3627,0.8285618511145322,false,81849,3627,0.8285618511145322
332,56992,0.8401840904202246,false,332,56992,0.8401840904202246
332,55872,0.8428206742215257,false,332,55872,0.8428206742215257
332,6241,0.9396475254997151,false,332,6241,0.9396475254997151
332,24137,0.9038394333308553,false,332,24137,0.9038394333308553
332,9787,0.9091500371379526,false,332,9787,0.9091500371379526
332,9212,0.8140586856025588,false,332,9212,0.8140586856025588
332,1063,0.8990975929365944,false,332,1063,0.8990975929365944
332,128239,0.7630704344982051,false,332,128239,0.7630704344982051
332,146909,0.7721653138406336,false,332,146909,0.7721653138406336
332,1058,0.7264066704595643,false,332,1058,0.7264066704595643
332,64151,0.9117454665504368,false,332,64151,0.9117454665504368
332,9232,0.8611395211477586,false,332,9232,0.8611395211477586
332,221150,0.8145869958787768,false,332,221150,0.8145869958787768
332,100507118,0.8258399027100655,false,332,100507118,0.8258399027100655
332,991,0.8425336067206904,false,332,991,0.8425336067206904
107985492,6495,0.9928527198181087,false,107985492,6495,0.9928527198181087
107985492,3352,0.8934758052702668,false,107985492,3352,0.8934758052702668
107985492,54101,0.9984738945976603,false,107985492,54101,0.9984738945976603
107985492,101101772,0.8152794197904342,false,107985492,101101772,0.8152794197904342
107985492,245972,0.8226701235339084,false,107985492,245972,0.8226701235339084
107985492,340273,0.9999914156979361,false,107985492,340273,0.9999914156979361
107985492,101927355,0.9770680867279529,false,107985492,101927355,0.9770680867279529
107985492,366,0.906860915815142,false,107985492,366,0.906860915815142
107985492,4547,0.9533654689566785,false,107985492,4547,0.9533654689566785
107985492,253650,0.9295721625616558,false,107985492,253650,0.9295721625616558
107985492,654499,0.9998297577041863,false,107985492,654499,0.9998297577041863
107985492,100996301,0.9794648886210701,false,107985492,100996301,0.9794648886210701
344,5798,0.9130553164786694,false,344,5798,0.9130553164786694
344,105378305,0.8161260696316206,false,344,105378305,0.8161260696316206
344,29991,0.7883452051703445,false,344,29991,0.7883452051703445
344,105371275,0.7714666423701949,false,344,105371275,0.7714666423701949
344,168002,0.8803266700349367,false,344,168002,0.8803266700349367
344,109729169,0.8761806398285893,false,344,109729169,0.8761806398285893
219970,6332,0.7293540229320814,false,219970,6332,0.7293540229320814
219970,7681,0.7951848304536435,false,219970,7681,0.7951848304536435
219970,100506655,0.814531906057768,false,219970,100506655,0.814531906057768
219970,105376042,0.790470443062161,false,219970,105376042,0.790470443062161
219970,122042,0.7935697978332662,false,219970,122042,0.7935697978332662
219970,101060400,0.7904704430621613,false,219970,101060400,0.7904704430621613
219970,9355,0.7734179167633279,false,219970,9355,0.7734179167633279
4283,3053,0.7927373844310361,false,4283,3053,0.7927373844310361
4283,594855,0.8236810232986417,false,4283,594855,0.8236810232986417
4283,5865,0.9161765555157352,false,4283,5865,0.9161765555157352
4283,3580,0.9565137165505984,false,4283,3580,0.9565137165505984
4283,101927686,0.9621468782789772,false,4283,101927686,0.9621468782789772
4283,3512,0.7946867574822735,false,4283,3512,0.7946867574822735
4283,113730,0.7879755479617027,false,4283,113730,0.7879755479617027
4283,6716,0.8698702139532329,false,4283,6716,0.8698702139532329
4283,219527,0.8580971983302255,false,4283,219527,0.8580971983302255
105371152,79674,0.8698092694663668,false,105371152,79674,0.8698092694663668
105371152,3502,0.8136852945564258,false,105371152,3502,0.8136852945564258
105371152,28946,0.9181117614548205,false,105371152,28946,0.9181117614548205
105371152,3512,0.9097899949588879,false,105371152,3512,0.9097899949588879
105371152,113730,0.7159513434724044,false,105371152,113730,0.7159513434724044
105371152,28809,0.7042141852152938,false,105371152,28809,0.7042141852152938
3053,594855,0.9122726531142077,false,3053,594855,0.9122726531142077
3053,5865,0.8446856736939352,false,3053,5865,0.8446856736939352
3053,3580,0.8421163624487307,false,3053,3580,0.8421163624487307
3053,101927686,0.7108900983354586,false,3053,101927686,0.7108900983354586
3053,3512,0.7075913941971663,false,3053,3512,0.7075913941971663
3053,113730,0.7800879824510142,false,3053,113730,0.7800879824510142
3053,6716,0.8251798286935726,false,3053,6716,0.8251798286935726
3053,219527,0.7669971486477366,false,3053,219527,0.7669971486477366
339256,58,0.7676875008104936,false,339256,58,0.7676875008104936
339256,10437,0.7031132234776184,false,339256,10437,0.7031132234776184
339256,2019,0.881409264154044,false,339256,2019,0.881409264154044
339256,145873,0.7207052689149427,false,339256,145873,0.7207052689149427
339256,285987,0.8703143316032439,false,339256,285987,0.8703143316032439
339256,55057,0.708836362484424,false,339256,55057,0.708836362484424
339256,3502,0.7466235708082384,false,339256,3502,0.7466235708082384
339256,389336,0.8300092612788907,false,339256,389336,0.8300092612788907
339256,25818,0.83488750365226,false,339256,25818,0.83488750365226
339256,4004,0.8867693168886134,false,339256,4004,0.8867693168886134
339256,4973,0.7810190440753003,false,339256,4973,0.7810190440753003
339256,102724714,0.7531730452143779,false,339256,102724714,0.7531730452143779
339256,28809,0.850745029260016,false,339256,28809,0.850745029260016
339256,5653,0.8575468536046055,false,339256,5653,0.8575468536046055
338667,101927760,0.9850129472199777,false,338667,101927760,0.9850129472199777
338667,338797,0.9699824845234598,false,338667,338797,0.9699824845234598
58,10437,0.766960459691713,false,58,10437,0.766960459691713
58,2019,0.8409619348218987,false,58,2019,0.8409619348218987
58,145873,0.9152454851736747,false,58,145873,0.9152454851736747
58,285987,0.9446071723247842,false,58,285987,0.9446071723247842
58,55057,0.7965338036787338,false,58,55057,0.7965338036787338
58,115701,0.7384557102320253,false,58,115701,0.7384557102320253
58,3502,0.8910854280407416,false,58,3502,0.8910854280407416
58,389336,0.9319192797120902,false,58,389336,0.9319192797120902
58,25818,0.8849402768963262,false,58,25818,0.8849402768963262
58,100506827,0.7209205457998485,false,58,100506827,0.7209205457998485
58,4004,0.9309809556763188,false,58,4004,0.9309809556763188
58,4973,0.7456604311453645,false,58,4973,0.7456604311453645
58,28946,0.7264325254382076,false,58,28946,0.7264325254382076
58,102724714,0.8923750002817604,false,58,102724714,0.8923750002817604
58,28809,0.9321111402985977,false,58,28809,0.9321111402985977
58,5653,0.9195670282502546,false,58,5653,0.9195670282502546
5008,3856,0.8559039239623596,false,5008,3856,0.8559039239623596
5008,113218482,0.8529593949233373,false,5008,113218482,0.8529593949233373
5008,84561,0.8436194254380497,false,5008,84561,0.8436194254380497
10437,145873,0.7047617974745722,false,10437,145873,0.7047617974745722
10437,285987,0.7713804806201244,false,10437,285987,0.7713804806201244
10437,4166,0.7035837643881264,false,10437,4166,0.7035837643881264
10437,3502,0.7162012315316244,false,10437,3502,0.7162012315316244
10437,389336,0.7810201676299277,false,10437,389336,0.7810201676299277
10437,25818,0.7459991911585506,false,10437,25818,0.7459991911585506
10437,4004,0.8004467101106378,false,10437,4004,0.8004467101106378
10437,4973,0.8874149938194695,false,10437,4973,0.8874149938194695
10437,102724714,0.8534338363452086,false,10437,102724714,0.8534338363452086
10437,28809,0.7559173424964515,false,10437,28809,0.7559173424964515
10437,5653,0.8033013585334778,false,10437,5653,0.8033013585334778
56992,55872,0.7773219455151495,false,56992,55872,0.7773219455151495
56992,6241,0.8975523786403447,false,56992,6241,0.8975523786403447
56992,24137,0.867620745007295,false,56992,24137,0.867620745007295
56992,9787,0.8626920174387294,false,56992,9787,0.8626920174387294
56992,9212,0.7735851353497892,false,56992,9212,0.7735851353497892
56992,1063,0.7535402353989231,false,56992,1063,0.7535402353989231
56992,113115,0.7113311399920494,false,56992,113115,0.7113311399920494
56992,128239,0.7539787368610995,false,56992,128239,0.7539787368610995
56992,1058,0.763689866448208,false,56992,1058,0.763689866448208
56992,64151,0.807692997684611,false,56992,64151,0.807692997684611
56992,9232,0.7335921991851635,false,56992,9232,0.7335921991851635
56992,221150,0.8553265576208791,false,56992,221150,0.8553265576208791
56992,100507118,0.841649869656861,false,56992,100507118,0.841649869656861
56992,991,0.7115273834149412,false,56992,991,0.7115273834149412
2019,145873,0.8592509138564721,false,2019,145873,0.8592509138564721
2019,285987,0.9253463072052467,false,2019,285987,0.9253463072052467
2019,55057,0.7936267460616575,false,2019,55057,0.7936267460616575
2019,3502,0.8369243939635866,false,2019,3502,0.8369243939635866
2019,389336,0.9157445071326512,false,2019,389336,0.9157445071326512
2019,25818,0.8585472630349372,false,2019,25818,0.8585472630349372
2019,100506827,0.7055198227930661,false,2019,100506827,0.7055198227930661
2019,4004,0.9272287272843471,false,2019,4004,0.9272287272843471
2019,4973,0.7398223263591243,false,2019,4973,0.7398223263591243
2019,28946,0.7239796350775011,false,2019,28946,0.7239796350775011
2019,102724714,0.7134679330766622,false,2019,102724714,0.7134679330766622
2019,28809,0.9136428622486238,false,2019,28809,0.9136428622486238
2019,5653,0.9064264870345174,false,2019,5653,0.9064264870345174
594855,5865,0.872048008855657,false,594855,5865,0.872048008855657
594855,3580,0.8917371531817538,false,594855,3580,0.8917371531817538
594855,101927686,0.7489300011133352,false,594855,101927686,0.7489300011133352
594855,3512,0.7860343264644994,false,594855,3512,0.7860343264644994
594855,113730,0.7480303553323462,false,594855,113730,0.7480303553323462
594855,6716,0.8658038389708967,false,594855,6716,0.8658038389708967
594855,219527,0.7821943740099809,false,594855,219527,0.7821943740099809
5865,3580,0.9811143783909104,false,5865,3580,0.9811143783909104
5865,101927686,0.8848717475218202,false,5865,101927686,0.8848717475218202
5865,3512,0.821660666247124,false,5865,3512,0.821660666247124
5865,113730,0.7730938552181131,false,5865,113730,0.7730938552181131
5865,6716,0.9666888894829156,false,5865,6716,0.9666888894829156
5865,219527,0.942913842817681,false,5865,219527,0.942913842817681
145873,285987,0.8877734701776776,false,145873,285987,0.8877734701776776
145873,55057,0.866838935415181,false,145873,55057,0.866838935415181
145873,3502,0.8402083885682805,false,145873,3502,0.8402083885682805
145873,389336,0.905172536213096,false,145873,389336,0.905172536213096
145873,25818,0.8089079744391461,false,145873,25818,0.8089079744391461
145873,100506827,0.7618229817546668,false,145873,100506827,0.7618229817546668
145873,4004,0.876348035383238,false,145873,4004,0.876348035383238
145873,102724714,0.795687234856687,false,145873,102724714,0.795687234856687
145873,28809,0.8780332000890718,false,145873,28809,0.8780332000890718
145873,5653,0.8785379478271454,false,145873,5653,0.8785379478271454
55872,107985017,0.7058091873221175,false,55872,107985017,0.7058091873221175
55872,6241,0.9043401212501248,false,55872,6241,0.9043401212501248
55872,24137,0.8813290002164583,false,55872,24137,0.8813290002164583
55872,9787,0.8778150211033517,false,55872,9787,0.8778150211033517
55872,9212,0.725552634659956,false,55872,9212,0.725552634659956
55872,1063,0.903165166592478,false,55872,1063,0.903165166592478
55872,113115,0.7198925327483195,false,55872,113115,0.7198925327483195
55872,146909,0.7514533618467106,false,55872,146909,0.7514533618467106
55872,1058,0.787990346318337,false,55872,1058,0.787990346318337
55872,3833,0.7838951966315626,false,55872,3833,0.7838951966315626
55872,64151,0.7947808580092903,false,55872,64151,0.7947808580092903
55872,9232,0.7293920231373625,false,55872,9232,0.7293920231373625
55872,221150,0.8549577852971803,false,55872,221150,0.8549577852971803
55872,100507118,0.9176887217497177,false,55872,100507118,0.9176887217497177
55872,991,0.7326251066206168,false,55872,991,0.7326251066206168
3580,101927686,0.9377408765191471,false,3580,101927686,0.9377408765191471
3580,3512,0.8241143547444224,false,3580,3512,0.8241143547444224
3580,113730,0.7526130273634368,false,3580,113730,0.7526130273634368
3580,6716,0.9625898776099312,false,3580,6716,0.9625898776099312
3580,219527,0.899863483841088,false,3580,219527,0.899863483841088
3856,113218482,0.9885059214944388,false,3856,113218482,0.9885059214944388
3856,84561,0.8996382930147422,false,3856,84561,0.8996382930147422
3856,100506827,0.7123360464566768,false,3856,100506827,0.7123360464566768
101929215,9582,0.8337527294518353,false,101929215,9582,0.8337527294518353
101929215,112937,0.7263597235567323,false,101929215,112937,0.7263597235567323
101929215,3664,0.7880326723932128,false,101929215,3664,0.7880326723932128
101929215,113115,0.7271896623219464,false,101929215,113115,0.7271896623219464
101929215,102723547,0.7648298862088319,false,101929215,102723547,0.7648298862088319
107985017,9787,0.7502838145556884,false,107985017,9787,0.7502838145556884
107985017,9212,0.7769590693828653,false,107985017,9212,0.7769590693828653
107985017,1063,0.734939418252969,false,107985017,1063,0.734939418252969
107985017,113115,0.7649536814307686,false,107985017,113115,0.7649536814307686
107985017,146909,0.8350818116456966,false,107985017,146909,0.8350818116456966
107985017,1058,0.7731128560400314,false,107985017,1058,0.7731128560400314
107985017,3833,0.8657335642915552,false,107985017,3833,0.8657335642915552
107985017,9232,0.7964779485345529,false,107985017,9232,0.7964779485345529
107985017,221150,0.7528812492754934,false,107985017,221150,0.7528812492754934
107985017,100507118,0.8413285694907611,false,107985017,100507118,0.8413285694907611
107985017,991,0.7693563148269312,false,107985017,991,0.7693563148269312
6241,24137,0.9260063840994635,false,6241,24137,0.9260063840994635
6241,112937,0.7499116822715982,false,6241,112937,0.7499116822715982
6241,9787,0.9677469871879595,false,6241,9787,0.9677469871879595
6241,9212,0.8679986685323077,false,6241,9212,0.8679986685323077
6241,1063,0.9115747062843974,false,6241,1063,0.9115747062843974
6241,113115,0.8233031517168364,false,6241,113115,0.8233031517168364
6241,128239,0.8592343590385308,false,6241,128239,0.8592343590385308
6241,146909,0.8281347390928824,false,6241,146909,0.8281347390928824
6241,1058,0.8325311543360456,false,6241,1058,0.8325311543360456
6241,3833,0.8093118966364886,false,6241,3833,0.8093118966364886
6241,64151,0.9167627163005941,false,6241,64151,0.9167627163005941
6241,9232,0.8860054625221613,false,6241,9232,0.8860054625221613
6241,221150,0.9016665935695466,false,6241,221150,0.9016665935695466
6241,100507118,0.8921433377498543,false,6241,100507118,0.8921433377498543
6241,991,0.8574352609430194,false,6241,991,0.8574352609430194
285987,55057,0.7489260662975599,false,285987,55057,0.7489260662975599
285987,115701,0.7280056690610305,false,285987,115701,0.7280056690610305
285987,3502,0.9312888420265732,false,285987,3502,0.9312888420265732
285987,389336,0.9854503631696977,false,285987,389336,0.9854503631696977
285987,25818,0.9492057988741681,false,285987,25818,0.9492057988741681
285987,100506827,0.8065937980213214,false,285987,100506827,0.8065937980213214
285987,4004,0.9962650187071572,false,285987,4004,0.9962650187071572
285987,4973,0.8208290209376062,false,285987,4973,0.8208290209376062
285987,28946,0.8106073495116136,false,285987,28946,0.8106073495116136
285987,102724714,0.8297396636865118,false,285987,102724714,0.8297396636865118
285987,28809,0.9931858546106599,false,285987,28809,0.9931858546106599
285987,5653,0.9912877792750788,false,285987,5653,0.9912877792750788
6332,574029,0.7158083825905133,false,6332,574029,0.7158083825905133
6332,7681,0.791003774877312,false,6332,7681,0.791003774877312
6332,100506655,0.7502896841603811,false,6332,100506655,0.7502896841603811
6332,105376042,0.7949424146297526,false,6332,105376042,0.7949424146297526
6332,122042,0.8506502826596738,false,6332,122042,0.8506502826596738
6332,101060400,0.7949424146297531,false,6332,101060400,0.7949424146297531
6332,554202,0.743843337190436,false,6332,554202,0.743843337190436
6332,9355,0.8788770642576278,false,6332,9355,0.8788770642576278
574029,6664,0.8527718042918917,false,574029,6664,0.8527718042918917
574029,1301,0.9525576416488281,false,574029,1301,0.9525576416488281
574029,107986951,0.9170036875949165,false,574029,107986951,0.9170036875949165
6495,3352,0.8760838953528538,false,6495,3352,0.8760838953528538
6495,54101,0.989476120014105,false,6495,54101,0.989476120014105
6495,101101772,0.790252510263947,false,6495,101101772,0.790252510263947
6495,245972,0.8042305238883487,false,6495,245972,0.8042305238883487
6495,340273,0.9928325940793377,false,6495,340273,0.9928325940793377
6495,101927355,0.9811921580893924,false,6495,101927355,0.9811921580893924
6495,366,0.8961085007511586,false,6495,366,0.8961085007511586
6495,4547,0.9742452251196804,false,6495,4547,0.9742452251196804
6495,253650,0.9126333789617492,false,6495,253650,0.9126333789617492
6495,654499,0.9924093444943151,false,6495,654499,0.9924093444943151
6495,100996301,0.9681205539827996,false,6495,100996301,0.9681205539827996
79674,3502,0.8462304764790385,false,79674,3502,0.8462304764790385
79674,28946,0.9026743247899589,false,79674,28946,0.9026743247899589
79674,3512,0.8393469314292692,false,79674,3512,0.8393469314292692
79674,113730,0.7700052932462272,false,79674,113730,0.7700052932462272
79674,28809,0.7591372290039459,false,79674,28809,0.7591372290039459
55057,3502,0.764684609685879,false,55057,3502,0.764684609685879
55057,389336,0.7081517361487206,false,55057,389336,0.7081517361487206
55057,100506827,0.7048063933907078,false,55057,100506827,0.7048063933907078
55057,4004,0.7398383185828054,false,55057,4004,0.7398383185828054
55057,102724714,0.7848709908545067,false,55057,102724714,0.7848709908545067
55057,28809,0.7592709862712526,false,55057,28809,0.7592709862712526
55057,5653,0.7321143720714844,false,55057,5653,0.7321143720714844
113218482,84561,0.9246578942672936,false,113218482,84561,0.9246578942672936
9582,112937,0.7000143840764697,false,9582,112937,0.7000143840764697
9582,3664,0.8572509303651219,false,9582,3664,0.8572509303651219
9582,128239,0.7002736465283276,false,9582,128239,0.7002736465283276
9582,102723547,0.8433256633468983,false,9582,102723547,0.8433256633468983
3352,54101,0.899422742725938,false,3352,54101,0.899422742725938
3352,101101772,0.8090157118153212,false,3352,101101772,0.8090157118153212
3352,245972,0.7777249389254396,false,3352,245972,0.7777249389254396
3352,340273,0.8929596880184866,false,3352,340273,0.8929596880184866
3352,101927355,0.8829183487182053,false,3352,101927355,0.8829183487182053
3352,366,0.8652789271102641,false,3352,366,0.8652789271102641
3352,4547,0.8325282588139595,false,3352,4547,0.8325282588139595
3352,253650,0.797440295806364,false,3352,253650,0.797440295806364
3352,654499,0.8914675753965463,false,3352,654499,0.8914675753965463
3352,100996301,0.9333351340426443,false,3352,100996301,0.9333351340426443
3352,3627,0.7417220743799006,false,3352,3627,0.7417220743799006
115701,389336,0.736154183413564,false,115701,389336,0.736154183413564
115701,4004,0.7129183744447926,false,115701,4004,0.7129183744447926
115701,4973,0.7038771247041831,false,115701,4973,0.7038771247041831
115701,28809,0.7115612659845645,false,115701,28809,0.7115612659845645
115701,5653,0.7046955594428018,false,115701,5653,0.7046955594428018
50852,101927355,0.7209345358316352,false,50852,101927355,0.7209345358316352
50852,253650,0.7709174121891951,false,50852,253650,0.7709174121891951
50852,100996301,0.7267963944922498,false,50852,100996301,0.7267963944922498
50852,80329,0.7187714988490777,false,50852,80329,0.7187714988490777
50852,3627,0.7003894422529484,false,50852,3627,0.7003894422529484
24137,112937,0.7051967020048708,false,24137,112937,0.7051967020048708
24137,9787,0.897344640390455,false,24137,9787,0.897344640390455
24137,9212,0.876397626864208,false,24137,9212,0.876397626864208
24137,1063,0.8726932460945106,false,24137,1063,0.8726932460945106
24137,113115,0.7196585657068961,false,24137,113115,0.7196585657068961
24137,128239,0.8305341691642553,false,24137,128239,0.8305341691642553
24137,146909,0.7277268150012278,false,24137,146909,0.7277268150012278
24137,1058,0.7534672621365054,false,24137,1058,0.7534672621365054
24137,3833,0.763434378052911,false,24137,3833,0.763434378052911
24137,64151,0.9177308751294396,false,24137,64151,0.9177308751294396
24137,9232,0.787219460639272,false,24137,9232,0.787219460639272
24137,221150,0.8938983484532591,false,24137,221150,0.8938983484532591
24137,100507118,0.8566615759476033,false,24137,100507118,0.8566615759476033
24137,991,0.8274735675263578,false,24137,991,0.8274735675263578
112937,9787,0.8199458296501135,false,112937,9787,0.8199458296501135
112937,3664,0.703326356901647,false,112937,3664,0.703326356901647
112937,9212,0.86956961438924,false,112937,9212,0.86956961438924
112937,113115,0.8848555102014166,false,112937,113115,0.8848555102014166
112937,128239,0.9557219179505054,false,112937,128239,0.9557219179505054
112937,3833,0.8346700755435891,false,112937,3833,0.8346700755435891
112937,64151,0.7053398508080464,false,112937,64151,0.7053398508080464
112937,9232,0.7993127246257022,false,112937,9232,0.7993127246257022
112937,221150,0.7796099305876311,false,112937,221150,0.7796099305876311
112937,991,0.9029104535164156,false,112937,991,0.9029104535164156
112937,102723547,0.751583687609553,false,112937,102723547,0.751583687609553
5083,7681,0.8032690941528758,false,5083,7681,0.8032690941528758
5083,100506655,0.7553192814356734,false,5083,100506655,0.7553192814356734
5083,105376042,0.8004226642674471,false,5083,105376042,0.8004226642674471
5083,101060400,0.8004226642674478,false,5083,101060400,0.8004226642674478
5083,57624,0.8003262317801845,false,5083,57624,0.8003262317801845
5083,554202,0.8338319470610956,false,5083,554202,0.8338319470610956
5083,9355,0.7826973265940406,false,5083,9355,0.7826973265940406
5798,105378305,0.8884479753690082,false,5798,105378305,0.8884479753690082
5798,29991,0.8455304460853642,false,5798,29991,0.8455304460853642
5798,105371275,0.8774081773851977,false,5798,105371275,0.8774081773851977
5798,168002,0.9666692239375086,false,5798,168002,0.9666692239375086
5798,109729169,0.9169830149626055,false,5798,109729169,0.9169830149626055
101927686,3512,0.7032996671736866,false,101927686,3512,0.7032996671736866
101927686,6716,0.8423769481922209,false,101927686,6716,0.8423769481922209
101927686,219527,0.7946189719060318,false,101927686,219527,0.7946189719060318
54101,101101772,0.8251521937672548,false,54101,101101772,0.8251521937672548
54101,245972,0.8380313843192615,false,54101,245972,0.8380313843192615
54101,340273,0.9984837530287558,false,54101,340273,0.9984837530287558
54101,101927355,0.9752606767170934,false,54101,101927355,0.9752606767170934
54101,366,0.9061447628451146,false,54101,366,0.9061447628451146
54101,4547,0.9523718966046164,false,54101,4547,0.9523718966046164
54101,253650,0.9282492141991913,false,54101,253650,0.9282492141991913
54101,654499,0.9981964978719283,false,54101,654499,0.9981964978719283
54101,100996301,0.9850402023970392,false,54101,100996301,0.9850402023970392
9787,9212,0.9049974106151493,false,9787,9212,0.9049974106151493
9787,1063,0.9193029130454252,false,9787,1063,0.9193029130454252
9787,113115,0.8510202147253405,false,9787,113115,0.8510202147253405
9787,128239,0.8873102489090917,false,9787,128239,0.8873102489090917
9787,146909,0.8331198040301545,false,9787,146909,0.8331198040301545
9787,1058,0.891387875370006,false,9787,1058,0.891387875370006
9787,3833,0.8572049393467184,false,9787,3833,0.8572049393467184
9787,64151,0.8522323159219274,false,9787,64151,0.8522323159219274
9787,9232,0.9093341864393022,false,9787,9232,0.9093341864393022
9787,221150,0.9050443772253918,false,9787,221150,0.9050443772253918
9787,100507118,0.8804966908112395,false,9787,100507118,0.8804966908112395
9787,991,0.9070036832925443,false,9787,991,0.9070036832925443
3664,102723547,0.8903726515312148,false,3664,102723547,0.8903726515312148
7681,100506655,0.9774409863097421,false,7681,100506655,0.9774409863097421
7681,105376042,0.9996724648997909,false,7681,105376042,0.9996724648997909
7681,122042,0.9499156098609144,false,7681,122042,0.9499156098609144
7681,101060400,0.9996724648997909,false,7681,101060400,0.9996724648997909
7681,57624,0.7928001997299573,false,7681,57624,0.7928001997299573
7681,554202,0.8612669549177875,false,7681,554202,0.8612669549177875
7681,9355,0.9184824514988696,false,7681,9355,0.9184824514988696
3502,389336,0.9104314987107683,false,3502,389336,0.9104314987107683
3502,25818,0.8385107169002645,false,3502,25818,0.8385107169002645
3502,100506827,0.7894012374492677,false,3502,100506827,0.7894012374492677
3502,4004,0.9192959674175638,false,3502,4004,0.9192959674175638
3502,4973,0.7309370240066569,false,3502,4973,0.7309370240066569
3502,28946,0.9563623599240099,false,3502,28946,0.9563623599240099
3502,3512,0.7256714673148551,false,3502,3512,0.7256714673148551
3502,102724714,0.8581033692186321,false,3502,102724714,0.8581033692186321
3502,28809,0.9656214445115482,false,3502,28809,0.9656214445115482
3502,5653,0.9173504478861935,false,3502,5653,0.9173504478861935
105378305,29991,0.8521278213706661,false,105378305,29991,0.8521278213706661
105378305,105371275,0.9652927101951277,false,105378305,105371275,0.9652927101951277
105378305,168002,0.9013367565986917,false,105378305,168002,0.9013367565986917
105378305,109729169,0.8192773221425776,false,105378305,109729169,0.8192773221425776
9212,1063,0.8449423567712309,false,9212,1063,0.8449423567712309
9212,113115,0.8220103080978816,false,9212,113115,0.8220103080978816
9212,128239,0.9236297246093986,false,9212,128239,0.9236297246093986
9212,146909,0.8715340123057925,false,9212,146909,0.8715340123057925
9212,1058,0.806675777519798,false,9212,1058,0.806675777519798
9212,3833,0.8976618622449307,false,9212,3833,0.8976618622449307
9212,64151,0.7687137565056706,false,9212,64151,0.7687137565056706
9212,9232,0.926255128449289,false,9212,9232,0.926255128449289
9212,221150,0.8764022238878377,false,9212,221150,0.8764022238878377
9212,100507118,0.7864002272249863,false,9212,100507118,0.7864002272249863
9212,991,0.9538047019032838,false,9212,991,0.9538047019032838
9212,102723547,0.7513059154142012,false,9212,102723547,0.7513059154142012
6664,1301,0.7314885329136859,false,6664,1301,0.7314885329136859
6664,107986951,0.9176617780420426,false,6664,107986951,0.9176617780420426
100506655,105376042,0.9783834562390713,false,100506655,105376042,0.9783834562390713
100506655,122042,0.9184695008588746,false,100506655,122042,0.9184695008588746
100506655,101060400,0.9783834562390722,false,100506655,101060400,0.9783834562390722
100506655,57624,0.7453027937470171,false,100506655,57624,0.7453027937470171
100506655,554202,0.8099114190861171,false,100506655,554202,0.8099114190861171
100506655,9355,0.8796486451078672,false,100506655,9355,0.8796486451078672
101101772,245972,0.7670862022401089,false,101101772,245972,0.7670862022401089
101101772,340273,0.8147784660275394,false,101101772,340273,0.8147784660275394
101101772,101927355,0.8538333457861815,false,101101772,101927355,0.8538333457861815
101101772,366,0.8331227550296271,false,101101772,366,0.8331227550296271
101101772,4547,0.8163221543132825,false,101101772,4547,0.8163221543132825
101101772,253650,0.843249064177393,false,101101772,253650,0.843249064177393
101101772,654499,0.8210903243118057,false,101101772,654499,0.8210903243118057
101101772,100996301,0.8491241145706131,false,101101772,100996301,0.8491241145706131
101101772,3627,0.7358239510260629,false,101101772,3627,0.7358239510260629
245972,340273,0.8220525651264723,false,245972,340273,0.8220525651264723
245972,101927355,0.8366316078071363,false,245972,101927355,0.8366316078071363
245972,366,0.8543020049709105,false,245972,366,0.8543020049709105
245972,4547,0.7718524782201833,false,245972,4547,0.7718524782201833
245972,253650,0.7618429561025214,false,245972,253650,0.7618429561025214
245972,654499,0.8216022880640392,false,245972,654499,0.8216022880640392
245972,100996301,0.8538274019457853,false,245972,100996301,0.8538274019457853
245972,3627,0.923630670266059,false,245972,3627,0.923630670266059
1301,107986951,0.7796275519667503,false,1301,107986951,0.7796275519667503
340273,101927355,0.9769462981530064,false,340273,101927355,0.9769462981530064
340273,366,0.9066337325460798,false,340273,366,0.9066337325460798
340273,4547,0.953426852109246,false,340273,4547,0.953426852109246
340273,253650,0.9303854435819688,false,340273,253650,0.9303854435819688
340273,654499,0.9998555424276971,false,340273,654499,0.9998555424276971
340273,100996301,0.9793005619180918,false,340273,100996301,0.9793005619180918
389336,25818,0.9527377351701467,false,389336,25818,0.9527377351701467
389336,100506827,0.7793591147985226,false,389336,100506827,0.7793591147985226
389336,4004,0.9836829412779255,false,389336,4004,0.9836829412779255
389336,4973,0.782505097251705,false,389336,4973,0.782505097251705
389336,28946,0.7805499068471952,false,389336,28946,0.7805499068471952
389336,102724714,0.8064137735803893,false,389336,102724714,0.8064137735803893
389336,28809,0.9746876104511585,false,389336,28809,0.9746876104511585
389336,5653,0.9830275447394412,false,389336,5653,0.9830275447394412
105376042,122042,0.951638218587641,false,105376042,122042,0.951638218587641
105376042,101060400,0.9999999999999996,false,105376042,101060400,0.9999999999999996
105376042,57624,0.7956969163945298,false,105376042,57624,0.7956969163945298
105376042,554202,0.8599187194017563,false,105376042,554202,0.8599187194017563
105376042,9355,0.9200656462963616,false,105376042,9355,0.9200656462963616
122042,101060400,0.9516382185876416,false,122042,101060400,0.9516382185876416
122042,57624,0.7517937562536419,false,122042,57624,0.7517937562536419
122042,554202,0.7730406806558426,false,122042,554202,0.7730406806558426
122042,9355,0.8939125413768875,false,122042,9355,0.8939125413768875
1063,113115,0.7554823806337272,false,1063,113115,0.7554823806337272
1063,128239,0.7419651428314168,false,1063,128239,0.7419651428314168
1063,146909,0.8674771037183338,false,1063,146909,0.8674771037183338
1063,1058,0.8381479680870492,false,1063,1058,0.8381479680870492
1063,3833,0.8279023655643885,false,1063,3833,0.8279023655643885
1063,64151,0.7987646085470403,false,1063,64151,0.7987646085470403
1063,9232,0.8897085959974516,false,1063,9232,0.8897085959974516
1063,221150,0.7956923962317186,false,1063,221150,0.7956923962317186
1063,100507118,0.8715353326693576,false,1063,100507118,0.8715353326693576
1063,991,0.8474145977919136,false,1063,991,0.8474145977919136
25818,100506827,0.7212651677084189,false,25818,100506827,0.7212651677084189
25818,4004,0.9553254336222151,false,25818,4004,0.9553254336222151
25818,4973,0.747472914852753,false,25818,4973,0.747472914852753
25818,28946,0.7101143740940891,false,25818,28946,0.7101143740940891
25818,102724714,0.7591385527542951,false,25818,102724714,0.7591385527542951
25818,28809,0.9290717320961118,false,25818,28809,0.9290717320961118
25818,5653,0.9508015061403645,false,25818,5653,0.9508015061403645
101927760,338797,0.9455617077727644,false,101927760,338797,0.9455617077727644
101927355,366,0.898582036530961,false,101927355,366,0.898582036530961
101927355,4547,0.9797499191619763,false,101927355,4547,0.9797499191619763
101927355,253650,0.9379425343565262,false,101927355,253650,0.9379425343565262
101927355,654499,0.9785455373327725,false,101927355,654499,0.9785455373327725
101927355,100996301,0.9730852240902705,false,101927355,100996301,0.9730852240902705
101927355,3627,0.7304298955409366,false,101927355,3627,0.7304298955409366
101060400,57624,0.7956969163945304,false,101060400,57624,0.7956969163945304
101060400,554202,0.859918719401757,false,101060400,554202,0.859918719401757
101060400,9355,0.9200656462963622,false,101060400,9355,0.9200656462963622
57624,554202,0.8246418179487917,false,57624,554202,0.8246418179487917
57624,9355,0.8380112645107551,false,57624,9355,0.8380112645107551
100506827,4004,0.8044270306993128,false,100506827,4004,0.8044270306993128
100506827,4973,0.7162028386961441,false,100506827,4973,0.7162028386961441
100506827,28946,0.712738137667267,false,100506827,28946,0.712738137667267
100506827,28809,0.8203442423922015,false,100506827,28809,0.8203442423922015
100506827,5653,0.8489994239200807,false,100506827,5653,0.8489994239200807
29991,105371275,0.8758380414677596,false,29991,105371275,0.8758380414677596
29991,168002,0.817132176951774,false,29991,168002,0.817132176951774
29991,109729169,0.8068387779461752,false,29991,109729169,0.8068387779461752
113115,128239,0.9134741164005357,false,113115,128239,0.9134741164005357
113115,146909,0.7049753736946849,false,113115,146909,0.7049753736946849
113115,1058,0.7263341971600147,false,113115,1058,0.7263341971600147
113115,3833,0.8846973753095315,false,113115,3833,0.8846973753095315
113115,9232,0.8205443104994395,false,113115,9232,0.8205443104994395
113115,221150,0.8238454843724781,false,113115,221150,0.8238454843724781
113115,100507118,0.7427767965130235,false,113115,100507118,0.7427767965130235
113115,991,0.827789917529325,false,113115,991,0.827789917529325
4004,4973,0.8439237440680419,false,4004,4973,0.8439237440680419
4004,28946,0.7982610827910234,false,4004,28946,0.7982610827910234
4004,102724714,0.8335624987018211,false,4004,102724714,0.8335624987018211
4004,28809,0.9875196756280364,false,4004,28809,0.9875196756280364
4004,5653,0.992521522875929,false,4004,5653,0.992521522875929
128239,146909,0.7201456818345153,false,128239,146909,0.7201456818345153
128239,3833,0.866402131230053,false,128239,3833,0.866402131230053
128239,64151,0.8184090890915905,false,128239,64151,0.8184090890915905
128239,9232,0.8466061603193772,false,128239,9232,0.8466061603193772
128239,221150,0.8709719015650756,false,128239,221150,0.8709719015650756
128239,100507118,0.7202441674167613,false,128239,100507118,0.7202441674167613
128239,991,0.9275554586502304,false,128239,991,0.9275554586502304
4973,102724714,0.7296267598863011,false,4973,102724714,0.7296267598863011
4973,28809,0.8057289079687331,false,4973,28809,0.8057289079687331
4973,5653,0.8431100972986996,false,4973,5653,0.8431100972986996
105371275,168002,0.8913392188578644,false,105371275,168002,0.8913392188578644
105371275,109729169,0.7490346652831992,false,105371275,109729169,0.7490346652831992
146909,1058,0.8059627693522304,false,146909,1058,0.8059627693522304
146909,3833,0.8711677812062932,false,146909,3833,0.8711677812062932
146909,9232,0.905578911183784,false,146909,9232,0.905578911183784
146909,221150,0.7596727325502963,false,146909,221150,0.7596727325502963
146909,100507118,0.8118878611662624,false,146909,100507118,0.8118878611662624
146909,991,0.8536264958993438,false,146909,991,0.8536264958993438
28946,3512,0.8898395449737878,false,28946,3512,0.8898395449737878
28946,102724714,0.7457498016822184,false,28946,102724714,0.7457498016822184
28946,28809,0.8726822051131287,false,28946,28809,0.8726822051131287
28946,5653,0.7960755084926937,false,28946,5653,0.7960755084926937
1058,3833,0.751469225668517,false,1058,3833,0.751469225668517
1058,9232,0.8234879608802211,false,1058,9232,0.8234879608802211
1058,221150,0.7991941592133855,false,1058,221150,0.7991941592133855
1058,100507118,0.7842919695023968,false,1058,100507118,0.7842919695023968
1058,991,0.7167529526230025,false,1058,991,0.7167529526230025
366,4547,0.8585063933754902,false,366,4547,0.8585063933754902
366,253650,0.8719609867997069,false,366,253650,0.8719609867997069
366,654499,0.9092769895262125,false,366,654499,0.9092769895262125
366,100996301,0.8761461641248647,false,366,100996301,0.8761461641248647
366,3627,0.7074165554805388,false,366,3627,0.7074165554805388
3833,9232,0.8424877079323636,false,3833,9232,0.8424877079323636
3833,221150,0.828998959812649,false,3833,221150,0.828998959812649
3833,100507118,0.8290367859393418,false,3833,100507118,0.8290367859393418
3833,991,0.9091766485877865,false,3833,991,0.9091766485877865
4547,253650,0.9031257922424355,false,4547,253650,0.9031257922424355
4547,654499,0.9546545591574385,false,4547,654499,0.9546545591574385
4547,100996301,0.9405899599899374,false,4547,100996301,0.9405899599899374
554202,9355,0.9445670471224741,false,554202,9355,0.9445670471224741
3512,113730,0.8469429577852723,false,3512,113730,0.8469429577852723
3512,6716,0.78328970949689,false,3512,6716,0.78328970949689
3512,219527,0.7205377422166531,false,3512,219527,0.7205377422166531
64151,9232,0.73725133573934,false,64151,9232,0.73725133573934
64151,221150,0.7938888114065056,false,64151,221150,0.7938888114065056
64151,100507118,0.7257835244893142,false,64151,100507118,0.7257835244893142
64151,991,0.7719358803164358,false,64151,991,0.7719358803164358
9232,221150,0.8220308222850681,false,9232,221150,0.8220308222850681
9232,100507118,0.7878168532299603,false,9232,100507118,0.7878168532299603
9232,991,0.9278920258608718,false,9232,991,0.9278920258608718
9232,102723547,0.70178341898026,false,9232,102723547,0.70178341898026
221150,100507118,0.8730735116799194,false,221150,100507118,0.8730735116799194
221150,991,0.8526705057306283,false,221150,991,0.8526705057306283
102724714,28809,0.8396297145041822,false,102724714,28809,0.8396297145041822
102724714,5653,0.8165200318522154,false,102724714,5653,0.8165200318522154
253650,654499,0.935590646816726,false,253650,654499,0.935590646816726
253650,100996301,0.9068866972616876,false,253650,100996301,0.9068866972616876
253650,80329,0.7561390316951276,false,253650,80329,0.7561390316951276
168002,109729169,0.8750509381983304,false,168002,109729169,0.8750509381983304
654499,100996301,0.978735877038602,false,654499,100996301,0.978735877038602
100507118,991,0.796532194103728,false,100507118,991,0.796532194103728
113730,6716,0.7105484292734472,false,113730,6716,0.7105484292734472
113730,219527,0.7672240349638382,false,113730,219527,0.7672240349638382
100996301,3627,0.7612393320838404,false,100996301,3627,0.7612393320838404
28809,5653,0.9837049215186995,false,28809,5653,0.9837049215186995
6716,219527,0.9006544006341439,false,6716,219527,0.9006544006341439
