genes;condiciones
27237,2328,105374986;Control1,Control2,Control3,Control4,Control5,Control6,Control7,Control8,Control9,Control10,Control11,Control12,Control13,Control15,Control16,Control17
27237,58,2019,134285,389336,285987,4004,4973,25818,5653,5650,28809,729442;Control1,Control2,Control3,Control4,Control5,Control6,Control7,Control8,Control9,Control10,Control11,Control12,Control13,Control15,Control16,Control17
27237,102467080,58,389336,4973,25818,5653,5650;Control1,Control2,Control3,Control4,Control5,Control6,Control7,Control8,Control9,Control10,Control11,Control12,Control13,Control15,Control16,Control17
27237,1749,389336,285987,4004,3227,25818,5653,5650,729442;Control1,Control2,Control3,Control4,Control5,Control6,Control7,Control8,Control9,Control10,Control11,Control12,Control13,Control15,Control16,Control17
27237,3227,2019,134285,389336,285987,4004,25818,5653,5650,28809,729442;Control1,Control2,Control3,Control4,Control5,Control6,Control7,Control8,Control9,Control10,Control11,Control12,Control13,Control15,Control16,Control17
27237,105371927,2328;Control1,Control2,Control3,Control4,Control5,Control6,Control7,Control8,Control9,Control10,Control11,Control12,Control13,Control15,Control16,Control17
148645,3239,56203,3670,345643,5307,100506895,105375894,100192378,1690,100506071,101929690,6362,106481742,9758,8471;Control1,Control2,Control3,Control4,Control5,Control6,Control7,Control8,Control9,Control10,Control11,Control12,Control13,Control15,Control16,Control17
148645,9312,3239,56203,3670,345643,5307,105375894,283078,1690,100506071,101929690,6362,106481742,9758,8471;Control1,Control2,Control3,Control4,Control5,Control6,Control7,Control8,Control9,Control10,Control11,Control12,Control13,Control15,Control16,Control17
148645,283078,3239,56203,3670,345643,5307,100506895,105375894,1690,100506071,101929690,6362,106481742,9758,8471;Control1,Control2,Control3,Control4,Control5,Control6,Control7,Control8,Control9,Control10,Control11,Control12,Control13,Control15,Control16,Control17
148645,4321,3239,56203,3670,345643,5307,105375894,1690,100506071,6362,106481742,9758,8471;Control1,Control2,Control3,Control4,Control5,Control6,Control7,Control8,Control9,Control10,Control11,Control12,Control13,Control15,Control16,Control17
3604,6664,3627,4547,7180,27299,2625,387978,105372115;Control1,Control2,Control3,Control4,Control5,Control6,Control7,Control8,Control9,Control10,Control11,Control12,Control13,Control15,Control16,Control17
3604,4001,6664,4547,27299,2625,387978,105372115,389903;Control1,Control2,Control3,Control4,Control5,Control6,Control7,Control8,Control9,Control10,Control11,Control12,Control13,Control15,Control16,Control17
3604,5083,4547,27299,387978;Control1,Control2,Control3,Control4,Control5,Control6,Control7,Control8,Control9,Control10,Control11,Control12,Control13,Control15,Control16,Control17
3604,101060400,6664,27299,2625,387978;Control1,Control2,Control3,Control4,Control5,Control6,Control7,Control8,Control9,Control10,Control11,Control12,Control13,Control15,Control16,Control17
374946,56300,3229,387895,4496;Control1,Control2,Control3,Control4,Control5,Control6,Control7,Control8,Control9,Control10,Control11,Control12,Control13,Control15,Control16,Control17
374946,5798,101928658,168002,63898,100533990,344,57167,7477;Control1,Control2,Control3,Control4,Control5,Control6,Control7,Control8,Control9,Control10,Control11,Control12,Control13,Control15,Control16,Control17
374946,2250,5798,387895,109729169;Control1,Control2,Control3,Control4,Control5,Control6,Control7,Control8,Control9,Control10,Control11,Control12,Control13,Control15,Control16,Control17
374946,6534,5798,168002,63898,100533990,344;Control1,Control2,Control3,Control4,Control5,Control6,Control7,Control8,Control9,Control10,Control11,Control12,Control13,Control15,Control16,Control17
374946,11075,5798,101928658,100533990,344,57167,109729169;Control1,Control2,Control3,Control4,Control5,Control6,Control7,Control8,Control9,Control10,Control11,Control12,Control13,Control15,Control16,Control17
374946,109729169,5798,101928658,63898,100533990,344,57167,7477;Control1,Control2,Control3,Control4,Control5,Control6,Control7,Control8,Control9,Control10,Control11,Control12,Control13,Control15,Control16,Control17
26279,64699;Control1,Control2,Control3,Control4,Control5,Control6,Control7,Control8,Control9,Control10,Control11,Control12,Control13,Control15,Control16,Control17
3352,51361,100996301,81849,23286,3135,340273,253650,158228,143662,79056,6495,100506411,654499,970,101927355,54101;Control1,Control2,Control3,Control4,Control5,Control6,Control7,Control8,Control9,Control10,Control11,Control12,Control13,Control15,Control16,Control17
3352,653149,51361,23286,3135,340273,158228,143662,79056,6495,100506411,654499,101927355,54101;Control1,Control2,Control3,Control4,Control5,Control6,Control7,Control8,Control9,Control10,Control11,Control12,Control13,Control15,Control16,Control17
3352,245972,51361,100996301,81849,23286,340273,100289137,253650,158228,143662,79056,6495,100506411,654499,970,101927355,107985492,54101,2277;Control1,Control2,Control3,Control4,Control5,Control6,Control7,Control8,Control9,Control10,Control11,Control12,Control13,Control15,Control16,Control17
3352,4257,245972;Control1,Control2,Control3,Control4,Control5,Control6,Control7,Control8,Control9,Control10,Control11,Control12,Control13,Control15,Control16,Control17
3352,7546,23286,366,101927355;Control1,Control2,Control3,Control4,Control5,Control6,Control7,Control8,Control9,Control10,Control11,Control12,Control13,Control15,Control16,Control17
3352,366,51361,23286,340273,253650,158228,143662,6495,100506411,654499,101927355,54101,2277;Control1,Control2,Control3,Control4,Control5,Control6,Control7,Control8,Control9,Control10,Control11,Control12,Control13,Control15,Control16,Control17
1870,63967;Control1,Control2,Control3,Control4,Control5,Control6,Control7,Control8,Control9,Control10,Control11,Control12,Control13,Control15,Control16,Control17
1870,57405,55388;Control1,Control2,Control3,Control4,Control5,Control6,Control7,Control8,Control9,Control10,Control11,Control12,Control13,Control15,Control16,Control17
1870,4288,57405,10024;Control1,Control2,Control3,Control4,Control5,Control6,Control7,Control8,Control9,Control10,Control11,Control12,Control13,Control15,Control16,Control17
1870,1813,105371737;Control1,Control2,Control3,Control4,Control5,Control6,Control7,Control8,Control9,Control10,Control11,Control12,Control13,Control15,Control16,Control17
864,28946;Control1,Control2,Control3,Control4,Control5,Control6,Control7,Control8,Control9,Control10,Control11,Control12,Control13,Control15,Control16,Control17
864,101927687,55423;Control1,Control2,Control3,Control4,Control5,Control6,Control7,Control8,Control9,Control10,Control11,Control12,Control13,Control15,Control16,Control17
864,28755;Control1,Control2,Control3,Control4,Control5,Control6,Control7,Control8,Control9,Control10,Control11,Control12,Control13,Control15,Control16,Control17
105376878,115362,55423;Control1,Control2,Control3,Control4,Control5,Control6,Control7,Control8,Control9,Control10,Control11,Control12,Control13,Control15,Control16,Control17
105376878,50852,55423;Control1,Control2,Control3,Control4,Control5,Control6,Control7,Control8,Control9,Control10,Control11,Control12,Control13,Control15,Control16,Control17
55057,115019,389336,1749;Control1,Control2,Control3,Control4,Control5,Control6,Control7,Control8,Control9,Control10,Control11,Control12,Control13,Control15,Control16,Control17
55057,2019,1295,389336,145873;Control1,Control2,Control3,Control4,Control5,Control6,Control7,Control8,Control9,Control10,Control11,Control12,Control13,Control15,Control16,Control17
63967,147841,8318;Control1,Control2,Control3,Control4,Control5,Control6,Control7,Control8,Control9,Control10,Control11,Control12,Control13,Control15,Control16,Control17
55143,6241,1058,150468,105375610,9787,100507118,83903;Control1,Control2,Control3,Control4,Control5,Control6,Control7,Control8,Control9,Control10,Control11,Control12,Control13,Control15,Control16,Control17
55143,27178,150468,285643,54443,157570,9824,83903;Control1,Control2,Control3,Control4,Control5,Control6,Control7,Control8,Control9,Control10,Control11,Control12,Control13,Control15,Control16,Control17
55143,54443,6241,150468,157570,9833,983,3832,9824,100507118;Control1,Control2,Control3,Control4,Control5,Control6,Control7,Control8,Control9,Control10,Control11,Control12,Control13,Control15,Control16,Control17
55143,9833,6241,1058,150468,9787,100507118;Control1,Control2,Control3,Control4,Control5,Control6,Control7,Control8,Control9,Control10,Control11,Control12,Control13,Control15,Control16,Control17
55143,79733,1058,105375610,81930;Control1,Control2,Control3,Control4,Control5,Control6,Control7,Control8,Control9,Control10,Control11,Control12,Control13,Control15,Control16,Control17
55143,81624,1058,150468,105375610,100507118;Control1,Control2,Control3,Control4,Control5,Control6,Control7,Control8,Control9,Control10,Control11,Control12,Control13,Control15,Control16,Control17
55143,91828,1058,105375610,107985017;Control1,Control2,Control3,Control4,Control5,Control6,Control7,Control8,Control9,Control10,Control11,Control12,Control13,Control15,Control16,Control17
55143,107985017,6241,1058,105375610,9787,100507118;Control1,Control2,Control3,Control4,Control5,Control6,Control7,Control8,Control9,Control10,Control11,Control12,Control13,Control15,Control16,Control17
55143,9955,27178,285643,79733;Control1,Control2,Control3,Control4,Control5,Control6,Control7,Control8,Control9,Control10,Control11,Control12,Control13,Control15,Control16,Control17
991,128239,259266,1063,6241,57405,55355,64151,4288,113130,221150,9787,100507118,79801,332,220134,24137;Control1,Control2,Control3,Control4,Control5,Control6,Control7,Control8,Control9,Control10,Control11,Control12,Control13,Control15,Control16,Control17
991,1058,259266,1063,6241,150468,995,9232,113130,9787,100507118,79801,146909,332;Control1,Control2,Control3,Control4,Control5,Control6,Control7,Control8,Control9,Control10,Control11,Control12,Control13,Control15,Control16,Control17
991,10460,259266,9232,4288,113130,9212,332;Control1,Control2,Control3,Control4,Control5,Control6,Control7,Control8,Control9,Control10,Control11,Control12,Control13,Control15,Control16,Control17
991,995,128239,259266,1063,6241,57405,55355,9232,4288,113130,9787,9133,100507118,79801,9212,146909,332,24137;Control1,Control2,Control3,Control4,Control5,Control6,Control7,Control8,Control9,Control10,Control11,Control12,Control13,Control15,Control16,Control17
991,3833,128239,259266,1063,6241,55355,995,9232,4288,113130,9787,9133,100507118,79801,9212,146909,332,24137;Control1,Control2,Control3,Control4,Control5,Control6,Control7,Control8,Control9,Control10,Control11,Control12,Control13,Control15,Control16,Control17
991,105375610,128239,1063,6241,995,9232,3833,9787,9133,100507118,79801,9212,146909;Control1,Control2,Control3,Control4,Control5,Control6,Control7,Control8,Control9,Control10,Control11,Control12,Control13,Control15,Control16,Control17
991,89958,57405,10024,10615,4605;Control1,Control2,Control3,Control4,Control5,Control6,Control7,Control8,Control9,Control10,Control11,Control12,Control13,Control15,Control16,Control17
991,112937,128239,55355,995,3833,4288,9133,9212;Control1,Control2,Control3,Control4,Control5,Control6,Control7,Control8,Control9,Control10,Control11,Control12,Control13,Control15,Control16,Control17
991,10024,128239,259266,57405,995,9232,4288,113130,9133,9212,332;Control1,Control2,Control3,Control4,Control5,Control6,Control7,Control8,Control9,Control10,Control11,Control12,Control13,Control15,Control16,Control17
991,9700,128239,259266,55355,9232,3833,4288,113130,9787,9133,79801,9212,10615,146909;Control1,Control2,Control3,Control4,Control5,Control6,Control7,Control8,Control9,Control10,Control11,Control12,Control13,Control15,Control16,Control17
991,5347,128239,995,3833,4288,112937,9212;Control1,Control2,Control3,Control4,Control5,Control6,Control7,Control8,Control9,Control10,Control11,Control12,Control13,Control15,Control16,Control17
991,107985017,128239,1063,6241,995,9232,3833,105375610,9787,9133,100507118,9212,146909;Control1,Control2,Control3,Control4,Control5,Control6,Control7,Control8,Control9,Control10,Control11,Control12,Control13,Control15,Control16,Control17
991,10615,128239,259266,6241,57405,55355,64151,4288,113130,221150,9787,79801,332,220134,24137;Control1,Control2,Control3,Control4,Control5,Control6,Control7,Control8,Control9,Control10,Control11,Control12,Control13,Control15,Control16,Control17
991,55771,57405,89958,10615,4605;Control1,Control2,Control3,Control4,Control5,Control6,Control7,Control8,Control9,Control10,Control11,Control12,Control13,Control15,Control16,Control17
991,29128,128239,259266,1063,6241,57405,55355,64151,113130,221150,9787,100507118,79801,332,220134,24137;Control1,Control2,Control3,Control4,Control5,Control6,Control7,Control8,Control9,Control10,Control11,Control12,Control13,Control15,Control16,Control17
991,55723,128239,6241,9232,3833,4288,113130,9787,100507118,107985017,9212,146909;Control1,Control2,Control3,Control4,Control5,Control6,Control7,Control8,Control9,Control10,Control11,Control12,Control13,Control15,Control16,Control17
991,4605,259266,57405,9232,4288,113130,10024,9133,10615,332;Control1,Control2,Control3,Control4,Control5,Control6,Control7,Control8,Control9,Control10,Control11,Control12,Control13,Control15,Control16,Control17
991,11065,128239,259266,6241,55355,995,9232,3833,4288,113130,9787,100507118,9212,24137;Control1,Control2,Control3,Control4,Control5,Control6,Control7,Control8,Control9,Control10,Control11,Control12,Control13,Control15,Control16,Control17
991,8318,10460,9232,4288,113130,9212,332;Control1,Control2,Control3,Control4,Control5,Control6,Control7,Control8,Control9,Control10,Control11,Control12,Control13,Control15,Control16,Control17
11004,9133;Control1,Control2,Control3,Control4,Control5,Control6,Control7,Control8,Control9,Control10,Control11,Control12,Control13,Control15,Control16,Control17
2301,284266;Control1,Control2,Control3,Control4,Control5,Control6,Control7,Control8,Control9,Control10,Control11,Control12,Control13,Control15,Control16,Control17
5865,6716,9378,166979,219527,4544,116173,6345;Control1,Control2,Control3,Control4,Control5,Control6,Control7,Control8,Control9,Control10,Control11,Control12,Control13,Control15,Control16,Control17
5865,3580,6716,3512,1047,166979,4544,594855,6345;Control1,Control2,Control3,Control4,Control5,Control6,Control7,Control8,Control9,Control10,Control11,Control12,Control13,Control15,Control16,Control17
5865,101927686,6716,3580,1047,166979,219527,4544,116173,594855,6345;Control1,Control2,Control3,Control4,Control5,Control6,Control7,Control8,Control9,Control10,Control11,Control12,Control13,Control15,Control16,Control17
5865,105370960,6716,166979,219527,4544;Control1,Control2,Control3,Control4,Control5,Control6,Control7,Control8,Control9,Control10,Control11,Control12,Control13,Control15,Control16,Control17
51361,5133,57451,23286,340273,158228,143662,6495,100506411,654499,970,54101;Control1,Control2,Control3,Control4,Control5,Control6,Control7,Control8,Control9,Control10,Control11,Control12,Control13,Control15,Control16,Control17
51361,105374166,100996301,81849,23286,3135,340273,253650,158228,112268037,143662,79056,6495,100506411,654499,970,101927355,54101;Control1,Control2,Control3,Control4,Control5,Control6,Control7,Control8,Control9,Control10,Control11,Control12,Control13,Control15,Control16,Control17
51361,10309,57451,340273,158228,143662,6495,100506411,654499,101927355,54101;Control1,Control2,Control3,Control4,Control5,Control6,Control7,Control8,Control9,Control10,Control11,Control12,Control13,Control15,Control16,Control17
51361,57451,100996301,23286,340273,100289137,158228,143662,6495,100506411,654499,970,101927355,107985492,54101;Control1,Control2,Control3,Control4,Control5,Control6,Control7,Control8,Control9,Control10,Control11,Control12,Control13,Control15,Control16,Control17
51361,101101772,100996301,81849,23286,340273,253650,158228,112268037,100506411,654499,9388,101927355,107985492,54101;Control1,Control2,Control3,Control4,Control5,Control6,Control7,Control8,Control9,Control10,Control11,Control12,Control13,Control15,Control16,Control17
51361,9388,100996301,81849,105374166,23286,340273,245972,253650,158228,112268037,143662,100506411,654499,101927355,107985492,54101,2277;Control1,Control2,Control3,Control4,Control5,Control6,Control7,Control8,Control9,Control10,Control11,Control12,Control13,Control15,Control16,Control17
100996301,100505994,105375690,101101772,107985492;Control1,Control2,Control3,Control4,Control5,Control6,Control7,Control8,Control9,Control10,Control11,Control12,Control13,Control15,Control16,Control17
100996301,107986606,23286,6495,107985492;Control1,Control2,Control3,Control4,Control5,Control6,Control7,Control8,Control9,Control10,Control11,Control12,Control13,Control15,Control16,Control17
100996301,105375690,81849,23286,253650,101101772,100506411,101927355,107985492;Control1,Control2,Control3,Control4,Control5,Control6,Control7,Control8,Control9,Control10,Control11,Control12,Control13,Control15,Control16,Control17
55635,554282;Control1,Control2,Control3,Control4,Control5,Control6,Control7,Control8,Control9,Control10,Control11,Control12,Control13,Control15,Control16,Control17
55635,728833;Control1,Control2,Control3,Control4,Control5,Control6,Control7,Control8,Control9,Control10,Control11,Control12,Control13,Control15,Control16,Control17
55635,9928,4751,23397,10721,4085,55247,3161,983,3832,100288637,7153;Control1,Control2,Control3,Control4,Control5,Control6,Control7,Control8,Control9,Control10,Control11,Control12,Control13,Control15,Control16,Control17
55635,54443,9928,4751,23397,4085,55247,3161,55872,983,3832,100288637,7153;Control1,Control2,Control3,Control4,Control5,Control6,Control7,Control8,Control9,Control10,Control11,Control12,Control13,Control15,Control16,Control17
55635,55388,23397,983,100288637,7153,29128;Control1,Control2,Control3,Control4,Control5,Control6,Control7,Control8,Control9,Control10,Control11,Control12,Control13,Control15,Control16,Control17
55635,11130,4751,23397,10721,55247,3161,983,3832,55165,100288637,51203,7153;Control1,Control2,Control3,Control4,Control5,Control6,Control7,Control8,Control9,Control10,Control11,Control12,Control13,Control15,Control16,Control17
55635,55165,9928,4751,23397,10721,55247,3161,983,3832,100288637,51203,7153,29128,24137;Control1,Control2,Control3,Control4,Control5,Control6,Control7,Control8,Control9,Control10,Control11,Control12,Control13,Control15,Control16,Control17
55635,9824,9928,4751,23397,4085,55247,3161,54443,55872,983,3832,7153;Control1,Control2,Control3,Control4,Control5,Control6,Control7,Control8,Control9,Control10,Control11,Control12,Control13,Control15,Control16,Control17
55635,9055,9928,4751,4085,55247,3161,54443,55872,983,3832,100288637,7153;Control1,Control2,Control3,Control4,Control5,Control6,Control7,Control8,Control9,Control10,Control11,Control12,Control13,Control15,Control16,Control17
55635,100507118,4751,23397,55247,3161,54443,55872,983,3832,55165,9824,51203,7153,29128,24137;Control1,Control2,Control3,Control4,Control5,Control6,Control7,Control8,Control9,Control10,Control11,Control12,Control13,Control15,Control16,Control17
55635,54478,4085,983,3832,7153;Control1,Control2,Control3,Control4,Control5,Control6,Control7,Control8,Control9,Control10,Control11,Control12,Control13,Control15,Control16,Control17
26289,101928658,168002,63898,4318,109729184,7477;Control1,Control2,Control3,Control4,Control5,Control6,Control7,Control8,Control9,Control10,Control11,Control12,Control13,Control15,Control16,Control17
26289,105378305,168002,63898,4318,109729184,7477;Control1,Control2,Control3,Control4,Control5,Control6,Control7,Control8,Control9,Control10,Control11,Control12,Control13,Control15,Control16,Control17
26289,176,349408;Control1,Control2,Control3,Control4,Control5,Control6,Control7,Control8,Control9,Control10,Control11,Control12,Control13,Control15,Control16,Control17
26289,349408,168002,105378305;Control1,Control2,Control3,Control4,Control5,Control6,Control7,Control8,Control9,Control10,Control11,Control12,Control13,Control15,Control16,Control17
23566,83648,107984763;Control1,Control2,Control3,Control4,Control5,Control6,Control7,Control8,Control9,Control10,Control11,Control12,Control13,Control15,Control16,Control17
23566,9628,53820;Control1,Control2,Control3,Control4,Control5,Control6,Control7,Control8,Control9,Control10,Control11,Control12,Control13,Control15,Control16,Control17
23566,89858,107984763;Control1,Control2,Control3,Control4,Control5,Control6,Control7,Control8,Control9,Control10,Control11,Control12,Control13,Control15,Control16,Control17
115362,100506827,4283,10537,701,100506655,23532;Control1,Control2,Control3,Control4,Control5,Control6,Control7,Control8,Control9,Control10,Control11,Control12,Control13,Control15,Control16,Control17
115362,3627,100506827,10537,7180,100506655,23532;Control1,Control2,Control3,Control4,Control5,Control6,Control7,Control8,Control9,Control10,Control11,Control12,Control13,Control15,Control16,Control17
115362,113730,100506827,4283,10537,100506655,23532;Control1,Control2,Control3,Control4,Control5,Control6,Control7,Control8,Control9,Control10,Control11,Control12,Control13,Control15,Control16,Control17
1301,574414,574029,101927750,105375622,2834;Control1,Control2,Control3,Control4,Control5,Control6,Control7,Control8,Control9,Control10,Control11,Control12,Control13,Control15,Control16,Control17
1301,56300,100652791;Control1,Control2,Control3,Control4,Control5,Control6,Control7,Control8,Control9,Control10,Control11,Control12,Control13,Control15,Control16,Control17
1301,64094,574029,107986951,2834;Control1,Control2,Control3,Control4,Control5,Control6,Control7,Control8,Control9,Control10,Control11,Control12,Control13,Control15,Control16,Control17
1301,100652791,574029,107986951;Control1,Control2,Control3,Control4,Control5,Control6,Control7,Control8,Control9,Control10,Control11,Control12,Control13,Control15,Control16,Control17
1301,107986951,574414,574029,2834;Control1,Control2,Control3,Control4,Control5,Control6,Control7,Control8,Control9,Control10,Control11,Control12,Control13,Control15,Control16,Control17
653149,105374166,51361,23286,3135,340273,158228,112268037,143662,79056,6495,100506411,654499,101927355,54101;Control1,Control2,Control3,Control4,Control5,Control6,Control7,Control8,Control9,Control10,Control11,Control12,Control13,Control15,Control16,Control17
653149,100289137,3352,51361,23286,340273,158228,143662,79056,6495,100506411,654499,101927355,54101,2277;Control1,Control2,Control3,Control4,Control5,Control6,Control7,Control8,Control9,Control10,Control11,Control12,Control13,Control15,Control16,Control17
653820,728833;Control1,Control2,Control3,Control4,Control5,Control6,Control7,Control8,Control9,Control10,Control11,Control12,Control13,Control15,Control16,Control17
653820,9928,23397,56992,10721,4085,55247,3161,100288637;Control1,Control2,Control3,Control4,Control5,Control6,Control7,Control8,Control9,Control10,Control11,Control12,Control13,Control15,Control16,Control17
653820,729533;Control1,Control2,Control3,Control4,Control5,Control6,Control7,Control8,Control9,Control10,Control11,Control12,Control13,Control15,Control16,Control17
653820,11130,23397,10721,55247,3161,100288637;Control1,Control2,Control3,Control4,Control5,Control6,Control7,Control8,Control9,Control10,Control11,Control12,Control13,Control15,Control16,Control17
728833,144455;Control1,Control2,Control3,Control4,Control5,Control6,Control7,Control8,Control9,Control10,Control11,Control12,Control13,Control15,Control16,Control17
574414,6865,101927750,105375622,2834;Control1,Control2,Control3,Control4,Control5,Control6,Control7,Control8,Control9,Control10,Control11,Control12,Control13,Control15,Control16,Control17
574414,400618;Control1,Control2,Control3,Control4,Control5,Control6,Control7,Control8,Control9,Control10,Control11,Control12,Control13,Control15,Control16,Control17
6273,3754,105375027,105375674,101927760,338667,105371050;Control1,Control2,Control3,Control4,Control5,Control6,Control7,Control8,Control9,Control10,Control11,Control12,Control13,Control15,Control16,Control17
6273,8352,8355,105375027,101927760,102724784,338667,111216286;Control1,Control2,Control3,Control4,Control5,Control6,Control7,Control8,Control9,Control10,Control11,Control12,Control13,Control15,Control16,Control17
6273,102724784,3754,105375027,101927760,338667,338797,105371050,3881,107985627;Control1,Control2,Control3,Control4,Control5,Control6,Control7,Control8,Control9,Control10,Control11,Control12,Control13,Control15,Control16,Control17
6273,103689845,8355,338797;Control1,Control2,Control3,Control4,Control5,Control6,Control7,Control8,Control9,Control10,Control11,Control12,Control13,Control15,Control16,Control17
6273,53820,8352,8355,105375027,101927760,338667,111216286;Control1,Control2,Control3,Control4,Control5,Control6,Control7,Control8,Control9,Control10,Control11,Control12,Control13,Control15,Control16,Control17
6273,111216286,3754,105375027,101927760,102724784,338667,338797,3881,107985627;Control1,Control2,Control3,Control4,Control5,Control6,Control7,Control8,Control9,Control10,Control11,Control12,Control13,Control15,Control16,Control17
128239,83540,259266,6241,55355,64151,9833,55165,221150,100507118,79801,220134,29128,24137;Control1,Control2,Control3,Control4,Control5,Control6,Control7,Control8,Control9,Control10,Control11,Control12,Control13,Control15,Control16,Control17
128239,105371664,112937,158511;Control1,Control2,Control3,Control4,Control5,Control6,Control7,Control8,Control9,Control10,Control11,Control12,Control13,Control15,Control16,Control17
128239,147841,4288,10615,332;Control1,Control2,Control3,Control4,Control5,Control6,Control7,Control8,Control9,Control10,Control11,Control12,Control13,Control15,Control16,Control17
128239,9582,100874530;Control1,Control2,Control3,Control4,Control5,Control6,Control7,Control8,Control9,Control10,Control11,Control12,Control13,Control15,Control16,Control17
128239,100874530,10024,9212;Control1,Control2,Control3,Control4,Control5,Control6,Control7,Control8,Control9,Control10,Control11,Control12,Control13,Control15,Control16,Control17
101928202,100506827,10537,100506655,23532;Control1,Control2,Control3,Control4,Control5,Control6,Control7,Control8,Control9,Control10,Control11,Control12,Control13,Control15,Control16,Control17
101928202,40;Control1,Control2,Control3,Control4,Control5,Control6,Control7,Control8,Control9,Control10,Control11,Control12,Control13,Control15,Control16,Control17
9447,110806280;Control1,Control2,Control3,Control4,Control5,Control6,Control7,Control8,Control9,Control10,Control11,Control12,Control13,Control15,Control16,Control17
89886,5798,168002,105378305,79191,100533990,344,4318,109729184,7477;Control1,Control2,Control3,Control4,Control5,Control6,Control7,Control8,Control9,Control10,Control11,Control12,Control13,Control15,Control16,Control17
89886,286676,168002,105378305,107984129,10265,1995;Control1,Control2,Control3,Control4,Control5,Control6,Control7,Control8,Control9,Control10,Control11,Control12,Control13,Control15,Control16,Control17
89886,100379220,168002,107984129,79191,10265,1995,109729184;Control1,Control2,Control3,Control4,Control5,Control6,Control7,Control8,Control9,Control10,Control11,Control12,Control13,Control15,Control16,Control17
89886,29991,168002,105378305,107984129,79191,1995;Control1,Control2,Control3,Control4,Control5,Control6,Control7,Control8,Control9,Control10,Control11,Control12,Control13,Control15,Control16,Control17
89886,105369315,1995;Control1,Control2,Control3,Control4,Control5,Control6,Control7,Control8,Control9,Control10,Control11,Control12,Control13,Control15,Control16,Control17
477,171019,107986990,8424,105369685,1630;Control1,Control2,Control3,Control4,Control5,Control6,Control7,Control8,Control9,Control10,Control11,Control12,Control13,Control15,Control16,Control17
477,101927354,105369685,647946;Control1,Control2,Control3,Control4,Control5,Control6,Control7,Control8,Control9,Control10,Control11,Control12,Control13,Control15,Control16,Control17
477,647946,171019,8424,105369685,1630;Control1,Control2,Control3,Control4,Control5,Control6,Control7,Control8,Control9,Control10,Control11,Control12,Control13,Control15,Control16,Control17
477,105372613,101927354,647946;Control1,Control2,Control3,Control4,Control5,Control6,Control7,Control8,Control9,Control10,Control11,Control12,Control13,Control15,Control16,Control17
81607,3914;Control1,Control2,Control3,Control4,Control5,Control6,Control7,Control8,Control9,Control10,Control11,Control12,Control13,Control15,Control16,Control17
81607,6690,112802;Control1,Control2,Control3,Control4,Control5,Control6,Control7,Control8,Control9,Control10,Control11,Control12,Control13,Control15,Control16,Control17
81607,3227;Control1,Control2,Control3,Control4,Control5,Control6,Control7,Control8,Control9,Control10,Control11,Control12,Control13,Control15,Control16,Control17
83540,23397,6241,699,64151,3161,55872,9833,983,55165,51203,79801,7153,29128,24137;Control1,Control2,Control3,Control4,Control5,Control6,Control7,Control8,Control9,Control10,Control11,Control12,Control13,Control15,Control16,Control17
83540,3161,259266,6241,55355,64151,55872,9833,983,55165,221150,51203,100507118,79801,29128,24137;Control1,Control2,Control3,Control4,Control5,Control6,Control7,Control8,Control9,Control10,Control11,Control12,Control13,Control15,Control16,Control17
83540,3833,128239,259266,6241,55355,9833,221150,100507118,79801,220134,24137;Control1,Control2,Control3,Control4,Control5,Control6,Control7,Control8,Control9,Control10,Control11,Control12,Control13,Control15,Control16,Control17
83540,100288637,23397,699,64151,3161,55872,9833,983,55165,51203,7153,29128,24137;Control1,Control2,Control3,Control4,Control5,Control6,Control7,Control8,Control9,Control10,Control11,Control12,Control13,Control15,Control16,Control17
83540,57082,259266,6241,55355,64151,3161,55872,983,55165,221150,51203,100507118,79801,29128,24137;Control1,Control2,Control3,Control4,Control5,Control6,Control7,Control8,Control9,Control10,Control11,Control12,Control13,Control15,Control16,Control17
83540,54478,983,7153;Control1,Control2,Control3,Control4,Control5,Control6,Control7,Control8,Control9,Control10,Control11,Control12,Control13,Control15,Control16,Control17
79100,57624,9355;Control1,Control2,Control3,Control4,Control5,Control6,Control7,Control8,Control9,Control10,Control11,Control12,Control13,Control15,Control16,Control17
79100,8549,5101;Control1,Control2,Control3,Control4,Control5,Control6,Control7,Control8,Control9,Control10,Control11,Control12,Control13,Control15,Control16,Control17
2328,27178,285643,81624,101929707;Control1,Control2,Control3,Control4,Control5,Control6,Control7,Control8,Control9,Control10,Control11,Control12,Control13,Control15,Control16,Control17
2328,203190,105371927;Control1,Control2,Control3,Control4,Control5,Control6,Control7,Control8,Control9,Control10,Control11,Control12,Control13,Control15,Control16,Control17
105371664,131578,253582,112937,110806280;Control1,Control2,Control3,Control4,Control5,Control6,Control7,Control8,Control9,Control10,Control11,Control12,Control13,Control15,Control16,Control17
105371664,113115,112937,158511;Control1,Control2,Control3,Control4,Control5,Control6,Control7,Control8,Control9,Control10,Control11,Control12,Control13,Control15,Control16,Control17
259266,56992,1063,6241,55355,64151,891,3161,55872,983,55165,221150,9787,57082,51203,9055,100507118,79801,29128,24137;Control1,Control2,Control3,Control4,Control5,Control6,Control7,Control8,Control9,Control10,Control11,Control12,Control13,Control15,Control16,Control17
259266,891,1063,6241,150468,55355,3161,55872,9833,983,55165,9787,51203,9055,100507118,79801,24137;Control1,Control2,Control3,Control4,Control5,Control6,Control7,Control8,Control9,Control10,Control11,Control12,Control13,Control15,Control16,Control17
259266,157313,1063,6241,150468,891,983,9787,51203,332;Control1,Control2,Control3,Control4,Control5,Control6,Control7,Control8,Control9,Control10,Control11,Control12,Control13,Control15,Control16,Control17
554279,2019,101927687;Control1,Control2,Control3,Control4,Control5,Control6,Control7,Control8,Control9,Control10,Control11,Control12,Control13,Control15,Control16,Control17
554279,7546,366,55423;Control1,Control2,Control3,Control4,Control5,Control6,Control7,Control8,Control9,Control10,Control11,Control12,Control13,Control15,Control16,Control17
554279,366,101927687,55423;Control1,Control2,Control3,Control4,Control5,Control6,Control7,Control8,Control9,Control10,Control11,Control12,Control13,Control15,Control16,Control17
554279,339256,101927687;Control1,Control2,Control3,Control4,Control5,Control6,Control7,Control8,Control9,Control10,Control11,Control12,Control13,Control15,Control16,Control17
9928,6664,56992,64151,55247,4001,387978;Control1,Control2,Control3,Control4,Control5,Control6,Control7,Control8,Control9,Control10,Control11,Control12,Control13,Control15,Control16,Control17
9928,699,4751,23397,10721,64151,891,3161,983,55165,51203,7153,29128,24137;Control1,Control2,Control3,Control4,Control5,Control6,Control7,Control8,Control9,Control10,Control11,Control12,Control13,Control15,Control16,Control17
9928,4001,4751,23397,699,10721,64151,3161,7272,983,55165,100288637,51203,7153,29128;Control1,Control2,Control3,Control4,Control5,Control6,Control7,Control8,Control9,Control10,Control11,Control12,Control13,Control15,Control16,Control17
9928,10643;Control1,Control2,Control3,Control4,Control5,Control6,Control7,Control8,Control9,Control10,Control11,Control12,Control13,Control15,Control16,Control17
9928,2845,23397,56992,10721,4085,55247,100288637;Control1,Control2,Control3,Control4,Control5,Control6,Control7,Control8,Control9,Control10,Control11,Control12,Control13,Control15,Control16,Control17
9928,2625,6664,56992,55247,4001,387978;Control1,Control2,Control3,Control4,Control5,Control6,Control7,Control8,Control9,Control10,Control11,Control12,Control13,Control15,Control16,Control17
9928,144455,6664,64151,55247,4001,387978;Control1,Control2,Control3,Control4,Control5,Control6,Control7,Control8,Control9,Control10,Control11,Control12,Control13,Control15,Control16,Control17
9928,50614,6664,2625,387978;Control1,Control2,Control3,Control4,Control5,Control6,Control7,Control8,Control9,Control10,Control11,Control12,Control13,Control15,Control16,Control17
9928,221150,4751,23397,56992,10721,64151,55247,891,3161,983,55165,57082,51203,7153,29128,24137;Control1,Control2,Control3,Control4,Control5,Control6,Control7,Control8,Control9,Control10,Control11,Control12,Control13,Control15,Control16,Control17
9928,9768,23397,699,10721,64151,891,3161,983,55165,51203,7153,29128,24137;Control1,Control2,Control3,Control4,Control5,Control6,Control7,Control8,Control9,Control10,Control11,Control12,Control13,Control15,Control16,Control17
55765,102467080,389336,4973;Control1,Control2,Control3,Control4,Control5,Control6,Control7,Control8,Control9,Control10,Control11,Control12,Control13,Control15,Control16,Control17
55765,1749,389336,3227,354;Control1,Control2,Control3,Control4,Control5,Control6,Control7,Control8,Control9,Control10,Control11,Control12,Control13,Control15,Control16,Control17
115019,105377123,105374986;Control1,Control2,Control3,Control4,Control5,Control6,Control7,Control8,Control9,Control10,Control11,Control12,Control13,Control15,Control16,Control17
115019,285987,389336,1749,4004,354,5653,5650,729442;Control1,Control2,Control3,Control4,Control5,Control6,Control7,Control8,Control9,Control10,Control11,Control12,Control13,Control15,Control16,Control17
115019,3502,389336,285987,4004,354,5653,5650,28809,729442;Control1,Control2,Control3,Control4,Control5,Control6,Control7,Control8,Control9,Control10,Control11,Control12,Control13,Control15,Control16,Control17
729533,701;Control1,Control2,Control3,Control4,Control5,Control6,Control7,Control8,Control9,Control10,Control11,Control12,Control13,Control15,Control16,Control17
3914,1749;Control1,Control2,Control3,Control4,Control5,Control6,Control7,Control8,Control9,Control10,Control11,Control12,Control13,Control15,Control16,Control17
3914,103689845;Control1,Control2,Control3,Control4,Control5,Control6,Control7,Control8,Control9,Control10,Control11,Control12,Control13,Control15,Control16,Control17
100422894,6690,3881;Control1,Control2,Control3,Control4,Control5,Control6,Control7,Control8,Control9,Control10,Control11,Control12,Control13,Control15,Control16,Control17
100422894,8329,3881;Control1,Control2,Control3,Control4,Control5,Control6,Control7,Control8,Control9,Control10,Control11,Control12,Control13,Control15,Control16,Control17
3664,101929215,112937,729447,102723547;Control1,Control2,Control3,Control4,Control5,Control6,Control7,Control8,Control9,Control10,Control11,Control12,Control13,Control15,Control16,Control17
3664,176,729447,102723547;Control1,Control2,Control3,Control4,Control5,Control6,Control7,Control8,Control9,Control10,Control11,Control12,Control13,Control15,Control16,Control17
3664,3783,101929215,729447,102723547;Control1,Control2,Control3,Control4,Control5,Control6,Control7,Control8,Control9,Control10,Control11,Control12,Control13,Control15,Control16,Control17
3664,158511,112937,729447,102723547;Control1,Control2,Control3,Control4,Control5,Control6,Control7,Control8,Control9,Control10,Control11,Control12,Control13,Control15,Control16,Control17
4751,1063,6241,150468,891,3161,54443,55872,9833,983,55165,9787,51203,9055,100507118,79801,7153,24137;Control1,Control2,Control3,Control4,Control5,Control6,Control7,Control8,Control9,Control10,Control11,Control12,Control13,Control15,Control16,Control17
4751,157570,1063,6241,150468,3161,54443,55872,9833,983,3832,55165,51203,9055,100507118,7153;Control1,Control2,Control3,Control4,Control5,Control6,Control7,Control8,Control9,Control10,Control11,Control12,Control13,Control15,Control16,Control17
4751,81624,150468,100507118;Control1,Control2,Control3,Control4,Control5,Control6,Control7,Control8,Control9,Control10,Control11,Control12,Control13,Control15,Control16,Control17
4751,9493,3161,54443,983,3832,55165,9824,51203,9055;Control1,Control2,Control3,Control4,Control5,Control6,Control7,Control8,Control9,Control10,Control11,Control12,Control13,Control15,Control16,Control17
4751,83903,1063,6241,150468,3161,54443,157570,55872,3832,55165,51203,9055,100507118;Control1,Control2,Control3,Control4,Control5,Control6,Control7,Control8,Control9,Control10,Control11,Control12,Control13,Control15,Control16,Control17
1063,9156,57405,332;Control1,Control2,Control3,Control4,Control5,Control6,Control7,Control8,Control9,Control10,Control11,Control12,Control13,Control15,Control16,Control17
1063,55247,4751,6241,56992,64151,891,3161,54443,55872,983,55165,221150,57082,51203,9055,100507118,7153,29128,24137;Control1,Control2,Control3,Control4,Control5,Control6,Control7,Control8,Control9,Control10,Control11,Control12,Control13,Control15,Control16,Control17
1063,9833,128239,259266,6241,55355,64151,55165,221150,9787,100507118,79801,332,220134,29128,24137;Control1,Control2,Control3,Control4,Control5,Control6,Control7,Control8,Control9,Control10,Control11,Control12,Control13,Control15,Control16,Control17
1063,55165,128239,259266,6241,57405,55355,64151,221150,9787,100507118,79801,332,220134,29128,24137;Control1,Control2,Control3,Control4,Control5,Control6,Control7,Control8,Control9,Control10,Control11,Control12,Control13,Control15,Control16,Control17
1063,57082,259266,6241,57405,55355,64151,983,55165,221150,9787,100507118,79801,332,29128,24137;Control1,Control2,Control3,Control4,Control5,Control6,Control7,Control8,Control9,Control10,Control11,Control12,Control13,Control15,Control16,Control17
105372950,731220,100505994,80329,646024,105376041,3229,387895,4496;Control1,Control2,Control3,Control4,Control5,Control6,Control7,Control8,Control9,Control10,Control11,Control12,Control13,Control15,Control16,Control17
105372950,84561,105377508,100505994,646024,105376041,3229,387895,55655,3053;Control1,Control2,Control3,Control4,Control5,Control6,Control7,Control8,Control9,Control10,Control11,Control12,Control13,Control15,Control16,Control17
105372950,105375077,84561;Control1,Control2,Control3,Control4,Control5,Control6,Control7,Control8,Control9,Control10,Control11,Control12,Control13,Control15,Control16,Control17
105372950,80714,84561;Control1,Control2,Control3,Control4,Control5,Control6,Control7,Control8,Control9,Control10,Control11,Control12,Control13,Control15,Control16,Control17
105372950,55655,731220,100505994,646024,105376041,3229,387895,4496,3053;Control1,Control2,Control3,Control4,Control5,Control6,Control7,Control8,Control9,Control10,Control11,Control12,Control13,Control15,Control16,Control17
102723834,11001;Control1,Control2,Control3,Control4,Control5,Control6,Control7,Control8,Control9,Control10,Control11,Control12,Control13,Control15,Control16,Control17
102723834,176;Control1,Control2,Control3,Control4,Control5,Control6,Control7,Control8,Control9,Control10,Control11,Control12,Control13,Control15,Control16,Control17
574029,6332,100652791;Control1,Control2,Control3,Control4,Control5,Control6,Control7,Control8,Control9,Control10,Control11,Control12,Control13,Control15,Control16,Control17
58,28946,2019,134285,389336,285987,4004,3502,354,25818,5653,5650,28809,729442;Control1,Control2,Control3,Control4,Control5,Control6,Control7,Control8,Control9,Control10,Control11,Control12,Control13,Control15,Control16,Control17
58,102724714,134285,285987,4004,5265,5653,5650,28809,729442;Control1,Control2,Control3,Control4,Control5,Control6,Control7,Control8,Control9,Control10,Control11,Control12,Control13,Control15,Control16,Control17
58,1295,2019,134285,389336,285987,4004,4973,25818,5653,5650,28809,729442;Control1,Control2,Control3,Control4,Control5,Control6,Control7,Control8,Control9,Control10,Control11,Control12,Control13,Control15,Control16,Control17
58,27063,102724714,5265;Control1,Control2,Control3,Control4,Control5,Control6,Control7,Control8,Control9,Control10,Control11,Control12,Control13,Control15,Control16,Control17
58,6768,28946,2019,285987,4004,3502,5653,28809,729442;Control1,Control2,Control3,Control4,Control5,Control6,Control7,Control8,Control9,Control10,Control11,Control12,Control13,Control15,Control16,Control17
58,145873,2019,1295,134285,389336,285987,4004,25818,5653,5650,28809,729442;Control1,Control2,Control3,Control4,Control5,Control6,Control7,Control8,Control9,Control10,Control11,Control12,Control13,Control15,Control16,Control17
58,284293,28946,2019,134285,285987,4004,3502,354,28809,729442;Control1,Control2,Control3,Control4,Control5,Control6,Control7,Control8,Control9,Control10,Control11,Control12,Control13,Control15,Control16,Control17
58,105373150,1295,134285,285987,4004,25818,5653,5650,28809,729442;Control1,Control2,Control3,Control4,Control5,Control6,Control7,Control8,Control9,Control10,Control11,Control12,Control13,Control15,Control16,Control17
9156,10460,332,4605;Control1,Control2,Control3,Control4,Control5,Control6,Control7,Control8,Control9,Control10,Control11,Control12,Control13,Control15,Control16,Control17
9156,157313,1063,332;Control1,Control2,Control3,Control4,Control5,Control6,Control7,Control8,Control9,Control10,Control11,Control12,Control13,Control15,Control16,Control17
9156,4605,57405,332;Control1,Control2,Control3,Control4,Control5,Control6,Control7,Control8,Control9,Control10,Control11,Control12,Control13,Control15,Control16,Control17
6664,57082,9928,56992,64151,55247,4001;Control1,Control2,Control3,Control4,Control5,Control6,Control7,Control8,Control9,Control10,Control11,Control12,Control13,Control15,Control16,Control17
6664,105371275,7180,105372115;Control1,Control2,Control3,Control4,Control5,Control6,Control7,Control8,Control9,Control10,Control11,Control12,Control13,Control15,Control16,Control17
6241,374393,55872,9833,55165,51203,100507118,79801,220134,29128;Control1,Control2,Control3,Control4,Control5,Control6,Control7,Control8,Control9,Control10,Control11,Control12,Control13,Control15,Control16,Control17
6241,9768,23397,699,64151,891,3161,55872,983,55165,51203,7153,29128,24137;Control1,Control2,Control3,Control4,Control5,Control6,Control7,Control8,Control9,Control10,Control11,Control12,Control13,Control15,Control16,Control17
3754,100507584;Control1,Control2,Control3,Control4,Control5,Control6,Control7,Control8,Control9,Control10,Control11,Control12,Control13,Control15,Control16,Control17
1058,101927813,150468,9833;Control1,Control2,Control3,Control4,Control5,Control6,Control7,Control8,Control9,Control10,Control11,Control12,Control13,Control15,Control16,Control17
1058,3833,991,259266,1063,6241,995,9232,113130,9787,9133,100507118,79801,9212,146909,332;Control1,Control2,Control3,Control4,Control5,Control6,Control7,Control8,Control9,Control10,Control11,Control12,Control13,Control15,Control16,Control17
1058,55723,991,6241,150468,9232,113130,9787,100507118,146909,332;Control1,Control2,Control3,Control4,Control5,Control6,Control7,Control8,Control9,Control10,Control11,Control12,Control13,Control15,Control16,Control17
56896,79413,80714;Control1,Control2,Control3,Control4,Control5,Control6,Control7,Control8,Control9,Control10,Control11,Control12,Control13,Control15,Control16,Control17
56896,1404,1750,3856,113218482,284240;Control1,Control2,Control3,Control4,Control5,Control6,Control7,Control8,Control9,Control10,Control11,Control12,Control13,Control15,Control16,Control17
56896,5008,1404,3856,113218482;Control1,Control2,Control3,Control4,Control5,Control6,Control7,Control8,Control9,Control10,Control11,Control12,Control13,Control15,Control16,Control17
101928173,1295,4973,5650;Control1,Control2,Control3,Control4,Control5,Control6,Control7,Control8,Control9,Control10,Control11,Control12,Control13,Control15,Control16,Control17
28946,79674,389336,3502,354;Control1,Control2,Control3,Control4,Control5,Control6,Control7,Control8,Control9,Control10,Control11,Control12,Control13,Control15,Control16,Control17
28946,3512,3502,105371152;Control1,Control2,Control3,Control4,Control5,Control6,Control7,Control8,Control9,Control10,Control11,Control12,Control13,Control15,Control16,Control17
28946,105371152,79674,3502,354;Control1,Control2,Control3,Control4,Control5,Control6,Control7,Control8,Control9,Control10,Control11,Control12,Control13,Control15,Control16,Control17
23397,55355,83540,6241,64151,3161,55872,9833,983,55165,221150,51203,100507118,79801,7153,29128,24137;Control1,Control2,Control3,Control4,Control5,Control6,Control7,Control8,Control9,Control10,Control11,Control12,Control13,Control15,Control16,Control17
23397,100874028,11130;Control1,Control2,Control3,Control4,Control5,Control6,Control7,Control8,Control9,Control10,Control11,Control12,Control13,Control15,Control16,Control17
23397,9787,4751,6241,699,64151,891,3161,54443,55872,9833,983,55165,51203,79801,7153,29128,24137;Control1,Control2,Control3,Control4,Control5,Control6,Control7,Control8,Control9,Control10,Control11,Control12,Control13,Control15,Control16,Control17
23397,57082,83540,6241,55355,64151,3161,55872,983,55165,221150,51203,100507118,79801,7153,29128,24137;Control1,Control2,Control3,Control4,Control5,Control6,Control7,Control8,Control9,Control10,Control11,Control12,Control13,Control15,Control16,Control17
731220,11075,646024,554202,105376041,3229,387895,55655,3053,109729169;Control1,Control2,Control3,Control4,Control5,Control6,Control7,Control8,Control9,Control10,Control11,Control12,Control13,Control15,Control16,Control17
731220,105375690,100505994,80329;Control1,Control2,Control3,Control4,Control5,Control6,Control7,Control8,Control9,Control10,Control11,Control12,Control13,Control15,Control16,Control17
731220,554202,100505994,646024,105376041,3229,387895,55655,3053;Control1,Control2,Control3,Control4,Control5,Control6,Control7,Control8,Control9,Control10,Control11,Control12,Control13,Control15,Control16,Control17
731220,9956,100505994,646024,105376041,3229,387895,55655;Control1,Control2,Control3,Control4,Control5,Control6,Control7,Control8,Control9,Control10,Control11,Control12,Control13,Control15,Control16,Control17
731220,115701,100505994,646024,105376041,3229,387895,4496,55655,3053;Control1,Control2,Control3,Control4,Control5,Control6,Control7,Control8,Control9,Control10,Control11,Control12,Control13,Control15,Control16,Control17
699,101927813,891,3161,54443,55872,9833;Control1,Control2,Control3,Control4,Control5,Control6,Control7,Control8,Control9,Control10,Control11,Control12,Control13,Control15,Control16,Control17
699,54443,9928,4751,23397,64151,891,3161,55872,983,55165,51203,7153,29128,24137;Control1,Control2,Control3,Control4,Control5,Control6,Control7,Control8,Control9,Control10,Control11,Control12,Control13,Control15,Control16,Control17
699,11130,4751,23397,10721,3161,7272,983,55165,100288637,51203,7153;Control1,Control2,Control3,Control4,Control5,Control6,Control7,Control8,Control9,Control10,Control11,Control12,Control13,Control15,Control16,Control17
699,144455,9928,10721,64151,4001,55165,100288637,51203,7153,29128;Control1,Control2,Control3,Control4,Control5,Control6,Control7,Control8,Control9,Control10,Control11,Control12,Control13,Control15,Control16,Control17
699,9824,9928,4751,23397,3161,54443,55872,983,55165,51203,7153,29128,24137;Control1,Control2,Control3,Control4,Control5,Control6,Control7,Control8,Control9,Control10,Control11,Control12,Control13,Control15,Control16,Control17
699,220134,83540,6241,64151,3161,55872,9833,55165,51203,79801,7153,29128,24137;Control1,Control2,Control3,Control4,Control5,Control6,Control7,Control8,Control9,Control10,Control11,Control12,Control13,Control15,Control16,Control17
699,22974;Control1,Control2,Control3,Control4,Control5,Control6,Control7,Control8,Control9,Control10,Control11,Control12,Control13,Control15,Control16,Control17
284958,2250,105377508,646024,105376041,3229,387895,4496,115701,55655;Control1,Control2,Control3,Control4,Control5,Control6,Control7,Control8,Control9,Control10,Control11,Control12,Control13,Control15,Control16,Control17
150468,55355,991,259266,1063,6241,995,9232,113130,9787,100507118,79801,146909,332,24137;Control1,Control2,Control3,Control4,Control5,Control6,Control7,Control8,Control9,Control10,Control11,Control12,Control13,Control15,Control16,Control17
150468,100507584,27178,285643,51512;Control1,Control2,Control3,Control4,Control5,Control6,Control7,Control8,Control9,Control10,Control11,Control12,Control13,Control15,Control16,Control17
27178,79733,55143,285643,157570;Control1,Control2,Control3,Control4,Control5,Control6,Control7,Control8,Control9,Control10,Control11,Control12,Control13,Control15,Control16,Control17
27178,81624,55143,150468,285643;Control1,Control2,Control3,Control4,Control5,Control6,Control7,Control8,Control9,Control10,Control11,Control12,Control13,Control15,Control16,Control17
27178,186,285643,157570,79733;Control1,Control2,Control3,Control4,Control5,Control6,Control7,Control8,Control9,Control10,Control11,Control12,Control13,Control15,Control16,Control17
56300,347252,3229,4496;Control1,Control2,Control3,Control4,Control5,Control6,Control7,Control8,Control9,Control10,Control11,Control12,Control13,Control15,Control16,Control17
56300,2834,1301;Control1,Control2,Control3,Control4,Control5,Control6,Control7,Control8,Control9,Control10,Control11,Control12,Control13,Control15,Control16,Control17
56300,27091,347252;Control1,Control2,Control3,Control4,Control5,Control6,Control7,Control8,Control9,Control10,Control11,Control12,Control13,Control15,Control16,Control17
2019,105371927,27237,134285;Control1,Control2,Control3,Control4,Control5,Control6,Control7,Control8,Control9,Control10,Control11,Control12,Control13,Control15,Control16,Control17
55240,9768;Control1,Control2,Control3,Control4,Control5,Control6,Control7,Control8,Control9,Control10,Control11,Control12,Control13,Control15,Control16,Control17
112714,105372863;Control1,Control2,Control3,Control4,Control5,Control6,Control7,Control8,Control9,Control10,Control11,Control12,Control13,Control15,Control16,Control17
6332,941,860,9355,7681;Control1,Control2,Control3,Control4,Control5,Control6,Control7,Control8,Control9,Control10,Control11,Control12,Control13,Control15,Control16,Control17
57405,9768,6241,55355,64151,983,55165,221150,57082,7153,332,29128,24137;Control1,Control2,Control3,Control4,Control5,Control6,Control7,Control8,Control9,Control10,Control11,Control12,Control13,Control15,Control16,Control17
57405,7153,1063,6241,55355,64151,983,55165,221150,9787,57082,100507118,79801,332,29128,24137;Control1,Control2,Control3,Control4,Control5,Control6,Control7,Control8,Control9,Control10,Control11,Control12,Control13,Control15,Control16,Control17
1745,105369685,647946;Control1,Control2,Control3,Control4,Control5,Control6,Control7,Control8,Control9,Control10,Control11,Control12,Control13,Control15,Control16,Control17
3239,2297,4321,6362;Control1,Control2,Control3,Control4,Control5,Control6,Control7,Control8,Control9,Control10,Control11,Control12,Control13,Control15,Control16,Control17
3239,161291,4321;Control1,Control2,Control3,Control4,Control5,Control6,Control7,Control8,Control9,Control10,Control11,Control12,Control13,Control15,Control16,Control17
101927687,134285,2019,5653;Control1,Control2,Control3,Control4,Control5,Control6,Control7,Control8,Control9,Control10,Control11,Control12,Control13,Control15,Control16,Control17
29851,5133,4547,107986606;Control1,Control2,Control3,Control4,Control5,Control6,Control7,Control8,Control9,Control10,Control11,Control12,Control13,Control15,Control16,Control17
29851,50852,970;Control1,Control2,Control3,Control4,Control5,Control6,Control7,Control8,Control9,Control10,Control11,Control12,Control13,Control15,Control16,Control17
29851,3627,4547;Control1,Control2,Control3,Control4,Control5,Control6,Control7,Control8,Control9,Control10,Control11,Control12,Control13,Control15,Control16,Control17
29851,6495,5133,107986606;Control1,Control2,Control3,Control4,Control5,Control6,Control7,Control8,Control9,Control10,Control11,Control12,Control13,Control15,Control16,Control17
29851,970,5133,6495;Control1,Control2,Control3,Control4,Control5,Control6,Control7,Control8,Control9,Control10,Control11,Control12,Control13,Control15,Control16,Control17
29851,55423,5133;Control1,Control2,Control3,Control4,Control5,Control6,Control7,Control8,Control9,Control10,Control11,Control12,Control13,Control15,Control16,Control17
102724714,3502,58,134285,285987,4004,284293,28809,729442;Control1,Control2,Control3,Control4,Control5,Control6,Control7,Control8,Control9,Control10,Control11,Control12,Control13,Control15,Control16,Control17
5798,9076,101928658,168002,4318,109729184;Control1,Control2,Control3,Control4,Control5,Control6,Control7,Control8,Control9,Control10,Control11,Control12,Control13,Control15,Control16,Control17
5798,647309,2250,646024,105376041,387895,109729169;Control1,Control2,Control3,Control4,Control5,Control6,Control7,Control8,Control9,Control10,Control11,Control12,Control13,Control15,Control16,Control17
5798,100533789,100533990,109729169;Control1,Control2,Control3,Control4,Control5,Control6,Control7,Control8,Control9,Control10,Control11,Control12,Control13,Control15,Control16,Control17
5798,3053,6534,11075,100533990,109729169;Control1,Control2,Control3,Control4,Control5,Control6,Control7,Control8,Control9,Control10,Control11,Control12,Control13,Control15,Control16,Control17
57624,105376042,9355;Control1,Control2,Control3,Control4,Control5,Control6,Control7,Control8,Control9,Control10,Control11,Control12,Control13,Control15,Control16,Control17
57624,5083,101060400;Control1,Control2,Control3,Control4,Control5,Control6,Control7,Control8,Control9,Control10,Control11,Control12,Control13,Control15,Control16,Control17
55355,54443,1063,6241,150468,891,3161,55872,9833,983,55165,9787,51203,9055,100507118,79801,7153,24137;Control1,Control2,Control3,Control4,Control5,Control6,Control7,Control8,Control9,Control10,Control11,Control12,Control13,Control15,Control16,Control17
55355,9768,6241,23397,64151,891,3161,55872,983,55165,221150,57082,51203,7153,29128,24137;Control1,Control2,Control3,Control4,Control5,Control6,Control7,Control8,Control9,Control10,Control11,Control12,Control13,Control15,Control16,Control17
151648,100874028,11130;Control1,Control2,Control3,Control4,Control5,Control6,Control7,Control8,Control9,Control10,Control11,Control12,Control13,Control15,Control16,Control17
151648,641;Control1,Control2,Control3,Control4,Control5,Control6,Control7,Control8,Control9,Control10,Control11,Control12,Control13,Control15,Control16,Control17
105377043,9076,101928658,11075;Control1,Control2,Control3,Control4,Control5,Control6,Control7,Control8,Control9,Control10,Control11,Control12,Control13,Control15,Control16,Control17
105377043,105369315,9076;Control1,Control2,Control3,Control4,Control5,Control6,Control7,Control8,Control9,Control10,Control11,Control12,Control13,Control15,Control16,Control17
105377043,55867,105369315;Control1,Control2,Control3,Control4,Control5,Control6,Control7,Control8,Control9,Control10,Control11,Control12,Control13,Control15,Control16,Control17
56992,4001,9928,4751,23397,10721,64151,55247,3161,983,55165,221150,100288637,51203,7153,29128;Control1,Control2,Control3,Control4,Control5,Control6,Control7,Control8,Control9,Control10,Control11,Control12,Control13,Control15,Control16,Control17
56992,54443,9928,4751,23397,64151,55247,891,3161,55872,983,55165,221150,57082,51203,7153,29128,24137;Control1,Control2,Control3,Control4,Control5,Control6,Control7,Control8,Control9,Control10,Control11,Control12,Control13,Control15,Control16,Control17
56992,201299,221150;Control1,Control2,Control3,Control4,Control5,Control6,Control7,Control8,Control9,Control10,Control11,Control12,Control13,Control15,Control16,Control17
56992,220134,259266,1063,6241,55355,64151,891,3161,55872,55165,221150,9787,57082,51203,9055,100507118,79801,29128,24137;Control1,Control2,Control3,Control4,Control5,Control6,Control7,Control8,Control9,Control10,Control11,Control12,Control13,Control15,Control16,Control17
56992,105372115,6664,64151,55247,4001,387978,389903;Control1,Control2,Control3,Control4,Control5,Control6,Control7,Control8,Control9,Control10,Control11,Control12,Control13,Control15,Control16,Control17
105377123,3856,113218482;Control1,Control2,Control3,Control4,Control5,Control6,Control7,Control8,Control9,Control10,Control11,Control12,Control13,Control15,Control16,Control17
152225,101927686;Control1,Control2,Control3,Control4,Control5,Control6,Control7,Control8,Control9,Control10,Control11,Control12,Control13,Control15,Control16,Control17
50852,3135,970;Control1,Control2,Control3,Control4,Control5,Control6,Control7,Control8,Control9,Control10,Control11,Control12,Control13,Control15,Control16,Control17
50852,399815;Control1,Control2,Control3,Control4,Control5,Control6,Control7,Control8,Control9,Control10,Control11,Control12,Control13,Control15,Control16,Control17
50852,7546,55423;Control1,Control2,Control3,Control4,Control5,Control6,Control7,Control8,Control9,Control10,Control11,Control12,Control13,Control15,Control16,Control17
50852,11001,970;Control1,Control2,Control3,Control4,Control5,Control6,Control7,Control8,Control9,Control10,Control11,Control12,Control13,Control15,Control16,Control17
151760,53836,1813,10942,105371737;Control1,Control2,Control3,Control4,Control5,Control6,Control7,Control8,Control9,Control10,Control11,Control12,Control13,Control15,Control16,Control17
151760,10642,53836;Control1,Control2,Control3,Control4,Control5,Control6,Control7,Control8,Control9,Control10,Control11,Control12,Control13,Control15,Control16,Control17
941,345079,860,7681;Control1,Control2,Control3,Control4,Control5,Control6,Control7,Control8,Control9,Control10,Control11,Control12,Control13,Control15,Control16,Control17
941,103695435,345079,7681;Control1,Control2,Control3,Control4,Control5,Control6,Control7,Control8,Control9,Control10,Control11,Control12,Control13,Control15,Control16,Control17
84561,80329,105372950,100505994,646024,105376041,3229,387895;Control1,Control2,Control3,Control4,Control5,Control6,Control7,Control8,Control9,Control10,Control11,Control12,Control13,Control15,Control16,Control17
84561,115701,105377508,100505994,646024,105376041,3229,387895,55655,3053;Control1,Control2,Control3,Control4,Control5,Control6,Control7,Control8,Control9,Control10,Control11,Control12,Control13,Control15,Control16,Control17
84561,109729169,105377508,646024,105376041,3229,387895,115701,55655,3053;Control1,Control2,Control3,Control4,Control5,Control6,Control7,Control8,Control9,Control10,Control11,Control12,Control13,Control15,Control16,Control17
8419,79674;Control1,Control2,Control3,Control4,Control5,Control6,Control7,Control8,Control9,Control10,Control11,Control12,Control13,Control15,Control16,Control17
8419,101927354;Control1,Control2,Control3,Control4,Control5,Control6,Control7,Control8,Control9,Control10,Control11,Control12,Control13,Control15,Control16,Control17
8419,105370960;Control1,Control2,Control3,Control4,Control5,Control6,Control7,Control8,Control9,Control10,Control11,Control12,Control13,Control15,Control16,Control17
7545,64843;Control1,Control2,Control3,Control4,Control5,Control6,Control7,Control8,Control9,Control10,Control11,Control12,Control13,Control15,Control16,Control17
646951,219527,116173;Control1,Control2,Control3,Control4,Control5,Control6,Control7,Control8,Control9,Control10,Control11,Control12,Control13,Control15,Control16,Control17
105374166,245972,51361,100996301,81849,23286,340273,100289137,253650,158228,112268037,143662,79056,6495,100506411,654499,970,101927355,107985492,54101,2277;Control1,Control2,Control3,Control4,Control5,Control6,Control7,Control8,Control9,Control10,Control11,Control12,Control13,Control15,Control16,Control17
79674,1749,389336,354;Control1,Control2,Control3,Control4,Control5,Control6,Control7,Control8,Control9,Control10,Control11,Control12,Control13,Control15,Control16,Control17
9076,11075,5798,101928658,109729169;Control1,Control2,Control3,Control4,Control5,Control6,Control7,Control8,Control9,Control10,Control11,Control12,Control13,Control15,Control16,Control17
9076,105378305,5798,168002,4318,109729184;Control1,Control2,Control3,Control4,Control5,Control6,Control7,Control8,Control9,Control10,Control11,Control12,Control13,Control15,Control16,Control17
9076,338005,4318,109729184;Control1,Control2,Control3,Control4,Control5,Control6,Control7,Control8,Control9,Control10,Control11,Control12,Control13,Control15,Control16,Control17
647309,4825,2250;Control1,Control2,Control3,Control4,Control5,Control6,Control7,Control8,Control9,Control10,Control11,Control12,Control13,Control15,Control16,Control17
647309,105377508,2250,646024,105376041,3229,387895,109729169;Control1,Control2,Control3,Control4,Control5,Control6,Control7,Control8,Control9,Control10,Control11,Control12,Control13,Control15,Control16,Control17
647309,11075,5798,646024,105376041,387895,109729169;Control1,Control2,Control3,Control4,Control5,Control6,Control7,Control8,Control9,Control10,Control11,Control12,Control13,Control15,Control16,Control17
131578,101929215,112937,110806280;Control1,Control2,Control3,Control4,Control5,Control6,Control7,Control8,Control9,Control10,Control11,Control12,Control13,Control15,Control16,Control17
131578,4288,112937;Control1,Control2,Control3,Control4,Control5,Control6,Control7,Control8,Control9,Control10,Control11,Control12,Control13,Control15,Control16,Control17
131578,3783,101929215;Control1,Control2,Control3,Control4,Control5,Control6,Control7,Control8,Control9,Control10,Control11,Control12,Control13,Control15,Control16,Control17
100379220,8329;Control1,Control2,Control3,Control4,Control5,Control6,Control7,Control8,Control9,Control10,Control11,Control12,Control13,Control15,Control16,Control17
100379220,338005,1995,109729184;Control1,Control2,Control3,Control4,Control5,Control6,Control7,Control8,Control9,Control10,Control11,Control12,Control13,Control15,Control16,Control17
10460,2305,9232,4605,8318;Control1,Control2,Control3,Control4,Control5,Control6,Control7,Control8,Control9,Control10,Control11,Control12,Control13,Control15,Control16,Control17
10460,55771,991,9212,332,8318;Control1,Control2,Control3,Control4,Control5,Control6,Control7,Control8,Control9,Control10,Control11,Control12,Control13,Control15,Control16,Control17
10460,4605,991,259266,9232,4288,113130,332;Control1,Control2,Control3,Control4,Control5,Control6,Control7,Control8,Control9,Control10,Control11,Control12,Control13,Control15,Control16,Control17
112268460,10024,9700,9212;Control1,Control2,Control3,Control4,Control5,Control6,Control7,Control8,Control9,Control10,Control11,Control12,Control13,Control15,Control16,Control17
112268460,176,349408;Control1,Control2,Control3,Control4,Control5,Control6,Control7,Control8,Control9,Control10,Control11,Control12,Control13,Control15,Control16,Control17
112268460,3783;Control1,Control2,Control3,Control4,Control5,Control6,Control7,Control8,Control9,Control10,Control11,Control12,Control13,Control15,Control16,Control17
100506827,2348;Control1,Control2,Control3,Control4,Control5,Control6,Control7,Control8,Control9,Control10,Control11,Control12,Control13,Control15,Control16,Control17
101928658,64094,107986951;Control1,Control2,Control3,Control4,Control5,Control6,Control7,Control8,Control9,Control10,Control11,Control12,Control13,Control15,Control16,Control17
101928658,347252,64094;Control1,Control2,Control3,Control4,Control5,Control6,Control7,Control8,Control9,Control10,Control11,Control12,Control13,Control15,Control16,Control17
101928658,89958;Control1,Control2,Control3,Control4,Control5,Control6,Control7,Control8,Control9,Control10,Control11,Control12,Control13,Control15,Control16,Control17
10874,147841,8318;Control1,Control2,Control3,Control4,Control5,Control6,Control7,Control8,Control9,Control10,Control11,Control12,Control13,Control15,Control16,Control17
4283,339256,100506655,102606463,147741;Control1,Control2,Control3,Control4,Control5,Control6,Control7,Control8,Control9,Control10,Control11,Control12,Control13,Control15,Control16,Control17
4283,102606463,10537,100506655,147741,23532;Control1,Control2,Control3,Control4,Control5,Control6,Control7,Control8,Control9,Control10,Control11,Control12,Control13,Control15,Control16,Control17
4283,147741,10537,701,100506655,23532;Control1,Control2,Control3,Control4,Control5,Control6,Control7,Control8,Control9,Control10,Control11,Control12,Control13,Control15,Control16,Control17
4283,107985513,113730;Control1,Control2,Control3,Control4,Control5,Control6,Control7,Control8,Control9,Control10,Control11,Control12,Control13,Control15,Control16,Control17
345079,5100,860,7681;Control1,Control2,Control3,Control4,Control5,Control6,Control7,Control8,Control9,Control10,Control11,Control12,Control13,Control15,Control16,Control17
2250,100505994,105377508,646024,105376041,3229,387895,4496,115701,55655;Control1,Control2,Control3,Control4,Control5,Control6,Control7,Control8,Control9,Control10,Control11,Control12,Control13,Control15,Control16,Control17
2250,3229,374946,387895,4496;Control1,Control2,Control3,Control4,Control5,Control6,Control7,Control8,Control9,Control10,Control11,Control12,Control13,Control15,Control16,Control17
4825,389336,1749;Control1,Control2,Control3,Control4,Control5,Control6,Control7,Control8,Control9,Control10,Control11,Control12,Control13,Control15,Control16,Control17
4825,100506895;Control1,Control2,Control3,Control4,Control5,Control6,Control7,Control8,Control9,Control10,Control11,Control12,Control13,Control15,Control16,Control17
4547,144455,6664,4001,387978;Control1,Control2,Control3,Control4,Control5,Control6,Control7,Control8,Control9,Control10,Control11,Control12,Control13,Control15,Control16,Control17
1062,4085;Control1,Control2,Control3,Control4,Control5,Control6,Control7,Control8,Control9,Control10,Control11,Control12,Control13,Control15,Control16,Control17
4085,7272,9928,4751,23397,10721,55247,3161,983,100288637,7153;Control1,Control2,Control3,Control4,Control5,Control6,Control7,Control8,Control9,Control10,Control11,Control12,Control13,Control15,Control16,Control17
4085,27299,55247,2845;Control1,Control2,Control3,Control4,Control5,Control6,Control7,Control8,Control9,Control10,Control11,Control12,Control13,Control15,Control16,Control17
4085,105372613;Control1,Control2,Control3,Control4,Control5,Control6,Control7,Control8,Control9,Control10,Control11,Control12,Control13,Control15,Control16,Control17
105377404,102723547;Control1,Control2,Control3,Control4,Control5,Control6,Control7,Control8,Control9,Control10,Control11,Control12,Control13,Control15,Control16,Control17
1047,107985436;Control1,Control2,Control3,Control4,Control5,Control6,Control7,Control8,Control9,Control10,Control11,Control12,Control13,Control15,Control16,Control17
105377508,11075,647309,646024,105376041,3229,387895,109729169;Control1,Control2,Control3,Control4,Control5,Control6,Control7,Control8,Control9,Control10,Control11,Control12,Control13,Control15,Control16,Control17
105377508,554202,100505994,646024,338376,105376041,55655;Control1,Control2,Control3,Control4,Control5,Control6,Control7,Control8,Control9,Control10,Control11,Control12,Control13,Control15,Control16,Control17
105377508,4496,105372950,100505994,646024,105376041,3229,387895,55655,3053;Control1,Control2,Control3,Control4,Control5,Control6,Control7,Control8,Control9,Control10,Control11,Control12,Control13,Control15,Control16,Control17
55247,7272,9928,4751,23397,10721,64151,4001,3161,983,55165,221150,100288637,51203,7153,29128;Control1,Control2,Control3,Control4,Control5,Control6,Control7,Control8,Control9,Control10,Control11,Control12,Control13,Control15,Control16,Control17
55247,27299,6664,4001,2625,387978,105372115,389903;Control1,Control2,Control3,Control4,Control5,Control6,Control7,Control8,Control9,Control10,Control11,Control12,Control13,Control15,Control16,Control17
55247,83903,4751,1063,6241,3161,54443,55872,3832,55165,51203,9055,100507118;Control1,Control2,Control3,Control4,Control5,Control6,Control7,Control8,Control9,Control10,Control11,Control12,Control13,Control15,Control16,Control17
102467080,8329;Control1,Control2,Control3,Control4,Control5,Control6,Control7,Control8,Control9,Control10,Control11,Control12,Control13,Control15,Control16,Control17
102467080,5265,58,4973,5653,5650;Control1,Control2,Control3,Control4,Control5,Control6,Control7,Control8,Control9,Control10,Control11,Control12,Control13,Control15,Control16,Control17
10309,161291,57451;Control1,Control2,Control3,Control4,Control5,Control6,Control7,Control8,Control9,Control10,Control11,Control12,Control13,Control15,Control16,Control17
55789,105375622;Control1,Control2,Control3,Control4,Control5,Control6,Control7,Control8,Control9,Control10,Control11,Control12,Control13,Control15,Control16,Control17
55789,107984851;Control1,Control2,Control3,Control4,Control5,Control6,Control7,Control8,Control9,Control10,Control11,Control12,Control13,Control15,Control16,Control17
891,113130,259266,1063,6241,150468,55355,9787,100507118,79801,332,24137;Control1,Control2,Control3,Control4,Control5,Control6,Control7,Control8,Control9,Control10,Control11,Control12,Control13,Control15,Control16,Control17
891,332,259266,1063,6241,150468,55355,3161,55872,9833,983,55165,9787,51203,100507118,79801,24137;Control1,Control2,Control3,Control4,Control5,Control6,Control7,Control8,Control9,Control10,Control11,Control12,Control13,Control15,Control16,Control17
891,55723,6241,150468,55872,9833,9787,100507118,332,24137;Control1,Control2,Control3,Control4,Control5,Control6,Control7,Control8,Control9,Control10,Control11,Control12,Control13,Control15,Control16,Control17
891,11065,259266,6241,55355,55872,221150,9787,100507118,220134,29128,24137;Control1,Control2,Control3,Control4,Control5,Control6,Control7,Control8,Control9,Control10,Control11,Control12,Control13,Control15,Control16,Control17
2297,6943;Control1,Control2,Control3,Control4,Control5,Control6,Control7,Control8,Control9,Control10,Control11,Control12,Control13,Control15,Control16,Control17
1404,8538,1750,3856,113218482;Control1,Control2,Control3,Control4,Control5,Control6,Control7,Control8,Control9,Control10,Control11,Control12,Control13,Control15,Control16,Control17
100505994,57167;Control1,Control2,Control3,Control4,Control5,Control6,Control7,Control8,Control9,Control10,Control11,Control12,Control13,Control15,Control16,Control17
4001,54443,9928,4751,23397,699,64151,3161,55872,983,55165,100288637,51203,7153,29128;Control1,Control2,Control3,Control4,Control5,Control6,Control7,Control8,Control9,Control10,Control11,Control12,Control13,Control15,Control16,Control17
4001,55872,9928,4751,23397,699,64151,3161,7272,983,55165,100288637,51203,7153,29128;Control1,Control2,Control3,Control4,Control5,Control6,Control7,Control8,Control9,Control10,Control11,Control12,Control13,Control15,Control16,Control17
4001,9833,4751,23397,699,64151,3161,7272,55872,983,55165,100288637,51203,7153,29128;Control1,Control2,Control3,Control4,Control5,Control6,Control7,Control8,Control9,Control10,Control11,Control12,Control13,Control15,Control16,Control17
4001,57082,9928,4751,23397,56992,10721,64151,55247,3161,983,55165,221150,51203,7153,29128;Control1,Control2,Control3,Control4,Control5,Control6,Control7,Control8,Control9,Control10,Control11,Control12,Control13,Control15,Control16,Control17
4001,9055,9928,4751,56992,64151,55247,3161,54443,55872,983,55165,221150,100288637,51203,7153,29128;Control1,Control2,Control3,Control4,Control5,Control6,Control7,Control8,Control9,Control10,Control11,Control12,Control13,Control15,Control16,Control17
4001,100507118,4751,23397,56992,64151,55247,3161,54443,55872,983,55165,221150,57082,51203,7153,29128;Control1,Control2,Control3,Control4,Control5,Control6,Control7,Control8,Control9,Control10,Control11,Control12,Control13,Control15,Control16,Control17
4001,79801,4751,23397,699,64151,3161,54443,55872,9833,983,55165,51203,7153,29128;Control1,Control2,Control3,Control4,Control5,Control6,Control7,Control8,Control9,Control10,Control11,Control12,Control13,Control15,Control16,Control17
4001,220134,699,64151,3161,55872,9833,55165,51203,79801,7153,29128;Control1,Control2,Control3,Control4,Control5,Control6,Control7,Control8,Control9,Control10,Control11,Control12,Control13,Control15,Control16,Control17
995,157313,259266,1063,6241,150468,9232,9787,332;Control1,Control2,Control3,Control4,Control5,Control6,Control7,Control8,Control9,Control10,Control11,Control12,Control13,Control15,Control16,Control17
995,157570,1063,6241,150468,105375610,100507118,83903;Control1,Control2,Control3,Control4,Control5,Control6,Control7,Control8,Control9,Control10,Control11,Control12,Control13,Control15,Control16,Control17
995,55872,259266,1063,6241,150468,55355,9833,55165,9787,100507118,79801,332,24137;Control1,Control2,Control3,Control4,Control5,Control6,Control7,Control8,Control9,Control10,Control11,Control12,Control13,Control15,Control16,Control17
995,9833,128239,259266,1063,6241,55355,3833,221150,9787,100507118,79801,9212,146909,332,220134,24137;Control1,Control2,Control3,Control4,Control5,Control6,Control7,Control8,Control9,Control10,Control11,Control12,Control13,Control15,Control16,Control17
995,55165,128239,259266,1063,6241,57405,55355,221150,9787,100507118,79801,332,220134,24137;Control1,Control2,Control3,Control4,Control5,Control6,Control7,Control8,Control9,Control10,Control11,Control12,Control13,Control15,Control16,Control17
995,221150,991,128239,259266,1063,6241,57405,55355,4288,113130,9787,100507118,79801,9212,146909,332,220134,24137;Control1,Control2,Control3,Control4,Control5,Control6,Control7,Control8,Control9,Control10,Control11,Control12,Control13,Control15,Control16,Control17
995,83903,1063,6241,1058,150468,105375610,9787,100507118;Control1,Control2,Control3,Control4,Control5,Control6,Control7,Control8,Control9,Control10,Control11,Control12,Control13,Control15,Control16,Control17
995,158511,128239,3833,105375610,9212;Control1,Control2,Control3,Control4,Control5,Control6,Control7,Control8,Control9,Control10,Control11,Control12,Control13,Control15,Control16,Control17
6690,102724784,112802,3881;Control1,Control2,Control3,Control4,Control5,Control6,Control7,Control8,Control9,Control10,Control11,Control12,Control13,Control15,Control16,Control17
389336,105374986,27237;Control1,Control2,Control3,Control4,Control5,Control6,Control7,Control8,Control9,Control10,Control11,Control12,Control13,Control15,Control16,Control17
6534,10643;Control1,Control2,Control3,Control4,Control5,Control6,Control7,Control8,Control9,Control10,Control11,Control12,Control13,Control15,Control16,Control17
6534,11075,374946,5798,100533990,344,109729169;Control1,Control2,Control3,Control4,Control5,Control6,Control7,Control8,Control9,Control10,Control11,Control12,Control13,Control15,Control16,Control17
6534,105378305,5798,168002,63898,100533990,344,4318,109729184;Control1,Control2,Control3,Control4,Control5,Control6,Control7,Control8,Control9,Control10,Control11,Control12,Control13,Control15,Control16,Control17
6534,109729169,374946,5798,63898,100533990,344;Control1,Control2,Control3,Control4,Control5,Control6,Control7,Control8,Control9,Control10,Control11,Control12,Control13,Control15,Control16,Control17
9232,10615,991,128239,259266,6241,57405,55355,4288,113130,9787,9133,79801,9212,146909,332,24137;Control1,Control2,Control3,Control4,Control5,Control6,Control7,Control8,Control9,Control10,Control11,Control12,Control13,Control15,Control16,Control17
3161,81930;Control1,Control2,Control3,Control4,Control5,Control6,Control7,Control8,Control9,Control10,Control11,Control12,Control13,Control15,Control16,Control17
3161,220134,83540,259266,6241,55355,64151,55872,9833,55165,221150,51203,100507118,79801,29128,24137;Control1,Control2,Control3,Control4,Control5,Control6,Control7,Control8,Control9,Control10,Control11,Control12,Control13,Control15,Control16,Control17
101927813,83903,1058,150468;Control1,Control2,Control3,Control4,Control5,Control6,Control7,Control8,Control9,Control10,Control11,Control12,Control13,Control15,Control16,Control17
101927813,51512,150468,83903;Control1,Control2,Control3,Control4,Control5,Control6,Control7,Control8,Control9,Control10,Control11,Control12,Control13,Control15,Control16,Control17
23286,2835,7546;Control1,Control2,Control3,Control4,Control5,Control6,Control7,Control8,Control9,Control10,Control11,Control12,Control13,Control15,Control16,Control17
23286,22974,340273,158228,6495,654499;Control1,Control2,Control3,Control4,Control5,Control6,Control7,Control8,Control9,Control10,Control11,Control12,Control13,Control15,Control16,Control17
7020,79191,10481;Control1,Control2,Control3,Control4,Control5,Control6,Control7,Control8,Control9,Control10,Control11,Control12,Control13,Control15,Control16,Control17
100130275,29991,10481;Control1,Control2,Control3,Control4,Control5,Control6,Control7,Control8,Control9,Control10,Control11,Control12,Control13,Control15,Control16,Control17
100130275,5265;Control1,Control2,Control3,Control4,Control5,Control6,Control7,Control8,Control9,Control10,Control11,Control12,Control13,Control15,Control16,Control17
8352,105375674,6273,105375027,101927760,338667,105371050;Control1,Control2,Control3,Control4,Control5,Control6,Control7,Control8,Control9,Control10,Control11,Control12,Control13,Control15,Control16,Control17
8345,157313;Control1,Control2,Control3,Control4,Control5,Control6,Control7,Control8,Control9,Control10,Control11,Control12,Control13,Control15,Control16,Control17
8355,338797,6273,105375027,101927760,102724784,338667,111216286;Control1,Control2,Control3,Control4,Control5,Control6,Control7,Control8,Control9,Control10,Control11,Control12,Control13,Control15,Control16,Control17
8355,9628,53820,111216286;Control1,Control2,Control3,Control4,Control5,Control6,Control7,Control8,Control9,Control10,Control11,Control12,Control13,Control15,Control16,Control17
8329,10595;Control1,Control2,Control3,Control4,Control5,Control6,Control7,Control8,Control9,Control10,Control11,Control12,Control13,Control15,Control16,Control17
3833,55872,83540,259266,6241,55355,9833,221150,100507118,79801,220134,24137;Control1,Control2,Control3,Control4,Control5,Control6,Control7,Control8,Control9,Control10,Control11,Control12,Control13,Control15,Control16,Control17
3833,221150,991,128239,259266,1063,6241,55355,995,4288,113130,9787,100507118,79801,9212,146909,332,220134,24137;Control1,Control2,Control3,Control4,Control5,Control6,Control7,Control8,Control9,Control10,Control11,Control12,Control13,Control15,Control16,Control17
3833,10615,991,128239,259266,6241,55355,9232,4288,113130,9787,9133,79801,9212,146909,332,24137;Control1,Control2,Control3,Control4,Control5,Control6,Control7,Control8,Control9,Control10,Control11,Control12,Control13,Control15,Control16,Control17
100507584,101929707,27178,285643,51512;Control1,Control2,Control3,Control4,Control5,Control6,Control7,Control8,Control9,Control10,Control11,Control12,Control13,Control15,Control16,Control17
860,100652791,6332;Control1,Control2,Control3,Control4,Control5,Control6,Control7,Control8,Control9,Control10,Control11,Control12,Control13,Control15,Control16,Control17
860,63898,5101;Control1,Control2,Control3,Control4,Control5,Control6,Control7,Control8,Control9,Control10,Control11,Control12,Control13,Control15,Control16,Control17
860,554202,8549,122042,5101;Control1,Control2,Control3,Control4,Control5,Control6,Control7,Control8,Control9,Control10,Control11,Control12,Control13,Control15,Control16,Control17
860,105376042,9355,7681;Control1,Control2,Control3,Control4,Control5,Control6,Control7,Control8,Control9,Control10,Control11,Control12,Control13,Control15,Control16,Control17
860,219970,100652791,122042;Control1,Control2,Control3,Control4,Control5,Control6,Control7,Control8,Control9,Control10,Control11,Control12,Control13,Control15,Control16,Control17
7180,50614,6664,27299,2625,387978,105372115;Control1,Control2,Control3,Control4,Control5,Control6,Control7,Control8,Control9,Control10,Control11,Control12,Control13,Control15,Control16,Control17
7180,389903,3604,6664,4547,27299,2625,387978,105372115;Control1,Control2,Control3,Control4,Control5,Control6,Control7,Control8,Control9,Control10,Control11,Control12,Control13,Control15,Control16,Control17
7272,2845,9928,23397,10721,4085,55247,100288637;Control1,Control2,Control3,Control4,Control5,Control6,Control7,Control8,Control9,Control10,Control11,Control12,Control13,Control15,Control16,Control17
7272,55388,23397,983,100288637,7153,29128;Control1,Control2,Control3,Control4,Control5,Control6,Control7,Control8,Control9,Control10,Control11,Control12,Control13,Control15,Control16,Control17
7272,9768,9928,23397,699,10721,64151,3161,983,55165,51203,7153,29128,24137;Control1,Control2,Control3,Control4,Control5,Control6,Control7,Control8,Control9,Control10,Control11,Control12,Control13,Control15,Control16,Control17
7272,24137,9928,4751,23397,699,10721,64151,3161,983,55165,100288637,51203,7153,29128;Control1,Control2,Control3,Control4,Control5,Control6,Control7,Control8,Control9,Control10,Control11,Control12,Control13,Control15,Control16,Control17
9096,55723;Control1,Control2,Control3,Control4,Control5,Control6,Control7,Control8,Control9,Control10,Control11,Control12,Control13,Control15,Control16,Control17
253582,400618,112937,110806280,158511;Control1,Control2,Control3,Control4,Control5,Control6,Control7,Control8,Control9,Control10,Control11,Control12,Control13,Control15,Control16,Control17
253582,3783,131578;Control1,Control2,Control3,Control4,Control5,Control6,Control7,Control8,Control9,Control10,Control11,Control12,Control13,Control15,Control16,Control17
253582,102723547,112937,158511;Control1,Control2,Control3,Control4,Control5,Control6,Control7,Control8,Control9,Control10,Control11,Control12,Control13,Control15,Control16,Control17
253582,158511,105371664,112937,110806280;Control1,Control2,Control3,Control4,Control5,Control6,Control7,Control8,Control9,Control10,Control11,Control12,Control13,Control15,Control16,Control17
6943,100192378;Control1,Control2,Control3,Control4,Control5,Control6,Control7,Control8,Control9,Control10,Control11,Control12,Control13,Control15,Control16,Control17
80328,4973;Control1,Control2,Control3,Control4,Control5,Control6,Control7,Control8,Control9,Control10,Control11,Control12,Control13,Control15,Control16,Control17
80329,101101772,100505994,105375690;Control1,Control2,Control3,Control4,Control5,Control6,Control7,Control8,Control9,Control10,Control11,Control12,Control13,Control15,Control16,Control17
54443,11130,55635,4751,23397,55247,3161,983,3832,55165,100288637,51203,7153;Control1,Control2,Control3,Control4,Control5,Control6,Control7,Control8,Control9,Control10,Control11,Control12,Control13,Control15,Control16,Control17
54443,55165,55635,9928,4751,23397,55247,3161,55872,983,3832,100288637,51203,7153,29128,24137;Control1,Control2,Control3,Control4,Control5,Control6,Control7,Control8,Control9,Control10,Control11,Control12,Control13,Control15,Control16,Control17
54443,144455,9928,699,64151,4001,55165,100288637,51203,7153,29128;Control1,Control2,Control3,Control4,Control5,Control6,Control7,Control8,Control9,Control10,Control11,Control12,Control13,Control15,Control16,Control17
54443,9787,55143,6241,150468,9833,983,100507118;Control1,Control2,Control3,Control4,Control5,Control6,Control7,Control8,Control9,Control10,Control11,Control12,Control13,Control15,Control16,Control17
54443,83903,55143,6241,150468,157570,3832,9824,100507118;Control1,Control2,Control3,Control4,Control5,Control6,Control7,Control8,Control9,Control10,Control11,Control12,Control13,Control15,Control16,Control17
54443,9496,144455,9055;Control1,Control2,Control3,Control4,Control5,Control6,Control7,Control8,Control9,Control10,Control11,Control12,Control13,Control15,Control16,Control17
100506895,105373150;Control1,Control2,Control3,Control4,Control5,Control6,Control7,Control8,Control9,Control10,Control11,Control12,Control13,Control15,Control16,Control17
1750,364,3856,113218482;Control1,Control2,Control3,Control4,Control5,Control6,Control7,Control8,Control9,Control10,Control11,Control12,Control13,Control15,Control16,Control17
1750,80714,56896,3856;Control1,Control2,Control3,Control4,Control5,Control6,Control7,Control8,Control9,Control10,Control11,Control12,Control13,Control15,Control16,Control17
1749,100126311,3227;Control1,Control2,Control3,Control4,Control5,Control6,Control7,Control8,Control9,Control10,Control11,Control12,Control13,Control15,Control16,Control17
1749,115701,55655;Control1,Control2,Control3,Control4,Control5,Control6,Control7,Control8,Control9,Control10,Control11,Control12,Control13,Control15,Control16,Control17
57016,105369315,10642;Control1,Control2,Control3,Control4,Control5,Control6,Control7,Control8,Control9,Control10,Control11,Control12,Control13,Control15,Control16,Control17
105375610,157570,55143,6241,150468,100507118,83903;Control1,Control2,Control3,Control4,Control5,Control6,Control7,Control8,Control9,Control10,Control11,Control12,Control13,Control15,Control16,Control17
105375610,9700,991,128239,9232,3833,9787,9133,79801,9212,146909;Control1,Control2,Control3,Control4,Control5,Control6,Control7,Control8,Control9,Control10,Control11,Control12,Control13,Control15,Control16,Control17
100652791,84419,122042;Control1,Control2,Control3,Control4,Control5,Control6,Control7,Control8,Control9,Control10,Control11,Control12,Control13,Control15,Control16,Control17
100652791,4496,56300;Control1,Control2,Control3,Control4,Control5,Control6,Control7,Control8,Control9,Control10,Control11,Control12,Control13,Control15,Control16,Control17
63898,79191,5798,168002,105378305,100533990,344,4318,109729184,7477;Control1,Control2,Control3,Control4,Control5,Control6,Control7,Control8,Control9,Control10,Control11,Control12,Control13,Control15,Control16,Control17
27299,64843;Control1,Control2,Control3,Control4,Control5,Control6,Control7,Control8,Control9,Control10,Control11,Control12,Control13,Control15,Control16,Control17
157313,9133,259266,1063,6241,995,9232,9787,332;Control1,Control2,Control3,Control4,Control5,Control6,Control7,Control8,Control9,Control10,Control11,Control12,Control13,Control15,Control16,Control17
157313,51512,150468;Control1,Control2,Control3,Control4,Control5,Control6,Control7,Control8,Control9,Control10,Control11,Control12,Control13,Control15,Control16,Control17
157570,332,1063,6241,150468,995,55872,9833,55165,100507118;Control1,Control2,Control3,Control4,Control5,Control6,Control7,Control8,Control9,Control10,Control11,Control12,Control13,Control15,Control16,Control17
157570,101929707,27178,285643,79733;Control1,Control2,Control3,Control4,Control5,Control6,Control7,Control8,Control9,Control10,Control11,Control12,Control13,Control15,Control16,Control17
157570,51512,150468,27178,285643,83903;Control1,Control2,Control3,Control4,Control5,Control6,Control7,Control8,Control9,Control10,Control11,Control12,Control13,Control15,Control16,Control17
157570,5354,186;Control1,Control2,Control3,Control4,Control5,Control6,Control7,Control8,Control9,Control10,Control11,Control12,Control13,Control15,Control16,Control17
55872,9768,9928,23397,699,64151,891,3161,983,55165,51203,7153,29128,24137;Control1,Control2,Control3,Control4,Control5,Control6,Control7,Control8,Control9,Control10,Control11,Control12,Control13,Control15,Control16,Control17
55872,146909,259266,1063,6241,150468,55355,995,9833,9787,100507118,79801,332,24137;Control1,Control2,Control3,Control4,Control5,Control6,Control7,Control8,Control9,Control10,Control11,Control12,Control13,Control15,Control16,Control17
6422,338005,50615;Control1,Control2,Control3,Control4,Control5,Control6,Control7,Control8,Control9,Control10,Control11,Control12,Control13,Control15,Control16,Control17
105375894,64843;Control1,Control2,Control3,Control4,Control5,Control6,Control7,Control8,Control9,Control10,Control11,Control12,Control13,Control15,Control16,Control17
11075,3229,374946,387895,4496;Control1,Control2,Control3,Control4,Control5,Control6,Control7,Control8,Control9,Control10,Control11,Control12,Control13,Control15,Control16,Control17
11075,387895,374946,5798,109729169;Control1,Control2,Control3,Control4,Control5,Control6,Control7,Control8,Control9,Control10,Control11,Control12,Control13,Control15,Control16,Control17
105375622,641;Control1,Control2,Control3,Control4,Control5,Control6,Control7,Control8,Control9,Control10,Control11,Control12,Control13,Control15,Control16,Control17
105375674,51198;Control1,Control2,Control3,Control4,Control5,Control6,Control7,Control8,Control9,Control10,Control11,Control12,Control13,Control15,Control16,Control17
105375674,2835;Control1,Control2,Control3,Control4,Control5,Control6,Control7,Control8,Control9,Control10,Control11,Control12,Control13,Control15,Control16,Control17
554202,5100,860,122042;Control1,Control2,Control3,Control4,Control5,Control6,Control7,Control8,Control9,Control10,Control11,Control12,Control13,Control15,Control16,Control17
338376,23562;Control1,Control2,Control3,Control4,Control5,Control6,Control7,Control8,Control9,Control10,Control11,Control12,Control13,Control15,Control16,Control17
100048912,347252,3229,4496;Control1,Control2,Control3,Control4,Control5,Control6,Control7,Control8,Control9,Control10,Control11,Control12,Control13,Control15,Control16,Control17
100048912,10024;Control1,Control2,Control3,Control4,Control5,Control6,Control7,Control8,Control9,Control10,Control11,Control12,Control13,Control15,Control16,Control17
100048912,100126311,347252;Control1,Control2,Control3,Control4,Control5,Control6,Control7,Control8,Control9,Control10,Control11,Control12,Control13,Control15,Control16,Control17
364,594855;Control1,Control2,Control3,Control4,Control5,Control6,Control7,Control8,Control9,Control10,Control11,Control12,Control13,Control15,Control16,Control17
9833,11130,4751,23397,699,3161,7272,983,55165,100288637,51203,7153;Control1,Control2,Control3,Control4,Control5,Control6,Control7,Control8,Control9,Control10,Control11,Control12,Control13,Control15,Control16,Control17
9833,107985017,55143,6241,1058,9787,100507118;Control1,Control2,Control3,Control4,Control5,Control6,Control7,Control8,Control9,Control10,Control11,Control12,Control13,Control15,Control16,Control17
9833,55723,128239,6241,3833,221150,9787,100507118,9212,146909,332,24137;Control1,Control2,Control3,Control4,Control5,Control6,Control7,Control8,Control9,Control10,Control11,Control12,Control13,Control15,Control16,Control17
105376042,103695435,9355,7681;Control1,Control2,Control3,Control4,Control5,Control6,Control7,Control8,Control9,Control10,Control11,Control12,Control13,Control15,Control16,Control17
253650,10993,112268037,100506411,9388,107985492;Control1,Control2,Control3,Control4,Control5,Control6,Control7,Control8,Control9,Control10,Control11,Control12,Control13,Control15,Control16,Control17
9355,103695435,941,7681;Control1,Control2,Control3,Control4,Control5,Control6,Control7,Control8,Control9,Control10,Control11,Control12,Control13,Control15,Control16,Control17
9355,9388;Control1,Control2,Control3,Control4,Control5,Control6,Control7,Control8,Control9,Control10,Control11,Control12,Control13,Control15,Control16,Control17
89958,2305,10615,55771,4605;Control1,Control2,Control3,Control4,Control5,Control6,Control7,Control8,Control9,Control10,Control11,Control12,Control13,Control15,Control16,Control17
89958,107984129;Control1,Control2,Control3,Control4,Control5,Control6,Control7,Control8,Control9,Control10,Control11,Control12,Control13,Control15,Control16,Control17
55388,9768,23397,7272,983,7153,29128;Control1,Control2,Control3,Control4,Control5,Control6,Control7,Control8,Control9,Control10,Control11,Control12,Control13,Control15,Control16,Control17
983,9133,259266,1063,6241,57405,55355,9787,100507118,79801,146909,332,24137;Control1,Control2,Control3,Control4,Control5,Control6,Control7,Control8,Control9,Control10,Control11,Control12,Control13,Control15,Control16,Control17
983,146909,259266,1063,6241,150468,55355,55872,9833,9787,100507118,79801,332,24137;Control1,Control2,Control3,Control4,Control5,Control6,Control7,Control8,Control9,Control10,Control11,Control12,Control13,Control15,Control16,Control17
6865,27091;Control1,Control2,Control3,Control4,Control5,Control6,Control7,Control8,Control9,Control10,Control11,Control12,Control13,Control15,Control16,Control17
27063,10437,5265;Control1,Control2,Control3,Control4,Control5,Control6,Control7,Control8,Control9,Control10,Control11,Control12,Control13,Control15,Control16,Control17
3832,57082,9928,4751,23397,10721,55247,3161,983,55165,51203,7153,29128,24137;Control1,Control2,Control3,Control4,Control5,Control6,Control7,Control8,Control9,Control10,Control11,Control12,Control13,Control15,Control16,Control17
3832,79801,4751,1063,6241,150468,3161,54443,55872,9833,983,55165,51203,9055,100507118,7153,24137;Control1,Control2,Control3,Control4,Control5,Control6,Control7,Control8,Control9,Control10,Control11,Control12,Control13,Control15,Control16,Control17
3832,332,1063,6241,150468,3161,157570,55872,9833,983,55165,51203,100507118,7153;Control1,Control2,Control3,Control4,Control5,Control6,Control7,Control8,Control9,Control10,Control11,Control12,Control13,Control15,Control16,Control17
55165,9824,55635,9928,4751,23397,55247,3161,54443,55872,983,3832,51203,7153,29128,24137;Control1,Control2,Control3,Control4,Control5,Control6,Control7,Control8,Control9,Control10,Control11,Control12,Control13,Control15,Control16,Control17
55165,9055,55635,9928,4751,55247,3161,54443,55872,983,3832,100288637,51203,7153,29128,24137;Control1,Control2,Control3,Control4,Control5,Control6,Control7,Control8,Control9,Control10,Control11,Control12,Control13,Control15,Control16,Control17
4288,107985017,991,128239,1063,6241,995,9232,3833,113130,9787,9133,100507118,9212,146909;Control1,Control2,Control3,Control4,Control5,Control6,Control7,Control8,Control9,Control10,Control11,Control12,Control13,Control15,Control16,Control17
79733,81624,55143,1058,105375610;Control1,Control2,Control3,Control4,Control5,Control6,Control7,Control8,Control9,Control10,Control11,Control12,Control13,Control15,Control16,Control17
103695435,5100,345079,7681;Control1,Control2,Control3,Control4,Control5,Control6,Control7,Control8,Control9,Control10,Control11,Control12,Control13,Control15,Control16,Control17
103695435,107985436,5100,7681;Control1,Control2,Control3,Control4,Control5,Control6,Control7,Control8,Control9,Control10,Control11,Control12,Control13,Control15,Control16,Control17
219527,26150,116173;Control1,Control2,Control3,Control4,Control5,Control6,Control7,Control8,Control9,Control10,Control11,Control12,Control13,Control15,Control16,Control17
219970,5100,860,122042;Control1,Control2,Control3,Control4,Control5,Control6,Control7,Control8,Control9,Control10,Control11,Control12,Control13,Control15,Control16,Control17
374393,9768,6241,55872,55165,51203,220134,29128;Control1,Control2,Control3,Control4,Control5,Control6,Control7,Control8,Control9,Control10,Control11,Control12,Control13,Control15,Control16,Control17
374393,146909,6241,55872,9833,100507118,79801,220134,29128;Control1,Control2,Control3,Control4,Control5,Control6,Control7,Control8,Control9,Control10,Control11,Control12,Control13,Control15,Control16,Control17
374393,55723,6241,55872,9833,100507118,146909,29128;Control1,Control2,Control3,Control4,Control5,Control6,Control7,Control8,Control9,Control10,Control11,Control12,Control13,Control15,Control16,Control17
374393,11065,6241,55872,100507118,220134,29128;Control1,Control2,Control3,Control4,Control5,Control6,Control7,Control8,Control9,Control10,Control11,Control12,Control13,Control15,Control16,Control17
55867,10642,105369315;Control1,Control2,Control3,Control4,Control5,Control6,Control7,Control8,Control9,Control10,Control11,Control12,Control13,Control15,Control16,Control17
55867,80714;Control1,Control2,Control3,Control4,Control5,Control6,Control7,Control8,Control9,Control10,Control11,Control12,Control13,Control15,Control16,Control17
1813,140628,105371737;Control1,Control2,Control3,Control4,Control5,Control6,Control7,Control8,Control9,Control10,Control11,Control12,Control13,Control15,Control16,Control17
112937,10024,991,128239,995,4288,9133,9212;Control1,Control2,Control3,Control4,Control5,Control6,Control7,Control8,Control9,Control10,Control11,Control12,Control13,Control15,Control16,Control17
112937,9700,991,128239,55355,3833,4288,9133,9212;Control1,Control2,Control3,Control4,Control5,Control6,Control7,Control8,Control9,Control10,Control11,Control12,Control13,Control15,Control16,Control17
112937,8318,991,4288,10024,9212;Control1,Control2,Control3,Control4,Control5,Control6,Control7,Control8,Control9,Control10,Control11,Control12,Control13,Control15,Control16,Control17
2305,10615,9232,4605,8318;Control1,Control2,Control3,Control4,Control5,Control6,Control7,Control8,Control9,Control10,Control11,Control12,Control13,Control15,Control16,Control17
2305,55771,10460,4605,8318;Control1,Control2,Control3,Control4,Control5,Control6,Control7,Control8,Control9,Control10,Control11,Control12,Control13,Control15,Control16,Control17
4973,28755,5265;Control1,Control2,Control3,Control4,Control5,Control6,Control7,Control8,Control9,Control10,Control11,Control12,Control13,Control15,Control16,Control17
4973,3502,58,2019,134285,389336,285987,4004,354,25818,5653,5650,28809,729442;Control1,Control2,Control3,Control4,Control5,Control6,Control7,Control8,Control9,Control10,Control11,Control12,Control13,Control15,Control16,Control17
4973,354,55765,389336;Control1,Control2,Control3,Control4,Control5,Control6,Control7,Control8,Control9,Control10,Control11,Control12,Control13,Control15,Control16,Control17
107984129,344,89886,168002,105378305,79191,1995,4318,109729184,7477;Control1,Control2,Control3,Control4,Control5,Control6,Control7,Control8,Control9,Control10,Control11,Control12,Control13,Control15,Control16,Control17
107984129,349408,168002,105378305,1995;Control1,Control2,Control3,Control4,Control5,Control6,Control7,Control8,Control9,Control10,Control11,Control12,Control13,Control15,Control16,Control17
105369685,107984851,1630;Control1,Control2,Control3,Control4,Control5,Control6,Control7,Control8,Control9,Control10,Control11,Control12,Control13,Control15,Control16,Control17
10024,9700,991,128239,259266,9232,4288,113130,9133,9212,10615;Control1,Control2,Control3,Control4,Control5,Control6,Control7,Control8,Control9,Control10,Control11,Control12,Control13,Control15,Control16,Control17
10024,10615,991,128239,259266,57405,9232,4288,113130,9133,9212,332;Control1,Control2,Control3,Control4,Control5,Control6,Control7,Control8,Control9,Control10,Control11,Control12,Control13,Control15,Control16,Control17
10024,8318,991,9232,4288,113130,9212,10615,332;Control1,Control2,Control3,Control4,Control5,Control6,Control7,Control8,Control9,Control10,Control11,Control12,Control13,Control15,Control16,Control17
112802,107985627,102724784,3881;Control1,Control2,Control3,Control4,Control5,Control6,Control7,Control8,Control9,Control10,Control11,Control12,Control13,Control15,Control16,Control17
9700,5347,991,128239,3833,4288,112937,9212;Control1,Control2,Control3,Control4,Control5,Control6,Control7,Control8,Control9,Control10,Control11,Control12,Control13,Control15,Control16,Control17
9700,107985017,991,128239,9232,3833,105375610,9787,9133,9212,146909;Control1,Control2,Control3,Control4,Control5,Control6,Control7,Control8,Control9,Control10,Control11,Control12,Control13,Control15,Control16,Control17
9700,220134,991,128239,259266,55355,3833,4288,113130,9787,9133,79801,9212,10615,146909;Control1,Control2,Control3,Control4,Control5,Control6,Control7,Control8,Control9,Control10,Control11,Control12,Control13,Control15,Control16,Control17
3229,109729169,374946,2250,387895;Control1,Control2,Control3,Control4,Control5,Control6,Control7,Control8,Control9,Control10,Control11,Control12,Control13,Control15,Control16,Control17
3227,10437,5653;Control1,Control2,Control3,Control4,Control5,Control6,Control7,Control8,Control9,Control10,Control11,Control12,Control13,Control15,Control16,Control17
8549,7681,860,122042;Control1,Control2,Control3,Control4,Control5,Control6,Control7,Control8,Control9,Control10,Control11,Control12,Control13,Control15,Control16,Control17
144455,57082,9928,6664,64151,55247,4001;Control1,Control2,Control3,Control4,Control5,Control6,Control7,Control8,Control9,Control10,Control11,Control12,Control13,Control15,Control16,Control17
144455,9055,9928,64151,55247,4001,54443,55165,100288637,51203,7153,29128;Control1,Control2,Control3,Control4,Control5,Control6,Control7,Control8,Control9,Control10,Control11,Control12,Control13,Control15,Control16,Control17
144455,220134,699,64151,4001,55165,51203,7153,29128;Control1,Control2,Control3,Control4,Control5,Control6,Control7,Control8,Control9,Control10,Control11,Control12,Control13,Control15,Control16,Control17
10993,57167,7477;Control1,Control2,Control3,Control4,Control5,Control6,Control7,Control8,Control9,Control10,Control11,Control12,Control13,Control15,Control16,Control17
221150,100288637,83540,23397,64151,3161,55872,9833,983,55165,51203,7153,29128,24137;Control1,Control2,Control3,Control4,Control5,Control6,Control7,Control8,Control9,Control10,Control11,Control12,Control13,Control15,Control16,Control17
221150,9768,9928,23397,10721,64151,891,3161,983,55165,57082,51203,7153,29128,24137;Control1,Control2,Control3,Control4,Control5,Control6,Control7,Control8,Control9,Control10,Control11,Control12,Control13,Control15,Control16,Control17
221150,105372115,56992,64151,55247,4001,389903;Control1,Control2,Control3,Control4,Control5,Control6,Control7,Control8,Control9,Control10,Control11,Control12,Control13,Control15,Control16,Control17
221150,55723,991,128239,6241,3833,4288,113130,9787,100507118,9212,146909,332,24137;Control1,Control2,Control3,Control4,Control5,Control6,Control7,Control8,Control9,Control10,Control11,Control12,Control13,Control15,Control16,Control17
221150,11065,991,128239,259266,6241,55355,995,3833,4288,113130,9787,100507118,9212,220134,24137;Control1,Control2,Control3,Control4,Control5,Control6,Control7,Control8,Control9,Control10,Control11,Control12,Control13,Control15,Control16,Control17
81624,1033;Control1,Control2,Control3,Control4,Control5,Control6,Control7,Control8,Control9,Control10,Control11,Control12,Control13,Control15,Control16,Control17
81624,107985017,55143,1058,105375610,100507118;Control1,Control2,Control3,Control4,Control5,Control6,Control7,Control8,Control9,Control10,Control11,Control12,Control13,Control15,Control16,Control17
5101,9388;Control1,Control2,Control3,Control4,Control5,Control6,Control7,Control8,Control9,Control10,Control11,Control12,Control13,Control15,Control16,Control17
5101,109729169,63898;Control1,Control2,Control3,Control4,Control5,Control6,Control7,Control8,Control9,Control10,Control11,Control12,Control13,Control15,Control16,Control17
7546,102606463;Control1,Control2,Control3,Control4,Control5,Control6,Control7,Control8,Control9,Control10,Control11,Control12,Control13,Control15,Control16,Control17
5083,101060400,3604,27299,387978;Control1,Control2,Control3,Control4,Control5,Control6,Control7,Control8,Control9,Control10,Control11,Control12,Control13,Control15,Control16,Control17
1033,9628;Control1,Control2,Control3,Control4,Control5,Control6,Control7,Control8,Control9,Control10,Control11,Control12,Control13,Control15,Control16,Control17
1033,9493;Control1,Control2,Control3,Control4,Control5,Control6,Control7,Control8,Control9,Control10,Control11,Control12,Control13,Control15,Control16,Control17
1033,6790;Control1,Control2,Control3,Control4,Control5,Control6,Control7,Control8,Control9,Control10,Control11,Control12,Control13,Control15,Control16,Control17
3502,145873,58,2019,134285,389336,285987,4004,354,25818,5653,5650,28809,729442;Control1,Control2,Control3,Control4,Control5,Control6,Control7,Control8,Control9,Control10,Control11,Control12,Control13,Control15,Control16,Control17
9824,9055,55635,9928,4751,4085,55247,3161,54443,55872,983,3832,7153;Control1,Control2,Control3,Control4,Control5,Control6,Control7,Control8,Control9,Control10,Control11,Control12,Control13,Control15,Control16,Control17
9824,9496,54443,9493,9055;Control1,Control2,Control3,Control4,Control5,Control6,Control7,Control8,Control9,Control10,Control11,Control12,Control13,Control15,Control16,Control17
107984763,3783,89858;Control1,Control2,Control3,Control4,Control5,Control6,Control7,Control8,Control9,Control10,Control11,Control12,Control13,Control15,Control16,Control17
107984763,729447,3783,102723547;Control1,Control2,Control3,Control4,Control5,Control6,Control7,Control8,Control9,Control10,Control11,Control12,Control13,Control15,Control16,Control17
57082,220134,83540,259266,6241,55355,64151,3161,55872,55165,221150,51203,100507118,79801,29128,24137;Control1,Control2,Control3,Control4,Control5,Control6,Control7,Control8,Control9,Control10,Control11,Control12,Control13,Control15,Control16,Control17
57082,54821;Control1,Control2,Control3,Control4,Control5,Control6,Control7,Control8,Control9,Control10,Control11,Control12,Control13,Control15,Control16,Control17
84419,100126311;Control1,Control2,Control3,Control4,Control5,Control6,Control7,Control8,Control9,Control10,Control11,Control12,Control13,Control15,Control16,Control17
9133,220134,991,128239,259266,1063,6241,57405,55355,995,4288,113130,9787,100507118,79801,9212,146909,332,24137;Control1,Control2,Control3,Control4,Control5,Control6,Control7,Control8,Control9,Control10,Control11,Control12,Control13,Control15,Control16,Control17
9768,220134,6241,699,64151,891,3161,55872,55165,51203,7153,29128,24137;Control1,Control2,Control3,Control4,Control5,Control6,Control7,Control8,Control9,Control10,Control11,Control12,Control13,Control15,Control16,Control17
9493,83903,4751,3161,54443,3832,55165,9824,51203,9055;Control1,Control2,Control3,Control4,Control5,Control6,Control7,Control8,Control9,Control10,Control11,Control12,Control13,Control15,Control16,Control17
594855,105370953;Control1,Control2,Control3,Control4,Control5,Control6,Control7,Control8,Control9,Control10,Control11,Control12,Control13,Control15,Control16,Control17
105370924,9388;Control1,Control2,Control3,Control4,Control5,Control6,Control7,Control8,Control9,Control10,Control11,Control12,Control13,Control15,Control16,Control17
105370953,107985436;Control1,Control2,Control3,Control4,Control5,Control6,Control7,Control8,Control9,Control10,Control11,Control12,Control13,Control15,Control16,Control17
105370960,105371152;Control1,Control2,Control3,Control4,Control5,Control6,Control7,Control8,Control9,Control10,Control11,Control12,Control13,Control15,Control16,Control17
176,107985017;Control1,Control2,Control3,Control4,Control5,Control6,Control7,Control8,Control9,Control10,Control11,Control12,Control13,Control15,Control16,Control17
145873,284293,58,2019,134285,285987,4004,3502,354,28809,729442;Control1,Control2,Control3,Control4,Control5,Control6,Control7,Control8,Control9,Control10,Control11,Control12,Control13,Control15,Control16,Control17
9055,100507118,55635,4751,55247,3161,54443,55872,983,3832,55165,9824,51203,7153,29128,24137;Control1,Control2,Control3,Control4,Control5,Control6,Control7,Control8,Control9,Control10,Control11,Control12,Control13,Control15,Control16,Control17
105371050,53820,6273,8352,105375027,101927760,338667;Control1,Control2,Control3,Control4,Control5,Control6,Control7,Control8,Control9,Control10,Control11,Control12,Control13,Control15,Control16,Control17
10942,26150;Control1,Control2,Control3,Control4,Control5,Control6,Control7,Control8,Control9,Control10,Control11,Control12,Control13,Control15,Control16,Control17
6345,6860,107985513;Control1,Control2,Control3,Control4,Control5,Control6,Control7,Control8,Control9,Control10,Control11,Control12,Control13,Control15,Control16,Control17
5347,10615,991,128239,3833,4288,9700,9212;Control1,Control2,Control3,Control4,Control5,Control6,Control7,Control8,Control9,Control10,Control11,Control12,Control13,Control15,Control16,Control17
5347,55723,991,128239,3833,4288,9212,10615,11065;Control1,Control2,Control3,Control4,Control5,Control6,Control7,Control8,Control9,Control10,Control11,Control12,Control13,Control15,Control16,Control17
5347,11065,991,128239,995,3833,4288,9212;Control1,Control2,Control3,Control4,Control5,Control6,Control7,Control8,Control9,Control10,Control11,Control12,Control13,Control15,Control16,Control17
5347,158511,128239,995,3833,112937,9212;Control1,Control2,Control3,Control4,Control5,Control6,Control7,Control8,Control9,Control10,Control11,Control12,Control13,Control15,Control16,Control17
105371152,28809,28946,3502,354;Control1,Control2,Control3,Control4,Control5,Control6,Control7,Control8,Control9,Control10,Control11,Control12,Control13,Control15,Control16,Control17
79191,57167,5798,168002,63898,100533990,344,4318,109729184,7477;Control1,Control2,Control3,Control4,Control5,Control6,Control7,Control8,Control9,Control10,Control11,Control12,Control13,Control15,Control16,Control17
54478,201299;Control1,Control2,Control3,Control4,Control5,Control6,Control7,Control8,Control9,Control10,Control11,Control12,Control13,Control15,Control16,Control17
9212,55771,991,57405,10615,332;Control1,Control2,Control3,Control4,Control5,Control6,Control7,Control8,Control9,Control10,Control11,Control12,Control13,Control15,Control16,Control17
9212,29128,991,128239,259266,1063,6241,57405,55355,113130,221150,9787,100507118,79801,146909,332,220134,24137;Control1,Control2,Control3,Control4,Control5,Control6,Control7,Control8,Control9,Control10,Control11,Control12,Control13,Control15,Control16,Control17
339256,10437;Control1,Control2,Control3,Control4,Control5,Control6,Control7,Control8,Control9,Control10,Control11,Control12,Control13,Control15,Control16,Control17
10615,55723,991,128239,6241,9232,3833,4288,113130,9787,9212,146909,332,24137;Control1,Control2,Control3,Control4,Control5,Control6,Control7,Control8,Control9,Control10,Control11,Control12,Control13,Control15,Control16,Control17
10615,11065,991,128239,259266,6241,55355,9232,3833,4288,113130,9787,9212,24137;Control1,Control2,Control3,Control4,Control5,Control6,Control7,Control8,Control9,Control10,Control11,Control12,Control13,Control15,Control16,Control17
40,105371737;Control1,Control2,Control3,Control4,Control5,Control6,Control7,Control8,Control9,Control10,Control11,Control12,Control13,Control15,Control16,Control17
7153,332,1063,6241,150468,55355,891,3161,55872,9833,983,55165,9787,51203,100507118,79801,24137;Control1,Control2,Control3,Control4,Control5,Control6,Control7,Control8,Control9,Control10,Control11,Control12,Control13,Control15,Control16,Control17
332,55723,991,128239,6241,9232,3833,4288,113130,9787,100507118,9212,146909,24137;Control1,Control2,Control3,Control4,Control5,Control6,Control7,Control8,Control9,Control10,Control11,Control12,Control13,Control15,Control16,Control17
6860,113730,107985513;Control1,Control2,Control3,Control4,Control5,Control6,Control7,Control8,Control9,Control10,Control11,Control12,Control13,Control15,Control16,Control17
115701,109729169,731220,646024,105376041,3229,387895,55655,3053;Control1,Control2,Control3,Control4,Control5,Control6,Control7,Control8,Control9,Control10,Control11,Control12,Control13,Control15,Control16,Control17
29128,55723,991,128239,6241,113130,221150,9787,100507118,9212,146909,332,24137;Control1,Control2,Control3,Control4,Control5,Control6,Control7,Control8,Control9,Control10,Control11,Control12,Control13,Control15,Control16,Control17
29128,11065,991,128239,259266,6241,55355,113130,221150,9787,100507118,9212,220134,24137;Control1,Control2,Control3,Control4,Control5,Control6,Control7,Control8,Control9,Control10,Control11,Control12,Control13,Control15,Control16,Control17
1995,100533990,89886,168002,105378305,79191,344,4318,109729184,7477;Control1,Control2,Control3,Control4,Control5,Control6,Control7,Control8,Control9,Control10,Control11,Control12,Control13,Control15,Control16,Control17
55723,11065,991,128239,6241,9232,3833,4288,113130,9787,100507118,9212,24137;Control1,Control2,Control3,Control4,Control5,Control6,Control7,Control8,Control9,Control10,Control11,Control12,Control13,Control15,Control16,Control17
54854,107985513;Control1,Control2,Control3,Control4,Control5,Control6,Control7,Control8,Control9,Control10,Control11,Control12,Control13,Control15,Control16,Control17
89858,158511;Control1,Control2,Control3,Control4,Control5,Control6,Control7,Control8,Control9,Control10,Control11,Control12,Control13,Control15,Control16,Control17
4605,8318,991,10460,9232,4288,113130,332;Control1,Control2,Control3,Control4,Control5,Control6,Control7,Control8,Control9,Control10,Control11,Control12,Control13,Control15,Control16,Control17
4318,57167,5798,101928658,168002,63898,100533990,344,109729184,7477;Control1,Control2,Control3,Control4,Control5,Control6,Control7,Control8,Control9,Control10,Control11,Control12,Control13,Control15,Control16,Control17
4318,109729169,5798,9076,101928658,109729184;Control1,Control2,Control3,Control4,Control5,Control6,Control7,Control8,Control9,Control10,Control11,Control12,Control13,Control15,Control16,Control17
64699,105373150;Control1,Control2,Control3,Control4,Control5,Control6,Control7,Control8,Control9,Control10,Control11,Control12,Control13,Control15,Control16,Control17
9582,389903;Control1,Control2,Control3,Control4,Control5,Control6,Control7,Control8,Control9,Control10,Control11,Control12,Control13,Control15,Control16,Control17
100874530,729447;Control1,Control2,Control3,Control4,Control5,Control6,Control7,Control8,Control9,Control10,Control11,Control12,Control13,Control15,Control16,Control17
