genes;condiciones
27237,2328,105371927;Control1,Control2,Control3,Control4,Control5,Control6,Control7,Control8,Control9,Control10,Control11,Control12,Control13,Control15,Control16,Control17
27237,55765,1749;Control1,Control3,Control4,Control5,Control6,Control7,Control8,Control9,Control10,Control11,Control12,Control13,Control15,Control16,Control17
27237,115019,105377123,134285,389336,105374986;Control1,Control2,Control3,Control4,Control5,Control7,Control8,Control9,Control10,Control11,Control12,Control13,Control15,Control16,Control17
27237,58,134285,389336,285987,4004,5653,5650,28809,729442;Control1,Control2,Control3,Control4,Control5,Control6,Control7,Control8,Control9,Control10,Control11,Control12,Control13,Control15,Control16
27237,101927750,134285,389336,285987,4004,25818,5653,5650,28809,729442;Control1,Control2,Control3,Control4,Control5,Control6,Control7,Control8,Control9,Control10,Control11,Control12,Control13,Control15,Control17
27237,28946,134285,389336,285987,4004,3502,354,5653,5650,28809,729442;Control1,Control2,Control3,Control4,Control6,Control7,Control8,Control9,Control10,Control11,Control12,Control13,Control15,Control16,Control17
27237,2019,2328,58,134285,389336,285987,4004,3502,354,25818,5653,5650,101929707,28809,729442;Control1,Control3,Control4,Control5,Control6,Control7,Control8,Control9,Control10,Control11,Control12,Control13,Control15,Control16,Control17
27237,79674,389336,354,5653;Control1,Control2,Control3,Control4,Control6,Control7,Control8,Control9,Control10,Control11,Control12,Control13,Control15,Control16,Control17
27237,102467080,134285,389336,285987,4004,5653,5650,28809,729442;Control1,Control2,Control3,Control4,Control5,Control6,Control7,Control8,Control9,Control10,Control11,Control13,Control15,Control16,Control17
27237,134285,389336,285987,4004,5653,5650,28809,729442;Control1,Control2,Control3,Control4,Control5,Control6,Control7,Control8,Control9,Control10,Control11,Control12,Control13,Control15,Control16,Control17
27237,105374986;Control1,Control2,Control3,Control4,Control5,Control6,Control7,Control8,Control9,Control10,Control11,Control12,Control13,Control15,Control16,Control17
27237,157570;Control1,Control2,Control3,Control4,Control5,Control6,Control7,Control8,Control9,Control11,Control12,Control13,Control15,Control16,Control17
27237,1029,2328;Control1,Control2,Control3,Control4,Control5,Control6,Control7,Control8,Control9,Control10,Control11,Control12,Control15,Control16,Control17
27237,4973,58,134285,285987,4004,25818,5653,5650,28809,729442;Control1,Control3,Control4,Control5,Control6,Control7,Control8,Control9,Control10,Control11,Control12,Control13,Control15,Control16,Control17
27237,3227,2328,2019,389336,285987,354,25818,5653,5650,101929707,729442;Control1,Control3,Control4,Control5,Control6,Control7,Control8,Control9,Control10,Control11,Control12,Control13,Control15,Control16,Control17
27237,5265,285987,4004,4973,5653,5650,729442;Control1,Control3,Control4,Control5,Control6,Control7,Control8,Control9,Control10,Control11,Control12,Control13,Control15,Control16,Control17
27237,9955;Control1,Control2,Control3,Control4,Control5,Control6,Control7,Control8,Control9,Control11,Control12,Control13,Control15,Control16,Control17
27237,115701,2328,105371927;Control1,Control2,Control3,Control4,Control5,Control6,Control7,Control8,Control9,Control10,Control11,Control12,Control13,Control16,Control17
27237,10437,5265;Control1,Control3,Control4,Control5,Control6,Control7,Control8,Control9,Control10,Control11,Control12,Control13,Control15,Control16,Control17
27237,105373150,134285,389336,285987,4004,25818,5653,5650,28809,729442;Control1,Control2,Control4,Control5,Control6,Control7,Control8,Control9,Control10,Control11,Control12,Control13,Control15,Control16,Control17
148645,55240,56203,3670,345643,5307,105375894,100192378,1690,100506071,6362,106481742,9758,8471;Control1,Control2,Control3,Control4,Control5,Control7,Control8,Control9,Control10,Control11,Control12,Control13,Control15,Control16,Control17
148645,3239,56203,3670,345643,5307,105375894,9312,283078,1690,100506071,6362,106481742,9758,8471;Control1,Control2,Control3,Control4,Control5,Control6,Control7,Control8,Control9,Control10,Control11,Control12,Control13,Control15,Control16,Control17
148645,647309,3239,56203,3670,345643,5307,105375894,100192378,1690,100506071,6362,106481742,9758,8471;Control1,Control2,Control3,Control4,Control5,Control6,Control7,Control8,Control9,Control10,Control11,Control12,Control13,Control16,Control17
148645,10309,3239,56203,3670,345643,5307,105375894,283078,1690,100506071,161291,6362,106481742,9758,8471;Control1,Control2,Control3,Control5,Control6,Control7,Control8,Control9,Control10,Control11,Control12,Control13,Control15,Control16,Control17
148645,100506895,3670,345643,5307,105375894,1690,100506071,6362,106481742,9758,8471;Control1,Control2,Control3,Control4,Control5,Control6,Control7,Control8,Control9,Control10,Control11,Control12,Control13,Control15,Control16,Control17
148645,100192378,3239,56203,3670,345643,5307,105375894,1690,100506071,6362,106481742,9758,8471;Control1,Control2,Control3,Control4,Control5,Control6,Control7,Control8,Control9,Control10,Control11,Control12,Control13,Control15,Control16,Control17
148645,4321,3239,56203,3670,345643,5307,105375894,1690,100506071,101929690,6362,106481742,9758,8471;Control1,Control2,Control3,Control4,Control5,Control6,Control7,Control9,Control10,Control11,Control12,Control13,Control15,Control16,Control17
148645,64843,3239,56203,3670,345643,5307,105375894,9312,283078,1690,100506071,6362,106481742,9758,8471;Control1,Control2,Control3,Control4,Control5,Control6,Control7,Control8,Control10,Control11,Control12,Control13,Control15,Control16,Control17
148645,101929690,3239,56203,3670,345643,5307,105375894,9312,1690,100506071,6362,106481742,9758,8471;Control1,Control2,Control3,Control4,Control5,Control6,Control7,Control8,Control9,Control10,Control11,Control12,Control13,Control15,Control16,Control17
148645,25818,3670,345643,5307,100192378,1690,100506071,6362,106481742;Control1,Control2,Control3,Control4,Control5,Control6,Control7,Control8,Control9,Control11,Control12,Control13,Control15,Control16,Control17
148645,105373150,3239,56203,3670,345643,5307,100506895,105375894,1690,100506071,101929690,6362,106481742,9758,8471;Control1,Control2,Control3,Control4,Control5,Control6,Control7,Control8,Control9,Control11,Control12,Control13,Control15,Control16,Control17
3604,6664,4547,4001,27299,387978;Control1,Control2,Control3,Control4,Control5,Control6,Control7,Control8,Control9,Control10,Control11,Control12,Control13,Control15,Control16,Control17
3604,5133,6664,3627,4547,2625,105372115;Control1,Control2,Control3,Control5,Control6,Control7,Control8,Control9,Control10,Control11,Control12,Control13,Control15,Control16,Control17
3604,4283,6664,3627,4547,4001,10537,27299,2625,387978,100506655,105372115,23532;Control2,Control3,Control4,Control5,Control6,Control7,Control8,Control9,Control10,Control11,Control12,Control13,Control15,Control16,Control17
3604,3627,4547,2625,105372115;Control1,Control2,Control3,Control4,Control5,Control6,Control7,Control8,Control9,Control10,Control11,Control12,Control13,Control15,Control16,Control17
3604,4085,55247,4001,2845,27299;Control1,Control2,Control3,Control4,Control5,Control6,Control7,Control9,Control10,Control11,Control12,Control13,Control15,Control16,Control17
3604,55247,6664,4001,27299,2625,387978,9055,105372115,389903;Control1,Control3,Control4,Control5,Control6,Control7,Control8,Control9,Control10,Control11,Control12,Control13,Control15,Control16,Control17
3604,7180,6664,4283,3627,4547,10537,27299,2625,387978,100506655,105372115,23532,389903;Control2,Control3,Control4,Control5,Control6,Control7,Control8,Control9,Control10,Control11,Control12,Control13,Control15,Control16,Control17
3604,107986606,6664,4547,2625,387978;Control1,Control2,Control3,Control5,Control6,Control7,Control8,Control9,Control10,Control11,Control12,Control13,Control15,Control16,Control17
3604,2845,6664,4547,4001,27299,387978;Control1,Control2,Control3,Control4,Control5,Control6,Control7,Control9,Control10,Control11,Control12,Control13,Control15,Control16,Control17
3604,2625,6664,4547,27299,387978,105372115,389903;Control1,Control2,Control3,Control4,Control5,Control6,Control7,Control8,Control9,Control10,Control11,Control12,Control13,Control15,Control16,Control17
3604,50614,6664,4547,7180,27299,2625,387978,105372115;Control1,Control2,Control3,Control4,Control5,Control6,Control7,Control8,Control9,Control10,Control11,Control12,Control15,Control16,Control17
3604,5100,107985436;Control1,Control2,Control3,Control4,Control5,Control6,Control7,Control8,Control10,Control11,Control12,Control13,Control15,Control16,Control17
3604,5083,27299,101060400;Control1,Control2,Control3,Control4,Control5,Control6,Control7,Control8,Control9,Control10,Control11,Control12,Control13,Control15,Control16,Control17
3604,64843,6664,4547,4001,27299,387978;Control1,Control2,Control4,Control5,Control6,Control7,Control8,Control9,Control10,Control11,Control12,Control13,Control15,Control16,Control17
3604,105371275,6664,4547,27299,2625,387978,105372115,389903;Control1,Control2,Control3,Control4,Control5,Control6,Control7,Control8,Control9,Control10,Control11,Control13,Control15,Control16,Control17
374946,26289,5798,101928658,57167;Control1,Control2,Control3,Control4,Control5,Control6,Control7,Control8,Control9,Control10,Control11,Control12,Control13,Control15,Control16
374946,6664;Control1,Control2,Control3,Control4,Control5,Control6,Control7,Control8,Control10,Control11,Control12,Control13,Control15,Control16,Control17
374946,284958,5798,2250,646024,168002,105376041,3229,387895,115701,109729169;Control1,Control2,Control3,Control4,Control5,Control6,Control7,Control8,Control9,Control10,Control11,Control13,Control15,Control16,Control17
374946,56300,3229,387895,4496;Control1,Control2,Control3,Control4,Control5,Control6,Control7,Control8,Control9,Control10,Control11,Control12,Control13,Control15,Control16,Control17
374946,5798,101928658,11075,57167,109729169;Control1,Control2,Control3,Control4,Control5,Control6,Control7,Control8,Control9,Control10,Control11,Control12,Control13,Control15,Control16,Control17
374946,286676,5798,105378305,344,7477;Control1,Control2,Control3,Control4,Control5,Control7,Control8,Control9,Control10,Control11,Control12,Control13,Control15,Control16,Control17
374946,647309,5798,101928658,11075,57167,109729169;Control1,Control2,Control4,Control5,Control6,Control7,Control8,Control9,Control10,Control11,Control12,Control13,Control15,Control16,Control17
374946,2250,56300,646024,105376041,3229,387895,4496,109729169;Control1,Control2,Control3,Control4,Control5,Control6,Control7,Control8,Control9,Control10,Control11,Control12,Control13,Control15,Control17
374946,6534,5798,63898,100533990,344,109729184,109729169;Control1,Control2,Control3,Control4,Control5,Control6,Control7,Control8,Control9,Control10,Control11,Control12,Control13,Control15,Control17
374946,860,5798,101928658,11075,57167,109729169;Control1,Control2,Control3,Control4,Control5,Control6,Control8,Control9,Control10,Control11,Control12,Control13,Control15,Control16,Control17
374946,80329,646024,105376041,3229,387895,4496;Control1,Control2,Control3,Control4,Control5,Control6,Control7,Control8,Control9,Control10,Control11,Control13,Control15,Control16,Control17
374946,100652791,56300,3229,387895,4496;Control1,Control2,Control3,Control4,Control5,Control6,Control8,Control9,Control10,Control11,Control12,Control13,Control15,Control16,Control17
374946,63898,57167,7477;Control1,Control2,Control3,Control4,Control5,Control6,Control7,Control8,Control9,Control10,Control11,Control12,Control13,Control15,Control16,Control17
374946,107986951;Control1,Control2,Control3,Control4,Control5,Control6,Control7,Control8,Control9,Control10,Control11,Control12,Control13,Control16,Control17
374946,347252,56300,3229,387895,4496;Control1,Control2,Control3,Control4,Control5,Control6,Control7,Control8,Control9,Control10,Control12,Control13,Control15,Control16,Control17
374946,253650,101928658,63898,57167,7477;Control1,Control2,Control3,Control5,Control6,Control7,Control8,Control9,Control10,Control11,Control12,Control13,Control15,Control16,Control17
374946,120939,63898,7477;Control1,Control3,Control4,Control5,Control6,Control7,Control8,Control9,Control10,Control11,Control12,Control13,Control15,Control16,Control17
374946,10993,63898,7477;Control1,Control2,Control3,Control5,Control6,Control7,Control8,Control9,Control10,Control11,Control12,Control13,Control15,Control16,Control17
374946,100533789,5798,11075,100533990,109729169;Control1,Control2,Control3,Control4,Control5,Control6,Control7,Control9,Control10,Control11,Control12,Control13,Control15,Control16,Control17
374946,100533990,5798,11075,57167,109729169;Control1,Control2,Control3,Control4,Control5,Control6,Control7,Control8,Control9,Control10,Control11,Control12,Control13,Control15,Control16,Control17
374946,344,5798,100533990,57167,7477;Control1,Control2,Control3,Control4,Control5,Control6,Control7,Control8,Control9,Control10,Control11,Control12,Control13,Control15,Control16,Control17
374946,4318,5798,101928658,11075,57167,109729169;Control1,Control2,Control3,Control4,Control5,Control6,Control8,Control9,Control10,Control11,Control12,Control13,Control15,Control16,Control17
374946,109729184,5798,101928658,168002,100533990,344,4318,7477;Control1,Control2,Control3,Control4,Control5,Control6,Control7,Control8,Control9,Control10,Control11,Control12,Control13,Control15,Control17
374946,349408,26289,5798,101928658;Control1,Control2,Control3,Control4,Control5,Control6,Control7,Control8,Control9,Control10,Control11,Control12,Control13,Control15,Control16
26279,7545;Control1,Control2,Control3,Control4,Control5,Control6,Control7,Control8,Control9,Control11,Control12,Control13,Control15,Control16,Control17
26279,10309,64699;Control1,Control2,Control3,Control5,Control6,Control7,Control8,Control9,Control10,Control11,Control12,Control13,Control15,Control16,Control17
26279,283078;Control1,Control2,Control3,Control4,Control5,Control6,Control7,Control8,Control9,Control10,Control11,Control13,Control15,Control16,Control17
26279,64699;Control1,Control2,Control3,Control4,Control5,Control6,Control7,Control8,Control9,Control10,Control11,Control12,Control13,Control15,Control16,Control17
3352,51361,100996301,81849,23286,340273,100289137,158228,143662,79056,6495,100506411,654499,970,101927355,107985492,54101,2277;Control1,Control2,Control3,Control4,Control5,Control6,Control7,Control8,Control9,Control10,Control11,Control12,Control13,Control15,Control16,Control17
3352,653149,51361,100996301,23286,340273,100289137,158228,143662,79056,6495,100506411,654499,970,101927355,107985492,54101,2277;Control1,Control3,Control4,Control5,Control6,Control7,Control8,Control9,Control10,Control11,Control12,Control13,Control15,Control16,Control17
3352,101927687,7546,366,101927355;Control1,Control2,Control3,Control4,Control5,Control6,Control7,Control8,Control9,Control11,Control12,Control13,Control15,Control16,Control17
3352,29851,51361,5133,4547,23286,340273,100289137,158228,143662,79056,6495,100506411,654499,101927355,54101,2277;Control1,Control2,Control3,Control4,Control5,Control6,Control7,Control8,Control10,Control11,Control12,Control13,Control15,Control16,Control17
3352,5133,51361,100996301,81849,23286,340273,100289137,158228,143662,79056,6495,100506411,654499,970,101927355,107985492,54101,2277;Control1,Control2,Control3,Control4,Control5,Control6,Control7,Control8,Control10,Control11,Control12,Control13,Control15,Control16,Control17
3352,152225,4257;Control1,Control2,Control3,Control4,Control5,Control6,Control7,Control9,Control10,Control11,Control12,Control13,Control15,Control16,Control17
3352,105374166,51361,100996301,81849,23286,3135,340273,158228,143662,79056,6495,100506411,654499,970,101927355,54101,2277;Control1,Control2,Control3,Control4,Control5,Control7,Control8,Control9,Control10,Control11,Control12,Control13,Control15,Control16,Control17
3352,4547,51361,100996301,5133,23286,340273,100289137,158228,143662,79056,6495,100506411,654499,101927355,54101,2277;Control1,Control2,Control3,Control4,Control5,Control6,Control7,Control8,Control10,Control11,Control12,Control13,Control15,Control16,Control17
3352,105377404;Control1,Control2,Control3,Control5,Control6,Control7,Control8,Control9,Control10,Control11,Control12,Control13,Control15,Control16,Control17
3352,10309,51361,100996301,81849,23286,340273,100289137,158228,143662,79056,6495,100506411,654499,970,101927355,107985492,54101,2277;Control1,Control2,Control4,Control5,Control6,Control7,Control8,Control9,Control10,Control11,Control12,Control13,Control15,Control16,Control17
3352,100505994,51361,100996301,81849,23286,340273,100289137,253650,158228,143662,79056,6495,100506411,654499,970,101927355,107985492,54101,2277;Control1,Control2,Control3,Control4,Control5,Control6,Control7,Control8,Control9,Control10,Control11,Control12,Control13,Control16,Control17
3352,3135,51361,340273,158228,143662,79056,6495,100506411,654499,970,101927355,54101;Control1,Control2,Control3,Control4,Control5,Control6,Control7,Control8,Control9,Control10,Control11,Control12,Control13,Control15,Control16,Control17
3352,101927686,51361,100996301,81849,23286,340273,100289137,253650,158228,143662,79056,6495,100506411,654499,970,101927355,107985492,54101,2277;Control1,Control2,Control3,Control4,Control6,Control7,Control8,Control9,Control10,Control11,Control12,Control13,Control15,Control16,Control17
3352,245972,51361,100996301,81849,23286,340273,100289137,158228,143662,79056,6495,100506411,654499,970,101927355,107985492,54101,2277;Control1,Control2,Control3,Control4,Control5,Control6,Control7,Control8,Control9,Control11,Control12,Control13,Control15,Control16,Control17
3352,253650,51361,100996301,81849,23286,340273,100289137,158228,143662,79056,6495,100506411,654499,970,101927355,107985492,54101,2277;Control1,Control2,Control3,Control4,Control5,Control6,Control7,Control8,Control9,Control10,Control11,Control12,Control13,Control15,Control16
3352,101101772,51361,100996301,81849,100505994,23286,340273,253650,158228,143662,100506411,654499,101927355,107985492,54101;Control1,Control2,Control3,Control4,Control5,Control6,Control7,Control8,Control9,Control10,Control11,Control12,Control13,Control16,Control17
3352,4257;Control1,Control2,Control3,Control4,Control5,Control6,Control7,Control8,Control9,Control10,Control11,Control12,Control13,Control15,Control16,Control17
3352,2835,51361,23286,340273,158228,143662,79056,6495,654499,101927355,54101;Control1,Control2,Control3,Control4,Control5,Control6,Control7,Control8,Control9,Control10,Control11,Control12,Control15,Control16,Control17
3352,7546,366,101927355;Control1,Control2,Control3,Control4,Control5,Control6,Control7,Control8,Control9,Control10,Control11,Control12,Control13,Control15,Control16,Control17
3352,161291,51361,100996301,10309,23286,340273,100289137,158228,143662,79056,6495,100506411,654499,970,101927355,107985492,54101,2277;Control1,Control2,Control4,Control5,Control6,Control7,Control8,Control9,Control10,Control11,Control12,Control13,Control15,Control16,Control17
3352,11001;Control1,Control2,Control3,Control4,Control5,Control6,Control7,Control8,Control9,Control10,Control11,Control12,Control13,Control15,Control16
3352,366,51361,340273,158228,654499,101927355,2277;Control1,Control2,Control3,Control4,Control5,Control6,Control7,Control8,Control9,Control10,Control11,Control12,Control13,Control15,Control16,Control17
1870,63967;Control1,Control2,Control3,Control4,Control5,Control6,Control7,Control8,Control9,Control10,Control11,Control12,Control15,Control16,Control17
1870,991,128239,259266,6241,57405,55355,4288,113130,221150,9787,9212,220134,24137;Control1,Control2,Control3,Control4,Control5,Control6,Control7,Control8,Control9,Control10,Control12,Control13,Control15,Control16,Control17
1870,6241,995,10024;Control1,Control3,Control4,Control5,Control6,Control7,Control8,Control9,Control10,Control11,Control12,Control13,Control15,Control16,Control17
1870,64151,259266,6241,57405,55355,221150,9787,220134,24137;Control1,Control2,Control3,Control4,Control5,Control6,Control7,Control8,Control9,Control10,Control12,Control13,Control15,Control16,Control17
1870,10874,8318;Control1,Control2,Control3,Control4,Control5,Control6,Control7,Control8,Control9,Control10,Control12,Control13,Control15,Control16,Control17
1870,89958,57405,10024;Control1,Control2,Control3,Control4,Control5,Control6,Control7,Control8,Control9,Control10,Control11,Control13,Control15,Control16,Control17
1870,55388;Control1,Control2,Control3,Control4,Control5,Control6,Control7,Control8,Control9,Control10,Control11,Control12,Control13,Control15,Control16
1870,1813,105371737;Control1,Control2,Control3,Control4,Control5,Control6,Control7,Control8,Control9,Control10,Control11,Control12,Control13,Control15,Control16
1870,10024;Control1,Control2,Control3,Control4,Control5,Control6,Control7,Control8,Control9,Control10,Control11,Control12,Control13,Control15,Control16,Control17
1870,9768,57405,55355,64151,221150,24137;Control1,Control2,Control3,Control4,Control5,Control6,Control7,Control8,Control9,Control10,Control12,Control13,Control15,Control16,Control17
1870,10615,991,128239,259266,57405,55355,4288,113130,9787,9212,220134;Control1,Control2,Control3,Control4,Control5,Control6,Control7,Control8,Control9,Control10,Control12,Control13,Control15,Control16,Control17
1870,105371737;Control1,Control2,Control3,Control4,Control5,Control6,Control7,Control8,Control9,Control10,Control11,Control12,Control13,Control15,Control16,Control17
1870,332,991,128239,259266,6241,57405,55355,4288,113130,9787,9212,24137;Control1,Control2,Control3,Control4,Control5,Control6,Control7,Control8,Control9,Control10,Control12,Control13,Control15,Control16,Control17
1870,147841,10615;Control1,Control2,Control3,Control4,Control5,Control6,Control7,Control8,Control9,Control10,Control12,Control13,Control15,Control16,Control17
1870,8318,991,113130,10024,332;Control1,Control2,Control3,Control4,Control5,Control6,Control7,Control8,Control9,Control10,Control12,Control13,Control15,Control16,Control17
864,105376878,55423;Control1,Control2,Control3,Control4,Control6,Control7,Control8,Control9,Control10,Control11,Control12,Control13,Control15,Control16,Control17
864,554279,101927687;Control1,Control2,Control3,Control4,Control6,Control7,Control8,Control9,Control10,Control11,Control12,Control13,Control15,Control16,Control17
864,28946,3512;Control1,Control2,Control3,Control5,Control6,Control7,Control8,Control9,Control10,Control11,Control12,Control13,Control15,Control16,Control17
864,101927687;Control1,Control2,Control3,Control4,Control5,Control6,Control7,Control8,Control9,Control10,Control11,Control12,Control13,Control15,Control16,Control17
864,50852,55423;Control1,Control2,Control3,Control4,Control5,Control6,Control7,Control8,Control9,Control11,Control12,Control13,Control15,Control16,Control17
864,28755;Control2,Control3,Control4,Control5,Control6,Control7,Control8,Control9,Control10,Control11,Control12,Control13,Control15,Control16,Control17
864,55423;Control1,Control2,Control3,Control4,Control5,Control6,Control7,Control8,Control9,Control10,Control11,Control12,Control13,Control15,Control16,Control17
105376878,115362,100506827;Control1,Control2,Control3,Control5,Control6,Control7,Control8,Control9,Control10,Control11,Control12,Control13,Control15,Control16,Control17
105376878,554279,101927687;Control1,Control2,Control3,Control4,Control5,Control7,Control8,Control9,Control10,Control11,Control12,Control13,Control15,Control16,Control17
105376878,50852,55423;Control1,Control2,Control3,Control4,Control5,Control6,Control7,Control8,Control9,Control10,Control11,Control12,Control13,Control15,Control16,Control17
105376878,1047;Control1,Control2,Control3,Control4,Control6,Control7,Control8,Control9,Control10,Control11,Control12,Control13,Control15,Control16,Control17
105376878,366,554279;Control1,Control2,Control3,Control4,Control5,Control7,Control8,Control9,Control10,Control11,Control12,Control13,Control15,Control16,Control17
55057,55765,115019,1749;Control1,Control2,Control3,Control4,Control5,Control6,Control7,Control8,Control9,Control10,Control11,Control12,Control13,Control15,Control17
55057,115019;Control1,Control2,Control3,Control4,Control5,Control6,Control7,Control8,Control9,Control10,Control11,Control12,Control13,Control15,Control16,Control17
55057,58,2019,1295,134285,145873;Control1,Control2,Control3,Control4,Control5,Control6,Control7,Control8,Control9,Control10,Control11,Control12,Control13,Control16,Control17
55057,2019,389336;Control1,Control2,Control3,Control4,Control5,Control6,Control7,Control8,Control9,Control10,Control11,Control12,Control13,Control15,Control16
55057,1295;Control1,Control2,Control3,Control4,Control5,Control6,Control7,Control8,Control9,Control10,Control11,Control12,Control13,Control15,Control16,Control17
55057,941,1295;Control1,Control2,Control3,Control4,Control5,Control6,Control8,Control9,Control10,Control11,Control12,Control13,Control15,Control16,Control17
55057,345079;Control1,Control2,Control3,Control4,Control5,Control6,Control8,Control9,Control10,Control11,Control12,Control13,Control15,Control16,Control17
55057,389336,115019,1749;Control1,Control2,Control3,Control4,Control5,Control6,Control7,Control8,Control9,Control10,Control11,Control12,Control13,Control15,Control16
55057,105374986,115019;Control1,Control3,Control4,Control5,Control6,Control7,Control8,Control9,Control10,Control11,Control12,Control13,Control15,Control16,Control17
55057,80329;Control1,Control2,Control3,Control4,Control5,Control6,Control7,Control8,Control9,Control11,Control12,Control13,Control15,Control16,Control17
55057,1749,115019,389336;Control1,Control2,Control3,Control5,Control6,Control7,Control8,Control9,Control10,Control11,Control12,Control13,Control15,Control16,Control17
55057,105375690;Control1,Control2,Control3,Control4,Control5,Control6,Control7,Control8,Control9,Control10,Control11,Control12,Control13,Control15,Control16
55057,6768;Control1,Control2,Control3,Control4,Control5,Control6,Control7,Control8,Control9,Control10,Control11,Control12,Control15,Control16,Control17
55057,284293,145873;Control1,Control2,Control3,Control4,Control5,Control6,Control7,Control8,Control9,Control10,Control11,Control12,Control13,Control16,Control17
55057,354,389336,1749;Control1,Control2,Control3,Control5,Control6,Control7,Control8,Control9,Control10,Control11,Control12,Control13,Control15,Control16,Control17
63967,9156;Control1,Control3,Control4,Control5,Control6,Control7,Control8,Control9,Control10,Control11,Control12,Control13,Control15,Control16,Control17
63967,150468,147841;Control1,Control3,Control4,Control5,Control6,Control7,Control8,Control9,Control10,Control11,Control12,Control13,Control15,Control16,Control17
63967,10874,8318;Control1,Control2,Control3,Control4,Control5,Control6,Control7,Control8,Control9,Control10,Control12,Control13,Control15,Control16,Control17
63967,9348;Control1,Control2,Control3,Control4,Control5,Control6,Control8,Control9,Control10,Control11,Control12,Control13,Control15,Control16,Control17
63967,147841;Control1,Control2,Control3,Control4,Control5,Control6,Control7,Control8,Control9,Control10,Control11,Control12,Control13,Control15,Control16,Control17
63967,8318,147841;Control1,Control2,Control3,Control4,Control5,Control6,Control7,Control8,Control10,Control11,Control12,Control13,Control15,Control16,Control17
55143,4751,150468,27178,285643,54443,157570,9055,83903;Control1,Control2,Control3,Control4,Control5,Control6,Control7,Control8,Control10,Control11,Control12,Control13,Control15,Control16,Control17
55143,1063,6241,1058,150468,3161,55872,9787,100507118;Control1,Control2,Control3,Control4,Control5,Control6,Control7,Control8,Control10,Control11,Control12,Control13,Control15,Control16,Control17
55143,1058,150468,105375610;Control1,Control2,Control3,Control4,Control5,Control6,Control7,Control8,Control9,Control10,Control11,Control12,Control13,Control15,Control16,Control17
55143,27178,285643,157570;Control1,Control2,Control3,Control4,Control5,Control6,Control7,Control8,Control9,Control10,Control11,Control12,Control13,Control15,Control16,Control17
55143,55247,4751,3161,54443,55872,983,3832,55165,9824,51203,7153;Control1,Control2,Control3,Control4,Control5,Control6,Control7,Control8,Control10,Control11,Control12,Control13,Control15,Control16,Control17
55143,995,6241,1058,150468,105375610;Control1,Control2,Control3,Control4,Control5,Control6,Control7,Control8,Control9,Control10,Control11,Control12,Control13,Control15,Control17
55143,3161,4751,150468,54443,157570,55872,55165,51203,9055,100507118,7153;Control1,Control2,Control3,Control4,Control5,Control6,Control7,Control8,Control10,Control11,Control12,Control13,Control15,Control16,Control17
55143,9096,1058,105375610;Control1,Control2,Control3,Control4,Control6,Control7,Control8,Control9,Control10,Control11,Control12,Control13,Control15,Control16,Control17
55143,157313,1058,150468,105375610;Control1,Control2,Control3,Control4,Control5,Control6,Control7,Control8,Control9,Control10,Control11,Control12,Control15,Control16,Control17
55143,157570,150468;Control1,Control2,Control3,Control4,Control5,Control6,Control7,Control8,Control9,Control10,Control11,Control12,Control13,Control15,Control16,Control17
55143,9833,1063,6241,1058,3161,55872,221150,9787,100507118;Control1,Control2,Control3,Control4,Control5,Control6,Control7,Control8,Control10,Control11,Control12,Control13,Control15,Control16,Control17
55143,3832,157570;Control1,Control2,Control3,Control4,Control5,Control6,Control7,Control8,Control9,Control10,Control11,Control12,Control13,Control15,Control16,Control17
55143,79733,27178,285643;Control1,Control2,Control3,Control4,Control5,Control6,Control7,Control8,Control9,Control10,Control11,Control12,Control13,Control15,Control16,Control17
55143,81930,1058,105375610;Control1,Control2,Control3,Control4,Control5,Control6,Control7,Control8,Control9,Control10,Control11,Control12,Control13,Control15,Control16,Control17
55143,81624,1058,150468,105375610;Control1,Control2,Control3,Control4,Control5,Control6,Control7,Control8,Control9,Control11,Control12,Control13,Control15,Control16,Control17
55143,91828,1058,105375610;Control1,Control2,Control3,Control4,Control5,Control6,Control7,Control8,Control9,Control11,Control12,Control13,Control15,Control16,Control17
55143,9824,4751,27178,285643,54443,157570,9055,83903;Control1,Control2,Control3,Control4,Control5,Control6,Control7,Control8,Control10,Control11,Control12,Control13,Control15,Control16,Control17
55143,9133,105375610,9212;Control1,Control3,Control4,Control5,Control6,Control7,Control8,Control9,Control10,Control11,Control12,Control13,Control15,Control16,Control17
55143,9493,27178,285643,54443,9824,9055,83903;Control1,Control2,Control3,Control4,Control5,Control6,Control7,Control8,Control10,Control11,Control12,Control13,Control15,Control16,Control17
55143,107985017,1058,105375610,91828;Control1,Control2,Control3,Control4,Control5,Control6,Control7,Control8,Control9,Control10,Control12,Control13,Control15,Control16,Control17
55143,9955,27178,285643;Control1,Control2,Control3,Control4,Control5,Control6,Control7,Control8,Control9,Control10,Control11,Control12,Control13,Control15,Control16,Control17
55143,29128,4751,3161,54443,157570,55872,983,3832,55165,51203,7153;Control1,Control2,Control3,Control4,Control5,Control6,Control7,Control8,Control10,Control11,Control12,Control13,Control15,Control16,Control17
55143,101929707,150468,157570,81624;Control1,Control2,Control3,Control4,Control5,Control6,Control7,Control8,Control9,Control11,Control12,Control13,Control15,Control16,Control17
55143,51512,1058,150468,105375610;Control1,Control2,Control3,Control4,Control5,Control6,Control7,Control8,Control9,Control10,Control11,Control12,Control15,Control16,Control17
55143,24137,1063,6241,3161,55872,9833,55165,221150,9787,100507118,29128;Control1,Control2,Control3,Control4,Control5,Control6,Control7,Control8,Control10,Control11,Control12,Control13,Control15,Control16,Control17
991,11004,128239,259266,1063,6241,55355,995,9232,4288,113130,9787,9133,79801,9212,332;Control1,Control2,Control3,Control4,Control5,Control6,Control8,Control9,Control10,Control11,Control12,Control13,Control15,Control16,Control17
991,128239,259266,1063,6241,55355,995,9232,3833,4288,113130,9787,9133,9212,146909;Control1,Control2,Control3,Control4,Control5,Control6,Control7,Control8,Control9,Control10,Control11,Control12,Control13,Control15,Control16,Control17
991,1058,128239,259266,1063,6241,55355,995,9232,3833,4288,9787,9133,9212,146909;Control1,Control2,Control3,Control4,Control5,Control6,Control7,Control8,Control9,Control10,Control11,Control12,Control13,Control15,Control17
991,150468,128239,259266,1063,6241,55355,995,9232,4288,113130,9787,9133,9212,10615,332;Control1,Control3,Control4,Control5,Control6,Control7,Control8,Control9,Control10,Control11,Control12,Control13,Control15,Control16,Control17
991,57405,259266,1063,6241,55355,9232,4288,113130,9787,9133,9212,146909,332;Control1,Control2,Control3,Control4,Control5,Control6,Control7,Control8,Control9,Control10,Control11,Control12,Control13,Control15,Control16,Control17
991,10460,128239,259266,9232,3833,4288,113130,9700,9787,9133,9212,146909;Control1,Control2,Control3,Control4,Control5,Control6,Control7,Control8,Control9,Control10,Control11,Control12,Control15,Control16,Control17
991,112268460,9232,4288,10024,9212;Control1,Control2,Control3,Control4,Control5,Control7,Control8,Control9,Control10,Control11,Control12,Control13,Control15,Control16,Control17
991,64151,128239,259266,1063,6241,55355,995,4288,221150,9787,9133,9212,332;Control1,Control2,Control3,Control4,Control5,Control6,Control7,Control8,Control10,Control11,Control12,Control13,Control15,Control16,Control17
991,105375610,128239,1058,9232,4288,9787,9133,9212;Control1,Control3,Control4,Control5,Control6,Control7,Control8,Control9,Control10,Control11,Control12,Control13,Control15,Control16,Control17
991,89958,259266,57405,9232,4288,113130,9133,10615;Control1,Control2,Control3,Control4,Control5,Control6,Control7,Control8,Control9,Control10,Control11,Control13,Control15,Control16,Control17
991,374393,259266,1063,6241,55355,995,3833,4288,9787,146909,55723,24137;Control1,Control2,Control3,Control4,Control6,Control7,Control8,Control9,Control10,Control11,Control12,Control13,Control15,Control16,Control17
991,112937,128239,995,3833,4288,9212;Control1,Control2,Control3,Control4,Control5,Control6,Control7,Control8,Control9,Control10,Control11,Control12,Control13,Control15,Control16,Control17
991,2305,9232,3833,9212,10615;Control1,Control2,Control3,Control4,Control5,Control6,Control7,Control8,Control9,Control10,Control11,Control12,Control15,Control16,Control17
991,10024,128239,259266,9232,4288,9133,9212;Control1,Control2,Control3,Control4,Control5,Control6,Control7,Control8,Control9,Control10,Control11,Control12,Control13,Control15,Control16,Control17
991,9700,128239,9232,3833,4288,9787,9133,9212;Control1,Control2,Control3,Control4,Control5,Control6,Control7,Control8,Control9,Control10,Control11,Control12,Control13,Control15,Control16,Control17
991,221150,128239,259266,1063,6241,55355,3833,4288,113130,9787,9212,220134,24137;Control1,Control2,Control3,Control4,Control5,Control6,Control7,Control8,Control9,Control10,Control11,Control12,Control13,Control15,Control16,Control17
991,100507118,259266,1063,6241,57405,55355,9232,113130,9787,9133,9212,146909,332;Control1,Control2,Control3,Control4,Control5,Control6,Control7,Control8,Control9,Control10,Control11,Control12,Control13,Control15,Control16,Control17
991,5347,128239,3833,4288,112937;Control1,Control2,Control3,Control4,Control5,Control6,Control7,Control8,Control9,Control10,Control11,Control12,Control13,Control15,Control16,Control17
991,79801,128239,259266,1063,6241,55355,995,9232,3833,4288,9787,9133,9212,146909;Control1,Control2,Control3,Control4,Control5,Control6,Control7,Control8,Control9,Control10,Control11,Control12,Control13,Control15,Control16,Control17
991,107985017,9232,3833,113130,9787,9133,100507118,9212,146909;Control1,Control2,Control3,Control4,Control5,Control6,Control7,Control8,Control9,Control10,Control11,Control12,Control13,Control15,Control16,Control17
991,10615,128239,259266,55355,9232,4288,113130,9133,9212;Control1,Control2,Control3,Control4,Control5,Control6,Control7,Control8,Control9,Control10,Control11,Control12,Control13,Control15,Control16,Control17
991,55771,9232,4288,10024,9212;Control1,Control2,Control3,Control4,Control5,Control6,Control7,Control9,Control10,Control11,Control12,Control13,Control15,Control16,Control17
991,332,128239,259266,1063,6241,55355,995,9232,4288,113130,9787,9133,9212,146909;Control1,Control2,Control3,Control4,Control5,Control6,Control7,Control8,Control9,Control10,Control11,Control12,Control13,Control15,Control16,Control17
991,29128,259266,1063,6241,57405,55355,4288,113130,9787,100507118,146909,24137;Control1,Control2,Control3,Control4,Control5,Control6,Control7,Control9,Control10,Control11,Control12,Control13,Control15,Control16,Control17
991,147841,128239,259266,6241,55355,4288,332,22974;Control1,Control2,Control3,Control5,Control6,Control7,Control8,Control9,Control10,Control11,Control12,Control13,Control15,Control16,Control17
991,55723,6241,3833,113130,221150,9787,100507118,9212;Control1,Control2,Control3,Control4,Control5,Control6,Control7,Control8,Control9,Control10,Control11,Control12,Control13,Control15,Control16,Control17
991,284403,995,4288;Control1,Control2,Control4,Control5,Control6,Control7,Control8,Control9,Control10,Control11,Control12,Control13,Control15,Control16,Control17
991,22974,128239,259266,1063,6241,55355,995,9232,3833,4288,113130,9787,9133,79801,9212,146909;Control1,Control2,Control3,Control5,Control6,Control7,Control8,Control9,Control10,Control11,Control12,Control13,Control15,Control16,Control17
991,4605,9232,10024,9133;Control1,Control2,Control3,Control4,Control5,Control6,Control7,Control8,Control9,Control10,Control11,Control12,Control13,Control15,Control16,Control17
991,11065,128239,55355,4288,113130,221150,9787,9212,220134;Control1,Control2,Control3,Control4,Control5,Control6,Control7,Control8,Control9,Control10,Control11,Control12,Control13,Control15,Control16,Control17
991,8318,113130,332;Control1,Control2,Control3,Control4,Control5,Control6,Control7,Control8,Control9,Control10,Control11,Control12,Control13,Control15,Control16,Control17
991,349408,128239,4288,112937,9212;Control1,Control2,Control3,Control4,Control5,Control6,Control7,Control8,Control9,Control10,Control11,Control13,Control15,Control16,Control17
991,24137,128239,259266,1063,6241,55355,995,3833,4288,113130,9787,9133,9212,146909;Control1,Control2,Control3,Control4,Control5,Control6,Control7,Control8,Control9,Control10,Control11,Control12,Control13,Control15,Control16,Control17
991,158511,128239,3833,112937,9133,9212;Control1,Control2,Control3,Control4,Control5,Control6,Control7,Control8,Control9,Control10,Control11,Control12,Control13,Control16,Control17
11004,57405,991,259266,1063,6241,55355,9232,4288,113130,9787,9133,79801,9212,332;Control1,Control2,Control3,Control4,Control5,Control6,Control8,Control9,Control10,Control11,Control12,Control13,Control15,Control16,Control17
11004,64151,259266,1063,6241,57405,55355,9787,100507118,79801,332,24137;Control1,Control2,Control3,Control4,Control5,Control6,Control8,Control9,Control10,Control11,Control12,Control13,Control15,Control16,Control17
11004,100292680;Control1,Control2,Control4,Control5,Control6,Control7,Control8,Control9,Control10,Control11,Control12,Control13,Control15,Control16,Control17
11004,10024,991,128239,259266,9232,4288,113130,9133,9212,10615;Control1,Control2,Control3,Control4,Control5,Control6,Control8,Control9,Control10,Control11,Control12,Control13,Control15,Control16,Control17
11004,221150,991,128239,259266,1063,6241,55355,4288,113130,9787,79801,9212,220134,24137;Control1,Control2,Control3,Control4,Control5,Control6,Control8,Control9,Control10,Control11,Control12,Control13,Control15,Control16,Control17
11004,122042;Control1,Control2,Control3,Control4,Control5,Control6,Control7,Control8,Control9,Control10,Control11,Control12,Control13,Control15,Control16
11004,9768,57405,64151,332,24137;Control1,Control2,Control3,Control4,Control5,Control6,Control8,Control9,Control10,Control11,Control12,Control13,Control15,Control16,Control17
11004,100507118,991,259266,1063,6241,57405,55355,9232,113130,9787,9133,79801,9212,332;Control1,Control2,Control3,Control4,Control5,Control6,Control8,Control9,Control10,Control11,Control12,Control13,Control15,Control16,Control17
11004,10615,991,128239,259266,55355,9232,4288,113130,9133,9212;Control1,Control2,Control3,Control4,Control5,Control6,Control8,Control9,Control10,Control11,Control12,Control13,Control15,Control16,Control17
11004,29128,259266,1063,6241,57405,55355,64151,9787,100507118,79801,220134,24137;Control1,Control2,Control3,Control4,Control5,Control6,Control8,Control9,Control10,Control11,Control12,Control13,Control15,Control16,Control17
11004,11065,991,55355,4288,113130,221150,9787,220134;Control1,Control2,Control3,Control4,Control5,Control6,Control8,Control9,Control10,Control11,Control12,Control13,Control15,Control16,Control17
11004,24137,991,128239,259266,1063,6241,55355,995,4288,113130,9787,9133,79801,9212,332;Control1,Control2,Control3,Control4,Control5,Control6,Control8,Control9,Control10,Control11,Control12,Control13,Control15,Control16,Control17
2301,8355;Control1,Control2,Control3,Control4,Control5,Control6,Control7,Control8,Control9,Control10,Control11,Control12,Control15,Control16,Control17
2301,284266;Control1,Control2,Control3,Control4,Control5,Control6,Control7,Control8,Control9,Control11,Control12,Control13,Control15,Control16,Control17
5865,477,6716,3580,3512,1047,166979,4544,594855;Control1,Control2,Control3,Control4,Control5,Control6,Control7,Control9,Control10,Control11,Control12,Control13,Control15,Control16,Control17
5865,105372950,84561,646024,105376041,3229,387895,55655,3053;Control1,Control2,Control3,Control4,Control6,Control7,Control8,Control9,Control10,Control11,Control12,Control13,Control15,Control16,Control17
5865,6716,3580,3512,1047,166979,4544,594855;Control1,Control2,Control3,Control4,Control5,Control6,Control7,Control8,Control9,Control10,Control11,Control12,Control13,Control15,Control16,Control17
5865,9378,166979,219527,4544;Control1,Control2,Control3,Control4,Control5,Control6,Control7,Control8,Control9,Control10,Control11,Control12,Control13,Control15,Control16,Control17
5865,28946,6716,3580,3512,1047,166979,101927686,4544,6345,105371152;Control1,Control2,Control3,Control4,Control5,Control6,Control7,Control8,Control9,Control11,Control12,Control13,Control15,Control16,Control17
5865,112714,6716,166979,4544;Control1,Control2,Control3,Control4,Control5,Control6,Control7,Control8,Control9,Control10,Control12,Control13,Control15,Control16,Control17
5865,5798,6534,11075,100533990,109729169;Control1,Control2,Control3,Control4,Control6,Control7,Control8,Control9,Control10,Control11,Control12,Control13,Control15,Control16,Control17
5865,646951,6716,3512,1047,166979,4544,594855;Control1,Control3,Control4,Control5,Control6,Control7,Control8,Control9,Control10,Control11,Control12,Control13,Control15,Control16,Control17
5865,2250,646024,105376041,3229,387895,55655,3053,109729169;Control1,Control2,Control3,Control4,Control6,Control7,Control8,Control9,Control10,Control11,Control12,Control13,Control15,Control16,Control17
5865,105377508,646024,105376041,3229,387895,55655,3053,109729169;Control1,Control2,Control3,Control4,Control6,Control7,Control8,Control9,Control10,Control11,Control12,Control13,Control15,Control16,Control17
5865,101927686,6716,3580,1047,166979,219527,4544,594855,6345;Control1,Control2,Control3,Control4,Control5,Control6,Control7,Control8,Control9,Control10,Control11,Control12,Control13,Control15,Control16,Control17
5865,9312,6716,3580,1047,166979,101927686,4544,6345;Control1,Control2,Control4,Control5,Control6,Control7,Control8,Control9,Control10,Control11,Control12,Control13,Control15,Control16,Control17
5865,364,6716,3580,1047,166979,219527,4544,594855,6345;Control1,Control2,Control3,Control4,Control5,Control7,Control8,Control9,Control10,Control11,Control12,Control13,Control15,Control16,Control17
5865,116173,6716,1047,166979,101927686,219527,4544,594855,6345;Control1,Control2,Control3,Control4,Control5,Control6,Control7,Control8,Control9,Control10,Control11,Control12,Control13,Control15,Control16,Control17
5865,3502,6716,28946,3580,3512,1047,166979,4544,594855,6345,28809;Control1,Control2,Control3,Control4,Control5,Control6,Control7,Control8,Control9,Control11,Control12,Control13,Control15,Control16,Control17
5865,7681,6716,3580,3512,1047,166979,4544,594855,107985436;Control1,Control2,Control3,Control4,Control5,Control6,Control8,Control9,Control10,Control11,Control12,Control13,Control15,Control16,Control17
5865,105370960,6716,166979,219527,4544,105371152;Control1,Control2,Control3,Control4,Control5,Control6,Control7,Control8,Control9,Control11,Control12,Control13,Control15,Control16,Control17
5865,6860,6716,1047,166979,219527,4544,6345,107985513;Control2,Control3,Control4,Control5,Control6,Control7,Control8,Control9,Control10,Control11,Control12,Control13,Control15,Control16,Control17
5865,107985513,6716,3580,1047,166979,219527,4544,6345;Control2,Control3,Control4,Control5,Control6,Control7,Control8,Control9,Control10,Control11,Control12,Control13,Control15,Control16,Control17
5865,26150,6716,1047,166979,101927686,219527,4544,116173,6345;Control1,Control2,Control3,Control4,Control5,Control6,Control7,Control8,Control9,Control10,Control12,Control13,Control15,Control16,Control17
51361,653149,105374166,23286,340273,158228,143662,79056,100506411,654499,54101;Control1,Control2,Control3,Control4,Control5,Control6,Control7,Control8,Control9,Control10,Control11,Control12,Control13,Control15,Control16,Control17
51361,2019,100996301,81849,23286,340273,100289137,253650,158228,143662,6495,100506411,654499,101927355,107985492,54101,2277;Control1,Control2,Control3,Control4,Control5,Control6,Control7,Control8,Control9,Control11,Control12,Control13,Control15,Control16,Control17
51361,3239,105374166,3135,340273,158228,143662,79056,100506411,654499,54101;Control1,Control2,Control4,Control5,Control6,Control7,Control8,Control9,Control10,Control11,Control12,Control13,Control15,Control16,Control17
51361,105374166,100996301,81849,23286,340273,100289137,253650,158228,112268037,143662,79056,6495,100506411,654499,970,101927355,107985492,54101,2277;Control1,Control2,Control3,Control4,Control5,Control6,Control7,Control8,Control9,Control10,Control11,Control12,Control13,Control15,Control16,Control17
51361,10309,57451,340273,158228,143662,6495,654499,54101;Control1,Control2,Control3,Control4,Control5,Control6,Control7,Control8,Control9,Control10,Control11,Control12,Control13,Control15,Control16,Control17
51361,107986606,100996301,81849,5133,105374166,23286,340273,100289137,253650,158228,112268037,143662,79056,6495,100506411,654499,101927355,107985492,54101;Control1,Control2,Control3,Control4,Control5,Control6,Control7,Control8,Control10,Control11,Control12,Control13,Control15,Control16,Control17
51361,245972,100996301,81849,23286,340273,100289137,158228,143662,6495,100506411,654499,970,101927355,54101,2277;Control1,Control2,Control3,Control4,Control5,Control6,Control7,Control8,Control9,Control10,Control11,Control12,Control13,Control15,Control16,Control17
51361,105375674,100996301,81849,23286,340273,253650,158228,100506411,654499,101927355,107985492,54101;Control1,Control2,Control3,Control4,Control5,Control6,Control7,Control8,Control9,Control10,Control11,Control12,Control15,Control16,Control17
51361,105375690,100996301,81849,100505994,23286,340273,245972,100289137,253650,158228,143662,6495,100506411,654499,970,101927355,107985492,54101,2277;Control1,Control2,Control3,Control4,Control5,Control6,Control7,Control8,Control9,Control10,Control11,Control12,Control13,Control16,Control17
51361,9355,100996301,81849,105374166,23286,340273,100289137,253650,158228,112268037,143662,79056,6495,100506411,654499,9388,101927355,107985492,54101,2277;Control1,Control2,Control3,Control4,Control5,Control6,Control8,Control9,Control10,Control11,Control12,Control13,Control15,Control16,Control17
51361,10993,100996301,81849,105374166,253650,112268037,100506411,970,101927355,107985492;Control1,Control2,Control3,Control4,Control5,Control6,Control7,Control8,Control9,Control10,Control11,Control13,Control15,Control16,Control17
51361,7546,3352,100996301,81849,23286,340273,245972,100289137,158228,143662,6495,100506411,654499,366,970,101927355,54101,2277;Control2,Control3,Control4,Control5,Control6,Control7,Control8,Control9,Control10,Control11,Control12,Control13,Control15,Control16,Control17
51361,22974,23286,340273,158228,6495,100506411,654499,54101;Control1,Control2,Control3,Control4,Control5,Control6,Control7,Control8,Control9,Control10,Control11,Control12,Control13,Control15,Control16
100996301,101928152;Control1,Control2,Control3,Control5,Control6,Control7,Control8,Control9,Control10,Control11,Control12,Control13,Control15,Control16,Control17
100996301,84561,100505994,646024,105376041,3229,387895,55655,107985492,3053;Control1,Control2,Control3,Control5,Control6,Control7,Control8,Control9,Control10,Control11,Control12,Control13,Control15,Control16,Control17
100996301,57451,51361,105374166,10309,23286,340273,100289137,253650,158228,143662,79056,6495,100506411,654499,970,101927355,107985492,54101,2277;Control1,Control2,Control4,Control5,Control6,Control7,Control8,Control9,Control10,Control11,Control12,Control13,Control15,Control16,Control17
100996301,3135,3352,51361,81849,100505994,340273,253650,158228,143662,79056,6495,100506411,654499,970,101927355,107985492,54101;Control1,Control2,Control3,Control4,Control5,Control6,Control7,Control8,Control9,Control10,Control11,Control12,Control13,Control16,Control17
100996301,105375690,81849,101101772,107985492;Control1,Control2,Control3,Control4,Control5,Control6,Control7,Control8,Control9,Control10,Control11,Control12,Control13,Control15,Control16,Control17
100996301,4257,3352,81849,245972;Control1,Control2,Control3,Control4,Control5,Control6,Control7,Control8,Control9,Control10,Control11,Control12,Control13,Control15,Control16
100996301,9388,81849,105374166,253650,112268037,100506411,101927355,107985492,2277;Control1,Control2,Control3,Control4,Control5,Control6,Control7,Control8,Control9,Control10,Control11,Control12,Control13,Control15,Control16,Control17
100996301,3053,81849;Control1,Control2,Control3,Control5,Control6,Control7,Control8,Control9,Control10,Control11,Control12,Control13,Control15,Control16,Control17
100996301,109729169,100505994,646024,105376041,387895,55655,107985492,3053;Control1,Control2,Control3,Control5,Control6,Control7,Control8,Control9,Control10,Control11,Control12,Control13,Control15,Control16,Control17
55635,653820,9928,4751,4085,55247,3161,54443,100288637;Control2,Control3,Control4,Control5,Control6,Control7,Control8,Control9,Control10,Control11,Control12,Control13,Control15,Control16,Control17
55635,554282;Control1,Control2,Control3,Control5,Control6,Control7,Control8,Control9,Control10,Control11,Control12,Control13,Control15,Control16,Control17
55635,728833;Control2,Control3,Control4,Control5,Control6,Control7,Control8,Control9,Control10,Control11,Control12,Control13,Control15,Control16,Control17
55635,9928,4751,4085,55247,3161,54443,100288637,7153;Control1,Control2,Control3,Control4,Control5,Control6,Control7,Control8,Control9,Control10,Control11,Control12,Control13,Control15,Control16,Control17
55635,6241,9928,4751,23397,3161,54443,55872,983,55165,221150,51203,7153,29128,24137;Control1,Control2,Control3,Control4,Control5,Control6,Control7,Control8,Control9,Control10,Control11,Control12,Control13,Control15,Control16
55635,23397,4751,55247,3161,54443,55872,983,3832,55165,51203,7153,29128,24137;Control1,Control2,Control3,Control4,Control5,Control6,Control7,Control8,Control9,Control10,Control11,Control12,Control13,Control15,Control16,Control17
55635,699,9928,4751,23397,10721,55247,3161,55872,55165,100288637,51203,7153,29128;Control1,Control2,Control3,Control5,Control6,Control7,Control8,Control9,Control10,Control11,Control12,Control13,Control15,Control16,Control17
55635,7272,23397,10721,55247,3161,55165,100288637,7153,29128;Control1,Control2,Control3,Control4,Control5,Control7,Control8,Control9,Control10,Control11,Control12,Control13,Control15,Control16,Control17
55635,2845,4751,23397,10721,55247,7272,983,3832,7153;Control1,Control3,Control4,Control5,Control6,Control7,Control8,Control9,Control10,Control11,Control12,Control13,Control15,Control16,Control17
55635,55872,9928,4751,55247,3161,54443,55165,100288637,7153,29128;Control1,Control2,Control3,Control4,Control5,Control6,Control7,Control8,Control9,Control10,Control11,Control12,Control13,Control15,Control16,Control17
55635,9833,6241,23397,3161,54443,55872,983,55165,51203,7153,29128,24137;Control1,Control2,Control3,Control4,Control5,Control7,Control8,Control9,Control10,Control11,Control12,Control13,Control15,Control16,Control17
55635,55388,4751,23397,55247,3161,983,3832,55165,100288637,51203,7153,29128;Control1,Control2,Control3,Control4,Control5,Control6,Control7,Control8,Control9,Control10,Control12,Control13,Control15,Control16,Control17
55635,11130,4751,23397,699,10721,55247,3161,55872,983,3832,55165,51203,7153,29128;Control1,Control2,Control3,Control5,Control6,Control7,Control8,Control9,Control10,Control11,Control12,Control13,Control15,Control16,Control17
55635,144455,9928,100288637,7153,29128;Control1,Control2,Control3,Control4,Control5,Control6,Control7,Control9,Control10,Control11,Control12,Control13,Control15,Control16,Control17
55635,9824,4751,55247,3161,54443,55872,983,3832,55165,51203,7153;Control1,Control2,Control3,Control4,Control5,Control6,Control7,Control8,Control9,Control10,Control11,Control12,Control13,Control15,Control16,Control17
55635,701;Control2,Control3,Control4,Control5,Control6,Control7,Control8,Control9,Control10,Control11,Control12,Control13,Control15,Control16,Control17
55635,51203,9928,4751,55247,3161,54443,55872,55165,7153,29128;Control1,Control2,Control3,Control4,Control5,Control6,Control7,Control8,Control9,Control10,Control11,Control12,Control13,Control15,Control16,Control17
55635,9768,23397,10721,55165,7153,29128;Control1,Control2,Control3,Control4,Control5,Control7,Control8,Control9,Control10,Control11,Control12,Control13,Control15,Control16,Control17
55635,9493,4751,23397,55247,3161,54443,55872,983,3832,55165,9824,51203,7153,29128;Control1,Control2,Control4,Control5,Control6,Control7,Control8,Control9,Control10,Control11,Control12,Control13,Control15,Control16,Control17
55635,9055,9928,4751,55247,3161,54443,55872,55165,100288637,7153,29128;Control1,Control2,Control3,Control4,Control5,Control6,Control7,Control9,Control10,Control11,Control12,Control13,Control15,Control16,Control17
55635,100507118,4751,23397,55247,3161,54443,55872,983,55165,51203,9055,7153,29128;Control1,Control2,Control3,Control4,Control5,Control6,Control7,Control9,Control10,Control11,Control12,Control13,Control15,Control16,Control17
55635,83903,4751,55247,3161,54443,55872,983,3832,55165,9824,51203,9055,7153;Control1,Control2,Control3,Control4,Control5,Control6,Control7,Control9,Control10,Control11,Control12,Control13,Control15,Control16,Control17
55635,54478,3832;Control1,Control2,Control3,Control4,Control5,Control6,Control7,Control8,Control9,Control10,Control11,Control12,Control13,Control15,Control16,Control17
81849,554202,5100;Control1,Control2,Control3,Control5,Control6,Control7,Control8,Control9,Control10,Control11,Control12,Control13,Control15,Control16,Control17
26289,9076,101928658,168002,4318,109729184;Control1,Control2,Control3,Control4,Control5,Control6,Control7,Control8,Control9,Control10,Control11,Control12,Control13,Control15,Control16
26289,131578;Control1,Control2,Control3,Control4,Control5,Control6,Control7,Control8,Control9,Control10,Control11,Control13,Control15,Control16,Control17
26289,112268460;Control1,Control2,Control3,Control4,Control5,Control6,Control8,Control9,Control10,Control11,Control12,Control13,Control15,Control16,Control17
26289,101928658,168002,4318,109729184;Control1,Control2,Control3,Control4,Control5,Control6,Control7,Control8,Control9,Control10,Control11,Control12,Control13,Control15,Control16,Control17
26289,64094,101928658,107986951;Control1,Control2,Control3,Control4,Control5,Control6,Control7,Control8,Control9,Control10,Control11,Control12,Control13,Control15,Control16
26289,63898,4318,109729184;Control1,Control2,Control3,Control4,Control5,Control6,Control7,Control8,Control9,Control10,Control11,Control12,Control13,Control15,Control16,Control17
26289,89958,101928658,4605;Control1,Control2,Control3,Control4,Control5,Control6,Control8,Control9,Control10,Control11,Control12,Control13,Control15,Control16,Control17
26289,105378305,168002,4318,109729184;Control1,Control2,Control3,Control4,Control5,Control7,Control8,Control9,Control10,Control11,Control12,Control13,Control15,Control16,Control17
26289,120939,168002,4318,109729184;Control1,Control3,Control4,Control5,Control6,Control7,Control8,Control9,Control10,Control11,Control12,Control13,Control15,Control16,Control17
26289,10024;Control1,Control2,Control3,Control4,Control5,Control6,Control7,Control8,Control9,Control10,Control11,Control13,Control15,Control16,Control17
26289,176,349408;Control1,Control2,Control3,Control4,Control5,Control6,Control7,Control8,Control9,Control10,Control11,Control12,Control13,Control15,Control17
26289,79191,168002,105378305,4318,109729184,7477,349408;Control1,Control2,Control3,Control4,Control5,Control6,Control7,Control8,Control9,Control10,Control11,Control12,Control13,Control15,Control16
26289,4166;Control1,Control2,Control3,Control4,Control5,Control6,Control7,Control8,Control9,Control11,Control12,Control13,Control15,Control16,Control17
26289,7477,374946,5798,57167;Control1,Control2,Control3,Control4,Control5,Control6,Control7,Control8,Control9,Control10,Control11,Control12,Control13,Control15,Control16
26289,349408,168002;Control1,Control2,Control3,Control4,Control5,Control6,Control7,Control8,Control9,Control10,Control11,Control12,Control13,Control15,Control16,Control17
23566,55240;Control1,Control2,Control4,Control5,Control6,Control7,Control8,Control9,Control10,Control11,Control12,Control13,Control15,Control16,Control17
23566,105377123,83648;Control1,Control2,Control3,Control4,Control5,Control6,Control7,Control8,Control9,Control11,Control12,Control13,Control15,Control16,Control17
23566,83648,107984763;Control1,Control2,Control3,Control4,Control5,Control6,Control7,Control8,Control9,Control10,Control11,Control12,Control13,Control15,Control16,Control17
23566,3856;Control1,Control2,Control3,Control4,Control5,Control6,Control7,Control8,Control9,Control10,Control11,Control12,Control13,Control15,Control16
23566,9628,53820;Control1,Control2,Control3,Control4,Control5,Control6,Control7,Control8,Control9,Control10,Control11,Control12,Control13,Control15,Control16,Control17
23566,89858,107984763;Control1,Control2,Control3,Control4,Control5,Control6,Control7,Control8,Control9,Control10,Control11,Control12,Control15,Control16,Control17
23566,111216286,9628,107984763,53820;Control1,Control2,Control3,Control4,Control5,Control6,Control7,Control8,Control9,Control10,Control11,Control12,Control13,Control15,Control16
115362,101928202,100506827,4283,10537,100506655,23532;Control1,Control2,Control3,Control4,Control5,Control6,Control7,Control8,Control9,Control10,Control12,Control13,Control15,Control16,Control17
115362,729533;Control1,Control3,Control4,Control5,Control6,Control7,Control8,Control9,Control10,Control11,Control12,Control13,Control15,Control16,Control17
115362,6664,100506827,27299,2625,387978,100506655;Control2,Control3,Control4,Control5,Control6,Control7,Control8,Control9,Control10,Control11,Control12,Control13,Control15,Control16,Control17
115362,29851,100506827,3627,10537;Control1,Control2,Control3,Control5,Control6,Control7,Control8,Control9,Control10,Control11,Control12,Control13,Control15,Control16,Control17
115362,3580,100506827,3627,10537,100506655,23532;Control1,Control2,Control3,Control4,Control6,Control7,Control8,Control9,Control10,Control11,Control12,Control13,Control15,Control16,Control17
115362,50852;Control1,Control2,Control3,Control5,Control6,Control7,Control8,Control9,Control10,Control11,Control12,Control13,Control15,Control16,Control17
115362,100506827,4283,10537,100506655,23532;Control1,Control2,Control3,Control4,Control5,Control6,Control7,Control8,Control9,Control10,Control11,Control12,Control13,Control15,Control16,Control17
115362,3627,100506827,10537,100506655,23532;Control1,Control2,Control3,Control4,Control5,Control6,Control7,Control8,Control9,Control10,Control11,Control12,Control13,Control15,Control16,Control17
115362,4547,6664,4283,3627,10537,27299,2625,387978,100506655,23532;Control2,Control3,Control4,Control5,Control6,Control7,Control8,Control9,Control10,Control11,Control12,Control13,Control15,Control16,Control17
115362,7180,100506827,3627,10537,100506655,23532;Control1,Control2,Control3,Control4,Control5,Control6,Control7,Control8,Control9,Control10,Control11,Control12,Control15,Control16,Control17
115362,85479;Control2,Control3,Control4,Control5,Control6,Control7,Control8,Control9,Control10,Control11,Control12,Control13,Control15,Control16,Control17
115362,101927760,100506827;Control1,Control2,Control3,Control4,Control5,Control6,Control7,Control8,Control9,Control10,Control11,Control12,Control15,Control16,Control17
115362,701,4283,100506655,23532;Control1,Control2,Control3,Control4,Control5,Control6,Control7,Control8,Control9,Control10,Control11,Control12,Control13,Control15,Control16,Control17
115362,105371275,100506827,3627;Control1,Control2,Control3,Control4,Control5,Control6,Control7,Control8,Control9,Control10,Control11,Control13,Control15,Control16,Control17
115362,339256,100506827,4283,10537,100506655,147741,23532;Control1,Control2,Control3,Control4,Control5,Control6,Control7,Control8,Control10,Control11,Control12,Control13,Control15,Control16,Control17
115362,102606463,4283,3627,10537,100506655,339256,147741,23532;Control1,Control2,Control3,Control4,Control5,Control6,Control7,Control8,Control10,Control11,Control12,Control13,Control15,Control16,Control17
115362,55423;Control1,Control2,Control3,Control4,Control5,Control6,Control7,Control8,Control9,Control10,Control11,Control12,Control13,Control15,Control16,Control17
115362,113730,10537,23532;Control1,Control2,Control3,Control4,Control5,Control6,Control7,Control8,Control9,Control10,Control11,Control12,Control13,Control15,Control16,Control17
1301,574414,574029,101927750,105375622,2834;Control1,Control2,Control3,Control4,Control5,Control6,Control7,Control8,Control9,Control10,Control11,Control12,Control13,Control15,Control16,Control17
1301,105371664,574414,101927750,112937;Control1,Control2,Control3,Control4,Control5,Control6,Control7,Control8,Control9,Control10,Control11,Control12,Control13,Control15,Control16
1301,731220,554202;Control1,Control2,Control3,Control4,Control5,Control6,Control7,Control8,Control9,Control10,Control11,Control12,Control13,Control15,Control17
1301,56300,100652791;Control1,Control2,Control3,Control4,Control5,Control6,Control7,Control8,Control9,Control10,Control11,Control12,Control13,Control15,Control16,Control17
1301,6332,574414,574029,107986951,2834;Control1,Control2,Control3,Control4,Control5,Control6,Control8,Control9,Control10,Control11,Control12,Control13,Control15,Control16,Control17
1301,131578;Control1,Control2,Control3,Control4,Control5,Control6,Control7,Control8,Control9,Control10,Control11,Control12,Control13,Control15,Control16
1301,1404,574414,574029,101927750,105375622,2834;Control1,Control2,Control3,Control4,Control5,Control7,Control8,Control9,Control10,Control11,Control12,Control13,Control15,Control16,Control17
1301,860,6332,100652791;Control1,Control2,Control3,Control4,Control5,Control6,Control7,Control8,Control9,Control10,Control11,Control12,Control13,Control15,Control17
1301,64094,574029,100652791,107986951;Control1,Control2,Control3,Control4,Control5,Control6,Control7,Control8,Control9,Control10,Control11,Control13,Control15,Control16,Control17
1301,107986951,574029,2834;Control1,Control2,Control3,Control4,Control5,Control6,Control7,Control8,Control9,Control10,Control11,Control12,Control13,Control15,Control16,Control17
1301,6865,574414,574029,101927750,2834;Control1,Control2,Control3,Control4,Control5,Control6,Control7,Control9,Control10,Control11,Control12,Control13,Control15,Control16,Control17
1301,1813,574414,574029,101927750,105375622,2834;Control1,Control2,Control3,Control4,Control5,Control6,Control7,Control8,Control9,Control10,Control12,Control13,Control15,Control16,Control17
1301,3229,574414,101927750,56300,4496;Control1,Control2,Control3,Control4,Control5,Control6,Control7,Control8,Control9,Control10,Control11,Control12,Control13,Control16,Control17
1301,5101,860,100652791,554202;Control1,Control2,Control3,Control4,Control5,Control6,Control7,Control8,Control9,Control10,Control11,Control12,Control13,Control15,Control17
1301,654499,574414,574029,101927750,2834;Control1,Control2,Control3,Control5,Control6,Control7,Control8,Control9,Control10,Control11,Control12,Control13,Control15,Control16,Control17
1301,84419;Control1,Control2,Control3,Control4,Control5,Control6,Control7,Control8,Control9,Control10,Control11,Control12,Control13,Control15,Control17
1301,100126311,56300,100652791;Control1,Control2,Control3,Control4,Control5,Control6,Control7,Control8,Control9,Control11,Control12,Control13,Control15,Control16,Control17
1301,4496,574414,574029,101927750,56300,105375622,2834;Control1,Control2,Control3,Control4,Control5,Control6,Control7,Control8,Control9,Control10,Control11,Control12,Control13,Control16,Control17
1301,27091,56300;Control1,Control2,Control3,Control4,Control5,Control6,Control7,Control9,Control10,Control11,Control12,Control13,Control15,Control16,Control17
1301,400618,574414,574029,2834,112937,110806280;Control1,Control2,Control3,Control4,Control5,Control6,Control7,Control8,Control9,Control10,Control11,Control12,Control13,Control15,Control16
1301,9388;Control1,Control2,Control3,Control4,Control5,Control6,Control7,Control8,Control9,Control10,Control11,Control12,Control13,Control15,Control17
1301,110806280,574414,574029,101927750,105375622,112937;Control1,Control2,Control3,Control4,Control5,Control6,Control7,Control8,Control9,Control10,Control11,Control12,Control13,Control15,Control16
1301,5354,574414,574029,2834;Control1,Control3,Control4,Control5,Control6,Control7,Control8,Control9,Control10,Control11,Control12,Control13,Control15,Control16,Control17
653149,29851,51361,105374166,23286,340273,158228,143662,79056,6495,100506411,654499,54101;Control1,Control2,Control3,Control4,Control5,Control6,Control7,Control8,Control10,Control11,Control12,Control13,Control15,Control16,Control17
653149,152225;Control1,Control2,Control3,Control4,Control6,Control7,Control8,Control9,Control10,Control11,Control12,Control13,Control15,Control16,Control17
653149,134285,79056,105371927;Control1,Control2,Control3,Control4,Control5,Control6,Control7,Control8,Control9,Control11,Control12,Control13,Control15,Control16,Control17
653149,100505994,51361,105374166,23286,340273,158228,112268037,143662,79056,100506411,654499,107985492,54101;Control1,Control2,Control3,Control4,Control5,Control6,Control7,Control8,Control9,Control10,Control11,Control12,Control13,Control16,Control17
653149,3135,51361,105374166,340273,158228,143662,79056,100506411,654499,54101;Control1,Control2,Control3,Control4,Control5,Control6,Control7,Control8,Control9,Control10,Control11,Control12,Control13,Control15,Control16,Control17
653149,101927686,3352,51361,23286,340273,158228,143662,79056,100506411,654499,54101;Control1,Control2,Control3,Control4,Control6,Control7,Control8,Control9,Control10,Control11,Control12,Control13,Control15,Control16,Control17
653149,253650,51361,100996301,105374166,23286,340273,100289137,158228,112268037,143662,79056,6495,100506411,654499,970,101927355,107985492,54101,2277;Control1,Control3,Control4,Control5,Control6,Control7,Control8,Control9,Control10,Control11,Control12,Control13,Control15,Control16,Control17
653149,7546,51361,105374166,23286,340273,158228,143662,79056,100506411,654499,54101;Control2,Control3,Control4,Control5,Control6,Control7,Control8,Control9,Control10,Control11,Control12,Control13,Control15,Control16,Control17
653149,161291,51361,105374166,23286,340273,158228,143662,79056,6495,100506411,654499,54101;Control1,Control2,Control4,Control5,Control6,Control7,Control8,Control9,Control10,Control11,Control12,Control13,Control15,Control16,Control17
653820,728833;Control1,Control2,Control3,Control4,Control5,Control6,Control7,Control8,Control9,Control10,Control12,Control13,Control15,Control16,Control17
653820,9928,56992,10721,55247,3161;Control1,Control2,Control3,Control5,Control6,Control7,Control8,Control9,Control10,Control11,Control12,Control13,Control15,Control16,Control17
653820,729533;Control1,Control2,Control3,Control4,Control5,Control6,Control7,Control8,Control9,Control10,Control11,Control12,Control13,Control15,Control16,Control17
653820,23397,55635,4751,4085,55247,3161,54443,100288637;Control2,Control3,Control4,Control5,Control6,Control7,Control8,Control9,Control10,Control11,Control12,Control13,Control15,Control16,Control17
653820,10721,4085,55247;Control1,Control2,Control3,Control4,Control5,Control6,Control7,Control8,Control9,Control10,Control11,Control12,Control13,Control15,Control16,Control17
653820,1062,4085,55247;Control1,Control2,Control3,Control4,Control6,Control7,Control8,Control9,Control10,Control11,Control12,Control13,Control15,Control16,Control17
653820,3161,9928,10721,4085,55247;Control1,Control2,Control3,Control4,Control5,Control7,Control8,Control9,Control10,Control11,Control12,Control13,Control15,Control16,Control17
653820,2845,10721,4085;Control1,Control3,Control4,Control5,Control6,Control7,Control8,Control9,Control10,Control11,Control12,Control13,Control15,Control16,Control17
653820,11130,4751,23397,3161,100288637;Control2,Control3,Control4,Control5,Control6,Control7,Control8,Control9,Control10,Control11,Control12,Control13,Control15,Control16,Control17
653820,100288637,9928,10721,4085,55247;Control1,Control2,Control3,Control4,Control5,Control6,Control7,Control8,Control9,Control11,Control12,Control13,Control15,Control16,Control17
653820,54478;Control1,Control2,Control3,Control5,Control6,Control7,Control8,Control9,Control10,Control11,Control12,Control13,Control15,Control16,Control17
554282,10721,11130;Control1,Control2,Control3,Control4,Control5,Control7,Control8,Control9,Control10,Control11,Control12,Control13,Control15,Control16,Control17
554282,9496;Control1,Control2,Control3,Control4,Control5,Control6,Control7,Control9,Control10,Control11,Control12,Control13,Control15,Control16,Control17
728833,83540;Control1,Control2,Control3,Control4,Control5,Control6,Control7,Control8,Control9,Control10,Control11,Control12,Control13,Control15,Control16
728833,9928,100288637,7153;Control1,Control2,Control3,Control4,Control5,Control7,Control8,Control9,Control10,Control11,Control12,Control13,Control15,Control16,Control17
728833,56992;Control1,Control2,Control3,Control4,Control5,Control6,Control7,Control8,Control9,Control10,Control11,Control12,Control13,Control15,Control16
728833,10643;Control1,Control2,Control3,Control4,Control5,Control6,Control8,Control9,Control10,Control11,Control12,Control13,Control15,Control16,Control17
728833,144455;Control2,Control3,Control4,Control5,Control6,Control7,Control8,Control9,Control10,Control11,Control12,Control13,Control15,Control16,Control17
728833,57082,9928,7153;Control1,Control2,Control3,Control4,Control5,Control7,Control8,Control9,Control10,Control11,Control12,Control13,Control15,Control16,Control17
574414,81607,6690,112802;Control1,Control2,Control3,Control4,Control5,Control6,Control7,Control8,Control9,Control10,Control11,Control12,Control13,Control15,Control17
574414,8329,3881;Control1,Control2,Control3,Control4,Control5,Control6,Control7,Control8,Control9,Control10,Control11,Control12,Control13,Control15,Control17
574414,107986951,1301,574029,105375622,2834;Control1,Control2,Control3,Control4,Control5,Control6,Control7,Control8,Control9,Control10,Control11,Control13,Control15,Control16,Control17
574414,3881,6690,112802;Control1,Control2,Control3,Control4,Control5,Control6,Control7,Control8,Control9,Control10,Control11,Control12,Control13,Control15,Control17
6273,3914,11075,103689845;Control1,Control2,Control3,Control4,Control5,Control6,Control7,Control8,Control9,Control10,Control11,Control12,Control15,Control16,Control17
6273,3754,105375027,101927760,102724784,338667,338797;Control1,Control2,Control3,Control4,Control5,Control6,Control7,Control8,Control9,Control10,Control11,Control12,Control13,Control15,Control16,Control17
6273,100379220,105375027,102724784,338667,338797,3881;Control1,Control2,Control3,Control4,Control5,Control6,Control7,Control8,Control9,Control10,Control11,Control13,Control15,Control16,Control17
6273,8352,8355,105375027,101927760,338667,53820;Control1,Control2,Control3,Control4,Control5,Control6,Control7,Control8,Control9,Control10,Control11,Control12,Control13,Control15,Control16,Control17
6273,105375674,3754,105375027,101927760,102724784,338667;Control1,Control2,Control3,Control5,Control6,Control7,Control8,Control9,Control10,Control11,Control12,Control13,Control15,Control16,Control17
6273,103689845;Control1,Control2,Control3,Control4,Control5,Control6,Control7,Control8,Control9,Control10,Control11,Control12,Control13,Control15,Control16,Control17
6273,9628,8355,101927760,338667,53820,111216286;Control1,Control2,Control3,Control4,Control5,Control7,Control8,Control9,Control10,Control11,Control12,Control13,Control15,Control16,Control17
6273,105371050,3754,105375027,101927760,338667,338797;Control1,Control2,Control3,Control4,Control5,Control6,Control7,Control8,Control9,Control10,Control11,Control12,Control13,Control15,Control16,Control17
6273,3881,105375027,101927760,102724784,338667,338797;Control1,Control2,Control3,Control4,Control5,Control6,Control7,Control8,Control9,Control10,Control11,Control12,Control13,Control15,Control16,Control17
6273,111216286,8355,105375027,101927760,338667,338797;Control1,Control2,Control3,Control4,Control5,Control6,Control7,Control8,Control9,Control10,Control11,Control12,Control13,Control15,Control16,Control17
6273,3053,11075,103689845,109729169;Control1,Control2,Control3,Control4,Control5,Control6,Control7,Control8,Control9,Control10,Control11,Control12,Control15,Control16,Control17
6273,107985627,3754,105375027,101927760,102724784,338667;Control1,Control2,Control3,Control4,Control5,Control6,Control7,Control8,Control9,Control10,Control11,Control12,Control13,Control15,Control16,Control17
128239,83540,6241,55355,3833,221150,79801,220134,24137;Control2,Control3,Control4,Control5,Control6,Control7,Control8,Control9,Control10,Control11,Control12,Control13,Control15,Control16,Control17
128239,105371664,4288,112937,220134;Control1,Control2,Control3,Control4,Control5,Control6,Control7,Control8,Control10,Control11,Control12,Control13,Control15,Control16,Control17
128239,56300,2834,112937;Control1,Control2,Control3,Control4,Control5,Control6,Control7,Control8,Control9,Control10,Control11,Control12,Control13,Control15,Control16
128239,57405,991,259266,1063,6241,55355,9232,4288,113130,9787,9133,79801,9212,146909,332,24137;Control1,Control2,Control3,Control4,Control5,Control6,Control7,Control8,Control9,Control10,Control11,Control12,Control15,Control16,Control17
128239,131578,4288,112937;Control1,Control2,Control3,Control4,Control5,Control6,Control8,Control9,Control10,Control11,Control12,Control13,Control15,Control16,Control17
128239,10874,55355,4288,220134;Control1,Control2,Control3,Control4,Control5,Control6,Control7,Control8,Control9,Control10,Control11,Control12,Control15,Control16,Control17
128239,253582,105371664,112937;Control1,Control2,Control3,Control5,Control6,Control7,Control8,Control9,Control10,Control11,Control12,Control13,Control15,Control16,Control17
128239,9833,6241,4288,221150,9787,100507118,79801,9212,220134,24137;Control1,Control3,Control4,Control5,Control6,Control7,Control8,Control9,Control10,Control11,Control12,Control13,Control15,Control16,Control17
128239,55165,83540,6241,55355,57082,51203,79801,220134;Control1,Control2,Control3,Control4,Control5,Control6,Control7,Control8,Control9,Control10,Control11,Control12,Control13,Control15,Control16
128239,91828,1058,3833,105375610,107985017;Control1,Control2,Control3,Control4,Control5,Control6,Control7,Control8,Control9,Control10,Control11,Control12,Control13,Control15,Control17
128239,51203,83540,6241,55355,3833,79801,220134;Control1,Control2,Control3,Control4,Control5,Control6,Control7,Control8,Control9,Control10,Control11,Control12,Control13,Control15,Control16
128239,100507118,991,259266,1063,6241,55355,995,9232,3833,4288,113130,9787,9133,9212,146909;Control1,Control2,Control3,Control4,Control5,Control6,Control7,Control8,Control9,Control10,Control11,Control12,Control13,Control15,Control17
128239,107985017,991,1063,6241,1058,995,9232,3833,4288,9787,9133,9212,146909;Control1,Control2,Control3,Control4,Control5,Control6,Control7,Control8,Control9,Control10,Control11,Control12,Control13,Control15,Control17
128239,29128,991,259266,6241,55355,9787,79801,9212,332,24137;Control1,Control2,Control3,Control4,Control5,Control6,Control7,Control8,Control9,Control10,Control11,Control12,Control13,Control15,Control16
128239,147841,55355,4288,10615,332,220134;Control1,Control2,Control3,Control4,Control5,Control6,Control7,Control8,Control9,Control10,Control11,Control12,Control15,Control16,Control17
128239,55723,991,259266,6241,55355,995,9232,3833,4288,113130,9787,9133,9212,146909,11065;Control1,Control2,Control3,Control4,Control6,Control7,Control8,Control9,Control10,Control11,Control12,Control13,Control15,Control16,Control17
128239,110806280,131578,112937;Control1,Control2,Control3,Control4,Control5,Control6,Control8,Control9,Control10,Control11,Control12,Control13,Control15,Control16,Control17
128239,4605,991,9232,4288,10024,9700,9133,9212;Control1,Control2,Control3,Control4,Control5,Control6,Control7,Control8,Control9,Control10,Control11,Control12,Control15,Control16,Control17
128239,8318,991,9232,4288,113130,9133,9212,10615,332;Control1,Control2,Control3,Control4,Control5,Control6,Control7,Control8,Control9,Control10,Control11,Control12,Control15,Control16,Control17
128239,9582,100874530;Control1,Control2,Control3,Control4,Control5,Control6,Control7,Control8,Control9,Control10,Control11,Control12,Control13,Control15,Control17
128239,100874530;Control1,Control2,Control3,Control4,Control5,Control6,Control7,Control8,Control9,Control10,Control11,Control12,Control13,Control15,Control16,Control17
101928202,9928;Control2,Control3,Control4,Control5,Control6,Control7,Control8,Control9,Control10,Control11,Control12,Control13,Control15,Control16,Control17
101928202,3627,115362,100506827,10537,100506655,23532;Control1,Control2,Control3,Control4,Control5,Control6,Control7,Control8,Control9,Control10,Control12,Control13,Control15,Control16,Control17
101928202,10537,100506655,23532;Control1,Control2,Control3,Control4,Control5,Control6,Control7,Control8,Control9,Control10,Control11,Control12,Control13,Control15,Control16,Control17
101928202,7180,100506827,3627,10537;Control1,Control2,Control3,Control4,Control5,Control6,Control7,Control8,Control9,Control10,Control12,Control13,Control15,Control16,Control17
101928202,55388;Control2,Control3,Control4,Control5,Control6,Control7,Control8,Control9,Control10,Control11,Control12,Control13,Control15,Control16,Control17
101928202,701,115362,4283,100506655,23532;Control1,Control2,Control3,Control4,Control5,Control6,Control7,Control8,Control9,Control10,Control12,Control13,Control15,Control16,Control17
101928202,40;Control1,Control2,Control3,Control5,Control6,Control7,Control8,Control9,Control10,Control11,Control12,Control13,Control15,Control16,Control17
101928202,147741;Control1,Control2,Control3,Control4,Control5,Control6,Control7,Control8,Control10,Control11,Control12,Control13,Control15,Control16,Control17
101928202,8529;Control1,Control2,Control3,Control4,Control5,Control6,Control7,Control8,Control10,Control11,Control12,Control13,Control15,Control16,Control17
9447,28755;Control1,Control2,Control3,Control4,Control5,Control6,Control7,Control8,Control9,Control11,Control12,Control13,Control15,Control16,Control17
9447,110806280;Control1,Control2,Control3,Control4,Control5,Control7,Control8,Control9,Control10,Control11,Control12,Control13,Control15,Control16,Control17
89886,105372950,84561,105378305;Control1,Control2,Control3,Control4,Control5,Control6,Control7,Control8,Control9,Control10,Control11,Control13,Control15,Control16,Control17
89886,56896,79413,80714;Control1,Control2,Control3,Control4,Control5,Control6,Control7,Control8,Control9,Control10,Control11,Control13,Control15,Control16,Control17
89886,5798,168002,29991,105378305,79191,1995,100533990,344,109729169;Control1,Control2,Control3,Control4,Control5,Control6,Control7,Control8,Control9,Control10,Control11,Control12,Control13,Control16,Control17
89886,286676,105378305,1995;Control1,Control2,Control3,Control4,Control5,Control6,Control7,Control8,Control9,Control10,Control11,Control12,Control13,Control15,Control16,Control17
89886,100379220,286676,168002,107984129,1995;Control1,Control2,Control3,Control4,Control5,Control7,Control8,Control9,Control10,Control11,Control12,Control13,Control15,Control16,Control17
89886,7020,168002,105378305,79191;Control1,Control2,Control4,Control5,Control6,Control7,Control8,Control9,Control10,Control11,Control12,Control13,Control15,Control16,Control17
89886,168002,29991,105378305,79191,1995;Control1,Control2,Control3,Control4,Control5,Control6,Control7,Control8,Control9,Control10,Control11,Control12,Control13,Control15,Control16,Control17
89886,143662,286676,105378305,1995;Control1,Control2,Control3,Control5,Control6,Control7,Control8,Control9,Control10,Control11,Control12,Control13,Control15,Control16,Control17
89886,105369315,286676,105378305,55867,1995;Control1,Control2,Control3,Control4,Control5,Control6,Control7,Control8,Control9,Control10,Control12,Control13,Control15,Control16,Control17
89886,107984129,168002,105378305,79191,1995,109729184;Control1,Control2,Control3,Control4,Control5,Control6,Control7,Control8,Control9,Control10,Control11,Control12,Control13,Control15,Control16,Control17
89886,105371275,168002,29991,105378305,1995;Control1,Control2,Control3,Control4,Control5,Control6,Control7,Control8,Control10,Control11,Control12,Control13,Control15,Control16,Control17
89886,10265,286676,105378305,1995;Control1,Control2,Control3,Control4,Control5,Control6,Control7,Control8,Control10,Control11,Control12,Control13,Control15,Control16,Control17
89886,80714,105372950,84561;Control1,Control2,Control3,Control4,Control5,Control6,Control7,Control8,Control9,Control10,Control11,Control13,Control15,Control16,Control17
89886,100533990,168002,79191,344,4318,109729184,7477;Control1,Control2,Control3,Control4,Control5,Control6,Control7,Control8,Control9,Control10,Control11,Control12,Control13,Control15,Control16,Control17
89886,344,168002,105378305,79191,1995,4318,109729184,7477;Control1,Control2,Control3,Control4,Control5,Control6,Control7,Control8,Control9,Control10,Control11,Control12,Control13,Control15,Control16,Control17
89886,349408,286676,105378305,1995;Control1,Control2,Control3,Control4,Control5,Control6,Control7,Control8,Control9,Control10,Control11,Control12,Control13,Control15,Control16
477,105377404,101927354;Control1,Control2,Control3,Control4,Control5,Control6,Control7,Control8,Control9,Control10,Control11,Control12,Control13,Control15,Control16
477,171019,107986990,8424;Control1,Control2,Control3,Control4,Control5,Control6,Control7,Control8,Control9,Control10,Control11,Control12,Control13,Control15,Control16,Control17
477,101927686,5865,6716,3580,1047,166979,4544,116173,594855,6345;Control1,Control2,Control3,Control4,Control5,Control6,Control7,Control9,Control10,Control11,Control12,Control13,Control15,Control16,Control17
477,101927354,647946;Control1,Control2,Control3,Control4,Control5,Control6,Control7,Control8,Control9,Control10,Control11,Control12,Control13,Control15,Control16,Control17
477,2845,171019,107986990,8424;Control1,Control2,Control3,Control4,Control5,Control6,Control7,Control8,Control10,Control11,Control12,Control13,Control15,Control16,Control17
477,219527,5865,6716,1047,166979,101927686,4544,116173,594855,6345;Control1,Control2,Control3,Control4,Control5,Control6,Control7,Control9,Control10,Control11,Control12,Control13,Control15,Control16,Control17
477,105369685,171019,8424,647946;Control1,Control2,Control3,Control4,Control5,Control6,Control7,Control8,Control9,Control10,Control11,Control12,Control13,Control15,Control16,Control17
477,105370960,5865,166979,219527,4544;Control1,Control2,Control3,Control4,Control5,Control6,Control7,Control9,Control10,Control11,Control12,Control13,Control15,Control16,Control17
477,105371152,3512;Control1,Control2,Control3,Control4,Control5,Control6,Control7,Control9,Control10,Control11,Control12,Control13,Control15,Control16,Control17
477,1630,171019,107986990;Control1,Control2,Control3,Control4,Control6,Control7,Control8,Control9,Control10,Control11,Control12,Control13,Control15,Control16,Control17
477,105372613,647946;Control1,Control2,Control3,Control4,Control5,Control6,Control7,Control8,Control9,Control10,Control11,Control12,Control13,Control15,Control16,Control17
81607,3914,112802;Control1,Control2,Control3,Control4,Control5,Control6,Control7,Control8,Control9,Control10,Control11,Control12,Control13,Control16,Control17
81607,6690,112802;Control1,Control2,Control3,Control4,Control5,Control6,Control7,Control8,Control9,Control10,Control11,Control12,Control13,Control15,Control16,Control17
81607,389336,3502;Control1,Control2,Control3,Control4,Control5,Control6,Control7,Control8,Control9,Control10,Control12,Control13,Control15,Control16,Control17
81607,84649;Control1,Control2,Control3,Control4,Control5,Control6,Control7,Control8,Control9,Control11,Control12,Control13,Control15,Control16,Control17
81607,6768,3502;Control1,Control2,Control3,Control4,Control5,Control6,Control7,Control8,Control9,Control10,Control12,Control13,Control15,Control16,Control17
81607,3227,6690;Control1,Control2,Control3,Control4,Control5,Control6,Control7,Control8,Control9,Control10,Control11,Control12,Control15,Control16,Control17
81607,10942;Control1,Control2,Control3,Control4,Control5,Control6,Control7,Control8,Control9,Control11,Control12,Control13,Control15,Control16,Control17
81607,3881,6690;Control1,Control2,Control3,Control4,Control5,Control6,Control7,Control8,Control9,Control10,Control11,Control12,Control15,Control16,Control17
83540,259266,6241,57405,55355,64151,57082,79801,220134,24137;Control1,Control2,Control3,Control4,Control5,Control6,Control7,Control8,Control9,Control10,Control11,Control12,Control15,Control16,Control17
83540,6241,23397,55355,3161,55165,57082,51203,29128;Control1,Control2,Control3,Control4,Control5,Control6,Control7,Control8,Control9,Control10,Control11,Control12,Control13,Control15,Control16,Control17
83540,699,6241,23397,55355,3161,9833,55165,51203;Control1,Control2,Control3,Control5,Control6,Control7,Control8,Control9,Control10,Control11,Control12,Control13,Control15,Control16,Control17
83540,3833,128239,6241,55355,79801,220134;Control1,Control2,Control3,Control4,Control5,Control6,Control7,Control9,Control10,Control11,Control12,Control13,Control15,Control16,Control17
83540,55872,6241,23397,55355,3161,9833,983,55165,221150,51203,7153,29128,24137;Control1,Control2,Control3,Control4,Control5,Control6,Control7,Control8,Control9,Control10,Control12,Control13,Control15,Control16,Control17
83540,9833,6241,23397,3161,55165,51203,29128;Control1,Control2,Control3,Control4,Control5,Control6,Control7,Control8,Control9,Control10,Control11,Control12,Control13,Control15,Control16,Control17
83540,983,23397,3161,9833,55165,100288637,51203;Control1,Control2,Control3,Control4,Control5,Control6,Control7,Control8,Control9,Control10,Control11,Control12,Control13,Control15,Control17
83540,374393,6241,55355,55165,51203,79801,220134,29128;Control1,Control2,Control3,Control4,Control6,Control7,Control8,Control9,Control10,Control11,Control12,Control13,Control15,Control16,Control17
83540,221150,128239,6241,55355,79801,220134,24137;Control1,Control2,Control3,Control4,Control5,Control6,Control7,Control8,Control9,Control10,Control12,Control13,Control15,Control16,Control17
83540,9768,6241,23397,64151,3161,55165,57082,51203,24137;Control1,Control2,Control3,Control4,Control5,Control6,Control7,Control8,Control9,Control10,Control11,Control12,Control15,Control16,Control17
83540,100507118,6241,55355,64151,3161,55872,983,55165,221150,57082,51203,79801,7153,29128,24137;Control2,Control3,Control4,Control5,Control6,Control7,Control8,Control9,Control10,Control11,Control12,Control13,Control15,Control16,Control17
83540,79801,6241,55355,3161,55165,57082,51203,220134,29128;Control1,Control2,Control3,Control4,Control5,Control6,Control7,Control8,Control9,Control10,Control11,Control12,Control13,Control15,Control16,Control17
83540,10615,259266,57405,55355,332,220134;Control1,Control2,Control3,Control4,Control5,Control6,Control7,Control8,Control9,Control10,Control11,Control12,Control15,Control16,Control17
83540,7153,6241,23397,55355,64151,3161,55872,983,55165,221150,57082,51203,29128,24137;Control2,Control3,Control4,Control5,Control6,Control7,Control8,Control9,Control10,Control11,Control12,Control13,Control15,Control16,Control17
83540,332,259266,6241,57405,55355,64151,79801,220134,24137;Control1,Control2,Control3,Control4,Control5,Control6,Control7,Control8,Control9,Control10,Control11,Control12,Control15,Control16,Control17
83540,100874530,6241;Control1,Control3,Control4,Control5,Control6,Control7,Control8,Control9,Control10,Control11,Control12,Control13,Control15,Control16,Control17
79100,105373106;Control1,Control2,Control3,Control4,Control5,Control6,Control7,Control8,Control9,Control10,Control11,Control12,Control13,Control15,Control16
79100,57624,5083;Control1,Control2,Control3,Control4,Control5,Control6,Control7,Control8,Control10,Control11,Control12,Control13,Control15,Control16,Control17
79100,860,554202,8549,5101;Control1,Control2,Control3,Control4,Control5,Control6,Control7,Control8,Control9,Control10,Control11,Control12,Control15,Control16,Control17
79100,105375674;Control1,Control2,Control3,Control4,Control5,Control6,Control8,Control9,Control10,Control11,Control12,Control13,Control15,Control16,Control17
79100,554202,9355,5101;Control1,Control2,Control3,Control4,Control5,Control6,Control7,Control8,Control9,Control10,Control11,Control12,Control13,Control16,Control17
79100,9355,860;Control1,Control2,Control3,Control4,Control5,Control6,Control7,Control8,Control9,Control10,Control11,Control12,Control15,Control16,Control17
79100,8549,5101;Control1,Control2,Control3,Control4,Control5,Control6,Control7,Control8,Control9,Control10,Control11,Control12,Control13,Control15,Control16,Control17
79100,2835;Control1,Control2,Control3,Control4,Control5,Control6,Control8,Control9,Control10,Control11,Control12,Control13,Control15,Control16,Control17
79100,9388;Control1,Control2,Control3,Control4,Control5,Control6,Control7,Control8,Control9,Control10,Control11,Control12,Control15,Control16,Control17
79100,23562;Control1,Control2,Control3,Control4,Control5,Control6,Control7,Control8,Control9,Control10,Control11,Control12,Control15,Control16,Control17
2328,28946,134285,285987,4004,3502,354,5653,5650,101929707,28809,729442;Control1,Control3,Control4,Control5,Control6,Control7,Control8,Control9,Control10,Control11,Control12,Control13,Control15,Control16,Control17
2328,27178,285643,81624,101929707;Control1,Control2,Control3,Control4,Control5,Control6,Control7,Control8,Control9,Control10,Control11,Control12,Control13,Control15,Control16,Control17
2328,101927687,2019,134285,105371927;Control1,Control3,Control4,Control5,Control6,Control7,Control8,Control9,Control10,Control11,Control12,Control13,Control15,Control16,Control17
2328,1295,58,2019,134285,389336,285987,4004,145873,25818,5653,5650,28809,729442;Control1,Control3,Control4,Control5,Control6,Control7,Control8,Control9,Control10,Control11,Control12,Control13,Control15,Control16,Control17
2328,646951,27178,285643,81624,101929707;Control1,Control2,Control3,Control4,Control6,Control7,Control8,Control9,Control10,Control11,Control12,Control13,Control15,Control16,Control17
2328,105374986,27237;Control1,Control2,Control3,Control4,Control5,Control7,Control8,Control9,Control10,Control11,Control12,Control13,Control15,Control16,Control17
2328,203190,105371927;Control1,Control2,Control3,Control4,Control5,Control6,Control7,Control8,Control9,Control10,Control11,Control12,Control15,Control16,Control17
2328,79733,27178,285643,81624,101929707;Control1,Control2,Control3,Control4,Control5,Control6,Control7,Control8,Control9,Control11,Control12,Control13,Control15,Control16,Control17
2328,9955,27178,285643,81624,101929707;Control1,Control2,Control3,Control4,Control5,Control6,Control7,Control8,Control9,Control11,Control12,Control13,Control15,Control16,Control17
2328,51512,27178,285643,81624,101929707;Control1,Control2,Control3,Control4,Control5,Control6,Control7,Control8,Control9,Control11,Control12,Control13,Control15,Control16,Control17
105371664,131578,253582,112937,110806280;Control1,Control2,Control3,Control4,Control5,Control6,Control8,Control9,Control10,Control11,Control12,Control13,Control15,Control16,Control17
105371664,3670,158511;Control1,Control2,Control4,Control5,Control6,Control7,Control8,Control9,Control10,Control11,Control12,Control13,Control15,Control16,Control17
105371664,253582,112937,110806280;Control1,Control2,Control3,Control4,Control5,Control6,Control7,Control8,Control9,Control10,Control11,Control12,Control13,Control15,Control16,Control17
105371664,113115,112937;Control1,Control2,Control3,Control4,Control5,Control6,Control7,Control8,Control9,Control10,Control11,Control12,Control13,Control15,Control16,Control17
105371664,147841;Control1,Control2,Control3,Control4,Control5,Control6,Control7,Control8,Control9,Control10,Control11,Control12,Control15,Control16,Control17
105371664,729447,253582,112937,102723547;Control1,Control2,Control3,Control4,Control5,Control6,Control7,Control8,Control9,Control10,Control11,Control12,Control13,Control15,Control17
105371664,158511,112937;Control1,Control2,Control3,Control4,Control5,Control6,Control7,Control8,Control9,Control10,Control11,Control12,Control13,Control15,Control16,Control17
259266,9156,1063,6241,57405,983,100507118,332,29128,24137;Control1,Control2,Control3,Control4,Control5,Control6,Control7,Control8,Control9,Control10,Control11,Control12,Control15,Control16,Control17
259266,699,1063,6241,150468,55872,9833,55165,9787,51203,100507118,79801,332,22974;Control1,Control2,Control3,Control5,Control6,Control7,Control8,Control9,Control10,Control11,Control12,Control13,Control15,Control16,Control17
259266,150468,1063,6241,995,55872,55165,9787,100507118,79801,332,24137;Control1,Control2,Control3,Control4,Control5,Control6,Control7,Control8,Control9,Control10,Control11,Control12,Control13,Control15,Control16,Control17
259266,56992,64151,891,3161,55872,55165,221150,57082,100507118,79801,220134,29128,24137;Control1,Control2,Control3,Control4,Control5,Control6,Control7,Control8,Control9,Control10,Control11,Control12,Control13,Control16,Control17
259266,151760,57405,113130,10615;Control1,Control2,Control3,Control4,Control5,Control6,Control7,Control8,Control9,Control10,Control12,Control13,Control15,Control16,Control17
259266,64151,1063,6241,57405,55355,9787,100507118,79801,332,24137;Control1,Control2,Control3,Control4,Control5,Control6,Control7,Control8,Control9,Control10,Control11,Control12,Control13,Control15,Control16,Control17
259266,10874,6241,150468,55355,891,9787,332;Control1,Control3,Control4,Control5,Control6,Control7,Control8,Control9,Control10,Control11,Control12,Control13,Control15,Control16,Control17
259266,891,6241,150468,55872,55165,9787,51203,100507118,79801,332,24137;Control1,Control2,Control3,Control4,Control5,Control6,Control7,Control8,Control9,Control10,Control11,Control12,Control13,Control15,Control16,Control17
259266,3161,1063,6241,55355,64151,891,55872,55165,221150,9787,51203,100507118,79801,220134,29128,24137;Control1,Control2,Control3,Control4,Control5,Control6,Control7,Control8,Control9,Control10,Control11,Control12,Control13,Control16,Control17
259266,105375610,991,1063,6241,995,9232,3833,9787,9133,100507118,79801,9212;Control1,Control2,Control3,Control4,Control5,Control6,Control7,Control8,Control10,Control11,Control12,Control13,Control15,Control16,Control17
259266,157313,1063,6241,150468,9787,79801,332;Control1,Control2,Control3,Control4,Control5,Control6,Control7,Control8,Control10,Control11,Control12,Control13,Control15,Control16,Control17
259266,9833,83540,6241,3161,55872,55165,51203,79801,332,24137;Control1,Control2,Control3,Control4,Control5,Control6,Control7,Control8,Control9,Control10,Control11,Control12,Control15,Control16,Control17
259266,983,1063,6241,150468,55355,891,3161,55872,55165,9787,51203,100507118,79801,7153,24137;Control1,Control2,Control3,Control4,Control5,Control6,Control7,Control9,Control10,Control11,Control12,Control13,Control15,Control16,Control17
259266,112937,991,128239,6241,55355,995,9232,3833,4288,9787,9133,9212;Control1,Control2,Control3,Control4,Control5,Control6,Control7,Control8,Control10,Control11,Control12,Control13,Control15,Control16,Control17
259266,57082,1063,6241,57405,55355,64151,100507118,79801,220134,29128,24137;Control1,Control2,Control3,Control4,Control5,Control6,Control7,Control8,Control9,Control10,Control11,Control12,Control13,Control15,Control16,Control17
259266,51203,1063,6241,150468,55872,55165,9787,100507118,79801,332,24137;Control1,Control2,Control3,Control4,Control5,Control6,Control7,Control8,Control9,Control10,Control11,Control12,Control13,Control15,Control16,Control17
259266,9768,1063,6241,57405,55355,64151,4288,9787,79801,332,24137;Control1,Control2,Control3,Control4,Control5,Control6,Control7,Control9,Control10,Control11,Control12,Control13,Control15,Control16,Control17
259266,5347,991,128239,995,9232,3833,4288,9212,55723,11065;Control1,Control2,Control3,Control4,Control6,Control7,Control8,Control9,Control10,Control11,Control12,Control13,Control15,Control16,Control17
259266,7153,1063,6241,150468,55872,55165,9787,51203,100507118,79801,332;Control1,Control2,Control3,Control4,Control5,Control6,Control7,Control8,Control9,Control10,Control11,Control12,Control13,Control15,Control16
259266,29128,1063,6241,57405,55355,64151,9787,100507118,79801,220134,24137;Control1,Control2,Control3,Control4,Control5,Control6,Control7,Control8,Control9,Control10,Control11,Control12,Control13,Control15,Control16,Control17
259266,4605,991,57405,9232,4288,113130,10024,9133,10615;Control1,Control2,Control3,Control4,Control5,Control6,Control7,Control8,Control10,Control11,Control12,Control13,Control15,Control16,Control17
259266,8318,991,57405,9232,4288,113130,10024,9212,10615;Control1,Control2,Control3,Control4,Control5,Control6,Control7,Control8,Control10,Control11,Control12,Control13,Control15,Control16,Control17
554279,2019,101927687,1295;Control2,Control3,Control4,Control5,Control6,Control7,Control8,Control9,Control10,Control11,Control12,Control13,Control15,Control16,Control17
554279,101927687;Control1,Control2,Control3,Control4,Control5,Control6,Control7,Control8,Control9,Control10,Control11,Control12,Control13,Control15,Control16,Control17
554279,100130275,101927687;Control1,Control2,Control3,Control4,Control5,Control6,Control7,Control8,Control9,Control10,Control11,Control13,Control15,Control16,Control17
554279,105375690;Control2,Control3,Control4,Control5,Control6,Control7,Control8,Control9,Control10,Control11,Control12,Control13,Control15,Control16,Control17
554279,3227;Control1,Control2,Control3,Control5,Control6,Control7,Control8,Control9,Control10,Control11,Control12,Control13,Control15,Control16,Control17
554279,7546,101927687,366;Control1,Control2,Control3,Control4,Control5,Control6,Control7,Control8,Control9,Control11,Control12,Control13,Control15,Control16,Control17
554279,366;Control1,Control2,Control3,Control4,Control5,Control6,Control7,Control8,Control9,Control10,Control11,Control12,Control13,Control15,Control16,Control17
554279,339256,101927687;Control1,Control2,Control3,Control5,Control6,Control7,Control8,Control9,Control10,Control11,Control12,Control13,Control15,Control16,Control17
554279,10437,101927687;Control1,Control2,Control3,Control5,Control6,Control7,Control8,Control9,Control10,Control11,Control12,Control13,Control15,Control16,Control17
554279,55423,101927687;Control1,Control2,Control3,Control4,Control5,Control6,Control7,Control8,Control10,Control11,Control12,Control13,Control15,Control16,Control17
9928,1063,4751,6241,64151,3161,54443,55872,983,55165,221150,9787,51203,9055,100507118,7153,29128,24137;Control1,Control2,Control3,Control4,Control5,Control6,Control7,Control8,Control9,Control10,Control11,Control12,Control13,Control15,Control16
9928,6664,4751,56992,64151,55247,54443,55872;Control1,Control3,Control4,Control5,Control6,Control7,Control8,Control9,Control10,Control11,Control12,Control13,Control15,Control16,Control17
9928,56992,4751,55247,891,3161,55872,55165,9055,7153,29128;Control1,Control2,Control3,Control4,Control5,Control6,Control7,Control8,Control9,Control10,Control11,Control12,Control13,Control15,Control16,Control17
9928,10721,64151,55247,3161,55165,57082,7153,29128;Control1,Control2,Control3,Control4,Control5,Control6,Control7,Control8,Control9,Control10,Control11,Control12,Control13,Control15,Control16,Control17
9928,64151,56992,55247,891,3161,55872,55165,57082,7153,29128;Control1,Control2,Control3,Control4,Control5,Control6,Control7,Control8,Control9,Control10,Control11,Control12,Control13,Control15,Control16,Control17
9928,4001,64151,55247,3161,54443,55872,55165,57082,51203,7153,29128;Control1,Control2,Control3,Control4,Control5,Control6,Control7,Control8,Control9,Control10,Control11,Control12,Control13,Control15,Control16,Control17
9928,101927813,699;Control1,Control2,Control3,Control4,Control5,Control6,Control7,Control8,Control9,Control10,Control11,Control12,Control13,Control15,Control16
9928,7180,6664,2625,50614,387978,105372115;Control1,Control3,Control4,Control5,Control6,Control7,Control8,Control9,Control10,Control11,Control12,Control13,Control15,Control16,Control17
9928,7272,23397,10721,64151,55247,3161,55165,100288637,7153,29128;Control1,Control2,Control3,Control4,Control5,Control6,Control7,Control8,Control9,Control10,Control11,Control12,Control15,Control16,Control17
9928,10643;Control1,Control2,Control3,Control4,Control5,Control7,Control8,Control9,Control10,Control11,Control12,Control13,Control15,Control16,Control17
9928,2845,4751,56992,55247,3161,54443,7153;Control1,Control3,Control4,Control5,Control6,Control7,Control8,Control9,Control10,Control11,Control12,Control13,Control15,Control16,Control17
9928,27299,4751,6664,55247,4001,54443,387978,105372115;Control1,Control3,Control4,Control5,Control6,Control7,Control8,Control9,Control10,Control11,Control12,Control13,Control15,Control16,Control17
9928,157570,4751,54443,55872,55165,7153;Control1,Control2,Control3,Control4,Control5,Control6,Control7,Control8,Control10,Control11,Control12,Control13,Control15,Control16,Control17
9928,2625,4751,6664,56992,55247,387978,105372115;Control1,Control3,Control4,Control5,Control6,Control7,Control8,Control9,Control10,Control11,Control12,Control13,Control15,Control16,Control17
9928,983,55635,4751,4085,55247,3161,54443,100288637,7153;Control1,Control2,Control3,Control4,Control5,Control6,Control7,Control8,Control9,Control10,Control11,Control12,Control13,Control16,Control17
9928,144455,64151,4001,57082,51203,29128;Control1,Control2,Control3,Control4,Control5,Control6,Control7,Control8,Control9,Control10,Control11,Control12,Control13,Control15,Control16,Control17
9928,50614,6664,2845,2625;Control1,Control2,Control3,Control4,Control5,Control6,Control7,Control9,Control10,Control11,Control12,Control13,Control15,Control16,Control17
9928,387978,4751,6664,56992,64151,55247,54443;Control1,Control3,Control4,Control5,Control6,Control7,Control8,Control9,Control10,Control11,Control12,Control13,Control15,Control16,Control17
9928,9824,4751,55247,3161,54443,55872,55165,100288637,7153,29128;Control1,Control2,Control4,Control5,Control6,Control7,Control8,Control9,Control10,Control11,Control12,Control13,Control15,Control16,Control17
9928,9768,6241,23397,64151,983,55165,221150,57082,51203,7153,29128,24137;Control1,Control2,Control3,Control4,Control5,Control6,Control7,Control8,Control9,Control10,Control11,Control12,Control13,Control15,Control16
9928,100507118,55635,4751,6241,3161,54443,55872,983,55165,221150,51203,7153,29128,24137;Control1,Control2,Control3,Control4,Control5,Control6,Control7,Control8,Control9,Control10,Control11,Control12,Control13,Control15,Control16
9928,79801,4751,56992,64151,55247,891,3161,55872,983,55165,9055,7153,29128;Control1,Control2,Control3,Control4,Control5,Control6,Control7,Control8,Control9,Control10,Control11,Control12,Control13,Control16,Control17
9928,220134,1063,6241,64151,3161,55872,55165,221150,9787,57082,51203,100507118,7153,29128,24137;Control1,Control2,Control3,Control4,Control5,Control6,Control7,Control8,Control9,Control10,Control11,Control12,Control13,Control15,Control16
9928,105372115,4751,6664,56992,55247,54443,55872;Control1,Control3,Control4,Control5,Control6,Control7,Control8,Control9,Control10,Control11,Control12,Control13,Control15,Control16,Control17
55765,58,101927750,2019,1295,389336,285987,145873,5653,5650,729442;Control1,Control2,Control3,Control4,Control5,Control6,Control7,Control8,Control9,Control10,Control11,Control12,Control13,Control15,Control17
55765,1295,55057;Control1,Control2,Control3,Control4,Control5,Control6,Control7,Control8,Control9,Control10,Control11,Control12,Control13,Control15,Control17
55765,941,80328,4973;Control1,Control2,Control3,Control4,Control5,Control6,Control8,Control9,Control10,Control11,Control12,Control13,Control15,Control16,Control17
55765,79674,1749,354;Control1,Control2,Control3,Control4,Control6,Control7,Control8,Control9,Control10,Control11,Control12,Control13,Control15,Control16,Control17
55765,112268460;Control1,Control2,Control3,Control4,Control5,Control6,Control7,Control8,Control9,Control11,Control12,Control13,Control15,Control16,Control17
55765,102467080;Control1,Control2,Control3,Control4,Control5,Control6,Control7,Control8,Control9,Control10,Control11,Control12,Control13,Control15,Control16,Control17
55765,6690,102467080;Control1,Control2,Control3,Control4,Control5,Control6,Control7,Control8,Control9,Control10,Control11,Control12,Control15,Control16,Control17
55765,389336,115019,1749,5653;Control1,Control2,Control3,Control4,Control5,Control6,Control7,Control8,Control9,Control10,Control11,Control12,Control13,Control15,Control17
55765,100506895,1749;Control1,Control2,Control4,Control5,Control6,Control7,Control8,Control9,Control10,Control11,Control12,Control13,Control15,Control16,Control17
55765,1749;Control1,Control2,Control3,Control4,Control5,Control6,Control7,Control8,Control9,Control10,Control11,Control12,Control13,Control15,Control16,Control17
55765,3227,101927750,2019,389336,285987,5653,5650,729442;Control1,Control2,Control3,Control4,Control5,Control6,Control7,Control8,Control9,Control10,Control11,Control12,Control13,Control15,Control17
55765,8471,100506895;Control1,Control2,Control4,Control5,Control6,Control7,Control8,Control9,Control10,Control11,Control12,Control13,Control15,Control16,Control17
115019,105372950,84561;Control1,Control2,Control3,Control4,Control5,Control6,Control7,Control8,Control9,Control11,Control12,Control13,Control15,Control16,Control17
115019,58,2019,105377123,134285,389336,285987,4004,3502,354,25818,5653,5650,28809,729442;Control1,Control2,Control3,Control4,Control5,Control7,Control8,Control9,Control10,Control11,Control12,Control13,Control15,Control16,Control17
115019,28946,105377123;Control1,Control2,Control3,Control4,Control6,Control7,Control8,Control9,Control10,Control11,Control12,Control13,Control15,Control16,Control17
115019,105377123,105374986;Control1,Control2,Control3,Control4,Control5,Control6,Control7,Control8,Control9,Control10,Control11,Control12,Control13,Control15,Control16,Control17
115019,79413,80714;Control1,Control2,Control3,Control4,Control5,Control6,Control7,Control8,Control9,Control11,Control12,Control13,Control15,Control16,Control17
115019,79674,389336,1749,354,5653;Control1,Control2,Control3,Control4,Control6,Control7,Control8,Control9,Control10,Control11,Control12,Control13,Control15,Control16,Control17
115019,4825;Control1,Control2,Control3,Control4,Control5,Control7,Control8,Control9,Control10,Control11,Control12,Control13,Control15,Control16,Control17
115019,5307,105377123;Control1,Control2,Control4,Control5,Control6,Control7,Control8,Control9,Control10,Control11,Control12,Control13,Control15,Control16,Control17
115019,389336,1749,5653;Control1,Control2,Control3,Control4,Control5,Control6,Control7,Control8,Control9,Control10,Control11,Control12,Control13,Control15,Control16,Control17
115019,285987,27237,105377123,134285,389336,4004,5653,5650,28809,729442;Control1,Control2,Control3,Control4,Control5,Control7,Control8,Control9,Control10,Control11,Control12,Control13,Control15,Control16,Control17
115019,29991,389336,5653;Control1,Control2,Control3,Control4,Control5,Control6,Control7,Control8,Control9,Control10,Control11,Control13,Control15,Control16,Control17
115019,8538;Control1,Control2,Control3,Control4,Control5,Control6,Control7,Control8,Control9,Control10,Control11,Control12,Control13,Control16,Control17
115019,3856,105377123;Control1,Control2,Control3,Control4,Control5,Control6,Control7,Control8,Control9,Control11,Control12,Control13,Control15,Control16,Control17
115019,3227,2019,389336,285987,354,25818,5653,5650,729442;Control1,Control2,Control3,Control4,Control5,Control7,Control8,Control9,Control10,Control11,Control12,Control13,Control15,Control16,Control17
115019,145873,134285,389336,285987,1749,4004,3502,5653,5650,28809,729442;Control1,Control2,Control3,Control4,Control5,Control6,Control7,Control8,Control9,Control10,Control11,Control12,Control13,Control16,Control17
729533,4085,653820,3161;Control1,Control2,Control3,Control4,Control5,Control7,Control8,Control9,Control10,Control11,Control12,Control13,Control15,Control16,Control17
729533,100288637,4085,3161;Control1,Control2,Control3,Control4,Control5,Control7,Control8,Control9,Control10,Control11,Control12,Control13,Control15,Control16,Control17
729533,701;Control1,Control2,Control3,Control4,Control5,Control6,Control7,Control8,Control9,Control10,Control11,Control12,Control13,Control15,Control16,Control17
729533,201299;Control1,Control2,Control3,Control4,Control5,Control6,Control7,Control8,Control9,Control10,Control11,Control12,Control13,Control15,Control16
3914,731220,11075,103689845,55655;Control1,Control2,Control3,Control4,Control5,Control6,Control7,Control8,Control9,Control10,Control11,Control12,Control15,Control16,Control17
3914,2250;Control1,Control2,Control3,Control4,Control5,Control6,Control7,Control8,Control9,Control10,Control12,Control13,Control15,Control16,Control17
3914,6690,112802,3881;Control1,Control2,Control3,Control4,Control5,Control6,Control7,Control8,Control9,Control10,Control11,Control12,Control13,Control16,Control17
3914,389336,1749,11075;Control1,Control2,Control3,Control4,Control5,Control6,Control7,Control8,Control9,Control11,Control12,Control13,Control15,Control16,Control17
3914,1749;Control1,Control2,Control3,Control4,Control5,Control6,Control7,Control8,Control9,Control10,Control11,Control12,Control13,Control15,Control16,Control17
3914,105375690,1749;Control1,Control2,Control3,Control5,Control6,Control7,Control8,Control9,Control10,Control11,Control12,Control13,Control15,Control16,Control17
3914,1029;Control1,Control3,Control4,Control5,Control6,Control7,Control8,Control9,Control10,Control11,Control12,Control13,Control15,Control16,Control17
3914,103689845;Control1,Control2,Control3,Control4,Control5,Control6,Control7,Control8,Control9,Control10,Control11,Control12,Control13,Control15,Control16,Control17
3914,115701,1749;Control1,Control2,Control3,Control4,Control5,Control6,Control7,Control8,Control9,Control10,Control11,Control12,Control15,Control16,Control17
100422894,6690,3881;Control1,Control2,Control3,Control4,Control5,Control6,Control7,Control8,Control9,Control10,Control12,Control13,Control15,Control16,Control17
100422894,8329;Control1,Control2,Control3,Control4,Control5,Control6,Control7,Control8,Control9,Control10,Control11,Control12,Control13,Control15,Control16,Control17
100422894,2893;Control1,Control2,Control3,Control4,Control5,Control6,Control7,Control8,Control9,Control10,Control11,Control13,Control15,Control16,Control17
100422894,4973;Control1,Control2,Control3,Control4,Control5,Control6,Control7,Control8,Control9,Control10,Control11,Control12,Control15,Control16,Control17
100422894,10595,8329;Control1,Control2,Control3,Control4,Control5,Control6,Control7,Control8,Control9,Control10,Control12,Control13,Control15,Control16,Control17
100422894,3881;Control1,Control2,Control3,Control4,Control5,Control6,Control7,Control8,Control9,Control10,Control11,Control12,Control13,Control15,Control16,Control17
3664,58,101929215,3783,729447,102723547;Control1,Control2,Control3,Control4,Control5,Control6,Control7,Control8,Control9,Control11,Control12,Control13,Control15,Control16,Control17
3664,101929215,3783,102723547;Control1,Control2,Control3,Control4,Control5,Control6,Control7,Control8,Control9,Control10,Control11,Control12,Control13,Control15,Control16,Control17
3664,112937,101929215,110806280,3783,729447,102723547;Control1,Control2,Control3,Control4,Control5,Control6,Control7,Control8,Control9,Control10,Control11,Control12,Control13,Control15,Control17
3664,1690,101929215,100506071,3783;Control1,Control2,Control4,Control5,Control6,Control7,Control8,Control9,Control10,Control11,Control12,Control13,Control15,Control16,Control17
3664,91828;Control1,Control3,Control4,Control5,Control6,Control7,Control8,Control9,Control10,Control11,Control12,Control13,Control15,Control16,Control17
3664,107984763,3783,729447,102723547;Control1,Control2,Control3,Control4,Control5,Control6,Control7,Control8,Control9,Control10,Control11,Control12,Control15,Control16,Control17
3664,176,729447,102723547;Control1,Control2,Control3,Control4,Control5,Control6,Control7,Control8,Control9,Control10,Control11,Control13,Control15,Control16,Control17
3664,9582,101929215,3783,102723547,389903;Control1,Control2,Control3,Control4,Control5,Control6,Control7,Control8,Control10,Control11,Control12,Control13,Control15,Control16,Control17
3664,349408,101929215,3783,102723547;Control1,Control2,Control3,Control4,Control5,Control6,Control7,Control8,Control9,Control10,Control11,Control13,Control15,Control16,Control17
3664,729447,3783,102723547;Control1,Control2,Control3,Control4,Control5,Control6,Control7,Control8,Control9,Control10,Control11,Control12,Control13,Control15,Control16,Control17
3664,158511,101929215,3783,102723547;Control1,Control3,Control4,Control5,Control6,Control7,Control8,Control9,Control10,Control11,Control12,Control13,Control15,Control16,Control17
4751,1063,6241,150468,54443,55872,55165,51203,9055,100507118,24137;Control1,Control2,Control3,Control4,Control5,Control6,Control7,Control8,Control9,Control10,Control11,Control12,Control13,Control15,Control16,Control17
4751,1058,1063,150468,54443,157570,9787,51203;Control1,Control2,Control3,Control4,Control5,Control6,Control7,Control8,Control9,Control10,Control11,Control12,Control13,Control15,Control16
4751,4001,9928,4085,55247,3161,54443,100288637,9055,7153;Control1,Control2,Control3,Control4,Control5,Control6,Control7,Control9,Control10,Control11,Control12,Control13,Control15,Control16,Control17
4751,101927813,1063,6241,150468,54443,55872,9833,9055,100507118;Control1,Control2,Control3,Control5,Control6,Control7,Control8,Control9,Control10,Control11,Control12,Control13,Control15,Control16,Control17
4751,157570,150468,54443,55872,55165,9824,51203;Control1,Control2,Control3,Control4,Control5,Control6,Control7,Control8,Control9,Control10,Control11,Control12,Control13,Control15,Control16,Control17
4751,9833,1063,6241,3161,54443,55872,983,55165,221150,51203,9055,100507118,7153,29128,24137;Control1,Control2,Control3,Control4,Control5,Control6,Control7,Control8,Control9,Control10,Control11,Control12,Control13,Control15,Control16,Control17
4751,11130,23397,3161,983,3832;Control1,Control2,Control3,Control4,Control5,Control6,Control7,Control8,Control9,Control10,Control11,Control12,Control13,Control15,Control16,Control17
4751,79733,55143,27178,285643,54443,157570,9055,83903;Control1,Control2,Control3,Control4,Control5,Control6,Control7,Control8,Control10,Control11,Control12,Control13,Control15,Control16,Control17
4751,81624,1063,6241,150468,54443,55872,51203,9055,100507118;Control1,Control2,Control3,Control4,Control5,Control6,Control7,Control8,Control9,Control11,Control12,Control13,Control15,Control16,Control17
4751,57082,9928,56992,64151,55247,3161,54443,55872,55165,7153,29128;Control1,Control3,Control4,Control5,Control6,Control7,Control8,Control9,Control10,Control11,Control12,Control13,Control15,Control16,Control17
4751,9768,9928,10721,64151,3161,54443,55165,7153,29128;Control1,Control3,Control4,Control5,Control6,Control7,Control8,Control9,Control10,Control11,Control12,Control13,Control15,Control16,Control17
4751,9493,54443,9824,51203,9055;Control1,Control2,Control3,Control4,Control5,Control6,Control7,Control8,Control9,Control10,Control11,Control12,Control13,Control15,Control16,Control17
4751,83903,1063,6241,150468,54443,55872,55165,9055;Control1,Control2,Control3,Control4,Control5,Control6,Control7,Control8,Control9,Control10,Control11,Control12,Control13,Control15,Control16,Control17
4751,9496,54443,55165,9824,51203,7153;Control1,Control2,Control3,Control4,Control5,Control6,Control7,Control9,Control10,Control11,Control12,Control13,Control15,Control16,Control17
4751,101929707,27178,285643,54443,79733,9055;Control1,Control2,Control3,Control4,Control5,Control6,Control7,Control8,Control10,Control11,Control12,Control13,Control15,Control16,Control17
4751,51512,150468,27178,285643,54443,157570,9055,83903;Control1,Control2,Control3,Control4,Control5,Control6,Control7,Control8,Control10,Control11,Control12,Control13,Control15,Control16,Control17
4751,389903,6664,56992,64151,55247,54443,55872,9055;Control1,Control3,Control4,Control5,Control6,Control7,Control8,Control9,Control10,Control11,Control12,Control13,Control15,Control16,Control17
1063,1058,6241,150468,9787;Control1,Control2,Control3,Control4,Control5,Control6,Control7,Control8,Control9,Control10,Control11,Control12,Control13,Control15,Control16,Control17
1063,23397,4751,6241,3161,54443,55872,9833,983,55165,221150,51203,9055,100507118,79801,7153,29128,24137;Control1,Control2,Control3,Control4,Control5,Control6,Control7,Control9,Control10,Control11,Control12,Control13,Control15,Control16,Control17
1063,56992,259266,6241,55355,64151,55872,55165,221150,9787,51203,100507118,220134,29128,24137;Control2,Control3,Control4,Control5,Control6,Control7,Control8,Control9,Control10,Control11,Control12,Control13,Control15,Control16,Control17
1063,55247,4751,891,3161,54443,55872,983,55165,221150,51203,9055,100507118,7153,29128,24137;Control1,Control2,Control3,Control4,Control5,Control6,Control7,Control8,Control9,Control10,Control11,Control13,Control15,Control16,Control17
1063,891,259266,6241,150468,55872,55165,9787,51203,100507118,79801,332,24137;Control1,Control2,Control3,Control4,Control6,Control7,Control8,Control9,Control10,Control11,Control12,Control13,Control15,Control16,Control17
1063,4001,9928,64151,3161,54443,55872,55165,221150,9787,57082,51203,100507118,7153,29128;Control1,Control2,Control3,Control4,Control5,Control6,Control7,Control8,Control9,Control10,Control11,Control12,Control13,Control15,Control16
1063,105375610,55143,6241,1058,150468,55872,9787,100507118;Control1,Control2,Control3,Control4,Control5,Control6,Control7,Control8,Control10,Control11,Control12,Control13,Control15,Control16,Control17
1063,157570,4751,6241,150468,54443,55872,55165,9787,9824,51203,100507118,7153;Control1,Control2,Control3,Control4,Control5,Control6,Control7,Control8,Control9,Control10,Control11,Control12,Control13,Control15,Control16
1063,3832,4751,6241,150468,3161,54443,55872,983,55165,51203,9055,100507118,79801,7153,24137;Control1,Control2,Control3,Control4,Control5,Control6,Control7,Control9,Control10,Control11,Control12,Control13,Control15,Control16,Control17
1063,1033,100507118;Control1,Control2,Control3,Control5,Control6,Control7,Control8,Control9,Control10,Control11,Control12,Control13,Control15,Control16,Control17
1063,107985017,991,995,9232,3833,4288,113130,9787,9133,9212,146909;Control1,Control2,Control3,Control4,Control5,Control6,Control7,Control8,Control9,Control10,Control11,Control12,Control15,Control16,Control17
1063,201299,6241,1058,9787,9212;Control1,Control2,Control3,Control4,Control5,Control7,Control8,Control9,Control10,Control11,Control12,Control13,Control15,Control16,Control17
1063,55723,991,259266,6241,57405,55355,9232,4288,113130,9787,9133,79801,9212,146909,332,11065;Control1,Control2,Control3,Control4,Control6,Control7,Control8,Control9,Control10,Control11,Control12,Control13,Control15,Control16,Control17
105372950,56896,79413,1750;Control1,Control2,Control3,Control4,Control5,Control6,Control7,Control8,Control9,Control10,Control11,Control12,Control13,Control16,Control17
105372950,731220,84561,100505994,80329,646024,105376041,3229;Control1,Control2,Control3,Control4,Control5,Control7,Control8,Control9,Control10,Control11,Control12,Control13,Control15,Control16,Control17
105372950,284958,84561,105377508,646024,105376041,3229,387895,115701,55655;Control1,Control2,Control3,Control4,Control5,Control7,Control8,Control9,Control10,Control11,Control12,Control13,Control15,Control16,Control17
105372950,56300,84561,80329,646024,105376041,3229,387895,4496;Control1,Control2,Control3,Control4,Control5,Control6,Control7,Control8,Control9,Control10,Control11,Control12,Control13,Control15,Control17
105372950,5798,84561,6534,646024,105376041,55655,3053,109729169;Control1,Control2,Control3,Control4,Control5,Control6,Control7,Control8,Control9,Control10,Control11,Control13,Control15,Control16,Control17
105372950,79413;Control1,Control2,Control3,Control4,Control5,Control6,Control7,Control8,Control10,Control11,Control12,Control13,Control15,Control16,Control17
105372950,84561,80329,646024,105376041,3229,387895;Control1,Control2,Control3,Control4,Control5,Control6,Control7,Control8,Control9,Control10,Control11,Control12,Control13,Control15,Control16,Control17
105372950,647309,105377508,646024,105376041,387895;Control1,Control2,Control3,Control4,Control5,Control7,Control8,Control9,Control10,Control11,Control12,Control13,Control15,Control16,Control17
105372950,2250,84561,646024,105376041,3229,387895,115701,55655;Control1,Control2,Control3,Control4,Control5,Control7,Control8,Control9,Control10,Control11,Control12,Control13,Control15,Control16,Control17
105372950,1404,56896,84561,1750,3856,113218482;Control1,Control2,Control3,Control4,Control5,Control6,Control7,Control8,Control9,Control10,Control11,Control12,Control13,Control16,Control17
105372950,389336,646024,1749,105376041,3229,387895,115701,55655;Control1,Control2,Control3,Control4,Control5,Control6,Control7,Control8,Control9,Control11,Control12,Control13,Control15,Control16,Control17
105372950,105375077;Control1,Control2,Control3,Control4,Control5,Control6,Control7,Control8,Control9,Control10,Control11,Control12,Control13,Control15,Control16,Control17
105372950,11075,731220,84561,646024,105376041,3229,55655;Control1,Control2,Control3,Control4,Control5,Control7,Control8,Control9,Control10,Control11,Control12,Control13,Control15,Control16,Control17
105372950,554202,731220,84561,100505994,646024,105376041,55655;Control1,Control2,Control3,Control4,Control5,Control7,Control8,Control9,Control10,Control11,Control12,Control13,Control15,Control16,Control17
105372950,364,84561,3856,113218482;Control1,Control2,Control3,Control4,Control5,Control6,Control7,Control8,Control9,Control10,Control11,Control12,Control13,Control16,Control17
105372950,387978,84561,80329,646024,105376041;Control1,Control2,Control3,Control4,Control5,Control6,Control7,Control8,Control10,Control11,Control12,Control13,Control15,Control16,Control17
105372950,9956,84561,100505994,646024,105376041;Control1,Control2,Control3,Control4,Control5,Control7,Control8,Control9,Control10,Control11,Control12,Control13,Control15,Control16,Control17
105372950,9955,84561,646024,105376041,387895,55655,3053;Control1,Control3,Control4,Control5,Control6,Control7,Control8,Control9,Control10,Control11,Control12,Control13,Control15,Control16,Control17
105372950,284240,56896,84561,1750,3856,113218482;Control1,Control2,Control3,Control4,Control5,Control6,Control7,Control8,Control9,Control10,Control11,Control12,Control13,Control16,Control17
105372950,80714,84561;Control1,Control2,Control3,Control4,Control5,Control6,Control7,Control8,Control9,Control10,Control12,Control13,Control15,Control16,Control17
105372950,100533990,5798,84561,646024,105376041,3229,387895,55655,3053,109729169;Control1,Control2,Control3,Control4,Control5,Control6,Control7,Control8,Control9,Control10,Control11,Control13,Control15,Control16,Control17
105372950,344,5798,84561,646024,105376041,3229,100533990,55655,3053,109729169;Control1,Control2,Control3,Control4,Control5,Control6,Control7,Control8,Control9,Control10,Control11,Control13,Control15,Control16,Control17
105372950,55655,84561,646024,105376041,3229,387895,3053;Control1,Control2,Control3,Control4,Control5,Control6,Control7,Control8,Control9,Control10,Control11,Control12,Control13,Control15,Control16,Control17
105372950,107985492,731220,100505994,80329,646024,105376041,3229,387895,3053;Control1,Control2,Control3,Control5,Control6,Control7,Control8,Control9,Control10,Control11,Control12,Control13,Control15,Control16,Control17
105372950,5008,56896,1404;Control1,Control2,Control3,Control4,Control5,Control6,Control7,Control8,Control9,Control10,Control11,Control12,Control13,Control16,Control17
105372950,109729169,84561,2250,646024,105376041,55655;Control1,Control2,Control3,Control4,Control5,Control7,Control8,Control9,Control10,Control11,Control12,Control13,Control15,Control16,Control17
105373106,5101;Control1,Control2,Control3,Control4,Control5,Control6,Control7,Control8,Control9,Control10,Control11,Control12,Control13,Control16,Control17
102723834,100506071;Control1,Control2,Control4,Control5,Control6,Control7,Control8,Control9,Control10,Control11,Control12,Control13,Control15,Control16,Control17
102723834,91828;Control1,Control2,Control4,Control5,Control6,Control7,Control8,Control9,Control10,Control11,Control12,Control13,Control15,Control16,Control17
102723834,11001;Control1,Control2,Control3,Control4,Control5,Control6,Control7,Control9,Control10,Control11,Control12,Control13,Control15,Control16,Control17
102723834,176;Control1,Control2,Control4,Control5,Control6,Control7,Control8,Control9,Control10,Control11,Control12,Control13,Control15,Control16,Control17
102723834,107985017;Control1,Control2,Control3,Control4,Control5,Control6,Control7,Control8,Control10,Control11,Control12,Control13,Control15,Control16,Control17
102723834,158511;Control1,Control2,Control3,Control4,Control5,Control6,Control7,Control8,Control9,Control10,Control11,Control12,Control13,Control15,Control17
574029,9378,107986951,2834;Control1,Control2,Control3,Control4,Control6,Control7,Control8,Control9,Control10,Control11,Control12,Control13,Control15,Control16,Control17
574029,860,6332;Control1,Control2,Control3,Control4,Control5,Control6,Control7,Control8,Control9,Control10,Control11,Control12,Control13,Control15,Control17
574029,64094,107986951,2834;Control1,Control2,Control3,Control4,Control5,Control6,Control7,Control8,Control9,Control10,Control11,Control12,Control13,Control15,Control16,Control17
574029,100652791,1301;Control1,Control2,Control3,Control4,Control5,Control6,Control7,Control8,Control9,Control10,Control11,Control12,Control13,Control16,Control17
574029,4973,107986951;Control1,Control2,Control3,Control4,Control5,Control6,Control7,Control8,Control9,Control11,Control12,Control13,Control15,Control16,Control17
574029,338005,107986951;Control1,Control2,Control3,Control4,Control5,Control6,Control7,Control8,Control9,Control10,Control11,Control12,Control13,Control15,Control17
574029,4318,107986951,109729184;Control1,Control2,Control3,Control4,Control5,Control6,Control7,Control8,Control9,Control10,Control11,Control12,Control13,Control15,Control17
58,28946,2019,1295,134285,389336,285987,4004,3502,145873,105371152,354,25818,5653,5650,28809,729442;Control1,Control2,Control3,Control4,Control6,Control7,Control8,Control9,Control10,Control11,Control12,Control13,Control15,Control16,Control17
58,2019,1295,134285,389336,285987,4004,145873,25818,5653,5650,28809,729442;Control1,Control2,Control3,Control4,Control5,Control6,Control7,Control8,Control9,Control10,Control11,Control12,Control13,Control15,Control16,Control17
58,102724714,4004,3502,28809;Control1,Control2,Control3,Control4,Control5,Control6,Control7,Control8,Control9,Control10,Control11,Control12,Control13,Control15,Control16,Control17
58,3512,28946,102724714,285987,4004,3502,28809,729442;Control1,Control2,Control3,Control4,Control6,Control7,Control8,Control9,Control10,Control11,Control12,Control13,Control15,Control16,Control17
58,102467080,134285,389336,285987,4004,145873,354,25818,5653,5650,28809,729442;Control1,Control2,Control3,Control4,Control5,Control6,Control7,Control8,Control9,Control10,Control11,Control13,Control15,Control16,Control17
58,5307,2019,134285,389336,285987,4004,3502,145873,25818,5653,5650,28809,105373150,729442;Control1,Control2,Control4,Control5,Control6,Control7,Control8,Control9,Control10,Control11,Control12,Control13,Control15,Control16,Control17
58,1749,2019,134285,389336,285987,4004,3227,145873,354,25818,5653,5650,28809,729442;Control1,Control2,Control3,Control4,Control5,Control6,Control7,Control8,Control9,Control10,Control11,Control12,Control13,Control16,Control17
58,27063,102724714,3502;Control2,Control3,Control4,Control5,Control6,Control7,Control8,Control9,Control10,Control11,Control12,Control13,Control15,Control16,Control17
58,6768,2019,134285,285987,4004,3502,145873,354,5653,5650,28809,729442;Control1,Control2,Control3,Control4,Control5,Control6,Control7,Control8,Control9,Control10,Control11,Control12,Control15,Control16,Control17
58,112937,101929215,158511;Control1,Control2,Control3,Control4,Control5,Control6,Control7,Control8,Control9,Control11,Control12,Control13,Control15,Control16,Control17
58,4973,134285,285987,4004,25818,5653,5650,28809,729442;Control1,Control2,Control3,Control4,Control5,Control6,Control7,Control8,Control9,Control10,Control11,Control12,Control13,Control15,Control16,Control17
58,5265,2019,1295,134285,389336,285987,4004,145873,5653,5650,28809,729442;Control1,Control2,Control3,Control4,Control5,Control6,Control7,Control8,Control9,Control10,Control11,Control13,Control15,Control16,Control17
58,3502,2019,134285,389336,285987,4004,145873,354,25818,5653,5650,28809,729442;Control1,Control2,Control3,Control4,Control5,Control6,Control7,Control8,Control9,Control10,Control11,Control12,Control13,Control15,Control16,Control17
58,339256,2019,1295,134285,389336,285987,4004,25818,5653,5650,28809,729442;Control2,Control3,Control4,Control5,Control6,Control7,Control8,Control9,Control10,Control11,Control12,Control13,Control15,Control16,Control17
58,284293,102724714,4004,3502,28809;Control1,Control2,Control3,Control4,Control5,Control6,Control7,Control9,Control10,Control11,Control12,Control13,Control15,Control16,Control17
58,105373150,134285,285987,4004,25818,5653,5650,28809,729442;Control1,Control2,Control3,Control4,Control5,Control6,Control7,Control8,Control9,Control10,Control11,Control12,Control13,Control15,Control16,Control17
9156,57405,332;Control1,Control2,Control3,Control4,Control5,Control6,Control7,Control8,Control9,Control10,Control11,Control12,Control13,Control15,Control16,Control17
9156,151760,57405,332;Control1,Control2,Control3,Control4,Control5,Control6,Control7,Control8,Control9,Control10,Control12,Control13,Control15,Control16,Control17
9156,10460,4605;Control1,Control2,Control3,Control4,Control5,Control6,Control7,Control8,Control9,Control10,Control11,Control12,Control13,Control15,Control16,Control17
9156,9232,57405,113130,332;Control1,Control2,Control3,Control4,Control5,Control6,Control7,Control8,Control9,Control10,Control11,Control12,Control13,Control15,Control16
9156,157313,332;Control1,Control2,Control3,Control4,Control5,Control6,Control7,Control8,Control9,Control10,Control11,Control12,Control13,Control15,Control16,Control17
9156,9833,259266,1063,6241,983,55165,100507118,332,29128,24137;Control1,Control2,Control3,Control4,Control5,Control6,Control7,Control8,Control9,Control10,Control11,Control12,Control15,Control16,Control17
9156,55388,57405;Control1,Control2,Control3,Control4,Control5,Control6,Control7,Control8,Control9,Control10,Control11,Control12,Control15,Control16,Control17
9156,9768,57405,332;Control1,Control2,Control3,Control4,Control6,Control7,Control8,Control9,Control10,Control11,Control12,Control13,Control15,Control16,Control17
9156,7153,1063,6241,9833,983,55165,100507118,332,29128,24137;Control1,Control2,Control3,Control4,Control5,Control6,Control7,Control8,Control9,Control10,Control11,Control12,Control15,Control16,Control17
9156,55771,4605,8318;Control1,Control2,Control3,Control4,Control5,Control6,Control7,Control8,Control9,Control10,Control11,Control12,Control13,Control15,Control16
6664,29851,5133,3627,4547,7180,2625,105372115;Control1,Control2,Control3,Control5,Control6,Control7,Control8,Control9,Control10,Control11,Control12,Control13,Control15,Control16,Control17
6664,3580,3627,4547,7180,2625,105372115;Control1,Control2,Control3,Control4,Control6,Control7,Control8,Control9,Control10,Control11,Control12,Control13,Control15,Control16,Control17
6664,56992,64151,55247,389903;Control1,Control2,Control3,Control4,Control5,Control6,Control7,Control8,Control9,Control10,Control11,Control12,Control13,Control15,Control16,Control17
6664,10721,9928,56992,64151,55247;Control1,Control2,Control3,Control4,Control5,Control6,Control7,Control9,Control10,Control11,Control12,Control13,Control15,Control16,Control17
6664,7180,4547,2625,387978,105372115;Control1,Control2,Control3,Control4,Control5,Control6,Control7,Control8,Control9,Control10,Control11,Control12,Control13,Control15,Control16,Control17
6664,85479,4547,27299,2625;Control1,Control2,Control3,Control4,Control5,Control7,Control8,Control9,Control10,Control11,Control12,Control13,Control15,Control16,Control17
6664,105375894,4547,7180,2625,387978,64843,105372115;Control1,Control2,Control4,Control5,Control6,Control7,Control8,Control9,Control10,Control11,Control12,Control13,Control15,Control16,Control17
6664,2834;Control1,Control2,Control3,Control4,Control5,Control6,Control7,Control8,Control10,Control11,Control12,Control13,Control15,Control16,Control17
6664,144455,64151,4001;Control1,Control2,Control3,Control4,Control5,Control6,Control7,Control8,Control9,Control10,Control11,Control12,Control13,Control15,Control16,Control17
6664,338797,50614,387978;Control1,Control2,Control3,Control4,Control5,Control6,Control7,Control8,Control9,Control10,Control11,Control12,Control15,Control16,Control17
6664,50614,7180,2625,387978;Control1,Control2,Control3,Control4,Control5,Control6,Control7,Control8,Control9,Control10,Control11,Control12,Control13,Control15,Control16,Control17
6664,221150,56992,64151,55247,4001,144455;Control1,Control2,Control3,Control4,Control5,Control6,Control7,Control8,Control9,Control10,Control11,Control12,Control13,Control15,Control16
6664,5083,3604,4547,27299,2625,387978,101060400,105372115;Control1,Control2,Control3,Control4,Control5,Control6,Control8,Control9,Control10,Control11,Control12,Control13,Control15,Control16,Control17
6664,6495,4547,27299,2625,387978,105372115;Control1,Control2,Control3,Control5,Control6,Control7,Control8,Control9,Control10,Control11,Control12,Control13,Control15,Control16,Control17
6664,57082,56992,64151,55247,105372115;Control1,Control2,Control3,Control4,Control5,Control6,Control7,Control8,Control9,Control10,Control11,Control12,Control13,Control15,Control17
6664,101060400,3604,4547,4001,27299,387978;Control1,Control2,Control3,Control4,Control5,Control6,Control8,Control9,Control10,Control11,Control12,Control13,Control15,Control16,Control17
6241,699,23397,64151,3161,54443,983,55165,51203,7153,29128;Control1,Control2,Control3,Control4,Control5,Control6,Control7,Control8,Control9,Control10,Control11,Control12,Control13,Control15,Control16,Control17
6241,55247,4751,1063,64151,3161,54443,55872,983,55165,221150,51203,9055,100507118,7153,29128,24137;Control1,Control2,Control3,Control4,Control5,Control6,Control7,Control8,Control9,Control10,Control11,Control12,Control13,Control15,Control17
6241,105375610,1058,150468,9787;Control1,Control2,Control3,Control4,Control5,Control6,Control7,Control8,Control9,Control10,Control11,Control12,Control13,Control15,Control16,Control17
6241,157313,150468,9787,332;Control1,Control2,Control3,Control4,Control5,Control6,Control7,Control8,Control9,Control10,Control11,Control12,Control13,Control15,Control16,Control17
6241,3832,55635,4751,23397,3161,54443,55872,983,55165,9824,51203,7153,24137;Control1,Control2,Control3,Control4,Control5,Control6,Control7,Control8,Control9,Control10,Control11,Control12,Control13,Control15,Control16
6241,9700,991,128239,259266,55355,9232,3833,4288,113130,9787,9133,9212,146909,24137;Control1,Control2,Control3,Control4,Control5,Control6,Control7,Control9,Control10,Control11,Control12,Control13,Control15,Control16,Control17
6241,9493,23397,3161,54443,55872,9833,983,55165,9824,51203,7153,29128;Control1,Control2,Control4,Control5,Control6,Control7,Control8,Control9,Control10,Control11,Control12,Control13,Control15,Control16,Control17
6241,5347,991,128239,55355,3833,4288,9700,9212;Control1,Control2,Control3,Control4,Control5,Control6,Control7,Control9,Control10,Control11,Control12,Control13,Control15,Control16,Control17
6241,147841,150468,10874,332;Control1,Control3,Control4,Control5,Control6,Control7,Control8,Control9,Control10,Control11,Control12,Control13,Control15,Control16,Control17
6241,9582,128239,3833,4288,9787,9212;Control1,Control3,Control4,Control5,Control6,Control7,Control8,Control9,Control10,Control11,Control12,Control13,Control15,Control16,Control17
6241,100874530,128239,9232,3833,9133,9212;Control1,Control3,Control4,Control5,Control6,Control7,Control8,Control9,Control10,Control11,Control12,Control13,Control15,Control16,Control17
3754,100507584,105375027,102724784,338667,3881;Control1,Control3,Control4,Control5,Control6,Control7,Control8,Control9,Control10,Control11,Control12,Control13,Control15,Control16,Control17
3754,50614,105375027,338797;Control1,Control2,Control3,Control4,Control5,Control6,Control7,Control8,Control10,Control11,Control12,Control13,Control15,Control16,Control17
3754,103689845,6273,105375027,101927760,102724784,338667,338797;Control1,Control2,Control3,Control4,Control5,Control6,Control7,Control8,Control9,Control10,Control11,Control12,Control13,Control16,Control17
3754,3881,6273,105375027,101927760,102724784,338667,338797;Control1,Control2,Control3,Control4,Control5,Control6,Control7,Control8,Control9,Control11,Control12,Control13,Control15,Control16,Control17
3754,53820,6273,105375027,101927760,338667,338797,105371050,111216286;Control1,Control2,Control3,Control4,Control5,Control7,Control8,Control9,Control10,Control11,Control12,Control13,Control15,Control16,Control17
3754,111216286,6273,105375027,101927760,102724784,338667,107985627;Control1,Control2,Control3,Control4,Control5,Control7,Control8,Control9,Control10,Control11,Control12,Control13,Control15,Control16,Control17
1058,27178,55143,150468,285643,105375610,157570;Control1,Control2,Control3,Control4,Control5,Control6,Control7,Control8,Control9,Control10,Control11,Control12,Control13,Control15,Control16
1058,100874028;Control1,Control2,Control3,Control4,Control5,Control6,Control7,Control9,Control10,Control11,Control12,Control13,Control15,Control16,Control17
1058,9232,1063,6241,3833,9787,9133,9212,146909;Control1,Control2,Control3,Control4,Control5,Control6,Control7,Control8,Control9,Control10,Control11,Control12,Control13,Control15,Control16,Control17
1058,101927813,9833;Control1,Control2,Control3,Control4,Control5,Control6,Control7,Control8,Control9,Control10,Control11,Control12,Control13,Control16,Control17
1058,54443,55143,150468,157570;Control1,Control2,Control3,Control4,Control5,Control6,Control7,Control8,Control9,Control10,Control11,Control12,Control13,Control15,Control16
1058,9833,1063,6241,3833,9787,146909;Control1,Control2,Control3,Control4,Control5,Control6,Control7,Control8,Control9,Control10,Control11,Control12,Control13,Control15,Control16,Control17
1058,983,55143,54443,157570,3832;Control1,Control2,Control3,Control4,Control5,Control6,Control7,Control8,Control9,Control10,Control11,Control12,Control13,Control15,Control16
1058,79733,55143,150468,105375610;Control1,Control2,Control3,Control4,Control5,Control6,Control8,Control9,Control10,Control11,Control12,Control13,Control15,Control16,Control17
1058,113130,991,128239,9232,4288,9787,9133,9212;Control1,Control3,Control4,Control5,Control6,Control7,Control8,Control9,Control10,Control11,Control12,Control13,Control15,Control16,Control17
1058,112937,991,128239,3833,4288,9212;Control1,Control2,Control3,Control4,Control5,Control6,Control7,Control8,Control9,Control10,Control11,Control12,Control13,Control15,Control17
1058,81624,4751;Control1,Control2,Control3,Control4,Control5,Control6,Control7,Control8,Control9,Control10,Control11,Control12,Control13,Control15,Control16
1058,91828,105375610,107985017;Control1,Control2,Control3,Control4,Control5,Control6,Control7,Control8,Control9,Control10,Control11,Control12,Control13,Control15,Control16,Control17
1058,9055,55143,6241,150468,3161,55872,9787,100507118;Control1,Control2,Control3,Control4,Control5,Control6,Control7,Control8,Control10,Control11,Control12,Control13,Control15,Control16,Control17
1058,100507118,1063,6241,150468,995,9833,9787,332,22974;Control1,Control2,Control3,Control5,Control6,Control7,Control8,Control9,Control10,Control11,Control12,Control13,Control15,Control16,Control17
1058,79801,991,128239,259266,1063,6241,55355,9232,3833,4288,9787,9133,9212,146909;Control1,Control2,Control3,Control4,Control5,Control6,Control7,Control8,Control9,Control10,Control11,Control12,Control13,Control15,Control17
1058,83903,55143,150468,105375610;Control1,Control2,Control4,Control5,Control6,Control7,Control8,Control9,Control10,Control11,Control12,Control13,Control15,Control16,Control17
1058,107985017,9232,3833,105375610,9787,9133;Control1,Control2,Control3,Control4,Control5,Control6,Control7,Control8,Control9,Control10,Control11,Control12,Control13,Control15,Control16,Control17
1058,332,991,259266,1063,6241,55355,995,9232,4288,9787,9133,9212,146909;Control1,Control2,Control3,Control4,Control5,Control6,Control7,Control8,Control9,Control10,Control11,Control12,Control13,Control15,Control17
1058,55723,1063,6241,150468,9787;Control1,Control2,Control3,Control4,Control6,Control7,Control8,Control9,Control10,Control11,Control12,Control13,Control15,Control16,Control17
1058,89858;Control1,Control2,Control3,Control4,Control5,Control7,Control8,Control9,Control10,Control11,Control12,Control13,Control15,Control16,Control17
1058,101929707,55143,27178,285643,105375610,79733;Control1,Control2,Control3,Control4,Control5,Control6,Control7,Control8,Control9,Control10,Control11,Control12,Control13,Control15,Control16
1058,9582,128239,105375610,4288,9787,9212;Control1,Control3,Control4,Control5,Control6,Control7,Control8,Control9,Control10,Control11,Control12,Control13,Control15,Control16,Control17
1058,100874530,128239,9232,105375610,9133,9212;Control1,Control3,Control4,Control5,Control6,Control7,Control8,Control9,Control10,Control11,Control12,Control13,Control15,Control16,Control17
1058,51512,150468,27178,285643,157570;Control1,Control2,Control3,Control4,Control5,Control6,Control7,Control8,Control9,Control10,Control11,Control12,Control13,Control15,Control16
1058,24137,991,128239,259266,1063,6241,55355,995,4288,9787,9133,9212,146909;Control1,Control2,Control3,Control4,Control5,Control6,Control7,Control8,Control9,Control10,Control11,Control12,Control13,Control15,Control17
1058,102723547;Control1,Control3,Control4,Control5,Control6,Control7,Control8,Control9,Control10,Control11,Control12,Control13,Control15,Control16,Control17
1058,158511,3833,105375610;Control1,Control2,Control3,Control4,Control5,Control6,Control7,Control8,Control9,Control10,Control11,Control12,Control13,Control15,Control17
56896,79413,80714;Control1,Control2,Control3,Control4,Control5,Control6,Control7,Control8,Control9,Control10,Control11,Control12,Control13,Control15,Control16,Control17
56896,286676,89886,80714;Control1,Control2,Control3,Control4,Control5,Control6,Control7,Control8,Control9,Control10,Control11,Control13,Control15,Control16,Control17
56896,101928658,64094;Control1,Control2,Control3,Control4,Control5,Control7,Control8,Control9,Control10,Control11,Control12,Control13,Control15,Control16,Control17
56896,1404,1750,3856,113218482;Control1,Control2,Control3,Control4,Control5,Control6,Control7,Control8,Control9,Control10,Control11,Control12,Control13,Control15,Control16,Control17
56896,364,1404,1750,3856,113218482,594855;Control1,Control2,Control3,Control4,Control6,Control7,Control8,Control9,Control10,Control11,Control12,Control13,Control15,Control16,Control17
56896,55867,101928658;Control1,Control2,Control3,Control4,Control5,Control7,Control8,Control9,Control10,Control11,Control12,Control13,Control15,Control16,Control17
56896,8538,1404,3856,113218482;Control1,Control2,Control3,Control4,Control5,Control6,Control7,Control8,Control9,Control11,Control12,Control13,Control15,Control16,Control17
56896,50615,55867;Control1,Control2,Control3,Control4,Control5,Control7,Control8,Control9,Control10,Control11,Control12,Control13,Control15,Control16,Control17
56896,284240,1750,3856,113218482;Control1,Control2,Control3,Control4,Control5,Control6,Control7,Control8,Control9,Control10,Control11,Control12,Control13,Control15,Control16,Control17
56896,147741,1404;Control2,Control3,Control4,Control5,Control6,Control7,Control8,Control9,Control10,Control11,Control12,Control13,Control15,Control16,Control17
56896,111216286,3856,113218482,284240;Control1,Control2,Control3,Control4,Control5,Control6,Control7,Control8,Control9,Control10,Control11,Control12,Control15,Control16,Control17
56896,5008,1404,1750,3856,113218482;Control2,Control3,Control4,Control5,Control6,Control7,Control8,Control9,Control10,Control11,Control12,Control13,Control15,Control16,Control17
56896,9758,1404,1750,3856,113218482;Control1,Control2,Control4,Control5,Control6,Control7,Control8,Control9,Control10,Control11,Control12,Control13,Control15,Control16,Control17
6716,9378,5865,1047,166979,219527,4544,116173,6345;Control1,Control2,Control3,Control4,Control5,Control6,Control7,Control8,Control9,Control10,Control11,Control12,Control13,Control15,Control17
6716,8419;Control1,Control2,Control3,Control4,Control5,Control6,Control7,Control8,Control9,Control11,Control12,Control13,Control15,Control16,Control17
6716,171019,477,8424,105372613;Control1,Control2,Control3,Control4,Control6,Control7,Control8,Control9,Control10,Control11,Control12,Control13,Control15,Control16,Control17
6716,2845,105372613;Control1,Control2,Control3,Control4,Control6,Control7,Control8,Control9,Control10,Control11,Control12,Control13,Control15,Control16,Control17
6716,3053,5865,1047,166979,219527,4544,116173,594855,6345;Control1,Control2,Control3,Control4,Control5,Control6,Control7,Control8,Control9,Control10,Control11,Control12,Control13,Control16,Control17
9378,101927686,5865,166979,219527,4544;Control1,Control2,Control3,Control5,Control6,Control7,Control8,Control9,Control10,Control11,Control12,Control13,Control15,Control16,Control17
9378,7681,5865,166979,219527,4544,6345,107985436;Control1,Control2,Control3,Control4,Control5,Control6,Control8,Control9,Control10,Control11,Control12,Control13,Control15,Control16,Control17
9378,594855,5865,166979,219527,4544,6345;Control1,Control2,Control3,Control4,Control5,Control7,Control8,Control9,Control10,Control11,Control12,Control13,Control15,Control16,Control17
9378,105370960,5865,166979,219527,4544,105371152;Control1,Control2,Control3,Control4,Control5,Control6,Control7,Control8,Control9,Control11,Control12,Control13,Control15,Control16,Control17
9378,6860,5865,166979,219527,4544;Control2,Control3,Control4,Control5,Control6,Control7,Control8,Control9,Control10,Control11,Control12,Control13,Control15,Control16,Control17
9378,54854;Control1,Control2,Control3,Control4,Control5,Control6,Control7,Control8,Control9,Control10,Control11,Control12,Control13,Control15,Control17
101927750,28946,134285,285987,4004,3502,354,5653,5650,28809,729442;Control1,Control2,Control3,Control4,Control5,Control6,Control7,Control8,Control9,Control10,Control11,Control12,Control13,Control15,Control17
101927750,100506895,8471;Control1,Control2,Control4,Control5,Control6,Control7,Control8,Control9,Control10,Control11,Control12,Control13,Control15,Control16,Control17
101927750,2893;Control1,Control2,Control3,Control4,Control5,Control6,Control7,Control8,Control9,Control10,Control11,Control12,Control15,Control16,Control17
101927750,4973,58,2019,1295,134285,389336,285987,4004,145873,25818,5653,5650,28809,729442;Control1,Control2,Control3,Control4,Control5,Control6,Control7,Control8,Control9,Control10,Control11,Control12,Control13,Control15,Control17
101927750,5265,285987,4004,4973,5653,5650,28809,729442;Control1,Control2,Control3,Control4,Control5,Control6,Control7,Control8,Control9,Control10,Control11,Control12,Control13,Control15,Control17
101927750,3502,58,2019,134285,389336,285987,4004,4973,145873,25818,5653,5650,28809,729442;Control1,Control2,Control3,Control4,Control5,Control6,Control7,Control8,Control9,Control10,Control11,Control12,Control13,Control15,Control17
101927750,100126311;Control1,Control2,Control3,Control4,Control5,Control6,Control7,Control8,Control9,Control10,Control11,Control12,Control13,Control16,Control17
101927750,354,58,2019,134285,389336,285987,4004,3502,145873,25818,5653,5650,28809,729442;Control1,Control2,Control3,Control4,Control5,Control6,Control7,Control8,Control9,Control10,Control11,Control12,Control13,Control15,Control17
101927750,105373150,58,134285,285987,4004,25818,5653,5650,28809,729442;Control1,Control2,Control3,Control4,Control5,Control6,Control7,Control8,Control9,Control10,Control11,Control12,Control13,Control15,Control17
101928173,2019;Control1,Control2,Control3,Control4,Control5,Control6,Control8,Control9,Control10,Control11,Control12,Control13,Control15,Control16,Control17
101928173,1295;Control1,Control2,Control3,Control4,Control5,Control6,Control7,Control8,Control9,Control10,Control11,Control13,Control15,Control16,Control17
101928173,102467080;Control1,Control2,Control3,Control4,Control5,Control6,Control8,Control9,Control10,Control11,Control12,Control13,Control15,Control16,Control17
101928173,4973;Control1,Control2,Control3,Control4,Control5,Control6,Control7,Control8,Control9,Control10,Control11,Control12,Control13,Control15,Control17
101928173,5265,10437;Control2,Control3,Control4,Control5,Control6,Control7,Control8,Control9,Control10,Control11,Control12,Control13,Control15,Control16,Control17
101928173,4166;Control1,Control2,Control3,Control5,Control6,Control7,Control8,Control9,Control10,Control11,Control12,Control13,Control15,Control16,Control17
101928152,79674;Control1,Control2,Control3,Control4,Control5,Control6,Control7,Control8,Control9,Control11,Control12,Control13,Control15,Control16,Control17
101928152,57167;Control1,Control2,Control3,Control4,Control6,Control7,Control8,Control9,Control10,Control11,Control12,Control13,Control15,Control16,Control17
28946,102724714,134285,285987,4004,3502,5653,5650,28809,729442;Control1,Control2,Control3,Control4,Control5,Control6,Control7,Control8,Control10,Control11,Control12,Control13,Control15,Control16,Control17
28946,79674,354;Control1,Control2,Control3,Control4,Control5,Control6,Control7,Control8,Control9,Control10,Control11,Control12,Control13,Control15,Control16,Control17
28946,3512,105371152;Control1,Control2,Control3,Control4,Control5,Control6,Control7,Control8,Control9,Control10,Control11,Control12,Control13,Control15,Control16,Control17
28946,134285,285987,4004,3502,354,5653,5650,28809,729442;Control1,Control2,Control3,Control4,Control5,Control6,Control7,Control8,Control9,Control10,Control11,Control12,Control13,Control15,Control16,Control17
28946,245972,105371152;Control1,Control2,Control3,Control5,Control6,Control7,Control8,Control9,Control10,Control11,Control12,Control13,Control15,Control16,Control17
28946,29991,134285,285987,4004,3502,354,5653,5650,28809,729442;Control1,Control2,Control3,Control4,Control5,Control6,Control7,Control8,Control9,Control10,Control11,Control13,Control15,Control16,Control17
28946,219527,5865,6716,3512,1047,166979,101927686,4544,116173,6345,105371152;Control1,Control2,Control3,Control4,Control5,Control6,Control7,Control8,Control9,Control11,Control12,Control13,Control15,Control16,Control17
28946,6768,3502,28809;Control1,Control2,Control3,Control4,Control5,Control6,Control7,Control8,Control9,Control10,Control11,Control12,Control13,Control15,Control16,Control17
28946,4973,134285,285987,4004,3502,105371152,354,5653,5650,28809,729442;Control1,Control2,Control3,Control4,Control6,Control7,Control8,Control9,Control10,Control11,Control12,Control13,Control15,Control16,Control17
28946,3856,79674,113218482,354;Control1,Control2,Control3,Control4,Control5,Control7,Control8,Control9,Control10,Control11,Control12,Control13,Control15,Control16,Control17
28946,284293,3502,28809;Control1,Control2,Control3,Control4,Control5,Control6,Control7,Control8,Control9,Control10,Control11,Control12,Control13,Control15,Control16,Control17
28946,105373150,134285,285987,4004,3502,354,25818,5653,5650,28809,729442;Control1,Control2,Control4,Control5,Control6,Control7,Control8,Control9,Control10,Control11,Control12,Control13,Control15,Control16,Control17
23397,100874028,10721,7272,11130;Control1,Control2,Control3,Control4,Control5,Control6,Control7,Control8,Control10,Control11,Control12,Control13,Control15,Control16,Control17
23397,56992,4751,55247,3161,55872,55165,221150,7153,29128,24137;Control1,Control2,Control3,Control4,Control5,Control6,Control7,Control8,Control9,Control10,Control11,Control12,Control13,Control15,Control16,Control17
23397,10721,699,64151,3161,7272,55165,7153,29128;Control1,Control2,Control3,Control4,Control5,Control6,Control7,Control8,Control9,Control10,Control11,Control12,Control13,Control15,Control16,Control17
23397,4085,55635,9928,4751,55247,3161,54443,55872,221150,100288637,7153;Control1,Control2,Control3,Control4,Control5,Control6,Control7,Control8,Control9,Control10,Control11,Control12,Control13,Control15,Control16
23397,891,4751,6241,3161,54443,55872,9833,983,55165,221150,51203,7153,29128,24137;Control1,Control2,Control3,Control4,Control6,Control7,Control8,Control9,Control10,Control11,Control12,Control13,Control15,Control16,Control17
23397,4001,4751,55247,3161,54443,55872,983,55165,221150,100288637,9055,7153,29128;Control1,Control2,Control3,Control4,Control5,Control6,Control7,Control9,Control10,Control11,Control12,Control13,Control15,Control16,Control17
23397,101927813,699,3161,9833,11130;Control1,Control2,Control3,Control4,Control5,Control6,Control7,Control9,Control10,Control11,Control12,Control13,Control15,Control16,Control17
23397,221150,4751,6241,3161,54443,55872,9833,983,55165,51203,7153,29128,24137;Control1,Control2,Control3,Control4,Control5,Control6,Control7,Control8,Control9,Control10,Control11,Control12,Control13,Control15,Control16,Control17
23397,9787,1063,6241,55355,64151,3161,55872,983,55165,221150,51203,100507118,79801,7153,29128,24137;Control1,Control2,Control3,Control4,Control5,Control6,Control7,Control9,Control10,Control11,Control12,Control13,Control15,Control16,Control17
23397,100288637,55635,4751,55247,3161,54443,55872,983,55165,7153,29128;Control1,Control2,Control3,Control4,Control5,Control6,Control7,Control8,Control9,Control10,Control11,Control12,Control13,Control15,Control16,Control17
23397,9768,10721,64151,7272,55165,7153,29128;Control1,Control2,Control3,Control4,Control5,Control6,Control7,Control8,Control9,Control10,Control11,Control12,Control13,Control15,Control16,Control17
23397,9055,55635,4751,55247,3161,54443,55872,983,55165,100288637,7153,29128;Control1,Control2,Control3,Control4,Control5,Control6,Control7,Control9,Control10,Control11,Control12,Control13,Control15,Control16,Control17
23397,100507118,4751,6241,699,3161,54443,55872,9833,983,55165,221150,51203,7153,29128,24137;Control1,Control2,Control3,Control5,Control6,Control7,Control8,Control9,Control10,Control11,Control12,Control13,Control15,Control16,Control17
23397,79801,83540,6241,55355,3161,55165,57082,51203,220134;Control1,Control2,Control3,Control4,Control5,Control6,Control7,Control9,Control10,Control11,Control12,Control13,Control15,Control16,Control17
23397,54478,55635,11130,983,3832;Control1,Control2,Control3,Control5,Control6,Control7,Control8,Control9,Control10,Control11,Control12,Control13,Control15,Control16,Control17
731220,56300,100505994,80329,646024,105376041,3229,387895,4496;Control1,Control2,Control3,Control4,Control5,Control6,Control7,Control8,Control9,Control10,Control11,Control12,Control13,Control15,Control17
731220,5798,100505994,646024,11075,554202,105376041,100533990,344,55655,109729169;Control1,Control2,Control3,Control4,Control5,Control6,Control7,Control8,Control9,Control10,Control11,Control13,Control15,Control16,Control17
731220,647309,100505994,646024,105376041,3229,387895,55655;Control1,Control2,Control4,Control5,Control6,Control7,Control8,Control9,Control10,Control11,Control12,Control13,Control15,Control16,Control17
731220,2250,646024,11075,105376041,3229,387895,115701,55655;Control1,Control2,Control3,Control4,Control5,Control6,Control7,Control8,Control9,Control10,Control12,Control13,Control15,Control16,Control17
731220,100505994,80329,646024,105376041,3229;Control1,Control2,Control3,Control4,Control5,Control6,Control7,Control8,Control9,Control10,Control11,Control12,Control13,Control15,Control16,Control17
731220,389336,100505994,646024,554202,105376041,55655;Control1,Control2,Control3,Control4,Control5,Control6,Control7,Control8,Control9,Control11,Control12,Control13,Control15,Control16,Control17
731220,860,100505994,80329,646024,554202,105376041,3229,5101;Control1,Control2,Control3,Control4,Control5,Control6,Control8,Control9,Control10,Control11,Control12,Control13,Control15,Control16,Control17
731220,168002,5798,646024,11075,554202,105376041,55655,109729169;Control1,Control2,Control3,Control4,Control5,Control6,Control7,Control8,Control9,Control10,Control11,Control13,Control15,Control16,Control17
731220,1749,389336,646024,11075,105376041,3229,115701,55655;Control1,Control2,Control3,Control4,Control5,Control6,Control7,Control8,Control9,Control11,Control12,Control13,Control15,Control16,Control17
731220,11075,646024,105376041,3229,55655;Control1,Control2,Control3,Control4,Control5,Control6,Control7,Control8,Control9,Control10,Control11,Control12,Control13,Control15,Control16,Control17
731220,105375690,100505994,646024,105376041,3229,387895,115701,55655,107985492;Control1,Control2,Control3,Control5,Control6,Control7,Control8,Control9,Control10,Control11,Control12,Control13,Control15,Control16,Control17
731220,554202,100505994,646024,105376041,55655;Control1,Control2,Control3,Control4,Control5,Control6,Control7,Control8,Control9,Control10,Control11,Control12,Control13,Control15,Control16,Control17
731220,338376,100505994,80329,646024,105376041,3229;Control2,Control3,Control4,Control5,Control6,Control7,Control8,Control9,Control10,Control11,Control12,Control13,Control15,Control16,Control17
731220,387895,105372950,80329,646024,105376041,3229;Control1,Control2,Control3,Control4,Control5,Control6,Control7,Control8,Control9,Control10,Control12,Control13,Control15,Control16,Control17
731220,387978,100505994,80329,646024,105376041,3229;Control1,Control2,Control3,Control4,Control5,Control6,Control7,Control8,Control10,Control11,Control12,Control13,Control15,Control16,Control17
731220,9956,100505994,646024,554202,105376041,55655;Control1,Control2,Control3,Control4,Control5,Control6,Control7,Control9,Control10,Control11,Control12,Control13,Control15,Control16,Control17
731220,115701,100505994,646024,105376041,3229,55655;Control1,Control3,Control4,Control5,Control6,Control7,Control8,Control9,Control10,Control11,Control12,Control13,Control15,Control16,Control17
731220,80714,11075;Control1,Control2,Control3,Control4,Control5,Control7,Control8,Control9,Control10,Control11,Control12,Control13,Control15,Control16,Control17
731220,57167,100505994,80329;Control1,Control2,Control3,Control4,Control5,Control6,Control7,Control8,Control9,Control10,Control11,Control13,Control15,Control16,Control17
731220,3053,100505994,80329,646024,105376041,3229;Control1,Control2,Control3,Control4,Control6,Control7,Control8,Control9,Control10,Control11,Control12,Control13,Control15,Control16,Control17
699,57405,259266,1063,6241,55355,64151,9787,79801,332,22974,24137;Control1,Control2,Control3,Control5,Control6,Control7,Control8,Control9,Control10,Control11,Control12,Control13,Control15,Control16,Control17
699,891,259266,6241,150468,55872,9833,55165,9787,51203,100507118,79801,332,22974;Control1,Control2,Control3,Control5,Control6,Control7,Control8,Control9,Control10,Control11,Control12,Control13,Control15,Control16,Control17
699,4001,64151,3161,54443,55165,51203,7153,29128;Control1,Control2,Control3,Control4,Control5,Control6,Control7,Control8,Control9,Control10,Control11,Control12,Control13,Control15,Control16,Control17
699,101927813,3161,9833;Control1,Control2,Control3,Control4,Control5,Control6,Control7,Control8,Control9,Control10,Control11,Control12,Control13,Control15,Control17
699,157570,4751,150468,54443,55872,9833,55165,51203;Control1,Control2,Control3,Control5,Control6,Control7,Control8,Control9,Control10,Control11,Control12,Control13,Control15,Control16,Control17
699,9833,6241,23397,3161,54443,983,55165,51203,7153,29128;Control1,Control2,Control3,Control4,Control5,Control6,Control7,Control8,Control9,Control10,Control11,Control12,Control13,Control15,Control16,Control17
699,55388,23397,100288637,7153;Control1,Control2,Control3,Control5,Control6,Control7,Control8,Control9,Control10,Control11,Control12,Control13,Control15,Control16,Control17
699,11130,23397,10721,3161,7272,100288637;Control1,Control2,Control3,Control4,Control5,Control6,Control7,Control8,Control9,Control10,Control11,Control12,Control13,Control15,Control16,Control17
699,374393,9833,29128;Control1,Control2,Control3,Control5,Control6,Control7,Control8,Control9,Control10,Control11,Control12,Control13,Control15,Control16,Control17
699,144455,10721,55165,7153,29128;Control1,Control2,Control3,Control4,Control5,Control7,Control8,Control9,Control10,Control11,Control12,Control13,Control15,Control16,Control17
699,221150,259266,1063,6241,55355,64151,55872,55165,9787,51203,100507118,79801,220134,29128,22974,24137;Control1,Control2,Control3,Control5,Control6,Control7,Control8,Control9,Control10,Control11,Control12,Control13,Control15,Control16,Control17
699,9824,55635,4751,55247,3161,54443,55872,983,3832,55165,51203,7153;Control1,Control2,Control3,Control5,Control6,Control7,Control8,Control9,Control10,Control11,Control12,Control13,Control15,Control16,Control17
699,57082,83540,23397,55355,3161,55165,51203;Control1,Control2,Control3,Control5,Control6,Control7,Control8,Control9,Control10,Control11,Control12,Control13,Control15,Control16,Control17
699,9768,23397,10721,64151,7272,55165,7153,29128,24137;Control1,Control2,Control3,Control5,Control6,Control7,Control8,Control9,Control10,Control11,Control12,Control13,Control15,Control16,Control17
699,9493,23397,3161,54443,9833,55165,9824,51203,7153,29128;Control1,Control2,Control4,Control5,Control6,Control7,Control8,Control9,Control10,Control11,Control12,Control13,Control15,Control16,Control17
699,9055,9928,4751,55247,891,3161,54443,55872,55165,51203,7153,29128;Control1,Control2,Control3,Control5,Control6,Control7,Control8,Control9,Control10,Control11,Control12,Control13,Control15,Control16,Control17
699,79801,83540,6241,55355,3161,9833,55165,51203,220134;Control1,Control2,Control3,Control5,Control6,Control7,Control8,Control9,Control10,Control11,Control12,Control13,Control15,Control16,Control17
699,22974;Control1,Control2,Control3,Control4,Control5,Control6,Control7,Control8,Control9,Control10,Control11,Control12,Control13,Control15,Control16,Control17
105373557,7036;Control1,Control3,Control4,Control5,Control6,Control7,Control8,Control9,Control10,Control11,Control12,Control13,Control15,Control16,Control17
105373557,374393;Control1,Control2,Control3,Control4,Control5,Control6,Control7,Control8,Control10,Control11,Control12,Control13,Control15,Control16,Control17
105373557,55867;Control1,Control2,Control3,Control4,Control5,Control7,Control8,Control9,Control10,Control11,Control12,Control13,Control15,Control16,Control17
284958,56300,105377508,646024,105376041,3229,387895,4496,115701,55655;Control1,Control2,Control3,Control4,Control5,Control6,Control7,Control8,Control9,Control10,Control11,Control12,Control13,Control15,Control17
284958,647309,5798,105377508,646024,105376041,3229,387895,109729169;Control1,Control2,Control3,Control4,Control5,Control6,Control7,Control8,Control9,Control10,Control11,Control13,Control15,Control16,Control17
284958,2250,105377508,646024,105376041,3229,387895,115701,55655;Control1,Control3,Control4,Control5,Control6,Control7,Control8,Control9,Control10,Control11,Control12,Control13,Control15,Control16,Control17
284958,105377508,646024,105376041,3229,387895,115701,55655;Control1,Control2,Control3,Control4,Control5,Control6,Control7,Control8,Control9,Control10,Control11,Control12,Control13,Control15,Control16,Control17
284958,100505994,2250,646024,105375690,105376041,3229,387895,115701,55655,107985492;Control1,Control2,Control3,Control5,Control6,Control7,Control8,Control9,Control10,Control11,Control12,Control13,Control15,Control16,Control17
284958,389336,105377508,646024,105376041,3229,387895,115701,55655;Control1,Control2,Control3,Control4,Control5,Control6,Control7,Control8,Control9,Control11,Control12,Control13,Control15,Control16,Control17
284958,122042,646024,105376041,3229,387895,4496,115701;Control1,Control2,Control3,Control4,Control5,Control6,Control8,Control9,Control10,Control11,Control12,Control13,Control15,Control16,Control17
284958,387978,105377508,646024,105376041,3229,387895,115701,55655;Control1,Control2,Control3,Control4,Control5,Control6,Control7,Control8,Control10,Control11,Control12,Control13,Control15,Control16,Control17
284958,9956,105377508,646024,105376041,3229,387895,115701,55655;Control1,Control2,Control3,Control4,Control5,Control6,Control7,Control9,Control10,Control11,Control12,Control13,Control15,Control16,Control17
284958,4496,646024,105376041,3229,387895,115701;Control1,Control2,Control3,Control4,Control5,Control6,Control7,Control8,Control9,Control10,Control11,Control12,Control13,Control15,Control16,Control17
284958,9496;Control1,Control2,Control3,Control4,Control5,Control6,Control7,Control8,Control9,Control10,Control11,Control12,Control13,Control16,Control17
284958,3053,105377508,646024,105376041,3229,387895,115701,55655;Control1,Control2,Control3,Control4,Control6,Control7,Control8,Control9,Control10,Control11,Control12,Control13,Control15,Control16,Control17
150468,57405,991,259266,1063,6241,55355,995,9232,4288,113130,9787,9133,9212,10615,332;Control1,Control3,Control4,Control5,Control6,Control7,Control8,Control9,Control10,Control11,Control12,Control13,Control15,Control16,Control17
150468,64151,259266,1063,6241,57405,55355,55165,9787,332,220134,24137;Control1,Control3,Control4,Control5,Control6,Control7,Control8,Control9,Control10,Control11,Control12,Control13,Control15,Control16,Control17
150468,3161,259266,1063,6241,55355,55872,983,55165,9787,51203,100507118,79801,332,29128,24137;Control1,Control2,Control3,Control4,Control5,Control6,Control7,Control8,Control9,Control10,Control11,Control12,Control15,Control16,Control17
150468,3833,259266,1063,6241,55355,995,9787,100507118,79801,332,24137;Control1,Control2,Control3,Control4,Control5,Control6,Control7,Control8,Control9,Control10,Control11,Control12,Control15,Control16,Control17
150468,100507584,27178,285643,51512;Control1,Control2,Control3,Control4,Control5,Control6,Control7,Control8,Control9,Control10,Control11,Control12,Control13,Control15,Control16
150468,9833,259266,1063,6241,995,157313,55165,9787,100507118,79801,332,24137;Control1,Control2,Control3,Control4,Control5,Control6,Control7,Control8,Control9,Control10,Control11,Control12,Control15,Control16,Control17
150468,3832,55143,157570,83903;Control1,Control2,Control3,Control4,Control5,Control6,Control7,Control9,Control10,Control11,Control12,Control13,Control15,Control16,Control17
150468,221150,128239,259266,1063,6241,55355,4288,113130,9787,9212,10615,220134,24137;Control1,Control3,Control4,Control5,Control6,Control7,Control8,Control9,Control10,Control11,Control12,Control13,Control15,Control16,Control17
150468,9493,4751,54443,9824,9055,83903;Control1,Control2,Control3,Control4,Control5,Control6,Control7,Control8,Control9,Control10,Control11,Control12,Control15,Control16,Control17
150468,146909,259266,1063,6241,995,55872,9787,100507118,79801,332;Control1,Control2,Control3,Control4,Control5,Control6,Control7,Control8,Control9,Control10,Control12,Control13,Control15,Control16,Control17
150468,220134,991,128239,259266,1063,6241,55355,995,4288,113130,9787,9212,10615,332,24137;Control1,Control3,Control4,Control5,Control6,Control7,Control8,Control9,Control10,Control11,Control12,Control13,Control15,Control16,Control17
150468,55723,259266,1063,6241,891,55872,9787,100507118,79801,332,24137;Control1,Control2,Control3,Control4,Control6,Control7,Control8,Control9,Control10,Control11,Control12,Control13,Control15,Control16,Control17
150468,11065,991,128239,6241,4288,113130,9787,10615,220134;Control1,Control3,Control4,Control5,Control6,Control7,Control8,Control9,Control10,Control11,Control12,Control13,Control15,Control16,Control17
150468,8318,991,995,9232,113130,9212,332;Control1,Control3,Control4,Control5,Control6,Control7,Control8,Control9,Control10,Control11,Control12,Control13,Control15,Control16,Control17
150468,51512,157313;Control1,Control2,Control3,Control4,Control5,Control6,Control7,Control8,Control9,Control10,Control11,Control12,Control13,Control15,Control16,Control17
27178,100507584,285643,51512;Control1,Control2,Control3,Control4,Control5,Control6,Control7,Control8,Control9,Control10,Control11,Control12,Control13,Control15,Control16,Control17
27178,116173,285643;Control1,Control2,Control3,Control4,Control6,Control7,Control8,Control9,Control10,Control11,Control12,Control13,Control15,Control16,Control17
27178,83903,285643,157570,51512;Control1,Control2,Control3,Control4,Control5,Control6,Control7,Control8,Control9,Control10,Control11,Control12,Control13,Control15,Control16,Control17
27178,5354,285643,79733,101929707;Control1,Control2,Control3,Control4,Control5,Control6,Control7,Control8,Control9,Control10,Control11,Control12,Control13,Control15,Control17
27178,186,285643,157570,79733;Control1,Control2,Control3,Control4,Control5,Control6,Control8,Control9,Control10,Control11,Control12,Control13,Control15,Control16,Control17
56300,6332,1301,100652791,2834;Control1,Control2,Control3,Control4,Control5,Control6,Control8,Control9,Control10,Control11,Control12,Control13,Control15,Control16,Control17
56300,5798,374946,646024,11075,105376041,4496,109729169;Control1,Control2,Control3,Control4,Control5,Control6,Control7,Control8,Control9,Control10,Control11,Control12,Control13,Control15,Control17
56300,647309,5798,646024,105376041,4496,109729169;Control1,Control2,Control3,Control4,Control5,Control6,Control7,Control8,Control9,Control10,Control11,Control12,Control13,Control15,Control17
56300,101928658,374946,3229,4496;Control1,Control2,Control3,Control4,Control5,Control6,Control7,Control8,Control9,Control10,Control11,Control13,Control15,Control16,Control17
56300,64094,1301,100652791,107986951;Control1,Control2,Control3,Control4,Control5,Control6,Control7,Control8,Control9,Control10,Control11,Control13,Control15,Control16,Control17
56300,554202,731220,100505994,646024,105376041,3229,387895,4496,55655;Control1,Control2,Control3,Control4,Control5,Control6,Control7,Control8,Control9,Control10,Control11,Control12,Control13,Control15,Control17
56300,100048912,347252,3229,4496;Control1,Control2,Control3,Control4,Control5,Control6,Control7,Control8,Control9,Control10,Control12,Control13,Control15,Control16,Control17
56300,2834,1301;Control1,Control2,Control3,Control4,Control5,Control6,Control7,Control8,Control9,Control10,Control11,Control12,Control13,Control15,Control16,Control17
56300,101101772,4496;Control1,Control2,Control3,Control5,Control6,Control7,Control8,Control9,Control10,Control11,Control12,Control13,Control15,Control16,Control17
56300,112937,1301,2834;Control1,Control2,Control3,Control4,Control5,Control6,Control7,Control8,Control9,Control10,Control11,Control12,Control13,Control15,Control16
56300,10024,128239,2834;Control1,Control2,Control3,Control4,Control5,Control6,Control7,Control8,Control9,Control10,Control11,Control12,Control13,Control15,Control16
56300,9956,100505994,646024,105376041,3229,387895,4496;Control1,Control2,Control3,Control4,Control5,Control6,Control7,Control8,Control9,Control10,Control11,Control12,Control13,Control15,Control17
56300,6362,3229,387895,4496;Control1,Control2,Control4,Control5,Control6,Control7,Control8,Control9,Control10,Control11,Control12,Control13,Control15,Control16,Control17
56300,27091;Control1,Control2,Control3,Control4,Control5,Control6,Control7,Control8,Control9,Control10,Control12,Control13,Control15,Control16,Control17
56300,115701,731220,646024,105376041,3229,387895,4496,55655;Control1,Control2,Control3,Control4,Control5,Control6,Control7,Control8,Control9,Control10,Control11,Control12,Control13,Control15,Control17
56300,55655,105372950,84561,646024,105376041,3229,387895,4496,3053;Control1,Control2,Control3,Control4,Control5,Control6,Control7,Control8,Control9,Control10,Control11,Control12,Control13,Control15,Control17
2019,101927687;Control1,Control2,Control3,Control4,Control5,Control6,Control7,Control8,Control9,Control10,Control11,Control12,Control13,Control15,Control16,Control17
2019,100130275,101927687;Control1,Control2,Control3,Control4,Control5,Control6,Control7,Control8,Control9,Control10,Control11,Control13,Control15,Control16,Control17
2019,105375690,100996301,81849,23286,253650,100506411,101927355,107985492;Control1,Control2,Control3,Control4,Control5,Control6,Control7,Control8,Control9,Control11,Control12,Control13,Control15,Control16,Control17
2019,8538,4973;Control1,Control2,Control3,Control4,Control5,Control7,Control8,Control9,Control10,Control11,Control12,Control13,Control15,Control16,Control17
2019,3227,389336,285987,354,25818,5653,5650,729442;Control1,Control2,Control3,Control4,Control5,Control6,Control7,Control8,Control9,Control10,Control11,Control12,Control13,Control15,Control16,Control17
2019,105371927,134285;Control1,Control2,Control3,Control4,Control5,Control6,Control7,Control8,Control9,Control10,Control11,Control12,Control13,Control15,Control16,Control17
2019,647946,101927687;Control1,Control2,Control3,Control4,Control5,Control6,Control7,Control9,Control10,Control11,Control12,Control13,Control15,Control16,Control17
2019,284293,58,134285,285987,4004,3502,145873,354,28809,729442;Control1,Control2,Control3,Control4,Control5,Control6,Control7,Control8,Control10,Control11,Control12,Control13,Control15,Control16,Control17
2019,105373150,58,1295,134285,389336,285987,4004,145873,25818,5653,5650,28809,729442;Control1,Control2,Control4,Control5,Control6,Control7,Control8,Control9,Control10,Control11,Control12,Control13,Control15,Control16,Control17
55240,10309;Control1,Control2,Control3,Control5,Control6,Control7,Control8,Control9,Control10,Control11,Control12,Control13,Control15,Control16,Control17
55240,1750,3856;Control1,Control2,Control4,Control5,Control6,Control7,Control8,Control9,Control10,Control11,Control12,Control13,Control15,Control16,Control17
55240,9768;Control2,Control3,Control4,Control5,Control6,Control7,Control8,Control9,Control10,Control11,Control12,Control13,Control15,Control16,Control17
112714,646951;Control1,Control3,Control4,Control5,Control6,Control7,Control8,Control9,Control10,Control11,Control12,Control13,Control15,Control16,Control17
112714,105375027,102724784,107985627;Control1,Control2,Control3,Control4,Control6,Control7,Control8,Control9,Control10,Control11,Control12,Control13,Control15,Control16,Control17
112714,84649;Control1,Control2,Control3,Control4,Control5,Control6,Control7,Control8,Control9,Control10,Control11,Control13,Control15,Control16,Control17
112714,10942;Control1,Control2,Control3,Control4,Control5,Control6,Control7,Control8,Control9,Control10,Control11,Control12,Control15,Control16,Control17
112714,105372863;Control1,Control2,Control3,Control4,Control5,Control6,Control7,Control8,Control9,Control10,Control11,Control12,Control13,Control15,Control16,Control17
112714,26150;Control1,Control2,Control3,Control4,Control5,Control6,Control7,Control8,Control9,Control10,Control11,Control12,Control15,Control16,Control17
6332,941,860,9355,7681;Control1,Control2,Control3,Control4,Control5,Control6,Control7,Control8,Control9,Control10,Control11,Control12,Control13,Control15,Control16,Control17
6332,64094,574029,107986951,2834;Control1,Control2,Control3,Control4,Control5,Control6,Control8,Control9,Control10,Control11,Control12,Control13,Control15,Control16,Control17
6332,100652791,860;Control1,Control2,Control3,Control4,Control5,Control6,Control7,Control8,Control9,Control10,Control11,Control12,Control13,Control15,Control16,Control17
6332,63898,860,100652791;Control1,Control2,Control3,Control4,Control5,Control6,Control7,Control8,Control9,Control10,Control11,Control13,Control15,Control16,Control17
6332,554202,941,860,9355,7681;Control1,Control2,Control3,Control4,Control5,Control6,Control7,Control8,Control9,Control10,Control11,Control12,Control13,Control16,Control17
6332,105376042,9355,7681;Control1,Control2,Control3,Control4,Control5,Control6,Control7,Control8,Control9,Control10,Control11,Control12,Control13,Control15,Control17
6332,112268037,860,100652791,9388;Control1,Control2,Control3,Control5,Control6,Control7,Control8,Control9,Control10,Control11,Control12,Control13,Control15,Control16,Control17
6332,122042,860,9355,7681;Control1,Control2,Control3,Control4,Control5,Control6,Control7,Control8,Control9,Control10,Control11,Control12,Control13,Control16,Control17
6332,5101,860,554202,9355,7681;Control1,Control2,Control3,Control4,Control5,Control6,Control7,Control8,Control9,Control10,Control11,Control12,Control13,Control16,Control17
6332,105370924,9355;Control1,Control3,Control4,Control5,Control6,Control7,Control8,Control9,Control10,Control11,Control12,Control13,Control15,Control16,Control17
6332,101060400,941,860,9355,7681;Control1,Control2,Control3,Control4,Control5,Control6,Control7,Control8,Control10,Control11,Control12,Control13,Control15,Control16,Control17
6332,110806280,100652791;Control1,Control2,Control3,Control4,Control5,Control6,Control7,Control8,Control9,Control10,Control11,Control12,Control13,Control15,Control16
6332,107985436,941,860,9355,7681;Control1,Control2,Control3,Control4,Control6,Control7,Control8,Control9,Control10,Control11,Control12,Control13,Control15,Control16,Control17
6332,2277,9355,7681;Control1,Control2,Control3,Control5,Control6,Control7,Control8,Control9,Control10,Control11,Control12,Control13,Control15,Control16,Control17
6332,186;Control1,Control3,Control4,Control5,Control6,Control7,Control8,Control9,Control10,Control11,Control12,Control13,Control15,Control16,Control17
57405,55872,259266,1063,6241,55355,64151,55165,9787,100507118,79801,220134,29128,24137;Control1,Control3,Control4,Control5,Control6,Control7,Control8,Control9,Control10,Control11,Control12,Control13,Control15,Control16,Control17
57405,55388,9768,29128;Control1,Control2,Control3,Control4,Control5,Control6,Control7,Control8,Control9,Control10,Control11,Control12,Control13,Control15,Control16,Control17
57405,983,6241,55355,64151,55872,55165,57082,51203,100507118,79801,29128,24137;Control1,Control3,Control4,Control5,Control6,Control7,Control8,Control9,Control10,Control11,Control12,Control13,Control15,Control16,Control17
57405,2305,10615,55771,4605,8318;Control1,Control2,Control3,Control4,Control5,Control6,Control7,Control8,Control10,Control11,Control12,Control13,Control15,Control16,Control17
57405,107984129,89958,10615;Control1,Control2,Control3,Control4,Control5,Control6,Control7,Control8,Control9,Control10,Control11,Control13,Control15,Control16,Control17
57405,10024,991,259266,9232,4288,9133,9212;Control1,Control2,Control3,Control4,Control5,Control6,Control7,Control8,Control9,Control10,Control11,Control12,Control13,Control15,Control16,Control17
57405,221150,991,259266,1063,6241,55355,9232,4288,113130,9787,9133,9212,146909,332,24137;Control1,Control2,Control3,Control4,Control5,Control6,Control7,Control8,Control9,Control10,Control11,Control12,Control13,Control16,Control17
57405,51203,259266,6241,55355,64151,55872,55165,9787,100507118,79801,220134,29128,24137;Control1,Control3,Control4,Control5,Control6,Control7,Control8,Control9,Control10,Control11,Control12,Control13,Control15,Control16,Control17
57405,9768,64151,57082,29128,24137;Control1,Control2,Control3,Control4,Control5,Control6,Control7,Control8,Control9,Control10,Control11,Control12,Control13,Control15,Control16,Control17
57405,79801,991,259266,1063,6241,55355,9232,4288,9787,9133,9212,146909,332;Control1,Control2,Control3,Control4,Control5,Control6,Control7,Control8,Control9,Control10,Control11,Control12,Control13,Control15,Control16,Control17
57405,10615,991,259266,55355,9232,4288,113130,9133,9212;Control1,Control2,Control3,Control4,Control5,Control6,Control7,Control8,Control9,Control10,Control11,Control12,Control13,Control15,Control16,Control17
57405,7153,55355,64151,55872,983,55165,57082,51203,100507118,29128,24137;Control1,Control3,Control4,Control5,Control6,Control7,Control8,Control9,Control10,Control11,Control12,Control13,Control15,Control16,Control17
57405,55771,113130,9212,10615,8318;Control1,Control2,Control3,Control4,Control5,Control6,Control7,Control8,Control10,Control11,Control12,Control13,Control15,Control16,Control17
57405,220134,991,259266,1063,6241,55355,4288,113130,9787,9212,24137;Control1,Control2,Control3,Control4,Control5,Control6,Control7,Control8,Control9,Control10,Control11,Control12,Control13,Control15,Control16,Control17
57405,22974,991,259266,1063,6241,55355,9232,4288,113130,9787,9133,79801,9212,146909,332;Control1,Control2,Control3,Control5,Control6,Control7,Control8,Control9,Control10,Control11,Control12,Control13,Control15,Control16,Control17
57405,24137,991,259266,1063,6241,55355,4288,113130,9787,9133,9212,146909,332;Control1,Control2,Control3,Control4,Control5,Control6,Control7,Control8,Control9,Control10,Control11,Control12,Control13,Control15,Control16,Control17
1745,134285,285987,4004,4973,5653,5650,28809,729442;Control1,Control2,Control3,Control4,Control5,Control6,Control7,Control9,Control10,Control11,Control12,Control13,Control15,Control16,Control17
1745,100130275,5265;Control1,Control2,Control3,Control4,Control5,Control6,Control7,Control9,Control10,Control11,Control12,Control13,Control15,Control16,Control17
1745,8424,105369685,647946;Control1,Control2,Control3,Control4,Control5,Control6,Control7,Control8,Control9,Control11,Control12,Control13,Control15,Control16,Control17
1745,105370960;Control1,Control2,Control3,Control4,Control6,Control7,Control8,Control9,Control10,Control11,Control12,Control13,Control15,Control16,Control17
1745,647946;Control1,Control2,Control3,Control4,Control5,Control6,Control7,Control8,Control9,Control10,Control11,Control12,Control13,Control15,Control16,Control17
3239,2297;Control1,Control2,Control3,Control4,Control5,Control6,Control7,Control8,Control9,Control10,Control11,Control12,Control13,Control15,Control16,Control17
3239,100289137,51361,105374166,340273,253650,158228,143662,79056,100506411,654499,54101;Control1,Control2,Control4,Control5,Control6,Control7,Control8,Control9,Control10,Control11,Control12,Control13,Control15,Control16,Control17
3239,4321,6362;Control1,Control2,Control3,Control4,Control5,Control6,Control7,Control8,Control9,Control10,Control11,Control12,Control13,Control15,Control16,Control17
3239,161291;Control1,Control2,Control3,Control4,Control5,Control6,Control7,Control8,Control9,Control10,Control11,Control12,Control13,Control15,Control16,Control17
101927687,134285,2019,1295,285987,4004,145873,5653,5650,28809,729442;Control2,Control3,Control4,Control5,Control6,Control7,Control8,Control9,Control10,Control11,Control12,Control13,Control15,Control16,Control17
101927687,285987,2019,134285,4004,5653,5650,28809,729442;Control1,Control2,Control3,Control5,Control6,Control7,Control8,Control9,Control10,Control11,Control12,Control13,Control15,Control16,Control17
101927687,245972;Control2,Control3,Control4,Control5,Control6,Control7,Control8,Control9,Control10,Control11,Control12,Control13,Control15,Control16,Control17
101927687,2835,7546;Control1,Control2,Control3,Control4,Control5,Control6,Control7,Control8,Control9,Control11,Control12,Control13,Control15,Control16,Control17
101927687,5265,285987,4004,5653,5650,729442;Control1,Control2,Control3,Control5,Control6,Control7,Control8,Control9,Control10,Control11,Control12,Control13,Control15,Control16,Control17
101927687,339256;Control1,Control2,Control3,Control4,Control5,Control6,Control7,Control8,Control9,Control10,Control11,Control12,Control13,Control15,Control16,Control17
101927687,102606463,7546;Control1,Control2,Control3,Control4,Control5,Control6,Control7,Control8,Control9,Control11,Control12,Control13,Control15,Control16,Control17
101927687,55423,7546,366;Control1,Control2,Control3,Control4,Control5,Control6,Control7,Control8,Control9,Control11,Control12,Control13,Control15,Control16,Control17
29851,3580,3627,4547;Control1,Control2,Control3,Control4,Control6,Control7,Control8,Control9,Control10,Control11,Control12,Control13,Control15,Control16,Control17
29851,5133,4547;Control1,Control2,Control3,Control4,Control5,Control6,Control7,Control8,Control9,Control10,Control11,Control12,Control13,Control15,Control16,Control17
29851,50852,3135;Control1,Control2,Control3,Control4,Control5,Control6,Control7,Control8,Control10,Control11,Control12,Control13,Control15,Control16,Control17
29851,3627,4547;Control1,Control2,Control3,Control4,Control5,Control6,Control7,Control8,Control9,Control10,Control11,Control12,Control13,Control15,Control16,Control17
29851,57451,5133,107986606,6495;Control1,Control2,Control4,Control5,Control6,Control7,Control8,Control9,Control10,Control11,Control12,Control13,Control15,Control16,Control17
29851,3135,3352,51361,340273,158228,143662,79056,6495,100506411,654499,970,101927355,54101;Control1,Control2,Control3,Control4,Control5,Control6,Control7,Control8,Control10,Control11,Control12,Control13,Control15,Control16,Control17
29851,107986606,5133;Control1,Control2,Control3,Control4,Control5,Control6,Control7,Control8,Control9,Control10,Control11,Control12,Control13,Control15,Control16,Control17
29851,27299,6664,5133,4547,2625,387978,105372115;Control1,Control2,Control3,Control5,Control6,Control7,Control8,Control9,Control10,Control11,Control12,Control13,Control15,Control16,Control17
29851,85479,5133;Control1,Control2,Control3,Control5,Control6,Control7,Control8,Control9,Control10,Control11,Control12,Control13,Control15,Control16,Control17
29851,253650,51361,5133,105374166,23286,340273,100289137,158228,143662,79056,6495,100506411,654499,970,101927355,54101,2277;Control1,Control2,Control3,Control4,Control5,Control6,Control7,Control8,Control10,Control11,Control12,Control13,Control15,Control16,Control17
29851,7546,3352,5133,4547,366,101927355;Control1,Control2,Control3,Control4,Control5,Control6,Control7,Control8,Control10,Control11,Control12,Control13,Control15,Control16,Control17
29851,387978,6664,5133,4547,7180,2625,105372115;Control1,Control2,Control3,Control5,Control6,Control7,Control8,Control9,Control10,Control11,Control12,Control13,Control15,Control16,Control17
29851,11001,50852;Control1,Control2,Control3,Control4,Control6,Control7,Control8,Control9,Control10,Control11,Control12,Control13,Control15,Control16,Control17
29851,366,3352,51361,5133,4547,340273,158228,654499,101927355,2277;Control1,Control2,Control3,Control4,Control5,Control6,Control7,Control8,Control10,Control11,Control12,Control13,Control15,Control16,Control17
29851,105371275,5133;Control1,Control2,Control3,Control5,Control6,Control7,Control8,Control9,Control10,Control11,Control12,Control13,Control15,Control16,Control17
29851,970,3352,51361,5133,23286,340273,100289137,158228,143662,79056,6495,100506411,654499,101927355,54101,2277;Control1,Control2,Control3,Control4,Control5,Control6,Control7,Control8,Control10,Control11,Control12,Control13,Control15,Control16,Control17
29851,55423,50852,7546;Control1,Control2,Control3,Control4,Control5,Control6,Control7,Control8,Control10,Control11,Control12,Control13,Control15,Control16,Control17
102724714,1295,58,134285,285987,4004,145873,25818,5653,5650,28809,729442;Control1,Control2,Control3,Control4,Control5,Control6,Control7,Control8,Control10,Control11,Control12,Control13,Control15,Control16,Control17
102724714,1750;Control1,Control2,Control3,Control4,Control5,Control7,Control8,Control9,Control10,Control11,Control12,Control13,Control15,Control16,Control17
102724714,27063;Control1,Control2,Control3,Control4,Control5,Control6,Control7,Control8,Control9,Control10,Control11,Control12,Control13,Control15,Control16,Control17
102724714,5265,285987,4004,5653,5650,729442;Control1,Control2,Control3,Control4,Control5,Control6,Control7,Control8,Control10,Control11,Control12,Control13,Control15,Control16,Control17
102724714,101929707,58,4004,3502,28809;Control1,Control3,Control4,Control5,Control6,Control7,Control8,Control9,Control10,Control11,Control12,Control13,Control15,Control16,Control17
102724714,389903;Control1,Control2,Control3,Control4,Control5,Control6,Control7,Control8,Control9,Control11,Control12,Control13,Control15,Control16,Control17
3580,116173,5865,6716,1047,166979,101927686,219527,4544,594855,6345;Control1,Control2,Control3,Control4,Control5,Control6,Control7,Control8,Control10,Control11,Control12,Control13,Control15,Control16,Control17
3580,6860;Control1,Control2,Control3,Control4,Control5,Control6,Control7,Control8,Control10,Control11,Control12,Control13,Control15,Control16,Control17
5798,9076,101928658,168002,105378305,4318,109729184;Control1,Control2,Control3,Control4,Control5,Control6,Control7,Control8,Control9,Control10,Control12,Control13,Control15,Control16,Control17
5798,100379220,168002,107984129,79191,1995,100533990,344,109729184;Control1,Control2,Control3,Control4,Control5,Control6,Control7,Control8,Control9,Control10,Control11,Control12,Control13,Control16,Control17
5798,6534,105378305,344;Control1,Control2,Control3,Control4,Control5,Control6,Control7,Control8,Control9,Control10,Control11,Control12,Control13,Control15,Control16,Control17
5798,168002,101928658,4318,109729184;Control1,Control2,Control3,Control4,Control5,Control6,Control7,Control8,Control9,Control10,Control11,Control12,Control13,Control15,Control16,Control17
5798,63898,374946,860,57167;Control1,Control2,Control3,Control4,Control5,Control6,Control8,Control9,Control10,Control11,Control12,Control13,Control15,Control16,Control17
5798,107984129,89886,168002,105378305,79191,1995,100533990,344,109729184,7477;Control1,Control2,Control3,Control4,Control5,Control6,Control7,Control8,Control9,Control10,Control11,Control12,Control13,Control16,Control17
5798,10265,168002,107984129,79191,1995,344,109729184;Control1,Control2,Control3,Control4,Control5,Control6,Control7,Control8,Control9,Control10,Control11,Control12,Control13,Control16,Control17
5798,4496,374946,284958,646024,168002,105376041,3229,387895,115701,109729169;Control1,Control2,Control3,Control4,Control5,Control6,Control7,Control8,Control9,Control10,Control11,Control13,Control15,Control16,Control17
5798,9955,6534,100533990,109729169;Control1,Control3,Control4,Control5,Control6,Control7,Control8,Control9,Control10,Control11,Control12,Control13,Control15,Control16,Control17
5798,100533789;Control1,Control2,Control3,Control4,Control5,Control6,Control7,Control8,Control9,Control10,Control11,Control12,Control13,Control15,Control16,Control17
5798,3053,11075,109729169;Control1,Control2,Control3,Control4,Control5,Control6,Control7,Control8,Control9,Control10,Control11,Control12,Control13,Control15,Control16,Control17
57624,3620;Control1,Control2,Control3,Control4,Control5,Control6,Control7,Control8,Control9,Control10,Control11,Control12,Control15,Control16,Control17
57624,105376042,9355,5083;Control1,Control2,Control3,Control4,Control5,Control6,Control7,Control8,Control10,Control11,Control12,Control13,Control15,Control16,Control17
57624,2835;Control1,Control2,Control3,Control4,Control5,Control6,Control8,Control9,Control10,Control11,Control12,Control13,Control15,Control16,Control17
57624,122042;Control1,Control2,Control3,Control4,Control5,Control6,Control7,Control8,Control9,Control10,Control11,Control12,Control13,Control16,Control17
57624,5083;Control1,Control2,Control4,Control5,Control6,Control7,Control8,Control9,Control10,Control11,Control12,Control13,Control15,Control16,Control17
57624,101060400,5083;Control1,Control2,Control3,Control4,Control5,Control6,Control7,Control8,Control9,Control10,Control11,Control12,Control15,Control16,Control17
55355,55247,1063,6241,64151,3161,55872,983,55165,221150,51203,9055,100507118,7153,220134,29128,24137;Control1,Control2,Control3,Control4,Control5,Control6,Control7,Control8,Control9,Control10,Control11,Control12,Control13,Control15,Control17
55355,891,259266,6241,64151,55872,55165,221150,9787,51203,100507118,79801,220134,29128,24137;Control1,Control2,Control3,Control4,Control5,Control6,Control7,Control8,Control9,Control10,Control11,Control12,Control13,Control15,Control16,Control17
55355,4001,1063,64151,3161,54443,55872,55165,221150,9787,57082,51203,100507118,79801,7153,29128;Control1,Control2,Control3,Control4,Control5,Control6,Control7,Control8,Control9,Control10,Control11,Control12,Control13,Control15,Control16
55355,54443,6241,64151,891,3161,55872,55165,221150,57082,51203,220134,29128,24137;Control1,Control3,Control4,Control5,Control6,Control7,Control8,Control9,Control10,Control11,Control12,Control13,Control15,Control16,Control17
55355,157313,259266,1063,6241,150468,995,55165,9787,100507118,79801,332,24137;Control1,Control2,Control3,Control4,Control5,Control6,Control7,Control8,Control9,Control10,Control11,Control12,Control15,Control16,Control17
55355,157570,55165,220134,24137;Control1,Control3,Control4,Control5,Control6,Control7,Control8,Control9,Control10,Control11,Control12,Control13,Control15,Control16,Control17
55355,55872,259266,1063,6241,64151,55165,221150,9787,51203,100507118,79801,220134,29128,24137;Control1,Control2,Control3,Control4,Control5,Control6,Control7,Control8,Control9,Control10,Control11,Control12,Control13,Control15,Control16,Control17
55355,983,1063,6241,64151,3161,55872,55165,221150,9787,51203,100507118,79801,29128,24137;Control1,Control2,Control3,Control4,Control5,Control6,Control7,Control8,Control9,Control10,Control11,Control12,Control13,Control15,Control16,Control17
55355,10024,991,128239,259266,64151,4288,9787,9133,79801,9212,220134;Control1,Control2,Control3,Control4,Control5,Control6,Control7,Control8,Control10,Control11,Control12,Control13,Control15,Control16,Control17
55355,144455,64151,891,3161,54443,55872,55165,221150,9787,57082,51203,7153,29128;Control1,Control2,Control3,Control4,Control5,Control6,Control7,Control8,Control9,Control10,Control11,Control12,Control13,Control15,Control16
55355,201299,56992;Control1,Control2,Control3,Control4,Control5,Control6,Control7,Control8,Control9,Control10,Control11,Control12,Control13,Control15,Control17
55355,7153,1063,6241,64151,3161,55872,983,55165,221150,57082,51203,100507118,79801,29128,24137;Control1,Control2,Control3,Control4,Control5,Control6,Control7,Control8,Control9,Control10,Control11,Control12,Control13,Control15,Control16,Control17
55355,158511,991,128239,995,3833,4288,112937,221150,9787,9212;Control1,Control2,Control3,Control4,Control5,Control6,Control7,Control8,Control10,Control11,Control12,Control13,Control15,Control16,Control17
5133,27299,3604,6664,4547,2625,387978,105372115,389903;Control1,Control2,Control3,Control5,Control6,Control7,Control8,Control9,Control10,Control11,Control12,Control13,Control15,Control16,Control17
5133,10993,253650,112268037,100506411;Control1,Control2,Control3,Control4,Control5,Control6,Control7,Control8,Control10,Control11,Control12,Control13,Control15,Control16,Control17
5133,6495,107986606;Control1,Control2,Control3,Control4,Control5,Control6,Control7,Control8,Control9,Control10,Control11,Control12,Control13,Control15,Control16,Control17
5133,970,6495;Control1,Control2,Control3,Control4,Control5,Control6,Control7,Control8,Control9,Control10,Control11,Control12,Control13,Control15,Control16,Control17
5133,55423,970;Control2,Control3,Control4,Control5,Control6,Control7,Control8,Control9,Control10,Control11,Control12,Control13,Control15,Control16,Control17
151648,100874028;Control1,Control2,Control3,Control4,Control5,Control6,Control7,Control8,Control9,Control10,Control11,Control12,Control13,Control15,Control16,Control17
151648,10721,100874028,7272;Control1,Control2,Control3,Control4,Control5,Control6,Control7,Control8,Control10,Control11,Control12,Control13,Control15,Control16,Control17
151648,11130,100874028;Control1,Control2,Control3,Control4,Control5,Control6,Control7,Control8,Control9,Control10,Control11,Control12,Control13,Control15,Control17
151648,641;Control2,Control3,Control4,Control5,Control6,Control7,Control8,Control9,Control10,Control11,Control12,Control13,Control15,Control16,Control17
151648,107984851;Control1,Control2,Control3,Control4,Control5,Control6,Control7,Control8,Control9,Control10,Control11,Control12,Control13,Control15,Control16
151648,147841;Control1,Control2,Control3,Control4,Control5,Control6,Control7,Control9,Control10,Control11,Control12,Control13,Control15,Control16,Control17
100874028,11130;Control1,Control2,Control3,Control4,Control5,Control6,Control7,Control8,Control9,Control10,Control11,Control12,Control13,Control15,Control16,Control17
100874028,22974,11130;Control1,Control2,Control3,Control4,Control5,Control6,Control7,Control9,Control10,Control11,Control12,Control13,Control15,Control16,Control17
105377043,9076,5650;Control1,Control2,Control3,Control4,Control5,Control6,Control7,Control8,Control9,Control11,Control12,Control13,Control15,Control16,Control17
105377043,101928658;Control1,Control2,Control3,Control4,Control5,Control6,Control7,Control8,Control9,Control10,Control11,Control12,Control13,Control15,Control17
105377043,6534,109729184,109729169;Control1,Control2,Control3,Control4,Control5,Control6,Control7,Control8,Control9,Control10,Control12,Control13,Control15,Control16,Control17
105377043,63898,4318,109729184;Control1,Control2,Control3,Control4,Control5,Control6,Control7,Control8,Control9,Control10,Control12,Control13,Control15,Control16,Control17
105377043,11075;Control1,Control2,Control3,Control4,Control5,Control6,Control8,Control9,Control10,Control11,Control12,Control13,Control15,Control16,Control17
105377043,105369315,55867;Control1,Control2,Control3,Control4,Control5,Control6,Control7,Control8,Control9,Control10,Control11,Control12,Control13,Control15,Control16,Control17
105377043,5101;Control1,Control2,Control3,Control4,Control5,Control6,Control7,Control8,Control9,Control10,Control12,Control13,Control15,Control16,Control17
105377043,10642,105369315,55867;Control1,Control3,Control4,Control5,Control6,Control7,Control8,Control9,Control10,Control11,Control12,Control13,Control15,Control16,Control17
105377043,80714,101928658,11075;Control1,Control2,Control3,Control4,Control5,Control7,Control8,Control9,Control10,Control11,Control12,Control13,Control15,Control16,Control17
56992,4547,6664,4001,105372115,389903;Control1,Control2,Control3,Control5,Control6,Control7,Control8,Control9,Control10,Control11,Control12,Control13,Control15,Control16,Control17
56992,4085,653820,55247,3161;Control1,Control2,Control3,Control4,Control5,Control6,Control7,Control8,Control9,Control10,Control11,Control12,Control13,Control15,Control16
56992,4001,9928,4751,55247,3161,55872,55165,100288637,9055,7153,29128;Control1,Control2,Control3,Control5,Control6,Control7,Control8,Control9,Control10,Control11,Control12,Control13,Control15,Control16,Control17
56992,101927813,4751,891,3161,55872,221150,9055,100507118;Control1,Control2,Control3,Control5,Control6,Control7,Control8,Control9,Control10,Control11,Control12,Control13,Control15,Control16,Control17
56992,2845,9928,6664,10721,55247;Control1,Control2,Control3,Control4,Control5,Control6,Control7,Control9,Control10,Control11,Control12,Control13,Control15,Control16,Control17
56992,2625,6664,55247,387978,105372115,389903;Control1,Control2,Control3,Control4,Control5,Control6,Control7,Control8,Control9,Control10,Control11,Control12,Control13,Control15,Control16
56992,983,9928,4751,55247,891,3161,54443,55872,55165,51203,9055,7153,29128;Control2,Control3,Control4,Control5,Control6,Control7,Control8,Control9,Control10,Control11,Control12,Control13,Control15,Control16,Control17
56992,144455,9928,64151,55247,891,3161,54443,55872,55165,221150,57082,7153,29128;Control1,Control2,Control3,Control4,Control5,Control6,Control7,Control8,Control9,Control10,Control11,Control12,Control13,Control15,Control16
56992,387978,6664,64151,55247,4001,221150,389903;Control1,Control2,Control3,Control4,Control5,Control6,Control7,Control8,Control9,Control10,Control11,Control12,Control13,Control15,Control16
56992,100288637,9928,4751,23397,10721,55247,3161,55872,55165,7153,29128;Control1,Control2,Control3,Control5,Control6,Control7,Control8,Control9,Control10,Control11,Control12,Control13,Control15,Control16,Control17
56992,100507118,4751,55247,891,3161,55872,55165,221150,9055,7153,29128,24137;Control1,Control2,Control3,Control4,Control5,Control6,Control7,Control8,Control9,Control10,Control11,Control12,Control13,Control15,Control16,Control17
56992,105371275,6664,2625,105372115,389903;Control1,Control2,Control3,Control4,Control5,Control6,Control7,Control8,Control9,Control10,Control11,Control13,Control15,Control16,Control17
56992,83903;Control1,Control3,Control4,Control5,Control6,Control7,Control8,Control9,Control10,Control11,Control12,Control13,Control15,Control16,Control17
56992,54478;Control1,Control2,Control3,Control4,Control5,Control6,Control7,Control8,Control10,Control11,Control12,Control13,Control15,Control16,Control17
56992,201299;Control1,Control2,Control3,Control4,Control5,Control6,Control7,Control8,Control9,Control10,Control11,Control12,Control13,Control15,Control16,Control17
56992,220134,64151,891,3161,55872,55165,221150,57082,100507118,29128,24137;Control1,Control2,Control3,Control4,Control5,Control6,Control7,Control8,Control9,Control10,Control11,Control12,Control13,Control15,Control16,Control17
56992,105372115,6664,55247,389903;Control1,Control2,Control3,Control4,Control5,Control6,Control7,Control8,Control9,Control10,Control11,Control12,Control13,Control15,Control16,Control17
56992,11065,64151,891,3161,55872,55165,221150,100507118,220134,29128;Control1,Control2,Control3,Control4,Control6,Control7,Control8,Control9,Control10,Control11,Control12,Control13,Control15,Control16,Control17
56992,54821,57082,7153,29128;Control1,Control2,Control3,Control4,Control5,Control6,Control7,Control8,Control9,Control10,Control11,Control12,Control15,Control16,Control17
105377123,8538;Control1,Control2,Control3,Control4,Control5,Control6,Control7,Control8,Control9,Control10,Control11,Control12,Control13,Control15,Control17
105377123,6768;Control1,Control3,Control4,Control5,Control6,Control7,Control8,Control9,Control10,Control11,Control12,Control13,Control15,Control16,Control17
105377123,113218482,3856,284240;Control1,Control2,Control3,Control4,Control5,Control6,Control7,Control8,Control9,Control11,Control12,Control13,Control15,Control16,Control17
105377123,145873,58,2019,134285,389336,285987,4004,3502,354,25818,5653,5650,28809,729442;Control1,Control2,Control3,Control4,Control5,Control7,Control8,Control9,Control10,Control11,Control12,Control13,Control15,Control16,Control17
1295,3227,2019,389336,285987,25818,5653,5650,729442;Control1,Control2,Control3,Control4,Control5,Control6,Control7,Control8,Control9,Control10,Control11,Control12,Control13,Control15,Control16
1295,105371927,2328,2019,134285,285987,4004,145873,5653,5650,28809,729442;Control1,Control3,Control4,Control5,Control6,Control7,Control8,Control9,Control10,Control11,Control12,Control13,Control15,Control16,Control17
1295,10437,389336,4004,5653,5650;Control2,Control3,Control4,Control5,Control6,Control7,Control8,Control9,Control10,Control11,Control12,Control13,Control15,Control16,Control17
152225,3135;Control1,Control2,Control3,Control4,Control5,Control7,Control8,Control9,Control10,Control11,Control12,Control13,Control15,Control16,Control17
152225,101927686;Control1,Control2,Control3,Control4,Control5,Control6,Control7,Control9,Control10,Control11,Control12,Control13,Control15,Control16,Control17
50852,105374166,3135,970;Control2,Control3,Control4,Control5,Control6,Control7,Control8,Control9,Control10,Control11,Control12,Control13,Control15,Control16,Control17
50852,399815;Control1,Control2,Control3,Control4,Control5,Control6,Control7,Control8,Control10,Control11,Control12,Control13,Control15,Control16,Control17
50852,7546,366,55423;Control1,Control2,Control3,Control4,Control5,Control7,Control8,Control9,Control10,Control11,Control12,Control13,Control15,Control16,Control17
50852,11001;Control1,Control2,Control3,Control4,Control5,Control6,Control7,Control8,Control9,Control10,Control11,Control12,Control13,Control15,Control16,Control17
151760,53836,10942;Control1,Control2,Control3,Control4,Control5,Control6,Control7,Control8,Control9,Control10,Control11,Control12,Control13,Control15,Control16,Control17
151760,100289137,53836;Control1,Control2,Control3,Control5,Control6,Control7,Control8,Control9,Control10,Control11,Control12,Control13,Control15,Control16,Control17
151760,1813,53836,10942,105371737;Control1,Control2,Control3,Control4,Control5,Control6,Control7,Control8,Control9,Control10,Control11,Control12,Control13,Control15,Control17
151760,50615;Control1,Control2,Control3,Control4,Control5,Control6,Control7,Control8,Control9,Control10,Control11,Control13,Control15,Control16,Control17
151760,10642,53836;Control1,Control2,Control3,Control4,Control5,Control6,Control7,Control8,Control9,Control10,Control11,Control13,Control15,Control16,Control17
151760,55771,57405;Control1,Control2,Control3,Control4,Control5,Control6,Control7,Control8,Control9,Control10,Control12,Control13,Control15,Control16,Control17
151760,332,259266,57405,113130;Control1,Control2,Control3,Control4,Control5,Control6,Control7,Control8,Control9,Control10,Control12,Control13,Control15,Control16,Control17
151760,4605,259266,332;Control1,Control2,Control3,Control4,Control5,Control6,Control7,Control8,Control9,Control10,Control12,Control13,Control15,Control16,Control17
151760,107985627,53836;Control1,Control2,Control3,Control4,Control5,Control6,Control7,Control8,Control9,Control10,Control11,Control12,Control15,Control16,Control17
151760,54821;Control1,Control2,Control3,Control4,Control5,Control6,Control7,Control8,Control9,Control10,Control12,Control13,Control15,Control16,Control17
79413,111216286,80714;Control1,Control2,Control3,Control4,Control5,Control6,Control7,Control8,Control9,Control10,Control11,Control12,Control15,Control16,Control17
941,345079,860;Control1,Control2,Control3,Control4,Control5,Control6,Control7,Control8,Control9,Control10,Control11,Control12,Control13,Control15,Control16,Control17
941,101929215;Control1,Control2,Control3,Control4,Control5,Control6,Control7,Control8,Control9,Control10,Control11,Control12,Control13,Control15,Control16
941,105376042,6332,860,9355,7681;Control2,Control3,Control4,Control5,Control6,Control7,Control8,Control9,Control10,Control11,Control12,Control13,Control15,Control16,Control17
941,103695435,345079;Control2,Control3,Control4,Control5,Control6,Control7,Control8,Control9,Control10,Control11,Control12,Control13,Control15,Control16,Control17
941,28755,4973;Control1,Control2,Control3,Control4,Control5,Control6,Control8,Control9,Control10,Control11,Control12,Control13,Control15,Control16,Control17
10721,4547,6664,4001,2845;Control1,Control2,Control3,Control4,Control5,Control6,Control7,Control9,Control10,Control11,Control12,Control13,Control15,Control16,Control17
10721,891,9928,4751,699,55247,3161,55872,55165,51203,7153,29128;Control1,Control2,Control3,Control5,Control6,Control7,Control8,Control9,Control10,Control11,Control12,Control13,Control15,Control16,Control17
10721,4001,9928,6664,64151,55247;Control1,Control2,Control3,Control4,Control5,Control6,Control7,Control9,Control10,Control11,Control12,Control13,Control15,Control16,Control17
10721,54443,9928,4751,64151,55247,3161,55165,7153,29128;Control1,Control3,Control4,Control5,Control6,Control7,Control8,Control9,Control10,Control11,Control12,Control13,Control15,Control16,Control17
10721,2845,4085,55247,100288637;Control1,Control2,Control3,Control4,Control5,Control6,Control7,Control8,Control9,Control10,Control11,Control12,Control13,Control15,Control16,Control17
10721,55388,55635,23397,55247,3161,55165,100288637,7153,29128;Control1,Control2,Control3,Control4,Control5,Control6,Control7,Control8,Control9,Control10,Control12,Control13,Control15,Control16,Control17
10721,983,9928,64151,55247,3161,55165,100288637,51203,7153,29128;Control1,Control2,Control3,Control4,Control5,Control6,Control7,Control8,Control9,Control10,Control11,Control12,Control13,Control16,Control17
10721,144455,9928,6664,64151,4001;Control1,Control2,Control3,Control4,Control5,Control6,Control7,Control9,Control10,Control11,Control12,Control13,Control15,Control16,Control17
10721,221150,4751,23397,699,55247,3161,55872,11130,983,55165,100288637,51203,7153,29128;Control1,Control2,Control3,Control5,Control6,Control7,Control8,Control9,Control10,Control11,Control12,Control13,Control15,Control16,Control17
10721,100288637,9928,4085,55247,3161,7153;Control1,Control2,Control3,Control4,Control5,Control6,Control7,Control8,Control9,Control10,Control11,Control12,Control13,Control15,Control16,Control17
10721,9824,4751,64151,55247,54443,983,3832,55165,7153;Control1,Control3,Control4,Control5,Control6,Control7,Control8,Control9,Control10,Control11,Control12,Control13,Control15,Control16,Control17
10721,51203,4751,23397,64151,55247,3161,7272,54443,983,3832,55165,7153,29128;Control1,Control3,Control4,Control5,Control6,Control7,Control8,Control9,Control10,Control11,Control12,Control13,Control15,Control16,Control17
10721,9055,9928,56992,64151,55247,891,3161,55872,55165,7153,29128;Control1,Control2,Control3,Control4,Control5,Control6,Control7,Control9,Control10,Control11,Control12,Control13,Control15,Control16,Control17
10721,220134,23397,56992,64151,3161,55872,55165,221150,57082,9055,7153,29128;Control1,Control2,Control3,Control4,Control5,Control6,Control7,Control9,Control10,Control11,Control12,Control13,Control15,Control16,Control17
10721,105372115,6664,56992,64151,55247,389903;Control1,Control2,Control3,Control4,Control5,Control6,Control7,Control9,Control10,Control11,Control12,Control13,Control15,Control16,Control17
10721,24137,4751,23397,699,55247,3161,55872,11130,983,3832,55165,51203,7153,29128;Control1,Control2,Control3,Control5,Control6,Control7,Control8,Control9,Control10,Control11,Control12,Control13,Control15,Control16,Control17
286676,1404,56896,3856,113218482;Control1,Control2,Control3,Control4,Control5,Control6,Control7,Control8,Control9,Control10,Control11,Control13,Control15,Control16,Control17
286676,168002,89886,5798,105378305,344,4318,109729184,7477;Control1,Control2,Control3,Control4,Control5,Control7,Control8,Control9,Control10,Control11,Control12,Control13,Control15,Control16,Control17
286676,29991,89886,105378305,1995;Control1,Control2,Control3,Control4,Control5,Control6,Control7,Control8,Control9,Control11,Control12,Control13,Control15,Control16,Control17
286676,79191,89886,168002,29991,105378305,1995;Control1,Control2,Control3,Control4,Control5,Control7,Control8,Control9,Control10,Control11,Control12,Control13,Control15,Control16,Control17
84561,647309,105372950,105377508,646024,105376041,3229,387895,55655,3053;Control1,Control2,Control4,Control5,Control6,Control7,Control8,Control9,Control10,Control11,Control12,Control13,Control15,Control16,Control17
84561,105375077,105372950;Control1,Control2,Control3,Control4,Control5,Control6,Control7,Control8,Control9,Control10,Control11,Control12,Control13,Control15,Control16
8419,79674;Control1,Control2,Control3,Control4,Control5,Control6,Control7,Control8,Control9,Control10,Control11,Control12,Control13,Control15,Control16,Control17
8419,101927354;Control1,Control2,Control3,Control4,Control6,Control7,Control8,Control9,Control10,Control11,Control12,Control13,Control15,Control16,Control17
8419,105370960;Control1,Control2,Control3,Control4,Control5,Control6,Control7,Control8,Control9,Control10,Control11,Control13,Control15,Control16,Control17
8419,6860;Control1,Control2,Control3,Control4,Control5,Control6,Control7,Control8,Control9,Control11,Control12,Control13,Control15,Control16,Control17
7545,7020,10481;Control1,Control2,Control3,Control4,Control5,Control6,Control7,Control8,Control10,Control11,Control12,Control13,Control15,Control16,Control17
7545,107984129,10265;Control1,Control2,Control4,Control5,Control6,Control7,Control8,Control9,Control10,Control11,Control12,Control13,Control15,Control16,Control17
7545,64843;Control1,Control2,Control3,Control4,Control5,Control6,Control7,Control8,Control9,Control10,Control11,Control13,Control15,Control16,Control17
7545,105371275;Control1,Control2,Control4,Control5,Control6,Control7,Control8,Control9,Control10,Control11,Control12,Control13,Control15,Control16,Control17
646951,100507584,27178,285643,101929707,51512;Control1,Control2,Control3,Control4,Control6,Control7,Control8,Control9,Control10,Control11,Control12,Control13,Control15,Control16,Control17
646951,9096,116173;Control1,Control2,Control3,Control4,Control5,Control6,Control7,Control8,Control9,Control10,Control11,Control12,Control13,Control15,Control16
646951,101927686,5865,6716,1047,166979,219527,4544,116173,594855,6345;Control1,Control3,Control4,Control5,Control6,Control7,Control8,Control9,Control10,Control11,Control12,Control13,Control15,Control16,Control17
646951,157570,27178,285643,51512;Control1,Control2,Control3,Control4,Control6,Control7,Control8,Control9,Control10,Control11,Control12,Control13,Control15,Control16,Control17
646951,364,116173;Control1,Control2,Control3,Control4,Control5,Control7,Control8,Control9,Control10,Control11,Control12,Control13,Control15,Control16,Control17
646951,283078;Control1,Control2,Control4,Control5,Control6,Control7,Control8,Control9,Control10,Control11,Control12,Control13,Control15,Control16,Control17
646951,79733,27178,285643,81624,101929707;Control1,Control2,Control3,Control4,Control6,Control7,Control8,Control9,Control10,Control11,Control12,Control13,Control15,Control16,Control17
646951,116173;Control1,Control2,Control3,Control4,Control5,Control6,Control7,Control8,Control9,Control10,Control11,Control12,Control13,Control15,Control16,Control17
646951,105371152,3512;Control1,Control3,Control4,Control5,Control6,Control7,Control8,Control9,Control10,Control11,Control12,Control13,Control15,Control16,Control17
646951,1748,116173;Control1,Control2,Control4,Control5,Control6,Control7,Control8,Control9,Control10,Control11,Control12,Control13,Control15,Control16,Control17
646951,26150,219527,116173;Control1,Control3,Control4,Control5,Control6,Control7,Control8,Control9,Control10,Control11,Control12,Control13,Control15,Control16,Control17
53836,1047,594855;Control1,Control2,Control3,Control4,Control5,Control6,Control7,Control8,Control9,Control10,Control12,Control13,Control15,Control16,Control17
53836,364,113218482;Control1,Control2,Control3,Control4,Control5,Control6,Control7,Control8,Control9,Control10,Control12,Control13,Control15,Control16,Control17
53836,102724784,1813,338667,105371737,107985627;Control1,Control2,Control3,Control4,Control5,Control6,Control7,Control8,Control9,Control10,Control11,Control12,Control15,Control16,Control17
53836,55867,10642;Control1,Control2,Control3,Control4,Control5,Control6,Control7,Control8,Control9,Control10,Control11,Control13,Control15,Control16,Control17
53836,1813,10942,105371737;Control1,Control2,Control3,Control4,Control5,Control6,Control7,Control8,Control9,Control10,Control11,Control12,Control13,Control15,Control16,Control17
53836,105370953;Control1,Control2,Control3,Control4,Control5,Control6,Control7,Control8,Control9,Control10,Control12,Control13,Control15,Control16,Control17
53836,26150,1813,10942,105371737;Control1,Control2,Control3,Control4,Control6,Control7,Control8,Control9,Control10,Control11,Control12,Control13,Control15,Control16,Control17
53836,729447;Control1,Control2,Control3,Control4,Control5,Control6,Control7,Control8,Control9,Control10,Control11,Control12,Control13,Control15,Control16
105374166,10309,51361,100996301,81849,23286,340273,100289137,253650,158228,143662,79056,6495,100506411,654499,970,101927355,107985492,54101,2277;Control1,Control2,Control4,Control5,Control6,Control7,Control8,Control9,Control10,Control11,Control12,Control13,Control15,Control16,Control17
105374166,1404;Control1,Control2,Control3,Control5,Control6,Control7,Control8,Control9,Control10,Control11,Control12,Control13,Control15,Control16,Control17
105374166,100505994,51361,100996301,81849,23286,340273,100289137,253650,158228,112268037,143662,79056,6495,100506411,654499,970,101927355,107985492,54101,2277;Control1,Control2,Control3,Control4,Control5,Control6,Control7,Control8,Control9,Control10,Control11,Control12,Control13,Control16,Control17
105374166,101927686,51361,100996301,81849,23286,340273,245972,100289137,253650,158228,112268037,143662,6495,100506411,654499,970,101927355,107985492,54101,2277;Control1,Control2,Control3,Control4,Control6,Control7,Control8,Control9,Control10,Control11,Control12,Control13,Control15,Control16,Control17
105374166,80329,253650;Control1,Control2,Control3,Control4,Control5,Control6,Control7,Control8,Control9,Control10,Control11,Control12,Control13,Control16,Control17
105374166,245972,51361,100996301,81849,23286,340273,100289137,253650,158228,112268037,143662,79056,6495,100506411,654499,970,101927355,107985492,54101,2277;Control1,Control2,Control3,Control4,Control5,Control6,Control7,Control8,Control9,Control11,Control12,Control13,Control15,Control16,Control17
105374166,101101772,100996301,81849,253650,9388,101927355,107985492;Control1,Control2,Control3,Control4,Control5,Control7,Control8,Control9,Control10,Control11,Control12,Control13,Control15,Control16,Control17
105374166,7546,51361,100996301,81849,23286,340273,100289137,253650,158228,112268037,143662,79056,6495,100506411,654499,366,970,101927355,107985492,54101,2277;Control2,Control3,Control4,Control5,Control6,Control7,Control8,Control9,Control10,Control11,Control12,Control13,Control15,Control16,Control17
105374166,161291,51361,100996301,10309,57451,23286,340273,100289137,158228,143662,79056,6495,100506411,654499,970,101927355,107985492,54101,2277;Control1,Control2,Control4,Control5,Control6,Control7,Control8,Control9,Control10,Control11,Control12,Control13,Control15,Control16,Control17
79674,3512,28946,105371152;Control1,Control2,Control3,Control4,Control5,Control6,Control7,Control8,Control9,Control10,Control11,Control12,Control13,Control16,Control17
79674,345079,354;Control1,Control2,Control3,Control4,Control5,Control6,Control8,Control9,Control10,Control11,Control12,Control13,Control15,Control16,Control17
79674,100506895,354;Control1,Control2,Control4,Control5,Control6,Control7,Control8,Control9,Control10,Control11,Control12,Control13,Control15,Control16,Control17
79674,3227,389336,1749,354,5653;Control1,Control2,Control3,Control4,Control6,Control7,Control8,Control9,Control10,Control11,Control12,Control13,Control15,Control16,Control17
79674,28755;Control1,Control2,Control3,Control4,Control5,Control6,Control7,Control8,Control9,Control10,Control11,Control12,Control13,Control16,Control17
79674,3502,28946,105371152,354;Control1,Control2,Control3,Control4,Control5,Control6,Control7,Control8,Control9,Control10,Control11,Control12,Control13,Control16,Control17
79674,100126311,1749;Control1,Control2,Control3,Control4,Control6,Control7,Control8,Control9,Control10,Control11,Control12,Control13,Control15,Control16,Control17
79674,115701,1749;Control1,Control2,Control3,Control4,Control6,Control7,Control8,Control9,Control10,Control11,Control12,Control13,Control15,Control16,Control17
79674,3053;Control1,Control2,Control3,Control4,Control5,Control6,Control7,Control8,Control9,Control11,Control12,Control13,Control15,Control16,Control17
79674,28809,28946,3502,354;Control1,Control2,Control3,Control4,Control5,Control6,Control7,Control8,Control9,Control10,Control11,Control12,Control13,Control16,Control17
9076,101928658,11075;Control1,Control2,Control3,Control4,Control5,Control6,Control7,Control8,Control9,Control10,Control11,Control12,Control13,Control15,Control16,Control17
9076,6534,5798,11075,109729169;Control1,Control2,Control3,Control4,Control5,Control6,Control7,Control8,Control9,Control10,Control12,Control13,Control15,Control16,Control17
9076,64094,101928658,107986951,4318,109729184;Control1,Control2,Control3,Control4,Control5,Control6,Control7,Control8,Control9,Control10,Control11,Control12,Control13,Control15,Control17
9076,63898,101928658,105378305,4318,109729184;Control1,Control2,Control3,Control4,Control5,Control6,Control7,Control8,Control9,Control10,Control12,Control13,Control15,Control16,Control17
9076,105378305,4318,109729184;Control1,Control2,Control3,Control4,Control5,Control6,Control7,Control8,Control9,Control10,Control11,Control12,Control13,Control15,Control16,Control17
9076,105369315,4318,109729184;Control1,Control2,Control3,Control4,Control5,Control7,Control8,Control9,Control10,Control11,Control12,Control13,Control15,Control16,Control17
9076,100506411,101928658,4318,109729184,57167,7477;Control1,Control2,Control3,Control5,Control6,Control7,Control8,Control9,Control10,Control11,Control12,Control13,Control15,Control16,Control17
9076,338005,101928658,11075,50615;Control1,Control2,Control3,Control4,Control5,Control6,Control7,Control8,Control9,Control10,Control11,Control12,Control13,Control16,Control17
9076,4318,101928658,109729184;Control1,Control2,Control3,Control4,Control5,Control6,Control7,Control8,Control9,Control10,Control11,Control12,Control13,Control15,Control16,Control17
9076,57167,101928658,11075;Control1,Control2,Control3,Control5,Control6,Control7,Control8,Control9,Control10,Control11,Control12,Control13,Control15,Control16,Control17
9076,109729169,5798,101928658,11075;Control1,Control2,Control3,Control4,Control5,Control6,Control7,Control8,Control9,Control10,Control12,Control13,Control15,Control16,Control17
647309,2250,374946,3229,387895;Control1,Control2,Control4,Control5,Control6,Control7,Control8,Control9,Control10,Control11,Control12,Control13,Control15,Control16,Control17
647309,4825;Control1,Control2,Control3,Control4,Control5,Control6,Control7,Control8,Control9,Control10,Control11,Control12,Control13,Control15,Control16,Control17
647309,105377508,646024,105376041,387895;Control1,Control2,Control3,Control4,Control5,Control6,Control7,Control8,Control9,Control10,Control11,Control12,Control13,Control15,Control16,Control17
647309,2297,3239;Control1,Control2,Control3,Control4,Control5,Control6,Control7,Control8,Control9,Control10,Control11,Control12,Control13,Control16,Control17
647309,6534,5798,100533990,344,109729169;Control1,Control2,Control4,Control5,Control6,Control7,Control8,Control9,Control10,Control11,Control12,Control13,Control15,Control16,Control17
647309,860,646024,105376041,387895,109729169;Control1,Control2,Control3,Control4,Control5,Control6,Control8,Control9,Control10,Control11,Control12,Control13,Control15,Control16,Control17
647309,387978,105377508,646024,105376041,387895;Control1,Control2,Control3,Control4,Control5,Control6,Control7,Control8,Control10,Control11,Control12,Control13,Control15,Control16,Control17
647309,9956,105377508,646024,105376041,387895;Control1,Control2,Control3,Control4,Control5,Control6,Control7,Control9,Control10,Control11,Control12,Control13,Control15,Control16,Control17
647309,4496,374946,3229,387895;Control1,Control2,Control4,Control5,Control6,Control7,Control8,Control9,Control10,Control11,Control12,Control13,Control15,Control16,Control17
647309,9955,105377508,646024,105376041,387895;Control1,Control3,Control4,Control5,Control6,Control7,Control8,Control9,Control10,Control11,Control12,Control13,Control15,Control16,Control17
647309,115701,2250,646024,105376041,3229,387895,55655;Control1,Control2,Control4,Control5,Control6,Control7,Control8,Control9,Control10,Control11,Control12,Control13,Control15,Control16,Control17
647309,100533990,374946,5798,11075,57167,109729169;Control1,Control2,Control4,Control5,Control6,Control7,Control8,Control9,Control10,Control11,Control12,Control13,Control15,Control16,Control17
647309,344,374946,5798,100533990,57167,109729169;Control1,Control2,Control4,Control5,Control6,Control7,Control8,Control9,Control10,Control11,Control12,Control13,Control15,Control16,Control17
647309,107985492,105377508,100505994,646024,105376041,387895;Control1,Control2,Control3,Control5,Control6,Control7,Control8,Control9,Control10,Control11,Control12,Control13,Control15,Control16,Control17
647309,109729169,646024,105376041,387895;Control1,Control2,Control3,Control4,Control5,Control6,Control7,Control8,Control9,Control10,Control11,Control12,Control13,Control15,Control16,Control17
131578,101929215,110806280;Control1,Control2,Control3,Control4,Control5,Control6,Control7,Control8,Control9,Control10,Control11,Control12,Control13,Control15,Control16,Control17
131578,253582,112937,110806280;Control1,Control2,Control3,Control4,Control5,Control6,Control7,Control8,Control9,Control10,Control11,Control12,Control13,Control15,Control16,Control17
131578,4288,128239,112937;Control1,Control2,Control3,Control4,Control5,Control6,Control7,Control8,Control10,Control11,Control12,Control13,Control15,Control16,Control17
131578,2348;Control1,Control2,Control4,Control5,Control6,Control7,Control8,Control9,Control10,Control11,Control12,Control13,Control15,Control16,Control17
131578,10024,4288;Control1,Control2,Control3,Control5,Control6,Control7,Control8,Control9,Control10,Control11,Control12,Control13,Control15,Control16,Control17
131578,3783,101929215;Control1,Control2,Control3,Control4,Control5,Control6,Control7,Control8,Control9,Control10,Control11,Control12,Control13,Control15,Control16,Control17
131578,349408,101929215,110806280;Control1,Control2,Control3,Control4,Control5,Control6,Control7,Control8,Control9,Control10,Control11,Control13,Control15,Control16,Control17
100379220,168002,107984129,79191,1995;Control1,Control2,Control3,Control4,Control5,Control6,Control7,Control8,Control9,Control10,Control11,Control12,Control13,Control15,Control16,Control17
100379220,11075,168002,1995,109729184;Control1,Control2,Control3,Control4,Control5,Control6,Control7,Control8,Control9,Control10,Control11,Control12,Control13,Control16,Control17
100379220,29991,89886,168002,105378305,79191,1995;Control1,Control2,Control3,Control4,Control5,Control6,Control7,Control8,Control9,Control10,Control11,Control12,Control15,Control16,Control17
100379220,338005;Control1,Control2,Control3,Control4,Control5,Control6,Control7,Control8,Control9,Control10,Control11,Control12,Control15,Control16,Control17
100379220,10265,168002,107984129,79191,1995;Control1,Control2,Control3,Control4,Control5,Control6,Control7,Control8,Control9,Control10,Control11,Control12,Control15,Control16,Control17
100379220,4318,89886,168002,105378305,79191,1995,109729184;Control1,Control2,Control3,Control4,Control5,Control6,Control7,Control8,Control9,Control10,Control11,Control12,Control15,Control16,Control17
100379220,109729184,89886,168002,105378305,107984129,79191,1995;Control1,Control2,Control3,Control4,Control5,Control6,Control7,Control8,Control9,Control10,Control11,Control12,Control15,Control16,Control17
100379220,107985627,6273,105375027,102724784,338667,3881;Control1,Control2,Control3,Control4,Control5,Control6,Control7,Control8,Control9,Control10,Control11,Control13,Control15,Control16,Control17
100379220,349408,168002,107984129,1995;Control1,Control2,Control3,Control4,Control5,Control6,Control7,Control8,Control9,Control10,Control11,Control12,Control13,Control15,Control16
10460,112268460;Control1,Control2,Control3,Control4,Control5,Control6,Control7,Control8,Control9,Control10,Control11,Control12,Control15,Control16,Control17
10460,9232,4605;Control1,Control2,Control3,Control4,Control5,Control6,Control7,Control8,Control9,Control10,Control11,Control12,Control13,Control15,Control16,Control17
10460,2305,4605;Control1,Control2,Control3,Control4,Control5,Control6,Control7,Control8,Control9,Control10,Control11,Control12,Control13,Control15,Control16,Control17
10460,107985017,991,9232,3833,4288,113130,9700,9787,9133,9212,146909;Control1,Control2,Control3,Control4,Control5,Control6,Control7,Control8,Control9,Control10,Control11,Control12,Control15,Control16,Control17
10460,55771,9232,4605,8318;Control1,Control2,Control3,Control4,Control5,Control6,Control7,Control9,Control10,Control11,Control12,Control13,Control15,Control16,Control17
10460,332,991,259266,9232,113130;Control1,Control2,Control3,Control4,Control5,Control6,Control7,Control8,Control9,Control11,Control12,Control13,Control15,Control16,Control17
10460,8318,9232,113130;Control1,Control2,Control3,Control4,Control6,Control7,Control8,Control9,Control10,Control11,Control12,Control13,Control15,Control16,Control17
112268460,101928658;Control1,Control2,Control3,Control4,Control5,Control6,Control7,Control8,Control9,Control10,Control11,Control12,Control13,Control15,Control16
112268460,3833,9700;Control1,Control3,Control4,Control5,Control6,Control7,Control8,Control9,Control10,Control11,Control12,Control13,Control15,Control16,Control17
112268460,4288,991,9700,9212;Control1,Control2,Control3,Control4,Control5,Control6,Control7,Control8,Control10,Control11,Control12,Control13,Control15,Control16,Control17
112268460,2305;Control1,Control2,Control3,Control4,Control5,Control6,Control7,Control8,Control9,Control10,Control11,Control12,Control15,Control16,Control17
112268460,176;Control1,Control2,Control3,Control4,Control5,Control6,Control7,Control8,Control9,Control10,Control11,Control12,Control13,Control15,Control17
112268460,10615,991,4288,9212;Control1,Control2,Control3,Control4,Control5,Control6,Control7,Control8,Control10,Control11,Control12,Control13,Control15,Control16,Control17
112268460,3783,349408;Control1,Control2,Control3,Control4,Control5,Control6,Control7,Control8,Control9,Control10,Control11,Control13,Control15,Control16,Control17
112268460,100874530,349408;Control1,Control2,Control3,Control4,Control5,Control6,Control7,Control8,Control9,Control10,Control11,Control13,Control15,Control16,Control17
112268460,158511;Control1,Control2,Control3,Control4,Control5,Control6,Control7,Control8,Control9,Control10,Control11,Control12,Control13,Control16,Control17
64151,54443,9928,55247,891,3161,55872,55165,57082,51203,7153,29128;Control1,Control2,Control3,Control4,Control5,Control6,Control7,Control8,Control9,Control10,Control11,Control12,Control13,Control15,Control16,Control17
64151,2845,9928,10721,55247,100288637,57082;Control1,Control2,Control3,Control4,Control5,Control6,Control7,Control8,Control9,Control10,Control11,Control12,Control13,Control15,Control17
64151,157313,259266,1063,6241,9787,9133,79801,332;Control1,Control2,Control3,Control4,Control5,Control6,Control7,Control8,Control10,Control11,Control12,Control13,Control15,Control16,Control17
64151,2625,6664,56992,105372115,389903;Control1,Control2,Control3,Control4,Control5,Control6,Control7,Control8,Control9,Control10,Control11,Control12,Control13,Control15,Control17
64151,55388,4751,23397,55247,3161,983,55165,100288637,51203,7153,29128;Control1,Control2,Control3,Control4,Control5,Control6,Control7,Control8,Control9,Control10,Control12,Control13,Control15,Control16,Control17
64151,4288,128239,259266,6241,55355,9787,57082,79801,9212,332,24137;Control1,Control2,Control3,Control4,Control5,Control6,Control7,Control8,Control9,Control10,Control11,Control12,Control13,Control15,Control16
64151,113130,259266,1063,6241,57405,55355,4288,9787,79801,9212,332,24137;Control1,Control2,Control3,Control4,Control5,Control6,Control7,Control8,Control9,Control10,Control11,Control12,Control13,Control15,Control16
64151,387978,6664,55247,4001;Control1,Control2,Control3,Control4,Control5,Control6,Control7,Control8,Control9,Control10,Control11,Control12,Control13,Control15,Control16,Control17
64151,100288637,9928,4751,23397,56992,55247,3161,55872,55165,221150,7153,29128;Control1,Control2,Control3,Control4,Control5,Control6,Control7,Control8,Control9,Control10,Control11,Control12,Control15,Control16,Control17
64151,9055,9928,56992,55247,891,3161,55872,55165,7153,29128;Control1,Control2,Control3,Control4,Control5,Control6,Control7,Control8,Control9,Control10,Control11,Control12,Control13,Control15,Control16,Control17
64151,9212,128239,259266,6241,55355,55165,9787,57082,51203,79801,332,29128,24137;Control1,Control2,Control3,Control4,Control5,Control6,Control7,Control8,Control9,Control10,Control11,Control12,Control13,Control15,Control16
64151,147841,332;Control1,Control2,Control3,Control4,Control5,Control6,Control7,Control8,Control10,Control11,Control12,Control13,Control15,Control16,Control17
64151,11065,259266,1063,6241,57405,55355,221150,9787,100507118,79801,332,29128,24137;Control1,Control2,Control3,Control4,Control6,Control7,Control8,Control9,Control10,Control11,Control12,Control13,Control15,Control16,Control17
100506827,7180,3627,10537;Control1,Control2,Control3,Control4,Control5,Control6,Control7,Control8,Control9,Control10,Control11,Control12,Control13,Control15,Control16,Control17
100506827,2348;Control1,Control2,Control3,Control4,Control5,Control6,Control7,Control9,Control10,Control11,Control12,Control13,Control15,Control16,Control17
100506827,701,115362,4283,100506655,23532;Control1,Control2,Control3,Control4,Control5,Control6,Control7,Control8,Control9,Control11,Control12,Control13,Control15,Control16,Control17
100506827,105372115,6664,7180,27299,2625,387978,100506655;Control2,Control3,Control4,Control5,Control6,Control7,Control8,Control9,Control10,Control11,Control12,Control13,Control15,Control16,Control17
100506827,55423,115362;Control1,Control2,Control3,Control5,Control6,Control7,Control8,Control9,Control10,Control11,Control12,Control13,Control15,Control16,Control17
100506827,113730,115362,4283,10537,100506655,23532;Control1,Control2,Control3,Control4,Control6,Control7,Control8,Control9,Control10,Control11,Control12,Control13,Control15,Control16,Control17
101928658,64094,107986951;Control1,Control2,Control3,Control4,Control5,Control6,Control7,Control8,Control9,Control10,Control11,Control12,Control13,Control15,Control16,Control17
101928658,1749,11075;Control1,Control2,Control3,Control4,Control5,Control6,Control7,Control8,Control9,Control11,Control12,Control13,Control15,Control16,Control17
101928658,63898,374946,344,57167,7477;Control1,Control2,Control3,Control4,Control5,Control6,Control7,Control8,Control9,Control10,Control12,Control13,Control15,Control16,Control17
101928658,100048912,168002;Control1,Control2,Control3,Control4,Control5,Control6,Control7,Control8,Control9,Control10,Control11,Control13,Control15,Control16,Control17
101928658,347252,64094;Control1,Control2,Control3,Control4,Control5,Control6,Control7,Control8,Control9,Control10,Control11,Control13,Control15,Control16,Control17
101928658,89958;Control1,Control2,Control3,Control4,Control5,Control6,Control7,Control8,Control9,Control10,Control11,Control12,Control13,Control15,Control16,Control17
101928658,10024,100048912;Control1,Control2,Control3,Control4,Control5,Control6,Control7,Control8,Control9,Control10,Control11,Control13,Control15,Control16,Control17
101928658,10265,168002,4318,109729184;Control1,Control2,Control3,Control4,Control5,Control6,Control7,Control8,Control10,Control11,Control12,Control13,Control15,Control16,Control17
101928658,1995,168002,11075,109729184;Control1,Control2,Control3,Control4,Control5,Control6,Control7,Control8,Control9,Control10,Control11,Control12,Control13,Control16,Control17
101928658,5650,9076,11075;Control1,Control2,Control3,Control4,Control5,Control6,Control7,Control8,Control9,Control11,Control12,Control13,Control15,Control16,Control17
101928658,7477,374946,5798,63898,57167;Control1,Control2,Control3,Control5,Control6,Control7,Control8,Control9,Control10,Control11,Control12,Control13,Control15,Control16,Control17
10874,4288,259266,6241,150468,55355,9787,332;Control1,Control3,Control4,Control5,Control6,Control7,Control8,Control9,Control10,Control11,Control12,Control13,Control15,Control16,Control17
10874,10615,259266;Control1,Control2,Control3,Control4,Control5,Control6,Control7,Control8,Control9,Control11,Control12,Control13,Control15,Control16,Control17
10874,105371737;Control1,Control2,Control3,Control4,Control5,Control6,Control7,Control8,Control9,Control10,Control12,Control13,Control15,Control16,Control17
10874,147841;Control1,Control2,Control3,Control5,Control6,Control7,Control8,Control9,Control10,Control11,Control12,Control13,Control15,Control16,Control17
10874,8318;Control1,Control2,Control3,Control4,Control5,Control6,Control7,Control8,Control10,Control11,Control12,Control13,Control15,Control16,Control17
10874,9582;Control1,Control2,Control3,Control4,Control5,Control6,Control7,Control8,Control9,Control10,Control11,Control12,Control15,Control16,Control17
3512,134285,58,28946,285987,4004,3502,105371152,5653,5650,28809,729442;Control1,Control2,Control3,Control4,Control6,Control7,Control8,Control9,Control10,Control11,Control12,Control13,Control15,Control16,Control17
3512,283078,105371152;Control1,Control2,Control4,Control5,Control6,Control7,Control8,Control9,Control10,Control11,Control12,Control13,Control15,Control16,Control17
3512,113218482,28946,105371152;Control1,Control2,Control3,Control4,Control5,Control7,Control8,Control9,Control10,Control11,Control12,Control13,Control15,Control16,Control17
3512,105370960,5865,6716,166979,4544;Control1,Control2,Control3,Control4,Control5,Control6,Control7,Control8,Control9,Control10,Control11,Control13,Control15,Control16,Control17
3512,10942;Control1,Control2,Control3,Control4,Control5,Control6,Control7,Control8,Control9,Control10,Control12,Control13,Control15,Control16,Control17
3512,284293,58,28946,134285,285987,4004,3502,28809,729442;Control1,Control2,Control3,Control4,Control6,Control7,Control8,Control9,Control10,Control11,Control12,Control13,Control15,Control16,Control17
4283,338376,102606463;Control1,Control2,Control3,Control4,Control5,Control6,Control7,Control8,Control9,Control10,Control11,Control12,Control13,Control16,Control17
4283,105376042,10537,100506655,23532;Control1,Control2,Control3,Control4,Control5,Control6,Control8,Control9,Control10,Control11,Control12,Control13,Control15,Control16,Control17
4283,7546,10537,100506655,23532;Control1,Control2,Control3,Control5,Control6,Control7,Control8,Control9,Control10,Control11,Control12,Control13,Control15,Control16,Control17
4283,366,7546,339256,102606463,147741;Control1,Control2,Control3,Control5,Control6,Control7,Control8,Control9,Control10,Control11,Control12,Control13,Control15,Control16,Control17
4283,101929690,102606463,147741;Control1,Control2,Control4,Control5,Control6,Control7,Control8,Control9,Control10,Control11,Control12,Control13,Control15,Control16,Control17
4283,6345,701,147741;Control1,Control2,Control3,Control4,Control6,Control7,Control8,Control9,Control10,Control11,Control12,Control13,Control15,Control16,Control17
4283,339256,102606463,147741;Control1,Control2,Control3,Control4,Control5,Control6,Control7,Control8,Control9,Control10,Control11,Control12,Control13,Control15,Control16,Control17
4283,102606463,100506655,147741,23532;Control1,Control2,Control3,Control4,Control5,Control6,Control7,Control8,Control9,Control10,Control11,Control12,Control13,Control15,Control16,Control17
4283,6860,147741,107985513;Control1,Control2,Control3,Control4,Control6,Control7,Control8,Control9,Control10,Control11,Control12,Control13,Control15,Control16,Control17
4283,147741,701,100506655,23532;Control1,Control2,Control3,Control4,Control5,Control6,Control7,Control8,Control9,Control10,Control11,Control12,Control13,Control15,Control16,Control17
4283,107985513,339256,102606463,147741;Control1,Control2,Control3,Control4,Control6,Control7,Control8,Control9,Control10,Control11,Control12,Control13,Control15,Control16,Control17
4283,113730,115362,100506827,10537,100506655,23532;Control1,Control2,Control3,Control4,Control5,Control6,Control7,Control8,Control9,Control10,Control11,Control12,Control13,Control16,Control17
3627,2845,3604,4547,2625,105372115;Control1,Control2,Control3,Control4,Control5,Control6,Control7,Control9,Control10,Control11,Control12,Control13,Control15,Control16,Control17
3627,85479,4547,2625;Control1,Control2,Control3,Control4,Control5,Control7,Control8,Control9,Control10,Control11,Control12,Control13,Control15,Control16,Control17
3627,7546,366,55423;Control1,Control2,Control3,Control4,Control5,Control6,Control7,Control8,Control10,Control11,Control12,Control13,Control15,Control16,Control17
3627,5083,3604,27299,100506655,101060400,23532;Control2,Control3,Control4,Control5,Control6,Control7,Control8,Control9,Control10,Control11,Control12,Control13,Control15,Control16,Control17
3627,105371275,3604,4547,2625,105372115;Control1,Control2,Control3,Control4,Control5,Control6,Control7,Control8,Control9,Control10,Control11,Control13,Control15,Control16,Control17
3627,55423,115362;Control1,Control2,Control3,Control4,Control5,Control6,Control7,Control8,Control10,Control11,Control12,Control13,Control15,Control16,Control17
345079,389336,1749,354,5650;Control1,Control2,Control3,Control4,Control5,Control6,Control8,Control9,Control10,Control11,Control12,Control13,Control15,Control16,Control17
345079,6534;Control1,Control2,Control3,Control4,Control5,Control6,Control8,Control9,Control10,Control11,Control12,Control13,Control15,Control16,Control17
345079,245972;Control1,Control2,Control3,Control5,Control6,Control7,Control8,Control9,Control10,Control11,Control12,Control13,Control15,Control16,Control17
345079,79733;Control1,Control3,Control4,Control5,Control6,Control7,Control8,Control9,Control10,Control11,Control12,Control13,Control15,Control16,Control17
345079,103695435,7681;Control1,Control2,Control3,Control4,Control5,Control6,Control7,Control8,Control9,Control11,Control12,Control13,Control15,Control16,Control17
345079,122042,860,5100;Control1,Control2,Control3,Control4,Control5,Control6,Control7,Control8,Control9,Control11,Control12,Control13,Control15,Control16,Control17
345079,3502,389336,354,5650;Control1,Control2,Control3,Control4,Control5,Control6,Control8,Control9,Control10,Control11,Control12,Control13,Control15,Control16,Control17
345079,7681,941,860;Control1,Control2,Control3,Control4,Control5,Control6,Control7,Control8,Control9,Control11,Control12,Control13,Control15,Control16,Control17
2250,4825;Control1,Control2,Control3,Control4,Control5,Control6,Control7,Control8,Control9,Control10,Control11,Control12,Control13,Control15,Control16,Control17
2250,105377508,647309,646024,105376041,387895;Control1,Control2,Control3,Control4,Control5,Control6,Control7,Control8,Control9,Control11,Control12,Control13,Control15,Control16,Control17
2250,860,646024,105376041,3229,387895,5101,109729169;Control1,Control2,Control3,Control4,Control5,Control6,Control8,Control9,Control10,Control11,Control12,Control13,Control15,Control16,Control17
2250,646024,105376041,3229,387895,115701,55655;Control1,Control2,Control3,Control4,Control5,Control6,Control7,Control8,Control9,Control10,Control11,Control12,Control13,Control15,Control16,Control17
2250,387978,646024,105376041,3229,387895,115701,55655;Control1,Control2,Control3,Control4,Control5,Control6,Control7,Control8,Control10,Control11,Control12,Control13,Control15,Control16,Control17
2250,9956,646024,105376041,3229,387895,115701,55655;Control1,Control2,Control3,Control4,Control5,Control6,Control7,Control9,Control10,Control11,Control12,Control13,Control15,Control16,Control17
2250,109729169,646024,105376041,387895,55655;Control1,Control2,Control3,Control4,Control5,Control6,Control7,Control8,Control9,Control10,Control11,Control12,Control13,Control15,Control16,Control17
4825,105377508,647309,646024,105376041,387895;Control1,Control2,Control3,Control4,Control5,Control6,Control7,Control8,Control9,Control11,Control12,Control13,Control15,Control16,Control17
4825,389336,1749,3227;Control1,Control2,Control4,Control5,Control6,Control7,Control8,Control9,Control10,Control11,Control12,Control13,Control15,Control16,Control17
4825,100506895;Control1,Control2,Control3,Control4,Control5,Control6,Control7,Control8,Control9,Control10,Control11,Control12,Control13,Control15,Control17
4825,105375690,2250;Control1,Control2,Control3,Control5,Control6,Control7,Control8,Control9,Control10,Control11,Control12,Control13,Control15,Control16,Control17
4825,115701,2250,55655;Control1,Control2,Control4,Control5,Control6,Control7,Control8,Control9,Control10,Control11,Control12,Control13,Control15,Control16,Control17
4825,25818,105373150;Control1,Control2,Control3,Control4,Control5,Control6,Control7,Control8,Control9,Control10,Control11,Control12,Control13,Control16,Control17
4825,109729169,2250,55655;Control1,Control2,Control4,Control5,Control6,Control7,Control8,Control9,Control10,Control11,Control12,Control13,Control15,Control16,Control17
4825,105373150,100506895;Control1,Control2,Control3,Control4,Control5,Control6,Control7,Control8,Control9,Control10,Control11,Control12,Control13,Control16,Control17
4547,57451,51361,23286,340273,100289137,158228,143662,6495,100506411,654499,101927355,54101;Control1,Control2,Control3,Control4,Control5,Control6,Control7,Control8,Control10,Control11,Control12,Control13,Control15,Control16,Control17
4547,107986606,29851,5133;Control1,Control2,Control3,Control4,Control5,Control6,Control7,Control8,Control9,Control10,Control11,Control12,Control13,Control16,Control17
4547,253650,51361,100996301,5133,23286,340273,100289137,158228,143662,79056,6495,100506411,654499,101927355,54101,2277;Control1,Control2,Control3,Control4,Control5,Control6,Control7,Control8,Control10,Control11,Control12,Control13,Control15,Control16,Control17
4547,144455,6664,4001,27299,2625,387978;Control1,Control2,Control3,Control4,Control5,Control6,Control7,Control8,Control9,Control10,Control11,Control12,Control13,Control15,Control17
4547,50614,6664,7180,2625,387978;Control1,Control2,Control3,Control5,Control6,Control7,Control8,Control9,Control10,Control11,Control12,Control13,Control15,Control16,Control17
1062,4085;Control1,Control2,Control3,Control5,Control6,Control7,Control8,Control9,Control10,Control11,Control12,Control13,Control15,Control16,Control17
1062,11130,100288637;Control1,Control2,Control3,Control4,Control6,Control7,Control8,Control9,Control10,Control11,Control12,Control13,Control15,Control16,Control17
1062,144455;Control1,Control2,Control3,Control4,Control5,Control6,Control7,Control8,Control9,Control10,Control11,Control12,Control13,Control15,Control17
1062,100288637,4085,55247;Control1,Control2,Control3,Control4,Control6,Control7,Control8,Control9,Control10,Control11,Control12,Control13,Control15,Control16,Control17
9348,8549;Control1,Control2,Control3,Control4,Control5,Control6,Control7,Control8,Control10,Control11,Control12,Control13,Control15,Control16,Control17
9348,338797;Control1,Control2,Control3,Control4,Control5,Control6,Control8,Control9,Control10,Control11,Control12,Control13,Control15,Control16,Control17
4085,7272,23397,10721,55247,3161,55165,100288637,7153,29128;Control1,Control2,Control3,Control4,Control5,Control6,Control7,Control8,Control9,Control10,Control11,Control12,Control13,Control15,Control17
4085,27299,4751,55247;Control1,Control3,Control4,Control5,Control6,Control7,Control8,Control9,Control10,Control11,Control12,Control13,Control15,Control16,Control17
4085,55872,55635,9928,4751,55247,3161,54443,55165,100288637,7153,29128;Control1,Control2,Control3,Control4,Control5,Control6,Control7,Control8,Control9,Control10,Control11,Control12,Control13,Control15,Control17
4085,11130,55635,4751,23397,10721,55247,3161,100288637,7153;Control1,Control2,Control3,Control5,Control6,Control7,Control8,Control9,Control10,Control11,Control12,Control13,Control15,Control16,Control17
4085,3832,55635,4751,23397,55247,3161,54443,983,7153;Control1,Control2,Control3,Control4,Control6,Control7,Control8,Control9,Control10,Control11,Control12,Control13,Control15,Control16,Control17
4085,9824,55635,4751,55247,3161,54443,55872,983,3832,55165,7153;Control1,Control2,Control3,Control4,Control5,Control6,Control7,Control8,Control9,Control10,Control11,Control12,Control13,Control15,Control17
4085,57082,9928,4751,56992,55247,3161,55872,55165,9055,7153,29128;Control1,Control2,Control3,Control4,Control5,Control6,Control7,Control8,Control9,Control10,Control11,Control12,Control13,Control15,Control17
4085,9055,9928,4751,56992,55247,3161,7153;Control1,Control2,Control3,Control4,Control5,Control6,Control7,Control9,Control10,Control11,Control12,Control13,Control15,Control16,Control17
4085,105372613;Control1,Control2,Control3,Control4,Control5,Control6,Control7,Control8,Control10,Control11,Control12,Control13,Control15,Control16,Control17
105377404,105372613,477;Control1,Control2,Control3,Control4,Control5,Control6,Control7,Control8,Control9,Control10,Control11,Control12,Control13,Control15,Control16
105377404,729447,102723547;Control1,Control2,Control3,Control4,Control5,Control6,Control7,Control9,Control10,Control11,Control12,Control13,Control15,Control16,Control17
1047,105370953,594855;Control1,Control2,Control3,Control4,Control5,Control6,Control8,Control9,Control10,Control11,Control12,Control13,Control15,Control16,Control17
105377508,100505994,284958,646024,105376041,3229,387895,115701,55655,107985492;Control1,Control2,Control3,Control5,Control6,Control7,Control8,Control9,Control10,Control11,Control12,Control13,Control15,Control16,Control17
105377508,168002,284958,5798,646024,105376041,3229,387895,115701,55655,109729169;Control1,Control2,Control3,Control4,Control5,Control6,Control7,Control8,Control9,Control10,Control11,Control13,Control15,Control16,Control17
105377508,11075,5798,646024,168002,554202,105376041,55655,109729169;Control1,Control2,Control3,Control4,Control5,Control6,Control7,Control8,Control9,Control10,Control11,Control13,Control15,Control16,Control17
105377508,554202,646024,105376041,55655,3053;Control1,Control2,Control3,Control4,Control5,Control6,Control7,Control8,Control9,Control10,Control11,Control12,Control13,Control15,Control16,Control17
105377508,338376,554202,55655;Control1,Control2,Control3,Control4,Control5,Control6,Control7,Control8,Control9,Control10,Control11,Control12,Control13,Control15,Control16,Control17
105377508,103689845,646024,554202,105376041,55655,3053;Control1,Control2,Control3,Control4,Control5,Control6,Control7,Control8,Control9,Control10,Control11,Control12,Control15,Control16,Control17
105377508,9955,105372950,646024,105376041,387895,55655,3053;Control1,Control3,Control4,Control5,Control6,Control7,Control8,Control9,Control10,Control11,Control12,Control13,Control15,Control16,Control17
55247,7272,23397,10721,64151,3161,55165,7153,29128;Control1,Control2,Control3,Control4,Control5,Control6,Control7,Control8,Control9,Control10,Control11,Control12,Control13,Control15,Control16,Control17
55247,27299,6664,4001,387978;Control1,Control2,Control3,Control4,Control5,Control6,Control7,Control8,Control9,Control10,Control11,Control12,Control13,Control15,Control16,Control17
55247,144455,9928,4001,100288637,51203;Control1,Control2,Control3,Control4,Control5,Control6,Control7,Control8,Control9,Control10,Control11,Control12,Control13,Control15,Control17
55247,100506655,6664,4001,27299,2625,387978,105372115;Control2,Control3,Control4,Control5,Control6,Control7,Control8,Control9,Control10,Control11,Control12,Control13,Control15,Control16,Control17
55247,83903,55143,4751,54443,55872,9824,9055;Control1,Control2,Control3,Control4,Control5,Control6,Control7,Control8,Control10,Control11,Control12,Control13,Control15,Control16,Control17
55247,54478,55635,3832,7153;Control1,Control2,Control3,Control4,Control5,Control6,Control7,Control8,Control10,Control11,Control12,Control13,Control15,Control16,Control17
55247,101060400,6664,4001,27299,387978;Control1,Control2,Control3,Control4,Control5,Control6,Control8,Control9,Control10,Control11,Control12,Control13,Control15,Control16,Control17
102467080,8329;Control1,Control2,Control3,Control4,Control5,Control6,Control7,Control8,Control9,Control11,Control12,Control13,Control15,Control16,Control17
102467080,1749,55765;Control1,Control2,Control3,Control4,Control5,Control6,Control7,Control8,Control9,Control10,Control11,Control12,Control13,Control16,Control17
102467080,89958;Control1,Control2,Control3,Control4,Control5,Control6,Control7,Control8,Control9,Control11,Control12,Control13,Control15,Control16,Control17
102467080,4973,5265,5650;Control1,Control2,Control3,Control4,Control5,Control6,Control8,Control9,Control10,Control11,Control12,Control13,Control15,Control16,Control17
102467080,112802,3881;Control1,Control2,Control3,Control4,Control5,Control6,Control7,Control8,Control9,Control10,Control11,Control12,Control15,Control16,Control17
102467080,5265;Control1,Control2,Control3,Control4,Control5,Control6,Control7,Control8,Control9,Control10,Control11,Control12,Control13,Control15,Control16,Control17
102467080,176,349408;Control1,Control2,Control3,Control4,Control5,Control6,Control7,Control8,Control9,Control11,Control12,Control13,Control15,Control16,Control17
102467080,4166;Control1,Control2,Control3,Control4,Control5,Control6,Control8,Control9,Control10,Control11,Control12,Control13,Control15,Control16,Control17
102467080,3881,6690;Control1,Control2,Control3,Control4,Control5,Control6,Control7,Control8,Control9,Control10,Control11,Control12,Control15,Control16,Control17
102467080,10437,5265;Control2,Control3,Control4,Control5,Control6,Control7,Control8,Control9,Control10,Control11,Control12,Control13,Control15,Control16,Control17
102467080,25818,5265;Control1,Control2,Control4,Control5,Control6,Control7,Control8,Control9,Control10,Control11,Control12,Control13,Control15,Control16,Control17
10309,100505994,51361,57451,340273,105375690,158228,143662,6495,654499,101927355,107985492,54101;Control1,Control2,Control3,Control4,Control5,Control6,Control7,Control8,Control9,Control10,Control11,Control12,Control13,Control16,Control17
10309,101927686,51361,57451,340273,158228,143662,6495,654499,54101;Control1,Control2,Control3,Control4,Control6,Control7,Control8,Control9,Control10,Control11,Control12,Control13,Control15,Control16,Control17
10309,100506895,148645,3670,345643,5307,105375894,1690,100506071,161291,6362,106481742,9758,8471;Control1,Control2,Control3,Control5,Control6,Control7,Control8,Control9,Control10,Control11,Control12,Control13,Control15,Control16,Control17
10309,245972,51361,100996301,81849,23286,340273,100289137,158228,143662,6495,100506411,654499,970,101927355,54101,2277;Control1,Control2,Control4,Control5,Control6,Control7,Control8,Control9,Control10,Control11,Control12,Control13,Control15,Control16,Control17
10309,7546,51361,57451,340273,158228,143662,6495,654499,101927355,54101;Control2,Control3,Control4,Control5,Control6,Control7,Control8,Control9,Control10,Control11,Control12,Control13,Control15,Control16,Control17
10309,161291,57451;Control1,Control2,Control3,Control4,Control5,Control6,Control7,Control8,Control9,Control10,Control11,Control12,Control13,Control15,Control16,Control17
10309,101929690,148645,3239,56203,3670,345643,5307,105375894,1690,100506071,161291,6362,106481742,9758,8471;Control1,Control2,Control3,Control5,Control6,Control7,Control8,Control9,Control10,Control11,Control12,Control13,Control15,Control16,Control17
10309,10481,161291;Control1,Control2,Control3,Control4,Control5,Control6,Control7,Control8,Control9,Control10,Control11,Control13,Control15,Control16,Control17
10309,105373150,100506895;Control1,Control2,Control3,Control5,Control6,Control7,Control8,Control9,Control10,Control11,Control12,Control13,Control15,Control16,Control17
55789,171019,105375622,8424;Control1,Control2,Control3,Control4,Control5,Control6,Control7,Control8,Control9,Control10,Control11,Control12,Control13,Control15,Control17
55789,6422;Control1,Control2,Control3,Control4,Control5,Control6,Control7,Control8,Control9,Control10,Control12,Control13,Control15,Control16,Control17
55789,105375622;Control1,Control2,Control3,Control4,Control5,Control6,Control8,Control9,Control10,Control11,Control12,Control13,Control15,Control16,Control17
55789,4321,107984851;Control1,Control2,Control4,Control5,Control6,Control7,Control8,Control9,Control10,Control11,Control12,Control13,Control15,Control16,Control17
55789,641;Control1,Control2,Control4,Control5,Control6,Control7,Control8,Control9,Control10,Control11,Control12,Control13,Control15,Control16,Control17
55789,107984851;Control1,Control2,Control3,Control4,Control5,Control6,Control7,Control8,Control9,Control10,Control11,Control12,Control13,Control15,Control16,Control17
891,101927813,4751,6241,150468,54443,55872,9833,9055,100507118;Control1,Control2,Control3,Control5,Control6,Control7,Control8,Control9,Control10,Control11,Control12,Control13,Control15,Control16,Control17
891,7272,9928,23397,64151,55247,3161,983,55165,221150,7153,29128;Control1,Control2,Control3,Control4,Control5,Control6,Control7,Control8,Control9,Control10,Control11,Control12,Control15,Control16,Control17
891,54443,9928,4751,55247,3161,55872,55165,51203,9055,7153,29128;Control1,Control2,Control3,Control4,Control5,Control6,Control7,Control8,Control9,Control10,Control11,Control12,Control13,Control15,Control16,Control17
891,157313,6241,150468,55165,9787,51203,332;Control1,Control2,Control3,Control4,Control5,Control6,Control7,Control8,Control10,Control11,Control12,Control13,Control15,Control16,Control17
891,157570,6241,150468,3161,55872,55165,51203,7153;Control1,Control2,Control3,Control4,Control5,Control6,Control7,Control8,Control10,Control11,Control12,Control13,Control15,Control16,Control17
891,9833,4751,1063,6241,150468,54443,55872,55165,51203,9055,100507118;Control1,Control2,Control3,Control4,Control5,Control6,Control7,Control8,Control9,Control10,Control12,Control13,Control15,Control16,Control17
891,11130,4751,699,10721,55247,3161,55872,983,55165,221150,51203,7153,29128,24137;Control1,Control2,Control3,Control5,Control6,Control7,Control8,Control9,Control10,Control11,Control12,Control13,Control15,Control16,Control17
891,983,4751,6241,3161,54443,55872,55165,221150,51203,9055,100507118,7153,29128,24137;Control1,Control2,Control3,Control4,Control5,Control6,Control7,Control8,Control9,Control10,Control11,Control12,Control13,Control15,Control16,Control17
891,374393,55355,55872,9833,55165,221150,9787,51203,79801,220134,29128;Control1,Control2,Control3,Control4,Control5,Control6,Control7,Control8,Control9,Control10,Control12,Control13,Control15,Control16,Control17
891,57082,259266,6241,55355,64151,55872,55165,221150,51203,100507118,79801,220134,29128,24137;Control1,Control2,Control3,Control4,Control5,Control6,Control7,Control8,Control9,Control10,Control11,Control12,Control13,Control15,Control16,Control17
891,9768,64151,983,55165,57082,51203,7153,29128,24137;Control1,Control2,Control3,Control4,Control5,Control6,Control7,Control8,Control9,Control10,Control11,Control12,Control13,Control15,Control16,Control17
891,83903,4751,150468,54443,55872,55165,51203,9055,100507118;Control1,Control2,Control4,Control5,Control6,Control7,Control8,Control9,Control10,Control11,Control12,Control13,Control15,Control16,Control17
891,55723,6241,221150,9787,100507118;Control1,Control2,Control3,Control4,Control5,Control6,Control7,Control8,Control9,Control10,Control11,Control12,Control13,Control15,Control16,Control17
891,11065,55355,221150,9787,100507118,220134;Control1,Control2,Control3,Control4,Control5,Control6,Control7,Control8,Control9,Control10,Control11,Control12,Control13,Control15,Control16,Control17
891,54821,57082;Control1,Control2,Control3,Control4,Control5,Control6,Control7,Control8,Control9,Control10,Control11,Control13,Control15,Control16,Control17
134285,100130275,2019,285987,4004,5265,5653,5650,28809,729442;Control1,Control2,Control3,Control4,Control5,Control6,Control7,Control8,Control9,Control10,Control11,Control13,Control15,Control16,Control17
134285,1749,27237,389336,285987,4004,5653,5650,28809,729442;Control1,Control2,Control3,Control4,Control5,Control6,Control7,Control8,Control9,Control10,Control11,Control12,Control13,Control16,Control17
134285,203190,105371927;Control1,Control2,Control3,Control4,Control5,Control6,Control7,Control8,Control9,Control11,Control12,Control13,Control15,Control16,Control17
134285,105371927,27237;Control1,Control2,Control3,Control4,Control5,Control6,Control7,Control8,Control9,Control10,Control11,Control12,Control13,Control15,Control16,Control17
134285,647946,2019,389336,285987,4004,5653,5650,28809,729442;Control1,Control2,Control3,Control4,Control5,Control6,Control7,Control9,Control10,Control11,Control12,Control13,Control15,Control16,Control17
134285,115701,27237,105371927;Control1,Control2,Control3,Control4,Control5,Control6,Control7,Control8,Control9,Control10,Control11,Control12,Control13,Control16,Control17
134285,284293,58,285987,4004,3502,145873,28809,729442;Control1,Control2,Control3,Control4,Control5,Control6,Control7,Control9,Control10,Control11,Control12,Control13,Control15,Control16,Control17
134285,64699,5307,285987,4004,3502,5653,28809,729442;Control1,Control2,Control4,Control5,Control6,Control7,Control8,Control9,Control10,Control11,Control12,Control13,Control15,Control16,Control17
2297,6943;Control1,Control2,Control3,Control4,Control5,Control6,Control7,Control8,Control9,Control10,Control11,Control12,Control13,Control15,Control16,Control17
2297,100192378,3239;Control1,Control2,Control3,Control4,Control5,Control6,Control7,Control8,Control9,Control10,Control12,Control13,Control15,Control16,Control17
2297,253650,10993;Control1,Control2,Control4,Control5,Control6,Control7,Control8,Control9,Control10,Control11,Control12,Control13,Control15,Control16,Control17
2297,4321,3239,6362;Control1,Control2,Control3,Control4,Control5,Control6,Control7,Control8,Control9,Control10,Control11,Control13,Control15,Control16,Control17
2297,161291,3239;Control1,Control2,Control3,Control4,Control5,Control6,Control7,Control8,Control9,Control10,Control11,Control13,Control15,Control16,Control17
2297,57167,10993,7477;Control1,Control2,Control4,Control5,Control6,Control7,Control8,Control9,Control10,Control11,Control12,Control13,Control15,Control16,Control17
2297,8471,3239,6362;Control1,Control2,Control3,Control4,Control5,Control6,Control7,Control8,Control9,Control10,Control11,Control13,Control15,Control16,Control17
101929215,253582,131578,110806280;Control1,Control2,Control3,Control5,Control6,Control7,Control8,Control9,Control10,Control11,Control12,Control13,Control15,Control16,Control17
101929215,80328,4973;Control1,Control2,Control3,Control4,Control5,Control6,Control7,Control8,Control9,Control10,Control11,Control12,Control13,Control15,Control16
101929215,105375610,112937,158511;Control1,Control3,Control4,Control5,Control6,Control7,Control8,Control9,Control10,Control11,Control12,Control13,Control15,Control16,Control17
101929215,79733;Control1,Control3,Control4,Control5,Control6,Control7,Control8,Control9,Control10,Control11,Control12,Control13,Control15,Control16,Control17
1404,107986951,1301,574029,2834;Control1,Control2,Control3,Control4,Control5,Control7,Control8,Control9,Control10,Control11,Control12,Control13,Control15,Control16,Control17
1404,400618;Control1,Control2,Control3,Control4,Control5,Control7,Control8,Control9,Control10,Control11,Control12,Control13,Control15,Control16,Control17
1404,284240,56896,1750,3856,113218482;Control1,Control2,Control3,Control4,Control5,Control6,Control7,Control8,Control9,Control10,Control11,Control12,Control13,Control15,Control17
1404,5008;Control1,Control2,Control3,Control4,Control5,Control6,Control7,Control8,Control9,Control10,Control11,Control12,Control13,Control15,Control16,Control17
100505994,57451,51361,100996301,23286,340273,105375690,158228,143662,6495,100506411,654499,101927355,107985492,54101;Control1,Control2,Control3,Control4,Control5,Control6,Control7,Control8,Control9,Control10,Control11,Control12,Control13,Control16,Control17
100505994,107986606,105375690,107985492;Control1,Control2,Control3,Control4,Control5,Control6,Control7,Control8,Control10,Control11,Control12,Control13,Control15,Control16,Control17
100505994,11075,731220,646024,554202,105376041,3229,55655,107985492,3053;Control1,Control2,Control3,Control5,Control6,Control7,Control8,Control9,Control10,Control11,Control12,Control13,Control15,Control16,Control17
100505994,105375690,107985492;Control1,Control2,Control3,Control4,Control5,Control6,Control7,Control8,Control9,Control10,Control11,Control12,Control13,Control15,Control16,Control17
100505994,387895,80329,646024,105376041,3229;Control1,Control2,Control3,Control4,Control5,Control6,Control7,Control8,Control9,Control10,Control11,Control12,Control13,Control15,Control16,Control17
100505994,103689845,731220,646024,554202,105376041,55655;Control1,Control2,Control3,Control4,Control5,Control6,Control7,Control8,Control9,Control10,Control11,Control12,Control15,Control16,Control17
100505994,366,3352,51361,23286,340273,253650,158228,101101772,654499,101927355,107985492;Control1,Control2,Control3,Control4,Control5,Control6,Control7,Control8,Control9,Control10,Control11,Control12,Control13,Control16,Control17
100505994,9956,646024,105376041;Control1,Control2,Control3,Control4,Control5,Control6,Control7,Control8,Control9,Control10,Control11,Control12,Control13,Control15,Control16,Control17
100505994,6362,80329,646024,105376041,3229,387895;Control1,Control2,Control4,Control5,Control6,Control7,Control8,Control9,Control10,Control11,Control12,Control13,Control15,Control16,Control17
100505994,9388,51361,81849,105374166,23286,340273,253650,158228,112268037,143662,100506411,654499,970,101927355,107985492,54101,2277;Control1,Control2,Control3,Control4,Control5,Control6,Control7,Control8,Control9,Control10,Control11,Control12,Control13,Control16,Control17
100505994,115701,731220,80329,646024,105376041,3229,387895,107985492;Control1,Control2,Control3,Control5,Control6,Control7,Control8,Control9,Control10,Control11,Control12,Control13,Control15,Control16,Control17
100505994,7477,80329,57167;Control1,Control2,Control3,Control4,Control5,Control6,Control7,Control8,Control9,Control10,Control11,Control13,Control15,Control16,Control17
4001,7272,23397,699,10721,64151,3161,55872,55165,29128;Control1,Control2,Control3,Control4,Control5,Control6,Control7,Control9,Control10,Control11,Control12,Control13,Control15,Control16,Control17
4001,157570,54443,9833,51203;Control1,Control2,Control3,Control4,Control5,Control6,Control7,Control8,Control10,Control11,Control12,Control13,Control15,Control16,Control17
4001,9833,699,54443,51203;Control1,Control2,Control3,Control4,Control5,Control6,Control7,Control8,Control10,Control11,Control12,Control13,Control15,Control16,Control17
4001,2625,3604,6664,4547,27299,387978,105372115,389903;Control1,Control3,Control4,Control5,Control6,Control7,Control8,Control9,Control10,Control11,Control12,Control13,Control15,Control16,Control17
4001,374393,9833;Control1,Control2,Control3,Control4,Control5,Control6,Control7,Control8,Control10,Control11,Control12,Control13,Control15,Control16,Control17
4001,221150,64151,55247,3161,54443,55872,55165,57082,51203,7153,29128;Control1,Control2,Control3,Control4,Control5,Control6,Control7,Control8,Control9,Control10,Control11,Control12,Control13,Control15,Control16,Control17
4001,100288637,9928,55247,3161,54443,55872,55165,7153,29128;Control1,Control2,Control3,Control4,Control5,Control6,Control7,Control8,Control9,Control10,Control11,Control12,Control13,Control15,Control16,Control17
4001,9768,9928,64151,55872,55165,57082,51203,7153,29128;Control1,Control2,Control3,Control4,Control5,Control6,Control7,Control9,Control10,Control11,Control12,Control13,Control15,Control16,Control17
4001,9055,9928,64151,55247,3161,54443,55872,55165,51203,7153,29128;Control1,Control2,Control3,Control4,Control5,Control6,Control7,Control8,Control9,Control10,Control11,Control12,Control13,Control15,Control16,Control17
4001,100507118,4751,699,55247,3161,54443,55872,55165,221150,100288637,51203,9055,7153,29128;Control1,Control2,Control3,Control5,Control6,Control7,Control8,Control9,Control10,Control11,Control12,Control13,Control15,Control16,Control17
4001,79801,9928,64151,55247,3161,54443,55872,55165,57082,51203,7153,29128;Control1,Control2,Control3,Control4,Control5,Control6,Control7,Control8,Control9,Control10,Control11,Control12,Control13,Control16,Control17
4001,220134,64151,3161,55872,55165,221150,57082,51203,29128;Control1,Control2,Control3,Control4,Control5,Control6,Control7,Control8,Control9,Control10,Control11,Control12,Control13,Control15,Control16,Control17
4001,389903,3604,6664,4547,27299,387978,105372115;Control1,Control2,Control3,Control4,Control5,Control6,Control7,Control8,Control9,Control10,Control11,Control12,Control13,Control15,Control16
171019,2835;Control1,Control2,Control3,Control4,Control5,Control6,Control7,Control9,Control10,Control11,Control12,Control13,Control15,Control16,Control17
171019,107984851,1630;Control1,Control2,Control3,Control4,Control5,Control6,Control7,Control8,Control9,Control10,Control11,Control12,Control15,Control16,Control17
171019,1630,107986990;Control1,Control2,Control3,Control4,Control5,Control6,Control7,Control8,Control9,Control10,Control11,Control12,Control13,Control15,Control16,Control17
5307,389336,115019,5653;Control1,Control2,Control4,Control5,Control6,Control7,Control8,Control9,Control10,Control11,Control12,Control13,Control15,Control16,Control17
5307,57451,105375894,8471;Control1,Control2,Control3,Control5,Control6,Control7,Control8,Control9,Control10,Control11,Control12,Control13,Control15,Control16,Control17
5307,8538;Control1,Control2,Control4,Control5,Control6,Control7,Control8,Control9,Control10,Control11,Control12,Control13,Control15,Control16,Control17
5307,4973,58,134285,285987,4004,25818,5653,5650,28809,105373150,729442;Control1,Control2,Control4,Control5,Control6,Control7,Control8,Control9,Control10,Control11,Control12,Control13,Control15,Control16,Control17
995,105375610,6241,150468,9787,100507118;Control1,Control2,Control3,Control4,Control5,Control6,Control7,Control8,Control9,Control10,Control11,Control12,Control13,Control15,Control16,Control17
995,157313,259266,6241,150468,9787,332;Control1,Control2,Control3,Control4,Control5,Control6,Control7,Control9,Control10,Control11,Control12,Control13,Control15,Control16,Control17
995,157570,1063,6241,150468,55872,55165,9787,100507118,332;Control1,Control2,Control3,Control4,Control5,Control6,Control7,Control8,Control9,Control10,Control11,Control12,Control13,Control15,Control16
995,9833,259266,1063,6241,150468,9787,100507118,79801,332,22974;Control1,Control2,Control3,Control5,Control6,Control7,Control8,Control9,Control10,Control11,Control12,Control13,Control15,Control16,Control17
995,219527,3833,105375610;Control1,Control2,Control3,Control4,Control6,Control7,Control8,Control9,Control10,Control11,Control12,Control13,Control15,Control16,Control17
995,9055,6241,150468,105375610,55872,9787,100507118;Control1,Control2,Control3,Control4,Control5,Control6,Control7,Control8,Control10,Control11,Control12,Control13,Control15,Control16,Control17
995,100507118,991,259266,1063,6241,55355,9232,3833,113130,9787,9133,9212,146909;Control1,Control2,Control3,Control4,Control5,Control6,Control7,Control8,Control9,Control10,Control11,Control12,Control13,Control15,Control16,Control17
995,5347,991,128239,3833,4288,112937,9212;Control1,Control2,Control3,Control4,Control5,Control7,Control8,Control9,Control10,Control11,Control12,Control13,Control15,Control16,Control17
995,83903,1063,6241,150468,55872,55165,9787,100507118;Control1,Control2,Control3,Control4,Control5,Control6,Control7,Control8,Control9,Control10,Control12,Control13,Control15,Control16,Control17
995,400618,112937;Control1,Control3,Control4,Control5,Control6,Control7,Control8,Control9,Control10,Control11,Control12,Control13,Control15,Control16,Control17
995,220134,991,128239,259266,6241,55355,64151,4288,221150,9787,9133,9212,332;Control1,Control2,Control3,Control4,Control5,Control6,Control7,Control8,Control10,Control11,Control12,Control13,Control15,Control16,Control17
995,5354,157570;Control1,Control2,Control3,Control4,Control5,Control6,Control7,Control8,Control9,Control10,Control11,Control12,Control13,Control15,Control16
995,158511,991,3833,112937,5347,9212;Control1,Control2,Control3,Control4,Control5,Control7,Control8,Control9,Control10,Control11,Control12,Control13,Control15,Control16,Control17
6690,389336,1749,3227,5650;Control1,Control2,Control3,Control4,Control5,Control6,Control7,Control8,Control9,Control10,Control11,Control12,Control15,Control16,Control17
6690,3135,112802;Control1,Control2,Control3,Control5,Control6,Control7,Control8,Control9,Control10,Control11,Control12,Control13,Control15,Control16,Control17
6690,105375027,102724784,112802,3881,107985627;Control1,Control2,Control3,Control4,Control5,Control6,Control7,Control8,Control9,Control11,Control12,Control13,Control15,Control16,Control17
6690,1749,55765;Control1,Control2,Control3,Control4,Control5,Control6,Control7,Control8,Control9,Control10,Control11,Control12,Control15,Control16,Control17
6690,1029;Control1,Control3,Control4,Control5,Control6,Control7,Control8,Control9,Control10,Control11,Control12,Control13,Control15,Control16,Control17
6690,103689845;Control1,Control2,Control3,Control4,Control5,Control6,Control7,Control8,Control9,Control11,Control12,Control13,Control15,Control16,Control17
6690,100126311,1749;Control1,Control2,Control3,Control4,Control5,Control6,Control7,Control8,Control9,Control10,Control11,Control12,Control15,Control16,Control17
6690,105371050,105375027,3881;Control1,Control2,Control3,Control4,Control5,Control6,Control7,Control8,Control9,Control11,Control12,Control13,Control15,Control16,Control17
6690,3881,112802;Control1,Control2,Control3,Control4,Control5,Control6,Control7,Control8,Control9,Control10,Control11,Control12,Control13,Control15,Control16,Control17
389336,100506895,1749,354;Control1,Control2,Control4,Control5,Control6,Control7,Control8,Control9,Control10,Control11,Control12,Control13,Control15,Control16,Control17
389336,3856,3502,354,5650,28809;Control1,Control2,Control3,Control4,Control5,Control7,Control8,Control9,Control10,Control11,Control12,Control13,Control15,Control16,Control17
389336,100126311,1749,3227;Control1,Control2,Control3,Control4,Control5,Control6,Control7,Control8,Control9,Control10,Control11,Control12,Control13,Control15,Control17
389336,4496,284958,646024,105376041,3229,387895,115701,55655;Control1,Control2,Control3,Control4,Control5,Control6,Control7,Control8,Control9,Control11,Control12,Control13,Control15,Control16,Control17
389336,3053,105372950,646024,105376041,3229,387895,115701,55655;Control1,Control2,Control3,Control4,Control5,Control6,Control7,Control8,Control9,Control11,Control12,Control13,Control15,Control16,Control17
6534,168002,5798,646024,105376041,115701,55655,109729169;Control1,Control2,Control3,Control4,Control5,Control6,Control7,Control8,Control9,Control10,Control11,Control13,Control15,Control16,Control17
6534,10643;Control1,Control2,Control4,Control5,Control6,Control7,Control8,Control9,Control10,Control11,Control12,Control13,Control15,Control16,Control17
6534,29991,105378305,109729169;Control1,Control2,Control3,Control4,Control5,Control6,Control7,Control8,Control9,Control10,Control11,Control12,Control13,Control16,Control17
6534,120939,105378305;Control1,Control3,Control4,Control5,Control6,Control7,Control8,Control9,Control10,Control11,Control12,Control13,Control15,Control16,Control17
6534,100533990,5798,344,109729169;Control1,Control2,Control3,Control4,Control5,Control6,Control7,Control8,Control9,Control10,Control11,Control12,Control13,Control15,Control16,Control17
6534,4318,5798,105378305,100533990,344,109729184;Control1,Control2,Control3,Control4,Control5,Control6,Control7,Control8,Control9,Control11,Control12,Control13,Control15,Control16,Control17
9232,105375610,6241,1058,3833,9787,9133;Control1,Control2,Control3,Control4,Control5,Control6,Control7,Control8,Control9,Control10,Control11,Control12,Control13,Control15,Control16,Control17
9232,157313,259266,6241,995,9787,9133,332;Control1,Control2,Control3,Control4,Control5,Control6,Control7,Control9,Control10,Control11,Control12,Control13,Control15,Control16,Control17
9232,9833,259266,1063,6241,995,9787,100507118,79801,146909,332,24137;Control1,Control2,Control3,Control4,Control5,Control6,Control7,Control8,Control9,Control10,Control11,Control12,Control15,Control16,Control17
9232,221150,991,128239,259266,1063,6241,55355,3833,4288,113130,9787,9133,9212,146909,24137;Control1,Control2,Control3,Control4,Control5,Control6,Control7,Control8,Control9,Control10,Control11,Control12,Control13,Control16,Control17
9232,24137,991,128239,259266,1063,6241,57405,55355,4288,113130,9787,9133,9212,146909,332;Control1,Control2,Control3,Control4,Control5,Control6,Control7,Control9,Control10,Control11,Control12,Control13,Control15,Control16,Control17
3161,101927813,4751,1063,6241,54443,55872,9833,221150,9055,100507118;Control1,Control2,Control3,Control5,Control6,Control7,Control8,Control9,Control10,Control11,Control12,Control13,Control15,Control16,Control17
3161,79733,55143,4751,54443,157570,55872,9055;Control1,Control2,Control3,Control4,Control5,Control6,Control7,Control8,Control10,Control11,Control12,Control13,Control15,Control16,Control17
3161,144455,9928,699,10721,64151,55165,7153,29128;Control1,Control2,Control3,Control4,Control5,Control6,Control7,Control8,Control9,Control10,Control11,Control12,Control13,Control15,Control16
3161,83903,4751,1063,6241,54443,55872,55165,9055;Control1,Control2,Control3,Control4,Control5,Control6,Control7,Control8,Control9,Control10,Control11,Control12,Control13,Control15,Control16,Control17
3161,54478,55635,983,3832,55165,100507118,7153;Control1,Control2,Control3,Control4,Control5,Control7,Control8,Control9,Control10,Control11,Control12,Control13,Control15,Control16,Control17
3161,201299,1063,6241,55872,221150,9787,9055,100507118,24137;Control1,Control2,Control3,Control4,Control5,Control7,Control8,Control9,Control10,Control11,Control12,Control13,Control15,Control16,Control17
3161,332,83540,259266,6241,55355,64151,55872,55165,51203,79801,220134,24137;Control1,Control2,Control3,Control4,Control5,Control6,Control7,Control8,Control9,Control10,Control11,Control12,Control15,Control16,Control17
3161,105372115,9928,4751,56992,55247,54443,55872;Control1,Control3,Control4,Control5,Control6,Control7,Control8,Control9,Control10,Control11,Control12,Control13,Control15,Control16,Control17
3161,55723,1063,6241,55355,891,55872,221150,9787,100507118,79801,29128,11065,24137;Control1,Control2,Control3,Control4,Control6,Control7,Control8,Control9,Control10,Control11,Control12,Control13,Control15,Control16,Control17
3161,22974,1063,6241,699,55355,64151,55872,55165,221150,9787,51203,100507118,79801,220134,29128,24137;Control1,Control2,Control3,Control5,Control6,Control7,Control8,Control9,Control10,Control11,Control12,Control13,Control15,Control16,Control17
3161,11065,1063,6241,55355,64151,891,55872,55165,221150,9787,100507118,79801,220134,29128,24137;Control1,Control2,Control3,Control4,Control6,Control7,Control8,Control9,Control10,Control11,Control12,Control13,Control15,Control16,Control17
3161,389903,4751,56992,64151,55247,54443,55872,221150,9055;Control1,Control3,Control4,Control5,Control6,Control7,Control8,Control9,Control10,Control11,Control12,Control13,Control15,Control16,Control17
101927813,9833,1058;Control1,Control2,Control3,Control4,Control5,Control6,Control7,Control8,Control9,Control10,Control11,Control12,Control15,Control16,Control17
101927813,79801,3161,9833;Control1,Control2,Control3,Control4,Control5,Control6,Control7,Control8,Control9,Control10,Control11,Control12,Control13,Control16,Control17
101927813,83903,4751,1063,6241,150468,54443,55872,9055,100507118;Control1,Control2,Control3,Control5,Control6,Control7,Control8,Control9,Control10,Control11,Control12,Control13,Control15,Control16,Control17
101927813,51512,150468,83903;Control1,Control2,Control3,Control5,Control6,Control7,Control8,Control9,Control10,Control11,Control12,Control13,Control15,Control16,Control17
57451,23286,51361,340273,158228,143662,6495,100506411,654499,101927355,54101;Control1,Control2,Control3,Control4,Control5,Control6,Control7,Control8,Control9,Control10,Control11,Control12,Control13,Control15,Control16,Control17
57451,245972,51361,100996301,10309,23286,340273,100289137,158228,143662,6495,161291,100506411,654499,970,101927355,54101,2277;Control1,Control2,Control4,Control5,Control6,Control7,Control8,Control9,Control10,Control11,Control12,Control13,Control15,Control16,Control17
57451,9355,51361,23286,340273,158228,143662,6495,100506411,654499,970,101927355,54101;Control1,Control2,Control3,Control4,Control5,Control6,Control8,Control9,Control10,Control11,Control12,Control13,Control15,Control16,Control17
57451,64843;Control1,Control2,Control3,Control5,Control6,Control7,Control8,Control9,Control10,Control11,Control12,Control13,Control15,Control16,Control17
23286,101101772,3352,51361,100996301,81849,340273,253650,158228,100506411,654499,101927355,107985492,54101;Control1,Control2,Control3,Control4,Control5,Control6,Control7,Control8,Control9,Control10,Control11,Control12,Control13,Control15,Control17
23286,2835,51361,340273,158228,7546,654499;Control2,Control3,Control4,Control5,Control6,Control7,Control8,Control9,Control10,Control11,Control12,Control13,Control15,Control16,Control17
23286,103689845;Control1,Control2,Control3,Control5,Control6,Control7,Control8,Control9,Control10,Control11,Control12,Control13,Control15,Control16,Control17
7020,29991,10481;Control1,Control2,Control3,Control5,Control6,Control7,Control8,Control9,Control10,Control11,Control12,Control13,Control15,Control16,Control17
7020,10481;Control1,Control2,Control3,Control4,Control5,Control6,Control7,Control8,Control9,Control10,Control11,Control12,Control13,Control15,Control16,Control17
100130275,29991;Control1,Control2,Control3,Control5,Control6,Control7,Control8,Control9,Control10,Control11,Control12,Control13,Control15,Control16,Control17
100130275,5265;Control1,Control2,Control3,Control4,Control5,Control6,Control7,Control8,Control9,Control10,Control11,Control12,Control13,Control15,Control16,Control17
100130275,339256;Control2,Control3,Control4,Control5,Control6,Control7,Control8,Control9,Control10,Control11,Control12,Control13,Control15,Control16,Control17
100130275,3881,5265;Control1,Control2,Control3,Control4,Control5,Control6,Control7,Control8,Control9,Control10,Control11,Control12,Control15,Control16,Control17
100130275,10481;Control1,Control2,Control3,Control4,Control5,Control6,Control7,Control8,Control9,Control10,Control11,Control12,Control13,Control15,Control16,Control17
8352,105375674,6273,8355,105375027,101927760,338667;Control1,Control2,Control3,Control5,Control6,Control7,Control8,Control9,Control10,Control11,Control12,Control13,Control15,Control16,Control17
8352,102724784,6273,8355,105375027,101927760,338667,53820,111216286,107985627;Control1,Control2,Control3,Control4,Control5,Control6,Control7,Control8,Control9,Control10,Control12,Control13,Control15,Control16,Control17
8352,2893,105371050;Control1,Control2,Control3,Control4,Control6,Control7,Control8,Control9,Control10,Control11,Control12,Control13,Control15,Control16,Control17
8352,105371050,6273,105375027,101927760,338667;Control1,Control2,Control3,Control4,Control5,Control6,Control7,Control8,Control9,Control10,Control11,Control12,Control13,Control15,Control16,Control17
8352,111216286,6273,8355,105375027,101927760,338667,53820;Control1,Control2,Control3,Control4,Control5,Control6,Control7,Control8,Control9,Control10,Control11,Control12,Control13,Control15,Control17
8345,8355;Control1,Control3,Control4,Control5,Control6,Control7,Control8,Control9,Control10,Control11,Control12,Control13,Control15,Control16,Control17
8345,105375077;Control1,Control2,Control3,Control4,Control5,Control6,Control7,Control8,Control9,Control10,Control11,Control12,Control15,Control16,Control17
8345,157313;Control2,Control3,Control4,Control5,Control6,Control7,Control8,Control9,Control10,Control11,Control12,Control13,Control15,Control16,Control17
8345,1029;Control1,Control2,Control3,Control4,Control5,Control6,Control7,Control8,Control9,Control11,Control12,Control13,Control15,Control16,Control17
8345,103689845;Control1,Control3,Control4,Control5,Control6,Control7,Control8,Control9,Control10,Control11,Control12,Control13,Control15,Control16,Control17
8345,51512;Control1,Control2,Control3,Control4,Control5,Control6,Control7,Control8,Control9,Control10,Control11,Control12,Control13,Control16,Control17
105374986,105375077;Control1,Control2,Control3,Control4,Control5,Control6,Control7,Control8,Control9,Control11,Control12,Control13,Control15,Control16,Control17
105374986,1749,27237,115019,389336,5653;Control1,Control3,Control4,Control5,Control6,Control7,Control8,Control9,Control10,Control11,Control12,Control13,Control15,Control16,Control17
105374986,1029;Control1,Control2,Control3,Control4,Control5,Control7,Control8,Control9,Control10,Control11,Control12,Control13,Control15,Control16,Control17
105374986,81624,2328;Control1,Control2,Control3,Control4,Control5,Control7,Control8,Control9,Control10,Control11,Control12,Control13,Control15,Control16,Control17
105374986,9955;Control1,Control2,Control3,Control4,Control5,Control6,Control7,Control8,Control9,Control11,Control12,Control13,Control15,Control16,Control17
105374986,105371927,27237;Control1,Control2,Control3,Control5,Control6,Control7,Control8,Control9,Control10,Control11,Control12,Control13,Control15,Control16,Control17
8355,2835;Control1,Control2,Control3,Control5,Control6,Control7,Control8,Control9,Control10,Control11,Control12,Control13,Control15,Control16,Control17
8355,103689845,6273,105375027,101927760,102724784,338667,338797,111216286;Control1,Control2,Control3,Control4,Control5,Control6,Control7,Control8,Control9,Control10,Control11,Control12,Control13,Control16,Control17
8355,9628,53820,111216286;Control1,Control2,Control3,Control4,Control5,Control6,Control7,Control8,Control9,Control10,Control11,Control12,Control13,Control15,Control16,Control17
8329,112802,3881;Control1,Control2,Control3,Control4,Control5,Control6,Control7,Control8,Control9,Control10,Control11,Control13,Control15,Control16,Control17
8329,10595;Control1,Control2,Control3,Control4,Control5,Control6,Control7,Control8,Control9,Control10,Control11,Control12,Control13,Control15,Control16,Control17
8329,3881,102467080;Control1,Control2,Control3,Control4,Control5,Control6,Control7,Control8,Control9,Control10,Control11,Control12,Control15,Control16,Control17
10537,701,115362,100506827,4283,100506655,23532;Control1,Control3,Control4,Control5,Control6,Control7,Control8,Control9,Control10,Control11,Control12,Control13,Control15,Control16,Control17
10537,6860,107985513,113730;Control1,Control2,Control3,Control4,Control5,Control6,Control7,Control8,Control10,Control11,Control12,Control13,Control15,Control16,Control17
3135,101927686,51361,653149,105374166,23286,340273,158228,143662,79056,100506411,654499,54101;Control1,Control2,Control3,Control4,Control6,Control7,Control8,Control9,Control10,Control11,Control12,Control13,Control15,Control16,Control17
3135,245972,3352,51361,100996301,340273,158228,143662,79056,6495,100506411,654499,970,101927355,54101;Control1,Control2,Control3,Control4,Control5,Control6,Control7,Control8,Control9,Control11,Control12,Control13,Control15,Control16,Control17
3135,100289137,3352,51361,100996301,81849,23286,340273,158228,143662,79056,6495,100506411,654499,970,101927355,54101;Control1,Control2,Control3,Control4,Control5,Control6,Control7,Control8,Control9,Control10,Control12,Control13,Control15,Control16,Control17
3135,112268037,51361,105374166,340273,158228,143662,79056,6495,100506411,654499,970,101927355,54101;Control1,Control2,Control3,Control4,Control5,Control6,Control7,Control8,Control9,Control10,Control11,Control12,Control13,Control15,Control16,Control17
3135,7546,3352,51361,100996301,81849,340273,158228,143662,79056,6495,100506411,654499,970,101927355,54101;Control2,Control3,Control4,Control5,Control6,Control7,Control8,Control9,Control10,Control11,Control12,Control13,Control15,Control16,Control17
3833,157570,1063,6241,995,55872,9787,100507118;Control1,Control2,Control3,Control4,Control5,Control6,Control7,Control8,Control9,Control10,Control11,Control12,Control13,Control15,Control16
3833,55872,259266,1063,6241,55355,995,9787,100507118,79801,9212;Control1,Control2,Control3,Control4,Control5,Control6,Control7,Control8,Control9,Control10,Control11,Control12,Control13,Control15,Control16
3833,55165,83540,6241,55355,79801,220134;Control1,Control2,Control3,Control4,Control5,Control6,Control7,Control9,Control10,Control11,Control12,Control13,Control15,Control16,Control17
3833,176,112937,5347,158511;Control1,Control2,Control3,Control4,Control5,Control6,Control7,Control8,Control9,Control10,Control11,Control12,Control13,Control15,Control17
3833,10615,991,128239,259266,1063,6241,55355,995,9232,4288,113130,9787,9133,100507118,9212,146909;Control1,Control3,Control4,Control5,Control6,Control7,Control8,Control9,Control10,Control11,Control12,Control13,Control15,Control16,Control17
3833,201299,1063,6241,221150,9787,100507118,9212,24137;Control1,Control2,Control3,Control4,Control5,Control7,Control8,Control9,Control10,Control11,Control12,Control13,Control15,Control16,Control17
3833,332,991,128239,259266,1063,6241,55355,995,9232,4288,113130,9787,9133,79801,9212,146909,24137;Control1,Control2,Control3,Control4,Control5,Control6,Control7,Control8,Control9,Control10,Control11,Control12,Control15,Control16,Control17
3833,186;Control1,Control2,Control3,Control4,Control5,Control6,Control7,Control8,Control9,Control10,Control11,Control12,Control13,Control15,Control16
3833,158511,105375610;Control1,Control2,Control3,Control4,Control5,Control6,Control7,Control8,Control9,Control10,Control11,Control12,Control13,Control15,Control16,Control17
105375027,107986990,101927760,102724784,111216286,107985627;Control1,Control2,Control3,Control4,Control5,Control6,Control7,Control9,Control10,Control11,Control12,Control13,Control15,Control16,Control17
105375027,1813,105371737;Control1,Control2,Control3,Control4,Control5,Control6,Control7,Control8,Control9,Control10,Control11,Control12,Control15,Control16,Control17
100507584,54443,157570,51512;Control1,Control2,Control3,Control4,Control5,Control6,Control7,Control8,Control9,Control10,Control11,Control12,Control15,Control16,Control17
100507584,157570,27178,285643,51512;Control1,Control2,Control3,Control4,Control5,Control6,Control7,Control8,Control9,Control10,Control11,Control12,Control15,Control16,Control17
100507584,1029;Control1,Control2,Control3,Control4,Control5,Control6,Control7,Control8,Control9,Control10,Control11,Control12,Control13,Control16,Control17
100507584,79733,27178,285643,81624,101929707,51512;Control1,Control2,Control3,Control4,Control5,Control6,Control7,Control8,Control9,Control10,Control11,Control12,Control15,Control16,Control17
100507584,338797,3754,105375027,338667,3881;Control1,Control3,Control4,Control5,Control6,Control7,Control8,Control9,Control10,Control11,Control12,Control13,Control15,Control16,Control17
100507584,107985627,3754,105375027,102724784,338667;Control1,Control3,Control4,Control5,Control6,Control7,Control8,Control9,Control10,Control11,Control12,Control13,Control15,Control16,Control17
100507584,186,79733;Control1,Control2,Control3,Control4,Control5,Control6,Control7,Control8,Control9,Control10,Control11,Control12,Control15,Control16,Control17
860,554202,122042;Control1,Control2,Control3,Control4,Control5,Control6,Control7,Control8,Control9,Control10,Control11,Control12,Control13,Control15,Control16,Control17
860,105376042,9355,122042,7681;Control1,Control2,Control3,Control4,Control5,Control6,Control7,Control8,Control9,Control10,Control11,Control12,Control13,Control16,Control17
860,103695435,345079,7681;Control1,Control2,Control3,Control4,Control5,Control6,Control7,Control8,Control9,Control10,Control11,Control12,Control13,Control16,Control17
860,219970,100652791,122042;Control1,Control2,Control3,Control4,Control5,Control6,Control7,Control8,Control9,Control10,Control11,Control12,Control13,Control15,Control16,Control17
860,3229,374946,11075,387895,109729169;Control1,Control2,Control3,Control4,Control5,Control6,Control8,Control9,Control10,Control11,Control12,Control13,Control15,Control16,Control17
860,8549,5101;Control1,Control2,Control3,Control4,Control5,Control6,Control7,Control8,Control9,Control10,Control11,Control12,Control13,Control15,Control16,Control17
860,5100,219970,122042;Control1,Control2,Control3,Control4,Control5,Control6,Control7,Control8,Control9,Control10,Control11,Control12,Control13,Control15,Control16,Control17
860,5101,554202;Control1,Control2,Control3,Control4,Control5,Control6,Control7,Control8,Control9,Control10,Control11,Control12,Control13,Control15,Control16,Control17
860,4496,374946,3229,387895;Control1,Control2,Control3,Control4,Control5,Control6,Control8,Control9,Control10,Control11,Control12,Control13,Control15,Control16,Control17
860,100533789,5798;Control1,Control2,Control3,Control4,Control5,Control6,Control8,Control9,Control10,Control11,Control12,Control13,Control15,Control16,Control17
860,55655,731220,100505994,646024,554202,105376041,3229;Control1,Control2,Control3,Control4,Control5,Control6,Control8,Control9,Control10,Control11,Control12,Control13,Control15,Control16,Control17
860,4318,100652791,63898,219970;Control1,Control2,Control3,Control4,Control5,Control6,Control7,Control8,Control9,Control10,Control11,Control13,Control15,Control16,Control17
860,109729184,100652791,63898,4318;Control1,Control2,Control3,Control4,Control5,Control6,Control7,Control8,Control9,Control10,Control11,Control13,Control15,Control16,Control17
860,23562,554202,122042;Control2,Control3,Control4,Control5,Control6,Control7,Control8,Control9,Control10,Control11,Control12,Control13,Control15,Control16,Control17
105375077,107984763,89858;Control1,Control2,Control3,Control4,Control5,Control6,Control7,Control8,Control9,Control10,Control11,Control12,Control13,Control16,Control17
105375077,9133;Control1,Control2,Control3,Control4,Control5,Control7,Control8,Control9,Control10,Control11,Control12,Control13,Control15,Control16,Control17
105375077,115701;Control1,Control2,Control3,Control4,Control5,Control7,Control8,Control9,Control10,Control11,Control12,Control13,Control15,Control16,Control17
7180,2845,6664,4547,2625,387978,105372115;Control1,Control2,Control3,Control4,Control5,Control6,Control7,Control9,Control10,Control11,Control12,Control13,Control15,Control16,Control17
7180,105371275,6664,4547,2625,387978,105372115;Control1,Control2,Control3,Control4,Control5,Control6,Control7,Control8,Control9,Control10,Control11,Control13,Control15,Control16,Control17
7180,101060400,3604,6664,4547,27299,2625,387978,105372115;Control1,Control2,Control3,Control4,Control5,Control6,Control8,Control9,Control10,Control11,Control12,Control13,Control15,Control16,Control17
7180,389903,6664,4547,2625,387978,105372115;Control1,Control2,Control3,Control4,Control5,Control6,Control7,Control8,Control9,Control10,Control11,Control12,Control13,Control15,Control16
107986606,105375690,100996301,81849,101101772,107985492;Control1,Control2,Control3,Control4,Control5,Control6,Control7,Control8,Control10,Control11,Control12,Control13,Control15,Control16,Control17
107986606,9388,100996301,81849,105374166,23286,253650,112268037,100506411,101927355,107985492;Control1,Control2,Control3,Control4,Control5,Control6,Control7,Control8,Control10,Control11,Control12,Control13,Control15,Control16,Control17
107986606,970,51361,100505994,23286,340273,158228,6495,654499,107985492;Control1,Control2,Control3,Control4,Control5,Control6,Control7,Control8,Control9,Control10,Control11,Control12,Control13,Control16,Control17
107986606,107985492,6495;Control1,Control2,Control3,Control4,Control5,Control6,Control7,Control8,Control9,Control10,Control11,Control12,Control13,Control15,Control16,Control17
7272,2845,10721,55247,100288637;Control1,Control2,Control3,Control4,Control5,Control6,Control7,Control8,Control9,Control10,Control11,Control12,Control13,Control15,Control16,Control17
7272,55872,4751,23397,64151,55247,3161,54443,983,55165,221150,51203,7153,29128;Control1,Control3,Control4,Control5,Control6,Control7,Control8,Control9,Control10,Control11,Control12,Control13,Control15,Control16,Control17
7272,9833,23397,699,54443,55165,100288637,29128;Control1,Control3,Control4,Control5,Control6,Control7,Control8,Control9,Control10,Control11,Control12,Control13,Control15,Control16,Control17
7272,55388,23397,10721,64151,55247,3161,55165,100288637,7153,29128;Control1,Control2,Control3,Control4,Control5,Control6,Control7,Control8,Control9,Control10,Control12,Control13,Control15,Control16,Control17
7272,983,23397,699,64151,3161,55165,7153,29128;Control1,Control2,Control3,Control4,Control5,Control6,Control7,Control8,Control9,Control10,Control11,Control12,Control13,Control15,Control16,Control17
7272,105369685;Control1,Control2,Control3,Control4,Control5,Control6,Control7,Control8,Control10,Control11,Control12,Control13,Control15,Control16,Control17
7272,221150,23397,64151,55247,3161,983,55165,7153,29128,24137;Control1,Control2,Control3,Control4,Control5,Control6,Control7,Control8,Control9,Control10,Control11,Control12,Control13,Control15,Control16,Control17
7272,79801,23397,699,64151,3161,55872,55165,29128;Control1,Control2,Control3,Control4,Control5,Control6,Control7,Control9,Control10,Control11,Control12,Control13,Control15,Control16,Control17
7272,220134,23397,10721,64151,4001,3161,55872,55165,221150,29128;Control1,Control2,Control3,Control4,Control5,Control6,Control7,Control9,Control10,Control11,Control12,Control13,Control15,Control16,Control17
9096,219527,105375610;Control1,Control2,Control3,Control4,Control6,Control7,Control8,Control9,Control10,Control11,Control12,Control13,Control15,Control16,Control17
9096,55723;Control1,Control2,Control3,Control4,Control5,Control6,Control7,Control8,Control9,Control10,Control11,Control12,Control13,Control15,Control16,Control17
9096,11065,55723;Control1,Control2,Control3,Control4,Control5,Control6,Control7,Control8,Control10,Control11,Control12,Control13,Control15,Control16,Control17
9096,158511,219527;Control1,Control2,Control3,Control4,Control6,Control7,Control8,Control9,Control10,Control11,Control12,Control13,Control15,Control16,Control17
101927686,7681,5865,6716,3580,1047,166979,219527,4544,6345,107985436;Control1,Control2,Control3,Control4,Control5,Control6,Control8,Control9,Control10,Control11,Control12,Control13,Control15,Control16,Control17
101927686,366,3352,51361,340273,158228,654499,101927355,54101,2277;Control1,Control2,Control3,Control4,Control6,Control7,Control8,Control9,Control10,Control11,Control12,Control13,Control15,Control16,Control17
253582,253650;Control1,Control2,Control3,Control4,Control5,Control6,Control7,Control8,Control9,Control10,Control11,Control12,Control13,Control15,Control16
253582,5347,128239,112937;Control1,Control2,Control3,Control5,Control6,Control7,Control8,Control9,Control10,Control11,Control12,Control13,Control15,Control16,Control17
253582,400618,112937,110806280;Control1,Control2,Control3,Control5,Control6,Control7,Control8,Control9,Control10,Control11,Control12,Control13,Control15,Control16,Control17
253582,3783,131578;Control1,Control2,Control3,Control4,Control5,Control6,Control7,Control8,Control9,Control10,Control11,Control12,Control13,Control15,Control16,Control17
253582,349408,131578,112937,110806280;Control1,Control2,Control3,Control4,Control5,Control6,Control7,Control8,Control9,Control10,Control11,Control13,Control15,Control16,Control17
253582,158511,105371664,112937;Control1,Control2,Control3,Control5,Control6,Control7,Control8,Control9,Control10,Control11,Control12,Control13,Control15,Control16,Control17
6943,100192378;Control1,Control2,Control3,Control5,Control6,Control7,Control8,Control9,Control10,Control11,Control12,Control13,Control15,Control16,Control17
6943,2348;Control1,Control2,Control3,Control4,Control5,Control6,Control7,Control8,Control9,Control10,Control11,Control12,Control13,Control15,Control16
6943,4321,2297;Control1,Control2,Control3,Control4,Control5,Control6,Control7,Control9,Control10,Control11,Control12,Control13,Control15,Control16,Control17
113115,110806280,105371664,112937;Control2,Control3,Control4,Control5,Control6,Control7,Control8,Control9,Control10,Control11,Control12,Control13,Control15,Control16,Control17
113115,158511,105371664,112937;Control2,Control3,Control4,Control5,Control6,Control7,Control8,Control9,Control10,Control11,Control12,Control13,Control15,Control16,Control17
102723724,647946;Control1,Control2,Control3,Control4,Control5,Control6,Control8,Control9,Control10,Control11,Control12,Control13,Control15,Control16,Control17
80328,105378305;Control1,Control2,Control3,Control4,Control5,Control6,Control7,Control8,Control9,Control10,Control11,Control13,Control15,Control16,Control17
80328,4973;Control1,Control2,Control3,Control4,Control5,Control6,Control7,Control8,Control9,Control10,Control11,Control12,Control13,Control15,Control16,Control17
80328,10437,4973;Control2,Control3,Control4,Control5,Control6,Control7,Control8,Control9,Control10,Control11,Control12,Control13,Control15,Control16,Control17
80329,105375690,100505994;Control1,Control2,Control3,Control4,Control5,Control6,Control7,Control8,Control9,Control11,Control12,Control13,Control15,Control16,Control17
80329,554202,105372950,84561,646024,105376041,387895;Control1,Control2,Control3,Control4,Control5,Control6,Control8,Control9,Control10,Control11,Control12,Control13,Control15,Control16,Control17
80329,101101772,105375690;Control1,Control2,Control3,Control4,Control5,Control7,Control8,Control9,Control10,Control11,Control12,Control13,Control15,Control16,Control17
80329,4496,646024,105376041,3229,387895;Control1,Control2,Control3,Control4,Control5,Control6,Control7,Control8,Control9,Control10,Control11,Control12,Control13,Control15,Control16,Control17
80329,57167,374946,387895,4496;Control1,Control2,Control3,Control4,Control5,Control6,Control7,Control8,Control9,Control10,Control11,Control13,Control15,Control16,Control17
80329,7477,374946,57167;Control1,Control2,Control3,Control4,Control5,Control6,Control7,Control8,Control9,Control10,Control11,Control13,Control15,Control16,Control17
168002,63898,26289,4318,109729184;Control1,Control2,Control3,Control4,Control5,Control6,Control8,Control9,Control10,Control11,Control12,Control13,Control15,Control16,Control17
168002,107986951,26289,101928658,4318,109729184;Control1,Control2,Control3,Control4,Control5,Control6,Control7,Control8,Control9,Control10,Control11,Control12,Control13,Control15,Control17
168002,338005,79191,1995,4318,109729184;Control1,Control2,Control3,Control4,Control5,Control6,Control7,Control8,Control9,Control10,Control12,Control13,Control15,Control16,Control17
168002,176;Control1,Control2,Control3,Control4,Control5,Control6,Control7,Control8,Control9,Control10,Control11,Control12,Control13,Control15,Control16
168002,10265,107984129,79191,1995;Control1,Control2,Control3,Control4,Control5,Control6,Control7,Control8,Control9,Control10,Control11,Control12,Control13,Control15,Control16,Control17
168002,10481,29991,79191,1995;Control1,Control2,Control3,Control4,Control5,Control6,Control7,Control8,Control9,Control11,Control12,Control13,Control15,Control16,Control17
168002,57167,5798,101928658,63898,4318,109729184,7477;Control1,Control2,Control3,Control5,Control6,Control7,Control8,Control9,Control10,Control11,Control12,Control13,Control15,Control16,Control17
64094,347252,101928658;Control1,Control2,Control3,Control4,Control6,Control7,Control8,Control9,Control10,Control11,Control12,Control13,Control15,Control16,Control17
64094,6865,574029,2834;Control1,Control2,Control3,Control4,Control5,Control6,Control7,Control9,Control10,Control11,Control12,Control13,Control15,Control16,Control17
64094,100506411,101928658;Control1,Control2,Control3,Control5,Control6,Control7,Control8,Control9,Control10,Control11,Control12,Control13,Control15,Control16,Control17
64094,338005,107986951;Control1,Control2,Control3,Control4,Control5,Control6,Control7,Control8,Control9,Control10,Control11,Control12,Control13,Control15,Control17
64094,654499,1301,574029,107986951,2834;Control1,Control2,Control3,Control5,Control6,Control7,Control8,Control9,Control10,Control11,Control12,Control13,Control15,Control16,Control17
64094,10265,101928658;Control1,Control2,Control3,Control4,Control5,Control6,Control7,Control8,Control10,Control11,Control12,Control13,Control15,Control16,Control17
64094,27091;Control1,Control2,Control3,Control4,Control5,Control6,Control7,Control8,Control9,Control10,Control11,Control13,Control15,Control16,Control17
64094,5354,574029,107986951,2834;Control1,Control3,Control4,Control5,Control6,Control7,Control8,Control9,Control10,Control11,Control12,Control13,Control15,Control16,Control17
101927354,2845,477,647946,105372613;Control1,Control2,Control3,Control4,Control5,Control6,Control7,Control8,Control10,Control11,Control12,Control13,Control15,Control16,Control17
101927354,105375622,647946;Control1,Control2,Control3,Control4,Control5,Control6,Control7,Control8,Control9,Control10,Control11,Control12,Control13,Control15,Control17
101927354,105369685,477,647946;Control2,Control3,Control4,Control5,Control6,Control7,Control8,Control9,Control10,Control11,Control12,Control13,Control15,Control16,Control17
101927354,6860,8419;Control1,Control2,Control3,Control4,Control5,Control6,Control7,Control9,Control10,Control11,Control12,Control13,Control15,Control16,Control17
101927354,107985513,6860;Control1,Control2,Control3,Control4,Control5,Control6,Control7,Control9,Control10,Control11,Control12,Control13,Control15,Control16,Control17
340273,57167,7477;Control1,Control2,Control3,Control5,Control6,Control7,Control8,Control9,Control10,Control11,Control12,Control13,Control15,Control16,Control17
54443,11130,55635,4751,23397,699,55247,3161,55872,983,3832,55165,51203,7153,29128;Control1,Control2,Control3,Control5,Control6,Control7,Control8,Control9,Control10,Control11,Control12,Control13,Control15,Control16,Control17
54443,144455,9928,6664,64151,4001,387978;Control1,Control3,Control4,Control5,Control6,Control7,Control8,Control9,Control10,Control11,Control12,Control13,Control15,Control16,Control17
54443,9787,1063,6241,150468,55872,55165,51203,9055,100507118,79801,24137;Control1,Control2,Control3,Control4,Control5,Control6,Control7,Control8,Control9,Control10,Control11,Control12,Control13,Control15,Control16,Control17
54443,9496,9493;Control1,Control2,Control3,Control4,Control5,Control6,Control7,Control8,Control9,Control10,Control11,Control12,Control13,Control15,Control16,Control17
54443,332,1063,6241,150468,3161,55872,9833,983,55165,9787,51203,100507118,79801,29128,24137;Control1,Control2,Control3,Control4,Control5,Control6,Control7,Control8,Control9,Control10,Control11,Control12,Control15,Control16,Control17
54443,51512,4751,150468,157570,83903;Control1,Control2,Control3,Control4,Control5,Control6,Control7,Control8,Control9,Control10,Control11,Control12,Control15,Control16,Control17
54443,186,79733;Control1,Control2,Control3,Control4,Control5,Control6,Control7,Control8,Control10,Control11,Control12,Control13,Control15,Control16,Control17
100506895,100192378,148645,3670,345643,5307,105375894,1690,100506071,6362,106481742,9758,8471;Control1,Control2,Control3,Control4,Control5,Control6,Control7,Control8,Control9,Control10,Control12,Control13,Control15,Control16,Control17
100506895,283078,148645,3670,345643,5307,105375894,1690,100506071,6362,106481742,9758,8471;Control1,Control2,Control3,Control4,Control6,Control7,Control8,Control9,Control10,Control11,Control12,Control13,Control15,Control16,Control17
100506895,4973,105373150,8471;Control1,Control2,Control4,Control5,Control6,Control7,Control8,Control9,Control10,Control11,Control12,Control13,Control15,Control16,Control17
100506895,100126311,1749;Control1,Control2,Control4,Control5,Control6,Control7,Control8,Control9,Control10,Control11,Control12,Control13,Control15,Control16,Control17
100506895,64843,148645,3670,345643,5307,105375894,1690,100506071,6362,106481742,9758,8471;Control1,Control2,Control3,Control4,Control5,Control6,Control7,Control8,Control10,Control11,Control12,Control13,Control15,Control16,Control17
100506895,105373150;Control1,Control2,Control3,Control4,Control5,Control6,Control7,Control8,Control9,Control10,Control11,Control12,Control13,Control15,Control16,Control17
285987,5265,4004,4973,5653,5650,729442;Control1,Control2,Control3,Control4,Control5,Control6,Control7,Control8,Control9,Control10,Control11,Control12,Control13,Control15,Control16,Control17
1750,8538,3856,113218482;Control1,Control2,Control3,Control4,Control5,Control6,Control7,Control8,Control9,Control10,Control11,Control12,Control13,Control15,Control17
1750,80714,56896,84561,3856,113218482;Control1,Control2,Control3,Control4,Control5,Control6,Control7,Control8,Control9,Control10,Control11,Control12,Control13,Control16,Control17
1749,105375690,55057;Control1,Control2,Control3,Control5,Control6,Control7,Control8,Control9,Control10,Control11,Control12,Control13,Control15,Control16,Control17
1749,4973,55765;Control1,Control2,Control3,Control4,Control5,Control6,Control7,Control8,Control9,Control10,Control11,Control12,Control13,Control16,Control17
1749,105369685,100126311;Control1,Control2,Control3,Control4,Control5,Control6,Control7,Control9,Control10,Control11,Control12,Control13,Control15,Control16,Control17
1749,3227,389336,354,5653,5650;Control1,Control2,Control3,Control4,Control5,Control6,Control7,Control8,Control9,Control10,Control11,Control12,Control13,Control15,Control16,Control17
1749,5265,102467080;Control1,Control2,Control3,Control4,Control5,Control6,Control7,Control8,Control9,Control10,Control11,Control12,Control13,Control16,Control17
1749,100126311;Control1,Control2,Control3,Control4,Control5,Control6,Control7,Control8,Control9,Control10,Control11,Control12,Control13,Control15,Control16,Control17
1749,4496,389336,646024,105376041,3229,387895,115701,55655;Control1,Control2,Control3,Control4,Control5,Control6,Control7,Control8,Control9,Control11,Control12,Control13,Control15,Control16,Control17
1749,115701;Control1,Control2,Control3,Control4,Control5,Control6,Control7,Control8,Control9,Control10,Control11,Control12,Control13,Control15,Control16,Control17
1749,10437,389336,3227,5653,5650;Control2,Control3,Control4,Control5,Control6,Control7,Control8,Control9,Control10,Control11,Control12,Control13,Control15,Control16,Control17
2845,2625,3604,6664,4547,27299,387978,105372115,389903;Control1,Control2,Control3,Control4,Control5,Control6,Control7,Control9,Control10,Control11,Control12,Control13,Control15,Control16,Control17
2845,55388,10721,55247,7272,100288637;Control1,Control2,Control3,Control4,Control5,Control6,Control7,Control8,Control9,Control10,Control12,Control13,Control15,Control16,Control17
2845,105369685,477,171019,8424,647946;Control1,Control2,Control3,Control4,Control5,Control6,Control7,Control8,Control10,Control11,Control12,Control13,Control15,Control16,Control17
2845,1630,171019,107986990;Control1,Control2,Control3,Control4,Control5,Control6,Control7,Control8,Control10,Control11,Control12,Control13,Control15,Control16,Control17
57016,105369315;Control1,Control2,Control3,Control4,Control5,Control6,Control7,Control8,Control9,Control10,Control11,Control12,Control13,Control15,Control16,Control17
57016,10642;Control1,Control2,Control3,Control4,Control5,Control6,Control7,Control8,Control9,Control10,Control12,Control13,Control15,Control16,Control17
105375610,79733,55143,81930;Control1,Control2,Control3,Control4,Control5,Control6,Control7,Control8,Control9,Control10,Control11,Control12,Control13,Control15,Control16,Control17
105375610,112937,991,128239,995,3833,4288,9212;Control1,Control3,Control4,Control5,Control6,Control7,Control8,Control9,Control10,Control11,Control12,Control13,Control15,Control16,Control17
105375610,9700,9232,3833,9787,9133,107985017;Control1,Control2,Control3,Control4,Control5,Control6,Control7,Control8,Control9,Control10,Control11,Control12,Control13,Control15,Control16,Control17
105375610,221150,55143,1063,6241,1058,55872,9787,100507118;Control1,Control2,Control3,Control4,Control5,Control6,Control7,Control8,Control10,Control11,Control12,Control13,Control15,Control16,Control17
105375610,81624,79733;Control1,Control2,Control3,Control4,Control5,Control6,Control7,Control8,Control9,Control10,Control11,Control12,Control13,Control15,Control16,Control17
105375610,9055,55143,6241,1058,150468,55872,9787,100507118;Control1,Control2,Control3,Control4,Control5,Control6,Control7,Control8,Control10,Control11,Control12,Control13,Control15,Control16,Control17
105375610,83903,6241,150468,9787;Control1,Control2,Control3,Control4,Control5,Control6,Control7,Control8,Control9,Control10,Control11,Control12,Control13,Control15,Control16,Control17
105375610,9955,55143,27178,285643,79733;Control1,Control2,Control3,Control4,Control5,Control6,Control7,Control8,Control9,Control10,Control11,Control12,Control13,Control15,Control16
105375610,146909,991,1063,6241,995,9232,3833,9787,9133,100507118,9212;Control1,Control2,Control3,Control4,Control5,Control6,Control7,Control8,Control9,Control10,Control12,Control13,Control15,Control16,Control17
105375610,332,1063,6241,1058,150468,3833,9787;Control1,Control2,Control3,Control4,Control5,Control6,Control7,Control8,Control9,Control10,Control11,Control12,Control15,Control16,Control17
105375610,22974,6241,1058,150468,995,9787;Control1,Control2,Control3,Control5,Control6,Control7,Control8,Control9,Control10,Control11,Control12,Control13,Control15,Control16,Control17
105375610,6790;Control1,Control2,Control3,Control5,Control6,Control7,Control8,Control9,Control10,Control11,Control12,Control13,Control15,Control16,Control17
105375610,24137,1063,6241,150468,995,9787,100507118,332;Control1,Control2,Control3,Control4,Control5,Control6,Control7,Control9,Control10,Control11,Control12,Control13,Control15,Control16,Control17
100652791,253650;Control1,Control2,Control3,Control5,Control6,Control7,Control8,Control9,Control10,Control11,Control12,Control13,Control15,Control16,Control17
100652791,8549,860,122042;Control1,Control2,Control3,Control4,Control5,Control6,Control7,Control8,Control9,Control10,Control11,Control12,Control13,Control15,Control17
100652791,5100,860,219970,122042;Control1,Control2,Control3,Control4,Control5,Control6,Control7,Control8,Control9,Control10,Control11,Control12,Control13,Control15,Control17
100652791,7681,6332,860;Control1,Control2,Control3,Control4,Control5,Control6,Control7,Control8,Control9,Control10,Control11,Control12,Control13,Control15,Control17
100652791,84419,122042;Control1,Control2,Control3,Control4,Control5,Control6,Control7,Control8,Control9,Control11,Control12,Control13,Control15,Control16,Control17
100652791,110806280,1301;Control1,Control2,Control3,Control4,Control5,Control6,Control7,Control8,Control9,Control10,Control11,Control12,Control13,Control15,Control16
83648,364,3856,113218482;Control1,Control2,Control3,Control4,Control5,Control6,Control7,Control8,Control9,Control10,Control11,Control12,Control13,Control15,Control16
83648,9628,23566;Control1,Control2,Control3,Control4,Control5,Control6,Control7,Control8,Control9,Control10,Control11,Control12,Control15,Control16,Control17
83648,89858,23566,107984763;Control1,Control3,Control4,Control5,Control6,Control7,Control8,Control9,Control10,Control11,Control12,Control13,Control15,Control16,Control17
83648,53820,23566,107984763;Control1,Control2,Control3,Control4,Control5,Control6,Control7,Control8,Control9,Control10,Control11,Control12,Control15,Control16,Control17
63898,554202,860,5101,4318,109729184;Control1,Control2,Control3,Control4,Control5,Control6,Control7,Control8,Control9,Control10,Control11,Control13,Control15,Control16,Control17
63898,105378305,4318,109729184,7477;Control1,Control2,Control3,Control4,Control5,Control6,Control7,Control8,Control9,Control10,Control11,Control12,Control13,Control15,Control16,Control17
63898,4973;Control1,Control2,Control3,Control4,Control5,Control6,Control7,Control8,Control9,Control11,Control12,Control13,Control15,Control16,Control17
63898,100506411,101928658,4318,109729184,57167,7477;Control1,Control2,Control3,Control5,Control6,Control7,Control8,Control9,Control10,Control11,Control12,Control13,Control15,Control16,Control17
63898,79191,168002,105378305,100533990,344,4318,109729184,7477;Control1,Control2,Control3,Control4,Control5,Control6,Control7,Control8,Control9,Control10,Control11,Control12,Control13,Control15,Control17
63898,100533990,374946,5798,344,4318,109729184,57167,7477;Control1,Control2,Control3,Control4,Control5,Control6,Control8,Control9,Control10,Control11,Control12,Control13,Control15,Control16,Control17
203190,1029;Control1,Control2,Control3,Control4,Control5,Control6,Control7,Control8,Control9,Control10,Control11,Control12,Control13,Control16,Control17
203190,105371927;Control1,Control2,Control3,Control4,Control5,Control6,Control7,Control8,Control9,Control10,Control11,Control12,Control13,Control15,Control16,Control17
157313,157570,55143,150468;Control1,Control2,Control3,Control4,Control5,Control6,Control7,Control8,Control9,Control10,Control11,Control12,Control15,Control16,Control17
157313,1029;Control1,Control2,Control3,Control4,Control5,Control6,Control7,Control8,Control9,Control11,Control12,Control13,Control15,Control16,Control17
157313,983,259266,1063,6241,150468,55355,55165,9787,51203,100507118,79801,332,24137;Control1,Control2,Control3,Control4,Control5,Control6,Control7,Control8,Control9,Control10,Control11,Control12,Control15,Control16,Control17
157313,3832,55143,157570;Control1,Control2,Control3,Control4,Control5,Control6,Control7,Control8,Control9,Control10,Control11,Control12,Control15,Control16,Control17
157313,9133,259266,1063,6241,55355,995,9787,100507118,79801,332,24137;Control1,Control2,Control3,Control4,Control5,Control6,Control7,Control8,Control9,Control10,Control11,Control12,Control15,Control16,Control17
157313,9768,64151,55165,7153,332,29128,24137;Control1,Control2,Control3,Control4,Control5,Control6,Control7,Control8,Control10,Control11,Control12,Control13,Control15,Control16,Control17
157313,7153,6241,150468,891,55165,51203,332;Control1,Control2,Control3,Control4,Control5,Control6,Control7,Control8,Control10,Control11,Control12,Control13,Control15,Control16,Control17
157313,55771,332,8318;Control1,Control3,Control4,Control5,Control6,Control7,Control8,Control9,Control10,Control11,Control12,Control13,Control15,Control16,Control17
157313,29128,1063,6241,64151,55165,9787,79801,332;Control1,Control2,Control3,Control4,Control5,Control6,Control7,Control8,Control10,Control11,Control12,Control13,Control15,Control16,Control17
157313,147841,150468,332,8318;Control1,Control3,Control4,Control5,Control6,Control7,Control8,Control9,Control10,Control11,Control12,Control13,Control15,Control16,Control17
157570,107986951,2834;Control1,Control3,Control4,Control5,Control6,Control7,Control8,Control9,Control10,Control11,Control12,Control13,Control15,Control16,Control17
157570,105375622,2834;Control1,Control3,Control4,Control5,Control6,Control7,Control8,Control9,Control10,Control11,Control12,Control13,Control15,Control16,Control17
157570,9833,55143,150468;Control1,Control2,Control3,Control4,Control5,Control6,Control7,Control8,Control9,Control10,Control12,Control13,Control15,Control16,Control17
157570,983,55143,4751,3161,54443,55872,3832,55165,9824,51203,7153;Control1,Control2,Control3,Control4,Control5,Control6,Control7,Control8,Control10,Control11,Control12,Control13,Control15,Control16,Control17
157570,79733,55143,27178,285643;Control1,Control2,Control3,Control4,Control5,Control6,Control7,Control8,Control9,Control10,Control11,Control12,Control13,Control15,Control17
157570,81624,150468,27178,285643;Control1,Control2,Control3,Control4,Control5,Control6,Control7,Control8,Control9,Control10,Control11,Control12,Control13,Control15,Control17
157570,9493,55143,150468,83903;Control1,Control2,Control4,Control5,Control6,Control7,Control8,Control9,Control10,Control11,Control12,Control13,Control15,Control16,Control17
157570,79801,4751,6241,150468,54443,55872,55165,51203,83903;Control1,Control2,Control3,Control4,Control5,Control6,Control7,Control8,Control9,Control10,Control11,Control12,Control13,Control16,Control17
157570,83903,4751,150468,54443,55872,55165,9824;Control1,Control2,Control3,Control4,Control5,Control6,Control7,Control8,Control9,Control10,Control11,Control12,Control13,Control15,Control16,Control17
157570,7153,4751,54443,55872,3832,55165,9824,51203;Control1,Control2,Control3,Control4,Control5,Control6,Control7,Control8,Control9,Control10,Control11,Control12,Control13,Control15,Control16,Control17
157570,101929707,27178,285643,79733,81624;Control1,Control2,Control3,Control4,Control5,Control6,Control7,Control8,Control9,Control10,Control11,Control12,Control13,Control15,Control17
157570,51512,150468,83903;Control1,Control2,Control3,Control4,Control5,Control6,Control7,Control8,Control9,Control10,Control11,Control12,Control13,Control15,Control16,Control17
157570,5354;Control1,Control2,Control3,Control4,Control5,Control6,Control7,Control8,Control9,Control10,Control11,Control12,Control13,Control15,Control16,Control17
157570,186,27178,285643;Control1,Control2,Control3,Control4,Control5,Control6,Control7,Control8,Control9,Control10,Control12,Control13,Control15,Control16,Control17
157570,158511;Control1,Control2,Control3,Control4,Control5,Control6,Control7,Control8,Control9,Control10,Control11,Control12,Control13,Control15,Control16
55872,57082,259266,1063,6241,55355,64151,55165,221150,51203,100507118,79801,220134,29128,24137;Control1,Control2,Control3,Control4,Control5,Control6,Control7,Control8,Control9,Control10,Control11,Control12,Control13,Control15,Control16,Control17
55872,9133,259266,1063,6241,150468,995,55165,9787,100507118,79801,332,24137;Control1,Control2,Control3,Control4,Control5,Control6,Control7,Control8,Control9,Control10,Control11,Control12,Control13,Control16,Control17
55872,9768,9928,4751,64151,3161,54443,55165,57082,7153,29128;Control1,Control3,Control4,Control5,Control6,Control7,Control8,Control9,Control10,Control11,Control12,Control13,Control15,Control16,Control17
55872,9212,259266,1063,6241,55355,64151,983,55165,9787,57082,51203,100507118,79801,7153,332,29128,24137;Control1,Control2,Control3,Control4,Control5,Control6,Control7,Control8,Control9,Control10,Control11,Control12,Control13,Control15,Control16
55872,146909,259266,1063,6241,55355,995,3833,9787,9133,100507118,79801,24137;Control1,Control2,Control3,Control4,Control5,Control6,Control7,Control8,Control9,Control10,Control11,Control12,Control13,Control16,Control17
55872,11065,259266,1063,6241,55355,64151,891,55165,221150,9787,100507118,79801,332,29128,24137;Control1,Control2,Control3,Control4,Control6,Control7,Control8,Control9,Control10,Control11,Control12,Control13,Control15,Control16,Control17
3620,105376042;Control1,Control2,Control3,Control4,Control5,Control6,Control7,Control9,Control10,Control11,Control12,Control13,Control15,Control16,Control17
3620,100506655,23532;Control1,Control2,Control3,Control4,Control5,Control6,Control8,Control9,Control10,Control11,Control12,Control13,Control15,Control16,Control17
3620,23532,100506655;Control1,Control2,Control3,Control4,Control5,Control6,Control7,Control9,Control10,Control11,Control12,Control13,Control15,Control16,Control17
6422,107986951;Control1,Control2,Control3,Control4,Control5,Control6,Control7,Control8,Control9,Control10,Control12,Control13,Control15,Control16,Control17
6422,1813;Control1,Control2,Control3,Control4,Control5,Control6,Control8,Control9,Control10,Control11,Control12,Control13,Control15,Control16,Control17
6422,338005;Control1,Control2,Control3,Control4,Control5,Control6,Control7,Control8,Control9,Control10,Control11,Control13,Control15,Control16,Control17
6422,50615,338005;Control1,Control2,Control3,Control4,Control5,Control6,Control7,Control9,Control10,Control11,Control12,Control13,Control15,Control16,Control17
6422,107985627;Control1,Control2,Control3,Control4,Control5,Control6,Control7,Control8,Control9,Control10,Control11,Control12,Control15,Control16,Control17
6422,2277;Control1,Control2,Control3,Control5,Control6,Control7,Control8,Control9,Control10,Control11,Control12,Control13,Control15,Control16,Control17
6422,5354,186;Control1,Control3,Control4,Control5,Control6,Control7,Control8,Control9,Control10,Control11,Control12,Control13,Control15,Control16,Control17
85479,105371275;Control1,Control2,Control3,Control4,Control5,Control7,Control8,Control9,Control10,Control11,Control12,Control13,Control15,Control16,Control17
85479,5008;Control1,Control2,Control3,Control4,Control5,Control6,Control7,Control8,Control10,Control11,Control12,Control13,Control15,Control16,Control17
107986951,253650;Control1,Control2,Control3,Control5,Control6,Control7,Control8,Control9,Control10,Control11,Control12,Control13,Control15,Control16,Control17
107986951,6865,105375622;Control1,Control2,Control3,Control4,Control5,Control6,Control7,Control8,Control9,Control10,Control11,Control13,Control15,Control16,Control17
107986951,112937,1301,574029,2834,400618,110806280;Control1,Control2,Control3,Control4,Control5,Control6,Control7,Control8,Control9,Control10,Control11,Control12,Control13,Control15,Control16
107986951,100506411,64094;Control1,Control2,Control3,Control5,Control6,Control7,Control8,Control9,Control10,Control11,Control12,Control13,Control15,Control16,Control17
107986951,79191,168002,1995,4318,109729184,7477;Control1,Control2,Control3,Control4,Control5,Control6,Control7,Control8,Control9,Control10,Control11,Control12,Control13,Control15,Control17
107986951,4496,1301,574029,56300,2834;Control1,Control2,Control3,Control4,Control5,Control6,Control7,Control8,Control9,Control10,Control11,Control12,Control13,Control16,Control17
107986951,7477,101928658,168002,4318,109729184;Control1,Control2,Control3,Control4,Control5,Control6,Control7,Control8,Control9,Control10,Control11,Control12,Control13,Control15,Control17
107986951,5354,1301,574029,2834;Control1,Control3,Control4,Control5,Control6,Control7,Control8,Control9,Control10,Control11,Control12,Control13,Control15,Control16,Control17
105375894,50614,6664,7180,2625,387978,64843,105372115;Control1,Control2,Control4,Control5,Control6,Control7,Control8,Control9,Control10,Control11,Control12,Control13,Control15,Control16,Control17
105375894,64699,9758;Control1,Control2,Control3,Control4,Control5,Control6,Control7,Control8,Control9,Control11,Control12,Control13,Control15,Control16,Control17
9312,219527,5865,6716,1047,166979,101927686,4544,6345;Control1,Control2,Control4,Control5,Control6,Control7,Control8,Control9,Control10,Control11,Control12,Control13,Control15,Control16,Control17
9312,594855,5865,6716,3580,1047,166979,4544,6345;Control1,Control2,Control4,Control5,Control6,Control7,Control8,Control9,Control10,Control11,Control12,Control13,Control15,Control16,Control17
9312,6860,107985513;Control1,Control2,Control4,Control5,Control6,Control7,Control8,Control9,Control10,Control11,Control12,Control13,Control15,Control16,Control17
9312,105373150,148645,3239,56203,3670,345643,5307,105375894,283078,1690,100506071,101929690,6362,106481742,9758,8471;Control1,Control2,Control3,Control4,Control5,Control6,Control7,Control8,Control9,Control11,Control12,Control13,Control15,Control16,Control17
100192378,283078,148645,3239,56203,3670,345643,5307,105375894,1690,100506071,6362,106481742,9758,8471;Control1,Control2,Control3,Control4,Control5,Control6,Control7,Control8,Control9,Control10,Control12,Control13,Control15,Control16,Control17
100192378,1813;Control1,Control2,Control4,Control5,Control6,Control7,Control8,Control9,Control10,Control11,Control12,Control13,Control15,Control16,Control17
100192378,64843,148645,3239,56203,3670,345643,5307,105375894,1690,100506071,6362,106481742,9758,8471;Control1,Control2,Control3,Control4,Control5,Control6,Control7,Control8,Control10,Control11,Control12,Control13,Control15,Control16,Control17
100192378,101929690,148645,3239,56203,3670,345643,5307,105375894,1690,100506071,6362,106481742,9758,8471;Control1,Control2,Control3,Control4,Control5,Control6,Control7,Control8,Control9,Control10,Control12,Control13,Control15,Control16,Control17
100192378,50615;Control1,Control2,Control4,Control5,Control6,Control7,Control8,Control9,Control10,Control11,Control12,Control13,Control15,Control16,Control17
100192378,105373150,148645,3239,56203,3670,345643,5307,105375894,1690,100506071,6362,106481742,9758,8471;Control1,Control2,Control3,Control4,Control5,Control6,Control7,Control8,Control9,Control11,Control12,Control13,Control15,Control16,Control17
11075,347252;Control1,Control2,Control3,Control4,Control5,Control6,Control7,Control8,Control9,Control10,Control11,Control12,Control13,Control15,Control17
11075,55867;Control1,Control2,Control3,Control4,Control5,Control6,Control7,Control8,Control9,Control10,Control11,Control12,Control13,Control16,Control17
11075,3229,374946,387895;Control1,Control2,Control3,Control4,Control5,Control6,Control7,Control8,Control9,Control10,Control11,Control12,Control13,Control15,Control16,Control17
11075,387978,731220,646024,105376041,3229,55655;Control1,Control2,Control3,Control4,Control5,Control6,Control7,Control8,Control10,Control11,Control12,Control13,Control15,Control16,Control17
11075,9955,5798,100533990,109729169;Control1,Control3,Control4,Control5,Control6,Control7,Control8,Control9,Control10,Control11,Control12,Control13,Control15,Control16,Control17
11075,115701,731220,5798,646024,168002,105376041,3229,55655,109729169;Control1,Control2,Control3,Control4,Control5,Control6,Control7,Control8,Control9,Control10,Control11,Control13,Control15,Control16,Control17
11075,344,374946,5798,101928658,100533990,57167,109729169;Control1,Control2,Control3,Control4,Control5,Control6,Control7,Control8,Control9,Control10,Control12,Control13,Control15,Control16,Control17
11075,109729184,9076,101928658,338005;Control1,Control2,Control3,Control4,Control5,Control6,Control7,Control8,Control9,Control10,Control11,Control12,Control13,Control16,Control17
105375622,6865;Control1,Control2,Control3,Control4,Control5,Control6,Control7,Control8,Control9,Control10,Control11,Control12,Control13,Control15,Control16,Control17
105375622,105369685,171019,8424,647946;Control1,Control2,Control3,Control4,Control5,Control6,Control7,Control8,Control9,Control10,Control11,Control12,Control13,Control15,Control17
105375622,641;Control1,Control2,Control3,Control4,Control5,Control6,Control7,Control8,Control9,Control10,Control11,Control12,Control13,Control15,Control16,Control17
245972,101101772,51361,100996301,81849,100505994,23286,340273,253650,158228,143662,100506411,654499,101927355,107985492,54101;Control1,Control2,Control3,Control4,Control5,Control6,Control7,Control8,Control9,Control10,Control11,Control12,Control13,Control16,Control17
245972,105371927;Control1,Control3,Control4,Control5,Control6,Control7,Control8,Control9,Control10,Control11,Control12,Control13,Control15,Control16,Control17
245972,9388,100996301,81849,105374166,253650,112268037,100506411,101927355,107985492,2277;Control1,Control2,Control3,Control4,Control5,Control6,Control7,Control8,Control9,Control11,Control12,Control13,Control15,Control16,Control17
105375674,51198;Control1,Control2,Control3,Control4,Control5,Control6,Control7,Control8,Control9,Control10,Control11,Control12,Control13,Control15,Control16,Control17
105375674,101101772,100996301,81849,23286,253650,101927355,107985492;Control1,Control2,Control3,Control4,Control5,Control6,Control7,Control8,Control9,Control10,Control11,Control12,Control15,Control16,Control17
105375674,338667,105371050;Control1,Control2,Control3,Control4,Control5,Control6,Control7,Control8,Control9,Control10,Control11,Control12,Control13,Control15,Control16,Control17
105375674,338797,6273,3754,105375027,101927760,338667,105371050;Control1,Control2,Control3,Control5,Control6,Control7,Control8,Control9,Control10,Control11,Control12,Control13,Control15,Control16,Control17
105375674,2835;Control2,Control3,Control4,Control5,Control6,Control7,Control8,Control9,Control10,Control11,Control12,Control13,Control15,Control16,Control17
105375674,103689845,3754,105375027,338667,105371050;Control1,Control2,Control3,Control4,Control5,Control6,Control7,Control8,Control9,Control10,Control11,Control12,Control13,Control16,Control17
105375674,111216286,6273,8355,105375027,101927760,338667,338797;Control1,Control2,Control3,Control5,Control6,Control7,Control8,Control9,Control10,Control11,Control12,Control13,Control15,Control16,Control17
105375690,554202,100505994,5101;Control1,Control2,Control3,Control4,Control5,Control6,Control8,Control9,Control10,Control11,Control12,Control13,Control15,Control16,Control17
105375690,79056,51361,100996301,81849,100505994,23286,340273,100289137,253650,158228,143662,6495,100506411,654499,970,101927355,107985492,54101,2277;Control1,Control2,Control3,Control4,Control5,Control6,Control7,Control8,Control9,Control10,Control11,Control12,Control13,Control16,Control17
105375690,10993,100996301,81849,253650,101101772,107985492;Control1,Control2,Control3,Control4,Control5,Control6,Control7,Control8,Control9,Control10,Control11,Control13,Control15,Control16,Control17
105375690,9956,100505994;Control1,Control2,Control3,Control4,Control5,Control6,Control7,Control9,Control10,Control11,Control12,Control13,Control15,Control16,Control17
105375690,79191,10993,7477;Control1,Control2,Control3,Control4,Control5,Control6,Control7,Control8,Control9,Control10,Control11,Control13,Control15,Control16,Control17
105375690,9388,100996301,81849,101101772,107985492;Control1,Control2,Control3,Control4,Control5,Control6,Control8,Control9,Control10,Control11,Control12,Control13,Control15,Control16,Control17
105375690,57167,100505994,107985492,7477;Control1,Control2,Control3,Control4,Control5,Control6,Control7,Control8,Control9,Control10,Control11,Control13,Control15,Control16,Control17
107986990,105369685,477,171019,8424,1630;Control1,Control2,Control3,Control4,Control5,Control6,Control7,Control8,Control9,Control10,Control11,Control12,Control15,Control16,Control17
107986990,647946,477,171019,8424;Control1,Control2,Control3,Control4,Control5,Control6,Control7,Control8,Control9,Control11,Control12,Control13,Control15,Control16,Control17
107986990,8529;Control2,Control3,Control4,Control5,Control6,Control7,Control8,Control9,Control10,Control11,Control12,Control13,Control15,Control16,Control17
107986990,105372613,477;Control1,Control2,Control3,Control4,Control5,Control6,Control7,Control8,Control9,Control10,Control11,Control12,Control15,Control16,Control17
554202,3229,105372950,105377508,646024,105376041,387895,55655,3053;Control1,Control2,Control3,Control4,Control5,Control6,Control8,Control9,Control10,Control11,Control12,Control13,Control15,Control16,Control17
554202,5100,860,122042;Control1,Control2,Control3,Control4,Control6,Control7,Control8,Control9,Control10,Control11,Control12,Control13,Control15,Control16,Control17
554202,387978,731220,100505994,646024,105376041,55655;Control1,Control2,Control3,Control4,Control5,Control6,Control7,Control8,Control10,Control11,Control12,Control13,Control15,Control16,Control17
554202,9956,100505994,646024,105376041;Control1,Control2,Control3,Control4,Control5,Control6,Control8,Control9,Control10,Control11,Control12,Control13,Control15,Control16,Control17
554202,79191,7477;Control1,Control2,Control3,Control4,Control5,Control6,Control7,Control8,Control9,Control10,Control11,Control13,Control15,Control16,Control17
554202,9388,9355;Control1,Control2,Control3,Control4,Control5,Control6,Control7,Control8,Control9,Control10,Control11,Control12,Control13,Control16,Control17
554202,115701,105377508,646024,105376041,3229,387895,55655;Control1,Control2,Control3,Control4,Control5,Control6,Control8,Control9,Control10,Control11,Control12,Control13,Control15,Control16,Control17
554202,57167,731220,100505994;Control1,Control2,Control3,Control4,Control5,Control6,Control7,Control8,Control9,Control10,Control11,Control13,Control15,Control16,Control17
554202,7477,100505994,57167;Control1,Control2,Control3,Control4,Control5,Control6,Control7,Control8,Control9,Control10,Control11,Control13,Control15,Control16,Control17
338376,387895,105377508,100505994,646024,105376041,3229,55655;Control2,Control3,Control4,Control5,Control6,Control7,Control8,Control9,Control10,Control11,Control12,Control13,Control15,Control16,Control17
338376,5101,554202;Control2,Control3,Control4,Control5,Control6,Control7,Control8,Control9,Control10,Control11,Control12,Control13,Control15,Control16,Control17
338376,7546,102606463;Control1,Control2,Control3,Control4,Control5,Control6,Control7,Control8,Control9,Control10,Control11,Control12,Control13,Control16,Control17
338376,6860,107985513;Control1,Control2,Control3,Control4,Control6,Control7,Control8,Control9,Control10,Control11,Control12,Control13,Control15,Control16,Control17
338376,101927355;Control1,Control2,Control3,Control5,Control6,Control7,Control8,Control9,Control10,Control11,Control12,Control13,Control15,Control16,Control17
338376,23562;Control1,Control2,Control3,Control4,Control5,Control6,Control7,Control8,Control9,Control10,Control11,Control12,Control13,Control15,Control16,Control17
338376,3053,105377508,646024,554202,105376041,55655;Control2,Control3,Control4,Control5,Control6,Control7,Control8,Control9,Control10,Control11,Control12,Control13,Control15,Control16,Control17
338376,109729169,105377508,646024,105376041,55655,3053;Control2,Control3,Control4,Control5,Control6,Control7,Control8,Control9,Control10,Control11,Control12,Control13,Control15,Control16,Control17
51198,105371050,105375674;Control1,Control2,Control3,Control4,Control5,Control6,Control7,Control9,Control10,Control11,Control12,Control13,Control15,Control16,Control17
1029,81624,2328;Control1,Control2,Control3,Control4,Control5,Control6,Control7,Control8,Control9,Control10,Control11,Control12,Control15,Control16,Control17
1029,115701;Control1,Control2,Control3,Control4,Control5,Control6,Control7,Control8,Control9,Control10,Control11,Control12,Control15,Control16,Control17
100048912,347252;Control1,Control2,Control3,Control4,Control5,Control6,Control7,Control8,Control9,Control10,Control11,Control12,Control13,Control15,Control16,Control17
100048912,10024;Control1,Control2,Control3,Control4,Control5,Control6,Control7,Control8,Control9,Control10,Control11,Control12,Control13,Control15,Control16,Control17
100048912,100126311,347252;Control1,Control2,Control3,Control4,Control5,Control6,Control7,Control8,Control9,Control11,Control12,Control13,Control15,Control16,Control17
100048912,4605,10024;Control1,Control2,Control3,Control4,Control5,Control6,Control7,Control8,Control9,Control10,Control11,Control13,Control15,Control16,Control17
364,3856,113218482;Control1,Control2,Control3,Control4,Control5,Control6,Control7,Control8,Control9,Control10,Control11,Control12,Control13,Control15,Control16,Control17
364,116173,5865,6716,1047,166979,219527,4544,594855,6345;Control1,Control2,Control3,Control4,Control5,Control7,Control8,Control9,Control10,Control11,Control12,Control13,Control15,Control16,Control17
364,594855;Control1,Control2,Control3,Control4,Control5,Control6,Control7,Control8,Control9,Control10,Control11,Control12,Control13,Control15,Control16,Control17
364,105370953,113218482;Control1,Control2,Control3,Control4,Control5,Control6,Control8,Control9,Control10,Control11,Control12,Control13,Control15,Control16,Control17
364,284240,56896,1750,3856,113218482,594855;Control1,Control2,Control3,Control4,Control6,Control7,Control8,Control9,Control10,Control11,Control12,Control13,Control15,Control16,Control17
9833,11130,4751,23397,3161,983,100288637;Control1,Control2,Control3,Control4,Control5,Control6,Control7,Control8,Control9,Control10,Control12,Control13,Control15,Control16,Control17
9833,3832,4751,1063,6241,3161,54443,55872,983,55165,51203,100507118,7153,29128,24137;Control1,Control2,Control3,Control4,Control5,Control6,Control7,Control8,Control9,Control10,Control12,Control13,Control15,Control16,Control17
9833,374393,29128;Control1,Control2,Control3,Control4,Control5,Control6,Control7,Control8,Control9,Control10,Control11,Control12,Control13,Control15,Control16,Control17
9833,81624,4751,1063,6241,54443,55872,983,51203,9055,100507118;Control1,Control2,Control3,Control4,Control5,Control6,Control7,Control8,Control9,Control11,Control12,Control13,Control15,Control16,Control17
9833,100288637,4751,23397,3161,54443,55872,983,55165,221150,7153,29128;Control1,Control2,Control3,Control4,Control5,Control6,Control7,Control8,Control9,Control10,Control11,Control12,Control13,Control15,Control16,Control17
9833,9824,4751,1063,3161,54443,55872,983,55165,51203,9055,100507118,7153,29128,24137;Control1,Control2,Control4,Control5,Control6,Control7,Control8,Control9,Control10,Control11,Control12,Control13,Control15,Control16,Control17
9833,9493,4751,23397,3161,54443,55872,983,55165,9824,51203,7153,29128;Control1,Control2,Control4,Control5,Control6,Control7,Control8,Control9,Control10,Control11,Control12,Control13,Control15,Control16,Control17
9833,79801,83540,6241,3161,55165,51203,29128;Control1,Control2,Control3,Control4,Control5,Control6,Control7,Control8,Control9,Control10,Control11,Control12,Control13,Control15,Control16,Control17
9833,107985017,1058,3833,9787,100507118,9212,146909,22974;Control1,Control2,Control3,Control5,Control6,Control7,Control8,Control9,Control10,Control11,Control12,Control13,Control15,Control16,Control17
9833,55723,6241,3833,221150,9787,100507118;Control1,Control2,Control3,Control4,Control5,Control6,Control7,Control8,Control9,Control10,Control11,Control12,Control13,Control15,Control16,Control17
9833,9582,128239,6241,4288,221150,9787,9212;Control1,Control3,Control4,Control5,Control6,Control7,Control8,Control9,Control10,Control11,Control12,Control13,Control15,Control16,Control17
9833,51512,4751,150468,54443;Control1,Control2,Control3,Control4,Control5,Control6,Control7,Control8,Control9,Control10,Control11,Control12,Control15,Control16,Control17
347252,27091;Control1,Control2,Control3,Control4,Control5,Control6,Control7,Control9,Control10,Control11,Control12,Control13,Control15,Control16,Control17
105376042,9355,7681;Control1,Control2,Control3,Control4,Control5,Control6,Control7,Control8,Control9,Control10,Control11,Control12,Control13,Control15,Control16,Control17
105376042,103695435,7681;Control1,Control2,Control3,Control4,Control5,Control6,Control7,Control8,Control9,Control10,Control11,Control12,Control13,Control15,Control16,Control17
105376042,8549,7681;Control1,Control2,Control3,Control4,Control5,Control6,Control7,Control8,Control9,Control10,Control11,Control12,Control13,Control16,Control17
105376042,5100,860,7681;Control2,Control3,Control4,Control5,Control6,Control7,Control8,Control9,Control10,Control11,Control12,Control13,Control15,Control16,Control17
105376042,339256,4283,102606463,147741;Control1,Control2,Control3,Control4,Control5,Control6,Control8,Control9,Control10,Control11,Control12,Control13,Control15,Control16,Control17
105376042,101060400,9355,5083,7681;Control1,Control2,Control3,Control4,Control5,Control6,Control7,Control8,Control10,Control11,Control12,Control13,Control15,Control16,Control17
105376042,102606463,4283,100506655,147741,23532;Control1,Control2,Control3,Control4,Control5,Control6,Control8,Control9,Control10,Control11,Control12,Control13,Control15,Control16,Control17
105376042,107985436,9355,103695435,7681;Control1,Control2,Control3,Control4,Control6,Control7,Control8,Control9,Control10,Control11,Control12,Control13,Control15,Control16,Control17
105376042,2277,9355,7681;Control1,Control2,Control3,Control5,Control6,Control7,Control8,Control9,Control10,Control11,Control12,Control13,Control15,Control16,Control17
100289137,84649;Control1,Control2,Control3,Control5,Control6,Control7,Control8,Control9,Control10,Control11,Control12,Control13,Control15,Control16,Control17
100289137,1813,53836,105371737;Control1,Control2,Control3,Control5,Control6,Control7,Control8,Control9,Control10,Control11,Control12,Control13,Control15,Control16,Control17
253650,101101772,100996301,81849,9388,101927355,107985492;Control1,Control2,Control3,Control4,Control5,Control6,Control7,Control8,Control9,Control10,Control11,Control12,Control13,Control15,Control16,Control17
253650,10993,112268037;Control1,Control2,Control3,Control4,Control5,Control6,Control7,Control8,Control9,Control10,Control11,Control12,Control13,Control15,Control16,Control17
253650,7546,3352,51361,100996301,81849,23286,340273,100289137,158228,143662,79056,6495,100506411,654499,366,970,101927355,107985492,54101,2277;Control2,Control3,Control4,Control5,Control6,Control7,Control8,Control9,Control10,Control11,Control12,Control13,Control15,Control16,Control17
112268037,101101772,100996301,81849,253650,9355,9388,101927355,107985492;Control1,Control2,Control3,Control4,Control5,Control6,Control8,Control9,Control10,Control11,Control12,Control13,Control15,Control16,Control17
112268037,219970,860,100652791,122042,9388;Control1,Control2,Control3,Control5,Control6,Control7,Control8,Control9,Control10,Control11,Control12,Control13,Control15,Control16,Control17
112268037,161291,51361,100996301,105374166,23286,340273,100289137,158228,143662,79056,6495,100506411,654499,970,101927355,107985492,54101,2277;Control1,Control2,Control4,Control5,Control6,Control7,Control8,Control9,Control10,Control11,Control12,Control13,Control15,Control16,Control17
112268037,105370924,9388;Control1,Control3,Control4,Control5,Control6,Control7,Control8,Control9,Control10,Control11,Control12,Control13,Control15,Control16,Control17
9355,103695435,105376042,7681;Control1,Control2,Control3,Control5,Control6,Control7,Control8,Control9,Control10,Control11,Control12,Control13,Control15,Control16,Control17
9355,5100,860,7681,107985436;Control1,Control2,Control3,Control4,Control6,Control7,Control8,Control9,Control10,Control11,Control12,Control13,Control15,Control16,Control17
9355,970,51361,100996301,81849,105374166,23286,340273,100289137,253650,158228,112268037,143662,79056,6495,100506411,654499,101927355,107985492,54101,2277;Control1,Control2,Control3,Control4,Control5,Control6,Control8,Control9,Control10,Control11,Control12,Control13,Control15,Control16,Control17
29991,107984129,89886,168002,105378305,79191,1995;Control1,Control2,Control3,Control4,Control5,Control6,Control7,Control8,Control9,Control11,Control12,Control13,Control15,Control16,Control17
29991,10481,79191;Control1,Control2,Control3,Control4,Control5,Control6,Control7,Control8,Control9,Control10,Control11,Control12,Control13,Control15,Control16,Control17
29991,25818,134285,389336,285987,4004,3502,354,5653,5650,28809,729442;Control1,Control2,Control3,Control4,Control5,Control6,Control7,Control8,Control9,Control10,Control11,Control13,Control15,Control16,Control17
29991,109729184,89886,168002,105378305,79191,1995,344;Control1,Control2,Control3,Control4,Control5,Control6,Control7,Control8,Control9,Control11,Control12,Control13,Control15,Control16,Control17
29991,105373150,134285,285987,4004,25818,5653,5650,28809,729442;Control1,Control2,Control3,Control4,Control5,Control6,Control7,Control8,Control9,Control10,Control11,Control13,Control15,Control16,Control17
89958,2834;Control1,Control2,Control3,Control4,Control5,Control6,Control7,Control8,Control9,Control10,Control11,Control12,Control13,Control15,Control17
89958,2305,4605;Control1,Control2,Control3,Control4,Control5,Control6,Control7,Control8,Control9,Control10,Control11,Control13,Control15,Control16,Control17
89958,107984129,349408;Control1,Control2,Control3,Control4,Control5,Control6,Control7,Control8,Control9,Control10,Control12,Control13,Control15,Control16,Control17
89958,10265;Control1,Control2,Control3,Control4,Control5,Control7,Control8,Control9,Control10,Control11,Control12,Control13,Control15,Control16,Control17
89958,146909,991,57405;Control1,Control3,Control4,Control5,Control6,Control7,Control8,Control9,Control10,Control11,Control12,Control13,Control15,Control16,Control17
89958,55771,4605;Control1,Control2,Control3,Control4,Control5,Control6,Control7,Control9,Control10,Control11,Control12,Control13,Control15,Control16,Control17
89958,284403,4605;Control1,Control2,Control4,Control5,Control6,Control7,Control8,Control9,Control10,Control11,Control12,Control13,Control15,Control16,Control17
89958,4605;Control1,Control2,Control3,Control4,Control5,Control6,Control7,Control8,Control9,Control10,Control11,Control12,Control13,Control15,Control16,Control17
2625,64843,3604,6664,4547,27299,387978,105372115,389903;Control1,Control2,Control4,Control5,Control6,Control7,Control8,Control9,Control10,Control11,Control12,Control13,Control15,Control16,Control17
55388,11130,55635,4751,23397,3161,983,100288637;Control1,Control2,Control3,Control4,Control5,Control6,Control7,Control8,Control9,Control10,Control12,Control13,Control15,Control16,Control17
55388,374393,9768,29128;Control1,Control2,Control3,Control4,Control5,Control6,Control7,Control9,Control10,Control11,Control12,Control13,Control15,Control16,Control17
55388,100288637,7153,29128;Control1,Control2,Control3,Control4,Control5,Control6,Control7,Control8,Control9,Control10,Control11,Control12,Control13,Control15,Control16,Control17
55388,146909,57405,29128;Control1,Control2,Control3,Control4,Control5,Control6,Control7,Control9,Control10,Control11,Control12,Control13,Control15,Control16,Control17
55388,24137,55635,4751,23397,55247,3161,983,3832,55165,51203,7153,29128;Control1,Control2,Control3,Control4,Control5,Control6,Control7,Control8,Control9,Control10,Control12,Control13,Control15,Control16,Control17
283078,219527;Control1,Control2,Control4,Control5,Control6,Control7,Control8,Control9,Control10,Control11,Control12,Control13,Control15,Control16,Control17
283078,101929690,148645,3239,56203,3670,345643,5307,105375894,9312,1690,100506071,6362,106481742,9758,8471;Control2,Control3,Control4,Control5,Control6,Control7,Control8,Control9,Control10,Control11,Control12,Control13,Control15,Control16,Control17
105378305,10993,63898,100506411,7477;Control1,Control2,Control3,Control5,Control6,Control7,Control8,Control9,Control10,Control11,Control12,Control13,Control15,Control16,Control17
105378305,100533990,89886,168002,79191,344,4318,109729184,7477;Control1,Control2,Control3,Control4,Control6,Control7,Control8,Control9,Control10,Control11,Control12,Control13,Control15,Control16,Control17
105378305,57167,5798,168002,63898,4318,109729184,7477;Control1,Control2,Control3,Control5,Control6,Control7,Control8,Control9,Control10,Control11,Control12,Control13,Control15,Control16,Control17
105378305,349408,168002,107984129;Control1,Control2,Control3,Control4,Control5,Control6,Control7,Control8,Control9,Control10,Control11,Control12,Control13,Control15,Control16,Control17
11130,100288637,4751,23397,3161,983;Control1,Control2,Control3,Control4,Control5,Control6,Control7,Control8,Control9,Control10,Control11,Control12,Control13,Control15,Control16,Control17
11130,9824,4751,23397,100288637;Control1,Control2,Control4,Control5,Control6,Control7,Control8,Control9,Control10,Control11,Control12,Control13,Control15,Control16,Control17
11130,22974,699;Control1,Control2,Control3,Control4,Control5,Control6,Control7,Control9,Control10,Control11,Control12,Control13,Control15,Control16,Control17
983,9133,259266,1063,6241,55355,9787,79801,9212,332,24137;Control1,Control2,Control3,Control4,Control5,Control6,Control7,Control8,Control9,Control10,Control11,Control12,Control13,Control15,Control16
983,9768,23397,64151,7272,55165,7153,29128,24137;Control1,Control2,Control3,Control4,Control5,Control6,Control7,Control8,Control9,Control10,Control11,Control12,Control13,Control15,Control16,Control17
983,54478,55635,3832;Control1,Control2,Control3,Control4,Control5,Control6,Control7,Control8,Control9,Control10,Control11,Control12,Control13,Control16,Control17
983,146909,259266,1063,6241,55355,221150,9787,100507118,79801,29128,24137;Control1,Control2,Control3,Control4,Control5,Control6,Control7,Control9,Control10,Control11,Control12,Control13,Control15,Control16,Control17
983,332,1063,6241,55355,64151,55872,55165,9787,51203,100507118,79801,24137;Control1,Control2,Control3,Control4,Control5,Control6,Control7,Control8,Control9,Control10,Control11,Control12,Control13,Control15,Control16,Control17
983,220134,259266,1063,6241,55355,64151,3161,55872,55165,221150,9787,51203,100507118,79801,29128,24137;Control1,Control2,Control3,Control4,Control5,Control6,Control7,Control8,Control9,Control10,Control11,Control12,Control13,Control15,Control17
6865,27091;Control1,Control2,Control3,Control4,Control5,Control6,Control7,Control8,Control9,Control10,Control11,Control12,Control13,Control15,Control16,Control17
6865,5354;Control1,Control3,Control4,Control5,Control6,Control7,Control8,Control9,Control10,Control11,Control12,Control13,Control15,Control16,Control17
27063,5265;Control1,Control2,Control3,Control4,Control5,Control6,Control7,Control8,Control9,Control10,Control11,Control13,Control15,Control16,Control17
27063,10437,5265;Control1,Control2,Control3,Control4,Control5,Control6,Control7,Control8,Control10,Control11,Control12,Control13,Control15,Control16,Control17
27063,5653,102724714,28809;Control1,Control2,Control3,Control4,Control5,Control6,Control7,Control8,Control9,Control10,Control11,Control12,Control13,Control15,Control16
27063,101929707,102724714;Control1,Control3,Control4,Control5,Control6,Control7,Control8,Control9,Control10,Control11,Control12,Control13,Control15,Control16,Control17
3832,81624,4751,54443,157570,55872,9824,51203;Control1,Control2,Control3,Control4,Control5,Control6,Control7,Control8,Control9,Control11,Control12,Control13,Control15,Control16,Control17
3832,9787,4751,1063,6241,3161,54443,55872,9833,983,55165,9824,51203,9055,100507118,7153,24137;Control1,Control2,Control3,Control4,Control5,Control6,Control7,Control8,Control9,Control10,Control11,Control12,Control13,Control15,Control16
3832,100288637,55635,4751,23397,55247,3161,54443,55872,983,55165,51203,7153,29128;Control1,Control2,Control3,Control4,Control5,Control6,Control7,Control8,Control9,Control11,Control12,Control13,Control15,Control16,Control17
3832,57082,4751,64151,55247,3161,54443,983,55165,51203,7153,29128;Control1,Control3,Control4,Control5,Control6,Control7,Control8,Control9,Control10,Control11,Control12,Control13,Control15,Control16,Control17
3832,9493,55143,157570;Control1,Control2,Control4,Control5,Control6,Control7,Control8,Control9,Control10,Control11,Control12,Control13,Control15,Control16,Control17
3832,9055,4751,55247,3161,54443,55872,983,55165,9824,51203,7153;Control1,Control2,Control3,Control4,Control5,Control6,Control7,Control8,Control9,Control10,Control11,Control12,Control13,Control15,Control16,Control17
3832,100507118,4751,55247,3161,54443,55872,983,55165,51203,9055,7153,29128,24137;Control1,Control2,Control3,Control4,Control5,Control6,Control7,Control8,Control9,Control10,Control11,Control12,Control13,Control15,Control16,Control17
3832,332,1063,6241,157570,55872,983,55165,9787,51203,100507118,7153,24137;Control1,Control2,Control3,Control4,Control5,Control6,Control7,Control8,Control9,Control10,Control11,Control12,Control13,Control15,Control16
2834,4288,128239,10024;Control1,Control2,Control3,Control4,Control5,Control6,Control7,Control8,Control9,Control10,Control11,Control12,Control13,Control15,Control16
2834,112937,1301,574414,574029,105375622,110806280;Control1,Control2,Control3,Control4,Control5,Control6,Control7,Control8,Control9,Control10,Control11,Control12,Control13,Control15,Control16
2834,100126311,1301,56300;Control1,Control2,Control3,Control4,Control5,Control6,Control7,Control8,Control9,Control11,Control12,Control13,Control15,Control16,Control17
2834,10615,128239,4288;Control1,Control2,Control3,Control4,Control5,Control6,Control7,Control8,Control9,Control10,Control11,Control12,Control13,Control15,Control16
399815,5008;Control1,Control2,Control3,Control4,Control5,Control7,Control8,Control9,Control10,Control11,Control12,Control13,Control15,Control16,Control17
101101772,6362;Control1,Control2,Control4,Control5,Control6,Control7,Control8,Control9,Control10,Control11,Control12,Control13,Control15,Control16,Control17
101101772,57167,105375690,107985492,7477;Control1,Control2,Control3,Control4,Control5,Control6,Control7,Control8,Control9,Control10,Control11,Control13,Control15,Control16,Control17
101101772,7477,105375690,253650,10993,107985492;Control1,Control2,Control3,Control4,Control5,Control6,Control7,Control8,Control9,Control10,Control11,Control13,Control15,Control16,Control17
102724784,112802,3881;Control1,Control2,Control3,Control4,Control5,Control6,Control7,Control8,Control9,Control10,Control11,Control12,Control13,Control15,Control16,Control17
102724784,105371050,6273,3754,105375027,101927760,338667,338797,107985627;Control1,Control2,Control3,Control4,Control5,Control6,Control7,Control8,Control9,Control10,Control12,Control13,Control15,Control16,Control17
102724784,111216286,6273,105375027,101927760,338667,338797;Control1,Control2,Control3,Control4,Control5,Control6,Control7,Control8,Control9,Control10,Control11,Control12,Control13,Control15,Control16,Control17
79733,120939;Control1,Control2,Control3,Control4,Control5,Control6,Control7,Control8,Control9,Control10,Control11,Control13,Control15,Control16,Control17
79733,81624,27178,285643,101929707;Control1,Control2,Control3,Control4,Control5,Control6,Control7,Control8,Control9,Control10,Control11,Control12,Control13,Control15,Control16,Control17
79733,4166;Control1,Control3,Control4,Control5,Control6,Control7,Control8,Control9,Control10,Control11,Control12,Control13,Control15,Control16,Control17
79733,9955,55143,27178,285643;Control1,Control2,Control3,Control4,Control5,Control6,Control8,Control9,Control10,Control11,Control12,Control13,Control15,Control16,Control17
79733,51512,55143,27178,285643;Control1,Control2,Control3,Control4,Control5,Control6,Control7,Control8,Control9,Control10,Control11,Control12,Control15,Control16,Control17
79733,186;Control1,Control2,Control3,Control4,Control5,Control6,Control7,Control8,Control9,Control10,Control11,Control12,Control13,Control15,Control16,Control17
8424,1630,171019,105369685,647946;Control1,Control2,Control3,Control4,Control5,Control6,Control7,Control8,Control9,Control10,Control12,Control13,Control15,Control16,Control17
103695435,122042,860,105376042,7681;Control1,Control2,Control3,Control4,Control5,Control6,Control7,Control8,Control9,Control10,Control11,Control12,Control13,Control16,Control17
103695435,5100,860,7681;Control1,Control2,Control3,Control4,Control5,Control6,Control7,Control8,Control9,Control10,Control11,Control12,Control13,Control16,Control17
103695435,105370953,107985436;Control1,Control2,Control3,Control4,Control5,Control7,Control8,Control9,Control10,Control11,Control12,Control13,Control15,Control16,Control17
103695435,101060400,105376042,7681;Control1,Control2,Control3,Control4,Control5,Control6,Control7,Control8,Control10,Control11,Control12,Control13,Control15,Control16,Control17
103695435,54854;Control1,Control2,Control3,Control4,Control5,Control6,Control8,Control9,Control10,Control11,Control12,Control13,Control15,Control16,Control17
103695435,107985436;Control1,Control2,Control3,Control4,Control5,Control6,Control7,Control8,Control9,Control10,Control11,Control12,Control13,Control15,Control16,Control17
81930,83903;Control2,Control3,Control4,Control5,Control6,Control7,Control8,Control9,Control10,Control11,Control12,Control13,Control15,Control16,Control17
81930,51512,1058;Control1,Control2,Control3,Control4,Control5,Control6,Control7,Control8,Control9,Control10,Control11,Control12,Control15,Control16,Control17
219527,3502,5865,6716,28946,3512,1047,166979,4544,594855,6345;Control1,Control2,Control3,Control4,Control5,Control6,Control7,Control8,Control9,Control11,Control12,Control13,Control15,Control16,Control17
219527,26150;Control1,Control2,Control3,Control4,Control5,Control6,Control7,Control8,Control9,Control10,Control11,Control12,Control13,Control15,Control16,Control17
219527,158511,3833;Control1,Control2,Control3,Control4,Control6,Control7,Control8,Control9,Control10,Control11,Control12,Control13,Control15,Control16,Control17
219970,7681,860,122042;Control1,Control2,Control3,Control4,Control5,Control6,Control7,Control8,Control9,Control10,Control11,Control12,Control13,Control16,Control17
105369315,338005,55867,50615;Control1,Control2,Control3,Control4,Control5,Control7,Control8,Control9,Control10,Control11,Control12,Control13,Control15,Control16,Control17
105369315,10642,55867;Control1,Control2,Control3,Control5,Control6,Control7,Control8,Control9,Control10,Control11,Control12,Control13,Control15,Control16,Control17
105369315,284240;Control1,Control2,Control3,Control4,Control5,Control6,Control7,Control8,Control9,Control10,Control11,Control13,Control15,Control16,Control17
105369315,1995,89886;Control1,Control2,Control3,Control4,Control5,Control6,Control8,Control9,Control10,Control11,Control12,Control13,Control15,Control16,Control17
374393,100507118,991,259266,1063,6241,55355,995,3833,9787,146909,55723,24137;Control1,Control2,Control3,Control4,Control6,Control7,Control8,Control9,Control10,Control11,Control12,Control13,Control15,Control16,Control17
374393,79801,991,259266,1063,6241,55355,3833,4288,9787,146909,55723,24137;Control1,Control2,Control3,Control4,Control6,Control7,Control8,Control9,Control10,Control11,Control12,Control13,Control15,Control16,Control17
374393,332,991,259266,1063,6241,55355,995,4288,9787,146909,55723,24137;Control1,Control2,Control3,Control4,Control6,Control7,Control8,Control9,Control10,Control11,Control12,Control13,Control15,Control16,Control17
374393,55723,9833;Control1,Control2,Control3,Control4,Control5,Control6,Control7,Control8,Control9,Control10,Control11,Control12,Control13,Control15,Control16,Control17
374393,11065,55355,891,221150,9787,220134;Control1,Control2,Control3,Control4,Control5,Control6,Control7,Control8,Control9,Control10,Control12,Control13,Control15,Control16,Control17
55867,10642;Control1,Control2,Control3,Control4,Control5,Control6,Control7,Control8,Control9,Control10,Control11,Control12,Control13,Control15,Control16,Control17
55867,1995;Control1,Control2,Control3,Control4,Control5,Control6,Control7,Control8,Control9,Control10,Control11,Control13,Control15,Control16,Control17
55867,80714;Control1,Control2,Control3,Control4,Control5,Control6,Control7,Control8,Control9,Control11,Control12,Control13,Control15,Control16,Control17
113130,10024,991,128239,259266,55355,9232,4288,9787,9133,9212;Control1,Control2,Control3,Control4,Control5,Control6,Control7,Control8,Control10,Control11,Control12,Control13,Control15,Control16,Control17
113130,9768,259266,1063,6241,57405,55355,4288,9787,332,24137;Control1,Control2,Control3,Control4,Control5,Control6,Control7,Control9,Control10,Control11,Control12,Control13,Control15,Control16,Control17
113130,79801,991,259266,1063,6241,57405,55355,4288,9787,9133,9212,332,24137;Control1,Control2,Control3,Control4,Control5,Control6,Control7,Control8,Control9,Control10,Control11,Control12,Control13,Control15,Control16
113130,7153,259266,1063,6241,57405,55355,64151,9787,79801,9212,332,29128,24137;Control1,Control2,Control3,Control4,Control5,Control6,Control7,Control8,Control9,Control10,Control11,Control12,Control13,Control15,Control16
113130,29128,991,259266,1063,6241,57405,55355,9787,79801,9212,332,24137;Control1,Control2,Control3,Control4,Control5,Control6,Control7,Control8,Control9,Control10,Control11,Control12,Control13,Control15,Control16
2348,105371050;Control1,Control2,Control3,Control4,Control5,Control6,Control7,Control8,Control9,Control10,Control11,Control12,Control15,Control16,Control17
2348,8529;Control1,Control2,Control3,Control4,Control5,Control6,Control7,Control8,Control9,Control11,Control12,Control13,Control15,Control16,Control17
84649,10942;Control1,Control2,Control3,Control4,Control5,Control6,Control7,Control8,Control9,Control10,Control11,Control13,Control15,Control16,Control17
4321,161291,148645,3239,56203,3670,345643,5307,105375894,1690,100506071,6362,106481742,9758,8471;Control1,Control2,Control3,Control5,Control6,Control7,Control8,Control9,Control10,Control11,Control12,Control13,Control15,Control16,Control17
4321,101929690,3239,6362;Control2,Control3,Control4,Control5,Control6,Control7,Control8,Control9,Control10,Control11,Control12,Control13,Control15,Control16,Control17
4321,105373150,3239,6362,8471;Control1,Control2,Control3,Control4,Control5,Control6,Control7,Control8,Control9,Control11,Control12,Control13,Control15,Control16,Control17
2893,338667;Control1,Control2,Control3,Control4,Control5,Control6,Control7,Control8,Control9,Control10,Control11,Control12,Control13,Control15,Control17
1813,147841;Control1,Control2,Control3,Control4,Control5,Control6,Control7,Control8,Control9,Control10,Control12,Control13,Control15,Control16,Control17
1813,140628;Control1,Control2,Control3,Control4,Control5,Control6,Control7,Control8,Control9,Control10,Control11,Control12,Control13,Control15,Control16,Control17
8538,3856;Control1,Control2,Control3,Control4,Control5,Control6,Control7,Control8,Control9,Control10,Control11,Control12,Control13,Control15,Control16,Control17
8538,5008,3856;Control2,Control3,Control4,Control5,Control6,Control7,Control8,Control9,Control10,Control11,Control12,Control13,Control15,Control16,Control17
6768,3856,28946,3502,28809;Control1,Control2,Control3,Control4,Control5,Control7,Control8,Control9,Control10,Control11,Control12,Control13,Control15,Control16,Control17
6768,28755;Control1,Control2,Control3,Control4,Control5,Control6,Control7,Control8,Control9,Control10,Control11,Control12,Control15,Control16,Control17
112937,10024,991,128239,995,4288,9133,9212;Control1,Control2,Control3,Control4,Control5,Control6,Control7,Control8,Control9,Control10,Control11,Control12,Control13,Control16,Control17
112937,9700,991,128239,9232,3833,4288,9787,9133,9212;Control1,Control2,Control3,Control4,Control5,Control6,Control7,Control8,Control10,Control11,Control12,Control13,Control15,Control16,Control17
112937,221150,991,128239,259266,6241,55355,995,3833,4288,9787,9133,9212,220134;Control1,Control2,Control3,Control4,Control5,Control6,Control7,Control8,Control10,Control11,Control12,Control13,Control15,Control16,Control17
112937,91828,128239,1058,3833,9212;Control1,Control2,Control3,Control4,Control5,Control6,Control7,Control8,Control9,Control10,Control11,Control12,Control13,Control15,Control17
112937,9133,991,128239,995,3833,4288,9212;Control1,Control2,Control3,Control4,Control5,Control6,Control7,Control8,Control9,Control10,Control11,Control12,Control13,Control16,Control17
112937,176,3664,158511;Control1,Control2,Control3,Control4,Control5,Control6,Control7,Control8,Control9,Control10,Control11,Control12,Control13,Control15,Control17
112937,10615,991,128239,259266,55355,9232,4288,9133,9212;Control1,Control2,Control3,Control4,Control5,Control6,Control7,Control8,Control10,Control11,Control12,Control13,Control15,Control16,Control17
112937,400618,110806280;Control1,Control2,Control3,Control4,Control5,Control6,Control7,Control8,Control9,Control10,Control11,Control12,Control13,Control15,Control16,Control17
112937,11065,991,221150,220134;Control1,Control2,Control3,Control4,Control5,Control6,Control7,Control8,Control10,Control11,Control12,Control13,Control15,Control16,Control17
112937,8318,991,128239,4288,9212;Control1,Control2,Control3,Control4,Control5,Control6,Control7,Control8,Control9,Control10,Control11,Control12,Control15,Control16,Control17
112937,5354;Control1,Control2,Control3,Control4,Control5,Control6,Control7,Control8,Control9,Control10,Control11,Control12,Control13,Control15,Control16
100292680,4257;Control1,Control2,Control3,Control4,Control5,Control6,Control7,Control8,Control9,Control10,Control11,Control12,Control13,Control15,Control16
100292680,332;Control1,Control2,Control4,Control5,Control6,Control7,Control8,Control9,Control10,Control11,Control12,Control13,Control15,Control16,Control17
2305,10024,991,9232,9212,4605,8318;Control1,Control2,Control3,Control4,Control5,Control6,Control7,Control8,Control9,Control10,Control11,Control12,Control15,Control16,Control17
2305,112802;Control1,Control2,Control3,Control4,Control5,Control6,Control7,Control8,Control9,Control11,Control12,Control13,Control15,Control16,Control17
2305,10595;Control1,Control2,Control3,Control4,Control5,Control6,Control7,Control8,Control9,Control10,Control11,Control12,Control13,Control15,Control16
2305,55771,4605,8318;Control1,Control2,Control3,Control4,Control5,Control6,Control7,Control8,Control9,Control10,Control11,Control12,Control13,Control15,Control16,Control17
4973,28755;Control1,Control2,Control3,Control4,Control5,Control6,Control7,Control8,Control9,Control10,Control11,Control12,Control13,Control15,Control16,Control17
4973,339256,58,134285,285987,4004,5653,5650,28809,729442;Control2,Control3,Control4,Control5,Control6,Control7,Control8,Control9,Control10,Control11,Control12,Control13,Control15,Control16,Control17
120939,79191,168002,105378305,4318,109729184,7477;Control1,Control3,Control4,Control5,Control6,Control7,Control8,Control9,Control10,Control11,Control12,Control13,Control15,Control16,Control17
107984129,338005,100379220,1995;Control1,Control2,Control3,Control4,Control5,Control6,Control8,Control9,Control10,Control11,Control12,Control13,Control15,Control16,Control17
107984129,105371275,89886,168002,105378305,1995;Control1,Control2,Control3,Control4,Control5,Control6,Control7,Control8,Control10,Control11,Control12,Control13,Control15,Control16,Control17
107984129,10481,168002,29991,79191;Control1,Control2,Control4,Control5,Control6,Control7,Control8,Control9,Control10,Control11,Control12,Control13,Control15,Control16,Control17
107984129,4318,89886,168002,105378305,79191,1995,109729184,7477;Control1,Control2,Control3,Control4,Control5,Control6,Control8,Control9,Control10,Control11,Control12,Control13,Control15,Control16,Control17
4257,140628;Control1,Control2,Control3,Control4,Control5,Control6,Control7,Control8,Control9,Control10,Control12,Control13,Control15,Control16,Control17
105369685,107984851,1630;Control1,Control2,Control3,Control5,Control6,Control7,Control8,Control9,Control10,Control11,Control12,Control13,Control15,Control16,Control17
105369685,4166;Control1,Control2,Control3,Control4,Control5,Control6,Control7,Control9,Control10,Control11,Control12,Control13,Control15,Control16,Control17
105369685,1630,171019,647946;Control1,Control2,Control3,Control4,Control5,Control6,Control7,Control8,Control9,Control10,Control11,Control12,Control13,Control15,Control16,Control17
105369685,115701,1749;Control1,Control2,Control3,Control4,Control5,Control6,Control7,Control9,Control10,Control11,Control12,Control13,Control15,Control16,Control17
105369685,105372613,477,171019,8424,647946;Control1,Control2,Control3,Control4,Control6,Control7,Control8,Control9,Control10,Control11,Control12,Control13,Control15,Control16,Control17
10024,9700,991,128239,259266,9232,4288,9133,9212;Control1,Control2,Control3,Control4,Control5,Control6,Control7,Control8,Control9,Control10,Control11,Control12,Control15,Control16,Control17
10024,9787,991,128239,259266,6241,995,9232,4288,113130,9133,9212,146909,332;Control1,Control3,Control4,Control5,Control6,Control7,Control8,Control9,Control10,Control11,Control12,Control13,Control15,Control16,Control17
10024,4496,56300;Control1,Control2,Control3,Control4,Control5,Control6,Control7,Control8,Control9,Control10,Control11,Control12,Control13,Control15,Control16
10024,10615,991,128239,259266,55355,9232,4288,113130,9133,9212;Control1,Control2,Control3,Control4,Control5,Control6,Control7,Control8,Control10,Control11,Control12,Control13,Control15,Control16,Control17
10024,146909,991,128239,9232,4288,113130,9133,9212;Control1,Control2,Control3,Control4,Control5,Control6,Control7,Control8,Control9,Control10,Control11,Control12,Control13,Control15,Control17
10024,8318,991,4605;Control1,Control2,Control3,Control4,Control5,Control6,Control7,Control8,Control9,Control10,Control11,Control12,Control13,Control15,Control16,Control17
10024,100874530,128239,9212;Control2,Control3,Control4,Control5,Control6,Control7,Control8,Control9,Control10,Control11,Control12,Control13,Control15,Control16,Control17
3856,105371152,28946,113218482,3502;Control1,Control2,Control3,Control4,Control5,Control7,Control8,Control9,Control10,Control11,Control12,Control13,Control15,Control16,Control17
3856,5650,28946,3502,354,28809;Control1,Control2,Control3,Control4,Control5,Control7,Control8,Control9,Control10,Control11,Control12,Control13,Control15,Control16,Control17
9700,91828,128239,3833,105375610,107985017;Control1,Control2,Control3,Control4,Control5,Control6,Control7,Control8,Control9,Control10,Control11,Control12,Control13,Control15,Control17
9700,5347,991,128239,3833,4288;Control1,Control2,Control3,Control4,Control5,Control6,Control7,Control8,Control9,Control10,Control11,Control12,Control13,Control15,Control16,Control17
9700,79801,991,128239,259266,55355,9232,3833,4288,9787,9133,9212;Control1,Control2,Control3,Control4,Control5,Control6,Control7,Control8,Control9,Control11,Control12,Control13,Control15,Control16,Control17
9700,107985017,991,9232,3833,9787,9133,9212;Control1,Control2,Control3,Control4,Control5,Control6,Control7,Control8,Control9,Control10,Control11,Control12,Control13,Control15,Control16,Control17
9700,10615,991,128239,259266,9232,3833,4288,113130,9787,9133,9212;Control1,Control2,Control3,Control4,Control5,Control6,Control7,Control8,Control9,Control10,Control11,Control12,Control15,Control16,Control17
9700,146909,991,128239,9232,3833,4288,9787,107985017,9212;Control1,Control2,Control3,Control4,Control5,Control6,Control7,Control8,Control9,Control10,Control11,Control12,Control13,Control15,Control17
9700,220134,991,128239,3833,4288,9787,9212;Control1,Control2,Control3,Control4,Control5,Control6,Control7,Control8,Control9,Control10,Control11,Control12,Control13,Control15,Control16,Control17
9700,22974,991,128239,9232,3833,4288,9787,9133,9212;Control1,Control2,Control3,Control5,Control6,Control7,Control8,Control9,Control10,Control11,Control12,Control13,Control15,Control16,Control17
9700,6790,105375610;Control1,Control2,Control4,Control5,Control6,Control7,Control8,Control9,Control10,Control11,Control12,Control13,Control15,Control16,Control17
9700,9582,128239,3833,105375610,4288,9787,9212;Control1,Control3,Control4,Control5,Control6,Control7,Control8,Control9,Control10,Control11,Control12,Control13,Control15,Control16,Control17
9700,100874530,128239;Control1,Control2,Control3,Control4,Control5,Control6,Control7,Control9,Control10,Control11,Control12,Control13,Control15,Control16,Control17
3229,103689845,731220,100505994,646024,105376041,55655;Control1,Control2,Control3,Control4,Control5,Control6,Control7,Control8,Control9,Control10,Control11,Control12,Control15,Control16,Control17
3229,387978,105372950,80329,646024,105376041,387895;Control1,Control2,Control3,Control4,Control5,Control6,Control7,Control8,Control10,Control11,Control12,Control13,Control15,Control16,Control17
3229,9956,731220,100505994,646024,105376041,55655;Control1,Control2,Control3,Control4,Control5,Control6,Control7,Control9,Control10,Control11,Control12,Control13,Control15,Control16,Control17
3227,5265,2019,389336,285987,5653,5650,729442;Control1,Control2,Control3,Control4,Control5,Control6,Control7,Control8,Control9,Control10,Control11,Control13,Control15,Control16,Control17
3227,10437,5265;Control1,Control2,Control3,Control4,Control5,Control6,Control7,Control8,Control9,Control10,Control11,Control13,Control15,Control16,Control17
3227,55655,5653;Control1,Control2,Control3,Control4,Control5,Control6,Control7,Control8,Control9,Control10,Control11,Control12,Control13,Control16,Control17
8549,122042,860,554202,5101;Control1,Control2,Control3,Control4,Control5,Control6,Control7,Control8,Control9,Control10,Control11,Control12,Control15,Control16,Control17
8549,103689845;Control1,Control2,Control3,Control4,Control5,Control6,Control8,Control9,Control10,Control11,Control12,Control13,Control15,Control16,Control17
8549,5100,860,5101;Control1,Control2,Control3,Control4,Control6,Control7,Control8,Control9,Control10,Control11,Control12,Control13,Control15,Control16,Control17
8549,4318,860,5101;Control1,Control2,Control3,Control4,Control5,Control6,Control7,Control8,Control9,Control10,Control11,Control13,Control15,Control16,Control17
144455,9787,9928,699,64151,4001,3161,54443,55165,51203,7153,29128;Control1,Control2,Control3,Control4,Control5,Control6,Control7,Control8,Control9,Control10,Control11,Control12,Control13,Control15,Control16
144455,9055,9928,56992,64151,55247,891,3161,54443,55872,55165,221150,7153,29128;Control1,Control2,Control3,Control4,Control5,Control6,Control7,Control8,Control9,Control10,Control11,Control12,Control13,Control15,Control16
144455,7153,9928,699,64151,55247,4001,54443,55872,55165,57082,51203,29128;Control1,Control2,Control3,Control5,Control6,Control7,Control8,Control9,Control10,Control11,Control12,Control13,Control15,Control16,Control17
144455,9496;Control1,Control2,Control3,Control4,Control5,Control6,Control7,Control8,Control9,Control10,Control11,Control12,Control13,Control15,Control16,Control17
144455,220134,9928,64151,891,3161,55872,55165,221150,9787,57082,51203,7153,29128;Control1,Control2,Control3,Control4,Control5,Control6,Control7,Control8,Control9,Control10,Control11,Control12,Control13,Control15,Control16
10993,79191,105378305,7477;Control1,Control2,Control3,Control5,Control6,Control7,Control8,Control9,Control10,Control11,Control12,Control13,Control15,Control16,Control17
10993,9388,100996301,81849,105374166,253650,112268037,100506411,101927355,107985492;Control1,Control2,Control3,Control4,Control5,Control6,Control7,Control8,Control9,Control10,Control11,Control13,Control15,Control16,Control17
10993,57167,7477;Control1,Control2,Control3,Control4,Control5,Control6,Control7,Control8,Control9,Control10,Control11,Control12,Control13,Control15,Control16,Control17
387895,103689845,105377508,646024,105376041,3229,55655,3053;Control1,Control2,Control3,Control4,Control5,Control6,Control7,Control8,Control9,Control10,Control11,Control12,Control15,Control16,Control17
387895,109729169,374946,11075;Control1,Control2,Control3,Control4,Control5,Control6,Control7,Control8,Control9,Control10,Control11,Control12,Control13,Control15,Control16,Control17
50614,5083,6664,27299,2625,387978,101060400;Control1,Control2,Control3,Control4,Control5,Control6,Control8,Control9,Control10,Control11,Control12,Control13,Control15,Control16,Control17
50614,100506655,6664,7180,27299,2625,387978;Control2,Control3,Control4,Control5,Control6,Control7,Control8,Control9,Control10,Control11,Control12,Control13,Control15,Control16,Control17
50614,101060400,6664,7180,27299,2625,387978;Control1,Control2,Control3,Control4,Control5,Control6,Control8,Control9,Control10,Control11,Control12,Control13,Control15,Control16,Control17
50614,389903,6664,7180,2625,387978,105372115;Control1,Control2,Control3,Control4,Control5,Control6,Control7,Control8,Control9,Control10,Control11,Control12,Control13,Control15,Control16
221150,100288637,4751,23397,55247,3161,54443,55872,983,55165,7153,29128;Control1,Control2,Control3,Control4,Control5,Control6,Control7,Control8,Control9,Control10,Control11,Control12,Control13,Control15,Control16,Control17
221150,9768,259266,1063,6241,55355,64151,891,55872,55165,9787,51203,79801,7153,220134,29128,24137;Control1,Control2,Control3,Control4,Control5,Control6,Control7,Control9,Control10,Control11,Control12,Control13,Control15,Control16,Control17
221150,100507118,991,259266,1063,6241,55355,3833,113130,9787,9212,220134,24137;Control1,Control2,Control3,Control4,Control5,Control6,Control7,Control8,Control9,Control10,Control11,Control12,Control13,Control15,Control16,Control17
221150,79801,991,128239,259266,1063,6241,55355,3833,4288,9787,9212,220134,24137;Control1,Control2,Control3,Control4,Control5,Control6,Control7,Control8,Control9,Control10,Control11,Control12,Control13,Control15,Control16,Control17
221150,146909,991,128239,259266,1063,6241,57405,55355,4288,113130,9787,9212,24137;Control1,Control2,Control3,Control4,Control5,Control6,Control7,Control8,Control9,Control10,Control12,Control13,Control15,Control16,Control17
221150,332,991,128239,259266,1063,6241,57405,55355,4288,113130,9787,79801,9212,220134,24137;Control1,Control2,Control3,Control4,Control5,Control6,Control7,Control8,Control9,Control10,Control11,Control12,Control15,Control16,Control17
221150,105372115,4751,56992,55247,3161,54443,55872,9055,389903;Control1,Control3,Control4,Control5,Control6,Control7,Control8,Control9,Control10,Control11,Control12,Control13,Control15,Control16,Control17
221150,22974,128239,259266,1063,6241,55355,4288,113130,9787,79801,9212,220134,24137;Control1,Control2,Control3,Control5,Control6,Control7,Control8,Control9,Control10,Control11,Control12,Control13,Control15,Control16,Control17
221150,389903,56992,64151,55247;Control1,Control2,Control3,Control4,Control5,Control6,Control7,Control8,Control9,Control10,Control11,Control12,Control13,Control15,Control16,Control17
2835,7546;Control1,Control2,Control3,Control4,Control5,Control6,Control7,Control8,Control9,Control10,Control11,Control12,Control13,Control15,Control16,Control17
2835,11001;Control1,Control2,Control3,Control4,Control6,Control7,Control8,Control9,Control10,Control11,Control12,Control13,Control15,Control16,Control17
2835,366,3352,51361,23286,340273,158228,654499,101927355;Control1,Control2,Control3,Control4,Control5,Control6,Control7,Control8,Control9,Control10,Control11,Control12,Control15,Control16,Control17
122042,5101,860,554202,5100;Control1,Control2,Control3,Control5,Control6,Control7,Control8,Control9,Control10,Control11,Control12,Control13,Control15,Control16,Control17
122042,84419;Control1,Control2,Control3,Control4,Control5,Control6,Control7,Control8,Control9,Control10,Control11,Control12,Control13,Control15,Control16,Control17
122042,100533789,860;Control1,Control2,Control3,Control4,Control5,Control6,Control8,Control9,Control10,Control11,Control12,Control13,Control15,Control16,Control17
122042,101060400;Control1,Control2,Control3,Control4,Control5,Control6,Control7,Control8,Control9,Control10,Control11,Control12,Control13,Control16,Control17
122042,55655,284958,646024,105376041,3229,387895,115701;Control1,Control2,Control3,Control4,Control5,Control6,Control8,Control9,Control10,Control11,Control12,Control13,Control15,Control16,Control17
122042,4318,860,100652791,219970;Control1,Control2,Control3,Control4,Control5,Control6,Control7,Control8,Control9,Control10,Control11,Control13,Control15,Control16,Control17
122042,109729184,860,100652791,4318;Control1,Control2,Control3,Control4,Control5,Control6,Control7,Control8,Control9,Control10,Control11,Control13,Control15,Control16,Control17
103689845,105371050,6273,3754,105375027,101927760,338667,338797;Control1,Control2,Control3,Control4,Control5,Control6,Control7,Control8,Control9,Control10,Control11,Control12,Control13,Control16,Control17
103689845,9956,100505994,646024,105376041;Control1,Control2,Control3,Control4,Control5,Control6,Control7,Control8,Control9,Control10,Control11,Control12,Control15,Control16,Control17
103689845,3881,6273,105375027,101927760,102724784,338667,338797;Control1,Control2,Control3,Control4,Control5,Control6,Control7,Control8,Control9,Control10,Control11,Control12,Control13,Control16,Control17
103689845,107985627,6273,3754,105375027,101927760,102724784,338667;Control1,Control2,Control3,Control4,Control5,Control6,Control7,Control8,Control9,Control10,Control11,Control12,Control13,Control16,Control17
5100,5101,860,554202;Control1,Control2,Control3,Control4,Control6,Control7,Control8,Control9,Control10,Control11,Control12,Control13,Control15,Control16,Control17
5100,7681,860;Control1,Control2,Control3,Control4,Control5,Control6,Control7,Control8,Control9,Control10,Control11,Control12,Control13,Control15,Control16,Control17
5100,105370953,107985436;Control1,Control2,Control3,Control4,Control5,Control7,Control8,Control9,Control10,Control11,Control12,Control13,Control15,Control16,Control17
5100,101060400,860,122042,7681;Control1,Control2,Control3,Control4,Control5,Control6,Control7,Control8,Control10,Control11,Control12,Control13,Control15,Control16,Control17
5100,4318,860,219970,122042;Control1,Control2,Control3,Control4,Control5,Control6,Control7,Control8,Control9,Control10,Control11,Control13,Control15,Control16,Control17
5100,109729184,860,122042,4318;Control1,Control2,Control3,Control4,Control5,Control6,Control7,Control8,Control9,Control10,Control11,Control13,Control15,Control16,Control17
5100,107985436;Control1,Control2,Control3,Control4,Control5,Control6,Control7,Control8,Control9,Control10,Control11,Control12,Control13,Control15,Control16,Control17
5100,3053;Control1,Control2,Control3,Control4,Control5,Control6,Control8,Control9,Control10,Control11,Control12,Control13,Control15,Control16,Control17
81624,1033;Control1,Control2,Control3,Control5,Control6,Control7,Control8,Control9,Control10,Control11,Control12,Control13,Control15,Control16,Control17
81624,9787,1063,6241,1058,150468,105375610;Control1,Control2,Control3,Control4,Control5,Control6,Control7,Control8,Control9,Control11,Control12,Control13,Control15,Control16,Control17
81624,79801,1063,6241,150468,54443,55872,9787,51203,9055,100507118;Control1,Control2,Control3,Control4,Control5,Control6,Control7,Control8,Control9,Control11,Control12,Control13,Control15,Control16,Control17
81624,83903,4751,1063,6241,150468,54443,55872,9055;Control1,Control2,Control3,Control4,Control5,Control6,Control7,Control8,Control9,Control11,Control12,Control13,Control15,Control16,Control17
81624,107985017,105375610;Control1,Control2,Control3,Control4,Control5,Control6,Control7,Control8,Control9,Control10,Control11,Control12,Control13,Control15,Control16
81624,9955,55143,27178,285643,101929707;Control1,Control2,Control3,Control4,Control5,Control6,Control7,Control8,Control9,Control11,Control12,Control13,Control15,Control16,Control17
81624,146909,1063,6241,1058,105375610,9787;Control1,Control2,Control3,Control4,Control5,Control6,Control7,Control8,Control9,Control11,Control12,Control13,Control15,Control16,Control17
81624,105371927,2328,101929707;Control1,Control2,Control3,Control5,Control6,Control7,Control8,Control9,Control10,Control11,Control12,Control13,Control15,Control16,Control17
5101,9388,860,554202,122042;Control1,Control2,Control3,Control5,Control6,Control7,Control8,Control9,Control10,Control11,Control12,Control13,Control15,Control16,Control17
5101,57167,860,109729169;Control1,Control2,Control3,Control4,Control5,Control6,Control8,Control9,Control10,Control11,Control12,Control13,Control15,Control16,Control17
5101,7477,63898,554202;Control1,Control2,Control3,Control4,Control5,Control6,Control7,Control8,Control9,Control10,Control11,Control13,Control15,Control16,Control17
7546,102606463;Control1,Control2,Control3,Control4,Control5,Control6,Control7,Control8,Control9,Control10,Control11,Control12,Control13,Control15,Control16,Control17
7546,5008,366;Control1,Control2,Control3,Control4,Control5,Control7,Control8,Control9,Control10,Control11,Control12,Control13,Control15,Control16,Control17
28755,5265,4973;Control1,Control2,Control3,Control4,Control6,Control7,Control8,Control9,Control10,Control11,Control12,Control13,Control15,Control16,Control17
28755,3502;Control1,Control2,Control3,Control5,Control6,Control7,Control8,Control9,Control10,Control11,Control12,Control13,Control15,Control16,Control17
28755,55423;Control2,Control3,Control4,Control5,Control6,Control7,Control8,Control9,Control10,Control11,Control12,Control13,Control15,Control16,Control17
116173,7681,5865,6716,1047,166979,101927686,219527,4544,6345,107985436;Control1,Control2,Control3,Control4,Control5,Control6,Control8,Control9,Control10,Control11,Control12,Control13,Control15,Control16,Control17
387978,57082,6664,64151,55247,4001,105372115;Control1,Control2,Control3,Control4,Control5,Control6,Control7,Control8,Control9,Control10,Control11,Control12,Control13,Control15,Control17
387978,9956,100505994,646024,105376041;Control1,Control2,Control3,Control4,Control5,Control6,Control7,Control8,Control10,Control11,Control12,Control13,Control15,Control16,Control17
387978,4496,284958,646024,105376041,3229,387895,115701;Control1,Control2,Control3,Control4,Control5,Control6,Control7,Control8,Control10,Control11,Control12,Control13,Control15,Control16,Control17
387978,220134,64151,55247,4001,57082,105372115;Control1,Control2,Control3,Control4,Control5,Control6,Control7,Control8,Control9,Control10,Control11,Control12,Control13,Control15,Control17
387978,115701,731220,646024,105376041,3229,55655;Control1,Control2,Control3,Control4,Control5,Control6,Control7,Control8,Control10,Control11,Control12,Control13,Control15,Control16,Control17
387978,55655,105372950,84561,646024,105376041,3053;Control1,Control2,Control3,Control4,Control5,Control6,Control7,Control8,Control10,Control11,Control12,Control13,Control15,Control16,Control17
387978,109729169,647309,646024,105376041;Control1,Control2,Control3,Control4,Control5,Control6,Control7,Control8,Control10,Control11,Control12,Control13,Control15,Control16,Control17
5083,64843;Control1,Control2,Control3,Control4,Control5,Control6,Control8,Control9,Control10,Control11,Control12,Control13,Control15,Control16,Control17
1033,9628;Control1,Control2,Control3,Control4,Control6,Control7,Control8,Control9,Control10,Control11,Control12,Control13,Control15,Control16,Control17
1033,9493;Control1,Control2,Control3,Control4,Control5,Control6,Control7,Control8,Control9,Control10,Control11,Control13,Control15,Control16,Control17
1033,79801;Control1,Control2,Control4,Control5,Control6,Control7,Control8,Control9,Control10,Control11,Control12,Control13,Control15,Control16,Control17
1033,6790;Control1,Control2,Control3,Control4,Control5,Control6,Control7,Control8,Control9,Control10,Control11,Control13,Control15,Control16,Control17
9787,9493,6241,150468,54443,55872,55165,51203,9055,100507118,79801;Control1,Control2,Control4,Control5,Control6,Control7,Control8,Control9,Control10,Control11,Control12,Control13,Control15,Control16,Control17
9787,83903,1063,6241,150468,54443,55872,55165,9055;Control1,Control2,Control3,Control4,Control5,Control6,Control7,Control8,Control9,Control10,Control11,Control12,Control13,Control15,Control16,Control17
9787,9496,54443,9055;Control1,Control2,Control3,Control4,Control5,Control6,Control7,Control8,Control9,Control10,Control11,Control12,Control13,Control15,Control16
6495,64843;Control1,Control2,Control3,Control5,Control6,Control7,Control8,Control9,Control10,Control11,Control12,Control13,Control15,Control16,Control17
9628,5008;Control1,Control2,Control3,Control4,Control5,Control6,Control7,Control8,Control9,Control10,Control11,Control12,Control15,Control16,Control17
5265,3502,58,2019,134285,389336,285987,4004,4973,5653,5650,28809,729442;Control1,Control2,Control3,Control4,Control5,Control6,Control7,Control8,Control9,Control10,Control11,Control13,Control15,Control16,Control17
5265,3881,102467080;Control1,Control2,Control3,Control4,Control5,Control6,Control7,Control8,Control9,Control10,Control11,Control12,Control15,Control16,Control17
5265,10437;Control1,Control2,Control3,Control4,Control5,Control6,Control7,Control8,Control9,Control10,Control11,Control12,Control13,Control15,Control16,Control17
5265,55655,10437;Control1,Control2,Control3,Control4,Control5,Control6,Control7,Control8,Control9,Control10,Control11,Control12,Control13,Control16,Control17
5265,101929707,27237,285987,4004,5653,5650,729442;Control1,Control3,Control4,Control5,Control6,Control7,Control8,Control9,Control10,Control11,Control12,Control13,Control15,Control16,Control17
5265,105373150,285987,4004,4973,25818,5653,5650,729442;Control1,Control2,Control4,Control5,Control6,Control7,Control8,Control9,Control10,Control11,Control12,Control13,Control15,Control16,Control17
91828,11001;Control1,Control2,Control4,Control5,Control6,Control7,Control8,Control9,Control10,Control11,Control12,Control13,Control15,Control16,Control17
91828,100507118,1058,3833,105375610,107985017,9212;Control1,Control2,Control3,Control4,Control5,Control6,Control7,Control8,Control10,Control11,Control12,Control13,Control15,Control16,Control17
91828,146909,1058,3833,100507118,107985017,9212;Control1,Control2,Control3,Control4,Control5,Control6,Control7,Control8,Control10,Control11,Control12,Control13,Control15,Control16,Control17
91828,100874530,105375610;Control1,Control3,Control4,Control5,Control6,Control7,Control8,Control9,Control10,Control11,Control12,Control13,Control15,Control16,Control17
3502,105371152,28946;Control1,Control2,Control3,Control4,Control5,Control6,Control7,Control8,Control9,Control10,Control11,Control12,Control13,Control15,Control16,Control17
338005,50615;Control1,Control2,Control3,Control4,Control5,Control6,Control7,Control8,Control9,Control10,Control11,Control12,Control13,Control15,Control16,Control17
338005,4318,9076,101928658,109729184;Control1,Control2,Control3,Control4,Control5,Control6,Control7,Control8,Control9,Control10,Control11,Control12,Control13,Control16,Control17
7681,105370960,5865,6716,166979,4544,107985436;Control1,Control2,Control3,Control4,Control5,Control6,Control8,Control9,Control10,Control11,Control12,Control13,Control15,Control16,Control17
100288637,9824,55635,4751,23397,55247,3161,54443,55872,983,55165,7153,29128;Control1,Control2,Control4,Control5,Control6,Control7,Control8,Control9,Control10,Control11,Control12,Control13,Control15,Control16,Control17
100288637,57082,9928,23397,56992,64151,55247,3161,55872,55165,221150,7153,29128;Control1,Control2,Control3,Control4,Control5,Control6,Control7,Control8,Control9,Control10,Control11,Control12,Control15,Control16,Control17
100288637,51203,55635,9928,4751,55247,3161,54443,55872,983,55165,7153,29128;Control1,Control2,Control3,Control4,Control5,Control6,Control7,Control8,Control9,Control11,Control12,Control13,Control15,Control16,Control17
100288637,9768,23397,10721,64151,3161,7272,55165,7153,29128;Control1,Control2,Control3,Control4,Control5,Control6,Control7,Control8,Control9,Control10,Control11,Control12,Control15,Control16,Control17
100288637,100507118,4751,23397,699,55247,3161,54443,55872,983,55165,221150,51203,7153,29128;Control1,Control2,Control3,Control5,Control6,Control7,Control8,Control9,Control10,Control11,Control12,Control13,Control15,Control16,Control17
100288637,24137,55635,9928,4751,23397,55247,3161,54443,55872,983,55165,221150,51203,7153,29128;Control1,Control2,Control3,Control4,Control5,Control6,Control7,Control8,Control9,Control10,Control11,Control12,Control13,Control15,Control16
9824,9055,4751,150468,54443,55872,55165,51203;Control1,Control2,Control3,Control4,Control5,Control6,Control7,Control8,Control9,Control10,Control11,Control12,Control13,Control15,Control16,Control17
9824,100507118,55635,4751,6241,3161,54443,55872,983,3832,55165,51203,7153,24137;Control1,Control2,Control3,Control4,Control5,Control6,Control7,Control8,Control9,Control10,Control11,Control12,Control13,Control15,Control16
9824,79801,1063,6241,150468,54443,55872,55165,51203,9055,100507118;Control1,Control2,Control4,Control5,Control6,Control7,Control8,Control9,Control10,Control11,Control12,Control13,Control15,Control16,Control17
107984763,89858;Control1,Control2,Control3,Control4,Control5,Control6,Control7,Control8,Control9,Control10,Control11,Control12,Control13,Control15,Control16,Control17
107984763,729447;Control1,Control2,Control3,Control4,Control5,Control6,Control7,Control8,Control9,Control10,Control11,Control12,Control13,Control15,Control16,Control17
107984763,102723547,3783,729447;Control1,Control2,Control3,Control4,Control5,Control7,Control8,Control9,Control10,Control11,Control12,Control13,Control15,Control16,Control17
107984763,158511,89858;Control1,Control2,Control3,Control4,Control5,Control6,Control7,Control8,Control9,Control10,Control11,Control12,Control13,Control15,Control17
57082,9768,23397,10721,64151,55165,7153,29128;Control1,Control2,Control3,Control4,Control5,Control6,Control7,Control8,Control9,Control10,Control11,Control12,Control13,Control15,Control16,Control17
57082,9055,9928,4751,56992,64151,55247,3161,55872,55165,7153,29128;Control1,Control2,Control3,Control4,Control5,Control6,Control7,Control8,Control9,Control10,Control11,Control12,Control13,Control15,Control17
57082,10615,128239,259266,55355,4288,9212,220134;Control1,Control2,Control3,Control4,Control5,Control6,Control7,Control8,Control9,Control10,Control11,Control12,Control13,Control15,Control16
57082,332,259266,6241,57405,55355,64151,24137;Control1,Control2,Control3,Control4,Control5,Control6,Control7,Control8,Control10,Control11,Control12,Control13,Control15,Control16,Control17
57082,54821;Control1,Control2,Control3,Control4,Control5,Control6,Control7,Control8,Control9,Control10,Control11,Control12,Control13,Control15,Control16,Control17
51203,9768,23397,64151,983,55165,57082,7153,29128,24137;Control1,Control2,Control3,Control4,Control5,Control6,Control7,Control8,Control9,Control10,Control11,Control12,Control13,Control15,Control16,Control17
51203,83903,4751,1063,150468,54443,55872,55165,9824,9055,100507118;Control1,Control2,Control4,Control5,Control6,Control7,Control8,Control9,Control10,Control11,Control12,Control13,Control15,Control16,Control17
51203,146909,259266,1063,6241,3833,55872,9787,100507118,79801,9212;Control1,Control2,Control3,Control4,Control5,Control6,Control7,Control8,Control9,Control10,Control11,Control12,Control13,Control15,Control16
51203,55723,891,55872,221150,7153,29128;Control1,Control2,Control3,Control4,Control5,Control6,Control7,Control8,Control9,Control10,Control11,Control12,Control13,Control15,Control16
84419,100126311;Control1,Control2,Control3,Control4,Control5,Control6,Control7,Control8,Control9,Control10,Control11,Control12,Control13,Control15,Control16,Control17
84419,23562;Control1,Control2,Control3,Control4,Control5,Control6,Control7,Control9,Control10,Control11,Control12,Control13,Control15,Control16,Control17
100126311,4496,56300;Control1,Control2,Control3,Control4,Control5,Control6,Control7,Control8,Control9,Control11,Control12,Control13,Control15,Control16,Control17
100126311,55655;Control1,Control2,Control3,Control4,Control5,Control6,Control7,Control8,Control9,Control10,Control11,Control12,Control13,Control15,Control17
100126311,5354;Control1,Control3,Control4,Control5,Control6,Control7,Control8,Control9,Control10,Control11,Control12,Control13,Control15,Control16,Control17
11001,970,50852;Control2,Control3,Control4,Control5,Control6,Control7,Control8,Control9,Control10,Control11,Control12,Control13,Control15,Control16,Control17
366,55423;Control1,Control2,Control3,Control4,Control5,Control6,Control7,Control8,Control9,Control10,Control11,Control12,Control13,Control15,Control16,Control17
9133,220134,991,128239,259266,1063,6241,55355,3833,4288,113130,221150,9787,9212,24137;Control1,Control2,Control3,Control4,Control5,Control6,Control7,Control8,Control9,Control10,Control11,Control12,Control13,Control16,Control17
9133,29128,1063,6241,55355,64151,221150,9787,332,24137;Control1,Control2,Control3,Control4,Control5,Control6,Control7,Control8,Control10,Control11,Control12,Control13,Control15,Control16,Control17
9768,10615,259266,57405,55355,4288,113130,332,24137;Control1,Control2,Control3,Control4,Control5,Control6,Control7,Control9,Control10,Control11,Control12,Control13,Control15,Control16,Control17
9768,332,57405,64151,24137;Control1,Control2,Control3,Control4,Control5,Control6,Control7,Control8,Control9,Control10,Control11,Control12,Control13,Control15,Control16,Control17
9768,220134,259266,1063,6241,57405,55355,64151,4288,9787,79801,29128,24137;Control1,Control2,Control3,Control4,Control5,Control6,Control7,Control9,Control10,Control11,Control12,Control13,Control15,Control16,Control17
9768,11065,6241,55355,891,221150,9787,220134,29128,24137;Control1,Control2,Control3,Control4,Control5,Control6,Control7,Control9,Control10,Control11,Control12,Control13,Control15,Control16,Control17
9493,64843;Control1,Control3,Control4,Control5,Control6,Control7,Control8,Control9,Control10,Control11,Control12,Control13,Control15,Control16,Control17
9493,100507118,4751,150468,54443,55872,55165,9824,51203,9055,83903;Control1,Control2,Control4,Control5,Control6,Control7,Control8,Control9,Control10,Control11,Control12,Control13,Control15,Control16,Control17
9493,83903,4751,54443,9824,9055;Control1,Control2,Control3,Control4,Control5,Control6,Control7,Control8,Control9,Control10,Control11,Control12,Control13,Control15,Control16,Control17
729739,105372863;Control1,Control2,Control3,Control4,Control5,Control6,Control7,Control8,Control9,Control10,Control11,Control13,Control15,Control16,Control17
594855,105371152,5865,6716,28946,3580,3512,1047,166979,4544,6345,28809;Control1,Control2,Control3,Control4,Control5,Control6,Control7,Control8,Control9,Control11,Control12,Control13,Control15,Control16,Control17
594855,5008,1404;Control1,Control2,Control3,Control4,Control6,Control7,Control8,Control9,Control10,Control11,Control12,Control13,Control15,Control16,Control17
594855,26150,5865,6716,1047,166979,219527,4544,116173,6345;Control1,Control2,Control3,Control4,Control5,Control6,Control7,Control8,Control9,Control10,Control12,Control13,Control15,Control16,Control17
64843,101929690,148645,3239,56203,3670,345643,5307,105375894,9312,1690,100506071,6362,106481742,9758,8471;Control1,Control2,Control3,Control4,Control5,Control6,Control7,Control8,Control10,Control11,Control12,Control13,Control15,Control16,Control17
64843,101060400,3604,27299,5083;Control1,Control2,Control4,Control5,Control6,Control7,Control8,Control9,Control10,Control11,Control12,Control13,Control15,Control16,Control17
64843,64699;Control1,Control2,Control3,Control4,Control5,Control6,Control7,Control8,Control9,Control11,Control12,Control13,Control15,Control16,Control17
105370924,5354,186;Control1,Control2,Control3,Control5,Control6,Control7,Control8,Control9,Control10,Control11,Control12,Control13,Control15,Control16,Control17
105370953,284240;Control1,Control2,Control3,Control4,Control6,Control7,Control8,Control9,Control10,Control11,Control12,Control13,Control15,Control16,Control17
105370953,107985436;Control1,Control2,Control3,Control4,Control5,Control6,Control7,Control8,Control9,Control10,Control11,Control12,Control13,Control15,Control16,Control17
105370953,3053;Control1,Control2,Control3,Control4,Control5,Control6,Control7,Control8,Control9,Control10,Control11,Control12,Control13,Control16,Control17
105370960,105371152;Control1,Control2,Control3,Control4,Control5,Control6,Control7,Control8,Control9,Control10,Control11,Control12,Control13,Control15,Control16,Control17
176,107985017,146909;Control1,Control2,Control3,Control4,Control5,Control6,Control7,Control8,Control10,Control11,Control12,Control13,Control15,Control16,Control17
176,349408;Control1,Control2,Control3,Control4,Control5,Control6,Control7,Control8,Control9,Control10,Control11,Control12,Control13,Control15,Control16,Control17
145873,284293,3502,28809;Control1,Control2,Control3,Control4,Control5,Control6,Control7,Control8,Control9,Control10,Control11,Control12,Control13,Control15,Control16,Control17
145873,101929707,2328,58,2019,134285,389336,285987,4004,3502,354,25818,5653,5650,28809,729442;Control1,Control3,Control4,Control5,Control6,Control7,Control8,Control9,Control10,Control11,Control12,Control13,Control15,Control16,Control17
9055,9955,55143,27178,285643;Control1,Control2,Control3,Control4,Control5,Control6,Control7,Control8,Control10,Control11,Control12,Control13,Control15,Control16,Control17
9055,220134,1063,6241,64151,3161,55872,55165,221150,9787,51203,100507118,79801,29128,24137;Control1,Control2,Control3,Control4,Control5,Control6,Control7,Control8,Control9,Control10,Control11,Control12,Control13,Control15,Control16,Control17
100507118,79801,991,259266,1063,6241,57405,55355,9232,9787,9133,9212,146909,332;Control1,Control2,Control3,Control4,Control5,Control6,Control7,Control8,Control9,Control10,Control11,Control12,Control13,Control15,Control16,Control17
100507118,83903,4751,1063,6241,150468,54443,55872,55165,9787,51203,9055,79801;Control1,Control2,Control3,Control4,Control5,Control6,Control7,Control8,Control9,Control10,Control11,Control12,Control13,Control16,Control17
100507118,220134,991,259266,1063,6241,57405,55355,113130,9787,9212,24137;Control1,Control2,Control3,Control4,Control5,Control6,Control7,Control8,Control9,Control10,Control11,Control12,Control13,Control15,Control16,Control17
100507118,22974,991,259266,1063,6241,55355,995,9232,3833,4288,113130,9787,9133,79801,9212,146909;Control1,Control2,Control3,Control5,Control6,Control7,Control8,Control9,Control10,Control11,Control12,Control13,Control15,Control16,Control17
100507118,11065,991,55355,113130,221150,9787,9212,220134;Control1,Control2,Control3,Control4,Control5,Control6,Control7,Control8,Control9,Control10,Control11,Control12,Control13,Control15,Control16,Control17
100507118,24137,991,259266,1063,6241,57405,55355,113130,9787,9133,9212,146909,332;Control1,Control2,Control3,Control4,Control5,Control6,Control7,Control8,Control9,Control10,Control11,Control12,Control13,Control15,Control16,Control17
100507118,389903,4751,56992,64151,3161,54443,55872,221150,9055;Control1,Control3,Control4,Control5,Control6,Control7,Control8,Control9,Control10,Control11,Control12,Control13,Control15,Control16,Control17
899,220134,11065;Control1,Control2,Control3,Control5,Control6,Control7,Control8,Control9,Control10,Control11,Control12,Control13,Control15,Control16,Control17
105371050,3881,6273,3754,105375027,101927760,338667,338797;Control1,Control2,Control3,Control4,Control5,Control6,Control7,Control8,Control9,Control11,Control12,Control13,Control15,Control16,Control17
10942,40,105371737;Control1,Control2,Control3,Control4,Control6,Control7,Control8,Control9,Control10,Control11,Control12,Control13,Control15,Control16,Control17
6345,6860,107985513;Control1,Control2,Control3,Control4,Control5,Control6,Control7,Control8,Control9,Control10,Control11,Control12,Control13,Control16,Control17
6345,54854;Control1,Control2,Control3,Control4,Control5,Control6,Control7,Control8,Control9,Control10,Control11,Control13,Control15,Control16,Control17
107984851,9956;Control1,Control2,Control3,Control4,Control5,Control6,Control7,Control8,Control9,Control10,Control11,Control12,Control13,Control16,Control17
107984851,647946;Control1,Control2,Control3,Control4,Control5,Control6,Control7,Control8,Control9,Control11,Control12,Control13,Control15,Control16,Control17
9956,100533789;Control1,Control2,Control3,Control4,Control5,Control6,Control7,Control8,Control9,Control10,Control11,Control13,Control15,Control16,Control17
9956,647946,1630;Control1,Control2,Control3,Control4,Control5,Control6,Control7,Control8,Control9,Control10,Control11,Control12,Control13,Control16,Control17
9956,107985492,100505994,646024,105375690,105376041,55655;Control1,Control2,Control3,Control5,Control6,Control7,Control8,Control9,Control10,Control11,Control12,Control13,Control15,Control16,Control17
9956,3053,105377508,646024,554202,105376041,55655;Control1,Control2,Control3,Control4,Control5,Control6,Control7,Control9,Control10,Control11,Control12,Control13,Control15,Control16,Control17
5347,10615,991,128239,4288,11065;Control1,Control2,Control3,Control4,Control5,Control6,Control7,Control8,Control9,Control10,Control11,Control12,Control13,Control15,Control16,Control17
5347,220134,991,128239,3833,4288,112937,9700;Control1,Control2,Control3,Control4,Control5,Control6,Control7,Control8,Control10,Control11,Control12,Control13,Control15,Control16,Control17
5347,55723,991,3833;Control1,Control2,Control3,Control4,Control5,Control6,Control7,Control8,Control9,Control10,Control11,Control12,Control13,Control15,Control16,Control17
5347,158511,3833,112937;Control1,Control2,Control3,Control4,Control5,Control6,Control7,Control8,Control9,Control10,Control11,Control12,Control13,Control15,Control16,Control17
10595,4605;Control1,Control2,Control3,Control4,Control5,Control6,Control7,Control8,Control9,Control10,Control11,Control12,Control13,Control16,Control17
105371152,107985436;Control1,Control2,Control3,Control4,Control5,Control6,Control7,Control8,Control9,Control11,Control12,Control13,Control15,Control16,Control17
105371152,105373150,58,28946,134285,285987,4004,25818,5653,5650,28809,729442;Control1,Control2,Control3,Control4,Control6,Control7,Control8,Control9,Control10,Control11,Control12,Control13,Control15,Control16,Control17
50615,5650;Control1,Control2,Control3,Control4,Control5,Control6,Control7,Control8,Control9,Control11,Control12,Control13,Control15,Control16,Control17
79801,10615,991,128239,259266,1063,6241,55355,9232,3833,4288,113130,9787,9133,100507118,9212,146909;Control1,Control3,Control4,Control5,Control6,Control7,Control8,Control9,Control10,Control11,Control12,Control13,Control15,Control16,Control17
79801,332,991,128239,259266,1063,6241,55355,995,9232,4288,9787,9133,9212,146909;Control1,Control2,Control3,Control4,Control5,Control6,Control7,Control8,Control9,Control10,Control11,Control12,Control13,Control15,Control16,Control17
79801,55723,991,128239,259266,6241,55355,9232,3833,4288,113130,9787,9133,9212,146909,11065;Control1,Control2,Control3,Control4,Control6,Control7,Control8,Control9,Control10,Control11,Control12,Control13,Control15,Control16,Control17
79801,24137,991,128239,259266,1063,6241,55355,995,3833,4288,9787,9133,9212,146909;Control1,Control2,Control3,Control4,Control5,Control6,Control7,Control8,Control9,Control10,Control11,Control12,Control13,Control15,Control16,Control17
79191,57167,100533990,344,109729184,7477;Control1,Control2,Control3,Control4,Control5,Control6,Control7,Control8,Control9,Control10,Control11,Control12,Control13,Control15,Control16,Control17
10265,4318,89886,168002,105378305,79191,1995,109729184,7477;Control1,Control2,Control3,Control4,Control5,Control6,Control7,Control8,Control10,Control11,Control12,Control13,Control15,Control16,Control17
10265,109729184,89886,168002,105378305,107984129,79191,1995,7477;Control1,Control2,Control3,Control4,Control5,Control6,Control7,Control8,Control10,Control11,Control12,Control13,Control15,Control16,Control17
10265,349408,168002,107984129,79191,1995;Control1,Control2,Control3,Control4,Control5,Control6,Control7,Control8,Control9,Control10,Control11,Control12,Control13,Control15,Control16
4496,107985492,284958,100505994,646024,105376041,3229,387895,115701;Control1,Control2,Control3,Control5,Control6,Control7,Control8,Control9,Control10,Control11,Control12,Control13,Control15,Control16,Control17
83903,9496,54443,9493,9055;Control1,Control2,Control3,Control4,Control5,Control6,Control7,Control8,Control9,Control10,Control11,Control12,Control13,Control15,Control16
83903,101929707,150468,54443,157570,81624;Control1,Control2,Control3,Control4,Control5,Control6,Control7,Control8,Control9,Control11,Control12,Control13,Control15,Control16,Control17
107985017,55723,991,3833,113130,9787,100507118,9212,146909;Control1,Control2,Control3,Control4,Control5,Control6,Control7,Control8,Control9,Control10,Control11,Control12,Control13,Control15,Control16,Control17
107985017,22974,991,9232,3833,113130,9787,100507118,9212,146909;Control1,Control2,Control3,Control5,Control6,Control7,Control8,Control9,Control10,Control11,Control12,Control13,Control15,Control16,Control17
107985017,9582,3833,105375610,4288,9700,9212;Control1,Control3,Control4,Control5,Control6,Control7,Control8,Control9,Control10,Control11,Control12,Control13,Control15,Control16,Control17
54478,201299;Control1,Control2,Control3,Control4,Control5,Control6,Control7,Control9,Control10,Control11,Control12,Control13,Control15,Control16,Control17
9212,55771,57405;Control1,Control2,Control3,Control4,Control5,Control6,Control7,Control8,Control9,Control10,Control11,Control12,Control15,Control16,Control17
9212,4605,991,9232,4288,113130,9133;Control1,Control2,Control3,Control4,Control5,Control6,Control7,Control8,Control9,Control10,Control11,Control12,Control13,Control15,Control16
9955,101929707,27178,285643,79733;Control1,Control2,Control3,Control4,Control5,Control6,Control7,Control8,Control9,Control10,Control11,Control12,Control13,Control16,Control17
10615,146909,991,128239,259266,55355,9232,4288,113130,9212;Control1,Control2,Control3,Control4,Control5,Control6,Control7,Control8,Control9,Control10,Control11,Control12,Control13,Control15,Control17
10615,55771,991,9232,4288,9212;Control1,Control2,Control3,Control4,Control5,Control6,Control7,Control9,Control10,Control11,Control12,Control13,Control15,Control16,Control17
10615,220134,991,128239,259266,55355,4288,113130,9212;Control1,Control2,Control3,Control4,Control5,Control6,Control7,Control8,Control9,Control10,Control11,Control12,Control13,Control15,Control16,Control17
10615,147841,991,128239,259266,55355,4288,22974;Control1,Control2,Control3,Control5,Control6,Control7,Control8,Control9,Control10,Control11,Control12,Control13,Control15,Control16,Control17
10615,55723,991,113130,9212,146909;Control1,Control3,Control4,Control5,Control6,Control7,Control8,Control9,Control10,Control11,Control12,Control13,Control15,Control16,Control17
10615,22974,991,128239,259266,55355,9232,4288,113130,9133,9212;Control1,Control2,Control3,Control5,Control6,Control7,Control8,Control9,Control10,Control11,Control12,Control13,Control15,Control16,Control17
10615,11065,991,128239,55355,4288,113130,9212,220134;Control1,Control2,Control3,Control4,Control5,Control6,Control7,Control8,Control9,Control10,Control11,Control12,Control13,Control15,Control16,Control17
10615,24137,991,128239,259266,1063,6241,150468,55355,995,4288,113130,9787,9133,9212,332;Control1,Control3,Control4,Control5,Control6,Control7,Control8,Control9,Control10,Control11,Control12,Control13,Control15,Control16,Control17
40,105371737;Control1,Control2,Control3,Control4,Control5,Control6,Control7,Control8,Control9,Control10,Control11,Control12,Control13,Control15,Control16,Control17
105371737,140628,1813;Control1,Control2,Control3,Control4,Control5,Control6,Control7,Control8,Control9,Control10,Control11,Control12,Control13,Control15,Control16
100533789,344,374946,5798,100533990,109729169;Control1,Control2,Control3,Control4,Control5,Control6,Control7,Control9,Control10,Control11,Control12,Control13,Control15,Control16,Control17
201299,55723,6241,3833,221150,9787;Control1,Control2,Control3,Control4,Control5,Control7,Control8,Control9,Control10,Control11,Control12,Control13,Control15,Control16,Control17
201299,89858;Control1,Control2,Control3,Control4,Control5,Control6,Control7,Control8,Control10,Control11,Control12,Control13,Control15,Control16,Control17
201299,11065,221150,100507118;Control1,Control2,Control3,Control4,Control5,Control7,Control8,Control9,Control10,Control11,Control12,Control13,Control15,Control16,Control17
201299,158511;Control1,Control2,Control3,Control4,Control5,Control6,Control7,Control8,Control10,Control11,Control12,Control13,Control15,Control16,Control17
7153,146909,259266,1063,6241,57405,113130,9787,79801,9212,332;Control1,Control2,Control3,Control4,Control5,Control6,Control7,Control8,Control9,Control10,Control11,Control12,Control13,Control15,Control16
7153,220134,259266,1063,6241,55355,64151,891,3161,55872,55165,221150,9787,51203,100507118,79801,29128,24137;Control1,Control2,Control3,Control4,Control5,Control6,Control7,Control9,Control10,Control11,Control12,Control13,Control15,Control16,Control17
3881,111216286,6273,105375027,101927760,102724784,338667;Control1,Control2,Control3,Control4,Control5,Control7,Control8,Control9,Control10,Control11,Control12,Control13,Control15,Control16,Control17
3881,107985627,6273,105375027,101927760,102724784,338667;Control1,Control2,Control3,Control4,Control5,Control6,Control7,Control8,Control9,Control10,Control11,Control12,Control13,Control15,Control16,Control17
146909,220134,991,128239,259266,1063,6241,55355,3833,4288,113130,221150,9787,100507118,9212;Control1,Control2,Control3,Control4,Control5,Control6,Control7,Control8,Control9,Control10,Control11,Control12,Control13,Control15,Control17
146909,55723,991,6241,3833,113130,9787,100507118,9212;Control1,Control2,Control3,Control4,Control5,Control6,Control7,Control8,Control9,Control10,Control11,Control12,Control13,Control15,Control16,Control17
101060400,389903,3604,6664,4547,27299,2625,387978,105372115;Control1,Control2,Control3,Control4,Control5,Control6,Control8,Control9,Control10,Control11,Control12,Control13,Control15,Control16,Control17
10481,64699,105373150;Control1,Control2,Control3,Control4,Control5,Control6,Control7,Control8,Control9,Control10,Control11,Control13,Control15,Control16,Control17
55771,332,9156,57405;Control1,Control3,Control4,Control5,Control6,Control7,Control8,Control9,Control10,Control11,Control12,Control13,Control15,Control16,Control17
55771,147841,4605,8318;Control1,Control2,Control3,Control5,Control6,Control7,Control8,Control9,Control10,Control11,Control12,Control13,Control15,Control16,Control17
55771,24137,57405,113130,9212,332;Control1,Control2,Control3,Control4,Control5,Control6,Control7,Control8,Control10,Control11,Control12,Control13,Control15,Control16,Control17
102606463,101927355;Control2,Control3,Control4,Control5,Control6,Control7,Control8,Control9,Control10,Control11,Control12,Control13,Control15,Control16,Control17
400618,349408,253582,112937,110806280;Control1,Control2,Control3,Control4,Control5,Control6,Control7,Control8,Control9,Control10,Control11,Control13,Control15,Control16,Control17
400618,102723547,112937,110806280;Control1,Control2,Control3,Control4,Control5,Control6,Control7,Control8,Control9,Control10,Control11,Control12,Control13,Control15,Control17
400618,158511,112937,110806280;Control1,Control3,Control4,Control5,Control6,Control7,Control8,Control9,Control10,Control11,Control12,Control13,Control15,Control16,Control17
332,147841,8318;Control1,Control2,Control3,Control4,Control5,Control6,Control7,Control8,Control9,Control10,Control11,Control12,Control13,Control15,Control16,Control17
332,55723,991,128239,259266,6241,55355,995,9232,4288,113130,9787,9133,9212,146909,11065;Control1,Control2,Control3,Control4,Control6,Control7,Control8,Control9,Control10,Control11,Control12,Control13,Control15,Control16,Control17
332,22974,991,128239,259266,1063,6241,55355,995,9232,4288,113130,9787,9133,79801,9212,146909;Control1,Control2,Control3,Control5,Control6,Control7,Control8,Control9,Control10,Control11,Control12,Control13,Control15,Control16,Control17
332,4605,991,9232,10024,9133;Control1,Control3,Control4,Control5,Control6,Control7,Control8,Control9,Control10,Control11,Control12,Control13,Control15,Control16,Control17
332,24137,991,128239,259266,1063,6241,55355,995,4288,113130,9787,9133,9212,146909;Control1,Control2,Control3,Control4,Control5,Control6,Control7,Control8,Control9,Control10,Control11,Control12,Control13,Control15,Control16,Control17
6860,107985513,113730;Control1,Control2,Control3,Control4,Control5,Control6,Control7,Control8,Control9,Control10,Control11,Control12,Control13,Control15,Control16,Control17
9388,57167,101101772,107985492,7477;Control1,Control2,Control3,Control4,Control5,Control6,Control7,Control8,Control9,Control10,Control11,Control13,Control15,Control16,Control17
9388,7477,253650,101101772,10993,107985492;Control1,Control2,Control3,Control4,Control5,Control6,Control7,Control8,Control9,Control10,Control11,Control13,Control15,Control16,Control17
220134,105372115,56992,64151,55247,221150,57082;Control1,Control2,Control3,Control4,Control5,Control6,Control7,Control8,Control9,Control10,Control11,Control12,Control13,Control15,Control17
220134,55723,991,128239,6241,3833,4288,113130,221150,9787,100507118,9212,146909;Control1,Control2,Control3,Control4,Control5,Control6,Control7,Control8,Control9,Control10,Control11,Control12,Control13,Control15,Control17
220134,22974,991,128239,259266,1063,6241,55355,3833,4288,113130,9787,79801,9212;Control1,Control2,Control3,Control5,Control6,Control7,Control8,Control9,Control10,Control11,Control12,Control13,Control15,Control16,Control17
220134,54821,56992,57082,29128;Control1,Control2,Control3,Control4,Control5,Control6,Control7,Control8,Control9,Control10,Control11,Control12,Control15,Control16,Control17
220134,389903,56992,64151,55247,221150,105372115;Control1,Control2,Control3,Control4,Control5,Control6,Control7,Control8,Control9,Control10,Control11,Control12,Control13,Control15,Control17
115701,3053,105372950,84561,646024,105376041,3229,387895,55655;Control1,Control2,Control3,Control4,Control5,Control6,Control7,Control8,Control9,Control11,Control12,Control13,Control15,Control16,Control17
284293,64699,3502,28809;Control1,Control2,Control4,Control5,Control6,Control7,Control8,Control9,Control10,Control11,Control12,Control13,Control15,Control16,Control17
284240,5008,56896,1750,3856,113218482;Control2,Control3,Control4,Control5,Control6,Control7,Control8,Control9,Control10,Control11,Control12,Control13,Control15,Control16,Control17
284240,9758,56896,1750,3856,113218482;Control1,Control2,Control4,Control5,Control6,Control7,Control8,Control9,Control10,Control11,Control12,Control13,Control15,Control16,Control17
284240,186;Control1,Control2,Control3,Control4,Control5,Control7,Control8,Control9,Control10,Control11,Control12,Control13,Control15,Control16,Control17
29128,22974,259266,1063,6241,699,57405,55355,64151,9787,79801,220134,24137;Control1,Control2,Control3,Control5,Control6,Control7,Control8,Control9,Control10,Control11,Control12,Control13,Control15,Control16,Control17
29128,11065,891,55872,221150,100507118,220134;Control1,Control2,Control3,Control4,Control5,Control6,Control7,Control8,Control9,Control10,Control11,Control12,Control13,Control15,Control16
147741,8529;Control1,Control2,Control3,Control4,Control5,Control6,Control7,Control9,Control10,Control11,Control12,Control13,Control15,Control16,Control17
147741,5008;Control1,Control2,Control3,Control4,Control5,Control7,Control8,Control9,Control10,Control11,Control12,Control13,Control15,Control16,Control17
147841,4605,991;Control1,Control2,Control3,Control5,Control6,Control7,Control8,Control9,Control10,Control11,Control12,Control13,Control15,Control16,Control17
1995,80714,286676;Control1,Control2,Control3,Control4,Control5,Control6,Control7,Control8,Control9,Control10,Control11,Control13,Control15,Control16,Control17
1995,57167,168002,105378305,79191,344,4318,109729184,7477;Control1,Control2,Control3,Control5,Control6,Control7,Control8,Control9,Control10,Control11,Control12,Control13,Control15,Control16,Control17
55723,22974,991,6241,113130,9787,100507118,146909;Control1,Control2,Control3,Control5,Control6,Control7,Control8,Control9,Control10,Control11,Control12,Control13,Control15,Control16,Control17
55723,11065,991,113130,221150,9787,100507118,9212;Control1,Control2,Control3,Control4,Control5,Control6,Control7,Control8,Control9,Control10,Control11,Control12,Control13,Control15,Control16,Control17
55723,24137,991,128239,259266,6241,55355,995,3833,4288,113130,9787,9133,9212,146909,11065;Control1,Control2,Control3,Control4,Control6,Control7,Control8,Control9,Control10,Control11,Control12,Control13,Control15,Control16,Control17
110806280,158511,105371664,253582,112937;Control1,Control3,Control4,Control5,Control6,Control7,Control8,Control9,Control10,Control11,Control12,Control13,Control15,Control16,Control17
80714,100533990,11075;Control1,Control2,Control3,Control4,Control5,Control7,Control8,Control9,Control10,Control11,Control12,Control13,Control15,Control16,Control17
80714,111216286,56896;Control1,Control2,Control3,Control4,Control5,Control6,Control7,Control8,Control9,Control10,Control11,Control12,Control15,Control16,Control17
80714,729447;Control1,Control2,Control3,Control4,Control5,Control6,Control7,Control8,Control9,Control10,Control11,Control12,Control13,Control15,Control16
284403,4605,991;Control1,Control2,Control4,Control5,Control6,Control7,Control8,Control9,Control10,Control11,Control12,Control13,Control15,Control16,Control17
3783,89858,107984763;Control1,Control3,Control4,Control5,Control6,Control7,Control8,Control9,Control10,Control11,Control12,Control13,Control15,Control16,Control17
344,349408,374946,5798,7477;Control1,Control2,Control3,Control4,Control5,Control6,Control7,Control8,Control9,Control10,Control11,Control12,Control13,Control15,Control16
344,109729169,374946,5798,100533990,57167;Control1,Control2,Control3,Control4,Control5,Control6,Control7,Control8,Control9,Control10,Control11,Control12,Control13,Control15,Control16,Control17
54854,107985513;Control1,Control2,Control3,Control4,Control5,Control6,Control7,Control8,Control9,Control10,Control11,Control13,Control15,Control16,Control17
354,105373150,58,2019,134285,389336,285987,4004,3502,145873,25818,5653,5650,28809,729442;Control1,Control2,Control4,Control5,Control6,Control7,Control8,Control9,Control10,Control11,Control12,Control13,Control15,Control16,Control17
25818,64699,105373150;Control1,Control2,Control3,Control4,Control5,Control6,Control7,Control8,Control10,Control11,Control12,Control13,Control15,Control16,Control17
89858,102723547,107984763;Control1,Control2,Control3,Control4,Control5,Control7,Control8,Control9,Control10,Control11,Control12,Control13,Control15,Control16,Control17
101929707,51512,27178,285643;Control1,Control2,Control3,Control4,Control5,Control6,Control7,Control8,Control9,Control10,Control11,Control12,Control13,Control15,Control16,Control17
22974,24137,991,128239,259266,1063,6241,55355,995,4288,113130,9787,9133,79801,9212,146909,332;Control1,Control2,Control3,Control5,Control6,Control7,Control8,Control9,Control10,Control11,Control12,Control13,Control15,Control16,Control17
105372613,105372863;Control1,Control2,Control3,Control4,Control5,Control6,Control7,Control8,Control9,Control10,Control11,Control12,Control15,Control16,Control17
4318,349408,26289,5798,101928658,168002,109729184;Control1,Control2,Control3,Control4,Control5,Control6,Control7,Control8,Control9,Control10,Control11,Control12,Control13,Control15,Control16
4318,109729169,5798,101928658,109729184;Control1,Control2,Control3,Control4,Control5,Control6,Control7,Control8,Control9,Control10,Control11,Control12,Control13,Control15,Control16,Control17
109729184,57167,5798,101928658,109729169;Control1,Control2,Control3,Control4,Control5,Control6,Control7,Control8,Control9,Control10,Control11,Control12,Control13,Control15,Control16,Control17
53820,111216286,6273,8355,105375027,101927760,338667;Control1,Control2,Control3,Control4,Control5,Control6,Control7,Control8,Control9,Control10,Control11,Control12,Control13,Control15,Control16,Control17
107985513,23532,10537;Control1,Control2,Control3,Control4,Control5,Control6,Control7,Control8,Control10,Control11,Control12,Control13,Control15,Control16,Control17
64699,105373150;Control1,Control2,Control3,Control4,Control5,Control6,Control7,Control8,Control9,Control10,Control11,Control12,Control13,Control15,Control16,Control17
111216286,107985627,6273,105375027,101927760,102724784,338667;Control1,Control2,Control3,Control4,Control5,Control6,Control7,Control8,Control9,Control10,Control11,Control12,Control13,Control15,Control16,Control17
9582,100874530;Control1,Control2,Control3,Control4,Control5,Control6,Control7,Control8,Control9,Control10,Control11,Control12,Control13,Control15,Control16,Control17
9582,729447,3664,3783,102723547,389903;Control1,Control2,Control3,Control4,Control5,Control6,Control7,Control8,Control10,Control11,Control12,Control13,Control15,Control16,Control17
100874530,349408,128239,9212;Control1,Control2,Control3,Control4,Control5,Control6,Control7,Control8,Control9,Control10,Control11,Control13,Control15,Control16,Control17
7477,349408,374946,26289,5798;Control1,Control2,Control3,Control4,Control5,Control6,Control7,Control8,Control9,Control10,Control11,Control12,Control13,Control15,Control16
7477,109729169,374946,5798,101928658,57167;Control1,Control2,Control3,Control5,Control6,Control7,Control8,Control9,Control10,Control11,Control12,Control13,Control15,Control16,Control17
349408,729447,3664,3783,102723547;Control1,Control2,Control3,Control4,Control5,Control6,Control7,Control8,Control9,Control10,Control11,Control13,Control15,Control16,Control17
349408,158511,112937,110806280;Control1,Control2,Control3,Control4,Control5,Control6,Control7,Control8,Control9,Control10,Control11,Control13,Control15,Control16,Control17
729447,158511,3664,3783,102723547;Control1,Control3,Control4,Control5,Control6,Control7,Control8,Control9,Control10,Control11,Control12,Control13,Control15,Control16,Control17
5354,186;Control1,Control2,Control3,Control4,Control5,Control6,Control7,Control8,Control9,Control10,Control11,Control12,Control13,Control15,Control16,Control17
102723547,158511;Control1,Control2,Control3,Control4,Control5,Control6,Control7,Control8,Control9,Control10,Control11,Control12,Control13,Control15,Control16,Control17
158511,389903,102723547;Control1,Control2,Control3,Control4,Control5,Control6,Control7,Control8,Control10,Control11,Control12,Control13,Control15,Control16,Control17
