Interaction,name,Pearson,selected,shared interaction,shared name,Weight
9768,983,0.7097447060018991,false,9768,983,0.7097447060018991
9768,79801,0.7778617916536948,false,9768,79801,0.7778617916536948
9768,63967,0.732553791436885,false,9768,63967,0.732553791436885
9768,55355,0.7855587586128608,false,9768,55355,0.7855587586128608
9768,259266,0.7965463586444759,false,9768,259266,0.7965463586444759
9768,55165,0.8101931704574631,false,9768,55165,0.8101931704574631
9768,220134,0.8300640016889027,false,9768,220134,0.8300640016889027
9768,10721,0.706942627061047,false,9768,10721,0.706942627061047
9768,150468,0.7019711389957606,false,9768,150468,0.7019711389957606
9768,55388,0.7566097229068783,false,9768,55388,0.7566097229068783
9768,3161,0.7315885591071718,false,9768,3161,0.7315885591071718
9768,51203,0.7799138677970041,false,9768,51203,0.7799138677970041
9768,57405,0.8060582343257802,false,9768,57405,0.8060582343257802
9768,29128,0.8760388988388849,false,9768,29128,0.8760388988388849
9768,113130,0.7530772012655826,false,9768,113130,0.7530772012655826
9768,4288,0.7712024700640718,false,9768,4288,0.7712024700640718
9768,57082,0.8448293832150602,false,9768,57082,0.8448293832150602
9768,4001,0.7954633605124038,false,9768,4001,0.7954633605124038
9768,11065,0.7682968327954981,false,9768,11065,0.7682968327954981
9768,332,0.7874625692128203,false,9768,332,0.7874625692128203
9768,55872,0.7772843270451403,false,9768,55872,0.7772843270451403
9768,7153,0.821698568891894,false,9768,7153,0.821698568891894
9768,891,0.8060738582835275,false,9768,891,0.8060738582835275
9768,374393,0.8438820597223173,false,9768,374393,0.8438820597223173
9768,6241,0.7748843589368084,false,9768,6241,0.7748843589368084
9768,24137,0.7930002442349001,false,9768,24137,0.7930002442349001
9768,55723,0.7283441886603795,false,9768,55723,0.7283441886603795
9768,9787,0.7574187958682858,false,9768,9787,0.7574187958682858
9768,699,0.7062349833787837,false,9768,699,0.7062349833787837
9768,1063,0.7699884813680651,false,9768,1063,0.7699884813680651
9768,146909,0.7015801853162872,false,9768,146909,0.7015801853162872
9768,9928,0.7503538545587533,false,9768,9928,0.7503538545587533
9768,64151,0.8693780276257503,false,9768,64151,0.8693780276257503
9768,221150,0.7992159021227936,false,9768,221150,0.7992159021227936
9768,100507118,0.729887178143336,false,9768,100507118,0.729887178143336
9768,991,0.7292845438593933,false,9768,991,0.7292845438593933
9768,10615,0.75056782014112,false,9768,10615,0.75056782014112
100126311,3227,0.736788554803732,false,100126311,3227,0.736788554803732
100126311,1749,0.7622439022343861,false,100126311,1749,0.7622439022343861
100126311,105369685,0.759176671933293,false,100126311,105369685,0.759176671933293
100126311,84419,0.8141720082827979,false,100126311,84419,0.8141720082827979
728833,144455,0.738564417663424,false,728833,144455,0.738564417663424
728833,55635,0.7151212386020928,false,728833,55635,0.7151212386020928
1047,6345,0.939254253194899,false,1047,6345,0.939254253194899
1047,4544,0.9474533701612478,false,1047,4544,0.9474533701612478
1047,166979,0.9474533701612478,false,1047,166979,0.9474533701612478
1047,594855,0.9311600813858424,false,1047,594855,0.9311600813858424
1047,5865,0.943967457229494,false,1047,5865,0.943967457229494
1047,3580,0.9098958072003634,false,1047,3580,0.9098958072003634
1047,116173,0.840159374096287,false,1047,116173,0.840159374096287
1047,477,0.9196274591058191,false,1047,477,0.9196274591058191
1047,101927686,0.8552681354222915,false,1047,101927686,0.8552681354222915
1047,3512,0.8027672261853042,false,1047,3512,0.8027672261853042
1047,6716,0.965759692589172,false,1047,6716,0.965759692589172
1047,219527,0.8422235566330993,false,1047,219527,0.8422235566330993
983,79801,0.9426814700701074,false,983,79801,0.9426814700701074
983,7272,0.734520006644091,false,983,7272,0.734520006644091
983,9824,0.8326969804949991,false,983,9824,0.8326969804949991
983,55355,0.7870373897341844,false,983,55355,0.7870373897341844
983,259266,0.8225038287839893,false,983,259266,0.8225038287839893
983,54443,0.9156619021139725,false,983,54443,0.9156619021139725
983,55165,0.9150728296020046,false,983,55165,0.9150728296020046
983,1033,0.7042952687987977,false,983,1033,0.7042952687987977
983,220134,0.7443701546150748,false,983,220134,0.7443701546150748
983,55143,0.7453836673775232,false,983,55143,0.7453836673775232
983,9133,0.7536055648883412,false,983,9133,0.7536055648883412
983,83540,0.7375102373409386,false,983,83540,0.7375102373409386
983,150468,0.8184797408145158,false,983,150468,0.8184797408145158
983,105375610,0.7356411110429656,false,983,105375610,0.7356411110429656
983,9833,0.8422968716338286,false,983,9833,0.8422968716338286
983,3161,0.9063271058681277,false,983,3161,0.9063271058681277
983,51203,0.948185405204362,false,983,51203,0.948185405204362
983,995,0.701275147709601,false,983,995,0.701275147709601
983,29128,0.8914411370190012,false,983,29128,0.8914411370190012
983,3832,0.9358225913424181,false,983,3832,0.9358225913424181
983,9055,0.9025883854113527,false,983,9055,0.9025883854113527
983,57082,0.7831327815328437,false,983,57082,0.7831327815328437
983,4001,0.7899476065808344,false,983,4001,0.7899476065808344
983,332,0.7490339170254492,false,983,332,0.7490339170254492
983,157570,0.7718126034134745,false,983,157570,0.7718126034134745
983,56992,0.7367268890055886,false,983,56992,0.7367268890055886
983,55247,0.8280616546573383,false,983,55247,0.8280616546573383
983,11130,0.7065876789912533,false,983,11130,0.7065876789912533
983,9496,0.7162332681770062,false,983,9496,0.7162332681770062
983,55872,0.9100494558604906,false,983,55872,0.9100494558604906
983,7153,0.9366403894480937,false,983,7153,0.9366403894480937
983,891,0.7692684480276221,false,983,891,0.7692684480276221
983,4751,0.8940377896634826,false,983,4751,0.8940377896634826
983,6241,0.8365835045556516,false,983,6241,0.8365835045556516
983,83903,0.7682377832611662,false,983,83903,0.7682377832611662
983,24137,0.8405991869123254,false,983,24137,0.8405991869123254
983,55635,0.8634926075728699,false,983,55635,0.8634926075728699
983,9787,0.8616095510473115,false,983,9787,0.8616095510473115
983,699,0.7396755142780211,false,983,699,0.7396755142780211
983,1063,0.8670270856668316,false,983,1063,0.8670270856668316
983,23397,0.8327296581849829,false,983,23397,0.8327296581849829
983,146909,0.783952930610775,false,983,146909,0.783952930610775
983,1058,0.715150271732042,false,983,1058,0.715150271732042
983,9928,0.7296996971184425,false,983,9928,0.7296996971184425
983,3833,0.7498000178869327,false,983,3833,0.7498000178869327
983,64151,0.8013960344790317,false,983,64151,0.8013960344790317
983,221150,0.795143413498897,false,983,221150,0.795143413498897
983,100507118,0.8970650283549182,false,983,100507118,0.8970650283549182
983,100288637,0.7719457744156268,false,983,100288637,0.7719457744156268
983,991,0.7006811923763175,false,983,991,0.7006811923763175
79801,7272,0.765036452943019,false,79801,7272,0.765036452943019
79801,55355,0.8525155176029108,false,79801,55355,0.8525155176029108
79801,259266,0.9210078844559979,false,79801,259266,0.9210078844559979
79801,54443,0.8119991157494321,false,79801,54443,0.8119991157494321
79801,55165,0.9062096375742775,false,79801,55165,0.9062096375742775
79801,220134,0.8103651416192104,false,79801,220134,0.8103651416192104
79801,9133,0.8620122496886562,false,79801,9133,0.8620122496886562
79801,83540,0.8384219883775768,false,79801,83540,0.8384219883775768
79801,150468,0.7789202079480708,false,79801,150468,0.7789202079480708
79801,55388,0.710131376003013,false,79801,55388,0.710131376003013
79801,105375610,0.711152048791461,false,79801,105375610,0.711152048791461
79801,9833,0.8572914599429179,false,79801,9833,0.8572914599429179
79801,3161,0.8686639438494081,false,79801,3161,0.8686639438494081
79801,51203,0.9128631838040135,false,79801,51203,0.9128631838040135
79801,57405,0.8201132105303227,false,79801,57405,0.8201132105303227
79801,995,0.760140920241654,false,79801,995,0.760140920241654
79801,29128,0.8792110749135329,false,79801,29128,0.8792110749135329
79801,113130,0.7487441787480345,false,79801,113130,0.7487441787480345
79801,4288,0.8275325987098481,false,79801,4288,0.8275325987098481
79801,3832,0.8326906587617131,false,79801,3832,0.8326906587617131
79801,9055,0.7884484411639053,false,79801,9055,0.7884484411639053
79801,57082,0.8231647859895715,false,79801,57082,0.8231647859895715
79801,4001,0.7415570064404755,false,79801,4001,0.7415570064404755
79801,332,0.8176296921514655,false,79801,332,0.8176296921514655
79801,157570,0.7050485235557243,false,79801,157570,0.7050485235557243
79801,56992,0.7214333868542179,false,79801,56992,0.7214333868542179
79801,55247,0.7148345888115782,false,79801,55247,0.7148345888115782
79801,55872,0.8641553790746,false,79801,55872,0.8641553790746
79801,7153,0.8666459658687033,false,79801,7153,0.8666459658687033
79801,9700,0.7575196116593297,false,79801,9700,0.7575196116593297
79801,891,0.7821599031688438,false,79801,891,0.7821599031688438
79801,4751,0.7629143515529087,false,79801,4751,0.7629143515529087
79801,374393,0.716572981165319,false,79801,374393,0.716572981165319
79801,6241,0.888104592949033,false,79801,6241,0.888104592949033
79801,24137,0.8657049023938554,false,79801,24137,0.8657049023938554
79801,55635,0.72352732424624,false,79801,55635,0.72352732424624
79801,9787,0.9042098113463573,false,79801,9787,0.9042098113463573
79801,9212,0.7914289025846455,false,79801,9212,0.7914289025846455
79801,699,0.7709116084306937,false,79801,699,0.7709116084306937
79801,1063,0.880991430049972,false,79801,1063,0.880991430049972
79801,23397,0.8416644935082858,false,79801,23397,0.8416644935082858
79801,128239,0.8016385770968081,false,79801,128239,0.8016385770968081
79801,146909,0.824734765084935,false,79801,146909,0.824734765084935
79801,1058,0.7303526409976251,false,79801,1058,0.7303526409976251
79801,3833,0.8013652298330523,false,79801,3833,0.8013652298330523
79801,64151,0.8403737012160366,false,79801,64151,0.8403737012160366
79801,221150,0.8075391345121089,false,79801,221150,0.8075391345121089
79801,9232,0.8209386350381593,false,79801,9232,0.8209386350381593
79801,100507118,0.8591467671229124,false,79801,100507118,0.8591467671229124
79801,100288637,0.7195693855560569,false,79801,100288637,0.7195693855560569
79801,991,0.8205546337558034,false,79801,991,0.8205546337558034
79801,10615,0.7161562246451142,false,79801,10615,0.7161562246451142
7272,54443,0.720052232456875,false,7272,54443,0.720052232456875
7272,389903,0.741211120552704,false,7272,389903,0.741211120552704
7272,55165,0.7848197610226997,false,7272,55165,0.7848197610226997
7272,1033,0.7172221497606066,false,7272,1033,0.7172221497606066
7272,220134,0.7875211561450352,false,7272,220134,0.7875211561450352
7272,105372115,0.7090787707813966,false,7272,105372115,0.7090787707813966
7272,10721,0.815581261645629,false,7272,10721,0.815581261645629
7272,9833,0.7690373457140327,false,7272,9833,0.7690373457140327
7272,3161,0.865343745110181,false,7272,3161,0.865343745110181
7272,51203,0.7240909204219599,false,7272,51203,0.7240909204219599
7272,29128,0.8727750971072566,false,7272,29128,0.8727750971072566
7272,9055,0.7478776975392665,false,7272,9055,0.7478776975392665
7272,4001,0.8624677941563744,false,7272,4001,0.8624677941563744
7272,56992,0.7103437275846719,false,7272,56992,0.7103437275846719
7272,55247,0.7592682313442857,false,7272,55247,0.7592682313442857
7272,11130,0.7613095056552349,false,7272,11130,0.7613095056552349
7272,55872,0.8019484306143635,false,7272,55872,0.8019484306143635
7272,7153,0.7409068228953803,false,7272,7153,0.7409068228953803
7272,891,0.7182457227507879,false,7272,891,0.7182457227507879
7272,4751,0.711961925188864,false,7272,4751,0.711961925188864
7272,9582,0.7157216481748793,false,7272,9582,0.7157216481748793
7272,24137,0.7681717610594991,false,7272,24137,0.7681717610594991
7272,9787,0.7089483340533627,false,7272,9787,0.7089483340533627
7272,6664,0.7033366018667964,false,7272,6664,0.7033366018667964
7272,699,0.7679587531279033,false,7272,699,0.7679587531279033
7272,23397,0.8792394093193281,false,7272,23397,0.8792394093193281
7272,64151,0.8183645316213533,false,7272,64151,0.8183645316213533
7272,221150,0.8573067037622935,false,7272,221150,0.8573067037622935
7272,100288637,0.8895232903611466,false,7272,100288637,0.8895232903611466
3227,729442,0.7508130939952333,false,3227,729442,0.7508130939952333
3227,134285,0.7140245762217741,false,3227,134285,0.7140245762217741
3227,354,0.7900131908935526,false,3227,354,0.7900131908935526
3227,1749,0.891743855392325,false,3227,1749,0.891743855392325
3227,5650,0.819304440059981,false,3227,5650,0.819304440059981
3227,647946,0.7262634110614605,false,3227,647946,0.7262634110614605
3227,10437,0.7270987478761705,false,3227,10437,0.7270987478761705
3227,2019,0.7733712838600689,false,3227,2019,0.7733712838600689
3227,145873,0.70036158783003,false,3227,145873,0.70036158783003
3227,285987,0.7508130939952333,false,3227,285987,0.7508130939952333
3227,27237,0.7212645397173376,false,3227,27237,0.7212645397173376
3227,389336,0.909158540632467,false,3227,389336,0.909158540632467
3227,25818,0.7653485365179146,false,3227,25818,0.7653485365179146
3227,4004,0.7400043304722672,false,3227,4004,0.7400043304722672
3227,28809,0.7252664948486824,false,3227,28809,0.7252664948486824
3227,5653,0.8126216732413943,false,3227,5653,0.8126216732413943
144455,54443,0.7394174191717556,false,144455,54443,0.7394174191717556
144455,55165,0.7401502020219031,false,144455,55165,0.7401502020219031
144455,220134,0.7405854985176145,false,144455,220134,0.7405854985176145
144455,554282,0.7026640964624179,false,144455,554282,0.7026640964624179
144455,10721,0.8768155478002374,false,144455,10721,0.8768155478002374
144455,2845,0.7219904788471568,false,144455,2845,0.7219904788471568
144455,51203,0.8166087315517886,false,144455,51203,0.8166087315517886
144455,29128,0.7818118987213012,false,144455,29128,0.7818118987213012
144455,9055,0.7272287523648415,false,144455,9055,0.7272287523648415
144455,57082,0.7769959906997915,false,144455,57082,0.7769959906997915
144455,4001,0.8805243736137239,false,144455,4001,0.8805243736137239
144455,55247,0.7494571670485151,false,144455,55247,0.7494571670485151
144455,387978,0.7347630493972332,false,144455,387978,0.7347630493972332
144455,9496,0.7894684192334916,false,144455,9496,0.7894684192334916
144455,7153,0.7937090786855209,false,144455,7153,0.7937090786855209
144455,55635,0.7643647914715974,false,144455,55635,0.7643647914715974
144455,6664,0.7578015430830037,false,144455,6664,0.7578015430830037
144455,699,0.7602094647403549,false,144455,699,0.7602094647403549
144455,23397,0.7259235024705905,false,144455,23397,0.7259235024705905
144455,9928,0.8136022313271378,false,144455,9928,0.8136022313271378
144455,4547,0.725234840429413,false,144455,4547,0.725234840429413
144455,64151,0.778615804377158,false,144455,64151,0.778615804377158
144455,100288637,0.7522337891086066,false,144455,100288637,0.7522337891086066
105370960,8419,0.7059130204335606,false,105370960,8419,0.7059130204335606
105370960,4544,0.7735106561284716,false,105370960,4544,0.7735106561284716
105370960,166979,0.7735106561284716,false,105370960,166979,0.7735106561284716
105370960,105371152,0.8203724722063584,false,105370960,105371152,0.8203724722063584
105370960,5865,0.7683128155109449,false,105370960,5865,0.7683128155109449
105370960,477,0.789745996802988,false,105370960,477,0.789745996802988
105370960,3512,0.7427877244277975,false,105370960,3512,0.7427877244277975
105370960,6716,0.7262809003161614,false,105370960,6716,0.7262809003161614
105370960,219527,0.7587009655723297,false,105370960,219527,0.7587009655723297
574414,101927750,0.9207613042872796,false,574414,101927750,0.9207613042872796
574414,2834,0.8361343845150462,false,574414,2834,0.8361343845150462
574414,400618,0.7178104952110806,false,574414,400618,0.7178104952110806
574414,6865,0.8827214218420566,false,574414,6865,0.8827214218420566
574414,105375622,0.8772255554040854,false,574414,105375622,0.8772255554040854
574414,574029,0.8544171463208897,false,574414,574029,0.8544171463208897
574414,1301,0.8703410266053921,false,574414,1301,0.8703410266053921
5347,55355,0.8222907456211381,false,5347,55355,0.8222907456211381
5347,259266,0.730203896760608,false,5347,259266,0.730203896760608
5347,220134,0.7382750174838779,false,5347,220134,0.7382750174838779
5347,9133,0.7341948034225083,false,5347,9133,0.7341948034225083
5347,83540,0.7237495731466649,false,5347,83540,0.7237495731466649
5347,54478,0.703292629191096,false,5347,54478,0.703292629191096
5347,995,0.7486899012940538,false,5347,995,0.7486899012940538
5347,113130,0.7413400869261192,false,5347,113130,0.7413400869261192
5347,4288,0.8143640867439111,false,5347,4288,0.8143640867439111
5347,11065,0.8515834600962585,false,5347,11065,0.8515834600962585
5347,332,0.7327647139975549,false,5347,332,0.7327647139975549
5347,9700,0.772378483186371,false,5347,9700,0.772378483186371
5347,6241,0.761440234915994,false,5347,6241,0.761440234915994
5347,8318,0.7138573194649342,false,5347,8318,0.7138573194649342
5347,24137,0.724203901313757,false,5347,24137,0.724203901313757
5347,112937,0.8264965526385256,false,5347,112937,0.8264965526385256
5347,55723,0.8239829999687001,false,5347,55723,0.8239829999687001
5347,9787,0.7324263471282336,false,5347,9787,0.7324263471282336
5347,9212,0.8123939139141257,false,5347,9212,0.8123939139141257
5347,128239,0.8224738863425849,false,5347,128239,0.8224738863425849
5347,146909,0.71880148331763,false,5347,146909,0.71880148331763
5347,3833,0.855326748011779,false,5347,3833,0.855326748011779
5347,221150,0.7281862060123356,false,5347,221150,0.7281862060123356
5347,9232,0.7062450393332466,false,5347,9232,0.7062450393332466
5347,991,0.832003643700735,false,5347,991,0.832003643700735
5347,10615,0.8375115059265937,false,5347,10615,0.8375115059265937
51198,105371050,0.7921198515349919,false,51198,105371050,0.7921198515349919
51198,105375674,0.897184059017097,false,51198,105375674,0.897184059017097
79733,55143,0.9025109749871918,false,79733,55143,0.9025109749871918
79733,105375610,0.8309263581751801,false,79733,105375610,0.8309263581751801
79733,91828,0.7149530688275292,false,79733,91828,0.7149530688275292
79733,3832,0.720127791528682,false,79733,3832,0.720127791528682
79733,157570,0.7848368846897721,false,79733,157570,0.7848368846897721
79733,81930,0.7769148833098034,false,79733,81930,0.7769148833098034
79733,27178,0.8260058925723552,false,79733,27178,0.8260058925723552
79733,285643,0.8260058925723552,false,79733,285643,0.8260058925723552
79733,1058,0.7453652837182105,false,79733,1058,0.7453652837182105
2625,389903,0.8853349702560038,false,2625,389903,0.8853349702560038
2625,105372115,0.9429365489006875,false,2625,105372115,0.9429365489006875
2625,7180,0.9043031131000506,false,2625,7180,0.9043031131000506
2625,10721,0.7397191983844782,false,2625,10721,0.7397191983844782
2625,2845,0.9909608166678153,false,2625,2845,0.9909608166678153
2625,50614,0.8552129327647783,false,2625,50614,0.8552129327647783
2625,4001,0.7360942504311029,false,2625,4001,0.7360942504311029
2625,3604,0.8789891842594378,false,2625,3604,0.8789891842594378
2625,56992,0.7741913093346001,false,2625,56992,0.7741913093346001
2625,55247,0.792224477006457,false,2625,55247,0.792224477006457
2625,387978,0.9669284475621585,false,2625,387978,0.9669284475621585
2625,27299,0.9200845335108062,false,2625,27299,0.9200845335108062
2625,6664,0.9750625556215002,false,2625,6664,0.9750625556215002
2625,9928,0.755076437286963,false,2625,9928,0.755076437286963
2625,4547,0.8805728768605543,false,2625,4547,0.8805728768605543
2625,64151,0.7108831170833004,false,2625,64151,0.7108831170833004
2625,3627,0.7940057845727795,false,2625,3627,0.7940057845727795
9824,54443,0.9398249535555793,false,9824,54443,0.9398249535555793
9824,55165,0.8469191444842641,false,9824,55165,0.8469191444842641
9824,1033,0.7166862544573963,false,9824,1033,0.7166862544573963
9824,55143,0.7216604051154881,false,9824,55143,0.7216604051154881
9824,150468,0.7860675195192869,false,9824,150468,0.7860675195192869
9824,3161,0.791741710764757,false,9824,3161,0.791741710764757
9824,51203,0.8328351127149357,false,9824,51203,0.8328351127149357
9824,29128,0.7095213870595292,false,9824,29128,0.7095213870595292
9824,3832,0.8747792346071578,false,9824,3832,0.8747792346071578
9824,9055,0.8496778759256068,false,9824,9055,0.8496778759256068
9824,4001,0.7050556607150618,false,9824,4001,0.7050556607150618
9824,157570,0.8091413727390732,false,9824,157570,0.8091413727390732
9824,55247,0.7513165849001576,false,9824,55247,0.7513165849001576
9824,9496,0.8483483000872638,false,9824,9496,0.8483483000872638
9824,55872,0.8003268869590356,false,9824,55872,0.8003268869590356
9824,7153,0.8372620306130485,false,9824,7153,0.8372620306130485
9824,4751,0.8628067801342175,false,9824,4751,0.8628067801342175
9824,6241,0.7016710534714431,false,9824,6241,0.7016710534714431
9824,27178,0.7372880637249203,false,9824,27178,0.7372880637249203
9824,83903,0.8881047403070403,false,9824,83903,0.8881047403070403
9824,285643,0.7372880637249203,false,9824,285643,0.7372880637249203
9824,55635,0.8124169803794623,false,9824,55635,0.8124169803794623
9824,1063,0.7152723684040994,false,9824,1063,0.7152723684040994
9824,23397,0.7205837702832846,false,9824,23397,0.7205837702832846
9824,100507118,0.7449612183523528,false,9824,100507118,0.7449612183523528
63967,147841,0.7774715882395016,false,63967,147841,0.7774715882395016
63967,8318,0.7409843265834883,false,63967,8318,0.7409843265834883
100874530,10024,0.7293407203322299,false,100874530,10024,0.7293407203322299
100874530,112268460,0.7481011676129126,false,100874530,112268460,0.7481011676129126
100874530,729447,0.7313141159728793,false,100874530,729447,0.7313141159728793
100874530,4288,0.7232962265285192,false,100874530,4288,0.7232962265285192
100874530,9700,0.7537232856055485,false,100874530,9700,0.7537232856055485
100874530,9582,0.8463786693406669,false,100874530,9582,0.8463786693406669
100874530,112937,0.703266897954983,false,100874530,112937,0.703266897954983
100874530,9212,0.7332227532765486,false,100874530,9212,0.7332227532765486
100874530,128239,0.7988157097406746,false,100874530,128239,0.7988157097406746
100874530,9232,0.7061209265089007,false,100874530,9232,0.7061209265089007
6345,4544,0.9231544735636605,false,6345,4544,0.9231544735636605
6345,166979,0.9231544735636605,false,6345,166979,0.9231544735636605
6345,6860,0.7432806944073833,false,6345,6860,0.7432806944073833
6345,594855,0.9106439558205676,false,6345,594855,0.9106439558205676
6345,5865,0.9171233877255542,false,6345,5865,0.9171233877255542
6345,3580,0.8857094893033279,false,6345,3580,0.8857094893033279
6345,107985513,0.7408987380589448,false,6345,107985513,0.7408987380589448
6345,116173,0.8779774582869785,false,6345,116173,0.8779774582869785
6345,477,0.8785706987713487,false,6345,477,0.8785706987713487
6345,101927686,0.7919277903510673,false,6345,101927686,0.7919277903510673
6345,3512,0.7318200824059623,false,6345,3512,0.7318200824059623
6345,6716,0.9495923677425872,false,6345,6716,0.9495923677425872
6345,219527,0.8481320154392633,false,6345,219527,0.8481320154392633
10024,55355,0.7020686672287767,false,10024,55355,0.7020686672287767
10024,259266,0.762063539852379,false,10024,259266,0.762063539852379
10024,112268460,0.7211600436854766,false,10024,112268460,0.7211600436854766
10024,9133,0.8431725952979643,false,10024,9133,0.8431725952979643
10024,57405,0.7781345352509922,false,10024,57405,0.7781345352509922
10024,89958,0.7387653482254447,false,10024,89958,0.7387653482254447
10024,995,0.7294928675735939,false,10024,995,0.7294928675735939
10024,113130,0.7424613048373429,false,10024,113130,0.7424613048373429
10024,4288,0.8501733381460962,false,10024,4288,0.8501733381460962
10024,332,0.7248422658513101,false,10024,332,0.7248422658513101
10024,9700,0.772794539533733,false,10024,9700,0.772794539533733
10024,8318,0.7834199386253089,false,10024,8318,0.7834199386253089
10024,112937,0.733054718261907,false,10024,112937,0.733054718261907
10024,9212,0.7886167628594652,false,10024,9212,0.7886167628594652
10024,128239,0.832133769644075,false,10024,128239,0.832133769644075
10024,146909,0.7000117069179501,false,10024,146909,0.7000117069179501
10024,55771,0.7523406141979883,false,10024,55771,0.7523406141979883
10024,9232,0.8397837312954343,false,10024,9232,0.8397837312954343
10024,991,0.8553699079150037,false,10024,991,0.8553699079150037
10024,10615,0.7379943858665353,false,10024,10615,0.7379943858665353
55355,259266,0.9259860878485551,false,55355,259266,0.9259860878485551
55355,55165,0.8851836618512368,false,55355,55165,0.8851836618512368
55355,220134,0.932415392288277,false,55355,220134,0.932415392288277
55355,9133,0.8596209983860282,false,55355,9133,0.8596209983860282
55355,83540,0.7868754527271161,false,55355,83540,0.7868754527271161
55355,150468,0.7526901542542692,false,55355,150468,0.7526901542542692
55355,105375610,0.7036582475543698,false,55355,105375610,0.7036582475543698
55355,9833,0.7270719106455749,false,55355,9833,0.7270719106455749
55355,3161,0.776501997719998,false,55355,3161,0.776501997719998
55355,51203,0.8033748351364016,false,55355,51203,0.8033748351364016
55355,57405,0.8025883228233366,false,55355,57405,0.8025883228233366
55355,995,0.8672067628234862,false,55355,995,0.8672067628234862
55355,29128,0.8574855469731277,false,55355,29128,0.8574855469731277
55355,113130,0.804410155587359,false,55355,113130,0.804410155587359
55355,4288,0.9208293048593974,false,55355,4288,0.9208293048593974
55355,9055,0.72803610727993,false,55355,9055,0.72803610727993
55355,57082,0.8133765659494927,false,55355,57082,0.8133765659494927
55355,11065,0.7653650520913087,false,55355,11065,0.7653650520913087
55355,332,0.8653513016995411,false,55355,332,0.8653513016995411
55355,56992,0.7192209053818417,false,55355,56992,0.7192209053818417
55355,55872,0.8137271403894354,false,55355,55872,0.8137271403894354
55355,7153,0.7691184849189892,false,55355,7153,0.7691184849189892
55355,9700,0.8230631466811216,false,55355,9700,0.8230631466811216
55355,891,0.7827687925463999,false,55355,891,0.7827687925463999
55355,6241,0.910008679441555,false,55355,6241,0.910008679441555
55355,24137,0.953907019235841,false,55355,24137,0.953907019235841
55355,112937,0.7391424611779307,false,55355,112937,0.7391424611779307
55355,9787,0.923279730911282,false,55355,9787,0.923279730911282
55355,9212,0.880842760281085,false,55355,9212,0.880842760281085
55355,1063,0.863895064160271,false,55355,1063,0.863895064160271
55355,23397,0.7889855685485644,false,55355,23397,0.7889855685485644
55355,128239,0.9161827507796194,false,55355,128239,0.9161827507796194
55355,146909,0.7836158966043941,false,55355,146909,0.7836158966043941
55355,3833,0.878631720665931,false,55355,3833,0.878631720665931
55355,64151,0.8710259244853095,false,55355,64151,0.8710259244853095
55355,221150,0.860885553796988,false,55355,221150,0.860885553796988
55355,9232,0.7905945423396545,false,55355,9232,0.7905945423396545
55355,100507118,0.8316368937189222,false,55355,100507118,0.8316368937189222
55355,991,0.9097914536958296,false,55355,991,0.9097914536958296
55355,10615,0.8214143587890153,false,55355,10615,0.8214143587890153
259266,55165,0.8438637335401454,false,259266,55165,0.8438637335401454
259266,220134,0.8606642435749208,false,259266,220134,0.8606642435749208
259266,9133,0.9239287404690191,false,259266,9133,0.9239287404690191
259266,83540,0.7366343585433963,false,259266,83540,0.7366343585433963
259266,150468,0.7822712363021249,false,259266,150468,0.7822712363021249
259266,9833,0.7295994897105564,false,259266,9833,0.7295994897105564
259266,3161,0.7681339532359813,false,259266,3161,0.7681339532359813
259266,51203,0.8030353289251876,false,259266,51203,0.8030353289251876
259266,57405,0.9229533766620822,false,259266,57405,0.9229533766620822
259266,995,0.8509755079008543,false,259266,995,0.8509755079008543
259266,29128,0.8267147986736595,false,259266,29128,0.8267147986736595
259266,113130,0.8815930538171186,false,259266,113130,0.8815930538171186
259266,4288,0.9339387488628665,false,259266,4288,0.9339387488628665
259266,3832,0.7311329485248718,false,259266,3832,0.7311329485248718
259266,9055,0.7054758672974184,false,259266,9055,0.7054758672974184
259266,57082,0.8254561282484739,false,259266,57082,0.8254561282484739
259266,11065,0.7359325035330057,false,259266,11065,0.7359325035330057
259266,332,0.9262569042608879,false,259266,332,0.9262569042608879
259266,56992,0.7308669911761482,false,259266,56992,0.7308669911761482
259266,55872,0.7961223918716015,false,259266,55872,0.7961223918716015
259266,7153,0.7698082837695274,false,259266,7153,0.7698082837695274
259266,9700,0.7707920266811098,false,259266,9700,0.7707920266811098
259266,891,0.7934744779423838,false,259266,891,0.7934744779423838
259266,6241,0.9177666108165689,false,259266,6241,0.9177666108165689
259266,147841,0.7027675203802597,false,259266,147841,0.7027675203802597
259266,10460,0.7359411154671431,false,259266,10460,0.7359411154671431
259266,9156,0.7186286947616362,false,259266,9156,0.7186286947616362
259266,24137,0.920769226622294,false,259266,24137,0.920769226622294
259266,9787,0.9482216075641973,false,259266,9787,0.9482216075641973
259266,9212,0.8978879150434238,false,259266,9212,0.8978879150434238
259266,1063,0.910008126080822,false,259266,1063,0.910008126080822
259266,23397,0.7343681639868326,false,259266,23397,0.7343681639868326
259266,128239,0.8809235199871571,false,259266,128239,0.8809235199871571
259266,146909,0.8510209834746548,false,259266,146909,0.8510209834746548
259266,1058,0.7207728569586913,false,259266,1058,0.7207728569586913
259266,3833,0.8159743954784753,false,259266,3833,0.8159743954784753
259266,55771,0.7191178013649274,false,259266,55771,0.7191178013649274
259266,64151,0.872906659325386,false,259266,64151,0.872906659325386
259266,221150,0.8150974186878719,false,259266,221150,0.8150974186878719
259266,9232,0.9117608770108625,false,259266,9232,0.9117608770108625
259266,100507118,0.840128510701927,false,259266,100507118,0.840128510701927
259266,991,0.9329216348352571,false,259266,991,0.9329216348352571
259266,10615,0.8585822909256947,false,259266,10615,0.8585822909256947
105372613,3580,0.7047530410363908,false,105372613,3580,0.7047530410363908
729442,5265,0.7646693364647889,false,729442,5265,0.7646693364647889
729442,134285,0.9806494674162164,false,729442,134285,0.9806494674162164
729442,284293,0.7829505368620879,false,729442,284293,0.7829505368620879
729442,354,0.8692768706811111,false,729442,354,0.8692768706811111
729442,1749,0.7111107796528228,false,729442,1749,0.7111107796528228
729442,5650,0.9868628515714775,false,729442,5650,0.9868628515714775
729442,647946,0.8089718774091036,false,729442,647946,0.8089718774091036
729442,58,0.9435892803703748,false,729442,58,0.9435892803703748
729442,2019,0.9198711542134512,false,729442,2019,0.9198711542134512
729442,145873,0.8949085914271795,false,729442,145873,0.8949085914271795
729442,285987,1.0,false,729442,285987,1.0
729442,3502,0.9268823344929794,false,729442,3502,0.9268823344929794
729442,1745,0.7787658881111408,false,729442,1745,0.7787658881111408
729442,27237,0.7940182548408199,false,729442,27237,0.7940182548408199
729442,389336,0.9111835335899838,false,729442,389336,0.9111835335899838
729442,25818,0.9452237248122048,false,729442,25818,0.9452237248122048
729442,4004,0.996204793094239,false,729442,4004,0.996204793094239
729442,4973,0.820423014687691,false,729442,4973,0.820423014687691
729442,28946,0.8128685305762167,false,729442,28946,0.8128685305762167
729442,28809,0.9922542356557004,false,729442,28809,0.9922542356557004
729442,5653,0.9842156421620472,false,729442,5653,0.9842156421620472
100505994,4496,0.7018543263874554,false,100505994,4496,0.7018543263874554
100505994,646024,0.8578892852161989,false,100505994,646024,0.8578892852161989
100505994,55655,0.7710000977438561,false,100505994,55655,0.7710000977438561
100505994,731220,0.8598848332481661,false,100505994,731220,0.8598848332481661
100505994,3053,0.7441619352569833,false,100505994,3053,0.7441619352569833
100505994,3229,0.7780285599499603,false,100505994,3229,0.7780285599499603
100505994,105375690,0.8716634537705797,false,100505994,105375690,0.8716634537705797
100505994,387895,0.7883361882776011,false,100505994,387895,0.7883361882776011
100505994,115701,0.7202995734915587,false,100505994,115701,0.7202995734915587
100505994,105377508,0.7341650756809706,false,100505994,105377508,0.7341650756809706
100505994,2250,0.718035927051293,false,100505994,2250,0.718035927051293
100505994,84561,0.7195499038202042,false,100505994,84561,0.7195499038202042
100505994,105376041,0.8578892852161987,false,100505994,105376041,0.8578892852161987
100505994,9956,0.9288238268637058,false,100505994,9956,0.9288238268637058
100505994,554202,0.8139807295858287,false,100505994,554202,0.8139807295858287
100505994,105372950,0.7152904263952661,false,100505994,105372950,0.7152904263952661
100505994,80329,0.8796795411991798,false,100505994,80329,0.8796795411991798
54443,55165,0.9311055759129967,false,54443,55165,0.9311055759129967
54443,4085,0.7821349079210008,false,54443,4085,0.7821349079210008
54443,55143,0.7200199376231767,false,54443,55143,0.7200199376231767
54443,10721,0.7530777308822485,false,54443,10721,0.7530777308822485
54443,150468,0.8412583106814897,false,54443,150468,0.8412583106814897
54443,9833,0.8469257856548558,false,54443,9833,0.8469257856548558
54443,3161,0.9240108009746516,false,54443,3161,0.9240108009746516
54443,51203,0.9273528296256954,false,54443,51203,0.9273528296256954
54443,29128,0.8438784362716373,false,54443,29128,0.8438784362716373
54443,3832,0.9109777529286537,false,54443,3832,0.9109777529286537
54443,9055,0.9386713174916163,false,54443,9055,0.9386713174916163
54443,57082,0.7524059609549649,false,54443,57082,0.7524059609549649
54443,4001,0.8188009018563499,false,54443,4001,0.8188009018563499
54443,157570,0.8464560969935565,false,54443,157570,0.8464560969935565
54443,56992,0.7277947880768492,false,54443,56992,0.7277947880768492
54443,55247,0.8470289899829009,false,54443,55247,0.8470289899829009
54443,11130,0.7741290729647331,false,54443,11130,0.7741290729647331
54443,9496,0.838908754594853,false,54443,9496,0.838908754594853
54443,55872,0.9304959301053429,false,54443,55872,0.9304959301053429
54443,7153,0.9464113174334102,false,54443,7153,0.9464113174334102
54443,891,0.7812668118531243,false,54443,891,0.7812668118531243
54443,4751,0.953771916540298,false,54443,4751,0.953771916540298
54443,6241,0.8064558751710352,false,54443,6241,0.8064558751710352
54443,27178,0.7328816344092324,false,54443,27178,0.7328816344092324
54443,83903,0.875478072609407,false,54443,83903,0.875478072609407
54443,285643,0.7328816344092324,false,54443,285643,0.7328816344092324
54443,24137,0.7846611414500878,false,54443,24137,0.7846611414500878
54443,55635,0.8839300046646099,false,54443,55635,0.8839300046646099
54443,9787,0.774101237761425,false,54443,9787,0.774101237761425
54443,699,0.8057754023336661,false,54443,699,0.8057754023336661
54443,1063,0.7979451577386025,false,54443,1063,0.7979451577386025
54443,23397,0.8432866528663515,false,54443,23397,0.8432866528663515
54443,9928,0.8238183646896138,false,54443,9928,0.8238183646896138
54443,64151,0.763864329018205,false,54443,64151,0.763864329018205
54443,221150,0.7641068328286184,false,54443,221150,0.7641068328286184
54443,101927813,0.7247426447749235,false,54443,101927813,0.7247426447749235
54443,100507118,0.8453892028292671,false,54443,100507118,0.8453892028292671
54443,100288637,0.806319325960815,false,54443,100288637,0.806319325960815
389903,220134,0.7001065888798338,false,389903,220134,0.7001065888798338
389903,105372115,0.9547352249707236,false,389903,105372115,0.9547352249707236
389903,7180,0.7031602248621777,false,389903,7180,0.7031602248621777
389903,10721,0.7515591788057476,false,389903,10721,0.7515591788057476
389903,2845,0.9023494894826104,false,389903,2845,0.9023494894826104
389903,3161,0.7040496984770587,false,389903,3161,0.7040496984770587
389903,29128,0.726271505879943,false,389903,29128,0.726271505879943
389903,4001,0.7390677218866982,false,389903,4001,0.7390677218866982
389903,3604,0.792440402230794,false,389903,3604,0.792440402230794
389903,56992,0.8453399192816428,false,389903,56992,0.8453399192816428
389903,55247,0.8341614431713897,false,389903,55247,0.8341614431713897
389903,387978,0.8954572869707654,false,389903,387978,0.8954572869707654
389903,9582,0.7069433785815031,false,389903,9582,0.7069433785815031
389903,27299,0.8442144531500323,false,389903,27299,0.8442144531500323
389903,6664,0.8950961078251278,false,389903,6664,0.8950961078251278
389903,4547,0.76688839036273,false,389903,4547,0.76688839036273
389903,64151,0.8002602184710531,false,389903,64151,0.8002602184710531
389903,221150,0.8109784006758024,false,389903,221150,0.8109784006758024
105371050,105375027,0.8484729996010179,false,105371050,105375027,0.8484729996010179
105371050,8355,0.7208932304082145,false,105371050,8355,0.7208932304082145
105371050,6273,0.8400122807386957,false,105371050,6273,0.8400122807386957
105371050,107985627,0.7169208712032336,false,105371050,107985627,0.7169208712032336
105371050,53820,0.7360456189284931,false,105371050,53820,0.7360456189284931
105371050,338667,0.8563481016034775,false,105371050,338667,0.8563481016034775
105371050,3754,0.8240367175235549,false,105371050,3754,0.8240367175235549
105371050,105375674,0.8495515489345592,false,105371050,105375674,0.8495515489345592
105371050,102724784,0.742436493706329,false,105371050,102724784,0.742436493706329
105371050,101927760,0.7841358742124543,false,105371050,101927760,0.7841358742124543
8419,101927354,0.7594927347367105,false,8419,101927354,0.7594927347367105
8419,6860,0.7689738120395092,false,8419,6860,0.7689738120395092
8419,105371152,0.7425132436959963,false,8419,105371152,0.7425132436959963
8419,79674,0.8544071002736691,false,8419,79674,0.8544071002736691
8419,477,0.739892544710043,false,8419,477,0.739892544710043
8419,28946,0.7104186333843983,false,8419,28946,0.7104186333843983
8419,3512,0.725817097990032,false,8419,3512,0.725817097990032
101927354,6860,0.8115657612099615,false,101927354,6860,0.8115657612099615
101927354,339256,0.7372254060003793,false,101927354,339256,0.7372254060003793
101927354,864,0.7127211686317753,false,101927354,864,0.7127211686317753
101927354,107985513,0.7885069797462194,false,101927354,107985513,0.7885069797462194
105375027,8355,0.8615520895256149,false,105375027,8355,0.8615520895256149
105375027,111216286,0.8461900146824248,false,105375027,111216286,0.8461900146824248
105375027,6273,0.9269624002918566,false,105375027,6273,0.9269624002918566
105375027,107985627,0.8752310222489557,false,105375027,107985627,0.8752310222489557
105375027,53820,0.7936280674477957,false,105375027,53820,0.7936280674477957
105375027,338667,0.9661086849557767,false,105375027,338667,0.9661086849557767
105375027,3754,0.9411579293272592,false,105375027,3754,0.9411579293272592
105375027,105375674,0.7324499193114251,false,105375027,105375674,0.7324499193114251
105375027,102724784,0.8976215275257798,false,105375027,102724784,0.8976215275257798
105375027,107986990,0.7902900795355118,false,105375027,107986990,0.7902900795355118
105375027,101927760,0.9290725323213184,false,105375027,101927760,0.9290725323213184
4496,646024,0.8429076872864993,false,4496,646024,0.8429076872864993
4496,55655,0.7285285882386492,false,4496,55655,0.7285285882386492
4496,56300,0.9356226043254675,false,4496,56300,0.9356226043254675
4496,374946,0.8088263075839272,false,4496,374946,0.8088263075839272
4496,731220,0.700850362198049,false,4496,731220,0.700850362198049
4496,3053,0.72310065017504,false,4496,3053,0.72310065017504
4496,3229,0.9495440532414274,false,4496,3229,0.9495440532414274
4496,387895,0.9425622160787847,false,4496,387895,0.9425622160787847
4496,115701,0.8093170949601787,false,4496,115701,0.8093170949601787
4496,11075,0.7161081525219587,false,4496,11075,0.7161081525219587
4496,105377508,0.718832165218282,false,4496,105377508,0.718832165218282
4496,2250,0.7143637487194602,false,4496,2250,0.7143637487194602
4496,284958,0.7652059811591163,false,4496,284958,0.7652059811591163
4496,105376041,0.8429076872864995,false,4496,105376041,0.8429076872864995
4496,9956,0.7037151075032213,false,4496,9956,0.7037151075032213
4496,105372950,0.7014852230608204,false,4496,105372950,0.7014852230608204
4496,80329,0.7946963850147035,false,4496,80329,0.7946963850147035
646024,100533789,0.734052053063454,false,646024,100533789,0.734052053063454
646024,55655,0.9170143307115054,false,646024,55655,0.9170143307115054
646024,731220,0.8554282441494877,false,646024,731220,0.8554282441494877
646024,3053,0.8993826029814995,false,646024,3053,0.8993826029814995
646024,3229,0.9397795130218052,false,646024,3229,0.9397795130218052
646024,387895,0.9245931961203407,false,646024,387895,0.9245931961203407
646024,115701,0.867252031037885,false,646024,115701,0.867252031037885
646024,11075,0.8364912853458701,false,646024,11075,0.8364912853458701
646024,5798,0.7485169627664771,false,646024,5798,0.7485169627664771
646024,105377508,0.9011023045496206,false,646024,105377508,0.9011023045496206
646024,2250,0.8106640572151494,false,646024,2250,0.8106640572151494
646024,84561,0.8312310126996415,false,646024,84561,0.8312310126996415
646024,284958,0.8557825349699961,false,646024,284958,0.8557825349699961
646024,105376041,1.0,false,646024,105376041,1.0
646024,9956,0.904952203567778,false,646024,9956,0.904952203567778
646024,647309,0.7535330955018896,false,646024,647309,0.7535330955018896
646024,554202,0.808873393572938,false,646024,554202,0.808873393572938
646024,105372950,0.8574845438179968,false,646024,105372950,0.8574845438179968
646024,80329,0.7676502742806627,false,646024,80329,0.7676502742806627
646024,109729169,0.8326210549533389,false,646024,109729169,0.8326210549533389
55165,220134,0.854709391839695,false,55165,220134,0.854709391839695
55165,9133,0.7130192769296001,false,55165,9133,0.7130192769296001
55165,10721,0.7636827494465073,false,55165,10721,0.7636827494465073
55165,83540,0.8005486850185712,false,55165,83540,0.8005486850185712
55165,150468,0.8608956355190167,false,55165,150468,0.8608956355190167
55165,105375610,0.71612808029613,false,55165,105375610,0.71612808029613
55165,9833,0.8462902008182865,false,55165,9833,0.8462902008182865
55165,3161,0.9272061404590618,false,55165,3161,0.9272061404590618
55165,51203,0.9349319936874668,false,55165,51203,0.9349319936874668
55165,995,0.8128105098389117,false,55165,995,0.8128105098389117
55165,29128,0.91849325896339,false,55165,29128,0.91849325896339
55165,4288,0.7481429506901739,false,55165,4288,0.7481429506901739
55165,3832,0.8543965440521549,false,55165,3832,0.8543965440521549
55165,9055,0.8847242686965868,false,55165,9055,0.8847242686965868
55165,57082,0.8677580808811857,false,55165,57082,0.8677580808811857
55165,4001,0.8147722763412263,false,55165,4001,0.8147722763412263
55165,332,0.8235232688384536,false,55165,332,0.8235232688384536
55165,157570,0.836636366354859,false,55165,157570,0.836636366354859
55165,56992,0.7649515645564078,false,55165,56992,0.7649515645564078
55165,55247,0.8028985798420408,false,55165,55247,0.8028985798420408
55165,9496,0.7719243444683068,false,55165,9496,0.7719243444683068
55165,55872,0.9537469198972854,false,55165,55872,0.9537469198972854
55165,7153,0.9451713204646173,false,55165,7153,0.9451713204646173
55165,891,0.8654588162719787,false,55165,891,0.8654588162719787
55165,4751,0.8717043833249596,false,55165,4751,0.8717043833249596
55165,374393,0.7356589809427931,false,55165,374393,0.7356589809427931
55165,6241,0.912701462836024,false,55165,6241,0.912701462836024
55165,83903,0.8204114593188683,false,55165,83903,0.8204114593188683
55165,24137,0.916740389522933,false,55165,24137,0.916740389522933
55165,55635,0.8398337132536758,false,55165,55635,0.8398337132536758
55165,9787,0.885403765503649,false,55165,9787,0.885403765503649
55165,699,0.8045477028975148,false,55165,699,0.8045477028975148
55165,1063,0.8825191067428038,false,55165,1063,0.8825191067428038
55165,23397,0.8762057809099632,false,55165,23397,0.8762057809099632
55165,128239,0.7405631338051057,false,55165,128239,0.7405631338051057
55165,146909,0.7031255808569153,false,55165,146909,0.7031255808569153
55165,9928,0.8128936820234672,false,55165,9928,0.8128936820234672
55165,3833,0.7699634162934154,false,55165,3833,0.7699634162934154
55165,64151,0.8813271119535694,false,55165,64151,0.8813271119535694
55165,221150,0.8635502828562811,false,55165,221150,0.8635502828562811
55165,100507118,0.8823560169997099,false,55165,100507118,0.8823560169997099
55165,100288637,0.7630658219773709,false,55165,100288637,0.7630658219773709
55165,991,0.7328797625146904,false,55165,991,0.7328797625146904
1033,6790,0.7366678259742518,false,1033,6790,0.7366678259742518
51512,150468,0.8578026335821266,false,51512,150468,0.8578026335821266
51512,3832,0.7406094522110453,false,51512,3832,0.7406094522110453
51512,332,0.7159434449962263,false,51512,332,0.7159434449962263
51512,157570,0.7715284753561567,false,51512,157570,0.7715284753561567
51512,4751,0.7112055341125292,false,51512,4751,0.7112055341125292
51512,27178,0.8353377752632146,false,51512,27178,0.8353377752632146
51512,83903,0.7841709750776202,false,51512,83903,0.7841709750776202
51512,285643,0.8353377752632146,false,51512,285643,0.8353377752632146
51512,101927813,0.7039620670881808,false,51512,101927813,0.7039620670881808
220134,9133,0.7382146779550148,false,220134,9133,0.7382146779550148
220134,10721,0.7517152506382145,false,220134,10721,0.7517152506382145
220134,83540,0.7918301833027973,false,220134,83540,0.7918301833027973
220134,9833,0.7473446860025812,false,220134,9833,0.7473446860025812
220134,3161,0.7856305653009527,false,220134,3161,0.7856305653009527
220134,51203,0.799653239369067,false,220134,51203,0.799653239369067
220134,57405,0.8026642553169844,false,220134,57405,0.8026642553169844
220134,995,0.7515197079622669,false,220134,995,0.7515197079622669
220134,29128,0.9146479238210731,false,220134,29128,0.9146479238210731
220134,113130,0.7658167029722428,false,220134,113130,0.7658167029722428
220134,4288,0.8639257232727326,false,220134,4288,0.8639257232727326
220134,9055,0.7615643657973585,false,220134,9055,0.7615643657973585
220134,57082,0.8582894338092896,false,220134,57082,0.8582894338092896
220134,4001,0.8029748059412163,false,220134,4001,0.8029748059412163
220134,11065,0.7968019737598507,false,220134,11065,0.7968019737598507
220134,332,0.746533427800795,false,220134,332,0.746533427800795
220134,56992,0.7591306087656016,false,220134,56992,0.7591306087656016
220134,55872,0.8138184144299044,false,220134,55872,0.8138184144299044
220134,7153,0.7956566123069307,false,220134,7153,0.7956566123069307
220134,9700,0.7944897074148087,false,220134,9700,0.7944897074148087
220134,891,0.7874546870215642,false,220134,891,0.7874546870215642
220134,374393,0.7239692443771633,false,220134,374393,0.7239692443771633
220134,6241,0.8289818563414496,false,220134,6241,0.8289818563414496
220134,24137,0.9057910587640129,false,220134,24137,0.9057910587640129
220134,9787,0.8492572407106271,false,220134,9787,0.8492572407106271
220134,9212,0.792020600459421,false,220134,9212,0.792020600459421
220134,699,0.7181788709072887,false,220134,699,0.7181788709072887
220134,1063,0.7854985996208088,false,220134,1063,0.7854985996208088
220134,23397,0.7853467479006614,false,220134,23397,0.7853467479006614
220134,128239,0.8531438484781403,false,220134,128239,0.8531438484781403
220134,146909,0.7109408369851271,false,220134,146909,0.7109408369851271
220134,3833,0.7871617795141422,false,220134,3833,0.7871617795141422
220134,64151,0.9141683755852719,false,220134,64151,0.9141683755852719
220134,221150,0.889426343624406,false,220134,221150,0.889426343624406
220134,100507118,0.8176127756391809,false,220134,100507118,0.8176127756391809
220134,991,0.8424879663102501,false,220134,991,0.8424879663102501
220134,10615,0.8421729332116057,false,220134,10615,0.8421729332116057
112268460,349408,0.7269167046155729,false,112268460,349408,0.7269167046155729
112268460,9700,0.7170224155139879,false,112268460,9700,0.7170224155139879
112268460,9212,0.7361577899978262,false,112268460,9212,0.7361577899978262
112268460,55771,0.7162634532198611,false,112268460,55771,0.7162634532198611
4085,105372115,0.7185162313671491,false,4085,105372115,0.7185162313671491
4085,10721,0.7084587124013902,false,4085,10721,0.7084587124013902
4085,2845,0.7713656499517865,false,4085,2845,0.7713656499517865
4085,653820,0.8398383722168713,false,4085,653820,0.8398383722168713
4085,3161,0.8048032672109651,false,4085,3161,0.8048032672109651
4085,9055,0.8329706263998367,false,4085,9055,0.8329706263998367
4085,4001,0.7733366049565835,false,4085,4001,0.7733366049565835
4085,3604,0.7631771983012379,false,4085,3604,0.7631771983012379
4085,56992,0.7639973326662391,false,4085,56992,0.7639973326662391
4085,55247,0.8611294136593539,false,4085,55247,0.8611294136593539
4085,55872,0.7493000999344468,false,4085,55872,0.7493000999344468
4085,7153,0.7564534638281841,false,4085,7153,0.7564534638281841
4085,4751,0.8173783441504999,false,4085,4751,0.8173783441504999
4085,27299,0.776750602934564,false,4085,27299,0.776750602934564
4085,55635,0.7456419284967046,false,4085,55635,0.7456419284967046
4085,6664,0.7100524142427914,false,4085,6664,0.7100524142427914
4085,9928,0.7675254261560427,false,4085,9928,0.7675254261560427
4085,100288637,0.793735627215781,false,4085,100288637,0.793735627215781
100533789,374946,0.8166483850306903,false,100533789,374946,0.8166483850306903
100533789,344,0.7879267764424882,false,100533789,344,0.7879267764424882
100533789,100533990,0.8053301864014252,false,100533789,100533990,0.8053301864014252
100533789,387895,0.7150071701586425,false,100533789,387895,0.7150071701586425
100533789,11075,0.7885654914725184,false,100533789,11075,0.7885654914725184
100533789,5798,0.8884045773574034,false,100533789,5798,0.8884045773574034
100533789,105376041,0.7340520530634538,false,100533789,105376041,0.7340520530634538
100533789,109729169,0.8100973863025723,false,100533789,109729169,0.8100973863025723
100874028,11130,0.7678196806193378,false,100874028,11130,0.7678196806193378
100874028,151648,0.7217389000159962,false,100874028,151648,0.7217389000159962
100874028,253582,0.7384828520140829,false,100874028,253582,0.7384828520140829
100874028,22974,0.8660501589966082,false,100874028,22974,0.8660501589966082
100874028,6790,0.7351546103384314,false,100874028,6790,0.7351546103384314
100874028,105371664,0.709848063544398,false,100874028,105371664,0.709848063544398
100874028,1058,0.7634332142287674,false,100874028,1058,0.7634332142287674
100874028,101927813,0.707850767981655,false,100874028,101927813,0.707850767981655
105372115,7180,0.8410567865885356,false,105372115,7180,0.8410567865885356
105372115,10721,0.7589045840146084,false,105372115,10721,0.7589045840146084
105372115,2845,0.9614771206434916,false,105372115,2845,0.9614771206434916
105372115,50614,0.7447024040617684,false,105372115,50614,0.7447024040617684
105372115,4001,0.7370085914361815,false,105372115,4001,0.7370085914361815
105372115,3604,0.8308191278997491,false,105372115,3604,0.8308191278997491
105372115,56992,0.883280171059369,false,105372115,56992,0.883280171059369
105372115,55247,0.8138485168654596,false,105372115,55247,0.8138485168654596
105372115,387978,0.9130722510053159,false,105372115,387978,0.9130722510053159
105372115,27299,0.8538281768129189,false,105372115,27299,0.8538281768129189
105372115,6664,0.9254621956455359,false,105372115,6664,0.9254621956455359
105372115,9928,0.7040517823157183,false,105372115,9928,0.7040517823157183
105372115,4547,0.8421850471280073,false,105372115,4547,0.8421850471280073
105372115,64151,0.754145653401012,false,105372115,64151,0.754145653401012
105372115,221150,0.7426352024747231,false,105372115,221150,0.7426352024747231
105372115,100288637,0.7064352538670945,false,105372115,100288637,0.7064352538670945
105372115,3627,0.8023827742273626,false,105372115,3627,0.8023827742273626
55143,150468,0.789670552399322,false,55143,150468,0.789670552399322
55143,105375610,0.9299942612448824,false,55143,105375610,0.9299942612448824
55143,9833,0.7181705831997376,false,55143,9833,0.7181705831997376
55143,995,0.7122734890569261,false,55143,995,0.7122734890569261
55143,91828,0.7378436295215421,false,55143,91828,0.7378436295215421
55143,3832,0.7777802590642456,false,55143,3832,0.7777802590642456
55143,157570,0.792055802182593,false,55143,157570,0.792055802182593
55143,81930,0.788587610655344,false,55143,81930,0.788587610655344
55143,107985017,0.7584063884314929,false,55143,107985017,0.7584063884314929
55143,6241,0.7062640439907625,false,55143,6241,0.7062640439907625
55143,27178,0.809281906295349,false,55143,27178,0.809281906295349
55143,83903,0.7663983976695224,false,55143,83903,0.7663983976695224
55143,285643,0.809281906295349,false,55143,285643,0.809281906295349
55143,9787,0.7122129425960481,false,55143,9787,0.7122129425960481
55143,1058,0.823096514798242,false,55143,1058,0.823096514798242
55143,3833,0.7412453728482586,false,55143,3833,0.7412453728482586
55143,100507118,0.7373814259203563,false,55143,100507118,0.7373814259203563
554282,9496,0.7657333516708189,false,554282,9496,0.7657333516708189
9133,150468,0.7027232615504697,false,9133,150468,0.7027232615504697
9133,105375610,0.7776589546531801,false,9133,105375610,0.7776589546531801
9133,57405,0.8227922076023229,false,9133,57405,0.8227922076023229
9133,995,0.8283229571879256,false,9133,995,0.8283229571879256
9133,29128,0.7126678745575928,false,9133,29128,0.7126678745575928
9133,113130,0.8703313057485687,false,9133,113130,0.8703313057485687
9133,4288,0.9164949565579922,false,9133,4288,0.9164949565579922
9133,332,0.8482212551692241,false,9133,332,0.8482212551692241
9133,9700,0.812400353264886,false,9133,9700,0.812400353264886
9133,107985017,0.770656175220903,false,9133,107985017,0.770656175220903
9133,6241,0.8308069772504769,false,9133,6241,0.8308069772504769
9133,24137,0.8366300351805209,false,9133,24137,0.8366300351805209
9133,112937,0.7283360500646864,false,9133,112937,0.7283360500646864
9133,9787,0.9017885166344365,false,9133,9787,0.9017885166344365
9133,9212,0.9351076587598708,false,9133,9212,0.9351076587598708
9133,1063,0.8373373470629766,false,9133,1063,0.8373373470629766
9133,128239,0.8980523633921426,false,9133,128239,0.8980523633921426
9133,146909,0.85064277038747,false,9133,146909,0.85064277038747
9133,1058,0.7608879353674305,false,9133,1058,0.7608879353674305
9133,3833,0.8489106621695273,false,9133,3833,0.8489106621695273
9133,55771,0.7456186936167162,false,9133,55771,0.7456186936167162
9133,9232,0.929601150326347,false,9133,9232,0.929601150326347
9133,100507118,0.7759905311888855,false,9133,100507118,0.7759905311888855
9133,991,0.9534140593195425,false,9133,991,0.9534140593195425
9133,10615,0.7649967864608194,false,9133,10615,0.7649967864608194
7180,2845,0.8792939333004582,false,7180,2845,0.8792939333004582
7180,50614,0.8783935624618076,false,7180,50614,0.8783935624618076
7180,3604,0.7164616553365701,false,7180,3604,0.7164616553365701
7180,387978,0.8051925920180381,false,7180,387978,0.8051925920180381
7180,27299,0.7437886460604913,false,7180,27299,0.7437886460604913
7180,6664,0.8418598207130495,false,7180,6664,0.8418598207130495
7180,100506655,0.7132501306679025,false,7180,100506655,0.7132501306679025
7180,23532,0.7215940684406946,false,7180,23532,0.7215940684406946
7180,9928,0.7055467633623115,false,7180,9928,0.7055467633623115
7180,4547,0.7766960106456323,false,7180,4547,0.7766960106456323
7180,3627,0.814231487849381,false,7180,3627,0.814231487849381
10721,2845,0.7738751901043524,false,10721,2845,0.7738751901043524
10721,653820,0.7650065783578355,false,10721,653820,0.7650065783578355
10721,3161,0.8039903441122364,false,10721,3161,0.8039903441122364
10721,51203,0.771674973289044,false,10721,51203,0.771674973289044
10721,29128,0.7916929002082053,false,10721,29128,0.7916929002082053
10721,9055,0.7512694009625804,false,10721,9055,0.7512694009625804
10721,57082,0.7806745087243647,false,10721,57082,0.7806745087243647
10721,4001,0.902169631479505,false,10721,4001,0.902169631479505
10721,56992,0.775648641656232,false,10721,56992,0.775648641656232
10721,55247,0.8299434451601321,false,10721,55247,0.8299434451601321
10721,11130,0.7988679769663776,false,10721,11130,0.7988679769663776
10721,387978,0.7484680702231994,false,10721,387978,0.7484680702231994
10721,9496,0.7065993830480272,false,10721,9496,0.7065993830480272
10721,55872,0.7629429097660039,false,10721,55872,0.7629429097660039
10721,7153,0.7573986119358588,false,10721,7153,0.7573986119358588
10721,891,0.7639961292626406,false,10721,891,0.7639961292626406
10721,4751,0.7260582769516406,false,10721,4751,0.7260582769516406
10721,27299,0.7311321112168929,false,10721,27299,0.7311321112168929
10721,6664,0.7786226186628026,false,10721,6664,0.7786226186628026
10721,699,0.8259513507127425,false,10721,699,0.8259513507127425
10721,23397,0.8435800376065746,false,10721,23397,0.8435800376065746
10721,9928,0.8339509904516001,false,10721,9928,0.8339509904516001
10721,4547,0.8267401560142976,false,10721,4547,0.8267401560142976
10721,64151,0.8453118030074975,false,10721,64151,0.8453118030074975
10721,221150,0.7680691786341456,false,10721,221150,0.7680691786341456
10721,101927813,0.7166145474461902,false,10721,101927813,0.7166145474461902
10721,100288637,0.7727064869374892,false,10721,100288637,0.7727064869374892
4544,166979,0.9999999999999999,false,4544,166979,0.9999999999999999
4544,594855,0.8707261711537084,false,4544,594855,0.8707261711537084
4544,5865,0.9960855739716183,false,4544,5865,0.9960855739716183
4544,3580,0.8762599308561341,false,4544,3580,0.8762599308561341
4544,116173,0.9030492511428123,false,4544,116173,0.9030492511428123
4544,477,0.9301229124215751,false,4544,477,0.9301229124215751
4544,101927686,0.8911585710747171,false,4544,101927686,0.8911585710747171
4544,3512,0.8005458303761894,false,4544,3512,0.8005458303761894
4544,6716,0.9832750406899359,false,4544,6716,0.9832750406899359
4544,219527,0.9407001424091527,false,4544,219527,0.9407001424091527
5265,134285,0.7181344444480388,false,5265,134285,0.7181344444480388
5265,5650,0.7785337156896633,false,5265,5650,0.7785337156896633
5265,58,0.7367293370597715,false,5265,58,0.7367293370597715
5265,10437,0.8905232456318329,false,5265,10437,0.8905232456318329
5265,100130275,0.8254469279585196,false,5265,100130275,0.8254469279585196
5265,145873,0.7284859628330317,false,5265,145873,0.7284859628330317
5265,285987,0.7646693364647889,false,5265,285987,0.7646693364647889
5265,28755,0.7139448659282741,false,5265,28755,0.7139448659282741
5265,1745,0.8598498717915013,false,5265,1745,0.8598498717915013
5265,4004,0.7765523278876928,false,5265,4004,0.7765523278876928
5265,4973,0.8065425540612504,false,5265,4973,0.8065425540612504
5265,28809,0.7460921959600616,false,5265,28809,0.7460921959600616
5265,5653,0.7996212824392933,false,5265,5653,0.7996212824392933
171019,2835,0.7939761924810963,false,171019,2835,0.7939761924810963
2845,50614,0.8265697174101152,false,2845,50614,0.8265697174101152
2845,57082,0.7168722468775691,false,2845,57082,0.7168722468775691
2845,4001,0.7840732748834104,false,2845,4001,0.7840732748834104
2845,3604,0.8902243683229227,false,2845,3604,0.8902243683229227
2845,56992,0.8302756526916747,false,2845,56992,0.8302756526916747
2845,55247,0.8412357018789338,false,2845,55247,0.8412357018789338
2845,387978,0.9684524223410523,false,2845,387978,0.9684524223410523
2845,27299,0.92672712225621,false,2845,27299,0.92672712225621
2845,6664,0.9788112545165205,false,2845,6664,0.9788112545165205
2845,9928,0.7866473217157471,false,2845,9928,0.7866473217157471
2845,4547,0.8833183204731064,false,2845,4547,0.8833183204731064
2845,64151,0.743577837861155,false,2845,64151,0.743577837861155
2845,100288637,0.7311117422199472,false,2845,100288637,0.7311117422199472
2845,3627,0.8046880662185106,false,2845,3627,0.8046880662185106
134285,284293,0.7772779526250291,false,134285,284293,0.7772779526250291
134285,354,0.8186367508785155,false,134285,354,0.8186367508785155
134285,101927687,0.735626264049427,false,134285,101927687,0.735626264049427
134285,5650,0.958693857413479,false,134285,5650,0.958693857413479
134285,647946,0.8145291995606352,false,134285,647946,0.8145291995606352
134285,58,0.9206289781543646,false,134285,58,0.9206289781543646
134285,2019,0.9383532005698497,false,134285,2019,0.9383532005698497
134285,145873,0.8814162361866127,false,134285,145873,0.8814162361866127
134285,285987,0.9806494674162164,false,134285,285987,0.9806494674162164
134285,3502,0.8879442876884499,false,134285,3502,0.8879442876884499
134285,1745,0.7563255470356433,false,134285,1745,0.7563255470356433
134285,27237,0.8380184482147901,false,134285,27237,0.8380184482147901
134285,389336,0.8853843118322711,false,134285,389336,0.8853843118322711
134285,25818,0.9121729724313526,false,134285,25818,0.9121729724313526
134285,4004,0.9757820776843698,false,134285,4004,0.9757820776843698
134285,4973,0.7998649180434029,false,134285,4973,0.7998649180434029
134285,28946,0.778678858194099,false,134285,28946,0.778678858194099
134285,28809,0.9680385574978214,false,134285,28809,0.9680385574978214
134285,5653,0.9531013981335291,false,134285,5653,0.9531013981335291
653820,56992,0.7210527796492046,false,653820,56992,0.7210527796492046
653820,55247,0.7506658636289484,false,653820,55247,0.7506658636289484
653820,23397,0.713158932408209,false,653820,23397,0.713158932408209
653820,9928,0.7156971933534214,false,653820,9928,0.7156971933534214
653820,4547,0.7007808900636788,false,653820,4547,0.7007808900636788
653820,3627,0.7215341556874663,false,653820,3627,0.7215341556874663
83540,54478,0.7080391417217429,false,83540,54478,0.7080391417217429
83540,9833,0.800650659534911,false,83540,9833,0.800650659534911
83540,3161,0.7526874175417679,false,83540,3161,0.7526874175417679
83540,51203,0.7631562841781294,false,83540,51203,0.7631562841781294
83540,29128,0.7372913529907433,false,83540,29128,0.7372913529907433
83540,4288,0.7252791796781989,false,83540,4288,0.7252791796781989
83540,57082,0.767599288392905,false,83540,57082,0.767599288392905
83540,55872,0.7456010631771254,false,83540,55872,0.7456010631771254
83540,7153,0.7186437342753789,false,83540,7153,0.7186437342753789
83540,9700,0.7369649682536568,false,83540,9700,0.7369649682536568
83540,6241,0.7666863157925183,false,83540,6241,0.7666863157925183
83540,24137,0.7166972809395792,false,83540,24137,0.7166972809395792
83540,23397,0.8110013424543709,false,83540,23397,0.8110013424543709
83540,128239,0.7666427503136981,false,83540,128239,0.7666427503136981
83540,3833,0.8031057978438791,false,83540,3833,0.8031057978438791
83540,221150,0.7295609966949734,false,83540,221150,0.7295609966949734
83540,100507118,0.7249880848491129,false,83540,100507118,0.7249880848491129
83540,10615,0.7107277710005302,false,83540,10615,0.7107277710005302
284293,354,0.7181814641361862,false,284293,354,0.7181814641361862
284293,5650,0.7194612824748868,false,284293,5650,0.7194612824748868
284293,58,0.7812948984158754,false,284293,58,0.7812948984158754
284293,2019,0.7436529767120942,false,284293,2019,0.7436529767120942
284293,145873,0.8251290201011428,false,284293,145873,0.8251290201011428
284293,285987,0.7829505368620879,false,284293,285987,0.7829505368620879
284293,864,0.7084927112185567,false,284293,864,0.7084927112185567
284293,3502,0.8828424347325956,false,284293,3502,0.8828424347325956
284293,28755,0.744736869291557,false,284293,28755,0.744736869291557
284293,4004,0.7796926627068403,false,284293,4004,0.7796926627068403
284293,28946,0.8065818188203868,false,284293,28946,0.8065818188203868
284293,28809,0.8302514043716009,false,284293,28809,0.8302514043716009
284293,5653,0.7330102923326623,false,284293,5653,0.7330102923326623
354,1749,0.8069327632551545,false,354,1749,0.8069327632551545
354,5650,0.8847262014381183,false,354,5650,0.8847262014381183
354,105371152,0.739460262132097,false,354,105371152,0.739460262132097
354,58,0.8306349241059712,false,354,58,0.8306349241059712
354,2019,0.787988652403045,false,354,2019,0.787988652403045
354,145873,0.8161667833567257,false,354,145873,0.8161667833567257
354,285987,0.8692768706811111,false,354,285987,0.8692768706811111
354,79674,0.8256605517323924,false,354,79674,0.8256605517323924
354,3502,0.9282780389230567,false,354,3502,0.9282780389230567
354,389336,0.8858482545027386,false,354,389336,0.8858482545027386
354,25818,0.8077090728778994,false,354,25818,0.8077090728778994
354,4004,0.8520801784106921,false,354,4004,0.8520801784106921
354,4973,0.7307164094545756,false,354,4973,0.7307164094545756
354,28946,0.8809422553196131,false,354,28946,0.8809422553196131
354,28809,0.892199545155499,false,354,28809,0.892199545155499
354,5653,0.8628781506370217,false,354,5653,0.8628781506370217
54478,3832,0.7056905012581055,false,54478,3832,0.7056905012581055
54478,9055,0.7228459394264177,false,54478,9055,0.7228459394264177
54478,56992,0.7202358402162978,false,54478,56992,0.7202358402162978
54478,55872,0.7129083990631141,false,54478,55872,0.7129083990631141
54478,55635,0.7761538995401591,false,54478,55635,0.7761538995401591
54478,3833,0.709731359285048,false,54478,3833,0.709731359285048
54478,100507118,0.7582299898968399,false,54478,100507118,0.7582299898968399
55655,1749,0.7207762232521665,false,55655,1749,0.7207762232521665
55655,731220,0.8302641447731899,false,55655,731220,0.8302641447731899
55655,3053,0.8243387117625272,false,55655,3053,0.8243387117625272
55655,3229,0.8680730092321401,false,55655,3229,0.8680730092321401
55655,387895,0.7874682357669291,false,55655,387895,0.7874682357669291
55655,115701,0.8659188864983005,false,55655,115701,0.8659188864983005
55655,11075,0.8049542694077519,false,55655,11075,0.8049542694077519
55655,105377508,0.8239885190945928,false,55655,105377508,0.8239885190945928
55655,2250,0.7813053797884124,false,55655,2250,0.7813053797884124
55655,84561,0.7848313229662303,false,55655,84561,0.7848313229662303
55655,284958,0.806790715538593,false,55655,284958,0.806790715538593
55655,105376041,0.9170143307115053,false,55655,105376041,0.9170143307115053
55655,9956,0.8718616250477725,false,55655,9956,0.8718616250477725
55655,554202,0.7599361133247391,false,55655,554202,0.7599361133247391
55655,105372950,0.7845214768452178,false,55655,105372950,0.7845214768452178
55655,109729169,0.8012722824542032,false,55655,109729169,0.8012722824542032
150468,105375610,0.8177333220500475,false,150468,105375610,0.8177333220500475
150468,9833,0.7522956201564911,false,150468,9833,0.7522956201564911
150468,3161,0.774746637924492,false,150468,3161,0.774746637924492
150468,51203,0.8382592656214632,false,150468,51203,0.8382592656214632
150468,995,0.8469684502216442,false,150468,995,0.8469684502216442
150468,29128,0.7335583080260831,false,150468,29128,0.7335583080260831
150468,113130,0.7042460024189588,false,150468,113130,0.7042460024189588
150468,3832,0.8223159780422798,false,150468,3832,0.8223159780422798
150468,9055,0.7877790313297474,false,150468,9055,0.7877790313297474
150468,332,0.9062325063944612,false,150468,332,0.9062325063944612
150468,157570,0.8458965118782475,false,150468,157570,0.8458965118782475
150468,55872,0.8170820410403801,false,150468,55872,0.8170820410403801
150468,7153,0.8121150315405692,false,150468,7153,0.8121150315405692
150468,891,0.8324899379446707,false,150468,891,0.8324899379446707
150468,4751,0.8126686995520633,false,150468,4751,0.8126686995520633
150468,6241,0.8970697317967701,false,150468,6241,0.8970697317967701
150468,27178,0.7422331107104031,false,150468,27178,0.7422331107104031
150468,83903,0.8947435349990693,false,150468,83903,0.8947435349990693
150468,285643,0.7422331107104031,false,150468,285643,0.7422331107104031
150468,24137,0.8136447649928072,false,150468,24137,0.8136447649928072
150468,55635,0.7203084434708809,false,150468,55635,0.7203084434708809
150468,55723,0.7122883786660701,false,150468,55723,0.7122883786660701
150468,9787,0.8733432074677387,false,150468,9787,0.8733432074677387
150468,1063,0.8477978223067884,false,150468,1063,0.8477978223067884
150468,146909,0.7217231449922131,false,150468,146909,0.7217231449922131
150468,1058,0.7738125919415283,false,150468,1058,0.7738125919415283
150468,221150,0.7058588019977646,false,150468,221150,0.7058588019977646
150468,9232,0.7185531415067836,false,150468,9232,0.7185531415067836
150468,101927813,0.7053489885284865,false,150468,101927813,0.7053489885284865
150468,100507118,0.807067402057797,false,150468,100507118,0.807067402057797
150468,991,0.7015193055432319,false,150468,991,0.7015193055432319
8529,4283,0.7197650824692847,false,8529,4283,0.7197650824692847
8529,147741,0.7640726933334968,false,8529,147741,0.7640726933334968
101927687,647946,0.7903638077232721,false,101927687,647946,0.7903638077232721
101927687,339256,0.7644189565436833,false,101927687,339256,0.7644189565436833
101927687,2019,0.8290734211931887,false,101927687,2019,0.8290734211931887
101927687,864,0.7604843213409447,false,101927687,864,0.7604843213409447
8355,111216286,0.9447030971680468,false,8355,111216286,0.9447030971680468
8355,6273,0.933934490515168,false,8355,6273,0.933934490515168
8355,53820,0.8421953402729977,false,8355,53820,0.8421953402729977
8355,338667,0.930555008329164,false,8355,338667,0.930555008329164
8355,3754,0.73016386478317,false,8355,3754,0.73016386478317
8355,105375674,0.7253954727953187,false,8355,105375674,0.7253954727953187
8355,102724784,0.7524893502299425,false,8355,102724784,0.7524893502299425
8355,107986990,0.7150206801048244,false,8355,107986990,0.7150206801048244
8355,101927760,0.9638956585823534,false,8355,101927760,0.9638956585823534
166979,594855,0.8707261711537084,false,166979,594855,0.8707261711537084
166979,5865,0.9960855739716183,false,166979,5865,0.9960855739716183
166979,3580,0.8762599308561341,false,166979,3580,0.8762599308561341
166979,116173,0.9030492511428123,false,166979,116173,0.9030492511428123
166979,477,0.9301229124215751,false,166979,477,0.9301229124215751
166979,101927686,0.8911585710747171,false,166979,101927686,0.8911585710747171
166979,3512,0.8005458303761894,false,166979,3512,0.8005458303761894
166979,6716,0.9832750406899359,false,166979,6716,0.9832750406899359
166979,219527,0.9407001424091527,false,166979,219527,0.9407001424091527
55388,9833,0.7102141406960151,false,55388,9833,0.7102141406960151
55388,57405,0.7709520789108831,false,55388,57405,0.7709520789108831
55388,29128,0.7504251422343007,false,55388,29128,0.7504251422343007
55388,4001,0.7096382265225946,false,55388,4001,0.7096382265225946
55388,7153,0.731264404033591,false,55388,7153,0.731264404033591
55388,374393,0.765124269182101,false,55388,374393,0.765124269182101
55388,146909,0.7715795205693358,false,55388,146909,0.7715795205693358
55388,64151,0.7089420598972163,false,55388,64151,0.7089420598972163
55388,100507118,0.7136705432552337,false,55388,100507118,0.7136705432552337
55388,100288637,0.7171674497160221,false,55388,100288637,0.7171674497160221
111216286,6273,0.8738309631058524,false,111216286,6273,0.8738309631058524
111216286,107985627,0.7644204058694399,false,111216286,107985627,0.7644204058694399
111216286,53820,0.8608496462426365,false,111216286,53820,0.8608496462426365
111216286,338667,0.8787174788210586,false,111216286,338667,0.8787174788210586
111216286,3754,0.736631045382526,false,111216286,3754,0.736631045382526
111216286,102724784,0.7955626243686761,false,111216286,102724784,0.7955626243686761
111216286,107986990,0.8687555548675507,false,111216286,107986990,0.8687555548675507
111216286,101927760,0.9195229039535536,false,111216286,101927760,0.9195229039535536
105375610,9833,0.731461961179374,false,105375610,9833,0.731461961179374
105375610,995,0.8113036460962546,false,105375610,995,0.8113036460962546
105375610,91828,0.8084862158115806,false,105375610,91828,0.8084862158115806
105375610,3832,0.72621692824449,false,105375610,3832,0.72621692824449
105375610,332,0.752468584789828,false,105375610,332,0.752468584789828
105375610,157570,0.7569374373964128,false,105375610,157570,0.7569374373964128
105375610,81930,0.7662219122720867,false,105375610,81930,0.7662219122720867
105375610,9700,0.7426539953432706,false,105375610,9700,0.7426539953432706
105375610,107985017,0.8387130048864276,false,105375610,107985017,0.8387130048864276
105375610,6241,0.8209666117680293,false,105375610,6241,0.8209666117680293
105375610,83903,0.7517575428546087,false,105375610,83903,0.7517575428546087
105375610,24137,0.7584104445823274,false,105375610,24137,0.7584104445823274
105375610,9787,0.8372224987398639,false,105375610,9787,0.8372224987398639
105375610,9212,0.7757200363529828,false,105375610,9212,0.7757200363529828
105375610,1063,0.7579430620512021,false,105375610,1063,0.7579430620512021
105375610,128239,0.7408462224388905,false,105375610,128239,0.7408462224388905
105375610,146909,0.7131961140728904,false,105375610,146909,0.7131961140728904
105375610,1058,0.8884023248925575,false,105375610,1058,0.8884023248925575
105375610,3833,0.8229330654930873,false,105375610,3833,0.8229330654930873
105375610,9232,0.7605339913450502,false,105375610,9232,0.7605339913450502
105375610,100507118,0.7871531362441849,false,105375610,100507118,0.7871531362441849
105375610,991,0.7430282044270184,false,105375610,991,0.7430282044270184
64094,2834,0.7994733448471094,false,64094,2834,0.7994733448471094
64094,6865,0.7929669093990548,false,64094,6865,0.7929669093990548
64094,6422,0.7063019433975732,false,64094,6422,0.7063019433975732
64094,574029,0.8079384754220321,false,64094,574029,0.8079384754220321
64094,1301,0.7428993595648935,false,64094,1301,0.7428993595648935
101927750,2834,0.7501662624027448,false,101927750,2834,0.7501662624027448
101927750,6865,0.8145091195507403,false,101927750,6865,0.8145091195507403
101927750,105375622,0.8531687641661064,false,101927750,105375622,0.8531687641661064
101927750,574029,0.7861286882436853,false,101927750,574029,0.7861286882436853
101927750,1301,0.8396771563728089,false,101927750,1301,0.8396771563728089
9833,3161,0.8653227484022338,false,9833,3161,0.8653227484022338
9833,51203,0.8739278713754199,false,9833,51203,0.8739278713754199
9833,995,0.7247586667098719,false,9833,995,0.7247586667098719
9833,29128,0.8233242015473987,false,9833,29128,0.8233242015473987
9833,4288,0.7301538204140205,false,9833,4288,0.7301538204140205
9833,3832,0.7498932392079883,false,9833,3832,0.7498932392079883
9833,9055,0.8030523291682459,false,9833,9055,0.8030523291682459
9833,4001,0.7365459879402083,false,9833,4001,0.7365459879402083
9833,332,0.701987232888723,false,9833,332,0.701987232888723
9833,157570,0.7384062438369181,false,9833,157570,0.7384062438369181
9833,11130,0.7851350088303927,false,9833,11130,0.7851350088303927
9833,55872,0.8579717984294402,false,9833,55872,0.8579717984294402
9833,7153,0.8155170909988808,false,9833,7153,0.8155170909988808
9833,9700,0.7374793245992459,false,9833,9700,0.7374793245992459
9833,891,0.7384352995666851,false,9833,891,0.7384352995666851
9833,4751,0.7653475108476696,false,9833,4751,0.7653475108476696
9833,374393,0.7963409213489784,false,9833,374393,0.7963409213489784
9833,107985017,0.7585144779409527,false,9833,107985017,0.7585144779409527
9833,6241,0.8685707168081878,false,9833,6241,0.8685707168081878
9833,24137,0.7905007556842131,false,9833,24137,0.7905007556842131
9833,55635,0.7264497610445524,false,9833,55635,0.7264497610445524
9833,55723,0.78672174084166,false,9833,55723,0.78672174084166
9833,9787,0.8260436597637296,false,9833,9787,0.8260436597637296
9833,9212,0.7202964853792733,false,9833,9212,0.7202964853792733
9833,699,0.8848641337837372,false,9833,699,0.8848641337837372
9833,1063,0.7943978319430025,false,9833,1063,0.7943978319430025
9833,23397,0.8797734597260822,false,9833,23397,0.8797734597260822
9833,128239,0.7162622003686479,false,9833,128239,0.7162622003686479
9833,146909,0.8028157623090955,false,9833,146909,0.8028157623090955
9833,1058,0.77523032418555,false,9833,1058,0.77523032418555
9833,3833,0.8080064359173501,false,9833,3833,0.8080064359173501
9833,221150,0.7950383048489725,false,9833,221150,0.7950383048489725
9833,9232,0.7060301350240176,false,9833,9232,0.7060301350240176
9833,101927813,0.7647894724534932,false,9833,101927813,0.7647894724534932
9833,100507118,0.8223393861170826,false,9833,100507118,0.8223393861170826
9833,100288637,0.7973237662161893,false,9833,100288637,0.7973237662161893
9833,991,0.7058430592205135,false,9833,991,0.7058430592205135
4321,6943,0.7660840148025727,false,4321,6943,0.7660840148025727
4321,2297,0.778558797146103,false,4321,2297,0.778558797146103
349408,55771,0.7387653173401039,false,349408,55771,0.7387653173401039
6860,107985513,0.9502319550068005,false,6860,107985513,0.9502319550068005
6860,113730,0.7980440274968282,false,6860,113730,0.7980440274968282
2834,6865,0.7934877221500478,false,2834,6865,0.7934877221500478
2834,56300,0.7596901979906764,false,2834,56300,0.7596901979906764
2834,105375622,0.8304642500716015,false,2834,105375622,0.8304642500716015
2834,574029,0.8960344813660123,false,2834,574029,0.8960344813660123
2834,27091,0.7272562268460483,false,2834,27091,0.7272562268460483
2834,55789,0.7287400026585065,false,2834,55789,0.7287400026585065
2834,1301,0.8642508529931916,false,2834,1301,0.8642508529931916
3161,51203,0.8775339661157705,false,3161,51203,0.8775339661157705
3161,29128,0.910174401926934,false,3161,29128,0.910174401926934
3161,3832,0.8495641551545637,false,3161,3832,0.8495641551545637
3161,9055,0.9418288194565115,false,3161,9055,0.9418288194565115
3161,57082,0.8045681288966897,false,3161,57082,0.8045681288966897
3161,4001,0.8420807942608336,false,3161,4001,0.8420807942608336
3161,11065,0.721274535057307,false,3161,11065,0.721274535057307
3161,157570,0.7113374514062542,false,3161,157570,0.7113374514062542
3161,56992,0.8704068759122945,false,3161,56992,0.8704068759122945
3161,55247,0.903998017333418,false,3161,55247,0.903998017333418
3161,11130,0.7722488327934733,false,3161,11130,0.7722488327934733
3161,81930,0.7454970693445722,false,3161,81930,0.7454970693445722
3161,55872,0.9683861446463942,false,3161,55872,0.9683861446463942
3161,7153,0.9189089496864316,false,3161,7153,0.9189089496864316
3161,891,0.8560395739281857,false,3161,891,0.8560395739281857
3161,4751,0.9222565626911835,false,3161,4751,0.9222565626911835
3161,6241,0.8529872646948309,false,3161,6241,0.8529872646948309
3161,83903,0.8043737722673695,false,3161,83903,0.8043737722673695
3161,24137,0.8674553337477772,false,3161,24137,0.8674553337477772
3161,55635,0.8089574612584918,false,3161,55635,0.8089574612584918
3161,55723,0.7033191438494271,false,3161,55723,0.7033191438494271
3161,9787,0.8410140449458736,false,3161,9787,0.8410140449458736
3161,699,0.7708843184836656,false,3161,699,0.7708843184836656
3161,1063,0.8578970496722421,false,3161,1063,0.8578970496722421
3161,23397,0.9187006254274505,false,3161,23397,0.9187006254274505
3161,146909,0.7078756364359656,false,3161,146909,0.7078756364359656
3161,1058,0.7141609268324733,false,3161,1058,0.7141609268324733
3161,9928,0.8221191112296259,false,3161,9928,0.8221191112296259
3161,3833,0.7356989810752753,false,3161,3833,0.7356989810752753
3161,64151,0.8474918888522512,false,3161,64151,0.8474918888522512
3161,221150,0.9215854050374661,false,3161,221150,0.9215854050374661
3161,101927813,0.7860425219346651,false,3161,101927813,0.7860425219346651
3161,100507118,0.9000322041809617,false,3161,100507118,0.9000322041809617
3161,100288637,0.8609739143004719,false,3161,100288637,0.8609739143004719
6943,2297,0.7784145234389596,false,6943,2297,0.7784145234389596
1749,5650,0.7813203785601197,false,1749,5650,0.7813203785601197
1749,105369685,0.7530903607459516,false,1749,105369685,0.7530903607459516
1749,285987,0.7111107796528228,false,1749,285987,0.7111107796528228
1749,79674,0.7167207772804236,false,1749,79674,0.7167207772804236
1749,115701,0.7602079339721156,false,1749,115701,0.7602079339721156
1749,27237,0.7312088399146089,false,1749,27237,0.7312088399146089
1749,389336,0.9076717790556545,false,1749,389336,0.9076717790556545
1749,25818,0.7332570861798939,false,1749,25818,0.7332570861798939
1749,4004,0.7018431945220197,false,1749,4004,0.7018431945220197
1749,5653,0.7709758554438259,false,1749,5653,0.7709758554438259
107987172,113730,0.7458483118977846,false,107987172,113730,0.7458483118977846
51203,29128,0.8957019582510236,false,51203,29128,0.8957019582510236
51203,3832,0.8748589065196372,false,51203,3832,0.8748589065196372
51203,9055,0.881494820073266,false,51203,9055,0.881494820073266
51203,57082,0.810081479906928,false,51203,57082,0.810081479906928
51203,4001,0.8385962762335781,false,51203,4001,0.8385962762335781
51203,332,0.7558086448186386,false,51203,332,0.7558086448186386
51203,157570,0.8042034838282949,false,51203,157570,0.8042034838282949
51203,56992,0.707397032627669,false,51203,56992,0.707397032627669
51203,55247,0.7817396861802786,false,51203,55247,0.7817396861802786
51203,11130,0.7597045024335835,false,51203,11130,0.7597045024335835
51203,9496,0.7854888451133186,false,51203,9496,0.7854888451133186
51203,55872,0.8837535575987995,false,51203,55872,0.8837535575987995
51203,7153,0.9368949559920011,false,51203,7153,0.9368949559920011
51203,891,0.8209232679681283,false,51203,891,0.8209232679681283
51203,4751,0.8471434699679277,false,51203,4751,0.8471434699679277
51203,374393,0.7352536843593305,false,51203,374393,0.7352536843593305
51203,6241,0.847271918847426,false,51203,6241,0.847271918847426
51203,83903,0.7649014705867638,false,51203,83903,0.7649014705867638
51203,24137,0.8144745919831499,false,51203,24137,0.8144745919831499
51203,55635,0.8459619484046497,false,51203,55635,0.8459619484046497
51203,9787,0.846878865618275,false,51203,9787,0.846878865618275
51203,699,0.8641072523627705,false,51203,699,0.8641072523627705
51203,1063,0.7980965016899259,false,51203,1063,0.7980965016899259
51203,23397,0.8547910389147239,false,51203,23397,0.8547910389147239
51203,146909,0.7216686768507441,false,51203,146909,0.7216686768507441
51203,9928,0.7599807459266239,false,51203,9928,0.7599807459266239
51203,64151,0.8233322926174387,false,51203,64151,0.8233322926174387
51203,221150,0.7818533037341232,false,51203,221150,0.7818533037341232
51203,100507118,0.8313729907818841,false,51203,100507118,0.8313729907818841
51203,100288637,0.7465345320866299,false,51203,100288637,0.7465345320866299
729447,105377404,0.7673855718188026,false,729447,105377404,0.7673855718188026
729447,112937,0.7062178408628671,false,729447,112937,0.7062178408628671
729447,3664,0.9163750209582904,false,729447,3664,0.9163750209582904
729447,102723547,0.9603039704346089,false,729447,102723547,0.9603039704346089
57405,89958,0.7801418484737656,false,57405,89958,0.7801418484737656
57405,995,0.7499652756908554,false,57405,995,0.7499652756908554
57405,29128,0.7565787349544074,false,57405,29128,0.7565787349544074
57405,113130,0.8817537022215892,false,57405,113130,0.8817537022215892
57405,4288,0.8778373629670017,false,57405,4288,0.8778373629670017
57405,57082,0.8149279803222673,false,57405,57082,0.8149279803222673
57405,332,0.82609882095665,false,57405,332,0.82609882095665
57405,6241,0.7903313047685269,false,57405,6241,0.7903313047685269
57405,10460,0.7053896903802334,false,57405,10460,0.7053896903802334
57405,9156,0.7621895236181331,false,57405,9156,0.7621895236181331
57405,24137,0.8014134124893372,false,57405,24137,0.8014134124893372
57405,9787,0.8055509478712308,false,57405,9787,0.8055509478712308
57405,9212,0.810574708605724,false,57405,9212,0.810574708605724
57405,1063,0.8238907209292583,false,57405,1063,0.8238907209292583
57405,128239,0.75899282716331,false,57405,128239,0.75899282716331
57405,146909,0.8394705557293406,false,57405,146909,0.8394705557293406
57405,3833,0.7125693783232698,false,57405,3833,0.7125693783232698
57405,55771,0.7293714880880736,false,57405,55771,0.7293714880880736
57405,64151,0.8273679689321192,false,57405,64151,0.8273679689321192
57405,221150,0.7348769489255358,false,57405,221150,0.7348769489255358
57405,9232,0.866254507187123,false,57405,9232,0.866254507187123
57405,100507118,0.7784254567586627,false,57405,100507118,0.7784254567586627
57405,991,0.8695898603420052,false,57405,991,0.8695898603420052
57405,10615,0.8801087015749134,false,57405,10615,0.8801087015749134
5650,647946,0.785248694795168,false,5650,647946,0.785248694795168
5650,58,0.9183033334631939,false,5650,58,0.9183033334631939
5650,2019,0.9157566553068218,false,5650,2019,0.9157566553068218
5650,145873,0.8877382883647513,false,5650,145873,0.8877382883647513
5650,285987,0.9868628515714774,false,5650,285987,0.9868628515714774
5650,3502,0.8992216891321915,false,5650,3502,0.8992216891321915
5650,1745,0.7569704295569886,false,5650,1745,0.7569704295569886
5650,27237,0.7986794554487083,false,5650,27237,0.7986794554487083
5650,389336,0.9439066142620716,false,5650,389336,0.9439066142620716
5650,25818,0.959360646668366,false,5650,25818,0.959360646668366
5650,4004,0.9879102409093675,false,5650,4004,0.9879102409093675
5650,4973,0.8250762419184371,false,5650,4973,0.8250762419184371
5650,28946,0.7766791754324307,false,5650,28946,0.7766791754324307
5650,28809,0.9722976409908441,false,5650,28809,0.9722976409908441
5650,5653,0.9843052235902978,false,5650,5653,0.9843052235902978
647946,2019,0.7803093943171716,false,647946,2019,0.7803093943171716
647946,285987,0.8089718774091036,false,647946,285987,0.8089718774091036
647946,3502,0.7425688410393205,false,647946,3502,0.7425688410393205
647946,27237,0.724321852590451,false,647946,27237,0.724321852590451
647946,389336,0.7581083978844828,false,647946,389336,0.7581083978844828
647946,25818,0.7225195652958047,false,647946,25818,0.7225195652958047
647946,4004,0.7905097068439532,false,647946,4004,0.7905097068439532
647946,28809,0.8085756982223251,false,647946,28809,0.8085756982223251
647946,5653,0.8150275258509474,false,647946,5653,0.8150275258509474
6273,107985627,0.7617369487341208,false,6273,107985627,0.7617369487341208
6273,53820,0.8141631686423499,false,6273,53820,0.8141631686423499
6273,338667,0.9688326954627644,false,6273,338667,0.9688326954627644
6273,3754,0.8007278547059533,false,6273,3754,0.8007278547059533
6273,105375674,0.7306909850746355,false,6273,105375674,0.7306909850746355
6273,102724784,0.8273237646012149,false,6273,102724784,0.8273237646012149
6273,107986990,0.7253158380894668,false,6273,107986990,0.7253158380894668
6273,101927760,0.9433739345177101,false,6273,101927760,0.9433739345177101
89958,4288,0.702742302553926,false,89958,4288,0.702742302553926
89958,55771,0.787971134347742,false,89958,55771,0.787971134347742
89958,991,0.7400914693579141,false,89958,991,0.7400914693579141
89958,10615,0.7323299700871043,false,89958,10615,0.7323299700871043
995,29128,0.7034879445579838,false,995,29128,0.7034879445579838
995,113130,0.8192566734829247,false,995,113130,0.8192566734829247
995,4288,0.8600064699551198,false,995,4288,0.8600064699551198
995,11065,0.718473397109357,false,995,11065,0.718473397109357
995,332,0.9280985680468573,false,995,332,0.9280985680468573
995,157570,0.7282867205614397,false,995,157570,0.7282867205614397
995,55872,0.767701802255432,false,995,55872,0.767701802255432
995,7153,0.700726927642703,false,995,7153,0.700726927642703
995,9700,0.7031556778766351,false,995,9700,0.7031556778766351
995,107985017,0.7329193421853767,false,995,107985017,0.7329193421853767
995,6241,0.9284244130632407,false,995,6241,0.9284244130632407
995,83903,0.7441029273806541,false,995,83903,0.7441029273806541
995,24137,0.8818167011615867,false,995,24137,0.8818167011615867
995,112937,0.7595593864426139,false,995,112937,0.7595593864426139
995,55723,0.7006415945959996,false,995,55723,0.7006415945959996
995,9787,0.887192173819206,false,995,9787,0.887192173819206
995,9212,0.8443624173223067,false,995,9212,0.8443624173223067
995,1063,0.8870426935669129,false,995,1063,0.8870426935669129
995,128239,0.820433196556752,false,995,128239,0.820433196556752
995,146909,0.8042953078856477,false,995,146909,0.8042953078856477
995,1058,0.7186268979731333,false,995,1058,0.7186268979731333
995,3833,0.8578430156889323,false,995,3833,0.8578430156889323
995,221150,0.7281153370225149,false,995,221150,0.7281153370225149
995,9232,0.834275469643345,false,995,9232,0.834275469643345
995,100507118,0.8409634402504229,false,995,100507118,0.8409634402504229
995,991,0.8798244642288215,false,995,991,0.8798244642288215
400618,8318,0.7153576553202261,false,400618,8318,0.7153576553202261
400618,253582,0.7072256207636378,false,400618,253582,0.7072256207636378
400618,112937,0.8420882650795836,false,400618,112937,0.8420882650795836
400618,55771,0.721230600108294,false,400618,55771,0.721230600108294
6865,105375622,0.7232288286501619,false,6865,105375622,0.7232288286501619
6865,574029,0.7879862322667748,false,6865,574029,0.7879862322667748
6865,27091,0.7766221470203593,false,6865,27091,0.7766221470203593
6865,1301,0.8133620578602309,false,6865,1301,0.8133620578602309
56300,374946,0.7515281675663921,false,56300,374946,0.7515281675663921
56300,105375622,0.7050632948859222,false,56300,105375622,0.7050632948859222
56300,3229,0.7969582212891329,false,56300,3229,0.7969582212891329
56300,27091,0.7842464782870098,false,56300,27091,0.7842464782870098
56300,387895,0.7965281089759281,false,56300,387895,0.7965281089759281
56300,1301,0.8484204322120952,false,56300,1301,0.8484204322120952
50614,387978,0.8059051674806631,false,50614,387978,0.8059051674806631
50614,27299,0.7539754732669505,false,50614,27299,0.7539754732669505
50614,6664,0.8144907343718946,false,50614,6664,0.8144907343718946
50614,9928,0.7778663222779651,false,50614,9928,0.7778663222779651
91828,107985017,0.8468285678112827,false,91828,107985017,0.8468285678112827
91828,1058,0.7547591258259897,false,91828,1058,0.7547591258259897
91828,3833,0.7029002292725212,false,91828,3833,0.7029002292725212
29128,113130,0.7593065434408289,false,29128,113130,0.7593065434408289
29128,4288,0.7736909688440108,false,29128,4288,0.7736909688440108
29128,3832,0.752740535348677,false,29128,3832,0.752740535348677
29128,9055,0.9037775310241064,false,29128,9055,0.9037775310241064
29128,57082,0.8479519889415346,false,29128,57082,0.8479519889415346
29128,4001,0.9021496840397468,false,29128,4001,0.9021496840397468
29128,11065,0.7807217035448134,false,29128,11065,0.7807217035448134
29128,332,0.7382441366751104,false,29128,332,0.7382441366751104
29128,56992,0.7808297997650173,false,29128,56992,0.7808297997650173
29128,55247,0.8350309211126918,false,29128,55247,0.8350309211126918
29128,387978,0.7124978028724726,false,29128,387978,0.7124978028724726
29128,55872,0.9184535366089734,false,29128,55872,0.9184535366089734
29128,7153,0.9312505710587038,false,29128,7153,0.9312505710587038
29128,9700,0.7432997594666857,false,29128,9700,0.7432997594666857
29128,891,0.8601615240356085,false,29128,891,0.8601615240356085
29128,4751,0.826430740549327,false,29128,4751,0.826430740549327
29128,374393,0.7956299642743221,false,29128,374393,0.7956299642743221
29128,6241,0.8351793650263442,false,29128,6241,0.8351793650263442
29128,24137,0.9042932576626302,false,29128,24137,0.9042932576626302
29128,55635,0.7737712534187492,false,29128,55635,0.7737712534187492
29128,55723,0.7511492631571197,false,29128,55723,0.7511492631571197
29128,9787,0.8656557285111453,false,29128,9787,0.8656557285111453
29128,9212,0.7145221002201888,false,29128,9212,0.7145221002201888
29128,6664,0.7150534174272106,false,29128,6664,0.7150534174272106
29128,699,0.7650906992230887,false,29128,699,0.7650906992230887
29128,1063,0.8469198220292332,false,29128,1063,0.8469198220292332
29128,23397,0.8399459421786406,false,29128,23397,0.8399459421786406
29128,128239,0.7344116295089691,false,29128,128239,0.7344116295089691
29128,146909,0.7528768992951997,false,29128,146909,0.7528768992951997
29128,9928,0.7900592085599222,false,29128,9928,0.7900592085599222
29128,3833,0.7416190895018117,false,29128,3833,0.7416190895018117
29128,64151,0.9215204378493057,false,29128,64151,0.9215204378493057
29128,221150,0.9323919740339619,false,29128,221150,0.9323919740339619
29128,100507118,0.8979794902060131,false,29128,100507118,0.8979794902060131
29128,100288637,0.817469860558787,false,29128,100288637,0.817469860558787
29128,991,0.7627266349734241,false,29128,991,0.7627266349734241
113130,4288,0.9130120375921111,false,113130,4288,0.9130120375921111
113130,11065,0.8282031222410536,false,113130,11065,0.8282031222410536
113130,332,0.8603108460984678,false,113130,332,0.8603108460984678
113130,9700,0.7688816354349891,false,113130,9700,0.7688816354349891
113130,891,0.71747826431065,false,113130,891,0.71747826431065
113130,107985017,0.8096975011811335,false,113130,107985017,0.8096975011811335
113130,6241,0.8403396308920947,false,113130,6241,0.8403396308920947
113130,10460,0.7396435831255115,false,113130,10460,0.7396435831255115
113130,8318,0.7697894276639429,false,113130,8318,0.7697894276639429
113130,24137,0.8421986102734398,false,113130,24137,0.8421986102734398
113130,55723,0.8220527329244978,false,113130,55723,0.8220527329244978
113130,9787,0.890365053036601,false,113130,9787,0.890365053036601
113130,9212,0.9106393199552206,false,113130,9212,0.9106393199552206
113130,1063,0.843783039565535,false,113130,1063,0.843783039565535
113130,128239,0.8197157785707334,false,113130,128239,0.8197157785707334
113130,146909,0.9034936560974463,false,113130,146909,0.9034936560974463
113130,1058,0.7118684661493876,false,113130,1058,0.7118684661493876
113130,3833,0.7831687602481652,false,113130,3833,0.7831687602481652
113130,55771,0.7487138654388579,false,113130,55771,0.7487138654388579
113130,64151,0.7425275824390897,false,113130,64151,0.7425275824390897
113130,221150,0.8017700865327025,false,113130,221150,0.8017700865327025
113130,9232,0.9324876646724773,false,113130,9232,0.9324876646724773
113130,100507118,0.8273977851439538,false,113130,100507118,0.8273977851439538
113130,991,0.9324725367499966,false,113130,991,0.9324725367499966
113130,10615,0.8115415211198989,false,113130,10615,0.8115415211198989
374946,344,0.7597451296074017,false,374946,344,0.7597451296074017
374946,3229,0.7647188379898867,false,374946,3229,0.7647188379898867
374946,100533990,0.7773895876343375,false,374946,100533990,0.7773895876343375
374946,387895,0.7674681078475958,false,374946,387895,0.7674681078475958
374946,11075,0.7704827024221241,false,374946,11075,0.7704827024221241
374946,5798,0.9009305417394671,false,374946,5798,0.9009305417394671
374946,2250,0.7167597013802746,false,374946,2250,0.7167597013802746
374946,109729169,0.8298832856058433,false,374946,109729169,0.8298832856058433
4288,11065,0.7834489990568535,false,4288,11065,0.7834489990568535
4288,332,0.8711520527154879,false,4288,332,0.8711520527154879
4288,10874,0.7039381363816007,false,4288,10874,0.7039381363816007
4288,9700,0.8582066657008787,false,4288,9700,0.8582066657008787
4288,107985017,0.7404725707676761,false,4288,107985017,0.7404725707676761
4288,6241,0.8937630655715437,false,4288,6241,0.8937630655715437
4288,147841,0.7511615357532144,false,4288,147841,0.7511615357532144
4288,10460,0.7017570313579353,false,4288,10460,0.7017570313579353
4288,9582,0.7058418119250438,false,4288,9582,0.7058418119250438
4288,8318,0.7635557331503439,false,4288,8318,0.7635557331503439
4288,24137,0.8951056344320549,false,4288,24137,0.8951056344320549
4288,112937,0.7859057969882173,false,4288,112937,0.7859057969882173
4288,55723,0.7500002197918243,false,4288,55723,0.7500002197918243
4288,9787,0.9141280842061832,false,4288,9787,0.9141280842061832
4288,9212,0.963559657797555,false,4288,9212,0.963559657797555
4288,1063,0.8529475743250354,false,4288,1063,0.8529475743250354
4288,23397,0.7067407234728169,false,4288,23397,0.7067407234728169
4288,128239,0.9533628548811335,false,4288,128239,0.9533628548811335
4288,146909,0.876270579307136,false,4288,146909,0.876270579307136
4288,3833,0.8720253108551086,false,4288,3833,0.8720253108551086
4288,55771,0.755653397493232,false,4288,55771,0.755653397493232
4288,64151,0.7980030959285862,false,4288,64151,0.7980030959285862
4288,221150,0.8021552864461894,false,4288,221150,0.8021552864461894
4288,9232,0.927869472117146,false,4288,9232,0.927869472117146
4288,100507118,0.7690837496763206,false,4288,100507118,0.7690837496763206
4288,991,0.9752595271946685,false,4288,991,0.9752595271946685
4288,10615,0.8885317248442337,false,4288,10615,0.8885317248442337
107985627,338667,0.8242817294408865,false,107985627,338667,0.8242817294408865
107985627,3754,0.8252108325003822,false,107985627,3754,0.8252108325003822
107985627,102724784,0.9583965513551169,false,107985627,102724784,0.9583965513551169
107985627,107986990,0.8208894053511582,false,107985627,107986990,0.8208894053511582
107985627,101927760,0.7569237541099291,false,107985627,101927760,0.7569237541099291
3832,9055,0.8598967207825943,false,3832,9055,0.8598967207825943
3832,57082,0.7136854376176281,false,3832,57082,0.7136854376176281
3832,332,0.7053791905504505,false,3832,332,0.7053791905504505
3832,157570,0.8498408292598918,false,3832,157570,0.8498408292598918
3832,55247,0.783644012651977,false,3832,55247,0.783644012651977
3832,81930,0.7255855014517376,false,3832,81930,0.7255855014517376
3832,9496,0.7148339203439558,false,3832,9496,0.7148339203439558
3832,55872,0.8778091606237202,false,3832,55872,0.8778091606237202
3832,7153,0.8759498924764438,false,3832,7153,0.8759498924764438
3832,4751,0.9076119362370009,false,3832,4751,0.9076119362370009
3832,6241,0.7605069771566108,false,3832,6241,0.7605069771566108
3832,27178,0.7411243982229199,false,3832,27178,0.7411243982229199
3832,83903,0.8386931844075657,false,3832,83903,0.8386931844075657
3832,285643,0.7411243982229199,false,3832,285643,0.7411243982229199
3832,24137,0.7721627570769181,false,3832,24137,0.7721627570769181
3832,55635,0.8213033502865376,false,3832,55635,0.8213033502865376
3832,9787,0.7759620176737457,false,3832,9787,0.7759620176737457
3832,1063,0.8290396729397389,false,3832,1063,0.8290396729397389
3832,23397,0.742190958018457,false,3832,23397,0.742190958018457
3832,1058,0.725455872753595,false,3832,1058,0.725455872753595
3832,100507118,0.8234423095253799,false,3832,100507118,0.8234423095253799
9055,57082,0.759296868568218,false,9055,57082,0.759296868568218
9055,4001,0.8333300550904168,false,9055,4001,0.8333300550904168
9055,157570,0.7117110604905657,false,9055,157570,0.7117110604905657
9055,56992,0.8398011173151729,false,9055,56992,0.8398011173151729
9055,55247,0.9145671633677266,false,9055,55247,0.9145671633677266
9055,9496,0.7233679486202407,false,9055,9496,0.7233679486202407
9055,55872,0.9297340471616958,false,9055,55872,0.9297340471616958
9055,7153,0.9389690049195683,false,9055,7153,0.9389690049195683
9055,891,0.8217515843952798,false,9055,891,0.8217515843952798
9055,4751,0.9423500819500756,false,9055,4751,0.9423500819500756
9055,6241,0.7956008778097539,false,9055,6241,0.7956008778097539
9055,83903,0.8180756673857547,false,9055,83903,0.8180756673857547
9055,24137,0.822101715186752,false,9055,24137,0.822101715186752
9055,55635,0.8576949618748476,false,9055,55635,0.8576949618748476
9055,9787,0.8077465756547276,false,9055,9787,0.8077465756547276
9055,1063,0.80666236443406,false,9055,1063,0.80666236443406
9055,23397,0.8069561513355442,false,9055,23397,0.8069561513355442
9055,9928,0.7991795633285028,false,9055,9928,0.7991795633285028
9055,64151,0.8104861796205003,false,9055,64151,0.8104861796205003
9055,221150,0.8710665597912681,false,9055,221150,0.8710665597912681
9055,100507118,0.9270133215152667,false,9055,100507118,0.9270133215152667
9055,100288637,0.8074839609630998,false,9055,100288637,0.8074839609630998
57082,4001,0.8343531273305382,false,57082,4001,0.8343531273305382
57082,332,0.7166115220143061,false,57082,332,0.7166115220143061
57082,56992,0.8382822221099556,false,57082,56992,0.8382822221099556
57082,55247,0.7770168538370151,false,57082,55247,0.7770168538370151
57082,387978,0.7075709080136408,false,57082,387978,0.7075709080136408
57082,55872,0.8390774712367793,false,57082,55872,0.8390774712367793
57082,7153,0.8731216802530214,false,57082,7153,0.8731216802530214
57082,891,0.7487493582995005,false,57082,891,0.7487493582995005
57082,4751,0.7062522590978914,false,57082,4751,0.7062522590978914
57082,6241,0.7507242447612638,false,57082,6241,0.7507242447612638
57082,24137,0.804944052280427,false,57082,24137,0.804944052280427
57082,55635,0.7051131651277296,false,57082,55635,0.7051131651277296
57082,9787,0.7282535829931234,false,57082,9787,0.7282535829931234
57082,6664,0.7399787912772309,false,57082,6664,0.7399787912772309
57082,1063,0.7744684833324487,false,57082,1063,0.7744684833324487
57082,23397,0.756632156537678,false,57082,23397,0.756632156537678
57082,9928,0.8725576754281995,false,57082,9928,0.8725576754281995
57082,64151,0.9275656726237248,false,57082,64151,0.9275656726237248
57082,221150,0.7828186871042607,false,57082,221150,0.7828186871042607
57082,100507118,0.7650106625163346,false,57082,100507118,0.7650106625163346
57082,10615,0.7180039345795344,false,57082,10615,0.7180039345795344
4001,3604,0.7798484675387678,false,4001,3604,0.7798484675387678
4001,56992,0.7378103048380651,false,4001,56992,0.7378103048380651
4001,55247,0.8481216422824349,false,4001,55247,0.8481216422824349
4001,11130,0.7068452320491677,false,4001,11130,0.7068452320491677
4001,387978,0.8113466335420938,false,4001,387978,0.8113466335420938
4001,55872,0.8305175863581342,false,4001,55872,0.8305175863581342
4001,7153,0.8764083933624552,false,4001,7153,0.8764083933624552
4001,4751,0.7717213816702002,false,4001,4751,0.7717213816702002
4001,27299,0.793300997988896,false,4001,27299,0.793300997988896
4001,24137,0.7251431521240793,false,4001,24137,0.7251431521240793
4001,55635,0.7315972387443698,false,4001,55635,0.7315972387443698
4001,6664,0.8271605445435466,false,4001,6664,0.8271605445435466
4001,699,0.8172862057237247,false,4001,699,0.8172862057237247
4001,23397,0.8415949237997765,false,4001,23397,0.8415949237997765
4001,9928,0.8558349266778711,false,4001,9928,0.8558349266778711
4001,4547,0.7784404308898946,false,4001,4547,0.7784404308898946
4001,64151,0.8729175836460429,false,4001,64151,0.8729175836460429
4001,221150,0.7877524398685347,false,4001,221150,0.7877524398685347
4001,100507118,0.7093860511618436,false,4001,100507118,0.7093860511618436
4001,100288637,0.8652616574106144,false,4001,100288637,0.8652616574106144
53820,338667,0.8348989401178103,false,53820,338667,0.8348989401178103
53820,107986990,0.721327801565579,false,53820,107986990,0.721327801565579
53820,101927760,0.8683134922937973,false,53820,101927760,0.8683134922937973
11065,332,0.7151019566089776,false,11065,332,0.7151019566089776
11065,55872,0.7176697779809854,false,11065,55872,0.7176697779809854
11065,891,0.8320997849909136,false,11065,891,0.8320997849909136
11065,374393,0.7276411138028946,false,11065,374393,0.7276411138028946
11065,6241,0.7639973881332637,false,11065,6241,0.7639973881332637
11065,24137,0.7731799451965826,false,11065,24137,0.7731799451965826
11065,55723,0.9122528436164402,false,11065,55723,0.9122528436164402
11065,9787,0.7709962135688131,false,11065,9787,0.7709962135688131
11065,9212,0.7609173179473177,false,11065,9212,0.7609173179473177
11065,128239,0.7563359820157316,false,11065,128239,0.7563359820157316
11065,3833,0.7505783868049319,false,11065,3833,0.7505783868049319
11065,221150,0.8830310852864661,false,11065,221150,0.8830310852864661
11065,9232,0.7051692658814775,false,11065,9232,0.7051692658814775
11065,100507118,0.7843256781869248,false,11065,100507118,0.7843256781869248
11065,991,0.8015343454839777,false,11065,991,0.8015343454839777
11065,10615,0.7918307891346467,false,11065,10615,0.7918307891346467
332,157570,0.720186663054492,false,332,157570,0.720186663054492
332,55872,0.7737004418554271,false,332,55872,0.7737004418554271
332,7153,0.7428429789064254,false,332,7153,0.7428429789064254
332,891,0.8018494509661205,false,332,891,0.8018494509661205
332,6241,0.9363315082313798,false,332,6241,0.9363315082313798
332,147841,0.7632238487715685,false,332,147841,0.7632238487715685
332,10460,0.7576551771896886,false,332,10460,0.7576551771896886
332,9156,0.8292315091243614,false,332,9156,0.8292315091243614
332,8318,0.7552428649675826,false,332,8318,0.7552428649675826
332,83903,0.7193912653239746,false,332,83903,0.7193912653239746
332,24137,0.8861477010753595,false,332,24137,0.8861477010753595
332,55723,0.7327340503694652,false,332,55723,0.7327340503694652
332,9787,0.9189979138697071,false,332,9787,0.9189979138697071
332,9212,0.8352143856050557,false,332,9212,0.8352143856050557
332,1063,0.9030218189090804,false,332,1063,0.9030218189090804
332,128239,0.7981231651323861,false,332,128239,0.7981231651323861
332,146909,0.8237702622137903,false,332,146909,0.8237702622137903
332,1058,0.7310339994896922,false,332,1058,0.7310339994896922
332,3833,0.7777840384803928,false,332,3833,0.7777840384803928
332,55771,0.7468249658609097,false,332,55771,0.7468249658609097
332,64151,0.7606036452205599,false,332,64151,0.7606036452205599
332,221150,0.7390981271801594,false,332,221150,0.7390981271801594
332,9232,0.882737268139921,false,332,9232,0.882737268139921
332,100507118,0.8069731962594626,false,332,100507118,0.8069731962594626
332,991,0.8866992546677331,false,332,991,0.8866992546677331
332,10615,0.759616525837481,false,332,10615,0.759616525837481
344,100533990,0.986378926051778,false,344,100533990,0.986378926051778
344,11075,0.7391048920137139,false,344,11075,0.7391048920137139
344,5798,0.913509024717825,false,344,5798,0.913509024717825
344,109729169,0.8475269624499743,false,344,109729169,0.8475269624499743
731220,3053,0.714682071103773,false,731220,3053,0.714682071103773
731220,3229,0.8044459214657231,false,731220,3229,0.8044459214657231
731220,105375690,0.7098677753030751,false,731220,105375690,0.7098677753030751
731220,387895,0.735122355862502,false,731220,387895,0.735122355862502
731220,115701,0.7493611324590217,false,731220,115701,0.7493611324590217
731220,11075,0.8497076627529938,false,731220,11075,0.8497076627529938
731220,105376041,0.8554282441494878,false,731220,105376041,0.8554282441494878
731220,9956,0.8337358942499956,false,731220,9956,0.8337358942499956
731220,554202,0.7923073526623914,false,731220,554202,0.7923073526623914
731220,105372950,0.7176702689308123,false,731220,105372950,0.7176702689308123
731220,80329,0.766495278906928,false,731220,80329,0.766495278906928
731220,109729169,0.7222226701414394,false,731220,109729169,0.7222226701414394
4283,339256,0.833454687978773,false,4283,339256,0.833454687978773
4283,107985513,0.708278316582941,false,4283,107985513,0.708278316582941
4283,147741,0.9601654753101487,false,4283,147741,0.9601654753101487
4283,100506655,0.9268463713799792,false,4283,100506655,0.9268463713799792
4283,23532,0.9100555590249465,false,4283,23532,0.9100555590249465
4283,113730,0.7149877617034228,false,4283,113730,0.7149877617034228
105371152,79674,0.725703290007969,false,105371152,79674,0.725703290007969
105371152,477,0.8263349200793734,false,105371152,477,0.8263349200793734
105371152,3502,0.802744302515257,false,105371152,3502,0.802744302515257
105371152,28946,0.9195614525586527,false,105371152,28946,0.9195614525586527
105371152,3512,0.8740027049609973,false,105371152,3512,0.8740027049609973
105371152,28809,0.703842450532229,false,105371152,28809,0.703842450532229
3053,3229,0.7989617532892093,false,3053,3229,0.7989617532892093
3053,100533990,0.7165790954563107,false,3053,100533990,0.7165790954563107
3053,387895,0.8016559095773879,false,3053,387895,0.8016559095773879
3053,115701,0.7254244250711602,false,3053,115701,0.7254244250711602
3053,11075,0.7609948286337522,false,3053,11075,0.7609948286337522
3053,5798,0.7560476570875673,false,3053,5798,0.7560476570875673
3053,105377508,0.7649631293981748,false,3053,105377508,0.7649631293981748
3053,84561,0.8925948026768631,false,3053,84561,0.8925948026768631
3053,105376041,0.8993826029814993,false,3053,105376041,0.8993826029814993
3053,9956,0.780989780285279,false,3053,9956,0.780989780285279
3053,554202,0.7520755001842828,false,3053,554202,0.7520755001842828
3053,105372950,0.8490510074168265,false,3053,105372950,0.8490510074168265
3053,109729169,0.8486157590011559,false,3053,109729169,0.8486157590011559
338667,3754,0.8566975265663322,false,338667,3754,0.8566975265663322
338667,105375674,0.7706109342463171,false,338667,105375674,0.7706109342463171
338667,102724784,0.8616241761990017,false,338667,102724784,0.8616241761990017
338667,107986990,0.7453771397938064,false,338667,107986990,0.7453771397938064
338667,101927760,0.9786284090557588,false,338667,101927760,0.9786284090557588
3754,105375674,0.7229719982668182,false,3754,105375674,0.7229719982668182
3754,102724784,0.826170207138407,false,3754,102724784,0.826170207138407
3754,107986990,0.73459957028688,false,3754,107986990,0.73459957028688
3754,101927760,0.8011625853504838,false,3754,101927760,0.8011625853504838
339256,10437,0.7298556943346174,false,339256,10437,0.7298556943346174
339256,147741,0.8145556774682782,false,339256,147741,0.8145556774682782
339256,100506655,0.7020582070149355,false,339256,100506655,0.7020582070149355
58,2019,0.8343824834824544,false,58,2019,0.8343824834824544
58,145873,0.9304820144439486,false,58,145873,0.9304820144439486
58,285987,0.9435892803703748,false,58,285987,0.9435892803703748
58,3502,0.8838992977354198,false,58,3502,0.8838992977354198
58,27237,0.7094722377888174,false,58,27237,0.7094722377888174
58,389336,0.8510950332913965,false,58,389336,0.8510950332913965
58,25818,0.8826875129628905,false,58,25818,0.8826875129628905
58,4004,0.9306425428713724,false,58,4004,0.9306425428713724
58,4973,0.755689339280615,false,58,4973,0.755689339280615
58,28946,0.7339247757725318,false,58,28946,0.7339247757725318
58,28809,0.9291735370744758,false,58,28809,0.9291735370744758
58,5653,0.9045163324981316,false,58,5653,0.9045163324981316
105369685,10437,0.7220838489681395,false,105369685,10437,0.7220838489681395
105369685,4166,0.7630348086545647,false,105369685,4166,0.7630348086545647
105369685,115701,0.7557029375896117,false,105369685,115701,0.7557029375896117
105369685,27237,0.7116446252891969,false,105369685,27237,0.7116446252891969
3604,55247,0.7552356876156311,false,3604,55247,0.7552356876156311
3604,387978,0.9204640697190871,false,3604,387978,0.9204640697190871
3604,27299,0.9350148106886838,false,3604,27299,0.9350148106886838
3604,6664,0.9097236543251883,false,3604,6664,0.9097236543251883
3604,4547,0.7858341662503205,false,3604,4547,0.7858341662503205
3604,3627,0.7505046735843383,false,3604,3627,0.7505046735843383
157570,9496,0.7297315046765389,false,157570,9496,0.7297315046765389
157570,55872,0.8010795114517533,false,157570,55872,0.8010795114517533
157570,7153,0.7853427626277419,false,157570,7153,0.7853427626277419
157570,4751,0.7846102705836159,false,157570,4751,0.7846102705836159
157570,6241,0.7447833224804237,false,157570,6241,0.7447833224804237
157570,27178,0.8166486976633603,false,157570,27178,0.8166486976633603
157570,83903,0.7802653416018579,false,157570,83903,0.7802653416018579
157570,285643,0.8166486976633603,false,157570,285643,0.8166486976633603
157570,24137,0.706944956710143,false,157570,24137,0.706944956710143
157570,55635,0.7377147736502867,false,157570,55635,0.7377147736502867
157570,1063,0.7040940502866991,false,157570,1063,0.7040940502866991
157570,100507118,0.7064308008493099,false,157570,100507118,0.7064308008493099
10437,1745,0.7194821123100589,false,10437,1745,0.7194821123100589
10437,5653,0.7147766619353776,false,10437,5653,0.7147766619353776
56992,55247,0.8912353618527026,false,56992,55247,0.8912353618527026
56992,387978,0.7581546212362181,false,56992,387978,0.7581546212362181
56992,55872,0.8176599937110982,false,56992,55872,0.8176599937110982
56992,7153,0.7772945747249946,false,56992,7153,0.7772945747249946
56992,891,0.7707460940524644,false,56992,891,0.7707460940524644
56992,4751,0.7575691674540429,false,56992,4751,0.7575691674540429
56992,6241,0.7177003337965013,false,56992,6241,0.7177003337965013
56992,24137,0.7586016489940374,false,56992,24137,0.7586016489940374
56992,9787,0.7195837650272716,false,56992,9787,0.7195837650272716
56992,6664,0.7740827326639468,false,56992,6664,0.7740827326639468
56992,1063,0.7137491693744662,false,56992,1063,0.7137491693744662
56992,23397,0.7825867540577884,false,56992,23397,0.7825867540577884
56992,9928,0.7896645491774613,false,56992,9928,0.7896645491774613
56992,64151,0.8409988118331394,false,56992,64151,0.8409988118331394
56992,221150,0.8643232666563901,false,56992,221150,0.8643232666563901
56992,100507118,0.802738025698014,false,56992,100507118,0.802738025698014
56992,100288637,0.725597342508682,false,56992,100288637,0.725597342508682
2019,145873,0.8574461997216731,false,2019,145873,0.8574461997216731
2019,285987,0.919871154213451,false,2019,285987,0.919871154213451
2019,3502,0.8216855753381584,false,2019,3502,0.8216855753381584
2019,27237,0.72537896947559,false,2019,27237,0.72537896947559
2019,389336,0.8759453158452741,false,2019,389336,0.8759453158452741
2019,25818,0.8570102156450152,false,2019,25818,0.8570102156450152
2019,4004,0.918220897982131,false,2019,4004,0.918220897982131
2019,4973,0.7388301990954225,false,2019,4973,0.7388301990954225
2019,28946,0.7183734923290498,false,2019,28946,0.7183734923290498
2019,28809,0.9033616403831904,false,2019,28809,0.9033616403831904
2019,5653,0.9041444335247354,false,2019,5653,0.9041444335247354
105375622,641,0.7378007639353034,false,105375622,641,0.7378007639353034
105375622,574029,0.8454050186397609,false,105375622,574029,0.8454050186397609
105375622,55789,0.7235828225157904,false,105375622,55789,0.7235828225157904
105375622,1301,0.8615955604272582,false,105375622,1301,0.8615955604272582
594855,5865,0.864609643959899,false,594855,5865,0.864609643959899
594855,3580,0.7956834955680457,false,594855,3580,0.7956834955680457
594855,116173,0.8660457594116769,false,594855,116173,0.8660457594116769
594855,477,0.8448488012795979,false,594855,477,0.8448488012795979
594855,101927686,0.750062605734191,false,594855,101927686,0.750062605734191
594855,3512,0.7578978832778543,false,594855,3512,0.7578978832778543
594855,6716,0.8898212205089749,false,594855,6716,0.8898212205089749
594855,219527,0.7796744038869656,false,594855,219527,0.7796744038869656
55247,387978,0.822498720334475,false,55247,387978,0.822498720334475
55247,55872,0.8665017567414554,false,55247,55872,0.8665017567414554
55247,7153,0.8655069465441992,false,55247,7153,0.8655069465441992
55247,891,0.7558958986729497,false,55247,891,0.7558958986729497
55247,4751,0.8959819392041797,false,55247,4751,0.8959819392041797
55247,27299,0.8147649876176566,false,55247,27299,0.8147649876176566
55247,83903,0.7633724310221291,false,55247,83903,0.7633724310221291
55247,24137,0.758281872534923,false,55247,24137,0.758281872534923
55247,55635,0.8223024870040573,false,55247,55635,0.8223024870040573
55247,9787,0.708569482220562,false,55247,9787,0.708569482220562
55247,6664,0.8177406817064521,false,55247,6664,0.8177406817064521
55247,1063,0.7577036003321442,false,55247,1063,0.7577036003321442
55247,23397,0.8222343980676773,false,55247,23397,0.8222343980676773
55247,9928,0.8554495682403033,false,55247,9928,0.8554495682403033
55247,64151,0.8404107677597583,false,55247,64151,0.8404107677597583
55247,221150,0.8349806188182517,false,55247,221150,0.8349806188182517
55247,101927813,0.7012109835609588,false,55247,101927813,0.7012109835609588
55247,100507118,0.7955389820519997,false,55247,100507118,0.7955389820519997
55247,100288637,0.814437730369842,false,55247,100288637,0.814437730369842
10595,9156,0.7474564921055792,false,10595,9156,0.7474564921055792
11130,9496,0.7122459650629488,false,11130,9496,0.7122459650629488
11130,55872,0.7115845398787808,false,11130,55872,0.7115845398787808
11130,4751,0.7696606777737734,false,11130,4751,0.7696606777737734
11130,22974,0.7643587589750999,false,11130,22974,0.7643587589750999
11130,699,0.8531463350089674,false,11130,699,0.8531463350089674
11130,23397,0.8287001081904398,false,11130,23397,0.8287001081904398
11130,101927813,0.8331489771349453,false,11130,101927813,0.8331489771349453
11130,100288637,0.7743445904907791,false,11130,100288637,0.7743445904907791
81930,1058,0.8001668167866548,false,81930,1058,0.8001668167866548
5865,3580,0.8649538706425092,false,5865,3580,0.8649538706425092
5865,116173,0.8928208779569536,false,5865,116173,0.8928208779569536
5865,477,0.9277626257317373,false,5865,477,0.9277626257317373
5865,101927686,0.8808120423632457,false,5865,101927686,0.8808120423632457
5865,3512,0.7896490295495686,false,5865,3512,0.7896490295495686
5865,6716,0.9761005553319446,false,5865,6716,0.9761005553319446
5865,219527,0.9322846853005325,false,5865,219527,0.9322846853005325
100130275,1745,0.7857243794240591,false,100130275,1745,0.7857243794240591
145873,285987,0.8949085914271795,false,145873,285987,0.8949085914271795
145873,3502,0.8481679392331212,false,145873,3502,0.8481679392331212
145873,389336,0.8222091425783171,false,145873,389336,0.8222091425783171
145873,25818,0.8204654958409697,false,145873,25818,0.8204654958409697
145873,4004,0.8900874541338174,false,145873,4004,0.8900874541338174
145873,4973,0.70132675064189,false,145873,4973,0.70132675064189
145873,28946,0.7120586014282831,false,145873,28946,0.7120586014282831
145873,28809,0.8848302946142583,false,145873,28809,0.8848302946142583
145873,5653,0.8711285862203547,false,145873,5653,0.8711285862203547
105375674,101927760,0.7240643943092413,false,105375674,101927760,0.7240643943092413
105375674,2835,0.7343927770585934,false,105375674,2835,0.7343927770585934
387978,27299,0.940719672531805,false,387978,27299,0.940719672531805
387978,6664,0.9907148909558058,false,387978,6664,0.9907148909558058
387978,9928,0.7444665987913878,false,387978,9928,0.7444665987913878
387978,4547,0.8648653889844862,false,387978,4547,0.8648653889844862
387978,64151,0.7812385197652901,false,387978,64151,0.7812385197652901
387978,100288637,0.7253857966911845,false,387978,100288637,0.7253857966911845
387978,3627,0.7107383272493496,false,387978,3627,0.7107383272493496
9496,7153,0.75374776980781,false,9496,7153,0.75374776980781
9496,4751,0.7809065364608381,false,9496,4751,0.7809065364608381
9496,55635,0.7183493244961751,false,9496,55635,0.7183493244961751
9496,9928,0.708946375032896,false,9496,9928,0.708946375032896
641,1301,0.7163879133001507,false,641,1301,0.7163879133001507
55872,7153,0.9555274400193774,false,55872,7153,0.9555274400193774
55872,891,0.8532639835579066,false,55872,891,0.8532639835579066
55872,4751,0.9304117078034224,false,55872,4751,0.9304117078034224
55872,374393,0.7173097306692559,false,55872,374393,0.7173097306692559
55872,6241,0.8762690620687429,false,55872,6241,0.8762690620687429
55872,83903,0.799053107740145,false,55872,83903,0.799053107740145
55872,24137,0.9099279920628085,false,55872,24137,0.9099279920628085
55872,55635,0.8520730330705842,false,55872,55635,0.8520730330705842
55872,55723,0.7158064044976378,false,55872,55723,0.7158064044976378
55872,9787,0.8473551519644953,false,55872,9787,0.8473551519644953
55872,699,0.7500294874529477,false,55872,699,0.7500294874529477
55872,1063,0.90403631223258,false,55872,1063,0.90403631223258
55872,23397,0.8721298011975943,false,55872,23397,0.8721298011975943
55872,146909,0.7382574110854997,false,55872,146909,0.7382574110854997
55872,9928,0.8513347680447061,false,55872,9928,0.8513347680447061
55872,3833,0.777418954487905,false,55872,3833,0.777418954487905
55872,64151,0.848125528377257,false,55872,64151,0.848125528377257
55872,221150,0.9054047296256393,false,55872,221150,0.9054047296256393
55872,101927813,0.7171744826269723,false,55872,101927813,0.7171744826269723
55872,100507118,0.9215434188643225,false,55872,100507118,0.9215434188643225
55872,100288637,0.8248363893590623,false,55872,100288637,0.8248363893590623
57016,10874,0.7478703254444802,false,57016,10874,0.7478703254444802
10874,147841,0.7287272119735579,false,10874,147841,0.7287272119735579
10874,8318,0.7228625985813408,false,10874,8318,0.7228625985813408
84419,23562,0.7524534030619364,false,84419,23562,0.7524534030619364
3580,116173,0.7536545205294434,false,3580,116173,0.7536545205294434
3580,477,0.8053610499567925,false,3580,477,0.8053610499567925
3580,101927686,0.8160382628263353,false,3580,101927686,0.8160382628263353
3580,3512,0.781987428003519,false,3580,3512,0.781987428003519
3580,6716,0.939769303837837,false,3580,6716,0.939769303837837
3580,219527,0.7490878379890242,false,3580,219527,0.7490878379890242
7153,891,0.829170732750555,false,7153,891,0.829170732750555
7153,4751,0.9235035893207308,false,7153,4751,0.9235035893207308
7153,374393,0.74531866319621,false,7153,374393,0.74531866319621
7153,6241,0.8186091128544659,false,7153,6241,0.8186091128544659
7153,83903,0.7627800959204777,false,7153,83903,0.7627800959204777
7153,24137,0.8384996112977651,false,7153,24137,0.8384996112977651
7153,55635,0.8858374499183442,false,7153,55635,0.8858374499183442
7153,9787,0.8000862706775375,false,7153,9787,0.8000862706775375
7153,699,0.7582409676985828,false,7153,699,0.7582409676985828
7153,1063,0.8416931677509727,false,7153,1063,0.8416931677509727
7153,23397,0.8102706967607043,false,7153,23397,0.8102706967607043
7153,9928,0.8862650458748592,false,7153,9928,0.8862650458748592
7153,64151,0.857557412347774,false,7153,64151,0.857557412347774
7153,221150,0.8329355461074968,false,7153,221150,0.8329355461074968
7153,100507118,0.8973100043953967,false,7153,100507118,0.8973100043953967
7153,100288637,0.8050509299617281,false,7153,100288637,0.8050509299617281
9700,374393,0.7062459838760902,false,9700,374393,0.7062459838760902
9700,107985017,0.8452267736039302,false,9700,107985017,0.8452267736039302
9700,6241,0.7838575771682568,false,9700,6241,0.7838575771682568
9700,9582,0.7200644299177211,false,9700,9582,0.7200644299177211
9700,24137,0.786261117894605,false,9700,24137,0.786261117894605
9700,112937,0.7057787961985622,false,9700,112937,0.7057787961985622
9700,55723,0.7354364822102815,false,9700,55723,0.7354364822102815
9700,9787,0.8198214091760755,false,9700,9787,0.8198214091760755
9700,9212,0.870651788426458,false,9700,9212,0.870651788426458
9700,128239,0.922027983303512,false,9700,128239,0.922027983303512
9700,146909,0.7680649976011898,false,9700,146909,0.7680649976011898
9700,3833,0.8628727739954511,false,9700,3833,0.8628727739954511
9700,221150,0.7407773846771465,false,9700,221150,0.7407773846771465
9700,9232,0.811291828426969,false,9700,9232,0.811291828426969
9700,100507118,0.7320138077374786,false,9700,100507118,0.7320138077374786
9700,991,0.8738584389475179,false,9700,991,0.8738584389475179
9700,10615,0.733260344362784,false,9700,10615,0.733260344362784
891,4751,0.8061643056146737,false,891,4751,0.8061643056146737
891,6241,0.843022450608306,false,891,6241,0.843022450608306
891,83903,0.7135946373799132,false,891,83903,0.7135946373799132
891,24137,0.8327205673754922,false,891,24137,0.8327205673754922
891,55723,0.8053441511581805,false,891,55723,0.8053441511581805
891,9787,0.8454994562284348,false,891,9787,0.8454994562284348
891,1063,0.7597733041568503,false,891,1063,0.7597733041568503
891,23397,0.7402177097920833,false,891,23397,0.7402177097920833
891,9928,0.7534835170585572,false,891,9928,0.7534835170585572
891,64151,0.8120968888985136,false,891,64151,0.8120968888985136
891,221150,0.8923975086132395,false,891,221150,0.8923975086132395
891,101927813,0.7470417322149646,false,891,101927813,0.7470417322149646
891,100507118,0.7999820920679338,false,891,100507118,0.7999820920679338
3229,387895,0.9575142056489028,false,3229,387895,0.9575142056489028
3229,115701,0.906833234132175,false,3229,115701,0.906833234132175
3229,11075,0.7885089903338676,false,3229,11075,0.7885089903338676
3229,105377508,0.8072386026766194,false,3229,105377508,0.8072386026766194
3229,2250,0.8408799014491198,false,3229,2250,0.8408799014491198
3229,84561,0.7490206227336634,false,3229,84561,0.7490206227336634
3229,284958,0.8386254251999374,false,3229,284958,0.8386254251999374
3229,105376041,0.939779513021805,false,3229,105376041,0.939779513021805
3229,9956,0.8356846824369146,false,3229,9956,0.8356846824369146
3229,647309,0.7007305307858263,false,3229,647309,0.7007305307858263
3229,554202,0.711151402544001,false,3229,554202,0.711151402544001
3229,105372950,0.7776111415989112,false,3229,105372950,0.7776111415989112
3229,80329,0.777106218890766,false,3229,80329,0.777106218890766
3229,109729169,0.7458883381384834,false,3229,109729169,0.7458883381384834
4751,6241,0.7519946764883523,false,4751,6241,0.7519946764883523
4751,27178,0.713410977186945,false,4751,27178,0.713410977186945
4751,83903,0.8388281517832822,false,4751,83903,0.8388281517832822
4751,285643,0.713410977186945,false,4751,285643,0.713410977186945
4751,24137,0.774109920326706,false,4751,24137,0.774109920326706
4751,55635,0.8573680728928189,false,4751,55635,0.8573680728928189
4751,9787,0.7483914597975558,false,4751,9787,0.7483914597975558
4751,1063,0.8013710822173395,false,4751,1063,0.8013710822173395
4751,23397,0.7750050477554017,false,4751,23397,0.7750050477554017
4751,9928,0.84005954119778,false,4751,9928,0.84005954119778
4751,64151,0.739035880676241,false,4751,64151,0.739035880676241
4751,221150,0.7832591105132516,false,4751,221150,0.7832591105132516
4751,101927813,0.7412108383051227,false,4751,101927813,0.7412108383051227
4751,100507118,0.8472985180388848,false,4751,100507118,0.8472985180388848
4751,100288637,0.8089273374808967,false,4751,100288637,0.8089273374808967
284266,105374986,0.7079329193595977,false,284266,105374986,0.7079329193595977
374393,6241,0.7190198389795225,false,374393,6241,0.7190198389795225
374393,55723,0.8063106239908029,false,374393,55723,0.8063106239908029
374393,146909,0.7188889449808998,false,374393,146909,0.7188889449808998
374393,3833,0.7057723905729247,false,374393,3833,0.7057723905729247
374393,100507118,0.7060151748743243,false,374393,100507118,0.7060151748743243
107985017,6241,0.7485412740206214,false,107985017,6241,0.7485412740206214
107985017,24137,0.7273459389208871,false,107985017,24137,0.7273459389208871
107985017,55723,0.7670944573508656,false,107985017,55723,0.7670944573508656
107985017,9787,0.7832923781932687,false,107985017,9787,0.7832923781932687
107985017,9212,0.8292270621551979,false,107985017,9212,0.8292270621551979
107985017,1063,0.7422127276628547,false,107985017,1063,0.7422127276628547
107985017,128239,0.734769271760111,false,107985017,128239,0.734769271760111
107985017,146909,0.8565154437730822,false,107985017,146909,0.8565154437730822
107985017,1058,0.7703158875358461,false,107985017,1058,0.7703158875358461
107985017,3833,0.8449696232858124,false,107985017,3833,0.8449696232858124
107985017,9232,0.8231411562328287,false,107985017,9232,0.8231411562328287
107985017,100507118,0.8173244117484831,false,107985017,100507118,0.8173244117484831
107985017,991,0.8031026512636067,false,107985017,991,0.8031026512636067
6241,83903,0.7991404410372073,false,6241,83903,0.7991404410372073
6241,24137,0.9391992510472237,false,6241,24137,0.9391992510472237
6241,55635,0.7210414766584017,false,6241,55635,0.7210414766584017
6241,55723,0.7918304016471018,false,6241,55723,0.7918304016471018
6241,9787,0.9672566480173397,false,6241,9787,0.9672566480173397
6241,9212,0.86908379702218,false,6241,9212,0.86908379702218
6241,699,0.7606364944192339,false,6241,699,0.7606364944192339
6241,1063,0.9298892245967548,false,6241,1063,0.9298892245967548
6241,23397,0.8295319770800137,false,6241,23397,0.8295319770800137
6241,128239,0.863395338377919,false,6241,128239,0.863395338377919
6241,146909,0.8617046124984247,false,6241,146909,0.8617046124984247
6241,1058,0.8112389365998238,false,6241,1058,0.8112389365998238
6241,3833,0.8721060171454019,false,6241,3833,0.8721060171454019
6241,64151,0.8259302041386011,false,6241,64151,0.8259302041386011
6241,221150,0.8612086753267995,false,6241,221150,0.8612086753267995
6241,9232,0.873186687184177,false,6241,9232,0.873186687184177
6241,101927813,0.7147341725690409,false,6241,101927813,0.7147341725690409
6241,100507118,0.8913861243300515,false,6241,100507118,0.8913861243300515
6241,991,0.8776762727922744,false,6241,991,0.8776762727922744
6241,10615,0.7403861781473705,false,6241,10615,0.7403861781473705
102724784,107986990,0.8116659782905534,false,102724784,107986990,0.8116659782905534
102724784,101927760,0.7938394959300183,false,102724784,101927760,0.7938394959300183
285987,3502,0.9268823344929794,false,285987,3502,0.9268823344929794
285987,1745,0.7787658881111408,false,285987,1745,0.7787658881111408
285987,27237,0.7940182548408199,false,285987,27237,0.7940182548408199
285987,389336,0.9111835335899838,false,285987,389336,0.9111835335899838
285987,25818,0.9452237248122048,false,285987,25818,0.9452237248122048
285987,4004,0.996204793094239,false,285987,4004,0.996204793094239
285987,4973,0.820423014687691,false,285987,4973,0.820423014687691
285987,28946,0.8128685305762167,false,285987,28946,0.8128685305762167
285987,28809,0.9922542356557004,false,285987,28809,0.9922542356557004
285987,5653,0.9842156421620472,false,285987,5653,0.9842156421620472
864,28755,0.7131625791086029,false,864,28755,0.7131625791086029
864,28946,0.7162268430612981,false,864,28946,0.7162268430612981
107985513,113730,0.7937086342060606,false,107985513,113730,0.7937086342060606
147841,8318,0.772916835252484,false,147841,8318,0.772916835252484
147841,151648,0.764449341422849,false,147841,151648,0.764449341422849
147841,253582,0.7003419303416476,false,147841,253582,0.7003419303416476
147841,128239,0.7115724674188927,false,147841,128239,0.7115724674188927
147841,105371664,0.7143627085325572,false,147841,105371664,0.7143627085325572
147841,10615,0.7505594590912507,false,147841,10615,0.7505594590912507
10460,9156,0.8006607079494532,false,10460,9156,0.8006607079494532
10460,8318,0.7697728288369335,false,10460,8318,0.7697728288369335
10460,9212,0.7238404945900145,false,10460,9212,0.7238404945900145
10460,55771,0.805635102001165,false,10460,55771,0.805635102001165
10460,9232,0.8206641210044491,false,10460,9232,0.8206641210044491
10460,991,0.7141636144268323,false,10460,991,0.7141636144268323
574029,55789,0.7330530198494213,false,574029,55789,0.7330530198494213
574029,1301,0.9274278621078358,false,574029,1301,0.9274278621078358
3620,100506655,0.7681302371255679,false,3620,100506655,0.7681302371255679
3620,105376042,0.7526799752276755,false,3620,105376042,0.7526799752276755
3620,23532,0.7633584432141487,false,3620,23532,0.7633584432141487
100533990,11075,0.7769008841947483,false,100533990,11075,0.7769008841947483
100533990,5798,0.9331616896436349,false,100533990,5798,0.9331616896436349
100533990,109729169,0.8896435380412236,false,100533990,109729169,0.8896435380412236
27091,1301,0.7611906881285658,false,27091,1301,0.7611906881285658
79674,3502,0.73104101121645,false,79674,3502,0.73104101121645
79674,389336,0.7040186835044745,false,79674,389336,0.7040186835044745
79674,28946,0.7634651056336553,false,79674,28946,0.7634651056336553
105375690,9956,0.7987828970221484,false,105375690,9956,0.7987828970221484
105375690,80329,0.732320676077591,false,105375690,80329,0.732320676077591
9582,128239,0.7340528461986466,false,9582,128239,0.7340528461986466
387895,115701,0.8146464095633923,false,387895,115701,0.8146464095633923
387895,11075,0.768355633556731,false,387895,11075,0.768355633556731
387895,5798,0.7202271508309759,false,387895,5798,0.7202271508309759
387895,105377508,0.8523812442713513,false,387895,105377508,0.8523812442713513
387895,2250,0.8055529770732092,false,387895,2250,0.8055529770732092
387895,84561,0.7494650256459892,false,387895,84561,0.7494650256459892
387895,284958,0.826587556865644,false,387895,284958,0.826587556865644
387895,105376041,0.9245931961203407,false,387895,105376041,0.9245931961203407
387895,9956,0.8399193564815821,false,387895,9956,0.8399193564815821
387895,647309,0.8189600868340507,false,387895,647309,0.8189600868340507
387895,105372950,0.7730163000083459,false,387895,105372950,0.7730163000083459
387895,80329,0.7868185573915047,false,387895,80329,0.7868185573915047
387895,109729169,0.747579756420166,false,387895,109729169,0.747579756420166
3352,4257,0.7975049627353539,false,3352,4257,0.7975049627353539
3352,245972,0.7316370288458363,false,3352,245972,0.7316370288458363
3352,152225,0.7677999436479593,false,3352,152225,0.7677999436479593
116173,477,0.8080864726129757,false,116173,477,0.8080864726129757
116173,101927686,0.7768999764723129,false,116173,101927686,0.7768999764723129
116173,6716,0.8808729824377318,false,116173,6716,0.8808729824377318
116173,219527,0.9156694606355938,false,116173,219527,0.9156694606355938
27299,6664,0.9436697373150261,false,27299,6664,0.9436697373150261
27299,9928,0.711726011568763,false,27299,9928,0.711726011568763
27299,4547,0.8633419705112501,false,27299,4547,0.8633419705112501
27299,100288637,0.7062432530897619,false,27299,100288637,0.7062432530897619
27299,3627,0.7179772669234784,false,27299,3627,0.7179772669234784
27178,83903,0.7555498428647692,false,27178,83903,0.7555498428647692
27178,285643,1.0,false,27178,285643,1.0
9156,1063,0.7264193877020754,false,9156,1063,0.7264193877020754
9156,9232,0.7207369943702221,false,9156,9232,0.7207369943702221
8318,112937,0.7488986080023295,false,8318,112937,0.7488986080023295
8318,9212,0.7289318694582864,false,8318,9212,0.7289318694582864
8318,55771,0.9035750769803919,false,8318,55771,0.9035750769803919
8318,9232,0.763674464157489,false,8318,9232,0.763674464157489
8318,991,0.7766675653073217,false,8318,991,0.7766675653073217
8318,10615,0.7378109435147854,false,8318,10615,0.7378109435147854
151648,253582,0.7344776584476024,false,151648,253582,0.7344776584476024
151648,128239,0.7000632276137823,false,151648,128239,0.7000632276137823
477,101927686,0.7701419334011458,false,477,101927686,0.7701419334011458
477,3512,0.8807064023600325,false,477,3512,0.8807064023600325
477,6716,0.9153493132979964,false,477,6716,0.9153493132979964
477,219527,0.8375371010981033,false,477,219527,0.8375371010981033
105374986,27237,0.8175379359100124,false,105374986,27237,0.8175379359100124
147741,100506655,0.820524523862534,false,147741,100506655,0.820524523862534
147741,23532,0.7921371262203574,false,147741,23532,0.7921371262203574
83903,285643,0.7555498428647692,false,83903,285643,0.7555498428647692
83903,24137,0.732902158117147,false,83903,24137,0.732902158117147
83903,55635,0.7623602526094367,false,83903,55635,0.7623602526094367
83903,9787,0.7563856535418302,false,83903,9787,0.7563856535418302
83903,1063,0.7643248463220065,false,83903,1063,0.7643248463220065
83903,23397,0.721104556971232,false,83903,23397,0.721104556971232
83903,1058,0.7139546304391936,false,83903,1058,0.7139546304391936
83903,101927813,0.7038932020454784,false,83903,101927813,0.7038932020454784
83903,100507118,0.7543687455138045,false,83903,100507118,0.7543687455138045
55789,1301,0.7402930441843201,false,55789,1301,0.7402930441843201
105377404,3664,0.7184493649322409,false,105377404,3664,0.7184493649322409
105377404,102723547,0.8322725486872584,false,105377404,102723547,0.8322725486872584
115701,105377508,0.7763473891673933,false,115701,105377508,0.7763473891673933
115701,2250,0.7634737133918942,false,115701,2250,0.7634737133918942
115701,84561,0.7203618563856892,false,115701,84561,0.7203618563856892
115701,284958,0.8881994657817274,false,115701,284958,0.8881994657817274
115701,105376041,0.8672520310378847,false,115701,105376041,0.8672520310378847
115701,9956,0.7886990857688145,false,115701,9956,0.7886990857688145
115701,109729169,0.7054173783650234,false,115701,109729169,0.7054173783650234
253582,112937,0.8077886482229211,false,253582,112937,0.8077886482229211
253582,105371664,0.8561361190923663,false,253582,105371664,0.8561361190923663
253582,102723547,0.7305290750622591,false,253582,102723547,0.7305290750622591
24137,55635,0.7243079922403928,false,24137,55635,0.7243079922403928
24137,55723,0.7424632971555398,false,24137,55723,0.7424632971555398
24137,9787,0.9541736126273893,false,24137,9787,0.9541736126273893
24137,9212,0.88029848220701,false,24137,9212,0.88029848220701
24137,1063,0.9538620272857312,false,24137,1063,0.9538620272857312
24137,23397,0.8212603725817628,false,24137,23397,0.8212603725817628
24137,128239,0.8544773051982536,false,24137,128239,0.8544773051982536
24137,146909,0.8277181263805161,false,24137,146909,0.8277181263805161
24137,1058,0.7264208252356923,false,24137,1058,0.7264208252356923
24137,3833,0.8757987833393074,false,24137,3833,0.8757987833393074
24137,64151,0.8930979399815581,false,24137,64151,0.8930979399815581
24137,221150,0.9172665100172688,false,24137,221150,0.9172665100172688
24137,9232,0.8175212441198003,false,24137,9232,0.8175212441198003
24137,100507118,0.9056938084734694,false,24137,100507118,0.9056938084734694
24137,991,0.8889973242809723,false,24137,991,0.8889973242809723
24137,10615,0.7537204147272372,false,24137,10615,0.7537204147272372
112937,3664,0.7131137413080939,false,112937,3664,0.7131137413080939
112937,9212,0.7986611217641758,false,112937,9212,0.7986611217641758
112937,128239,0.8612102954711928,false,112937,128239,0.8612102954711928
112937,105371664,0.8632772098778744,false,112937,105371664,0.8632772098778744
112937,3833,0.7631322644171359,false,112937,3833,0.7631322644171359
112937,991,0.783800875737767,false,112937,991,0.783800875737767
112937,102723547,0.7474428277821618,false,112937,102723547,0.7474428277821618
11075,5798,0.8659920644636248,false,11075,5798,0.8659920644636248
11075,105377508,0.7021812377834554,false,11075,105377508,0.7021812377834554
11075,105376041,0.83649128534587,false,11075,105376041,0.83649128534587
11075,9956,0.7077809251266654,false,11075,9956,0.7077809251266654
11075,647309,0.713438990764281,false,11075,647309,0.713438990764281
11075,554202,0.7030760686911233,false,11075,554202,0.7030760686911233
11075,109729169,0.8888351040777573,false,11075,109729169,0.8888351040777573
4257,245972,0.7096368143903419,false,4257,245972,0.7096368143903419
4257,152225,0.7677106104560071,false,4257,152225,0.7677106104560071
55635,1063,0.7046806705267923,false,55635,1063,0.7046806705267923
55635,23397,0.7746890476759273,false,55635,23397,0.7746890476759273
55635,9928,0.7663978247157472,false,55635,9928,0.7663978247157472
55635,221150,0.7132992582936981,false,55635,221150,0.7132992582936981
55635,100507118,0.7938065552078001,false,55635,100507118,0.7938065552078001
55635,100288637,0.7660002519890337,false,55635,100288637,0.7660002519890337
5798,2250,0.7126392335100799,false,5798,2250,0.7126392335100799
5798,105376041,0.748516962766477,false,5798,105376041,0.748516962766477
5798,647309,0.7448709668035779,false,5798,647309,0.7448709668035779
5798,109729169,0.9575374736575424,false,5798,109729169,0.9575374736575424
105377508,2250,0.715710066613397,false,105377508,2250,0.715710066613397
105377508,84561,0.7091804972846686,false,105377508,84561,0.7091804972846686
105377508,284958,0.9136373152970724,false,105377508,284958,0.9136373152970724
105377508,105376041,0.9011023045496206,false,105377508,105376041,0.9011023045496206
105377508,9956,0.8208554386442439,false,105377508,9956,0.8208554386442439
105377508,647309,0.7734382728757114,false,105377508,647309,0.7734382728757114
105377508,554202,0.7917173306451829,false,105377508,554202,0.7917173306451829
105377508,105372950,0.7337492751745435,false,105377508,105372950,0.7337492751745435
105377508,109729169,0.734956459388106,false,105377508,109729169,0.734956459388106
101927686,152225,0.8155113037094287,false,101927686,152225,0.8155113037094287
101927686,6716,0.8609136595096326,false,101927686,6716,0.8609136595096326
101927686,219527,0.7996392141449995,false,101927686,219527,0.7996392141449995
55723,9787,0.7793741520682569,false,55723,9787,0.7793741520682569
55723,9212,0.7579002728584835,false,55723,9212,0.7579002728584835
55723,128239,0.7021687824944263,false,55723,128239,0.7021687824944263
55723,146909,0.79020312274934,false,55723,146909,0.79020312274934
55723,1058,0.7034334538016263,false,55723,1058,0.7034334538016263
55723,3833,0.76915823698678,false,55723,3833,0.76915823698678
55723,221150,0.8296402115889466,false,55723,221150,0.8296402115889466
55723,9232,0.7342940970607496,false,55723,9232,0.7342940970607496
55723,100507118,0.7668179068996024,false,55723,100507118,0.7668179068996024
55723,991,0.7668404072880057,false,55723,991,0.7668404072880057
55723,10615,0.7032834768099687,false,55723,10615,0.7032834768099687
9787,9212,0.9117933625354693,false,9787,9212,0.9117933625354693
9787,699,0.719636952800242,false,9787,699,0.719636952800242
9787,1063,0.9323621443744695,false,9787,1063,0.9323621443744695
9787,23397,0.7973784401953993,false,9787,23397,0.7973784401953993
9787,128239,0.8933509794329282,false,9787,128239,0.8933509794329282
9787,146909,0.8720629000753916,false,9787,146909,0.8720629000753916
9787,1058,0.8378280399992779,false,9787,1058,0.8378280399992779
9787,3833,0.8587296534315304,false,9787,3833,0.8587296534315304
9787,64151,0.8470104773928487,false,9787,64151,0.8470104773928487
9787,221150,0.8714153970946256,false,9787,221150,0.8714153970946256
9787,9232,0.9027957608609456,false,9787,9232,0.9027957608609456
9787,100507118,0.8987228719098702,false,9787,100507118,0.8987228719098702
9787,991,0.9182705214594699,false,9787,991,0.9182705214594699
9787,10615,0.7480108217469585,false,9787,10615,0.7480108217469585
3664,102723547,0.8810029033450107,false,3664,102723547,0.8810029033450107
3502,389336,0.8409954416569093,false,3502,389336,0.8409954416569093
3502,25818,0.8313396288300761,false,3502,25818,0.8313396288300761
3502,4004,0.9156896443142477,false,3502,4004,0.9156896443142477
3502,4973,0.7144766394229395,false,3502,4973,0.7144766394229395
3502,28946,0.9481623605530424,false,3502,28946,0.9481623605530424
3502,3512,0.7187292084627767,false,3502,3512,0.7187292084627767
3502,28809,0.9638536718753097,false,3502,28809,0.9638536718753097
3502,5653,0.898769890801733,false,3502,5653,0.898769890801733
9212,1063,0.8458708073577946,false,9212,1063,0.8458708073577946
9212,128239,0.9371142671002036,false,9212,128239,0.9371142671002036
9212,146909,0.8958708547814871,false,9212,146909,0.8958708547814871
9212,1058,0.8004987914792959,false,9212,1058,0.8004987914792959
9212,3833,0.9215238629329315,false,9212,3833,0.9215238629329315
9212,55771,0.7729103933858348,false,9212,55771,0.7729103933858348
9212,221150,0.7802958155914411,false,9212,221150,0.7802958155914411
9212,9232,0.9392951130523567,false,9212,9232,0.9392951130523567
9212,100507118,0.783098887451416,false,9212,100507118,0.783098887451416
9212,991,0.9719767305923344,false,9212,991,0.9719767305923344
9212,10615,0.8319695987018051,false,9212,10615,0.8319695987018051
6664,9928,0.7752992904000738,false,6664,9928,0.7752992904000738
6664,4547,0.8790405363373751,false,6664,4547,0.8790405363373751
6664,64151,0.7906213712538465,false,6664,64151,0.7906213712538465
6664,100288637,0.7328370815667398,false,6664,100288637,0.7328370815667398
6664,3627,0.7375043169984794,false,6664,3627,0.7375043169984794
100506655,23532,0.9894318000524762,false,100506655,23532,0.9894318000524762
100506655,113730,0.7193098992425374,false,100506655,113730,0.7193098992425374
100506655,3627,0.8220386988035111,false,100506655,3627,0.8220386988035111
28755,4973,0.7423227747551217,false,28755,4973,0.7423227747551217
1745,25818,0.7465842618263562,false,1745,25818,0.7465842618263562
1745,4004,0.790373961336001,false,1745,4004,0.790373961336001
1745,4973,0.7536073886258114,false,1745,4973,0.7536073886258114
1745,28809,0.7683259819020433,false,1745,28809,0.7683259819020433
1745,5653,0.7872238231455793,false,1745,5653,0.7872238231455793
245972,152225,0.716910441327142,false,245972,152225,0.716910441327142
22974,699,0.8309708689438686,false,22974,699,0.8309708689438686
699,23397,0.8783810301628168,false,699,23397,0.8783810301628168
699,9928,0.7037686480774622,false,699,9928,0.7037686480774622
699,64151,0.7511261582595011,false,699,64151,0.7511261582595011
699,101927813,0.776859799043983,false,699,101927813,0.776859799043983
699,100288637,0.7710238113076738,false,699,100288637,0.7710238113076738
2250,284958,0.7292492889099653,false,2250,284958,0.7292492889099653
2250,105376041,0.8106640572151494,false,2250,105376041,0.8106640572151494
2250,9956,0.816914065505728,false,2250,9956,0.816914065505728
2250,647309,0.7173881718603334,false,2250,647309,0.7173881718603334
2250,109729169,0.7619415080213724,false,2250,109729169,0.7619415080213724
27237,389336,0.8185504706120239,false,27237,389336,0.8185504706120239
27237,25818,0.736252281985035,false,27237,25818,0.736252281985035
27237,4004,0.7791385205075615,false,27237,4004,0.7791385205075615
27237,4973,0.7118319019797212,false,27237,4973,0.7118319019797212
27237,28809,0.772125875347904,false,27237,28809,0.772125875347904
27237,5653,0.8171769738450702,false,27237,5653,0.8171769738450702
389336,25818,0.9059865918359091,false,389336,25818,0.9059865918359091
389336,4004,0.9018166506011641,false,389336,4004,0.9018166506011641
389336,4973,0.7199973967199024,false,389336,4973,0.7199973967199024
389336,28946,0.7052803771943414,false,389336,28946,0.7052803771943414
389336,28809,0.8956760451543545,false,389336,28809,0.8956760451543545
389336,5653,0.9314932161601802,false,389336,5653,0.9314932161601802
84561,105376041,0.8312310126996414,false,84561,105376041,0.8312310126996414
84561,9956,0.704549013686292,false,84561,9956,0.704549013686292
84561,105372950,0.9656025616520868,false,84561,105372950,0.9656025616520868
84561,80329,0.7790651319931385,false,84561,80329,0.7790651319931385
84561,109729169,0.709609113709347,false,84561,109729169,0.709609113709347
25818,4004,0.949833710590716,false,25818,4004,0.949833710590716
25818,4973,0.7524817460754281,false,25818,4973,0.7524817460754281
25818,28946,0.7100462659180126,false,25818,28946,0.7100462659180126
25818,28809,0.922579581584914,false,25818,28809,0.922579581584914
25818,5653,0.9396577410347282,false,25818,5653,0.9396577410347282
1063,23397,0.7876411896121114,false,1063,23397,0.7876411896121114
1063,128239,0.7564414051148906,false,1063,128239,0.7564414051148906
1063,146909,0.8845524739145137,false,1063,146909,0.8845524739145137
1063,1058,0.7764854589614166,false,1063,1058,0.7764854589614166
1063,3833,0.8327784202594438,false,1063,3833,0.8327784202594438
1063,64151,0.8451086469542516,false,1063,64151,0.8451086469542516
1063,221150,0.8387621985900564,false,1063,221150,0.8387621985900564
1063,9232,0.851952292116573,false,1063,9232,0.851952292116573
1063,100507118,0.904786704040978,false,1063,100507118,0.904786704040978
1063,991,0.847301038211808,false,1063,991,0.847301038211808
107986990,101927760,0.752651249795239,false,107986990,101927760,0.752651249795239
284958,105376041,0.8557825349699962,false,284958,105376041,0.8557825349699962
284958,9956,0.7738641946925734,false,284958,9956,0.7738641946925734
23532,113730,0.7583589759814627,false,23532,113730,0.7583589759814627
23532,3627,0.8557980858375763,false,23532,3627,0.8557980858375763
105376041,9956,0.9049522035677778,false,105376041,9956,0.9049522035677778
105376041,647309,0.7535330955018895,false,105376041,647309,0.7535330955018895
105376041,554202,0.8088733935729379,false,105376041,554202,0.8088733935729379
105376041,105372950,0.8574845438179964,false,105376041,105372950,0.8574845438179964
105376041,80329,0.7676502742806626,false,105376041,80329,0.7676502742806626
105376041,109729169,0.8326210549533389,false,105376041,109729169,0.8326210549533389
23397,146909,0.704043006599656,false,23397,146909,0.704043006599656
23397,9928,0.7396024597273979,false,23397,9928,0.7396024597273979
23397,3833,0.7430806726292277,false,23397,3833,0.7430806726292277
23397,64151,0.8276985321253272,false,23397,64151,0.8276985321253272
23397,221150,0.8511274883978409,false,23397,221150,0.8511274883978409
23397,101927813,0.7715221233415119,false,23397,101927813,0.7715221233415119
23397,100507118,0.7568139827708854,false,23397,100507118,0.7568139827708854
23397,100288637,0.8628570597989961,false,23397,100288637,0.8628570597989961
9956,647309,0.7670290475150155,false,9956,647309,0.7670290475150155
9956,554202,0.7664512336702166,false,9956,554202,0.7664512336702166
9956,105372950,0.7046083574297574,false,9956,105372950,0.7046083574297574
9956,80329,0.7403878022711262,false,9956,80329,0.7403878022711262
9956,109729169,0.7268225947991925,false,9956,109729169,0.7268225947991925
647309,109729169,0.7613024024510744,false,647309,109729169,0.7613024024510744
4004,4973,0.8392234197702126,false,4004,4973,0.8392234197702126
4004,28946,0.8002258802167586,false,4004,28946,0.8002258802167586
4004,28809,0.9872570042747936,false,4004,28809,0.9872570042747936
4004,5653,0.9804826702839029,false,4004,5653,0.9804826702839029
128239,146909,0.7660647921948271,false,128239,146909,0.7660647921948271
128239,105371664,0.7447259371974588,false,128239,105371664,0.7447259371974588
128239,3833,0.8732581760762461,false,128239,3833,0.8732581760762461
128239,64151,0.7317505282966331,false,128239,64151,0.7317505282966331
128239,221150,0.771450152941839,false,128239,221150,0.771450152941839
128239,9232,0.871704832550613,false,128239,9232,0.871704832550613
128239,100507118,0.7317169880959029,false,128239,100507118,0.7317169880959029
128239,991,0.9429396329894575,false,128239,991,0.9429396329894575
128239,10615,0.8257466129463933,false,128239,10615,0.8257466129463933
146909,1058,0.7771132992852393,false,146909,1058,0.7771132992852393
146909,3833,0.8669667998908782,false,146909,3833,0.8669667998908782
146909,221150,0.7533920232746733,false,146909,221150,0.7533920232746733
146909,9232,0.9048987002773766,false,146909,9232,0.9048987002773766
146909,100507118,0.8361976143970979,false,146909,100507118,0.8361976143970979
146909,991,0.8780105416302432,false,146909,991,0.8780105416302432
146909,10615,0.7429954739612711,false,146909,10615,0.7429954739612711
4973,28809,0.7982918089273792,false,4973,28809,0.7982918089273792
4973,5653,0.8189250605411429,false,4973,5653,0.8189250605411429
28946,3512,0.862373541129713,false,28946,3512,0.862373541129713
28946,28809,0.8717422034876924,false,28946,28809,0.8717422034876924
28946,5653,0.7807777008242318,false,28946,5653,0.7807777008242318
1058,3833,0.7634752001389203,false,1058,3833,0.7634752001389203
1058,9232,0.8086902688096288,false,1058,9232,0.8086902688096288
1058,101927813,0.73544076536462,false,1058,101927813,0.73544076536462
1058,100507118,0.7264486720806018,false,1058,100507118,0.7264486720806018
1058,991,0.7171466158871762,false,1058,991,0.7171466158871762
9928,64151,0.8295979298015715,false,9928,64151,0.8295979298015715
9928,221150,0.732086517377387,false,9928,221150,0.732086517377387
9928,100288637,0.808082449776165,false,9928,100288637,0.808082449776165
3833,221150,0.7982654738849881,false,3833,221150,0.7982654738849881
3833,9232,0.8181250904938493,false,3833,9232,0.8181250904938493
3833,100507118,0.8418235376775114,false,3833,100507118,0.8418235376775114
3833,991,0.8931997588917153,false,3833,991,0.8931997588917153
3833,10615,0.7461935409563909,false,3833,10615,0.7461935409563909
4547,3627,0.8576580861277614,false,4547,3627,0.8576580861277614
554202,109729169,0.7456902266240805,false,554202,109729169,0.7456902266240805
55771,9232,0.7614370433706061,false,55771,9232,0.7614370433706061
55771,991,0.8109023755791515,false,55771,991,0.8109023755791515
55771,10615,0.7922719568360388,false,55771,10615,0.7922719568360388
64151,221150,0.8782082815457509,false,64151,221150,0.8782082815457509
64151,100507118,0.8076420029850034,false,64151,100507118,0.8076420029850034
64151,100288637,0.7465158370891335,false,64151,100288637,0.7465158370891335
64151,991,0.7398014892289464,false,64151,991,0.7398014892289464
64151,10615,0.7269675996903151,false,64151,10615,0.7269675996903151
3512,6716,0.8144357468803812,false,3512,6716,0.8144357468803812
221150,9232,0.7133644795072485,false,221150,9232,0.7133644795072485
221150,100507118,0.8946841515686211,false,221150,100507118,0.8946841515686211
221150,100288637,0.7744241232966232,false,221150,100288637,0.7744241232966232
221150,991,0.7782809788022198,false,221150,991,0.7782809788022198
221150,10615,0.7293711747686425,false,221150,10615,0.7293711747686425
9232,100507118,0.775534807224124,false,9232,100507118,0.775534807224124
9232,991,0.937608914855172,false,9232,991,0.937608914855172
9232,10615,0.78356501557088,false,9232,10615,0.78356501557088
105372950,80329,0.7881974444279432,false,105372950,80329,0.7881974444279432
100507118,100288637,0.7174817338470858,false,100507118,100288637,0.7174817338470858
100507118,991,0.8077851786869595,false,100507118,991,0.8077851786869595
991,10615,0.8747405052515399,false,991,10615,0.8747405052515399
28809,5653,0.9728221997052249,false,28809,5653,0.9728221997052249
6716,219527,0.9026322130853974,false,6716,219527,0.9026322130853974
