Interaction,name,Pearson,selected,shared interaction,shared name,Weight
100126311,7036,0.7364374252020613,false,100126311,7036,0.7364374252020613
100126311,347252,0.704173013293606,false,100126311,347252,0.704173013293606
105371927,2328,0.93534678815681,false,105371927,2328,0.93534678815681
105371927,203190,0.8978252841388193,false,105371927,203190,0.8978252841388193
105371927,105374986,0.7725728705662792,false,105371927,105374986,0.7725728705662792
105371927,27237,0.8994252235850305,false,105371927,27237,0.8994252235850305
105371927,81624,0.7664953914927619,false,105371927,81624,0.7664953914927619
105371927,101929707,0.8130819631774364,false,105371927,101929707,0.8130819631774364
51361,55423,0.7451286901523695,false,51361,55423,0.7451286901523695
728833,57082,0.7062547841350545,false,728833,57082,0.7062547841350545
728833,9928,0.7335468637883125,false,728833,9928,0.7335468637883125
102606463,10537,0.7208814340727835,false,102606463,10537,0.7208814340727835
102606463,7546,0.9556121280101841,false,102606463,7546,0.9556121280101841
102606463,4283,0.941635520039751,false,102606463,4283,0.941635520039751
102606463,339256,0.8205038678271303,false,102606463,339256,0.8205038678271303
102606463,147741,0.9231704591315884,false,102606463,147741,0.9231704591315884
102606463,100506655,0.8170800751956048,false,102606463,100506655,0.8170800751956048
102606463,23532,0.8134485761753018,false,102606463,23532,0.8134485761753018
102606463,2835,0.8704347389436868,false,102606463,2835,0.8704347389436868
102606463,366,0.7862870848389136,false,102606463,366,0.7862870848389136
983,79801,0.8364631438950979,false,983,79801,0.8364631438950979
983,9824,0.8281810390804024,false,983,9824,0.8281810390804024
983,54821,0.7051034110200418,false,983,54821,0.7051034110200418
983,55355,0.7553347564373106,false,983,55355,0.7553347564373106
983,259266,0.7636870752836729,false,983,259266,0.7636870752836729
983,157313,0.842768989649464,false,983,157313,0.842768989649464
983,54443,0.8841866856166554,false,983,54443,0.8841866856166554
983,55165,0.912664314734372,false,983,55165,0.912664314734372
983,10721,0.7853967416028956,false,983,10721,0.7853967416028956
983,83540,0.7255473305500337,false,983,83540,0.7255473305500337
983,9833,0.8400378048631174,false,983,9833,0.8400378048631174
983,3161,0.8938521610037728,false,983,3161,0.8938521610037728
983,51203,0.9431683018840495,false,983,51203,0.9431683018840495
983,57405,0.7585179071832967,false,983,57405,0.7585179071832967
983,29128,0.8852679121836692,false,983,29128,0.8852679121836692
983,57082,0.7980733496454356,false,983,57082,0.7980733496454356
983,4001,0.7227117016431606,false,983,4001,0.7227117016431606
983,9055,0.8037400630483397,false,983,9055,0.8037400630483397
983,332,0.8300681599289114,false,983,332,0.8300681599289114
983,56992,0.7151976482148452,false,983,56992,0.7151976482148452
983,55247,0.8404060555384743,false,983,55247,0.8404060555384743
983,11130,0.8766397219858618,false,983,11130,0.8766397219858618
983,55872,0.8664792131962611,false,983,55872,0.8664792131962611
983,7153,0.9451602583586812,false,983,7153,0.9451602583586812
983,891,0.7896075020199187,false,983,891,0.7896075020199187
983,4751,0.896448091463936,false,983,4751,0.896448091463936
983,6241,0.8266504936996497,false,983,6241,0.8266504936996497
983,9156,0.7653861369811868,false,983,9156,0.7653861369811868
983,24137,0.8512669381123837,false,983,24137,0.8512669381123837
983,9787,0.7960623897174518,false,983,9787,0.7960623897174518
983,22974,0.7349596677963549,false,983,22974,0.7349596677963549
983,699,0.8905063494928367,false,983,699,0.8905063494928367
983,1063,0.8171801688787667,false,983,1063,0.8171801688787667
983,23397,0.8825016111058479,false,983,23397,0.8825016111058479
983,9928,0.7711458222882209,false,983,9928,0.7711458222882209
983,64151,0.8099382767514609,false,983,64151,0.8099382767514609
983,221150,0.7526678775876218,false,983,221150,0.7526678775876218
983,101927813,0.7001952314956904,false,983,101927813,0.7001952314956904
983,100507118,0.867576944643189,false,983,100507118,0.867576944643189
983,100288637,0.8178760081239549,false,983,100288637,0.8178760081239549
79801,55355,0.8266383104850554,false,79801,55355,0.8266383104850554
79801,259266,0.9433803016273529,false,79801,259266,0.9433803016273529
79801,157313,0.80535137123108,false,79801,157313,0.80535137123108
79801,54443,0.7857187715273071,false,79801,54443,0.7857187715273071
79801,55165,0.8401015696814537,false,79801,55165,0.8401015696814537
79801,220134,0.7965990319860295,false,79801,220134,0.7965990319860295
79801,9133,0.8606667726090584,false,79801,9133,0.8606667726090584
79801,83540,0.8179610280917993,false,79801,83540,0.8179610280917993
79801,9833,0.8626521690634228,false,79801,9833,0.8626521690634228
79801,3161,0.8182657931704318,false,79801,3161,0.8182657931704318
79801,51203,0.8830507381398152,false,79801,51203,0.8830507381398152
79801,57405,0.8140267342178951,false,79801,57405,0.8140267342178951
79801,995,0.779408201947657,false,79801,995,0.779408201947657
79801,29128,0.8164287540837785,false,79801,29128,0.8164287540837785
79801,113130,0.7759445290781503,false,79801,113130,0.7759445290781503
79801,4288,0.8249616899033935,false,79801,4288,0.8249616899033935
79801,57082,0.7965654591988472,false,79801,57082,0.7965654591988472
79801,4001,0.7504321111801059,false,79801,4001,0.7504321111801059
79801,9055,0.7762632280790469,false,79801,9055,0.7762632280790469
79801,332,0.8502163429337568,false,79801,332,0.8502163429337568
79801,55872,0.8452565278399095,false,79801,55872,0.8452565278399095
79801,7153,0.7691041813274269,false,79801,7153,0.7691041813274269
79801,9700,0.7331290658359672,false,79801,9700,0.7331290658359672
79801,891,0.7691239367927674,false,79801,891,0.7691239367927674
79801,4751,0.7005410776759234,false,79801,4751,0.7005410776759234
79801,6241,0.8630520674502218,false,79801,6241,0.8630520674502218
79801,9156,0.7319379041870387,false,79801,9156,0.7319379041870387
79801,24137,0.7890272331541439,false,79801,24137,0.7890272331541439
79801,9787,0.9018227812445946,false,79801,9787,0.9018227812445946
79801,9212,0.7715649741206241,false,79801,9212,0.7715649741206241
79801,22974,0.8626378782318997,false,79801,22974,0.8626378782318997
79801,699,0.8405338856562473,false,79801,699,0.8405338856562473
79801,1063,0.8943349428803259,false,79801,1063,0.8943349428803259
79801,23397,0.7133358035174835,false,79801,23397,0.7133358035174835
79801,128239,0.7881732513046589,false,79801,128239,0.7881732513046589
79801,1058,0.7304622204307412,false,79801,1058,0.7304622204307412
79801,3833,0.8036437163032172,false,79801,3833,0.8036437163032172
79801,64151,0.8135853817045442,false,79801,64151,0.8135853817045442
79801,221150,0.7812532450391786,false,79801,221150,0.7812532450391786
79801,9232,0.8402518901574358,false,79801,9232,0.8402518901574358
79801,101927813,0.7457082100867714,false,79801,101927813,0.7457082100867714
79801,100507118,0.8778861056492545,false,79801,100507118,0.8778861056492545
79801,991,0.8235769287800523,false,79801,991,0.8235769287800523
79801,10615,0.7237819403075246,false,79801,10615,0.7237819403075246
1995,109729184,0.8378249414085717,false,1995,109729184,0.8378249414085717
1995,100506411,0.709241240357322,false,1995,100506411,0.709241240357322
1995,7477,0.858162979629393,false,1995,7477,0.858162979629393
1995,4318,0.7790382813562043,false,1995,4318,0.7790382813562043
1995,79191,0.8992812543071419,false,1995,79191,0.8992812543071419
1995,100533990,0.7118026307032295,false,1995,100533990,0.7118026307032295
1995,100379220,0.9242667850104181,false,1995,100379220,0.9242667850104181
1995,105378305,0.8887603680474404,false,1995,105378305,0.8887603680474404
1995,168002,0.9375640678657021,false,1995,168002,0.9375640678657021
2625,29851,0.906558208087909,false,2625,29851,0.906558208087909
2625,5133,0.9152756720870904,false,2625,5133,0.9152756720870904
2625,105372115,0.9524349951179942,false,2625,105372115,0.9524349951179942
2625,7180,0.9157156602340344,false,2625,7180,0.9157156602340344
2625,107986606,0.7801306104193989,false,2625,107986606,0.7801306104193989
2625,50614,0.9118430248033513,false,2625,50614,0.9118430248033513
2625,4001,0.7787496131790309,false,2625,4001,0.7787496131790309
2625,3604,0.8955062502723412,false,2625,3604,0.8955062502723412
2625,56992,0.7697366951163956,false,2625,56992,0.7697366951163956
2625,55247,0.7440918326416869,false,2625,55247,0.7440918326416869
2625,387978,0.9726909947040828,false,2625,387978,0.9726909947040828
2625,27299,0.9297192648089487,false,2625,27299,0.9297192648089487
2625,6664,0.9822722037169467,false,2625,6664,0.9822722037169467
2625,9928,0.7070698559093889,false,2625,9928,0.7070698559093889
2625,4547,0.9786387092675585,false,2625,4547,0.9786387092675585
2625,338797,0.7431568752784121,false,2625,338797,0.7431568752784121
2625,3627,0.8374090382041411,false,2625,3627,0.8374090382041411
9824,54443,0.9308028523994327,false,9824,54443,0.9308028523994327
9824,55165,0.8510928056707234,false,9824,55165,0.8510928056707234
9824,51512,0.7080747869032716,false,9824,51512,0.7080747869032716
9824,3161,0.7871296818924547,false,9824,3161,0.7871296818924547
9824,51203,0.8316584864635731,false,9824,51203,0.8316584864635731
9824,29128,0.7062593730349286,false,9824,29128,0.7062593730349286
9824,9055,0.808847153574457,false,9824,9055,0.808847153574457
9824,55247,0.7688223126849403,false,9824,55247,0.7688223126849403
9824,11130,0.7105063194408877,false,9824,11130,0.7105063194408877
9824,55872,0.7932650802939134,false,9824,55872,0.7932650802939134
9824,7153,0.8467542188612657,false,9824,7153,0.8467542188612657
9824,4751,0.8723784818945651,false,9824,4751,0.8723784818945651
9824,6241,0.713163450448495,false,9824,6241,0.713163450448495
9824,83903,0.8710016374069248,false,9824,83903,0.8710016374069248
9824,24137,0.7070990864830425,false,9824,24137,0.7070990864830425
9824,699,0.7813191412632863,false,9824,699,0.7813191412632863
9824,1063,0.7183140675968241,false,9824,1063,0.7183140675968241
9824,23397,0.7164518651715653,false,9824,23397,0.7164518651715653
9824,9928,0.7302574433770935,false,9824,9928,0.7302574433770935
9824,100507118,0.7626355294082746,false,9824,100507118,0.7626355294082746
63967,220134,0.7556902722868769,false,63967,220134,0.7556902722868769
63967,1870,0.8538578684354903,false,63967,1870,0.8538578684354903
63967,57405,0.7184285368428802,false,63967,57405,0.7184285368428802
63967,113130,0.7273511255212319,false,63967,113130,0.7273511255212319
63967,4288,0.7210220353289447,false,63967,4288,0.7210220353289447
63967,11065,0.7162913095272352,false,63967,11065,0.7162913095272352
63967,147841,0.7688441250195586,false,63967,147841,0.7688441250195586
63967,8318,0.7455932327727988,false,63967,8318,0.7455932327727988
63967,10615,0.7457188198372772,false,63967,10615,0.7457188198372772
55423,115362,0.8332370508554763,false,55423,115362,0.8332370508554763
55423,105376878,0.7302158293681345,false,55423,105376878,0.7302158293681345
55423,101927760,0.7013521409843613,false,55423,101927760,0.7013521409843613
55423,100506827,0.8263570907943208,false,55423,100506827,0.8263570907943208
54821,55165,0.7120463370926111,false,54821,55165,0.7120463370926111
54821,220134,0.7748668526656176,false,54821,220134,0.7748668526656176
54821,10721,0.7808592206231068,false,54821,10721,0.7808592206231068
54821,51203,0.7776083719863995,false,54821,51203,0.7776083719863995
54821,29128,0.781313719474059,false,54821,29128,0.781313719474059
54821,57082,0.8056844040217898,false,54821,57082,0.8056844040217898
54821,4001,0.7556253642321942,false,54821,4001,0.7556253642321942
54821,9055,0.7278859957916113,false,54821,9055,0.7278859957916113
54821,56992,0.7438286770796964,false,54821,56992,0.7438286770796964
54821,55247,0.7204244611987529,false,54821,55247,0.7204244611987529
54821,55872,0.7223187321039332,false,54821,55872,0.7223187321039332
54821,7153,0.7776944993856366,false,54821,7153,0.7776944993856366
54821,891,0.7426449488993547,false,54821,891,0.7426449488993547
54821,9928,0.7554145190739454,false,54821,9928,0.7554145190739454
54821,64151,0.7665026970447966,false,54821,64151,0.7665026970447966
115362,29851,0.8506985467612506,false,115362,29851,0.8506985467612506
115362,5133,0.7118656754326194,false,115362,5133,0.7118656754326194
115362,7180,0.8020568277876252,false,115362,7180,0.8020568277876252
115362,10537,0.9070130723164186,false,115362,10537,0.9070130723164186
115362,105376878,0.769428038551142,false,115362,105376878,0.769428038551142
115362,4283,0.78138424147016,false,115362,4283,0.78138424147016
115362,147741,0.7037120807342145,false,115362,147741,0.7037120807342145
115362,50852,0.7945967680770563,false,115362,50852,0.7945967680770563
115362,100506655,0.8826301861763134,false,115362,100506655,0.8826301861763134
115362,101927760,0.8249063641457474,false,115362,101927760,0.8249063641457474
115362,23532,0.8935676517462224,false,115362,23532,0.8935676517462224
115362,100506827,0.9567152389061676,false,115362,100506827,0.9567152389061676
115362,701,0.8083432143874109,false,115362,701,0.8083432143874109
115362,3627,0.8784418088498386,false,115362,3627,0.8784418088498386
55355,259266,0.9252271141126228,false,55355,259266,0.9252271141126228
55355,157313,0.7534690271383415,false,55355,157313,0.7534690271383415
55355,55165,0.8720029323194369,false,55355,55165,0.8720029323194369
55355,220134,0.9238733242241427,false,55355,220134,0.9238733242241427
55355,9133,0.8441880016476647,false,55355,9133,0.8441880016476647
55355,83540,0.7982334481915457,false,55355,83540,0.7982334481915457
55355,9833,0.7696188654182382,false,55355,9833,0.7696188654182382
55355,3161,0.7665678609086247,false,55355,3161,0.7665678609086247
55355,51203,0.8217498428838216,false,55355,51203,0.8217498428838216
55355,57405,0.8221061111420556,false,55355,57405,0.8221061111420556
55355,995,0.8443523449859366,false,55355,995,0.8443523449859366
55355,29128,0.8447274011927939,false,55355,29128,0.8447274011927939
55355,113130,0.8089649250226855,false,55355,113130,0.8089649250226855
55355,4288,0.87826011158796,false,55355,4288,0.87826011158796
55355,57082,0.813348188182959,false,55355,57082,0.813348188182959
55355,11065,0.7303742766195146,false,55355,11065,0.7303742766195146
55355,332,0.9241459164891812,false,55355,332,0.9241459164891812
55355,55872,0.7967395691390422,false,55355,55872,0.7967395691390422
55355,7153,0.736346040132142,false,55355,7153,0.736346040132142
55355,9700,0.7239017695563812,false,55355,9700,0.7239017695563812
55355,891,0.8003721996192953,false,55355,891,0.8003721996192953
55355,6241,0.9134790036652038,false,55355,6241,0.9134790036652038
55355,147841,0.8812799567897109,false,55355,147841,0.8812799567897109
55355,8318,0.7012869507504224,false,55355,8318,0.7012869507504224
55355,24137,0.9340856338499272,false,55355,24137,0.9340856338499272
55355,9787,0.916790067174575,false,55355,9787,0.916790067174575
55355,9212,0.870129238117885,false,55355,9212,0.870129238117885
55355,22974,0.8855443896933545,false,55355,22974,0.8855443896933545
55355,699,0.8332391521802048,false,55355,699,0.8332391521802048
55355,1063,0.8586253746233443,false,55355,1063,0.8586253746233443
55355,23397,0.794919234276318,false,55355,23397,0.794919234276318
55355,128239,0.90683317806658,false,55355,128239,0.90683317806658
55355,3833,0.8248063071787202,false,55355,3833,0.8248063071787202
55355,64151,0.8839123769091763,false,55355,64151,0.8839123769091763
55355,221150,0.8486099108414185,false,55355,221150,0.8486099108414185
55355,9232,0.7744012019420285,false,55355,9232,0.7744012019420285
55355,100507118,0.8218564226486925,false,55355,100507118,0.8218564226486925
55355,991,0.8762533576612098,false,55355,991,0.8762533576612098
55355,10615,0.8180999595975608,false,55355,10615,0.8180999595975608
7036,338667,0.7314803228070803,false,7036,338667,0.7314803228070803
7036,347252,0.7681624066418207,false,7036,347252,0.7681624066418207
100505994,646024,0.9999999999999999,false,100505994,646024,0.9999999999999999
100505994,55655,0.9193303691879521,false,100505994,55655,0.9193303691879521
100505994,6273,0.7709606877312507,false,100505994,6273,0.7709606877312507
100505994,103689845,0.9132245828836371,false,100505994,103689845,0.9132245828836371
100505994,338376,0.7363149814481834,false,100505994,338376,0.7363149814481834
100505994,107985492,0.9999999999999999,false,100505994,107985492,0.9999999999999999
100505994,731220,0.8910436778902172,false,100505994,731220,0.8910436778902172
100505994,3053,0.9005824683673856,false,100505994,3053,0.9005824683673856
100505994,3229,0.9402493706062196,false,100505994,3229,0.9402493706062196
100505994,105375690,0.8658057260923075,false,100505994,105375690,0.8658057260923075
100505994,115701,0.8668081442699588,false,100505994,115701,0.8668081442699588
100505994,11075,0.8370813402692333,false,100505994,11075,0.8370813402692333
100505994,5798,0.747342983390705,false,100505994,5798,0.747342983390705
100505994,84561,0.835743921361831,false,100505994,84561,0.835743921361831
100505994,284958,0.8604248896257747,false,100505994,284958,0.8604248896257747
100505994,105376041,1.0,false,100505994,105376041,1.0
100505994,9956,0.8209378730401,false,100505994,9956,0.8209378730401
100505994,3914,0.7095065100426511,false,100505994,3914,0.7095065100426511
100505994,554202,0.8364451618127654,false,100505994,554202,0.8364451618127654
100505994,100996301,0.8535794608492686,false,100505994,100996301,0.8535794608492686
100505994,109729169,0.8328049959037257,false,100505994,109729169,0.8328049959037257
259266,157313,0.7660420309465306,false,259266,157313,0.7660420309465306
259266,55165,0.810600014369007,false,259266,55165,0.810600014369007
259266,220134,0.8951735111242753,false,259266,220134,0.8951735111242753
259266,9133,0.9262490494579494,false,259266,9133,0.9262490494579494
259266,83540,0.7974000197170296,false,259266,83540,0.7974000197170296
259266,9833,0.8169766719665119,false,259266,9833,0.8169766719665119
259266,3161,0.7614364750529291,false,259266,3161,0.7614364750529291
259266,51203,0.8200170043841717,false,259266,51203,0.8200170043841717
259266,57405,0.879460948425886,false,259266,57405,0.879460948425886
259266,995,0.8477326988722514,false,259266,995,0.8477326988722514
259266,29128,0.8078678040489021,false,259266,29128,0.8078678040489021
259266,113130,0.8764808043718785,false,259266,113130,0.8764808043718785
259266,4288,0.9312716369553291,false,259266,4288,0.9312716369553291
259266,57082,0.7865661206043391,false,259266,57082,0.7865661206043391
259266,9055,0.719500014340892,false,259266,9055,0.719500014340892
259266,11065,0.7284993241048301,false,259266,11065,0.7284993241048301
259266,332,0.9052820731794021,false,259266,332,0.9052820731794021
259266,56992,0.7073539288907579,false,259266,56992,0.7073539288907579
259266,55872,0.7954569065050208,false,259266,55872,0.7954569065050208
259266,9700,0.8141350947364264,false,259266,9700,0.8141350947364264
259266,891,0.76741405704398,false,259266,891,0.76741405704398
259266,6241,0.9004186898145446,false,259266,6241,0.9004186898145446
259266,147841,0.7929398725487058,false,259266,147841,0.7929398725487058
259266,9156,0.7401793414377843,false,259266,9156,0.7401793414377843
259266,24137,0.8632729278283154,false,259266,24137,0.8632729278283154
259266,9787,0.9550521512219309,false,259266,9787,0.9550521512219309
259266,9212,0.904177545297494,false,259266,9212,0.904177545297494
259266,22974,0.9345112947863029,false,259266,22974,0.9345112947863029
259266,699,0.8056991435681898,false,259266,699,0.8056991435681898
259266,1063,0.9049452371920483,false,259266,1063,0.9049452371920483
259266,23397,0.7025170886584712,false,259266,23397,0.7025170886584712
259266,128239,0.9188426742254732,false,259266,128239,0.9188426742254732
259266,1058,0.7480140340932437,false,259266,1058,0.7480140340932437
259266,3833,0.8701136831666332,false,259266,3833,0.8701136831666332
259266,64151,0.8515978988626793,false,259266,64151,0.8515978988626793
259266,221150,0.8181042205387412,false,259266,221150,0.8181042205387412
259266,9232,0.9069828506854606,false,259266,9232,0.9069828506854606
259266,100507118,0.8719821763585677,false,259266,100507118,0.8719821763585677
259266,991,0.9368689179298668,false,259266,991,0.9368689179298668
259266,10615,0.8534201170665313,false,259266,10615,0.8534201170665313
157313,54443,0.7223010388133821,false,157313,54443,0.7223010388133821
157313,55165,0.8080188254785549,false,157313,55165,0.8080188254785549
157313,51512,0.7257131709790448,false,157313,51512,0.7257131709790448
157313,9133,0.8295417125335982,false,157313,9133,0.8295417125335982
157313,9833,0.8293882260202684,false,157313,9833,0.8293882260202684
157313,3161,0.705789400290282,false,157313,3161,0.705789400290282
157313,51203,0.8466700712917774,false,157313,51203,0.8466700712917774
157313,995,0.7609619840091805,false,157313,995,0.7609619840091805
157313,29128,0.7262604174078695,false,157313,29128,0.7262604174078695
157313,113130,0.7030617087056565,false,157313,113130,0.7030617087056565
157313,332,0.8979208356381534,false,157313,332,0.8979208356381534
157313,7153,0.737699540187204,false,157313,7153,0.737699540187204
157313,891,0.7369918597539268,false,157313,891,0.7369918597539268
157313,6241,0.8504094233546585,false,157313,6241,0.8504094233546585
157313,9156,0.7229701743483423,false,157313,9156,0.7229701743483423
157313,24137,0.7653901362560035,false,157313,24137,0.7653901362560035
157313,9787,0.8279031367903086,false,157313,9787,0.8279031367903086
157313,9212,0.7287695944576913,false,157313,9212,0.7287695944576913
157313,22974,0.7819360191280751,false,157313,22974,0.7819360191280751
157313,699,0.7908037033554527,false,157313,699,0.7908037033554527
157313,1063,0.7462742180038165,false,157313,1063,0.7462742180038165
157313,128239,0.7244283350674283,false,157313,128239,0.7244283350674283
157313,1058,0.7697039208403337,false,157313,1058,0.7697039208403337
157313,9232,0.7450462351799215,false,157313,9232,0.7450462351799215
157313,100507118,0.7765993678225683,false,157313,100507118,0.7765993678225683
157313,991,0.7309162911491522,false,157313,991,0.7309162911491522
54443,55165,0.9221323608166924,false,54443,55165,0.9221323608166924
54443,51512,0.8146526579332396,false,54443,51512,0.8146526579332396
54443,10721,0.7188415473134475,false,54443,10721,0.7188415473134475
54443,9833,0.8532439295335419,false,54443,9833,0.8532439295335419
54443,3161,0.9172286720076283,false,54443,3161,0.9172286720076283
54443,51203,0.9249561308274522,false,54443,51203,0.9249561308274522
54443,29128,0.8316458024596893,false,54443,29128,0.8316458024596893
54443,57082,0.7788707465737253,false,54443,57082,0.7788707465737253
54443,4001,0.8044903953569659,false,54443,4001,0.8044903953569659
54443,9055,0.9307098093030868,false,54443,9055,0.9307098093030868
54443,332,0.7667333072900558,false,54443,332,0.7667333072900558
54443,56992,0.7373076634057242,false,54443,56992,0.7373076634057242
54443,55247,0.848920856283117,false,54443,55247,0.848920856283117
54443,11130,0.7834822792873593,false,54443,11130,0.7834822792873593
54443,55872,0.9395258194846866,false,54443,55872,0.9395258194846866
54443,7153,0.9285449013100147,false,54443,7153,0.9285449013100147
54443,891,0.8120622472562529,false,54443,891,0.8120622472562529
54443,4751,0.9498050526742279,false,54443,4751,0.9498050526742279
54443,6241,0.8161087568766129,false,54443,6241,0.8161087568766129
54443,83903,0.8817729138036625,false,54443,83903,0.8817729138036625
54443,24137,0.7782183875737654,false,54443,24137,0.7782183875737654
54443,9787,0.7691368239299778,false,54443,9787,0.7691368239299778
54443,22974,0.7122353659857928,false,54443,22974,0.7122353659857928
54443,699,0.8949697114300528,false,54443,699,0.8949697114300528
54443,1063,0.819095338945484,false,54443,1063,0.819095338945484
54443,23397,0.7919881277718841,false,54443,23397,0.7919881277718841
54443,9928,0.8534515085093067,false,54443,9928,0.8534515085093067
54443,64151,0.7767561059421835,false,54443,64151,0.7767561059421835
54443,221150,0.7599792357268125,false,54443,221150,0.7599792357268125
54443,101927813,0.8170169410541962,false,54443,101927813,0.8170169410541962
54443,100507118,0.8912607618472348,false,54443,100507118,0.8912607618472348
54443,100288637,0.7881517497997192,false,54443,100288637,0.7881517497997192
6534,109729184,0.7340151856368115,false,6534,109729184,0.7340151856368115
6534,6273,0.7274786263992123,false,6534,6273,0.7274786263992123
6534,7477,0.7445116941039301,false,6534,7477,0.7445116941039301
6534,3053,0.7256214263081959,false,6534,3053,0.7256214263081959
6534,4318,0.7178524900431902,false,6534,4318,0.7178524900431902
6534,100533990,0.8104434802370808,false,6534,100533990,0.8104434802370808
6534,11075,0.7273239989285768,false,6534,11075,0.7273239989285768
6534,5798,0.8480654160100958,false,6534,5798,0.8480654160100958
6534,105378305,0.7998546053743337,false,6534,105378305,0.7998546053743337
6534,3914,0.7069583932413006,false,6534,3914,0.7069583932413006
6534,109729169,0.8798480977814598,false,6534,109729169,0.8798480977814598
105371050,284403,0.7821745594507945,false,105371050,284403,0.7821745594507945
23109,105375674,0.721685063250429,false,23109,105375674,0.721685063250429
646024,55655,0.9193303691879521,false,646024,55655,0.9193303691879521
646024,6273,0.7709606877312507,false,646024,6273,0.7709606877312507
646024,103689845,0.9132245828836371,false,646024,103689845,0.9132245828836371
646024,338376,0.7363149814481834,false,646024,338376,0.7363149814481834
646024,107985492,0.9999999999999999,false,646024,107985492,0.9999999999999999
646024,731220,0.8910436778902172,false,646024,731220,0.8910436778902172
646024,3053,0.9005824683673856,false,646024,3053,0.9005824683673856
646024,3229,0.9402493706062196,false,646024,3229,0.9402493706062196
646024,105375690,0.8658057260923075,false,646024,105375690,0.8658057260923075
646024,115701,0.8668081442699588,false,646024,115701,0.8668081442699588
646024,11075,0.8370813402692333,false,646024,11075,0.8370813402692333
646024,5798,0.747342983390705,false,646024,5798,0.747342983390705
646024,84561,0.835743921361831,false,646024,84561,0.835743921361831
646024,284958,0.8604248896257747,false,646024,284958,0.8604248896257747
646024,105376041,1.0,false,646024,105376041,1.0
646024,9956,0.8209378730401,false,646024,9956,0.8209378730401
646024,3914,0.7095065100426511,false,646024,3914,0.7095065100426511
646024,554202,0.8364451618127654,false,646024,554202,0.8364451618127654
646024,100996301,0.8535794608492686,false,646024,100996301,0.8535794608492686
646024,109729169,0.8328049959037257,false,646024,109729169,0.8328049959037257
55165,220134,0.8084079547150395,false,55165,220134,0.8084079547150395
55165,10721,0.8270847274814589,false,55165,10721,0.8270847274814589
55165,83540,0.8174158732463904,false,55165,83540,0.8174158732463904
55165,9833,0.8718755741187462,false,55165,9833,0.8718755741187462
55165,3161,0.9263732614209688,false,55165,3161,0.9263732614209688
55165,51203,0.9443033225691626,false,55165,51203,0.9443033225691626
55165,57405,0.7403471292769069,false,55165,57405,0.7403471292769069
55165,995,0.7596049657223336,false,55165,995,0.7596049657223336
55165,29128,0.9188430852979134,false,55165,29128,0.9188430852979134
55165,57082,0.8823882683848645,false,55165,57082,0.8823882683848645
55165,4001,0.7864007470277408,false,55165,4001,0.7864007470277408
55165,9055,0.8253793166275275,false,55165,9055,0.8253793166275275
55165,332,0.8958881440846481,false,55165,332,0.8958881440846481
55165,56992,0.7540873555328217,false,55165,56992,0.7540873555328217
55165,55247,0.8133642398266957,false,55165,55247,0.8133642398266957
55165,11130,0.8324248506747024,false,55165,11130,0.8324248506747024
55165,55872,0.934976449729015,false,55165,55872,0.934976449729015
55165,7153,0.9444036487934235,false,55165,7153,0.9444036487934235
55165,891,0.8855363223012402,false,55165,891,0.8855363223012402
55165,4751,0.8749376273480866,false,55165,4751,0.8749376273480866
55165,6241,0.911472926997665,false,55165,6241,0.911472926997665
55165,147841,0.726820813614388,false,55165,147841,0.726820813614388
55165,9156,0.7729772331979418,false,55165,9156,0.7729772331979418
55165,83903,0.774930602989848,false,55165,83903,0.774930602989848
55165,24137,0.9202116912098147,false,55165,24137,0.9202116912098147
55165,9787,0.8473101100817556,false,55165,9787,0.8473101100817556
55165,22974,0.8037269447305226,false,55165,22974,0.8037269447305226
55165,699,0.9643826580519548,false,55165,699,0.9643826580519548
55165,1063,0.8565980181646868,false,55165,1063,0.8565980181646868
55165,23397,0.9053003188789414,false,55165,23397,0.9053003188789414
55165,9928,0.8445443214630397,false,55165,9928,0.8445443214630397
55165,64151,0.8918181188976553,false,55165,64151,0.8918181188976553
55165,221150,0.8437350502860411,false,55165,221150,0.8437350502860411
55165,101927813,0.7454724788743592,false,55165,101927813,0.7454724788743592
55165,100507118,0.8805087719657816,false,55165,100507118,0.8805087719657816
55165,100288637,0.809027500340287,false,55165,100288637,0.809027500340287
29851,5133,0.8994152074357852,false,29851,5133,0.8994152074357852
29851,105372115,0.84562044648896,false,29851,105372115,0.84562044648896
29851,7180,0.9310158933032407,false,29851,7180,0.9310158933032407
29851,10537,0.75504889105054,false,29851,10537,0.75504889105054
29851,50614,0.7973288566067097,false,29851,50614,0.7973288566067097
29851,3604,0.713133516624074,false,29851,3604,0.713133516624074
29851,56992,0.7136312223703153,false,29851,56992,0.7136312223703153
29851,387978,0.8145892297469401,false,29851,387978,0.8145892297469401
29851,27299,0.7606442005951335,false,29851,27299,0.7606442005951335
29851,6664,0.8443438499329556,false,29851,6664,0.8443438499329556
29851,100506655,0.7136171298107256,false,29851,100506655,0.7136171298107256
29851,23532,0.7119001926169879,false,29851,23532,0.7119001926169879
29851,100506827,0.8540278298660163,false,29851,100506827,0.8540278298660163
29851,4547,0.8731805554824409,false,29851,4547,0.8731805554824409
29851,3627,0.8605235213635892,false,29851,3627,0.8605235213635892
51512,9833,0.779931938163066,false,51512,9833,0.779931938163066
51512,51203,0.7390802461352902,false,51512,51203,0.7390802461352902
51512,9055,0.7326479877647268,false,51512,9055,0.7326479877647268
51512,81930,0.747693844048681,false,51512,81930,0.747693844048681
51512,55872,0.7356978200426312,false,51512,55872,0.7356978200426312
51512,4751,0.751423341617569,false,51512,4751,0.751423341617569
51512,83903,0.8278241294245011,false,51512,83903,0.8278241294245011
51512,1058,0.7738323294394225,false,51512,1058,0.7738323294394225
51512,81624,0.7789732331616379,false,51512,81624,0.7789732331616379
51512,101927813,0.7928393218935805,false,51512,101927813,0.7928393218935805
51512,101929707,0.8519677882728476,false,51512,101929707,0.8519677882728476
51512,100507118,0.7259422448554542,false,51512,100507118,0.7259422448554542
220134,9133,0.7306324517099784,false,220134,9133,0.7306324517099784
220134,83540,0.7516492641088945,false,220134,83540,0.7516492641088945
220134,9833,0.7418863732747152,false,220134,9833,0.7418863732747152
220134,3161,0.7427378075908109,false,220134,3161,0.7427378075908109
220134,51203,0.7838182673540335,false,220134,51203,0.7838182673540335
220134,57405,0.8338590650132246,false,220134,57405,0.8338590650132246
220134,995,0.7683917161622,false,220134,995,0.7683917161622
220134,29128,0.8703026118939271,false,220134,29128,0.8703026118939271
220134,113130,0.8105816992009641,false,220134,113130,0.8105816992009641
220134,4288,0.8610851157966063,false,220134,4288,0.8610851157966063
220134,57082,0.8621480424024808,false,220134,57082,0.8621480424024808
220134,4001,0.8158874637082802,false,220134,4001,0.8158874637082802
220134,9055,0.7345113108708465,false,220134,9055,0.7345113108708465
220134,11065,0.7998615345038336,false,220134,11065,0.7998615345038336
220134,332,0.8195324641693162,false,220134,332,0.8195324641693162
220134,56992,0.7439792995147246,false,220134,56992,0.7439792995147246
220134,55872,0.7957805274335197,false,220134,55872,0.7957805274335197
220134,7153,0.7254464647496389,false,220134,7153,0.7254464647496389
220134,9700,0.7243973734814072,false,220134,9700,0.7243973734814072
220134,891,0.8068919205063058,false,220134,891,0.8068919205063058
220134,6241,0.8242266584063856,false,220134,6241,0.8242266584063856
220134,147841,0.8475210759513536,false,220134,147841,0.8475210759513536
220134,24137,0.8574388556287615,false,220134,24137,0.8574388556287615
220134,9787,0.8542234297313139,false,220134,9787,0.8542234297313139
220134,9212,0.7771031677855891,false,220134,9212,0.7771031677855891
220134,22974,0.8259542866166507,false,220134,22974,0.8259542866166507
220134,699,0.820413148872833,false,220134,699,0.820413148872833
220134,1063,0.805776736695196,false,220134,1063,0.805776736695196
220134,128239,0.8375885995894417,false,220134,128239,0.8375885995894417
220134,3833,0.7473396204032504,false,220134,3833,0.7473396204032504
220134,64151,0.9205953216738435,false,220134,64151,0.9205953216738435
220134,221150,0.8751345593628562,false,220134,221150,0.8751345593628562
220134,9232,0.7128868462732186,false,220134,9232,0.7128868462732186
220134,100507118,0.8191083171542713,false,220134,100507118,0.8191083171542713
220134,991,0.8433323056117604,false,220134,991,0.8433323056117604
220134,10615,0.8714698308416998,false,220134,10615,0.8714698308416998
53836,100289137,0.910546601254243,false,53836,100289137,0.910546601254243
53836,105371737,0.8122564480793044,false,53836,105371737,0.8122564480793044
53836,107985627,0.8221040365818866,false,53836,107985627,0.8221040365818866
53836,338667,0.7893254449287656,false,53836,338667,0.7893254449287656
53836,102724784,0.8136019097360353,false,53836,102724784,0.8136019097360353
53836,1813,0.8669243852561399,false,53836,1813,0.8669243852561399
53836,151760,0.8965393223385966,false,53836,151760,0.8965393223385966
100289137,105371737,0.7709380444946952,false,100289137,105371737,0.7709380444946952
100289137,107985627,0.8360668669642422,false,100289137,107985627,0.8360668669642422
100289137,338667,0.7313445310567099,false,100289137,338667,0.7313445310567099
100289137,102724784,0.8632658996107305,false,100289137,102724784,0.8632658996107305
100289137,105373557,0.7083081936928952,false,100289137,105373557,0.7083081936928952
100289137,1813,0.8598819156625246,false,100289137,1813,0.8598819156625246
100289137,151760,0.807255011782961,false,100289137,151760,0.807255011782961
941,860,0.7870035281745484,false,941,860,0.7870035281745484
941,79100,0.7003088334757132,false,941,79100,0.7003088334757132
941,103695435,0.7200140032756908,false,941,103695435,0.7200140032756908
941,7681,0.8421956242278301,false,941,7681,0.8421956242278301
941,345079,0.872119900807336,false,941,345079,0.872119900807336
941,105376042,0.7076524578262178,false,941,105376042,0.7076524578262178
941,9355,0.8616914569470897,false,941,9355,0.8616914569470897
5133,105372115,0.8851677398983457,false,5133,105372115,0.8851677398983457
5133,7180,0.9381052705904183,false,5133,7180,0.9381052705904183
5133,50614,0.8135909536569522,false,5133,50614,0.8135909536569522
5133,3604,0.7869342814127638,false,5133,3604,0.7869342814127638
5133,387978,0.8637737879682637,false,5133,387978,0.8637737879682637
5133,27299,0.7952856081214043,false,5133,27299,0.7952856081214043
5133,6664,0.9018760678564954,false,5133,6664,0.9018760678564954
5133,100506827,0.7128284904975546,false,5133,100506827,0.7128284904975546
5133,4547,0.9013614327591583,false,5133,4547,0.9013614327591583
5133,338797,0.7152930012266714,false,5133,338797,0.7152930012266714
5133,3627,0.8159748959089929,false,5133,3627,0.8159748959089929
105372115,7180,0.8820521527463252,false,105372115,7180,0.8820521527463252
105372115,107986606,0.7176344649170948,false,105372115,107986606,0.7176344649170948
105372115,50614,0.8473398452458445,false,105372115,50614,0.8473398452458445
105372115,4001,0.7531545639005641,false,105372115,4001,0.7531545639005641
105372115,3604,0.8288008514266633,false,105372115,3604,0.8288008514266633
105372115,56992,0.8618292186685624,false,105372115,56992,0.8618292186685624
105372115,55247,0.7514741024774161,false,105372115,55247,0.7514741024774161
105372115,387978,0.9126305966357867,false,105372115,387978,0.9126305966357867
105372115,27299,0.8491408771864682,false,105372115,27299,0.8491408771864682
105372115,6664,0.9248901795310734,false,105372115,6664,0.9248901795310734
105372115,4547,0.937359157542483,false,105372115,4547,0.937359157542483
105372115,64151,0.7148159203899574,false,105372115,64151,0.7148159203899574
105372115,221150,0.7206414107514113,false,105372115,221150,0.7206414107514113
105372115,3627,0.8382564452515975,false,105372115,3627,0.8382564452515975
9133,9833,0.7173646893379972,false,9133,9833,0.7173646893379972
9133,57405,0.8029641256940131,false,9133,57405,0.8029641256940131
9133,995,0.8079938322103926,false,9133,995,0.8079938322103926
9133,113130,0.8731001026093106,false,9133,113130,0.8731001026093106
9133,4288,0.9001546284954124,false,9133,4288,0.9001546284954124
9133,332,0.8669056228011821,false,9133,332,0.8669056228011821
9133,9700,0.7808840169530541,false,9133,9700,0.7808840169530541
9133,6241,0.8196523291036926,false,9133,6241,0.8196523291036926
9133,147841,0.7356078269480602,false,9133,147841,0.7356078269480602
9133,8318,0.7482486648778509,false,9133,8318,0.7482486648778509
9133,24137,0.7860239739401047,false,9133,24137,0.7860239739401047
9133,9787,0.9033400713726628,false,9133,9787,0.9033400713726628
9133,9212,0.9338426470310113,false,9133,9212,0.9338426470310113
9133,22974,0.8692323344806558,false,9133,22974,0.8692323344806558
9133,1063,0.8298874145034623,false,9133,1063,0.8298874145034623
9133,128239,0.9100806884103185,false,9133,128239,0.9100806884103185
9133,1058,0.7911121369433283,false,9133,1058,0.7911121369433283
9133,3833,0.8371042829868178,false,9133,3833,0.8371042829868178
9133,55771,0.7199053304884122,false,9133,55771,0.7199053304884122
9133,9232,0.9295514049896297,false,9133,9232,0.9295514049896297
9133,100507118,0.7570077552708725,false,9133,100507118,0.7570077552708725
9133,991,0.9400521949012798,false,9133,991,0.9400521949012798
9133,10615,0.7604271382891726,false,9133,10615,0.7604271382891726
2328,203190,0.853927737756862,false,2328,203190,0.853927737756862
2328,105374986,0.7476486245985464,false,2328,105374986,0.7476486245985464
2328,27237,0.8129082973506613,false,2328,27237,0.8129082973506613
2328,81624,0.8411475520377661,false,2328,81624,0.8411475520377661
2328,101929707,0.9420555617693391,false,2328,101929707,0.9420555617693391
7180,10537,0.8045140808572485,false,7180,10537,0.8045140808572485
7180,50614,0.8881614527425683,false,7180,50614,0.8881614527425683
7180,3604,0.769698458508038,false,7180,3604,0.769698458508038
7180,387978,0.8371050615869838,false,7180,387978,0.8371050615869838
7180,27299,0.7841746040790055,false,7180,27299,0.7841746040790055
7180,6664,0.8778016079556336,false,7180,6664,0.8778016079556336
7180,100506655,0.7532382959738221,false,7180,100506655,0.7532382959738221
7180,23532,0.7582848065650631,false,7180,23532,0.7582848065650631
7180,100506827,0.8332307997735554,false,7180,100506827,0.8332307997735554
7180,4547,0.9261596084549748,false,7180,4547,0.9261596084549748
7180,338797,0.7403154346815757,false,7180,338797,0.7403154346815757
7180,3627,0.912590037951575,false,7180,3627,0.912590037951575
10721,3161,0.8335983918431396,false,10721,3161,0.8335983918431396
10721,51203,0.7493723456680105,false,10721,51203,0.7493723456680105
10721,29128,0.8531187277149616,false,10721,29128,0.8531187277149616
10721,57082,0.8446249928047336,false,10721,57082,0.8446249928047336
10721,4001,0.7248630839460013,false,10721,4001,0.7248630839460013
10721,56992,0.8113012990950873,false,10721,56992,0.8113012990950873
10721,55247,0.8595686425945765,false,10721,55247,0.8595686425945765
10721,11130,0.8627127376088555,false,10721,11130,0.8627127376088555
10721,55872,0.7637017240935389,false,10721,55872,0.7637017240935389
10721,7153,0.8717392500442984,false,10721,7153,0.8717392500442984
10721,891,0.7797606990581214,false,10721,891,0.7797606990581214
10721,4751,0.7834281236624365,false,10721,4751,0.7834281236624365
10721,24137,0.800794974099549,false,10721,24137,0.800794974099549
10721,699,0.7987597351190656,false,10721,699,0.7987597351190656
10721,23397,0.9007319956990306,false,10721,23397,0.9007319956990306
10721,9928,0.858000660418536,false,10721,9928,0.858000660418536
10721,64151,0.8385487640052947,false,10721,64151,0.8385487640052947
10721,221150,0.7793149636206396,false,10721,221150,0.7793149636206396
10721,100288637,0.8583861764909018,false,10721,100288637,0.8583861764909018
83540,1870,0.7070289113406284,false,83540,1870,0.7070289113406284
83540,9833,0.8018287505952534,false,83540,9833,0.8018287505952534
83540,3161,0.7460502517434653,false,83540,3161,0.7460502517434653
83540,51203,0.7903908847093201,false,83540,51203,0.7903908847093201
83540,57405,0.8178621272384459,false,83540,57405,0.8178621272384459
83540,29128,0.7260141172721782,false,83540,29128,0.7260141172721782
83540,57082,0.8518172243138593,false,83540,57082,0.8518172243138593
83540,332,0.7925056349253317,false,83540,332,0.7925056349253317
83540,55872,0.7393271129473241,false,83540,55872,0.7393271129473241
83540,7153,0.7337914566531065,false,83540,7153,0.7337914566531065
83540,891,0.7128284939463355,false,83540,891,0.7128284939463355
83540,6241,0.8216493372877082,false,83540,6241,0.8216493372877082
83540,147841,0.7438646058490505,false,83540,147841,0.7438646058490505
83540,24137,0.7388266703998402,false,83540,24137,0.7388266703998402
83540,9787,0.710794464392115,false,83540,9787,0.710794464392115
83540,22974,0.7460377521082416,false,83540,22974,0.7460377521082416
83540,699,0.8630451640919389,false,83540,699,0.8630451640919389
83540,23397,0.816840563956824,false,83540,23397,0.816840563956824
83540,128239,0.7222734284634821,false,83540,128239,0.7222734284634821
83540,64151,0.7678198324285456,false,83540,64151,0.7678198324285456
83540,221150,0.7138852572523451,false,83540,221150,0.7138852572523451
83540,10615,0.7681234946169694,false,83540,10615,0.7681234946169694
860,5101,0.9155923798941247,false,860,5101,0.9155923798941247
860,79100,0.915443973521009,false,860,79100,0.915443973521009
860,219970,0.7965965320418319,false,860,219970,0.7965965320418319
860,8549,0.8968901123098747,false,860,8549,0.8968901123098747
860,112268037,0.8683733074125921,false,860,112268037,0.8683733074125921
860,5100,0.7892570088483596,false,860,5100,0.7892570088483596
860,9388,0.8936367063678843,false,860,9388,0.8936367063678843
860,7681,0.8308221185955446,false,860,7681,0.8308221185955446
860,345079,0.7558324558333084,false,860,345079,0.7558324558333084
860,105376042,0.7304738680568177,false,860,105376042,0.7304738680568177
860,122042,0.9192522071794405,false,860,122042,0.9192522071794405
860,554202,0.7862347874974573,false,860,554202,0.7862347874974573
860,9355,0.8443066992642823,false,860,9355,0.8443066992642823
10537,7546,0.75102471867899,false,10537,7546,0.75102471867899
10537,4283,0.8506443717064647,false,10537,4283,0.8506443717064647
10537,147741,0.719430519740473,false,10537,147741,0.719430519740473
10537,100506655,0.9390301643926184,false,10537,100506655,0.9390301643926184
10537,11001,0.7284016685925686,false,10537,11001,0.7284016685925686
10537,23532,0.9622460164803632,false,10537,23532,0.9622460164803632
10537,100506827,0.8557725570909156,false,10537,100506827,0.8557725570909156
10537,2835,0.7608229631195101,false,10537,2835,0.7608229631195101
10537,4547,0.7052902944804901,false,10537,4547,0.7052902944804901
10537,701,0.7582228681418799,false,10537,701,0.7582228681418799
10537,3627,0.9216114032762105,false,10537,3627,0.9216114032762105
105376878,101927760,0.8287279188666015,false,105376878,101927760,0.8287279188666015
105376878,100506827,0.7784674921137422,false,105376878,100506827,0.7784674921137422
109729184,100506411,0.7960781075799455,false,109729184,100506411,0.7960781075799455
109729184,7477,0.9524825964053633,false,109729184,7477,0.9524825964053633
109729184,4318,0.9900539045385238,false,109729184,4318,0.9900539045385238
109729184,79191,0.906898851295563,false,109729184,79191,0.906898851295563
109729184,100533990,0.8029588417559016,false,109729184,100533990,0.8029588417559016
109729184,26289,0.8356633352393976,false,109729184,26289,0.8356633352393976
109729184,5798,0.8133078027122419,false,109729184,5798,0.8133078027122419
109729184,100379220,0.834571434122637,false,109729184,100379220,0.834571434122637
109729184,105378305,0.8684341773052293,false,109729184,105378305,0.8684341773052293
109729184,168002,0.9372347828126606,false,109729184,168002,0.9372347828126606
109729184,109729169,0.7590138084359366,false,109729184,109729169,0.7590138084359366
55655,6273,0.7470354526105117,false,55655,6273,0.7470354526105117
55655,103689845,0.8563339410130397,false,55655,103689845,0.8563339410130397
55655,338376,0.7979048460901381,false,55655,338376,0.7979048460901381
55655,107985492,0.9193303691879521,false,55655,107985492,0.9193303691879521
55655,731220,0.8581727934114202,false,55655,731220,0.8581727934114202
55655,3053,0.8210713571142421,false,55655,3053,0.8210713571142421
55655,3229,0.876543805701739,false,55655,3229,0.876543805701739
55655,105375690,0.9338895655404995,false,55655,105375690,0.9338895655404995
55655,115701,0.8637446851465815,false,55655,115701,0.8637446851465815
55655,11075,0.8025732401190705,false,55655,11075,0.8025732401190705
55655,23286,0.7200717106612899,false,55655,23286,0.7200717106612899
55655,84561,0.7816815792049417,false,55655,84561,0.7816815792049417
55655,284958,0.8045731185969403,false,55655,284958,0.8045731185969403
55655,105376041,0.9193303691879522,false,55655,105376041,0.9193303691879522
55655,9956,0.7593663861301145,false,55655,9956,0.7593663861301145
55655,3914,0.8027108953256024,false,55655,3914,0.8027108953256024
55655,554202,0.7929058378863776,false,55655,554202,0.7929058378863776
55655,100996301,0.7809404052079376,false,55655,100996301,0.7809404052079376
55655,109729169,0.7988338913712709,false,55655,109729169,0.7988338913712709
8529,147741,0.7155378152749079,false,8529,147741,0.7155378152749079
8529,2835,0.8083553868567098,false,8529,2835,0.8083553868567098
5101,79100,0.8611692878410317,false,5101,79100,0.8611692878410317
5101,219970,0.7119107984554555,false,5101,219970,0.7119107984554555
5101,8549,0.8873905297343319,false,5101,8549,0.8873905297343319
5101,112268037,0.718085551300916,false,5101,112268037,0.718085551300916
5101,4318,0.7292445653170412,false,5101,4318,0.7292445653170412
5101,5100,0.7734346255326161,false,5101,5100,0.7734346255326161
5101,9388,0.8260932480942782,false,5101,9388,0.8260932480942782
5101,11075,0.7019519091170625,false,5101,11075,0.7019519091170625
5101,345079,0.7199618991480535,false,5101,345079,0.7199618991480535
5101,122042,0.8496933506508072,false,5101,122042,0.8496933506508072
5101,554202,0.9258838370024255,false,5101,554202,0.9258838370024255
5101,109729169,0.803940585456817,false,5101,109729169,0.803940585456817
79100,338376,0.7082356991493461,false,79100,338376,0.7082356991493461
79100,219970,0.7155819159784874,false,79100,219970,0.7155819159784874
79100,8549,0.9254324346848587,false,79100,8549,0.9254324346848587
79100,112268037,0.7491642805851244,false,79100,112268037,0.7491642805851244
79100,103695435,0.740548980467405,false,79100,103695435,0.740548980467405
79100,5100,0.8229951372546331,false,79100,5100,0.8229951372546331
79100,9388,0.8352067000672947,false,79100,9388,0.8352067000672947
79100,7681,0.8399884933105906,false,79100,7681,0.8399884933105906
79100,105376042,0.8619757210537947,false,79100,105376042,0.8619757210537947
79100,122042,0.8895351589903118,false,79100,122042,0.8895351589903118
79100,554202,0.7937146835725997,false,79100,554202,0.7937146835725997
79100,9355,0.8128146791767483,false,79100,9355,0.8128146791767483
1870,57405,0.7353242826840123,false,1870,57405,0.7353242826840123
1870,105371737,0.7564712122016722,false,1870,105371737,0.7564712122016722
1870,147841,0.7016366830375171,false,1870,147841,0.7016366830375171
1870,8318,0.735266041231361,false,1870,8318,0.735266041231361
1870,1813,0.70798060278153,false,1870,1813,0.70798060278153
9833,3161,0.8796980094395951,false,9833,3161,0.8796980094395951
9833,51203,0.8797243492562141,false,9833,51203,0.8797243492562141
9833,57405,0.7738814032085277,false,9833,57405,0.7738814032085277
9833,995,0.8258862348593136,false,9833,995,0.8258862348593136
9833,29128,0.8380710471290381,false,9833,29128,0.8380710471290381
9833,113130,0.7903774081420109,false,9833,113130,0.7903774081420109
9833,4288,0.7368736093227994,false,9833,4288,0.7368736093227994
9833,57082,0.7230872375163188,false,9833,57082,0.7230872375163188
9833,4001,0.7001753090555848,false,9833,4001,0.7001753090555848
9833,9055,0.8149376725914269,false,9833,9055,0.8149376725914269
9833,11065,0.7463707188759515,false,9833,11065,0.7463707188759515
9833,332,0.9000033620276702,false,9833,332,0.9000033620276702
9833,11130,0.7376978131796355,false,9833,11130,0.7376978131796355
9833,55872,0.9082209226778342,false,9833,55872,0.9082209226778342
9833,7153,0.8473350913770966,false,9833,7153,0.8473350913770966
9833,891,0.8287409138951435,false,9833,891,0.8287409138951435
9833,4751,0.7972419936898267,false,9833,4751,0.7972419936898267
9833,6241,0.9339063738706184,false,9833,6241,0.9339063738706184
9833,9156,0.8200583387766001,false,9833,9156,0.8200583387766001
9833,83903,0.7177559883901989,false,9833,83903,0.7177559883901989
9833,24137,0.8363709420077097,false,9833,24137,0.8363709420077097
9833,9787,0.8685716940541363,false,9833,9787,0.8685716940541363
9833,9212,0.7503963402014457,false,9833,9212,0.7503963402014457
9833,22974,0.8901672238206373,false,9833,22974,0.8901672238206373
9833,699,0.9313564245040498,false,9833,699,0.9313564245040498
9833,1063,0.8869483051012872,false,9833,1063,0.8869483051012872
9833,23397,0.8046433590163222,false,9833,23397,0.8046433590163222
9833,128239,0.7008070870446604,false,9833,128239,0.7008070870446604
9833,9928,0.7133207101496738,false,9833,9928,0.7133207101496738
9833,1058,0.7873613523977043,false,9833,1058,0.7873613523977043
9833,3833,0.7938320100188477,false,9833,3833,0.7938320100188477
9833,81624,0.7022010653630145,false,9833,81624,0.7022010653630145
9833,64151,0.7528741096174414,false,9833,64151,0.7528741096174414
9833,221150,0.8334637460947384,false,9833,221150,0.8334637460947384
9833,9232,0.7843426252491679,false,9833,9232,0.7843426252491679
9833,101927813,0.8720186622531799,false,9833,101927813,0.8720186622531799
9833,100507118,0.9354823612751753,false,9833,100507118,0.9354823612751753
9833,100288637,0.7399423200167162,false,9833,100288637,0.7399423200167162
9833,991,0.7499212899068103,false,9833,991,0.7499212899068103
100506411,7477,0.8001763508473402,false,100506411,7477,0.8001763508473402
100506411,4318,0.7793939688921403,false,100506411,4318,0.7793939688921403
100506411,79191,0.7114073504639803,false,100506411,79191,0.7114073504639803
100506411,26289,0.7116430037168187,false,100506411,26289,0.7116430037168187
100506411,100379220,0.7041195755147551,false,100506411,100379220,0.7041195755147551
100506411,105378305,0.7554833104945037,false,100506411,105378305,0.7554833104945037
100506411,168002,0.7462764275317731,false,100506411,168002,0.7462764275317731
3161,51203,0.8833017937727342,false,3161,51203,0.8833017937727342
3161,57405,0.7053163536400934,false,3161,57405,0.7053163536400934
3161,29128,0.9065729658058399,false,3161,29128,0.9065729658058399
3161,57082,0.8318552805664148,false,3161,57082,0.8318552805664148
3161,4001,0.8188602243194512,false,3161,4001,0.8188602243194512
3161,9055,0.9020254911895368,false,3161,9055,0.9020254911895368
3161,332,0.7919551169567087,false,3161,332,0.7919551169567087
3161,56992,0.876882375576889,false,3161,56992,0.876882375576889
3161,55247,0.9171439917372785,false,3161,55247,0.9171439917372785
3161,11130,0.8635734410027038,false,3161,11130,0.8635734410027038
3161,55872,0.9633135066178806,false,3161,55872,0.9633135066178806
3161,7153,0.9163736377846017,false,3161,7153,0.9163736377846017
3161,891,0.8916097825685831,false,3161,891,0.8916097825685831
3161,4751,0.927060898569434,false,3161,4751,0.927060898569434
3161,6241,0.862193844545813,false,3161,6241,0.862193844545813
3161,83903,0.7852041772841374,false,3161,83903,0.7852041772841374
3161,24137,0.8719012668743243,false,3161,24137,0.8719012668743243
3161,9787,0.8201469474410105,false,3161,9787,0.8201469474410105
3161,22974,0.7681461384682045,false,3161,22974,0.7681461384682045
3161,699,0.9047630757303193,false,3161,699,0.9047630757303193
3161,1063,0.8582063804393792,false,3161,1063,0.8582063804393792
3161,23397,0.9143682576443491,false,3161,23397,0.9143682576443491
3161,9928,0.8641612234250722,false,3161,9928,0.8641612234250722
3161,1058,0.7040397687194357,false,3161,1058,0.7040397687194357
3161,64151,0.8675528520757729,false,3161,64151,0.8675528520757729
3161,221150,0.9142483627265827,false,3161,221150,0.9142483627265827
3161,101927813,0.8935852877838526,false,3161,101927813,0.8935852877838526
3161,100507118,0.918360666833959,false,3161,100507118,0.918360666833959
3161,100288637,0.8785505922442212,false,3161,100288637,0.8785505922442212
51203,57405,0.7480764626313092,false,51203,57405,0.7480764626313092
51203,995,0.7125342093147039,false,51203,995,0.7125342093147039
51203,29128,0.9057011844858782,false,51203,29128,0.9057011844858782
51203,57082,0.8550380342485041,false,51203,57082,0.8550380342485041
51203,4001,0.8072301689690985,false,51203,4001,0.8072301689690985
51203,9055,0.8698172541244388,false,51203,9055,0.8698172541244388
51203,332,0.8636845763409244,false,51203,332,0.8636845763409244
51203,56992,0.7326300088043068,false,51203,56992,0.7326300088043068
51203,55247,0.7970696009397045,false,51203,55247,0.7970696009397045
51203,11130,0.7749714818054247,false,51203,11130,0.7749714818054247
51203,55872,0.8994076112852418,false,51203,55872,0.8994076112852418
51203,7153,0.9463224705937068,false,51203,7153,0.9463224705937068
51203,891,0.8578776284462435,false,51203,891,0.8578776284462435
51203,4751,0.8580618547102442,false,51203,4751,0.8580618547102442
51203,6241,0.8662465671543562,false,51203,6241,0.8662465671543562
51203,9156,0.7390771934467608,false,51203,9156,0.7390771934467608
51203,83903,0.7562117279177804,false,51203,83903,0.7562117279177804
51203,24137,0.8350612215754859,false,51203,24137,0.8350612215754859
51203,9787,0.8414469735998287,false,51203,9787,0.8414469735998287
51203,22974,0.7771530283918138,false,51203,22974,0.7771530283918138
51203,699,0.9382846522833894,false,51203,699,0.9382846522833894
51203,1063,0.8199319336597781,false,51203,1063,0.8199319336597781
51203,23397,0.8228760010887015,false,51203,23397,0.8228760010887015
51203,9928,0.7977566821488192,false,51203,9928,0.7977566821488192
51203,64151,0.8429647182789203,false,51203,64151,0.8429647182789203
51203,221150,0.7930214147976119,false,51203,221150,0.7930214147976119
51203,101927813,0.7235497243716312,false,51203,101927813,0.7235497243716312
51203,100507118,0.9001434880866125,false,51203,100507118,0.9001434880866125
51203,100288637,0.7469273605095389,false,51203,100288637,0.7469273605095389
57405,29128,0.8192142519484139,false,57405,29128,0.8192142519484139
57405,113130,0.8355379459706844,false,57405,113130,0.8355379459706844
57405,4288,0.8090328298654715,false,57405,4288,0.8090328298654715
57405,57082,0.8158111190007223,false,57405,57082,0.8158111190007223
57405,332,0.8208774816759938,false,57405,332,0.8208774816759938
57405,7153,0.7248260402030201,false,57405,7153,0.7248260402030201
57405,6241,0.8077292503490778,false,57405,6241,0.8077292503490778
57405,147841,0.7366487377975114,false,57405,147841,0.7366487377975114
57405,9156,0.8145469659542033,false,57405,9156,0.8145469659542033
57405,24137,0.8280120888494239,false,57405,24137,0.8280120888494239
57405,9787,0.7968683703349847,false,57405,9787,0.7968683703349847
57405,9212,0.8221012139401014,false,57405,9212,0.8221012139401014
57405,22974,0.8285059928900814,false,57405,22974,0.8285059928900814
57405,699,0.8161204078477026,false,57405,699,0.8161204078477026
57405,1063,0.7861345308835228,false,57405,1063,0.7861345308835228
57405,23397,0.7648886857907359,false,57405,23397,0.7648886857907359
57405,128239,0.7880089546032176,false,57405,128239,0.7880089546032176
57405,55771,0.7136038583405566,false,57405,55771,0.7136038583405566
57405,64151,0.8574822914817037,false,57405,64151,0.8574822914817037
57405,221150,0.7558651823240116,false,57405,221150,0.7558651823240116
57405,9232,0.8060440648040379,false,57405,9232,0.8060440648040379
57405,100507118,0.786703763560337,false,57405,100507118,0.786703763560337
57405,991,0.8113009585216726,false,57405,991,0.8113009585216726
57405,10615,0.8491685207796821,false,57405,10615,0.8491685207796821
105371737,107985627,0.8804056120952356,false,105371737,107985627,0.8804056120952356
105371737,338667,0.7851439077529694,false,105371737,338667,0.7851439077529694
105371737,102724784,0.8562396121288347,false,105371737,102724784,0.8562396121288347
105371737,1813,0.9444841406487187,false,105371737,1813,0.9444841406487187
105371737,151760,0.7190857759264011,false,105371737,151760,0.7190857759264011
6273,103689845,0.8412541946751237,false,6273,103689845,0.8412541946751237
6273,107985492,0.7709606877312508,false,6273,107985492,0.7709606877312508
6273,731220,0.7662786856866045,false,6273,731220,0.7662786856866045
6273,3053,0.8116495362784915,false,6273,3053,0.8116495362784915
6273,3229,0.7131381253407655,false,6273,3229,0.7131381253407655
6273,100533990,0.7294193655291374,false,6273,100533990,0.7294193655291374
6273,105375690,0.7505308713511306,false,6273,105375690,0.7505308713511306
6273,115701,0.7067295154337399,false,6273,115701,0.7067295154337399
6273,11075,0.7753387743184285,false,6273,11075,0.7753387743184285
6273,5798,0.7513134898371728,false,6273,5798,0.7513134898371728
6273,84561,0.7478916365951072,false,6273,84561,0.7478916365951072
6273,105376041,0.7709606877312509,false,6273,105376041,0.7709606877312509
6273,9956,0.752993622528128,false,6273,9956,0.752993622528128
6273,3914,0.7945379561420178,false,6273,3914,0.7945379561420178
6273,100996301,0.7572446384243615,false,6273,100996301,0.7572446384243615
6273,109729169,0.7771046815218046,false,6273,109729169,0.7771046815218046
995,113130,0.7991634615277811,false,995,113130,0.7991634615277811
995,4288,0.8719069812187058,false,995,4288,0.8719069812187058
995,332,0.902558715953721,false,995,332,0.902558715953721
995,55872,0.7460871951803714,false,995,55872,0.7460871951803714
995,9700,0.7405876016536672,false,995,9700,0.7405876016536672
995,6241,0.9102790245606297,false,995,6241,0.9102790245606297
995,147841,0.7825083087464398,false,995,147841,0.7825083087464398
995,83903,0.7558184626983374,false,995,83903,0.7558184626983374
995,24137,0.7974135961436006,false,995,24137,0.7974135961436006
995,9787,0.8990102912988466,false,995,9787,0.8990102912988466
995,9212,0.8390857964419075,false,995,9212,0.8390857964419075
995,22974,0.9220407064363857,false,995,22974,0.9220407064363857
995,699,0.7609147119039906,false,995,699,0.7609147119039906
995,1063,0.8796264227081053,false,995,1063,0.8796264227081053
995,128239,0.8523329542162397,false,995,128239,0.8523329542162397
995,1058,0.768735864865699,false,995,1058,0.768735864865699
995,3833,0.8968337368674673,false,995,3833,0.8968337368674673
995,221150,0.701625810834554,false,995,221150,0.701625810834554
995,9232,0.8327031626834988,false,995,9232,0.8327031626834988
995,100507118,0.8236401186542281,false,995,100507118,0.8236401186542281
995,991,0.873264707084764,false,995,991,0.873264707084764
107986606,50614,0.729781487822946,false,107986606,50614,0.729781487822946
107986606,3604,0.8065886488764681,false,107986606,3604,0.8065886488764681
107986606,387978,0.8784561498264105,false,107986606,387978,0.8784561498264105
107986606,27299,0.7245937373130705,false,107986606,27299,0.7245937373130705
107986606,6664,0.8233319727712164,false,107986606,6664,0.8233319727712164
107986606,4547,0.7515143694552824,false,107986606,4547,0.7515143694552824
107986606,338797,0.8216899421587682,false,107986606,338797,0.8216899421587682
50614,4001,0.7672322536938394,false,50614,4001,0.7672322536938394
50614,3604,0.8013880584136962,false,50614,3604,0.8013880584136962
50614,56992,0.7147265259777388,false,50614,56992,0.7147265259777388
50614,387978,0.9015555321361464,false,50614,387978,0.9015555321361464
50614,27299,0.8688200627271525,false,50614,27299,0.8688200627271525
50614,6664,0.915950959327766,false,50614,6664,0.915950959327766
50614,9928,0.7474025703668011,false,50614,9928,0.7474025703668011
50614,4547,0.9462836880114643,false,50614,4547,0.9462836880114643
50614,338797,0.8109056679857068,false,50614,338797,0.8109056679857068
50614,3627,0.7639567193973159,false,50614,3627,0.7639567193973159
29128,113130,0.764556710622103,false,29128,113130,0.764556710622103
29128,57082,0.8721945824195829,false,29128,57082,0.8721945824195829
29128,4001,0.8785670676664511,false,29128,4001,0.8785670676664511
29128,9055,0.8455618606240681,false,29128,9055,0.8455618606240681
29128,11065,0.7352173302451837,false,29128,11065,0.7352173302451837
29128,332,0.8286428749083508,false,29128,332,0.8286428749083508
29128,56992,0.7741226602672323,false,29128,56992,0.7741226602672323
29128,55247,0.8504524033851035,false,29128,55247,0.8504524033851035
29128,11130,0.8044349851481976,false,29128,11130,0.8044349851481976
29128,55872,0.9004854221299846,false,29128,55872,0.9004854221299846
29128,7153,0.9320730696939352,false,29128,7153,0.9320730696939352
29128,891,0.8939062448306396,false,29128,891,0.8939062448306396
29128,4751,0.8322828993524234,false,29128,4751,0.8322828993524234
29128,6241,0.8405000514678317,false,29128,6241,0.8405000514678317
29128,9156,0.7596250015728637,false,29128,9156,0.7596250015728637
29128,24137,0.9099721687705007,false,29128,24137,0.9099721687705007
29128,9787,0.8354653722245223,false,29128,9787,0.8354653722245223
29128,22974,0.7728060416914999,false,29128,22974,0.7728060416914999
29128,699,0.922386463608468,false,29128,699,0.922386463608468
29128,1063,0.8327899863298851,false,29128,1063,0.8327899863298851
29128,23397,0.8619663597034377,false,29128,23397,0.8619663597034377
29128,9928,0.834522180517292,false,29128,9928,0.834522180517292
29128,64151,0.9421883826642219,false,29128,64151,0.9421883826642219
29128,221150,0.9168384623248148,false,29128,221150,0.9168384623248148
29128,101927813,0.7015955142846417,false,29128,101927813,0.7015955142846417
29128,100507118,0.896238858657993,false,29128,100507118,0.896238858657993
29128,100288637,0.847787165942309,false,29128,100288637,0.847787165942309
113130,4288,0.9162415986874523,false,113130,4288,0.9162415986874523
113130,11065,0.823661805778845,false,113130,11065,0.823661805778845
113130,332,0.8345870576931338,false,113130,332,0.8345870576931338
113130,9700,0.8213774278266597,false,113130,9700,0.8213774278266597
113130,891,0.7021871590007598,false,113130,891,0.7021871590007598
113130,6241,0.8383787751591322,false,113130,6241,0.8383787751591322
113130,147841,0.7336213165665983,false,113130,147841,0.7336213165665983
113130,8318,0.7738507048440009,false,113130,8318,0.7738507048440009
113130,24137,0.8039415166688698,false,113130,24137,0.8039415166688698
113130,9787,0.9093451331024707,false,113130,9787,0.9093451331024707
113130,9212,0.9344085967498128,false,113130,9212,0.9344085967498128
113130,22974,0.9109885837947462,false,113130,22974,0.9109885837947462
113130,1063,0.8360684526124694,false,113130,1063,0.8360684526124694
113130,128239,0.8741626708833472,false,113130,128239,0.8741626708833472
113130,1058,0.7652206353832458,false,113130,1058,0.7652206353832458
113130,3833,0.834073492493468,false,113130,3833,0.834073492493468
113130,64151,0.7389106093286276,false,113130,64151,0.7389106093286276
113130,221150,0.8185915851992092,false,113130,221150,0.8185915851992092
113130,9232,0.929022739543763,false,113130,9232,0.929022739543763
113130,100507118,0.8536327331819433,false,113130,100507118,0.8536327331819433
113130,991,0.9358579801605055,false,113130,991,0.9358579801605055
113130,10615,0.808374304718121,false,113130,10615,0.808374304718121
103689845,107985492,0.913224582883637,false,103689845,107985492,0.913224582883637
103689845,731220,0.9395435076230754,false,103689845,731220,0.9395435076230754
103689845,3053,0.8089839216223931,false,103689845,3053,0.8089839216223931
103689845,3229,0.8439730469634342,false,103689845,3229,0.8439730469634342
103689845,105375690,0.761323145026576,false,103689845,105375690,0.761323145026576
103689845,115701,0.7423099054326975,false,103689845,115701,0.7423099054326975
103689845,11075,0.9320895310141253,false,103689845,11075,0.9320895310141253
103689845,5798,0.7348976743678265,false,103689845,5798,0.7348976743678265
103689845,84561,0.720762781483263,false,103689845,84561,0.720762781483263
103689845,105376041,0.913224582883637,false,103689845,105376041,0.913224582883637
103689845,9956,0.8066960682892461,false,103689845,9956,0.8066960682892461
103689845,3914,0.7748954768840035,false,103689845,3914,0.7748954768840035
103689845,554202,0.7641561781853492,false,103689845,554202,0.7641561781853492
103689845,100996301,0.748950472846041,false,103689845,100996301,0.748950472846041
103689845,109729169,0.7974930790593177,false,103689845,109729169,0.7974930790593177
4288,131578,0.7628542130887831,false,4288,131578,0.7628542130887831
4288,11065,0.7793333366779308,false,4288,11065,0.7793333366779308
4288,332,0.8363385831291961,false,4288,332,0.8363385831291961
4288,9700,0.9006076812907253,false,4288,9700,0.9006076812907253
4288,6241,0.836666944146464,false,4288,6241,0.836666944146464
4288,147841,0.8193968515591242,false,4288,147841,0.8193968515591242
4288,8318,0.80140818060694,false,4288,8318,0.80140818060694
4288,24137,0.7763575658082335,false,4288,24137,0.7763575658082335
4288,9787,0.8980033310347242,false,4288,9787,0.8980033310347242
4288,9212,0.9385227968613463,false,4288,9212,0.9385227968613463
4288,22974,0.9136386881640047,false,4288,22974,0.9136386881640047
4288,1063,0.8403588116591669,false,4288,1063,0.8403588116591669
4288,128239,0.9567945247620531,false,4288,128239,0.9567945247620531
4288,3833,0.9212564392956215,false,4288,3833,0.9212564392956215
4288,64151,0.7352540545726486,false,4288,64151,0.7352540545726486
4288,221150,0.764452453087905,false,4288,221150,0.764452453087905
4288,9232,0.9303016962045266,false,4288,9232,0.9303016962045266
4288,100507118,0.7661126687988291,false,4288,100507118,0.7661126687988291
4288,991,0.980892453445336,false,4288,991,0.980892453445336
4288,10615,0.8791073340328297,false,4288,10615,0.8791073340328297
338376,107985492,0.7363149814481834,false,338376,107985492,0.7363149814481834
338376,23286,0.7692944026052031,false,338376,23286,0.7692944026052031
338376,105376041,0.7363149814481833,false,338376,105376041,0.7363149814481833
338376,554202,0.7551283778191582,false,338376,554202,0.7551283778191582
7546,4283,0.9857070823182662,false,7546,4283,0.9857070823182662
7546,339256,0.8676944327739752,false,7546,339256,0.8676944327739752
7546,147741,0.9788589009927767,false,7546,147741,0.9788589009927767
7546,100506655,0.8632256907369932,false,7546,100506655,0.8632256907369932
7546,23532,0.8355988877573797,false,7546,23532,0.8355988877573797
7546,2835,0.9350071344852702,false,7546,2835,0.9350071344852702
7546,366,0.8285576405333804,false,7546,366,0.8285576405333804
7546,701,0.7475371693124602,false,7546,701,0.7475371693124602
107985627,338667,0.7572381040796259,false,107985627,338667,0.7572381040796259
107985627,102724784,0.8657805604658249,false,107985627,102724784,0.8657805604658249
107985627,1813,0.9142599449291372,false,107985627,1813,0.9142599449291372
107985627,151760,0.8131847075704193,false,107985627,151760,0.8131847075704193
131578,9700,0.7416715372090753,false,131578,9700,0.7416715372090753
131578,8318,0.7374466775677225,false,131578,8318,0.7374466775677225
131578,9212,0.7077924932161864,false,131578,9212,0.7077924932161864
131578,128239,0.7872544033782671,false,131578,128239,0.7872544033782671
131578,3833,0.7086212250249642,false,131578,3833,0.7086212250249642
131578,9232,0.7144786234258959,false,131578,9232,0.7144786234258959
131578,991,0.7219762080798386,false,131578,991,0.7219762080798386
57082,4001,0.874463818860445,false,57082,4001,0.874463818860445
57082,9055,0.7362456868404158,false,57082,9055,0.7362456868404158
57082,332,0.7261475926647694,false,57082,332,0.7261475926647694
57082,56992,0.8328440404106686,false,57082,56992,0.8328440404106686
57082,55247,0.7864421481756109,false,57082,55247,0.7864421481756109
57082,55872,0.8379439565135101,false,57082,55872,0.8379439565135101
57082,7153,0.8706129564147227,false,57082,7153,0.8706129564147227
57082,891,0.7527160676423047,false,57082,891,0.7527160676423047
57082,4751,0.7157056738406377,false,57082,4751,0.7157056738406377
57082,6241,0.7501706540506607,false,57082,6241,0.7501706540506607
57082,24137,0.8054165554579341,false,57082,24137,0.8054165554579341
57082,9787,0.7050346028731801,false,57082,9787,0.7050346028731801
57082,6664,0.7075591526222272,false,57082,6664,0.7075591526222272
57082,699,0.886023994065947,false,57082,699,0.886023994065947
57082,1063,0.7407843765702489,false,57082,1063,0.7407843765702489
57082,23397,0.8337577714809237,false,57082,23397,0.8337577714809237
57082,9928,0.8841706500811853,false,57082,9928,0.8841706500811853
57082,64151,0.9374740368371229,false,57082,64151,0.9374740368371229
57082,221150,0.7840774429049653,false,57082,221150,0.7840774429049653
57082,100507118,0.7655423988258544,false,57082,100507118,0.7655423988258544
57082,100288637,0.7947798179203855,false,57082,100288637,0.7947798179203855
4001,9055,0.8642424308358553,false,4001,9055,0.8642424308358553
4001,3604,0.79680901553604,false,4001,3604,0.79680901553604
4001,56992,0.7710253466334739,false,4001,56992,0.7710253466334739
4001,55247,0.8327256705150554,false,4001,55247,0.8327256705150554
4001,387978,0.8317433044063167,false,4001,387978,0.8317433044063167
4001,55872,0.8584100200129418,false,4001,55872,0.8584100200129418
4001,7153,0.8353162184742994,false,4001,7153,0.8353162184742994
4001,891,0.7206979602869129,false,4001,891,0.7206979602869129
4001,4751,0.7482766474231967,false,4001,4751,0.7482766474231967
4001,27299,0.7965925674248204,false,4001,27299,0.7965925674248204
4001,24137,0.7038884335604324,false,4001,24137,0.7038884335604324
4001,6664,0.8472181242758918,false,4001,6664,0.8472181242758918
4001,699,0.8027490487850978,false,4001,699,0.8027490487850978
4001,1063,0.746168194026826,false,4001,1063,0.746168194026826
4001,9928,0.8708493374671729,false,4001,9928,0.8708493374671729
4001,4547,0.7991232022301881,false,4001,4547,0.7991232022301881
4001,64151,0.880224192185912,false,4001,64151,0.880224192185912
4001,221150,0.8081770548425508,false,4001,221150,0.8081770548425508
4001,100507118,0.7963080417461736,false,4001,100507118,0.7963080417461736
4001,100288637,0.7767569563551517,false,4001,100288637,0.7767569563551517
7477,4318,0.9426470643931777,false,7477,4318,0.9426470643931777
7477,79191,0.9098895769838938,false,7477,79191,0.9098895769838938
7477,100533990,0.8723214059380754,false,7477,100533990,0.8723214059380754
7477,26289,0.79290244909778,false,7477,26289,0.79290244909778
7477,11075,0.7292713880736725,false,7477,11075,0.7292713880736725
7477,5798,0.9076255663166861,false,7477,5798,0.9076255663166861
7477,100379220,0.8217727879682335,false,7477,100379220,0.8217727879682335
7477,105378305,0.8907890133431793,false,7477,105378305,0.8907890133431793
7477,168002,0.95431834939194,false,7477,168002,0.95431834939194
7477,109729169,0.8139543895162387,false,7477,109729169,0.8139543895162387
9055,332,0.7038240698619449,false,9055,332,0.7038240698619449
9055,56992,0.8167388626443549,false,9055,56992,0.8167388626443549
9055,55247,0.8809963639966586,false,9055,55247,0.8809963639966586
9055,55872,0.9142330765355291,false,9055,55872,0.9142330765355291
9055,7153,0.8499761461788544,false,9055,7153,0.8499761461788544
9055,891,0.8294719930841574,false,9055,891,0.8294719930841574
9055,4751,0.896464945947255,false,9055,4751,0.896464945947255
9055,6241,0.7771058386317928,false,9055,6241,0.7771058386317928
9055,83903,0.8441064216762213,false,9055,83903,0.8441064216762213
9055,24137,0.7483506681358668,false,9055,24137,0.7483506681358668
9055,9787,0.8066758707164688,false,9055,9787,0.8066758707164688
9055,22974,0.7283761237647794,false,9055,22974,0.7283761237647794
9055,699,0.8140918093965183,false,9055,699,0.8140918093965183
9055,1063,0.818915239961416,false,9055,1063,0.818915239961416
9055,23397,0.7080152582537416,false,9055,23397,0.7080152582537416
9055,9928,0.7977240583425321,false,9055,9928,0.7977240583425321
9055,64151,0.8014426109378894,false,9055,64151,0.8014426109378894
9055,221150,0.8449553404771915,false,9055,221150,0.8449553404771915
9055,101927813,0.8443907519474061,false,9055,101927813,0.8443907519474061
9055,100507118,0.9315808769830275,false,9055,100507118,0.9315808769830275
9055,100288637,0.7457734532052905,false,9055,100288637,0.7457734532052905
11065,332,0.7052368389414224,false,11065,332,0.7052368389414224
11065,891,0.8275886119245104,false,11065,891,0.8275886119245104
11065,6241,0.7419926305453348,false,11065,6241,0.7419926305453348
11065,147841,0.7473857323186077,false,11065,147841,0.7473857323186077
11065,9787,0.7697645663606213,false,11065,9787,0.7697645663606213
11065,9212,0.7420780824694188,false,11065,9212,0.7420780824694188
11065,22974,0.7324666928420749,false,11065,22974,0.7324666928420749
11065,128239,0.760521055193964,false,11065,128239,0.760521055193964
11065,3833,0.7308347975831423,false,11065,3833,0.7308347975831423
11065,221150,0.8684945596747005,false,11065,221150,0.8684945596747005
11065,101927813,0.7017381805080978,false,11065,101927813,0.7017381805080978
11065,100507118,0.7468635556001889,false,11065,100507118,0.7468635556001889
11065,991,0.7791505699191522,false,11065,991,0.7791505699191522
11065,10615,0.7949419860554022,false,11065,10615,0.7949419860554022
107985492,731220,0.8910436778902172,false,107985492,731220,0.8910436778902172
107985492,3053,0.9005824683673856,false,107985492,3053,0.9005824683673856
107985492,3229,0.9402493706062196,false,107985492,3229,0.9402493706062196
107985492,105375690,0.8658057260923075,false,107985492,105375690,0.8658057260923075
107985492,115701,0.8668081442699588,false,107985492,115701,0.8668081442699588
107985492,11075,0.8370813402692333,false,107985492,11075,0.8370813402692333
107985492,5798,0.747342983390705,false,107985492,5798,0.747342983390705
107985492,84561,0.835743921361831,false,107985492,84561,0.835743921361831
107985492,284958,0.8604248896257747,false,107985492,284958,0.8604248896257747
107985492,105376041,1.0,false,107985492,105376041,1.0
107985492,9956,0.8209378730401,false,107985492,9956,0.8209378730401
107985492,3914,0.7095065100426511,false,107985492,3914,0.7095065100426511
107985492,554202,0.8364451618127654,false,107985492,554202,0.8364451618127654
107985492,100996301,0.8535794608492686,false,107985492,100996301,0.8535794608492686
107985492,109729169,0.8328049959037257,false,107985492,109729169,0.8328049959037257
332,11130,0.707123398811022,false,332,11130,0.707123398811022
332,55872,0.8260588223829085,false,332,55872,0.8260588223829085
332,7153,0.788047961031135,false,332,7153,0.788047961031135
332,9700,0.7113870615572663,false,332,9700,0.7113870615572663
332,891,0.8169069505735894,false,332,891,0.8169069505735894
332,4751,0.7021702249484219,false,332,4751,0.7021702249484219
332,6241,0.9758543732531099,false,332,6241,0.9758543732531099
332,147841,0.8637771150721334,false,332,147841,0.8637771150721334
332,9156,0.8470202370859651,false,332,9156,0.8470202370859651
332,8318,0.7367159989723997,false,332,8318,0.7367159989723997
332,24137,0.9336134221139064,false,332,24137,0.9336134221139064
332,9787,0.9428075674949659,false,332,9787,0.9428075674949659
332,9212,0.8824707734791482,false,332,9212,0.8824707734791482
332,22974,0.9464652639621993,false,332,22974,0.9464652639621993
332,699,0.8921845653515232,false,332,699,0.8921845653515232
332,1063,0.8950510925363079,false,332,1063,0.8950510925363079
332,23397,0.7969016152155783,false,332,23397,0.7969016152155783
332,128239,0.8756040330727889,false,332,128239,0.8756040330727889
332,1058,0.790743030760927,false,332,1058,0.790743030760927
332,3833,0.8352515687589381,false,332,3833,0.8352515687589381
332,55771,0.7171061116628425,false,332,55771,0.7171061116628425
332,64151,0.7950908893011118,false,332,64151,0.7950908893011118
332,221150,0.7995543525555827,false,332,221150,0.7995543525555827
332,9232,0.846992496436401,false,332,9232,0.846992496436401
332,100507118,0.8844359369375727,false,332,100507118,0.8844359369375727
332,991,0.8737648031959078,false,332,991,0.8737648031959078
332,10615,0.7414713771969963,false,332,10615,0.7414713771969963
731220,3053,0.7483638524533416,false,731220,3053,0.7483638524533416
731220,3229,0.8551241162219632,false,731220,3229,0.8551241162219632
731220,105375690,0.8158177908824414,false,731220,105375690,0.8158177908824414
731220,115701,0.7762436279742216,false,731220,115701,0.7762436279742216
731220,11075,0.8950074499624098,false,731220,11075,0.8950074499624098
731220,105376041,0.8910436778902171,false,731220,105376041,0.8910436778902171
731220,9956,0.7239169728353013,false,731220,9956,0.7239169728353013
731220,3914,0.8663198238063092,false,731220,3914,0.8663198238063092
731220,554202,0.7814163297346933,false,731220,554202,0.7814163297346933
731220,109729169,0.7596286838470862,false,731220,109729169,0.7596286838470862
219970,8549,0.7222865697671657,false,219970,8549,0.7222865697671657
219970,112268037,0.8172792436359431,false,219970,112268037,0.8172792436359431
219970,5100,0.7543111679398722,false,219970,5100,0.7543111679398722
219970,9388,0.789243557044426,false,219970,9388,0.789243557044426
219970,122042,0.8170294466870393,false,219970,122042,0.8170294466870393
219970,9355,0.7003947231612577,false,219970,9355,0.7003947231612577
4283,339256,0.8356931167025604,false,4283,339256,0.8356931167025604
4283,147741,0.9606812710673659,false,4283,147741,0.9606812710673659
4283,100506655,0.9273081762451635,false,4283,100506655,0.9273081762451635
4283,23532,0.9107745605921794,false,4283,23532,0.9107745605921794
4283,100506827,0.7638945067103143,false,4283,100506827,0.7638945067103143
4283,2835,0.9369978381237769,false,4283,2835,0.9369978381237769
4283,366,0.8078951362022667,false,4283,366,0.8078951362022667
4283,701,0.7907004372475788,false,4283,701,0.7907004372475788
3053,3229,0.8013751565860193,false,3053,3229,0.8013751565860193
3053,100533990,0.7290068794534355,false,3053,100533990,0.7290068794534355
3053,105375690,0.7395290933375585,false,3053,105375690,0.7395290933375585
3053,115701,0.7196803606091405,false,3053,115701,0.7196803606091405
3053,11075,0.7552821437801793,false,3053,11075,0.7552821437801793
3053,5798,0.751845462388941,false,3053,5798,0.751845462388941
3053,84561,0.8945976347074268,false,3053,84561,0.8945976347074268
3053,105376041,0.9005824683673856,false,3053,105376041,0.9005824683673856
3053,554202,0.7895735899235349,false,3053,554202,0.7895735899235349
3053,100996301,0.9576320974643278,false,3053,100996301,0.9576320974643278
3053,109729169,0.8451249443622475,false,3053,109729169,0.8451249443622475
338667,102724784,0.8423769155573518,false,338667,102724784,0.8423769155573518
338667,1813,0.8598733746726864,false,338667,1813,0.8598733746726864
338667,151760,0.714040801536934,false,338667,151760,0.714040801536934
339256,147741,0.8195424877716039,false,339256,147741,0.8195424877716039
339256,100506655,0.7042281180390461,false,339256,100506655,0.7042281180390461
339256,2835,0.8074379806933587,false,339256,2835,0.8074379806933587
339256,366,0.8319935486709509,false,339256,366,0.8319935486709509
3604,387978,0.9217920519611775,false,3604,387978,0.9217920519611775
3604,27299,0.929487911968531,false,3604,27299,0.929487911968531
3604,6664,0.9102627661974604,false,3604,6664,0.9102627661974604
3604,4547,0.8959798162512123,false,3604,4547,0.8959798162512123
3604,3627,0.7977423760190104,false,3604,3627,0.7977423760190104
56992,55247,0.8917029658233401,false,56992,55247,0.8917029658233401
56992,387978,0.7440074551986,false,56992,387978,0.7440074551986
56992,55872,0.8049261884441727,false,56992,55872,0.8049261884441727
56992,7153,0.7485192768930464,false,56992,7153,0.7485192768930464
56992,891,0.7808692331037052,false,56992,891,0.7808692331037052
56992,4751,0.7492879258448648,false,56992,4751,0.7492879258448648
56992,6241,0.7113334877935851,false,56992,6241,0.7113334877935851
56992,24137,0.7353046078370024,false,56992,24137,0.7353046078370024
56992,9787,0.7008501346035113,false,56992,9787,0.7008501346035113
56992,6664,0.7559676032218309,false,56992,6664,0.7559676032218309
56992,699,0.7400180189420955,false,56992,699,0.7400180189420955
56992,23397,0.8113308198640546,false,56992,23397,0.8113308198640546
56992,9928,0.8050883291767478,false,56992,9928,0.8050883291767478
56992,4547,0.7718665900788942,false,56992,4547,0.7718665900788942
56992,64151,0.8508659144910506,false,56992,64151,0.8508659144910506
56992,221150,0.8577009364949865,false,56992,221150,0.8577009364949865
56992,101927813,0.781902136555691,false,56992,101927813,0.781902136555691
56992,100507118,0.7903085614402955,false,56992,100507118,0.7903085614402955
56992,100288637,0.7839396085311687,false,56992,100288637,0.7839396085311687
8549,112268037,0.7430381426061456,false,8549,112268037,0.7430381426061456
8549,5100,0.7999431248106741,false,8549,5100,0.7999431248106741
8549,9388,0.8251127384742607,false,8549,9388,0.8251127384742607
8549,7681,0.7972391969846208,false,8549,7681,0.7972391969846208
8549,105376042,0.7276335909582073,false,8549,105376042,0.7276335909582073
8549,122042,0.8268635732069692,false,8549,122042,0.8268635732069692
8549,554202,0.838124706855528,false,8549,554202,0.838124706855528
8549,9355,0.7619862071141846,false,8549,9355,0.7619862071141846
55247,11130,0.8221731926359467,false,55247,11130,0.8221731926359467
55247,387978,0.7709606145237651,false,55247,387978,0.7709606145237651
55247,55872,0.8593769012464642,false,55247,55872,0.8593769012464642
55247,7153,0.8719428601970556,false,55247,7153,0.8719428601970556
55247,891,0.7637266561745825,false,55247,891,0.7637266561745825
55247,4751,0.9006524964325647,false,55247,4751,0.9006524964325647
55247,27299,0.7875766565843676,false,55247,27299,0.7875766565843676
55247,83903,0.7126113867656352,false,55247,83903,0.7126113867656352
55247,24137,0.770340959892218,false,55247,24137,0.770340959892218
55247,6664,0.7619602317279432,false,55247,6664,0.7619602317279432
55247,699,0.7764811926477251,false,55247,699,0.7764811926477251
55247,1063,0.7278235918746921,false,55247,1063,0.7278235918746921
55247,23397,0.8611505816266142,false,55247,23397,0.8611505816266142
55247,9928,0.8681872892622752,false,55247,9928,0.8681872892622752
55247,4547,0.7271204605663545,false,55247,4547,0.7271204605663545
55247,64151,0.8431945327276363,false,55247,64151,0.8431945327276363
55247,221150,0.8322851521912973,false,55247,221150,0.8322851521912973
55247,101927813,0.7517968577560045,false,55247,101927813,0.7517968577560045
55247,100507118,0.8157857988696318,false,55247,100507118,0.8157857988696318
55247,100288637,0.8906379918068172,false,55247,100288637,0.8906379918068172
11130,55872,0.796687788093963,false,11130,55872,0.796687788093963
11130,7153,0.8727077070363087,false,11130,7153,0.8727077070363087
11130,891,0.815187878199422,false,11130,891,0.815187878199422
11130,4751,0.8962113519053588,false,11130,4751,0.8962113519053588
11130,6241,0.7249162499241846,false,11130,6241,0.7249162499241846
11130,24137,0.8031252433784904,false,11130,24137,0.8031252433784904
11130,699,0.7907412186202585,false,11130,699,0.7907412186202585
11130,23397,0.8928275628188579,false,11130,23397,0.8928275628188579
11130,9928,0.7573883624848909,false,11130,9928,0.7573883624848909
11130,221150,0.74578638977878,false,11130,221150,0.74578638977878
11130,101927813,0.7006132581958362,false,11130,101927813,0.7006132581958362
11130,100507118,0.7302366064689536,false,11130,100507118,0.7302366064689536
11130,100288637,0.853721312282996,false,11130,100288637,0.853721312282996
81930,83903,0.7493217789407653,false,81930,83903,0.7493217789407653
81930,1058,0.8272094738659331,false,81930,1058,0.8272094738659331
81930,101927813,0.763838893559878,false,81930,101927813,0.763838893559878
112268037,9388,0.8867061726064916,false,112268037,9388,0.8867061726064916
112268037,7681,0.7236851445041647,false,112268037,7681,0.7236851445041647
112268037,122042,0.7890586123796434,false,112268037,122042,0.7890586123796434
112268037,9355,0.784331550110453,false,112268037,9355,0.784331550110453
387978,27299,0.9396655691818908,false,387978,27299,0.9396655691818908
387978,6664,0.9906812131009803,false,387978,6664,0.9906812131009803
387978,9928,0.7065206207227407,false,387978,9928,0.7065206207227407
387978,4547,0.9506504679024862,false,387978,4547,0.9506504679024862
387978,64151,0.7491417478338112,false,387978,64151,0.7491417478338112
387978,338797,0.7978884117193275,false,387978,338797,0.7978884117193275
387978,3627,0.7380141882305737,false,387978,3627,0.7380141882305737
641,147841,0.7149892723081006,false,641,147841,0.7149892723081006
641,151648,0.7575194166922679,false,641,151648,0.7575194166922679
641,55771,0.7056807398105731,false,641,55771,0.7056807398105731
55872,7153,0.9138206003967222,false,55872,7153,0.9138206003967222
55872,891,0.8720654902239164,false,55872,891,0.8720654902239164
55872,4751,0.9160048974964062,false,55872,4751,0.9160048974964062
55872,6241,0.8762239544027485,false,55872,6241,0.8762239544027485
55872,9156,0.7265078272703394,false,55872,9156,0.7265078272703394
55872,83903,0.7992835888428311,false,55872,83903,0.7992835888428311
55872,24137,0.879847680061915,false,55872,24137,0.879847680061915
55872,9787,0.8409271209834429,false,55872,9787,0.8409271209834429
55872,22974,0.80501688256883,false,55872,22974,0.80501688256883
55872,699,0.9206054368782272,false,55872,699,0.9206054368782272
55872,1063,0.9087986905725692,false,55872,1063,0.9087986905725692
55872,23397,0.8526665363795974,false,55872,23397,0.8526665363795974
55872,9928,0.8701408385215592,false,55872,9928,0.8701408385215592
55872,3833,0.7189825255844072,false,55872,3833,0.7189825255844072
55872,64151,0.8569242857348947,false,55872,64151,0.8569242857348947
55872,221150,0.8964680562064936,false,55872,221150,0.8964680562064936
55872,101927813,0.8657914136834448,false,55872,101927813,0.8657914136834448
55872,100507118,0.9315102212157823,false,55872,100507118,0.9315102212157823
55872,100288637,0.840309460615294,false,55872,100288637,0.840309460615294
4318,79191,0.8889304611178516,false,4318,79191,0.8889304611178516
4318,100533990,0.7912104859078755,false,4318,100533990,0.7912104859078755
4318,26289,0.82860075921539,false,4318,26289,0.82860075921539
4318,5798,0.8112716980705863,false,4318,5798,0.8112716980705863
4318,100379220,0.8023628407192237,false,4318,100379220,0.8023628407192237
4318,105378305,0.8211145766129907,false,4318,105378305,0.8211145766129907
4318,168002,0.9083976446602923,false,4318,168002,0.9083976446602923
4318,109729169,0.779850220442038,false,4318,109729169,0.779850220442038
103695435,5100,0.7074959713410965,false,103695435,5100,0.7074959713410965
103695435,7681,0.8874015333519707,false,103695435,7681,0.8874015333519707
103695435,345079,0.7163541668562928,false,103695435,345079,0.7163541668562928
103695435,105376042,0.8984928292204966,false,103695435,105376042,0.8984928292204966
103695435,57624,0.7468184793708184,false,103695435,57624,0.7468184793708184
103695435,9355,0.8362170068779898,false,103695435,9355,0.8362170068779898
7153,891,0.8341861027239393,false,7153,891,0.8341861027239393
7153,4751,0.9235233467039814,false,7153,4751,0.9235233467039814
7153,6241,0.8035358760427188,false,7153,6241,0.8035358760427188
7153,9156,0.7644907861018481,false,7153,9156,0.7644907861018481
7153,24137,0.8432003169572277,false,7153,24137,0.8432003169572277
7153,9787,0.7340090144260293,false,7153,9787,0.7340090144260293
7153,699,0.9485683851610528,false,7153,699,0.9485683851610528
7153,1063,0.7777802301205261,false,7153,1063,0.7777802301205261
7153,23397,0.8882193273930457,false,7153,23397,0.8882193273930457
7153,9928,0.9071711781522585,false,7153,9928,0.9071711781522585
7153,64151,0.8583023760784644,false,7153,64151,0.8583023760784644
7153,221150,0.794486380581068,false,7153,221150,0.794486380581068
7153,101927813,0.7155341023991622,false,7153,101927813,0.7155341023991622
7153,100507118,0.8624715273845288,false,7153,100507118,0.8624715273845288
7153,100288637,0.8890996632419539,false,7153,100288637,0.8890996632419539
9700,6241,0.7047811988796878,false,9700,6241,0.7047811988796878
9700,147841,0.7241784572139641,false,9700,147841,0.7241784572139641
9700,8318,0.7302687988352963,false,9700,8318,0.7302687988352963
9700,9787,0.8048581039806277,false,9700,9787,0.8048581039806277
9700,9212,0.809875105808934,false,9700,9212,0.809875105808934
9700,22974,0.8214660028254955,false,9700,22974,0.8214660028254955
9700,128239,0.8712010089619963,false,9700,128239,0.8712010089619963
9700,3833,0.8414811076334862,false,9700,3833,0.8414811076334862
9700,9232,0.8728603688399135,false,9700,9232,0.8728603688399135
9700,991,0.8936781316369198,false,9700,991,0.8936781316369198
9700,10615,0.7608083160900675,false,9700,10615,0.7608083160900675
891,4751,0.8180353634066332,false,891,4751,0.8180353634066332
891,6241,0.8482719092771623,false,891,6241,0.8482719092771623
891,147841,0.7416188914205243,false,891,147841,0.7416188914205243
891,24137,0.8426444699956139,false,891,24137,0.8426444699956139
891,9787,0.8350792780940991,false,891,9787,0.8350792780940991
891,22974,0.7663829319658437,false,891,22974,0.7663829319658437
891,699,0.8575845428984831,false,891,699,0.8575845428984831
891,1063,0.7421096011413448,false,891,1063,0.7421096011413448
891,23397,0.7922466068014348,false,891,23397,0.7922466068014348
891,128239,0.7029212853771125,false,891,128239,0.7029212853771125
891,9928,0.7573358258991763,false,891,9928,0.7573358258991763
891,64151,0.8171495594180624,false,891,64151,0.8171495594180624
891,221150,0.9197126129904534,false,891,221150,0.9197126129904534
891,101927813,0.8063178723635784,false,891,101927813,0.8063178723635784
891,100507118,0.8543259114586251,false,891,100507118,0.8543259114586251
891,100288637,0.741393235559865,false,891,100288637,0.741393235559865
3229,105375690,0.8767324185741692,false,3229,105375690,0.8767324185741692
3229,347252,0.7270691494753514,false,3229,347252,0.7270691494753514
3229,115701,0.9132263877310272,false,3229,115701,0.9132263877310272
3229,11075,0.7923768697329222,false,3229,11075,0.7923768697329222
3229,84561,0.7633422238716497,false,3229,84561,0.7633422238716497
3229,284958,0.8484324356450451,false,3229,284958,0.8484324356450451
3229,105376041,0.9402493706062196,false,3229,105376041,0.9402493706062196
3229,9956,0.7479693798136914,false,3229,9956,0.7479693798136914
3229,3914,0.7144795602868615,false,3229,3914,0.7144795602868615
3229,554202,0.7545971455367813,false,3229,554202,0.7545971455367813
3229,100996301,0.7751741347302379,false,3229,100996301,0.7751741347302379
3229,109729169,0.7486034646084222,false,3229,109729169,0.7486034646084222
4751,6241,0.7486297394008163,false,4751,6241,0.7486297394008163
4751,83903,0.788668270089103,false,4751,83903,0.788668270089103
4751,24137,0.7806977616691688,false,4751,24137,0.7806977616691688
4751,9787,0.7096141732609851,false,4751,9787,0.7096141732609851
4751,699,0.833350171051707,false,4751,699,0.833350171051707
4751,1063,0.7706113673093623,false,4751,1063,0.7706113673093623
4751,23397,0.8143465321555037,false,4751,23397,0.8143465321555037
4751,9928,0.8606337565086639,false,4751,9928,0.8606337565086639
4751,81624,0.7298206539690768,false,4751,81624,0.7298206539690768
4751,64151,0.7463725555523352,false,4751,64151,0.7463725555523352
4751,221150,0.7677569604579576,false,4751,221150,0.7677569604579576
4751,101927813,0.8105707439641933,false,4751,101927813,0.8105707439641933
4751,100507118,0.8546863390991029,false,4751,100507118,0.8546863390991029
4751,100288637,0.8706636826550216,false,4751,100288637,0.8706636826550216
6241,147841,0.8155080473861339,false,6241,147841,0.8155080473861339
6241,9156,0.8014838997629761,false,6241,9156,0.8014838997629761
6241,83903,0.7721962716980483,false,6241,83903,0.7721962716980483
6241,24137,0.9303058145908638,false,6241,24137,0.9303058145908638
6241,9787,0.9532313834364725,false,6241,9787,0.9532313834364725
6241,9212,0.8633868495730103,false,6241,9212,0.8633868495730103
6241,22974,0.9647028186560596,false,6241,22974,0.9647028186560596
6241,699,0.9156331811567238,false,6241,699,0.9156331811567238
6241,1063,0.9186045391868933,false,6241,1063,0.9186045391868933
6241,23397,0.8437163842409864,false,6241,23397,0.8437163842409864
6241,128239,0.8591362046304701,false,6241,128239,0.8591362046304701
6241,1058,0.8146564598017318,false,6241,1058,0.8146564598017318
6241,3833,0.8485856899016404,false,6241,3833,0.8485856899016404
6241,64151,0.8281212464640126,false,6241,64151,0.8281212464640126
6241,221150,0.8641093642205884,false,6241,221150,0.8641093642205884
6241,9232,0.8455492604599126,false,6241,9232,0.8455492604599126
6241,101927813,0.7987339269027911,false,6241,101927813,0.7987339269027911
6241,100507118,0.9264507534369344,false,6241,100507118,0.9264507534369344
6241,991,0.8432941113716471,false,6241,991,0.8432941113716471
6241,10615,0.7213157867957914,false,6241,10615,0.7213157867957914
102724784,1813,0.909366919997614,false,102724784,1813,0.909366919997614
102724784,151760,0.7245259545257551,false,102724784,151760,0.7245259545257551
79191,100533990,0.7623752366392362,false,79191,100533990,0.7623752366392362
79191,5798,0.7587704764320642,false,79191,5798,0.7587704764320642
79191,100379220,0.9039663579464307,false,79191,100379220,0.9039663579464307
79191,105378305,0.8800150936289103,false,79191,105378305,0.8800150936289103
79191,168002,0.9644982963872837,false,79191,168002,0.9644982963872837
147841,9156,0.7067818888929336,false,147841,9156,0.7067818888929336
147841,8318,0.8677033833622301,false,147841,8318,0.8677033833622301
147841,24137,0.8026771801081609,false,147841,24137,0.8026771801081609
147841,9787,0.7774529705488916,false,147841,9787,0.7774529705488916
147841,9212,0.8003855291584383,false,147841,9212,0.8003855291584383
147841,22974,0.7990969900745294,false,147841,22974,0.7990969900745294
147841,699,0.733921650947067,false,147841,699,0.733921650947067
147841,128239,0.9002108526293096,false,147841,128239,0.9002108526293096
147841,3833,0.7210651713865533,false,147841,3833,0.7210651713865533
147841,55771,0.7855117573659232,false,147841,55771,0.7855117573659232
147841,64151,0.7051339178048552,false,147841,64151,0.7051339178048552
147841,221150,0.7079927070509869,false,147841,221150,0.7079927070509869
147841,9232,0.7137312241405591,false,147841,9232,0.7137312241405591
147841,991,0.8371206781215937,false,147841,991,0.8371206781215937
147841,10615,0.8379454952707093,false,147841,10615,0.8379454952707093
100533990,11075,0.7955205610110007,false,100533990,11075,0.7955205610110007
100533990,5798,0.9483925286620104,false,100533990,5798,0.9483925286620104
100533990,105378305,0.7682278531430645,false,100533990,105378305,0.7682278531430645
100533990,168002,0.8059987993651644,false,100533990,168002,0.8059987993651644
100533990,109729169,0.9063718736305837,false,100533990,109729169,0.9063718736305837
105373106,26289,0.7418340743309586,false,105373106,26289,0.7418340743309586
105375690,115701,0.9313168880310441,false,105375690,115701,0.9313168880310441
105375690,84561,0.7263354774965578,false,105375690,84561,0.7263354774965578
105375690,284958,0.8209719860313793,false,105375690,284958,0.8209719860313793
105375690,105376041,0.8658057260923077,false,105375690,105376041,0.8658057260923077
105375690,9956,0.7635953751160031,false,105375690,9956,0.7635953751160031
105375690,3914,0.8389085158482021,false,105375690,3914,0.8389085158482021
105375690,100996301,0.7173106967651771,false,105375690,100996301,0.7173106967651771
105375690,109729169,0.737091772566731,false,105375690,109729169,0.737091772566731
27299,6664,0.9415772343927838,false,27299,6664,0.9415772343927838
27299,9928,0.7023968871096449,false,27299,9928,0.7023968871096449
27299,4547,0.9245112075354673,false,27299,4547,0.9245112075354673
27299,3627,0.7227141856997022,false,27299,3627,0.7227141856997022
5100,9388,0.7181130801345766,false,5100,9388,0.7181130801345766
5100,7681,0.7773121560578552,false,5100,7681,0.7773121560578552
5100,122042,0.7519504085401117,false,5100,122042,0.7519504085401117
5100,554202,0.7635234145704838,false,5100,554202,0.7635234145704838
5100,9355,0.7337663700461867,false,5100,9355,0.7337663700461867
9156,24137,0.8005214673202048,false,9156,24137,0.8005214673202048
9156,9787,0.7349703872120571,false,9156,9787,0.7349703872120571
9156,22974,0.8037166259551318,false,9156,22974,0.8037166259551318
9156,699,0.8384112214479422,false,9156,699,0.8384112214479422
9156,1063,0.7766213730674852,false,9156,1063,0.7766213730674852
9156,64151,0.7045054791547971,false,9156,64151,0.7045054791547971
9156,9232,0.7254692835815205,false,9156,9232,0.7254692835815205
9156,100507118,0.7499042520284299,false,9156,100507118,0.7499042520284299
9156,100288637,0.7245237571883825,false,9156,100288637,0.7245237571883825
8318,9212,0.8491692553762902,false,8318,9212,0.8491692553762902
8318,22974,0.7268759710508501,false,8318,22974,0.7268759710508501
8318,128239,0.859754177718399,false,8318,128239,0.859754177718399
8318,3833,0.7123042803999304,false,8318,3833,0.7123042803999304
8318,55771,0.8651784957029336,false,8318,55771,0.8651784957029336
8318,9232,0.77151852554955,false,8318,9232,0.77151852554955
8318,991,0.8337475158382238,false,8318,991,0.8337475158382238
8318,10615,0.768065208101279,false,8318,10615,0.768065208101279
203190,105374986,0.7193193135933823,false,203190,105374986,0.7193193135933823
203190,27237,0.7269329915729442,false,203190,27237,0.7269329915729442
203190,81624,0.7346087828239518,false,203190,81624,0.7346087828239518
203190,101929707,0.8074042603490142,false,203190,101929707,0.8074042603490142
151648,24137,0.7041269043884478,false,151648,24137,0.7041269043884478
151648,55771,0.7446971793763566,false,151648,55771,0.7446971793763566
9388,7681,0.7178030722283537,false,9388,7681,0.7178030722283537
9388,122042,0.8711410561013156,false,9388,122042,0.8711410561013156
9388,554202,0.7633959700712074,false,9388,554202,0.7633959700712074
9388,9355,0.7804340629807031,false,9388,9355,0.7804340629807031
105374986,27237,0.8160083899783593,false,105374986,27237,0.8160083899783593
26289,105378305,0.7095315691232669,false,26289,105378305,0.7095315691232669
26289,168002,0.7687466838422522,false,26289,168002,0.7687466838422522
147741,100506655,0.8175439084831961,false,147741,100506655,0.8175439084831961
147741,23532,0.7888198982467111,false,147741,23532,0.7888198982467111
147741,2835,0.9029135730538191,false,147741,2835,0.9029135730538191
147741,366,0.800521894187834,false,147741,366,0.800521894187834
147741,701,0.7733923866699527,false,147741,701,0.7733923866699527
83903,9787,0.7537612179089523,false,83903,9787,0.7537612179089523
83903,1063,0.7602932531928409,false,83903,1063,0.7602932531928409
83903,1058,0.7232267360752723,false,83903,1058,0.7232267360752723
83903,101927813,0.7776371588982143,false,83903,101927813,0.7776371588982143
83903,100507118,0.7947343847351601,false,83903,100507118,0.7947343847351601
1813,151760,0.7425457186263675,false,1813,151760,0.7425457186263675
115701,84561,0.718258453047832,false,115701,84561,0.718258453047832
115701,284958,0.889245444474915,false,115701,284958,0.889245444474915
115701,105376041,0.8668081442699589,false,115701,105376041,0.8668081442699589
115701,3914,0.7518754851322178,false,115701,3914,0.7518754851322178
115701,100996301,0.7142037735037908,false,115701,100996301,0.7142037735037908
115701,109729169,0.7012966433780569,false,115701,109729169,0.7012966433780569
50852,11001,0.8041410642733553,false,50852,11001,0.8041410642733553
50852,101927760,0.8077522052991816,false,50852,101927760,0.8077522052991816
50852,701,0.7035189646023943,false,50852,701,0.7035189646023943
24137,9787,0.9040313757256994,false,24137,9787,0.9040313757256994
24137,9212,0.8431012077683107,false,24137,9212,0.8431012077683107
24137,22974,0.8825904991458683,false,24137,22974,0.8825904991458683
24137,699,0.8869972558303327,false,24137,699,0.8869972558303327
24137,1063,0.9058097026111975,false,24137,1063,0.9058097026111975
24137,23397,0.8932971042376652,false,24137,23397,0.8932971042376652
24137,128239,0.8025194585703478,false,24137,128239,0.8025194585703478
24137,9928,0.7104940447218068,false,24137,9928,0.7104940447218068
24137,1058,0.7104700948057602,false,24137,1058,0.7104700948057602
24137,3833,0.7497793759093664,false,24137,3833,0.7497793759093664
24137,64151,0.8992282554003136,false,24137,64151,0.8992282554003136
24137,221150,0.8924744596252813,false,24137,221150,0.8924744596252813
24137,9232,0.743597092967186,false,24137,9232,0.743597092967186
24137,100507118,0.8842973312694926,false,24137,100507118,0.8842973312694926
24137,100288637,0.7604075675643213,false,24137,100288637,0.7604075675643213
24137,991,0.7922886948243916,false,24137,991,0.7922886948243916
24137,10615,0.7035438698718824,false,24137,10615,0.7035438698718824
11075,5798,0.8641884858472669,false,11075,5798,0.8641884858472669
11075,105376041,0.8370813402692335,false,11075,105376041,0.8370813402692335
11075,3914,0.7600542566963666,false,11075,3914,0.7600542566963666
11075,554202,0.7491127242449787,false,11075,554202,0.7491127242449787
11075,109729169,0.8866017367426018,false,11075,109729169,0.8866017367426018
5798,105378305,0.7734961694966783,false,5798,105378305,0.7734961694966783
5798,105376041,0.7473429833907052,false,5798,105376041,0.7473429833907052
5798,168002,0.8105010309062054,false,5798,168002,0.8105010309062054
5798,109729169,0.9572412987151774,false,5798,109729169,0.9572412987151774
9787,9212,0.9085419356033028,false,9787,9212,0.9085419356033028
9787,22974,0.9675898598786098,false,9787,22974,0.9675898598786098
9787,699,0.8261703154894574,false,9787,699,0.8261703154894574
9787,1063,0.9372758102544934,false,9787,1063,0.9372758102544934
9787,23397,0.7326209226165824,false,9787,23397,0.7326209226165824
9787,128239,0.9013508872566925,false,9787,128239,0.9013508872566925
9787,1058,0.8473163742252618,false,9787,1058,0.8473163742252618
9787,3833,0.8770871423686804,false,9787,3833,0.8770871423686804
9787,64151,0.8295161461929708,false,9787,64151,0.8295161461929708
9787,221150,0.8669412395782934,false,9787,221150,0.8669412395782934
9787,9232,0.9057189699726572,false,9787,9232,0.9057189699726572
9787,101927813,0.7531185289990865,false,9787,101927813,0.7531185289990865
9787,100507118,0.9371735861119045,false,9787,100507118,0.9371735861119045
9787,991,0.9172418087749945,false,9787,991,0.9172418087749945
9787,10615,0.7453975537748752,false,9787,10615,0.7453975537748752
100379220,105378305,0.7556184629666955,false,100379220,105378305,0.7556184629666955
100379220,168002,0.9099494838386798,false,100379220,168002,0.9099494838386798
7681,345079,0.7386500809994355,false,7681,345079,0.7386500809994355
7681,105376042,0.8996890098176972,false,7681,105376042,0.8996890098176972
7681,122042,0.7326235772592843,false,7681,122042,0.7326235772592843
7681,57624,0.769448776753088,false,7681,57624,0.769448776753088
7681,9355,0.9796369158481728,false,7681,9355,0.9796369158481728
105378305,168002,0.9123195304352267,false,105378305,168002,0.9123195304352267
9212,22974,0.9269802269545797,false,9212,22974,0.9269802269545797
9212,1063,0.8467971704082106,false,9212,1063,0.8467971704082106
9212,128239,0.9358767438635396,false,9212,128239,0.9358767438635396
9212,1058,0.815086084410424,false,9212,1058,0.815086084410424
9212,3833,0.9042970328980191,false,9212,3833,0.9042970328980191
9212,55771,0.8058168384577771,false,9212,55771,0.8058168384577771
9212,221150,0.762188969097355,false,9212,221150,0.762188969097355
9212,9232,0.9435937629944842,false,9212,9232,0.9435937629944842
9212,100507118,0.7792425237298158,false,9212,100507118,0.7792425237298158
9212,991,0.9607410259329152,false,9212,991,0.9607410259329152
9212,10615,0.8352145041954151,false,9212,10615,0.8352145041954151
6664,9928,0.7342386641297104,false,6664,9928,0.7342386641297104
6664,4547,0.9690740937899746,false,6664,4547,0.9690740937899746
6664,64151,0.755587665954853,false,6664,64151,0.755587665954853
6664,338797,0.7828388339837916,false,6664,338797,0.7828388339837916
6664,3627,0.7673224836472436,false,6664,3627,0.7673224836472436
23286,284958,0.7004348629677621,false,23286,284958,0.7004348629677621
100506655,23532,0.9894089203772021,false,100506655,23532,0.9894089203772021
100506655,100506827,0.8681293976229502,false,100506655,100506827,0.8681293976229502
100506655,2835,0.8646105533079884,false,100506655,2835,0.8646105533079884
100506655,701,0.7738675721238598,false,100506655,701,0.7738675721238598
100506655,3627,0.8594669344259108,false,100506655,3627,0.8594669344259108
22974,699,0.8266857161761909,false,22974,699,0.8266857161761909
22974,1063,0.9272227229786575,false,22974,1063,0.9272227229786575
22974,23397,0.7215365365638632,false,22974,23397,0.7215365365638632
22974,128239,0.9062311135567479,false,22974,128239,0.9062311135567479
22974,1058,0.8387940098170901,false,22974,1058,0.8387940098170901
22974,3833,0.9032385934326111,false,22974,3833,0.9032385934326111
22974,64151,0.7868649140502634,false,22974,64151,0.7868649140502634
22974,221150,0.8256190220187436,false,22974,221150,0.8256190220187436
22974,9232,0.9379039241045255,false,22974,9232,0.9379039241045255
22974,101927813,0.7526876149894097,false,22974,101927813,0.7526876149894097
22974,100507118,0.9089310723432025,false,22974,100507118,0.9089310723432025
22974,991,0.9197972312054131,false,22974,991,0.9197972312054131
22974,10615,0.7740005215987346,false,22974,10615,0.7740005215987346
11001,3627,0.7074726667742866,false,11001,3627,0.7074726667742866
699,1063,0.8444414245691417,false,699,1063,0.8444414245691417
699,23397,0.8918265274050612,false,699,23397,0.8918265274050612
699,9928,0.8589742893646715,false,699,9928,0.8589742893646715
699,64151,0.8847218669196328,false,699,64151,0.8847218669196328
699,221150,0.8402691321576001,false,699,221150,0.8402691321576001
699,101927813,0.7682622202035319,false,699,101927813,0.7682622202035319
699,100507118,0.8988510411792636,false,699,100507118,0.8988510411792636
699,100288637,0.836575082723376,false,699,100288637,0.836575082723376
84561,105376041,0.835743921361831,false,84561,105376041,0.835743921361831
84561,100996301,0.7770123221880252,false,84561,100996301,0.7770123221880252
84561,109729169,0.7098069578619027,false,84561,109729169,0.7098069578619027
105376042,57624,0.8418258393368645,false,105376042,57624,0.8418258393368645
105376042,9355,0.8761039155567429,false,105376042,9355,0.8761039155567429
122042,554202,0.8187704269835906,false,122042,554202,0.8187704269835906
122042,9355,0.7420361530595329,false,122042,9355,0.7420361530595329
1063,23397,0.7699219702454377,false,1063,23397,0.7699219702454377
1063,128239,0.7768109290418641,false,1063,128239,0.7768109290418641
1063,1058,0.8066351119545062,false,1063,1058,0.8066351119545062
1063,3833,0.8659119799686769,false,1063,3833,0.8659119799686769
1063,64151,0.8319409881147167,false,1063,64151,0.8319409881147167
1063,221150,0.8408670359100878,false,1063,221150,0.8408670359100878
1063,9232,0.8420129634389245,false,1063,9232,0.8420129634389245
1063,101927813,0.7740842796669741,false,1063,101927813,0.7740842796669741
1063,100507118,0.9378207268660369,false,1063,100507118,0.9378207268660369
1063,991,0.8366978528217629,false,1063,991,0.8366978528217629
284958,105376041,0.8604248896257746,false,284958,105376041,0.8604248896257746
284958,554202,0.7336847625115298,false,284958,554202,0.7336847625115298
101927760,100506827,0.7656831791041665,false,101927760,100506827,0.7656831791041665
101927760,701,0.7227019562795687,false,101927760,701,0.7227019562795687
23532,100506827,0.8631697105633807,false,23532,100506827,0.8631697105633807
23532,2835,0.8409400395928086,false,23532,2835,0.8409400395928086
23532,701,0.7594171594401007,false,23532,701,0.7594171594401007
23532,3627,0.8979673973684049,false,23532,3627,0.8979673973684049
105376041,9956,0.8209378730401,false,105376041,9956,0.8209378730401
105376041,3914,0.7095065100426511,false,105376041,3914,0.7095065100426511
105376041,554202,0.8364451618127655,false,105376041,554202,0.8364451618127655
105376041,100996301,0.8535794608492686,false,105376041,100996301,0.8535794608492686
105376041,109729169,0.8328049959037257,false,105376041,109729169,0.8328049959037257
23397,9928,0.8114717815508504,false,23397,9928,0.8114717815508504
23397,64151,0.8496034143292253,false,23397,64151,0.8496034143292253
23397,221150,0.8364870546493604,false,23397,221150,0.8364870546493604
23397,101927813,0.7288676158702263,false,23397,101927813,0.7288676158702263
23397,100507118,0.7964828025104125,false,23397,100507118,0.7964828025104125
23397,100288637,0.8726165390215316,false,23397,100288637,0.8726165390215316
57624,9355,0.7379210582729714,false,57624,9355,0.7379210582729714
100506827,701,0.723502270026187,false,100506827,701,0.723502270026187
100506827,3627,0.8421845647695309,false,100506827,3627,0.8421845647695309
9956,100996301,0.7023363424410957,false,9956,100996301,0.7023363424410957
2835,366,0.7209297525686839,false,2835,366,0.7209297525686839
2835,701,0.7594610460294493,false,2835,701,0.7594610460294493
128239,3833,0.8560539655777387,false,128239,3833,0.8560539655777387
128239,55771,0.7353732553369746,false,128239,55771,0.7353732553369746
128239,64151,0.7268597803460993,false,128239,64151,0.7268597803460993
128239,221150,0.7463215923917617,false,128239,221150,0.7463215923917617
128239,9232,0.9083690962581699,false,128239,9232,0.9083690962581699
128239,100507118,0.7244288691999727,false,128239,100507118,0.7244288691999727
128239,991,0.9580176916370401,false,128239,991,0.9580176916370401
128239,10615,0.8546561329297078,false,128239,10615,0.8546561329297078
9928,4547,0.7214162355954505,false,9928,4547,0.7214162355954505
9928,64151,0.8361263386669994,false,9928,64151,0.8361263386669994
9928,221150,0.755560448666658,false,9928,221150,0.755560448666658
9928,101927813,0.7078034021802528,false,9928,101927813,0.7078034021802528
9928,100507118,0.7380727957917773,false,9928,100507118,0.7380727957917773
9928,100288637,0.9332723653148897,false,9928,100288637,0.9332723653148897
1058,3833,0.8041985796756055,false,1058,3833,0.8041985796756055
1058,81624,0.7496880435592186,false,1058,81624,0.7496880435592186
1058,9232,0.8356028615686332,false,1058,9232,0.8356028615686332
1058,101927813,0.7834049410175363,false,1058,101927813,0.7834049410175363
1058,100507118,0.8034687816978897,false,1058,100507118,0.8034687816978897
1058,991,0.7409664136450989,false,1058,991,0.7409664136450989
3833,221150,0.731618854383537,false,3833,221150,0.731618854383537
3833,9232,0.8823456890716834,false,3833,9232,0.8823456890716834
3833,100507118,0.7789730700910736,false,3833,100507118,0.7789730700910736
3833,991,0.913971170781464,false,3833,991,0.913971170781464
3833,10615,0.7873434005513378,false,3833,10615,0.7873434005513378
4547,338797,0.726566074517051,false,4547,338797,0.726566074517051
4547,3627,0.8598992291488049,false,4547,3627,0.8598992291488049
554202,100996301,0.7241618021705682,false,554202,100996301,0.7241618021705682
554202,109729169,0.7893142282372364,false,554202,109729169,0.7893142282372364
55771,991,0.723290614015166,false,55771,991,0.723290614015166
55771,10615,0.7370149290424571,false,55771,10615,0.7370149290424571
81624,101927813,0.7511020238797723,false,81624,101927813,0.7511020238797723
81624,101929707,0.8653152359580489,false,81624,101929707,0.8653152359580489
64151,221150,0.8934227093786437,false,64151,221150,0.8934227093786437
64151,100507118,0.8557233118462466,false,64151,100507118,0.8557233118462466
64151,100288637,0.8202161692256597,false,64151,100288637,0.8202161692256597
64151,991,0.7049211799341186,false,64151,991,0.7049211799341186
64151,10615,0.7061636752760905,false,64151,10615,0.7061636752760905
221150,9232,0.7038057694233427,false,221150,9232,0.7038057694233427
221150,101927813,0.8278040679372484,false,221150,101927813,0.8278040679372484
221150,100507118,0.89680799000553,false,221150,100507118,0.89680799000553
221150,100288637,0.7837941291338585,false,221150,100288637,0.7837941291338585
221150,991,0.7415152160086552,false,221150,991,0.7415152160086552
221150,10615,0.7294915546543496,false,221150,10615,0.7294915546543496
9232,100507118,0.794489556938612,false,9232,100507118,0.794489556938612
9232,991,0.944877836640179,false,9232,991,0.944877836640179
9232,10615,0.7742787835218516,false,9232,10615,0.7742787835218516
101927813,100507118,0.8585205944249782,false,101927813,100507118,0.8585205944249782
101927813,100288637,0.7371738260118391,false,101927813,100288637,0.7371738260118391
100507118,100288637,0.7585463098888491,false,100507118,100288637,0.7585463098888491
100507118,991,0.7808422314313627,false,100507118,991,0.7808422314313627
991,10615,0.8757207663990564,false,991,10615,0.8757207663990564
100996301,109729169,0.7522521892850574,false,100996301,109729169,0.7522521892850574
