Interaction,name,Pearson,selected,shared interaction,shared name,Weight
51361,102606463,0.7021241568158375,false,51361,102606463,0.7021241568158375
51361,970,0.9251409471787783,false,51361,970,0.9251409471787783
51361,105374166,0.8788084548334394,false,51361,105374166,0.8788084548334394
51361,29851,0.9233830376709657,false,51361,29851,0.9233830376709657
51361,100289137,0.9594269620594519,false,51361,100289137,0.9594269620594519
51361,5133,0.9466644333891768,false,51361,5133,0.9466644333891768
51361,57451,0.8435997175609766,false,51361,57451,0.8435997175609766
51361,158228,0.9993590718213864,false,51361,158228,0.9993590718213864
51361,10309,0.7566351716728131,false,51361,10309,0.7566351716728131
51361,100506411,0.9910569032150822,false,51361,100506411,0.9910569032150822
51361,2277,0.8842676418504111,false,51361,2277,0.8842676418504111
51361,107986606,0.8504238686815792,false,51361,107986606,0.8504238686815792
51361,7546,0.9993590718213861,false,51361,7546,0.9993590718213861
51361,81849,0.8825142832151133,false,51361,81849,0.8825142832151133
51361,107985492,0.9081398627764179,false,51361,107985492,0.9081398627764179
51361,3135,0.793905363304092,false,51361,3135,0.793905363304092
51361,112268037,0.8569632771686683,false,51361,112268037,0.8569632771686683
51361,6495,0.9910723309766543,false,51361,6495,0.9910723309766543
51361,3352,0.8907255064828792,false,51361,3352,0.8907255064828792
51361,79056,0.9242145881499159,false,51361,79056,0.9242145881499159
51361,54101,0.9984342310765941,false,51361,54101,0.9984342310765941
51361,143662,0.9955243188320148,false,51361,143662,0.9955243188320148
51361,23286,0.9801929361656143,false,51361,23286,0.9801929361656143
51361,245972,0.8332137095950629,false,51361,245972,0.8332137095950629
51361,340273,0.9993058013108076,false,51361,340273,0.9993058013108076
51361,101927355,0.9644701047314228,false,51361,101927355,0.9644701047314228
51361,366,0.9084511276235087,false,51361,366,0.9084511276235087
51361,4547,0.9517358629316597,false,51361,4547,0.9517358629316597
51361,253650,0.9094176838640396,false,51361,253650,0.9094176838640396
51361,654499,0.999506886465813,false,51361,654499,0.999506886465813
51361,100996301,0.9248088160020158,false,51361,100996301,0.9248088160020158
9628,2625,0.8221668254994231,false,9628,2625,0.8221668254994231
9628,8355,0.7511732111906275,false,9628,8355,0.7511732111906275
9628,111216286,0.8244091564536192,false,9628,111216286,0.8244091564536192
9628,53820,0.8327315010697761,false,9628,53820,0.8327315010697761
9628,101927760,0.7138137378225937,false,9628,101927760,0.7138137378225937
9628,23566,0.8891353276171855,false,9628,23566,0.8891353276171855
1047,6345,0.9600033496154602,false,1047,6345,0.9600033496154602
1047,4544,0.9567061381441153,false,1047,4544,0.9567061381441153
1047,10537,0.8913135372043746,false,1047,10537,0.8913135372043746
1047,166979,0.9567061381441153,false,1047,166979,0.9567061381441153
1047,107985436,0.7152107308820302,false,1047,107985436,0.7152107308820302
1047,4283,0.9249126661086374,false,1047,4283,0.9249126661086374
1047,594855,0.9362973530742702,false,1047,594855,0.9362973530742702
1047,5865,0.9546488671840417,false,1047,5865,0.9546488671840417
1047,3580,0.9705974885799278,false,1047,3580,0.9705974885799278
1047,116173,0.8498740633463295,false,1047,116173,0.8498740633463295
1047,101927686,0.8690196671097464,false,1047,101927686,0.8690196671097464
1047,105370953,0.7113627271297452,false,1047,105370953,0.7113627271297452
1047,3512,0.8248609936648008,false,1047,3512,0.8248609936648008
1047,6716,0.9416633436813036,false,1047,6716,0.9416633436813036
1047,219527,0.8676606287078426,false,1047,219527,0.8676606287078426
40,53836,0.7282244019450501,false,40,53836,0.7282244019450501
40,10942,0.7320178400279509,false,40,10942,0.7320178400279509
40,105371737,0.8506850495698748,false,40,105371737,0.8506850495698748
40,101928202,0.7538091707060934,false,40,101928202,0.7538091707060934
40,1813,0.7712621870819313,false,40,1813,0.7712621870819313
102606463,57451,0.7522096119058598,false,102606463,57451,0.7522096119058598
102606463,158228,0.7024981250235219,false,102606463,158228,0.7024981250235219
102606463,10309,0.7389360800367358,false,102606463,10309,0.7389360800367358
102606463,2277,0.710186525656805,false,102606463,2277,0.710186525656805
102606463,7546,0.7024981250235216,false,102606463,7546,0.7024981250235216
102606463,81849,0.7069161439155935,false,102606463,81849,0.7069161439155935
102606463,6495,0.7404508841723874,false,102606463,6495,0.7404508841723874
102606463,54101,0.7062448344550332,false,102606463,54101,0.7062448344550332
102606463,245972,0.7437842179658184,false,102606463,245972,0.7437842179658184
102606463,340273,0.7016241669481817,false,102606463,340273,0.7016241669481817
102606463,161291,0.7345878329408183,false,102606463,161291,0.7345878329408183
102606463,101927355,0.7847031607045275,false,102606463,101927355,0.7847031607045275
102606463,4547,0.8087865278482388,false,102606463,4547,0.8087865278482388
102606463,654499,0.7016519524672918,false,102606463,654499,0.7016519524672918
102606463,3627,0.7615010421192059,false,102606463,3627,0.7615010421192059
983,79801,0.8092221883547868,false,983,79801,0.8092221883547868
983,7272,0.7026353054947746,false,983,7272,0.7026353054947746
983,55355,0.7151565381683258,false,983,55355,0.7151565381683258
983,157313,0.788335671693149,false,983,157313,0.788335671693149
983,54443,0.8539287296270063,false,983,54443,0.8539287296270063
983,55165,0.8948614590641804,false,983,55165,0.8948614590641804
983,55143,0.856647168128632,false,983,55143,0.856647168128632
983,9133,0.706653000527193,false,983,9133,0.706653000527193
983,83540,0.7516881657728712,false,983,83540,0.7516881657728712
983,150468,0.7284722996700658,false,983,150468,0.7284722996700658
983,3161,0.8943885396536175,false,983,3161,0.8943885396536175
983,29128,0.8891642218761671,false,983,29128,0.8891642218761671
983,9055,0.7783350234880468,false,983,9055,0.7783350234880468
983,332,0.7483742478236792,false,983,332,0.7483742478236792
983,157570,0.7975792526216646,false,983,157570,0.7975792526216646
983,56992,0.757026453032241,false,983,56992,0.757026453032241
983,55247,0.865098753939771,false,983,55247,0.865098753939771
983,55872,0.8455355782689117,false,983,55872,0.8455355782689117
983,4751,0.8705304947441231,false,983,4751,0.8705304947441231
983,6241,0.7974402296102668,false,983,6241,0.7974402296102668
983,24137,0.8200853018988528,false,983,24137,0.8200853018988528
983,9787,0.749549901606362,false,983,9787,0.749549901606362
983,1063,0.7438081370294203,false,983,1063,0.7438081370294203
983,23397,0.8164698303718633,false,983,23397,0.8164698303718633
983,1058,0.7013726599845034,false,983,1058,0.7013726599845034
983,64151,0.764603769948534,false,983,64151,0.764603769948534
983,221150,0.7021710880729828,false,983,221150,0.7021710880729828
983,100507118,0.815953853064925,false,983,100507118,0.815953853064925
79801,79733,0.7255010132217551,false,79801,79733,0.7255010132217551
79801,55355,0.8119076440024748,false,79801,55355,0.8119076440024748
79801,10024,0.7765364449386547,false,79801,10024,0.7765364449386547
79801,259266,0.9037104908584275,false,79801,259266,0.9037104908584275
79801,157313,0.800007747278656,false,79801,157313,0.800007747278656
79801,54443,0.7379659671459513,false,79801,54443,0.7379659671459513
79801,55165,0.8142886667642388,false,79801,55165,0.8142886667642388
79801,220134,0.7568735079554371,false,79801,220134,0.7568735079554371
79801,55143,0.7451059852795243,false,79801,55143,0.7451059852795243
79801,9133,0.8870770174982361,false,79801,9133,0.8870770174982361
79801,83540,0.7900199881236115,false,79801,83540,0.7900199881236115
79801,150468,0.8022974215417165,false,79801,150468,0.8022974215417165
79801,105375610,0.7989758246618526,false,79801,105375610,0.7989758246618526
79801,3161,0.7806622801706649,false,79801,3161,0.7806622801706649
79801,995,0.7904361121898268,false,79801,995,0.7904361121898268
79801,29128,0.807771194888011,false,79801,29128,0.807771194888011
79801,4288,0.8164466632867458,false,79801,4288,0.8164466632867458
79801,9055,0.7327331674243239,false,79801,9055,0.7327331674243239
79801,332,0.8073573043972434,false,79801,332,0.8073573043972434
79801,157570,0.7318825649689299,false,79801,157570,0.7318825649689299
79801,55872,0.8099924977522367,false,79801,55872,0.8099924977522367
79801,374393,0.7250991051053411,false,79801,374393,0.7250991051053411
79801,6241,0.8589459305461286,false,79801,6241,0.8589459305461286
79801,24137,0.7620220471006164,false,79801,24137,0.7620220471006164
79801,9787,0.9029334297654862,false,79801,9787,0.9029334297654862
79801,9212,0.7894867786102855,false,79801,9212,0.7894867786102855
79801,1063,0.8633002561502419,false,79801,1063,0.8633002561502419
79801,128239,0.8108275633334763,false,79801,128239,0.8108275633334763
79801,1058,0.7681996500253089,false,79801,1058,0.7681996500253089
79801,3833,0.8041147569186449,false,79801,3833,0.8041147569186449
79801,64151,0.8068293338900443,false,79801,64151,0.8068293338900443
79801,221150,0.7369800553147222,false,79801,221150,0.7369800553147222
79801,100507118,0.8073138731877751,false,79801,100507118,0.8073138731877751
7272,101927354,0.7114863347241999,false,7272,101927354,0.7114863347241999
7272,55165,0.7152495477219316,false,7272,55165,0.7152495477219316
7272,10721,0.8006239189437185,false,7272,10721,0.8006239189437185
7272,3161,0.7668338535760932,false,7272,3161,0.7668338535760932
7272,29128,0.7922447780483928,false,7272,29128,0.7922447780483928
7272,105369685,0.7516028229143882,false,7272,105369685,0.7516028229143882
7272,641,0.7664104077427383,false,7272,641,0.7664104077427383
7272,24137,0.7197941646328725,false,7272,24137,0.7197941646328725
7272,23397,0.877095240427662,false,7272,23397,0.877095240427662
1995,10265,0.9168720009334322,false,1995,10265,0.9168720009334322
1995,109729184,0.8450299316235375,false,1995,109729184,0.8450299316235375
1995,89886,0.9532032092659224,false,1995,89886,0.9532032092659224
1995,7477,0.7841903170821422,false,1995,7477,0.7841903170821422
1995,79191,0.8858788556655202,false,1995,79191,0.8858788556655202
1995,105378305,0.8938381730899023,false,1995,105378305,0.8938381730899023
1995,107984129,0.9309543296553111,false,1995,107984129,0.9309543296553111
1995,105371275,0.8898888658588844,false,1995,105371275,0.8898888658588844
1995,168002,0.9374668400589679,false,1995,168002,0.9374668400589679
105370960,9378,0.7045079655250522,false,105370960,9378,0.7045079655250522
105370960,4544,0.7398520398808838,false,105370960,4544,0.7398520398808838
105370960,166979,0.7398520398808838,false,105370960,166979,0.7398520398808838
105370960,5865,0.7326321968121103,false,105370960,5865,0.7326321968121103
105370960,3580,0.7111433549282539,false,105370960,3580,0.7111433549282539
105370960,3512,0.7366994551708703,false,105370960,3512,0.7366994551708703
105370960,6716,0.7733483315063592,false,105370960,6716,0.7733483315063592
105370960,219527,0.7059804405850209,false,105370960,219527,0.7059804405850209
5347,55355,0.717487570668404,false,5347,55355,0.717487570668404
5347,259266,0.7032209131739469,false,5347,259266,0.7032209131739469
5347,220134,0.7515869096074858,false,5347,220134,0.7515869096074858
5347,995,0.71627011507527,false,5347,995,0.71627011507527
5347,4288,0.819629508332908,false,5347,4288,0.819629508332908
5347,158511,0.8325738131522341,false,5347,158511,0.8325738131522341
5347,112937,0.8490024127433369,false,5347,112937,0.8490024127433369
5347,9212,0.7171228091250376,false,5347,9212,0.7171228091250376
5347,113115,0.7093961261515512,false,5347,113115,0.7093961261515512
5347,128239,0.7581134591273623,false,5347,128239,0.7581134591273623
5347,3833,0.8409161002032561,false,5347,3833,0.8409161002032561
5347,221150,0.7007986803327231,false,5347,221150,0.7007986803327231
5347,10615,0.7968112887563733,false,5347,10615,0.7968112887563733
79733,54443,0.7863849046425545,false,79733,54443,0.7863849046425545
79733,51512,0.7020409239260226,false,79733,51512,0.7020409239260226
79733,55143,0.8446440007704817,false,79733,55143,0.8446440007704817
79733,150468,0.7596486097071977,false,79733,150468,0.7596486097071977
79733,105375610,0.8550658737789824,false,79733,105375610,0.8550658737789824
79733,3161,0.7557610282206668,false,79733,3161,0.7557610282206668
79733,9055,0.8228929765567896,false,79733,9055,0.8228929765567896
79733,157570,0.7550383751658774,false,79733,157570,0.7550383751658774
79733,55872,0.8169075779357455,false,79733,55872,0.8169075779357455
79733,186,0.7939659455677222,false,79733,186,0.7939659455677222
79733,4751,0.7514633030980592,false,79733,4751,0.7514633030980592
79733,83903,0.7623039264083635,false,79733,83903,0.7623039264083635
79733,1063,0.755058569422219,false,79733,1063,0.755058569422219
79733,1058,0.7424760474220703,false,79733,1058,0.7424760474220703
79733,100507118,0.7368314868269986,false,79733,100507118,0.7368314868269986
2625,105375027,0.7175225734137495,false,2625,105375027,0.7175225734137495
2625,3881,0.7260769125732061,false,2625,3881,0.7260769125732061
2625,8355,0.7995708417252934,false,2625,8355,0.7995708417252934
2625,111216286,0.9042801139056628,false,2625,111216286,0.9042801139056628
2625,6273,0.7627642840429891,false,2625,6273,0.7627642840429891
2625,53820,0.7915107890425951,false,2625,53820,0.7915107890425951
2625,338667,0.7838044440798102,false,2625,338667,0.7838044440798102
2625,101927760,0.853284716991515,false,2625,101927760,0.853284716991515
2625,338797,0.7480206584165221,false,2625,338797,0.7480206584165221
2625,23566,0.736446897741044,false,2625,23566,0.736446897741044
9378,6345,0.7188174662970163,false,9378,6345,0.7188174662970163
9378,4544,0.774170725004354,false,9378,4544,0.774170725004354
9378,166979,0.774170725004354,false,9378,166979,0.774170725004354
9378,5865,0.7685380446206284,false,9378,5865,0.7685380446206284
9378,3580,0.7283902566648275,false,9378,3580,0.7283902566648275
9378,116173,0.7174223488174039,false,9378,116173,0.7174223488174039
9378,6716,0.722239752535799,false,9378,6716,0.722239752535799
9378,219527,0.8397196273702988,false,9378,219527,0.8397196273702988
55423,115362,0.7622356262278621,false,55423,115362,0.7622356262278621
55423,970,0.7749207050385589,false,55423,970,0.7749207050385589
55423,29851,0.7770247727275019,false,55423,29851,0.7770247727275019
55423,5133,0.782238857927057,false,55423,5133,0.782238857927057
55423,105376878,0.7269910798127303,false,55423,105376878,0.7269910798127303
55423,864,0.7699376518569075,false,55423,864,0.7699376518569075
55423,4257,0.7308296890988984,false,55423,4257,0.7308296890988984
55423,28755,0.8323318370094733,false,55423,28755,0.8323318370094733
55423,245972,0.7835557887738372,false,55423,245972,0.7835557887738372
55423,366,0.7556361826528871,false,55423,366,0.7556361826528871
55423,3627,0.7050606469098029,false,55423,3627,0.7050606469098029
10265,109729184,0.8355994983703744,false,10265,109729184,0.8355994983703744
10265,89886,0.8275301846836972,false,10265,89886,0.8275301846836972
10265,64094,0.7456339902697172,false,10265,64094,0.7456339902697172
10265,7477,0.7794462173202199,false,10265,7477,0.7794462173202199
10265,79191,0.8102311789441105,false,10265,79191,0.8102311789441105
10265,101928658,0.7843646302820998,false,10265,101928658,0.7843646302820998
10265,6664,0.7322444889217227,false,10265,6664,0.7322444889217227
10265,105378305,0.8056930922512535,false,10265,105378305,0.8056930922512535
10265,107984129,0.7915929057406837,false,10265,107984129,0.7915929057406837
10265,105371275,0.7697683657334671,false,10265,105371275,0.7697683657334671
10265,107986951,0.705520938617288,false,10265,107986951,0.705520938617288
10265,168002,0.8601414149640014,false,10265,168002,0.8601414149640014
6345,4544,0.9729555410603331,false,6345,4544,0.9729555410603331
6345,10537,0.8754664123072411,false,6345,10537,0.8754664123072411
6345,166979,0.9729555410603331,false,6345,166979,0.9729555410603331
6345,4283,0.8931672809635688,false,6345,4283,0.8931672809635688
6345,594855,0.9442168167462333,false,6345,594855,0.9442168167462333
6345,5865,0.9678534612488129,false,6345,5865,0.9678534612488129
6345,3580,0.962814595233027,false,6345,3580,0.962814595233027
6345,116173,0.9259432862016197,false,6345,116173,0.9259432862016197
6345,101927686,0.8463197819828694,false,6345,101927686,0.8463197819828694
6345,3512,0.8168370021815117,false,6345,3512,0.8168370021815117
6345,6716,0.9452677755070384,false,6345,6716,0.9452677755070384
6345,219527,0.9224720410536188,false,6345,219527,0.9224720410536188
115362,105376878,0.7934735708082351,false,115362,105376878,0.7934735708082351
115362,1750,0.7305618378528118,false,115362,1750,0.7305618378528118
115362,5008,0.745300229607239,false,115362,5008,0.745300229607239
115362,3856,0.7737070358653013,false,115362,3856,0.7737070358653013
115362,864,0.7457968151565355,false,115362,864,0.7457968151565355
115362,113218482,0.783758595113988,false,115362,113218482,0.783758595113988
115362,28755,0.7549193388944605,false,115362,28755,0.7549193388944605
115362,8538,0.8586042598799969,false,115362,8538,0.8586042598799969
55355,10024,0.7715849952644208,false,55355,10024,0.7715849952644208
55355,259266,0.8970742914963716,false,55355,259266,0.8970742914963716
55355,157313,0.7053610176036047,false,55355,157313,0.7053610176036047
55355,55165,0.849491195095942,false,55355,55165,0.849491195095942
55355,220134,0.927264291682657,false,55355,220134,0.927264291682657
55355,9133,0.8688096420746904,false,55355,9133,0.8688096420746904
55355,83540,0.8398979388237608,false,55355,83540,0.8398979388237608
55355,150468,0.7075766467742933,false,55355,150468,0.7075766467742933
55355,105375610,0.7083507557190586,false,55355,105375610,0.7083507557190586
55355,3161,0.7508114510922834,false,55355,3161,0.7508114510922834
55355,995,0.8609179829385001,false,55355,995,0.8609179829385001
55355,29128,0.8277319489234529,false,55355,29128,0.8277319489234529
55355,4288,0.8513440816945905,false,55355,4288,0.8513440816945905
55355,158511,0.7718406823406357,false,55355,158511,0.7718406823406357
55355,332,0.868308664022962,false,55355,332,0.868308664022962
55355,56992,0.8341247038190804,false,55355,56992,0.8341247038190804
55355,55872,0.7820635848388872,false,55355,55872,0.7820635848388872
55355,6241,0.898308458506676,false,55355,6241,0.898308458506676
55355,24137,0.9207173681961868,false,55355,24137,0.9207173681961868
55355,112937,0.866694464760119,false,55355,112937,0.866694464760119
55355,9787,0.890074281795414,false,55355,9787,0.890074281795414
55355,9212,0.8795857042300289,false,55355,9212,0.8795857042300289
55355,1063,0.8099382575372226,false,55355,1063,0.8099382575372226
55355,113115,0.7297583249816892,false,55355,113115,0.7297583249816892
55355,128239,0.9150681790271986,false,55355,128239,0.9150681790271986
55355,105371664,0.7373576598983078,false,55355,105371664,0.7373576598983078
55355,3833,0.8378165243708399,false,55355,3833,0.8378165243708399
55355,64151,0.9085704681710942,false,55355,64151,0.9085704681710942
55355,221150,0.8521901282111992,false,55355,221150,0.8521901282111992
55355,100507118,0.7909995987821027,false,55355,100507118,0.7909995987821027
55355,10615,0.810159359338133,false,55355,10615,0.810159359338133
10024,259266,0.8609756189535215,false,10024,259266,0.8609756189535215
10024,2305,0.705824926020762,false,10024,2305,0.705824926020762
10024,220134,0.783192114472354,false,10024,220134,0.783192114472354
10024,9133,0.8615479008746232,false,10024,9133,0.8615479008746232
10024,83540,0.719940638501931,false,10024,83540,0.719940638501931
10024,995,0.7287447831283557,false,10024,995,0.7287447831283557
10024,4288,0.8867515882402492,false,10024,4288,0.8867515882402492
10024,332,0.7248607153992785,false,10024,332,0.7248607153992785
10024,6241,0.7018515561481539,false,10024,6241,0.7018515561481539
10024,112937,0.7276780742200067,false,10024,112937,0.7276780742200067
10024,4605,0.8477854367239117,false,10024,4605,0.8477854367239117
10024,9787,0.7374307540416152,false,10024,9787,0.7374307540416152
10024,9212,0.8107215667711064,false,10024,9212,0.8107215667711064
10024,128239,0.8563852183474662,false,10024,128239,0.8563852183474662
10024,64151,0.77167595975435,false,10024,64151,0.77167595975435
10024,10615,0.8337230351524374,false,10024,10615,0.8337230351524374
259266,157313,0.8256649846451146,false,259266,157313,0.8256649846451146
259266,2305,0.7201973987869487,false,259266,2305,0.7201973987869487
259266,55165,0.7425201424240337,false,259266,55165,0.7425201424240337
259266,220134,0.8297031160413827,false,259266,220134,0.8297031160413827
259266,9133,0.9484545817407285,false,259266,9133,0.9484545817407285
259266,150468,0.7863321066566725,false,259266,150468,0.7863321066566725
259266,105375610,0.756336569370006,false,259266,105375610,0.756336569370006
259266,995,0.8787590687728885,false,259266,995,0.8787590687728885
259266,29128,0.7345349432614497,false,259266,29128,0.7345349432614497
259266,4288,0.926208275336858,false,259266,4288,0.926208275336858
259266,332,0.9223924280442983,false,259266,332,0.9223924280442983
259266,56992,0.7316220459904876,false,259266,56992,0.7316220459904876
259266,55872,0.7267893933764595,false,259266,55872,0.7267893933764595
259266,6241,0.8888122888964143,false,259266,6241,0.8888122888964143
259266,10460,0.7689759573017587,false,259266,10460,0.7689759573017587
259266,24137,0.8288355932457744,false,259266,24137,0.8288355932457744
259266,112937,0.7953516782344763,false,259266,112937,0.7953516782344763
259266,4605,0.8300287409672387,false,259266,4605,0.8300287409672387
259266,9787,0.9457024844149556,false,259266,9787,0.9457024844149556
259266,9212,0.9035719893921071,false,259266,9212,0.9035719893921071
259266,1063,0.891491705012962,false,259266,1063,0.891491705012962
259266,128239,0.891427596931163,false,259266,128239,0.891427596931163
259266,1058,0.7544275563898883,false,259266,1058,0.7544275563898883
259266,3833,0.8090741509609854,false,259266,3833,0.8090741509609854
259266,64151,0.8703384723837024,false,259266,64151,0.8703384723837024
259266,221150,0.7566273117585064,false,259266,221150,0.7566273117585064
259266,100507118,0.7855996400085345,false,259266,100507118,0.7855996400085345
259266,10615,0.841412392169855,false,259266,10615,0.841412392169855
729442,5265,0.7802175171762074,false,729442,5265,0.7802175171762074
729442,1295,0.8146820370817414,false,729442,1295,0.8146820370817414
729442,134285,0.9807343582872083,false,729442,134285,0.9807343582872083
729442,284293,0.7761970637806485,false,729442,284293,0.7761970637806485
729442,27063,0.7870841678938022,false,729442,27063,0.7870841678938022
729442,5650,0.9870503041989349,false,729442,5650,0.9870503041989349
729442,115019,0.7168591564810713,false,729442,115019,0.7168591564810713
729442,6768,0.7298812536421047,false,729442,6768,0.7298812536421047
729442,339256,0.8705006607578684,false,729442,339256,0.8705006607578684
729442,58,0.9446163194862675,false,729442,58,0.9446163194862675
729442,2019,0.921456271102037,false,729442,2019,0.921456271102037
729442,145873,0.8856067852953231,false,729442,145873,0.8856067852953231
729442,285987,0.9999999999999998,false,729442,285987,0.9999999999999998
729442,3502,0.9311690254663587,false,729442,3502,0.9311690254663587
729442,389336,0.9110832735157677,false,729442,389336,0.9110832735157677
729442,25818,0.9467922824005557,false,729442,25818,0.9467922824005557
729442,100506827,0.8077711999525558,false,729442,100506827,0.8077711999525558
729442,4004,0.9961666896542523,false,729442,4004,0.9961666896542523
729442,4973,0.8219601061553558,false,729442,4973,0.8219601061553558
729442,28946,0.8117139710520598,false,729442,28946,0.8117139710520598
729442,102724714,0.8287246327957494,false,729442,102724714,0.8287246327957494
729442,28809,0.9932179919624718,false,729442,28809,0.9932179919624718
729442,5653,0.9872263403807718,false,729442,5653,0.9872263403807718
157313,55165,0.7821088962782945,false,157313,55165,0.7821088962782945
157313,51512,0.8036354325167624,false,157313,51512,0.8036354325167624
157313,9133,0.757061141729542,false,157313,9133,0.757061141729542
157313,150468,0.8682923361456514,false,157313,150468,0.8682923361456514
157313,8345,0.7954602710544949,false,157313,8345,0.7954602710544949
157313,3161,0.7451379136610932,false,157313,3161,0.7451379136610932
157313,995,0.7102309787055539,false,157313,995,0.7102309787055539
157313,29128,0.7622527394033095,false,157313,29128,0.7622527394033095
157313,332,0.9093476391898707,false,157313,332,0.9093476391898707
157313,56992,0.7380908411897003,false,157313,56992,0.7380908411897003
157313,55247,0.7169804933763468,false,157313,55247,0.7169804933763468
157313,55872,0.7413411270071671,false,157313,55872,0.7413411270071671
157313,6241,0.8229711205269805,false,157313,6241,0.8229711205269805
157313,24137,0.749859101365678,false,157313,24137,0.749859101365678
157313,9787,0.8152531177198424,false,157313,9787,0.8152531177198424
157313,1063,0.7921926601966942,false,157313,1063,0.7921926601966942
157313,64151,0.8244977245905252,false,157313,64151,0.8244977245905252
157313,100507118,0.7276795389628179,false,157313,100507118,0.7276795389628179
54443,55165,0.8969347309955439,false,54443,55165,0.8969347309955439
54443,51512,0.7657901404953537,false,54443,51512,0.7657901404953537
54443,55143,0.8739503481229288,false,54443,55143,0.8739503481229288
54443,150468,0.8557698488605122,false,54443,150468,0.8557698488605122
54443,105375610,0.736151765134948,false,54443,105375610,0.736151765134948
54443,3161,0.9008789695685251,false,54443,3161,0.9008789695685251
54443,5354,0.7470013790283943,false,54443,5354,0.7470013790283943
54443,29128,0.7825292543699339,false,54443,29128,0.7825292543699339
54443,9055,0.9149226555453224,false,54443,9055,0.9149226555453224
54443,157570,0.9324722997177318,false,54443,157570,0.9324722997177318
54443,55247,0.8309942226458754,false,54443,55247,0.8309942226458754
54443,55872,0.9078827331393147,false,54443,55872,0.9078827331393147
54443,186,0.7536480796290721,false,54443,186,0.7536480796290721
54443,4751,0.9239943563733959,false,54443,4751,0.9239943563733959
54443,6241,0.7856404181301992,false,54443,6241,0.7856404181301992
54443,83903,0.8468717132743789,false,54443,83903,0.8468717132743789
54443,24137,0.7090937099701036,false,54443,24137,0.7090937099701036
54443,9787,0.713808524698414,false,54443,9787,0.713808524698414
54443,1063,0.726596659866556,false,54443,1063,0.726596659866556
54443,23397,0.7254202462588246,false,54443,23397,0.7254202462588246
54443,100507118,0.7891106868210672,false,54443,100507118,0.7891106868210672
2305,4288,0.7182826696938258,false,2305,4288,0.7182826696938258
2305,332,0.704477522752745,false,2305,332,0.704477522752745
2305,10460,0.7943699404264949,false,2305,10460,0.7943699404264949
2305,4605,0.7888264563197169,false,2305,4605,0.7888264563197169
2305,10615,0.8162996051174299,false,2305,10615,0.8162996051174299
970,105374166,0.9188768526140987,false,970,105374166,0.9188768526140987
970,29851,0.8984876636975868,false,970,29851,0.8984876636975868
970,100289137,0.8867804772455763,false,970,100289137,0.8867804772455763
970,5133,0.8676199280956409,false,970,5133,0.8676199280956409
970,57451,0.7369630726366511,false,970,57451,0.7369630726366511
970,105376878,0.717548014479529,false,970,105376878,0.717548014479529
970,158228,0.9167483246054164,false,970,158228,0.9167483246054164
970,100506411,0.9038810544957229,false,970,100506411,0.9038810544957229
970,2277,0.870620217974985,false,970,2277,0.870620217974985
970,107986606,0.7239301080218357,false,970,107986606,0.7239301080218357
970,7546,0.9167483246054164,false,970,7546,0.9167483246054164
970,81849,0.8502498088892444,false,970,81849,0.8502498088892444
970,107985492,0.7886488672074635,false,970,107985492,0.7886488672074635
970,3135,0.8097392491960272,false,970,3135,0.8097392491960272
970,112268037,0.8122125090852131,false,970,112268037,0.8122125090852131
970,6495,0.8914672508959749,false,970,6495,0.8914672508959749
970,3352,0.8345585083897409,false,970,3352,0.8345585083897409
970,79056,0.8778238903610748,false,970,79056,0.8778238903610748
970,50852,0.8621748523161639,false,970,50852,0.8621748523161639
970,54101,0.9156940195016753,false,970,54101,0.9156940195016753
970,143662,0.9165719014906811,false,970,143662,0.9165719014906811
970,23286,0.8944631822247666,false,970,23286,0.8944631822247666
970,245972,0.8759356772473894,false,970,245972,0.8759356772473894
970,11001,0.7668346007055328,false,970,11001,0.7668346007055328
970,340273,0.9158224873086147,false,970,340273,0.9158224873086147
970,101927355,0.8807874708925996,false,970,101927355,0.8807874708925996
970,366,0.8677681126709798,false,970,366,0.8677681126709798
970,4547,0.8352897670233378,false,970,4547,0.8352897670233378
970,253650,0.8406579034266336,false,970,253650,0.8406579034266336
970,654499,0.9172564528896314,false,970,654499,0.9172564528896314
970,100996301,0.8290854052372305,false,970,100996301,0.8290854052372305
970,3627,0.7954505368519764,false,970,3627,0.7954505368519764
389903,105372115,1.0,false,389903,105372115,1.0
389903,729447,0.9606325182383758,false,389903,729447,0.9606325182383758
389903,3783,0.8606527793024106,false,389903,3783,0.8606527793024106
389903,158511,0.7839154331222034,false,389903,158511,0.7839154331222034
389903,107984763,0.7352327130734437,false,389903,107984763,0.7352327130734437
389903,101929215,0.7663336738771444,false,389903,101929215,0.7663336738771444
389903,9582,0.8062574380868841,false,389903,9582,0.8062574380868841
389903,253582,0.7292613546644579,false,389903,253582,0.7292613546644579
389903,112937,0.7459365590497178,false,389903,112937,0.7459365590497178
389903,3664,0.8890601839929141,false,389903,3664,0.8890601839929141
389903,9212,0.7084646801418105,false,389903,9212,0.7084646801418105
389903,176,0.714324436452943,false,389903,176,0.714324436452943
389903,102723547,1.0,false,389903,102723547,1.0
105371050,105375027,0.8582046163950551,false,105371050,105375027,0.8582046163950551
105371050,3881,0.7253762013926414,false,105371050,3881,0.7253762013926414
105371050,8355,0.701282346144925,false,105371050,8355,0.701282346144925
105371050,111216286,0.710383050469026,false,105371050,111216286,0.710383050469026
105371050,6273,0.8192384413333025,false,105371050,6273,0.8192384413333025
105371050,50614,0.8241343390420193,false,105371050,50614,0.8241343390420193
105371050,53820,0.7399703021070456,false,105371050,53820,0.7399703021070456
105371050,338667,0.8695616049518977,false,105371050,338667,0.8695616049518977
105371050,3754,0.8340572497599238,false,105371050,3754,0.8340572497599238
105371050,101927760,0.8399533654714532,false,105371050,101927760,0.8399533654714532
105371050,338797,0.880991628837327,false,105371050,338797,0.880991628837327
105374166,29851,0.923134652641968,false,105374166,29851,0.923134652641968
105374166,100289137,0.8166970556459429,false,105374166,100289137,0.8166970556459429
105374166,5133,0.8444738996955932,false,105374166,5133,0.8444738996955932
105374166,105376878,0.7307668028076134,false,105374166,105376878,0.7307668028076134
105374166,158228,0.8740817435059587,false,105374166,158228,0.8740817435059587
105374166,100506411,0.8830933619561151,false,105374166,100506411,0.8830933619561151
105374166,2277,0.8254831860675652,false,105374166,2277,0.8254831860675652
105374166,107986606,0.7518602163659269,false,105374166,107986606,0.7518602163659269
105374166,7546,0.8740817435059582,false,105374166,7546,0.8740817435059582
105374166,81849,0.8132490815355503,false,105374166,81849,0.8132490815355503
105374166,107985492,0.8006558065283095,false,105374166,107985492,0.8006558065283095
105374166,3135,0.8754031806918695,false,105374166,3135,0.8754031806918695
105374166,112268037,0.8885225891893401,false,105374166,112268037,0.8885225891893401
105374166,6495,0.8600016552570339,false,105374166,6495,0.8600016552570339
105374166,3352,0.7194185454751848,false,105374166,3352,0.7194185454751848
105374166,79056,0.898704033676218,false,105374166,79056,0.898704033676218
105374166,50852,0.8774254181712154,false,105374166,50852,0.8774254181712154
105374166,54101,0.8611332068489369,false,105374166,54101,0.8611332068489369
105374166,143662,0.8837805613542714,false,105374166,143662,0.8837805613542714
105374166,23286,0.8432118003669261,false,105374166,23286,0.8432118003669261
105374166,340273,0.8741054077085658,false,105374166,340273,0.8741054077085658
105374166,101927355,0.8578178777636388,false,105374166,101927355,0.8578178777636388
105374166,366,0.7681048731057478,false,105374166,366,0.7681048731057478
105374166,4547,0.8096915941698355,false,105374166,4547,0.8096915941698355
105374166,253650,0.8798151259253733,false,105374166,253650,0.8798151259253733
105374166,654499,0.8767555190966423,false,105374166,654499,0.8767555190966423
105374166,100996301,0.7947946469028246,false,105374166,100996301,0.7947946469028246
101927354,10721,0.7376326360772908,false,101927354,10721,0.7376326360772908
101927354,105369685,0.8220779245157295,false,101927354,105369685,0.8220779245157295
105375027,3881,0.8466522371902281,false,105375027,3881,0.8466522371902281
105375027,7180,0.7192848812858924,false,105375027,7180,0.7192848812858924
105375027,8355,0.8455705864462633,false,105375027,8355,0.8455705864462633
105375027,111216286,0.8585342946882321,false,105375027,111216286,0.8585342946882321
105375027,6273,0.9253933362633467,false,105375027,6273,0.9253933362633467
105375027,50614,0.8290793571781292,false,105375027,50614,0.8290793571781292
105375027,53820,0.7929981670522154,false,105375027,53820,0.7929981670522154
105375027,338667,0.9672496058296708,false,105375027,338667,0.9672496058296708
105375027,3754,0.9403779838918837,false,105375027,3754,0.9403779838918837
105375027,101927760,0.9392340580528429,false,105375027,101927760,0.9392340580528429
105375027,338797,0.9295370201790488,false,105375027,338797,0.9295370201790488
55165,220134,0.7595476219596332,false,55165,220134,0.7595476219596332
55165,55143,0.787990965321108,false,55165,55143,0.787990965321108
55165,83540,0.8353277995401198,false,55165,83540,0.8353277995401198
55165,150468,0.8174014471873852,false,55165,150468,0.8174014471873852
55165,3161,0.9316230810148305,false,55165,3161,0.9316230810148305
55165,5354,0.7324932638028757,false,55165,5354,0.7324932638028757
55165,995,0.7702047070556868,false,55165,995,0.7702047070556868
55165,29128,0.9227570995682675,false,55165,29128,0.9227570995682675
55165,9055,0.7955180555064946,false,55165,9055,0.7955180555064946
55165,332,0.8407623942670756,false,55165,332,0.8407623942670756
55165,157570,0.8947065396309078,false,55165,157570,0.8947065396309078
55165,56992,0.820947893100838,false,55165,56992,0.820947893100838
55165,55247,0.8100862260656332,false,55165,55247,0.8100862260656332
55165,55872,0.9308938417620443,false,55165,55872,0.9308938417620443
55165,4751,0.8428008543757977,false,55165,4751,0.8428008543757977
55165,6241,0.902114334608836,false,55165,6241,0.902114334608836
55165,83903,0.7259018795901991,false,55165,83903,0.7259018795901991
55165,24137,0.9028400881292312,false,55165,24137,0.9028400881292312
55165,9787,0.8133034479785756,false,55165,9787,0.8133034479785756
55165,1063,0.7981127337637184,false,55165,1063,0.7981127337637184
55165,23397,0.8353357415902424,false,55165,23397,0.8353357415902424
55165,64151,0.8962700467813413,false,55165,64151,0.8962700467813413
55165,221150,0.8157188224544494,false,55165,221150,0.8157188224544494
55165,100507118,0.8237516260601645,false,55165,100507118,0.8237516260601645
29851,100289137,0.8648953401834707,false,29851,100289137,0.8648953401834707
29851,5133,0.9249989495859472,false,29851,5133,0.9249989495859472
29851,57451,0.7083314579762273,false,29851,57451,0.7083314579762273
29851,105376878,0.712150427923183,false,29851,105376878,0.712150427923183
29851,158228,0.9187264092125512,false,29851,158228,0.9187264092125512
29851,100506411,0.9283837497448123,false,29851,100506411,0.9283837497448123
29851,2277,0.7855610469189085,false,29851,2277,0.7855610469189085
29851,107986606,0.7598575562915859,false,29851,107986606,0.7598575562915859
29851,7546,0.9187264092125514,false,29851,7546,0.9187264092125514
29851,81849,0.7903834662923839,false,29851,81849,0.7903834662923839
29851,107985492,0.8175157795214041,false,29851,107985492,0.8175157795214041
29851,3135,0.8174994889135394,false,29851,3135,0.8174994889135394
29851,112268037,0.8193805140006883,false,29851,112268037,0.8193805140006883
29851,6495,0.9031846603239145,false,29851,6495,0.9031846603239145
29851,3352,0.7647838667304241,false,29851,3352,0.7647838667304241
29851,79056,0.9007099256251433,false,29851,79056,0.9007099256251433
29851,10993,0.7157909147264853,false,29851,10993,0.7157909147264853
29851,50852,0.7615458100938671,false,29851,50852,0.7615458100938671
29851,54101,0.9193659190261604,false,29851,54101,0.9193659190261604
29851,143662,0.9344938065967411,false,29851,143662,0.9344938065967411
29851,23286,0.871092825309533,false,29851,23286,0.871092825309533
29851,245972,0.7829994913534211,false,29851,245972,0.7829994913534211
29851,340273,0.9189842891553339,false,29851,340273,0.9189842891553339
29851,101927355,0.8457737130023054,false,29851,101927355,0.8457737130023054
29851,366,0.8367205785900494,false,29851,366,0.8367205785900494
29851,4547,0.8359102699909089,false,29851,4547,0.8359102699909089
29851,253650,0.8571153689207275,false,29851,253650,0.8571153689207275
29851,654499,0.919247902781045,false,29851,654499,0.919247902781045
29851,100996301,0.8178179683219752,false,29851,100996301,0.8178179683219752
51512,150468,0.9311334371697444,false,51512,150468,0.9311334371697444
51512,9055,0.7729657901446108,false,51512,9055,0.7729657901446108
51512,332,0.7352778419569586,false,51512,332,0.7352778419569586
51512,157570,0.7651288174342697,false,51512,157570,0.7651288174342697
51512,55872,0.7454374427656252,false,51512,55872,0.7454374427656252
51512,4751,0.7770641076708737,false,51512,4751,0.7770641076708737
51512,83903,0.8343972040878475,false,51512,83903,0.8343972040878475
51512,1063,0.7085124498635956,false,51512,1063,0.7085124498635956
220134,9133,0.7894873741492113,false,220134,9133,0.7894873741492113
220134,83540,0.8108320511617046,false,220134,83540,0.8108320511617046
220134,995,0.8201955805565594,false,220134,995,0.8201955805565594
220134,29128,0.8083044252643677,false,220134,29128,0.8083044252643677
220134,4288,0.8620366638600764,false,220134,4288,0.8620366638600764
220134,158511,0.7125652270560947,false,220134,158511,0.7125652270560947
220134,332,0.7668026365264721,false,220134,332,0.7668026365264721
220134,55872,0.7066296120170381,false,220134,55872,0.7066296120170381
220134,374393,0.7370877487519536,false,220134,374393,0.7370877487519536
220134,6241,0.8171200494309396,false,220134,6241,0.8171200494309396
220134,24137,0.8194404724825234,false,220134,24137,0.8194404724825234
220134,112937,0.8585923048710931,false,220134,112937,0.8585923048710931
220134,4605,0.710760478731953,false,220134,4605,0.710760478731953
220134,9787,0.8282423345291096,false,220134,9787,0.8282423345291096
220134,9212,0.8298243106728372,false,220134,9212,0.8298243106728372
220134,1063,0.7065246268246885,false,220134,1063,0.7065246268246885
220134,113115,0.7200729187327418,false,220134,113115,0.7200729187327418
220134,128239,0.9181839398396091,false,220134,128239,0.9181839398396091
220134,105371664,0.7862025848769005,false,220134,105371664,0.7862025848769005
220134,3833,0.8168136890723947,false,220134,3833,0.8168136890723947
220134,64151,0.8391915165985765,false,220134,64151,0.8391915165985765
220134,221150,0.8070812808793909,false,220134,221150,0.8070812808793909
220134,100507118,0.7331274637587666,false,220134,100507118,0.7331274637587666
220134,10615,0.850045075433921,false,220134,10615,0.850045075433921
53836,10942,0.9320156952241309,false,53836,10942,0.9320156952241309
53836,105371737,0.8310522057789477,false,53836,105371737,0.8310522057789477
53836,101928202,0.7780397220054694,false,53836,101928202,0.7780397220054694
53836,1813,0.8622432626301277,false,53836,1813,0.8622432626301277
100289137,5133,0.901703653548231,false,100289137,5133,0.901703653548231
100289137,57451,0.7700816359479629,false,100289137,57451,0.7700816359479629
100289137,158228,0.9620245348474757,false,100289137,158228,0.9620245348474757
100289137,100506411,0.9595521414381424,false,100289137,100506411,0.9595521414381424
100289137,2277,0.9003182382029147,false,100289137,2277,0.9003182382029147
100289137,107986606,0.7950972777436269,false,100289137,107986606,0.7950972777436269
100289137,7546,0.9620245348474753,false,100289137,7546,0.9620245348474753
100289137,81849,0.8628088380061748,false,100289137,81849,0.8628088380061748
100289137,107985492,0.8555925117096908,false,100289137,107985492,0.8555925117096908
100289137,112268037,0.8027686349892651,false,100289137,112268037,0.8027686349892651
100289137,6495,0.9463937383605351,false,100289137,6495,0.9463937383605351
100289137,3352,0.8516293261372181,false,100289137,3352,0.8516293261372181
100289137,79056,0.8523794064101737,false,100289137,79056,0.8523794064101737
100289137,54101,0.9587208968681078,false,100289137,54101,0.9587208968681078
100289137,143662,0.9616722363976733,false,100289137,143662,0.9616722363976733
100289137,23286,0.9543840164831038,false,100289137,23286,0.9543840164831038
100289137,245972,0.7595292315821718,false,100289137,245972,0.7595292315821718
100289137,340273,0.9621781200948091,false,100289137,340273,0.9621781200948091
100289137,101927355,0.9054197556508247,false,100289137,101927355,0.9054197556508247
100289137,366,0.8635495607907403,false,100289137,366,0.8635495607907403
100289137,4547,0.902986911995571,false,100289137,4547,0.902986911995571
100289137,253650,0.8613468034694003,false,100289137,253650,0.8613468034694003
100289137,654499,0.9620268693726605,false,100289137,654499,0.9620268693726605
100289137,100996301,0.8711080326704125,false,100289137,100996301,0.8711080326704125
3881,7180,0.8984237168228303,false,3881,7180,0.8984237168228303
3881,100422894,0.7644010496334745,false,3881,100422894,0.7644010496334745
3881,111216286,0.7207315562461094,false,3881,111216286,0.7207315562461094
3881,6273,0.8403895859463253,false,3881,6273,0.8403895859463253
3881,338667,0.8406298529049849,false,3881,338667,0.8406298529049849
3881,3754,0.7023711206803572,false,3881,3754,0.7023711206803572
3881,6690,0.8010545926643258,false,3881,6690,0.8010545926643258
3881,101927760,0.8066900725928292,false,3881,101927760,0.8066900725928292
3881,112802,0.9006454959513944,false,3881,112802,0.9006454959513944
3881,338797,0.8942099274367653,false,3881,338797,0.8942099274367653
941,860,0.7916081144742462,false,941,860,0.7916081144742462
941,103695435,0.7789029248159808,false,941,103695435,0.7789029248159808
941,6332,0.7873302101792202,false,941,6332,0.7873302101792202
941,7681,0.8346152457085922,false,941,7681,0.8346152457085922
941,100506655,0.773801134231837,false,941,100506655,0.773801134231837
941,105376042,0.8367408015463479,false,941,105376042,0.8367408015463479
941,122042,0.72676271724291,false,941,122042,0.72676271724291
941,101060400,0.8367408015463478,false,941,101060400,0.8367408015463478
941,9355,0.8477815087004305,false,941,9355,0.8477815087004305
5133,57451,0.7780018253169516,false,5133,57451,0.7780018253169516
5133,158228,0.94346815573352,false,5133,158228,0.94346815573352
5133,10309,0.7250594901787349,false,5133,10309,0.7250594901787349
5133,100506411,0.9637676356015891,false,5133,100506411,0.9637676356015891
5133,2277,0.8171946034840178,false,5133,2277,0.8171946034840178
5133,107986606,0.8074383502500523,false,5133,107986606,0.8074383502500523
5133,7546,0.94346815573352,false,5133,7546,0.94346815573352
5133,81849,0.8174872332204282,false,5133,81849,0.8174872332204282
5133,107985492,0.8609677340168249,false,5133,107985492,0.8609677340168249
5133,3135,0.732834753691934,false,5133,3135,0.732834753691934
5133,112268037,0.8240410217234042,false,5133,112268037,0.8240410217234042
5133,6495,0.9314743573679161,false,5133,6495,0.9314743573679161
5133,3352,0.8386211546791156,false,5133,3352,0.8386211546791156
5133,79056,0.8455815989231661,false,5133,79056,0.8455815989231661
5133,10993,0.8205009606115392,false,5133,10993,0.8205009606115392
5133,54101,0.9482170467272482,false,5133,54101,0.9482170467272482
5133,143662,0.9636654678535399,false,5133,143662,0.9636654678535399
5133,23286,0.8969860334819327,false,5133,23286,0.8969860334819327
5133,245972,0.779544020078641,false,5133,245972,0.779544020078641
5133,340273,0.9441743600471102,false,5133,340273,0.9441743600471102
5133,101927355,0.9032850360037198,false,5133,101927355,0.9032850360037198
5133,366,0.8944873993034128,false,5133,366,0.8944873993034128
5133,4547,0.8985260848534865,false,5133,4547,0.8985260848534865
5133,253650,0.9286506089559494,false,5133,253650,0.9286506089559494
5133,654499,0.9459535548705678,false,5133,654499,0.9459535548705678
5133,100996301,0.866725619047963,false,5133,100996301,0.866725619047963
55143,150468,0.8011804080210907,false,55143,150468,0.8011804080210907
55143,105375610,0.877488421930726,false,55143,105375610,0.877488421930726
55143,3161,0.8948830764124498,false,55143,3161,0.8948830764124498
55143,29128,0.7736938992864069,false,55143,29128,0.7736938992864069
55143,9055,0.9458113576664654,false,55143,9055,0.9458113576664654
55143,157570,0.8079288247874574,false,55143,157570,0.8079288247874574
55143,56992,0.7687916460534243,false,55143,56992,0.7687916460534243
55143,55247,0.836037055309804,false,55143,55247,0.836037055309804
55143,55872,0.8738956735456411,false,55143,55872,0.8738956735456411
55143,4751,0.8675748384932429,false,55143,4751,0.8675748384932429
55143,6241,0.7699605139982026,false,55143,6241,0.7699605139982026
55143,83903,0.8014194218333216,false,55143,83903,0.8014194218333216
55143,24137,0.7476677696576834,false,55143,24137,0.7476677696576834
55143,9787,0.7867667064803527,false,55143,9787,0.7867667064803527
55143,1063,0.7788781558286688,false,55143,1063,0.7788781558286688
55143,1058,0.834070261348151,false,55143,1058,0.834070261348151
55143,3833,0.7266859472877403,false,55143,3833,0.7266859472877403
55143,221150,0.7613424634482973,false,55143,221150,0.7613424634482973
55143,100507118,0.8965686308543585,false,55143,100507118,0.8965686308543585
105372115,729447,0.9606325182383758,false,105372115,729447,0.9606325182383758
105372115,3783,0.8606527793024106,false,105372115,3783,0.8606527793024106
105372115,158511,0.7839154331222034,false,105372115,158511,0.7839154331222034
105372115,107984763,0.7352327130734437,false,105372115,107984763,0.7352327130734437
105372115,101929215,0.7663336738771444,false,105372115,101929215,0.7663336738771444
105372115,9582,0.8062574380868841,false,105372115,9582,0.8062574380868841
105372115,253582,0.7292613546644579,false,105372115,253582,0.7292613546644579
105372115,112937,0.7459365590497178,false,105372115,112937,0.7459365590497178
105372115,3664,0.8890601839929141,false,105372115,3664,0.8890601839929141
105372115,9212,0.7084646801418105,false,105372115,9212,0.7084646801418105
105372115,176,0.714324436452943,false,105372115,176,0.714324436452943
105372115,102723547,1.0,false,105372115,102723547,1.0
9133,105375610,0.7628378151461545,false,9133,105375610,0.7628378151461545
9133,995,0.8107637365677383,false,9133,995,0.8107637365677383
9133,29128,0.7532961939093353,false,9133,29128,0.7532961939093353
9133,4288,0.8960397474044655,false,9133,4288,0.8960397474044655
9133,332,0.8274654929010264,false,9133,332,0.8274654929010264
9133,56992,0.7040669002720839,false,9133,56992,0.7040669002720839
9133,6241,0.8173209399760506,false,9133,6241,0.8173209399760506
9133,24137,0.8181965021797022,false,9133,24137,0.8181965021797022
9133,112937,0.7663151788594205,false,9133,112937,0.7663151788594205
9133,4605,0.7687433222918726,false,9133,4605,0.7687433222918726
9133,9787,0.9162186395749974,false,9133,9787,0.9162186395749974
9133,9212,0.9312472360662354,false,9133,9212,0.9312472360662354
9133,1063,0.8560813996568885,false,9133,1063,0.8560813996568885
9133,128239,0.8901427030161327,false,9133,128239,0.8901427030161327
9133,1058,0.7635736418898534,false,9133,1058,0.7635736418898534
9133,3833,0.8200651135752981,false,9133,3833,0.8200651135752981
9133,64151,0.804952556229691,false,9133,64151,0.804952556229691
9133,221150,0.7582744303977303,false,9133,221150,0.7582744303977303
9133,100507118,0.80067536623075,false,9133,100507118,0.80067536623075
9133,10615,0.7757584345696935,false,9133,10615,0.7757584345696935
57451,158228,0.840560451273722,false,57451,158228,0.840560451273722
57451,10309,0.9321445927504876,false,57451,10309,0.9321445927504876
57451,100506411,0.8192697181132326,false,57451,100506411,0.8192697181132326
57451,7546,0.8405604512737224,false,57451,7546,0.8405604512737224
57451,107985492,0.7383240618800118,false,57451,107985492,0.7383240618800118
57451,6495,0.8853228185287788,false,57451,6495,0.8853228185287788
57451,79056,0.7390313162430823,false,57451,79056,0.7390313162430823
57451,54101,0.8348645442641122,false,57451,54101,0.8348645442641122
57451,143662,0.824415883422783,false,57451,143662,0.824415883422783
57451,23286,0.8123083533108987,false,57451,23286,0.8123083533108987
57451,340273,0.839661112997454,false,57451,340273,0.839661112997454
57451,161291,0.8910030050630044,false,57451,161291,0.8910030050630044
57451,101927355,0.855410781328586,false,57451,101927355,0.855410781328586
57451,366,0.7826072655291074,false,57451,366,0.7826072655291074
57451,4547,0.9137352830489697,false,57451,4547,0.9137352830489697
57451,253650,0.7181944275334929,false,57451,253650,0.7181944275334929
57451,654499,0.8409015781452621,false,57451,654499,0.8409015781452621
57451,100996301,0.7423120363163053,false,57451,100996301,0.7423120363163053
7180,100422894,0.8962445035123555,false,7180,100422894,0.8962445035123555
7180,6273,0.7110325538405914,false,7180,6273,0.7110325538405914
7180,50614,0.707277942689159,false,7180,50614,0.707277942689159
7180,338667,0.7409299871465759,false,7180,338667,0.7409299871465759
7180,6690,0.8327388315178627,false,7180,6690,0.8327388315178627
7180,101927760,0.7189290389054029,false,7180,101927760,0.7189290389054029
7180,112802,0.7223867886894877,false,7180,112802,0.7223867886894877
7180,338797,0.8149681985999695,false,7180,338797,0.8149681985999695
10721,105369685,0.7052085102328282,false,10721,105369685,0.7052085102328282
10721,641,0.7374366068707723,false,10721,641,0.7374366068707723
10721,23397,0.8444894332056019,false,10721,23397,0.8444894332056019
4544,10537,0.9235130285123773,false,4544,10537,0.9235130285123773
4544,166979,1.0,false,4544,166979,1.0
4544,4283,0.9213343509871693,false,4544,4283,0.9213343509871693
4544,594855,0.8718252237246459,false,4544,594855,0.8718252237246459
4544,5865,0.9961649412365456,false,4544,5865,0.9961649412365456
4544,3580,0.9838849181322793,false,4544,3580,0.9838849181322793
4544,116173,0.8921320183319426,false,4544,116173,0.8921320183319426
4544,101927686,0.8907178668619322,false,4544,101927686,0.8907178668619322
4544,3512,0.8231450609023071,false,4544,3512,0.8231450609023071
4544,6716,0.9658712255632924,false,4544,6716,0.9658712255632924
4544,219527,0.9447352972035249,false,4544,219527,0.9447352972035249
5265,1295,0.7536085118553436,false,5265,1295,0.7536085118553436
5265,134285,0.7441075198178074,false,5265,134285,0.7441075198178074
5265,27063,0.7831643118309132,false,5265,27063,0.7831643118309132
5265,5650,0.8065895289152879,false,5265,5650,0.8065895289152879
5265,339256,0.7453667210117213,false,5265,339256,0.7453667210117213
5265,58,0.767533405115531,false,5265,58,0.767533405115531
5265,2019,0.7106315506078663,false,5265,2019,0.7106315506078663
5265,145873,0.720278852258326,false,5265,145873,0.720278852258326
5265,285987,0.7802175171762075,false,5265,285987,0.7802175171762075
5265,3502,0.7335296766927928,false,5265,3502,0.7335296766927928
5265,28755,0.7640309622809768,false,5265,28755,0.7640309622809768
5265,389336,0.7063953488007908,false,5265,389336,0.7063953488007908
5265,25818,0.7363251016077148,false,5265,25818,0.7363251016077148
5265,4004,0.8040284746582345,false,5265,4004,0.8040284746582345
5265,4973,0.8845926693980418,false,5265,4973,0.8845926693980418
5265,102724714,0.8542781165030674,false,5265,102724714,0.8542781165030674
5265,28809,0.7697187994269306,false,5265,28809,0.7697187994269306
5265,5653,0.8049595632538394,false,5265,5653,0.8049595632538394
1295,134285,0.8128338856988053,false,1295,134285,0.8128338856988053
1295,27063,0.8379678759976004,false,1295,27063,0.8379678759976004
1295,5650,0.8217354160109583,false,1295,5650,0.8217354160109583
1295,339256,0.7742159499007462,false,1295,339256,0.7742159499007462
1295,58,0.8626590031692967,false,1295,58,0.8626590031692967
1295,2019,0.8494813208061118,false,1295,2019,0.8494813208061118
1295,145873,0.8481726460266307,false,1295,145873,0.8481726460266307
1295,285987,0.8146820370817413,false,1295,285987,0.8146820370817413
1295,3502,0.7207669516797642,false,1295,3502,0.7207669516797642
1295,389336,0.7992677990807222,false,1295,389336,0.7992677990807222
1295,25818,0.7971563976467503,false,1295,25818,0.7971563976467503
1295,4004,0.8292215474756148,false,1295,4004,0.8292215474756148
1295,102724714,0.7968966298312072,false,1295,102724714,0.7968966298312072
1295,28809,0.7863446822313594,false,1295,28809,0.7863446822313594
1295,5653,0.7921834482599234,false,1295,5653,0.7921834482599234
134285,284293,0.767158164390577,false,134285,284293,0.767158164390577
134285,27063,0.7882519289954611,false,134285,27063,0.7882519289954611
134285,5650,0.958333928138302,false,134285,5650,0.958333928138302
134285,339256,0.8940793540875048,false,134285,339256,0.8940793540875048
134285,58,0.9199512078708036,false,134285,58,0.9199512078708036
134285,2019,0.9394774584295863,false,134285,2019,0.9394774584295863
134285,145873,0.8653907695330653,false,134285,145873,0.8653907695330653
134285,285987,0.9807343582872083,false,134285,285987,0.9807343582872083
134285,3502,0.8941306901530987,false,134285,3502,0.8941306901530987
134285,389336,0.8843426033126635,false,134285,389336,0.8843426033126635
134285,25818,0.9119080033249889,false,134285,25818,0.9119080033249889
134285,100506827,0.7780477443420333,false,134285,100506827,0.7780477443420333
134285,4004,0.9764195189304168,false,134285,4004,0.9764195189304168
134285,4973,0.7988523197885778,false,134285,4973,0.7988523197885778
134285,28946,0.7768043727122277,false,134285,28946,0.7768043727122277
134285,102724714,0.7839127880756821,false,134285,102724714,0.7839127880756821
134285,28809,0.9701341314404585,false,134285,28809,0.9701341314404585
134285,5653,0.9586321210009395,false,134285,5653,0.9586321210009395
83540,3161,0.759163361883878,false,83540,3161,0.759163361883878
83540,29128,0.8339513651783056,false,83540,29128,0.8339513651783056
83540,56992,0.7020648814911981,false,83540,56992,0.7020648814911981
83540,641,0.719533808457537,false,83540,641,0.719533808457537
83540,55872,0.7431148890206485,false,83540,55872,0.7431148890206485
83540,374393,0.7387522097887608,false,83540,374393,0.7387522097887608
83540,6241,0.8044662714035242,false,83540,6241,0.8044662714035242
83540,24137,0.774045554110143,false,83540,24137,0.774045554110143
83540,9787,0.7066705755385695,false,83540,9787,0.7066705755385695
83540,23397,0.8022309410948301,false,83540,23397,0.8022309410948301
83540,128239,0.7864312265271367,false,83540,128239,0.7864312265271367
83540,3833,0.7543328484869949,false,83540,3833,0.7543328484869949
83540,64151,0.7974349808212551,false,83540,64151,0.7974349808212551
83540,221150,0.7604816022014887,false,83540,221150,0.7604816022014887
83540,100507118,0.7177871607578812,false,83540,100507118,0.7177871607578812
10537,166979,0.9235130285123773,false,10537,166979,0.9235130285123773
10537,4283,0.9582980513015137,false,10537,4283,0.9582980513015137
10537,594855,0.7928172984483853,false,10537,594855,0.7928172984483853
10537,5865,0.9125442404257699,false,10537,5865,0.9125442404257699
10537,3580,0.9499531060605837,false,10537,3580,0.9499531060605837
10537,116173,0.7965137258823413,false,10537,116173,0.7965137258823413
10537,101927686,0.9741998305155013,false,10537,101927686,0.9741998305155013
10537,3512,0.765260187474947,false,10537,3512,0.765260187474947
10537,6716,0.8676230403260698,false,10537,6716,0.8676230403260698
10537,219527,0.8432537518280633,false,10537,219527,0.8432537518280633
860,63898,0.7125302137823311,false,860,63898,0.7125302137823311
860,6332,0.8195929396611025,false,860,6332,0.8195929396611025
860,5100,0.7877834770600359,false,860,5100,0.7877834770600359
860,7681,0.8268733066284247,false,860,7681,0.8268733066284247
860,100506655,0.7989572290985111,false,860,100506655,0.7989572290985111
860,105376042,0.8300182975052984,false,860,105376042,0.8300182975052984
860,122042,0.950146726184363,false,860,122042,0.950146726184363
860,101060400,0.8300182975052983,false,860,101060400,0.8300182975052983
860,9355,0.7963602750845735,false,860,9355,0.7963602750845735
105376878,8538,0.7410568936532188,false,105376878,8538,0.7410568936532188
284293,5650,0.7065083337235953,false,284293,5650,0.7065083337235953
284293,58,0.7758862693481586,false,284293,58,0.7758862693481586
284293,2019,0.7570557388915206,false,284293,2019,0.7570557388915206
284293,145873,0.8734184716881074,false,284293,145873,0.8734184716881074
284293,864,0.7403996793177978,false,284293,864,0.7403996793177978
284293,285987,0.7761970637806485,false,284293,285987,0.7761970637806485
284293,3502,0.8282799702493284,false,284293,3502,0.8282799702493284
284293,100506827,0.7434144385113536,false,284293,100506827,0.7434144385113536
284293,4004,0.7556094459897513,false,284293,4004,0.7556094459897513
284293,28946,0.7842855478968022,false,284293,28946,0.7842855478968022
284293,102724714,0.7190041550513305,false,284293,102724714,0.7190041550513305
284293,28809,0.8057279308578922,false,284293,28809,0.8057279308578922
284293,5653,0.7306905558894473,false,284293,5653,0.7306905558894473
109729184,89886,0.8234767396755949,false,109729184,89886,0.8234767396755949
109729184,63898,0.8507195930867724,false,109729184,63898,0.8507195930867724
109729184,7477,0.8810635093848109,false,109729184,7477,0.8810635093848109
109729184,79191,0.8953568992790376,false,109729184,79191,0.8953568992790376
109729184,101928658,0.8205633147836052,false,109729184,101928658,0.8205633147836052
109729184,5798,0.814456249616525,false,109729184,5798,0.814456249616525
109729184,105378305,0.8642160009133485,false,109729184,105378305,0.8642160009133485
109729184,107984129,0.7631358247565739,false,109729184,107984129,0.7631358247565739
109729184,105371275,0.7351264606393253,false,109729184,105371275,0.7351264606393253
109729184,57167,0.75908023366168,false,109729184,57167,0.75908023366168
109729184,168002,0.9343256942365313,false,109729184,168002,0.9343256942365313
27063,5650,0.7574982846481692,false,27063,5650,0.7574982846481692
27063,339256,0.707590701831498,false,27063,339256,0.707590701831498
27063,58,0.9013538308871648,false,27063,58,0.9013538308871648
27063,145873,0.7976355061616621,false,27063,145873,0.7976355061616621
27063,101929215,0.7376057812580386,false,27063,101929215,0.7376057812580386
27063,285987,0.7870841678938022,false,27063,285987,0.7870841678938022
27063,3502,0.7870657932486201,false,27063,3502,0.7870657932486201
27063,389336,0.7080379375333846,false,27063,389336,0.7080379375333846
27063,4004,0.7829573667598344,false,27063,4004,0.7829573667598344
27063,102724714,0.9402441460312492,false,27063,102724714,0.9402441460312492
27063,28809,0.7846944816505276,false,27063,28809,0.7846944816505276
27063,5653,0.7519000440973312,false,27063,5653,0.7519000440973312
150468,105375610,0.8232017682852333,false,150468,105375610,0.8232017682852333
150468,3161,0.8110492864459019,false,150468,3161,0.8110492864459019
150468,995,0.8371074303714094,false,150468,995,0.8371074303714094
150468,29128,0.7099390092022083,false,150468,29128,0.7099390092022083
150468,9055,0.8815027456934481,false,150468,9055,0.8815027456934481
150468,332,0.8623389747491824,false,150468,332,0.8623389747491824
150468,157570,0.8556350213381416,false,150468,157570,0.8556350213381416
150468,56992,0.7703460364914,false,150468,56992,0.7703460364914
150468,55247,0.7364896005016887,false,150468,55247,0.7364896005016887
150468,55872,0.8694610379200672,false,150468,55872,0.8694610379200672
150468,4751,0.7971128900277786,false,150468,4751,0.7971128900277786
150468,6241,0.8675816396562214,false,150468,6241,0.8675816396562214
150468,83903,0.8973740459177837,false,150468,83903,0.8973740459177837
150468,24137,0.7325196771550362,false,150468,24137,0.7325196771550362
150468,9787,0.8675217914098837,false,150468,9787,0.8675217914098837
150468,1063,0.8516241941997774,false,150468,1063,0.8516241941997774
150468,1058,0.7928446527071109,false,150468,1058,0.7928446527071109
150468,64151,0.7326664513385098,false,150468,64151,0.7326664513385098
150468,221150,0.7338479739814381,false,150468,221150,0.7338479739814381
150468,100507118,0.8210177544984846,false,150468,100507118,0.8210177544984846
158228,10309,0.7576935634953793,false,158228,10309,0.7576935634953793
158228,100506411,0.9907877161540836,false,158228,100506411,0.9907877161540836
158228,2277,0.8848831472166206,false,158228,2277,0.8848831472166206
158228,107986606,0.8559400091872991,false,158228,107986606,0.8559400091872991
158228,7546,0.9999999999999991,false,158228,7546,0.9999999999999991
158228,81849,0.883354871260076,false,158228,81849,0.883354871260076
158228,107985492,0.9126515600934099,false,158228,107985492,0.9126515600934099
158228,3135,0.7939980668331872,false,158228,3135,0.7939980668331872
158228,112268037,0.8568614748998451,false,158228,112268037,0.8568614748998451
158228,6495,0.9928522284034248,false,158228,6495,0.9928522284034248
158228,3352,0.8934987070709757,false,158228,3352,0.8934987070709757
158228,79056,0.9270737274520209,false,158228,79056,0.9270737274520209
158228,54101,0.9984314912119837,false,158228,54101,0.9984314912119837
158228,143662,0.9957866466097212,false,158228,143662,0.9957866466097212
158228,23286,0.9816227554354391,false,158228,23286,0.9816227554354391
158228,245972,0.8224213610909124,false,158228,245972,0.8224213610909124
158228,340273,0.9999883523341655,false,158228,340273,0.9999883523341655
158228,101927355,0.9649211462903315,false,158228,101927355,0.9649211462903315
158228,366,0.903252527982633,false,158228,366,0.903252527982633
158228,4547,0.9532577263714829,false,158228,4547,0.9532577263714829
158228,253650,0.9059493833777653,false,158228,253650,0.9059493833777653
158228,654499,0.999827562426185,false,158228,654499,0.999827562426185
158228,100996301,0.9273856605122778,false,158228,100996301,0.9273856605122778
10309,100506411,0.732152064110977,false,10309,100506411,0.732152064110977
10309,7546,0.7576935634953793,false,10309,7546,0.7576935634953793
10309,6495,0.8163809003686738,false,10309,6495,0.8163809003686738
10309,54101,0.7546528472730681,false,10309,54101,0.7546528472730681
10309,143662,0.7500353844001003,false,10309,143662,0.7500353844001003
10309,23286,0.7003124340846164,false,10309,23286,0.7003124340846164
10309,340273,0.7566149583236769,false,10309,340273,0.7566149583236769
10309,161291,0.9513218283399542,false,10309,161291,0.9513218283399542
10309,101927355,0.7662656396286702,false,10309,101927355,0.7662656396286702
10309,366,0.7157947853444008,false,10309,366,0.7157947853444008
10309,4547,0.8446549443245889,false,10309,4547,0.8446549443245889
10309,654499,0.7544467731879715,false,10309,654499,0.7544467731879715
8355,111216286,0.89571256053873,false,8355,111216286,0.89571256053873
8355,6273,0.9391612878356274,false,8355,6273,0.9391612878356274
8355,53820,0.8320333304200216,false,8355,53820,0.8320333304200216
8355,338667,0.9119221002245113,false,8355,338667,0.9119221002245113
8355,3754,0.703550668642404,false,8355,3754,0.703550668642404
8355,101927760,0.9321372039095362,false,8355,101927760,0.9321372039095362
8355,338797,0.8602503286488175,false,8355,338797,0.8602503286488175
8345,10460,0.7032367356890897,false,8345,10460,0.7032367356890897
166979,4283,0.9213343509871693,false,166979,4283,0.9213343509871693
166979,594855,0.8718252237246459,false,166979,594855,0.8718252237246459
166979,5865,0.9961649412365456,false,166979,5865,0.9961649412365456
166979,3580,0.9838849181322793,false,166979,3580,0.9838849181322793
166979,116173,0.8921320183319426,false,166979,116173,0.8921320183319426
166979,101927686,0.8907178668619322,false,166979,101927686,0.8907178668619322
166979,3512,0.8231450609023071,false,166979,3512,0.8231450609023071
166979,6716,0.9658712255632924,false,166979,6716,0.9658712255632924
166979,219527,0.9447352972035249,false,166979,219527,0.9447352972035249
1750,5008,0.8622539400094831,false,1750,5008,0.8622539400094831
1750,3856,0.9700038282154596,false,1750,3856,0.9700038282154596
1750,113218482,0.9572806577938096,false,1750,113218482,0.9572806577938096
1750,105377123,0.7030245011845839,false,1750,105377123,0.7030245011845839
1750,8538,0.7463068596708398,false,1750,8538,0.7463068596708398
1750,100506827,0.7372732229582749,false,1750,100506827,0.7372732229582749
1750,284240,0.798358445432753,false,1750,284240,0.798358445432753
1750,364,0.7133267082111622,false,1750,364,0.7133267082111622
55388,101928202,0.7023810581776966,false,55388,101928202,0.7023810581776966
55388,8424,0.7063646152375904,false,55388,8424,0.7063646152375904
111216286,6273,0.8786589295477215,false,111216286,6273,0.8786589295477215
111216286,53820,0.8793113943992682,false,111216286,53820,0.8793113943992682
111216286,338667,0.8815109713837174,false,111216286,338667,0.8815109713837174
111216286,3754,0.751618324520332,false,111216286,3754,0.751618324520332
111216286,101927760,0.9269322646870959,false,111216286,101927760,0.9269322646870959
111216286,338797,0.8394665903399452,false,111216286,338797,0.8394665903399452
89886,7477,0.7753078276791947,false,89886,7477,0.7753078276791947
89886,79191,0.8611169707436133,false,89886,79191,0.8611169707436133
89886,5798,0.7276348231372021,false,89886,5798,0.7276348231372021
89886,105378305,0.9349682415047094,false,89886,105378305,0.9349682415047094
89886,107984129,0.8570901570044773,false,89886,107984129,0.8570901570044773
89886,105371275,0.87552410077851,false,89886,105371275,0.87552410077851
89886,168002,0.9035398680074251,false,89886,168002,0.9035398680074251
10942,105371737,0.7802926291570988,false,10942,105371737,0.7802926291570988
10942,101928202,0.7162236446490131,false,10942,101928202,0.7162236446490131
10942,1813,0.7962913216460288,false,10942,1813,0.7962913216460288
105375610,3161,0.767411727367297,false,105375610,3161,0.767411727367297
105375610,995,0.8120911280964466,false,105375610,995,0.8120911280964466
105375610,4288,0.7046995869573232,false,105375610,4288,0.7046995869573232
105375610,158511,0.7584821036489423,false,105375610,158511,0.7584821036489423
105375610,9055,0.874348002522768,false,105375610,9055,0.874348002522768
105375610,157570,0.7284268992787208,false,105375610,157570,0.7284268992787208
105375610,56992,0.7360744756067578,false,105375610,56992,0.7360744756067578
105375610,55872,0.8020105159699965,false,105375610,55872,0.8020105159699965
105375610,6241,0.8026352959387572,false,105375610,6241,0.8026352959387572
105375610,83903,0.7849330267712978,false,105375610,83903,0.7849330267712978
105375610,24137,0.7118161634524369,false,105375610,24137,0.7118161634524369
105375610,9787,0.8876550470339108,false,105375610,9787,0.8876550470339108
105375610,9212,0.7583307160651985,false,105375610,9212,0.7583307160651985
105375610,1063,0.8261181646150934,false,105375610,1063,0.8261181646150934
105375610,113115,0.7397700413794704,false,105375610,113115,0.7397700413794704
105375610,128239,0.7368805469039046,false,105375610,128239,0.7368805469039046
105375610,1058,0.8864635798182309,false,105375610,1058,0.8864635798182309
105375610,3833,0.8462772410872108,false,105375610,3833,0.8462772410872108
105375610,221150,0.7751062218165243,false,105375610,221150,0.7751062218165243
105375610,100507118,0.8726100839713107,false,105375610,100507118,0.8726100839713107
64094,101928658,0.8039699622134016,false,64094,101928658,0.8039699622134016
64094,6664,0.8296315469880642,false,64094,6664,0.8296315469880642
64094,107986951,0.8870858818387519,false,64094,107986951,0.8870858818387519
107985436,3604,0.8638083837609438,false,107985436,3604,0.8638083837609438
107985436,103695435,0.8371472488598377,false,107985436,103695435,0.8371472488598377
107985436,5100,0.84691202225275,false,107985436,5100,0.84691202225275
107985436,7681,0.7180829433971794,false,107985436,7681,0.7180829433971794
107985436,105376042,0.7000301939220552,false,107985436,105376042,0.7000301939220552
107985436,23532,0.9685428319693088,false,107985436,23532,0.9685428319693088
107985436,101060400,0.7000301939220553,false,107985436,101060400,0.7000301939220553
107985436,105370953,0.7949633283341577,false,107985436,105370953,0.7949633283341577
3161,995,0.7238529087927044,false,3161,995,0.7238529087927044
3161,29128,0.8995202179511531,false,3161,29128,0.8995202179511531
3161,9055,0.8591918092589451,false,3161,9055,0.8591918092589451
3161,332,0.7685746390086898,false,3161,332,0.7685746390086898
3161,157570,0.826970407154773,false,3161,157570,0.826970407154773
3161,56992,0.8405490115476609,false,3161,56992,0.8405490115476609
3161,55247,0.8925584213064346,false,3161,55247,0.8925584213064346
3161,55872,0.9426989718072412,false,3161,55872,0.9426989718072412
3161,4751,0.897285576740203,false,3161,4751,0.897285576740203
3161,6241,0.888993775776478,false,3161,6241,0.888993775776478
3161,83903,0.7590276871015595,false,3161,83903,0.7590276871015595
3161,24137,0.8719765769388824,false,3161,24137,0.8719765769388824
3161,9787,0.8151848702813838,false,3161,9787,0.8151848702813838
3161,1063,0.8074483215688862,false,3161,1063,0.8074483215688862
3161,23397,0.868400457377837,false,3161,23397,0.868400457377837
3161,1058,0.8022862273119995,false,3161,1058,0.8022862273119995
3161,64151,0.780355923185374,false,3161,64151,0.780355923185374
3161,221150,0.8766338030088704,false,3161,221150,0.8766338030088704
3161,100507118,0.8576086789250544,false,3161,100507118,0.8576086789250544
100506411,2277,0.9034097124264966,false,100506411,2277,0.9034097124264966
100506411,107986606,0.8648517531269586,false,100506411,107986606,0.8648517531269586
100506411,7546,0.9907877161540831,false,100506411,7546,0.9907877161540831
100506411,81849,0.8910987162209818,false,100506411,81849,0.8910987162209818
100506411,107985492,0.9175216027137063,false,100506411,107985492,0.9175216027137063
100506411,3135,0.7699210924582817,false,100506411,3135,0.7699210924582817
100506411,112268037,0.8929653938689142,false,100506411,112268037,0.8929653938689142
100506411,6495,0.9823565290069128,false,100506411,6495,0.9823565290069128
100506411,3352,0.8601746165820968,false,100506411,3352,0.8601746165820968
100506411,79056,0.8947193569009775,false,100506411,79056,0.8947193569009775
100506411,10993,0.7497760439212859,false,100506411,10993,0.7497760439212859
100506411,54101,0.9886057853569936,false,100506411,54101,0.9886057853569936
100506411,143662,0.9922947897930622,false,100506411,143662,0.9922947897930622
100506411,23286,0.9680004469686984,false,100506411,23286,0.9680004469686984
100506411,245972,0.8125094356184238,false,100506411,245972,0.8125094356184238
100506411,340273,0.991291805145684,false,100506411,340273,0.991291805145684
100506411,101927355,0.963153351882649,false,100506411,101927355,0.963153351882649
100506411,366,0.9081073787629049,false,100506411,366,0.9081073787629049
100506411,4547,0.946828406032329,false,100506411,4547,0.946828406032329
100506411,253650,0.9420643656371995,false,100506411,253650,0.9420643656371995
100506411,654499,0.9922897976086713,false,100506411,654499,0.9922897976086713
100506411,100996301,0.920234483301605,false,100506411,100996301,0.920234483301605
729447,3783,0.8639107405222481,false,729447,3783,0.8639107405222481
729447,158511,0.7290731285683517,false,729447,158511,0.7290731285683517
729447,107984763,0.7670235519229796,false,729447,107984763,0.7670235519229796
729447,101929215,0.7107086284059199,false,729447,101929215,0.7107086284059199
729447,9582,0.8317086600381042,false,729447,9582,0.8317086600381042
729447,112937,0.7032841834084972,false,729447,112937,0.7032841834084972
729447,3664,0.9187095361525643,false,729447,3664,0.9187095361525643
729447,176,0.7250589576906571,false,729447,176,0.7250589576906571
729447,102723547,0.9606325182383758,false,729447,102723547,0.9606325182383758
63898,374946,0.7635910874266646,false,63898,374946,0.7635910874266646
63898,7477,0.8585876231368619,false,63898,7477,0.8585876231368619
63898,79191,0.7153972422947571,false,63898,79191,0.7153972422947571
63898,101928658,0.7155377031521066,false,63898,101928658,0.7155377031521066
63898,10993,0.7171674788529662,false,63898,10993,0.7171674788529662
63898,5798,0.7326753201160618,false,63898,5798,0.7326753201160618
63898,6664,0.7080518380486311,false,63898,6664,0.7080518380486311
63898,105378305,0.7561236502782192,false,63898,105378305,0.7561236502782192
63898,57167,0.7842317125830773,false,63898,57167,0.7842317125830773
63898,168002,0.7209739778826105,false,63898,168002,0.7209739778826105
2277,107986606,0.7330237132210662,false,2277,107986606,0.7330237132210662
2277,7546,0.8848831472166205,false,2277,7546,0.8848831472166205
2277,81849,0.8518999807555362,false,2277,81849,0.8518999807555362
2277,107985492,0.788315529237011,false,2277,107985492,0.788315529237011
2277,112268037,0.9195078569535579,false,2277,112268037,0.9195078569535579
2277,6495,0.8696550732321544,false,2277,6495,0.8696550732321544
2277,3352,0.7644622821899709,false,2277,3352,0.7644622821899709
2277,79056,0.7748826549408666,false,2277,79056,0.7748826549408666
2277,50852,0.7033134274817444,false,2277,50852,0.7033134274817444
2277,54101,0.874924120485033,false,2277,54101,0.874924120485033
2277,143662,0.8737704184143562,false,2277,143662,0.8737704184143562
2277,23286,0.8693172603716454,false,2277,23286,0.8693172603716454
2277,245972,0.7946404149398474,false,2277,245972,0.7946404149398474
2277,340273,0.8851431893967424,false,2277,340273,0.8851431893967424
2277,101927355,0.8787906598712949,false,2277,101927355,0.8787906598712949
2277,366,0.8683448607848725,false,2277,366,0.8683448607848725
2277,4547,0.8460104062393905,false,2277,4547,0.8460104062393905
2277,253650,0.8577427801478693,false,2277,253650,0.8577427801478693
2277,654499,0.8881323673155288,false,2277,654499,0.8881323673155288
2277,100996301,0.7870578442713125,false,2277,100996301,0.7870578442713125
2277,3627,0.7231788481208702,false,2277,3627,0.7231788481208702
3783,107984763,0.7203734342722385,false,3783,107984763,0.7203734342722385
3783,101929215,0.8199915549199496,false,3783,101929215,0.8199915549199496
3783,9582,0.8510543775145198,false,3783,9582,0.8510543775145198
3783,253582,0.7417014856893982,false,3783,253582,0.7417014856893982
3783,3664,0.8333393012064146,false,3783,3664,0.8333393012064146
3783,102723547,0.8606527793024106,false,3783,102723547,0.8606527793024106
5650,115019,0.7221863882386456,false,5650,115019,0.7221863882386456
5650,339256,0.8574820147168208,false,5650,339256,0.8574820147168208
5650,58,0.9172978771627979,false,5650,58,0.9172978771627979
5650,2019,0.9166717562567165,false,5650,2019,0.9166717562567165
5650,145873,0.8701811678287139,false,5650,145873,0.8701811678287139
5650,285987,0.9870503041989348,false,5650,285987,0.9870503041989348
5650,3502,0.9057329437948325,false,5650,3502,0.9057329437948325
5650,389336,0.9434404515098541,false,5650,389336,0.9434404515098541
5650,25818,0.959491862345852,false,5650,25818,0.959491862345852
5650,100506827,0.7777347987953964,false,5650,100506827,0.7777347987953964
5650,4004,0.9887630762603336,false,5650,4004,0.9887630762603336
5650,4973,0.8243290212121891,false,5650,4973,0.8243290212121891
5650,28946,0.7747532507807017,false,5650,28946,0.7747532507807017
5650,102724714,0.8083707963522377,false,5650,102724714,0.8083707963522377
5650,28809,0.9746088677339324,false,5650,28809,0.9746088677339324
5650,5653,0.9907400395098139,false,5650,5653,0.9907400395098139
105371737,101928202,0.8222373388627163,false,105371737,101928202,0.8222373388627163
105371737,1813,0.9592602337953818,false,105371737,1813,0.9592602337953818
5354,157570,0.816531395250715,false,5354,157570,0.816531395250715
5354,55872,0.7454034880930972,false,5354,55872,0.7454034880930972
5354,186,0.8813556580878209,false,5354,186,0.8813556580878209
5354,10643,0.700222346723644,false,5354,10643,0.700222346723644
6273,50614,0.7396078786914905,false,6273,50614,0.7396078786914905
6273,53820,0.8117597844506728,false,6273,53820,0.8117597844506728
6273,338667,0.9701735931923035,false,6273,338667,0.9701735931923035
6273,3754,0.7900777485065988,false,6273,3754,0.7900777485065988
6273,101927760,0.958665056253247,false,6273,101927760,0.958665056253247
6273,338797,0.9622850594570337,false,6273,338797,0.9622850594570337
729533,284266,0.7167554974027389,false,729533,284266,0.7167554974027389
729533,701,0.7782763628408313,false,729533,701,0.7782763628408313
995,29128,0.7088143500149676,false,995,29128,0.7088143500149676
995,4288,0.8578560061074191,false,995,4288,0.8578560061074191
995,158511,0.7564416663554748,false,995,158511,0.7564416663554748
995,9055,0.7567166561856143,false,995,9055,0.7567166561856143
995,332,0.883249191089422,false,995,332,0.883249191089422
995,157570,0.71318083941934,false,995,157570,0.71318083941934
995,56992,0.7744769628571687,false,995,56992,0.7744769628571687
995,55872,0.823504557367382,false,995,55872,0.823504557367382
995,6241,0.9048551596053487,false,995,6241,0.9048551596053487
995,83903,0.7369740397357655,false,995,83903,0.7369740397357655
995,24137,0.8274977832286582,false,995,24137,0.8274977832286582
995,112937,0.8078115261822766,false,995,112937,0.8078115261822766
995,9787,0.9017217069714404,false,995,9787,0.9017217069714404
995,9212,0.8222582586484205,false,995,9212,0.8222582586484205
995,1063,0.9211944946591533,false,995,1063,0.9211944946591533
995,113115,0.7870870819844156,false,995,113115,0.7870870819844156
995,128239,0.8056334042801349,false,995,128239,0.8056334042801349
995,1058,0.7184187768697432,false,995,1058,0.7184187768697432
995,3833,0.8520059913889678,false,995,3833,0.8520059913889678
995,64151,0.8066019261159013,false,995,64151,0.8066019261159013
995,221150,0.797993513381627,false,995,221150,0.797993513381627
995,100507118,0.8779096697979842,false,995,100507118,0.8779096697979842
107986606,7546,0.8559400091872996,false,107986606,7546,0.8559400091872996
107986606,81849,0.9085943243618082,false,107986606,81849,0.9085943243618082
107986606,107985492,0.9925234820081258,false,107986606,107985492,0.9925234820081258
107986606,112268037,0.80483238886701,false,107986606,112268037,0.80483238886701
107986606,6495,0.8444447227228082,false,107986606,6495,0.8444447227228082
107986606,3352,0.7362238141701124,false,107986606,3352,0.7362238141701124
107986606,79056,0.777537408460416,false,107986606,79056,0.777537408460416
107986606,10993,0.7111767675208159,false,107986606,10993,0.7111767675208159
107986606,54101,0.8492277599585436,false,107986606,54101,0.8492277599585436
107986606,143662,0.8465865669524709,false,107986606,143662,0.8465865669524709
107986606,23286,0.8959026173262179,false,107986606,23286,0.8959026173262179
107986606,340273,0.8572198066514922,false,107986606,340273,0.8572198066514922
107986606,101927355,0.9058161185912289,false,107986606,101927355,0.9058161185912289
107986606,366,0.7158175141234508,false,107986606,366,0.7158175141234508
107986606,4547,0.797355375477115,false,107986606,4547,0.797355375477115
107986606,253650,0.8865823690458283,false,107986606,253650,0.8865823690458283
107986606,654499,0.854470138083804,false,107986606,654499,0.854470138083804
107986606,100996301,0.9587506624688901,false,107986606,100996301,0.9587506624688901
50614,338667,0.778122951477853,false,50614,338667,0.778122951477853
50614,3754,0.8387832018106389,false,50614,3754,0.8387832018106389
50614,101927760,0.744218172796988,false,50614,101927760,0.744218172796988
50614,338797,0.8408646988780335,false,50614,338797,0.8408646988780335
115019,285987,0.7168591564810713,false,115019,285987,0.7168591564810713
115019,105377123,0.8727752609042692,false,115019,105377123,0.8727752609042692
115019,105374986,0.8404063720904903,false,115019,105374986,0.8404063720904903
115019,3502,0.7128985125307481,false,115019,3502,0.7128985125307481
115019,389336,0.8028553490255445,false,115019,389336,0.8028553490255445
115019,100506827,0.8798562460529061,false,115019,100506827,0.8798562460529061
115019,4004,0.7079433389779521,false,115019,4004,0.7079433389779521
115019,28809,0.7275679383426658,false,115019,28809,0.7275679383426658
115019,5653,0.7921716447633386,false,115019,5653,0.7921716447633386
29128,9055,0.7617959933629557,false,29128,9055,0.7617959933629557
29128,332,0.7996174525500971,false,29128,332,0.7996174525500971
29128,157570,0.7862155263084716,false,29128,157570,0.7862155263084716
29128,56992,0.7539943436242118,false,29128,56992,0.7539943436242118
29128,55247,0.7116611251015037,false,29128,55247,0.7116611251015037
29128,55872,0.8731059886612839,false,29128,55872,0.8731059886612839
29128,4751,0.761189068951646,false,29128,4751,0.761189068951646
29128,374393,0.7895561184249871,false,29128,374393,0.7895561184249871
29128,6241,0.8555164364272464,false,29128,6241,0.8555164364272464
29128,24137,0.8945224390826825,false,29128,24137,0.8945224390826825
29128,9787,0.8072401168900531,false,29128,9787,0.8072401168900531
29128,9212,0.7258246956913422,false,29128,9212,0.7258246956913422
29128,1063,0.746201088169853,false,29128,1063,0.746201088169853
29128,23397,0.7981291307102856,false,29128,23397,0.7981291307102856
29128,128239,0.7355453527852267,false,29128,128239,0.7355453527852267
29128,64151,0.8573363688817907,false,29128,64151,0.8573363688817907
29128,221150,0.8729410941966618,false,29128,221150,0.8729410941966618
29128,100507118,0.8483819342201602,false,29128,100507118,0.8483819342201602
6768,58,0.7239433063185963,false,6768,58,0.7239433063185963
6768,285987,0.7298812536421047,false,6768,285987,0.7298812536421047
6768,3502,0.8068343149796628,false,6768,3502,0.8068343149796628
6768,100506827,0.7098243519781372,false,6768,100506827,0.7098243519781372
6768,4004,0.7077649975685175,false,6768,4004,0.7077649975685175
6768,28946,0.7609459944400866,false,6768,28946,0.7609459944400866
6768,102724714,0.7117516067099369,false,6768,102724714,0.7117516067099369
6768,28809,0.7624083942332451,false,6768,28809,0.7624083942332451
6768,5653,0.7211343895065762,false,6768,5653,0.7211343895065762
374946,7477,0.7823678388003706,false,374946,7477,0.7823678388003706
374946,101928658,0.8080326260807275,false,374946,101928658,0.8080326260807275
374946,5798,0.8995363048497301,false,374946,5798,0.8995363048497301
374946,6664,0.9167908746704645,false,374946,6664,0.9167908746704645
374946,57167,0.815919413583829,false,374946,57167,0.815919413583829
4288,158511,0.7638740283509884,false,4288,158511,0.7638740283509884
4288,332,0.7870537572027998,false,4288,332,0.7870537572027998
4288,6241,0.8139320315028933,false,4288,6241,0.8139320315028933
4288,24137,0.7357015929185932,false,4288,24137,0.7357015929185932
4288,112937,0.9064005895074672,false,4288,112937,0.9064005895074672
4288,4605,0.7761266448919616,false,4288,4605,0.7761266448919616
4288,9787,0.8828163794735222,false,4288,9787,0.8828163794735222
4288,9212,0.9305649295774615,false,4288,9212,0.9305649295774615
4288,1063,0.8132797872303601,false,4288,1063,0.8132797872303601
4288,113115,0.7277163405492563,false,4288,113115,0.7277163405492563
4288,128239,0.9380313214928536,false,4288,128239,0.9380313214928536
4288,105371664,0.7630766383391122,false,4288,105371664,0.7630766383391122
4288,3833,0.871428157086324,false,4288,3833,0.871428157086324
4288,64151,0.7660617328107069,false,4288,64151,0.7660617328107069
4288,221150,0.7608551725394521,false,4288,221150,0.7608551725394521
4288,100507118,0.7006615041433638,false,4288,100507118,0.7006615041433638
4288,10615,0.8918209194054756,false,4288,10615,0.8918209194054756
158511,56992,0.7286531020892902,false,158511,56992,0.7286531020892902
158511,6241,0.7195840627114387,false,158511,6241,0.7195840627114387
158511,253582,0.700121954661563,false,158511,253582,0.700121954661563
158511,112937,0.8799721774546864,false,158511,112937,0.8799721774546864
158511,9787,0.7634691233696381,false,158511,9787,0.7634691233696381
158511,3664,0.706516395479031,false,158511,3664,0.706516395479031
158511,9212,0.8067774211428358,false,158511,9212,0.8067774211428358
158511,113115,0.821147302106203,false,158511,113115,0.821147302106203
158511,128239,0.7680261958515071,false,158511,128239,0.7680261958515071
158511,105371664,0.7616667030230357,false,158511,105371664,0.7616667030230357
158511,1058,0.7192500045386415,false,158511,1058,0.7192500045386415
158511,3833,0.8588050329798615,false,158511,3833,0.8588050329798615
158511,221150,0.760765637107124,false,158511,221150,0.760765637107124
158511,102723547,0.7839154331222034,false,158511,102723547,0.7839154331222034
7546,81849,0.8833548712600762,false,7546,81849,0.8833548712600762
7546,107985492,0.9126515600934108,false,7546,107985492,0.9126515600934108
7546,3135,0.7939980668331873,false,7546,3135,0.7939980668331873
7546,112268037,0.856861474899845,false,7546,112268037,0.856861474899845
7546,6495,0.992852228403425,false,7546,6495,0.992852228403425
7546,3352,0.8934987070709765,false,7546,3352,0.8934987070709765
7546,79056,0.9270737274520208,false,7546,79056,0.9270737274520208
7546,54101,0.9984314912119837,false,7546,54101,0.9984314912119837
7546,143662,0.9957866466097205,false,7546,143662,0.9957866466097205
7546,23286,0.9816227554354391,false,7546,23286,0.9816227554354391
7546,245972,0.8224213610909126,false,7546,245972,0.8224213610909126
7546,340273,0.9999883523341655,false,7546,340273,0.9999883523341655
7546,101927355,0.9649211462903321,false,7546,101927355,0.9649211462903321
7546,366,0.903252527982633,false,7546,366,0.903252527982633
7546,4547,0.953257726371483,false,7546,4547,0.953257726371483
7546,253650,0.905949383377766,false,7546,253650,0.905949383377766
7546,654499,0.999827562426185,false,7546,654499,0.999827562426185
7546,100996301,0.9273856605122776,false,7546,100996301,0.9273856605122776
81849,107985492,0.9267401487236212,false,81849,107985492,0.9267401487236212
81849,3135,0.7547441275054697,false,81849,3135,0.7547441275054697
81849,112268037,0.8648287033036683,false,81849,112268037,0.8648287033036683
81849,6495,0.8604490311784546,false,81849,6495,0.8604490311784546
81849,3352,0.8161069041351036,false,81849,3352,0.8161069041351036
81849,79056,0.7715415791874304,false,81849,79056,0.7715415791874304
81849,50852,0.7338592911090015,false,81849,50852,0.7338592911090015
81849,54101,0.884178261001826,false,81849,54101,0.884178261001826
81849,143662,0.8739147687826939,false,81849,143662,0.8739147687826939
81849,23286,0.8976952415036055,false,81849,23286,0.8976952415036055
81849,245972,0.8031394288246884,false,81849,245972,0.8031394288246884
81849,11001,0.7445298006282041,false,81849,11001,0.7445298006282041
81849,340273,0.8841643789135841,false,81849,340273,0.8841643789135841
81849,101927355,0.9335534133598089,false,81849,101927355,0.9335534133598089
81849,366,0.7626178862350241,false,81849,366,0.7626178862350241
81849,4547,0.8352433124807502,false,81849,4547,0.8352433124807502
81849,253650,0.9035608871678398,false,81849,253650,0.9035608871678398
81849,654499,0.8834196207432568,false,81849,654499,0.8834196207432568
81849,100996301,0.961061363460459,false,81849,100996301,0.961061363460459
81849,3627,0.7475889353917692,false,81849,3627,0.7475889353917692
9055,157570,0.8601574310566991,false,9055,157570,0.8601574310566991
9055,56992,0.7440061037380097,false,9055,56992,0.7440061037380097
9055,55247,0.7598179498604184,false,9055,55247,0.7598179498604184
9055,55872,0.8787494640277133,false,9055,55872,0.8787494640277133
9055,4751,0.850283081343838,false,9055,4751,0.850283081343838
9055,6241,0.7875867064123124,false,9055,6241,0.7875867064123124
9055,83903,0.8505451267217011,false,9055,83903,0.8505451267217011
9055,9787,0.7897141273619929,false,9055,9787,0.7897141273619929
9055,1063,0.7493735875748951,false,9055,1063,0.7493735875748951
9055,1058,0.7732423099267091,false,9055,1058,0.7732423099267091
9055,221150,0.7520878796773327,false,9055,221150,0.7520878796773327
9055,100507118,0.9005848697622176,false,9055,100507118,0.9005848697622176
53820,338667,0.8375979903308068,false,53820,338667,0.8375979903308068
53820,101927760,0.8812603251990122,false,53820,101927760,0.8812603251990122
53820,338797,0.7305642625045943,false,53820,338797,0.7305642625045943
53820,23566,0.7895637129325168,false,53820,23566,0.7895637129325168
7477,79191,0.9081881752844722,false,7477,79191,0.9081881752844722
7477,101928658,0.7324717939181886,false,7477,101928658,0.7324717939181886
7477,10993,0.7819599633722996,false,7477,10993,0.7819599633722996
7477,5798,0.8258125031258,false,7477,5798,0.8258125031258
7477,6664,0.7065229013536763,false,7477,6664,0.7065229013536763
7477,105378305,0.7863272166701927,false,7477,105378305,0.7863272166701927
7477,107984129,0.7564671230472035,false,7477,107984129,0.7564671230472035
7477,57167,0.9449824393930902,false,7477,57167,0.9449824393930902
7477,168002,0.8707079822559305,false,7477,168002,0.8707079822559305
107985492,112268037,0.8384645561872665,false,107985492,112268037,0.8384645561872665
107985492,6495,0.9018775387258202,false,107985492,6495,0.9018775387258202
107985492,3352,0.7928788242808289,false,107985492,3352,0.7928788242808289
107985492,79056,0.8334617361178963,false,107985492,79056,0.8334617361178963
107985492,10993,0.7196835582835064,false,107985492,10993,0.7196835582835064
107985492,54101,0.9069754084075456,false,107985492,54101,0.9069754084075456
107985492,143662,0.9042632869524732,false,107985492,143662,0.9042632869524732
107985492,23286,0.9399033863103265,false,107985492,23286,0.9399033863103265
107985492,245972,0.7144336316469576,false,107985492,245972,0.7144336316469576
107985492,340273,0.9136604672398061,false,107985492,340273,0.9136604672398061
107985492,101927355,0.9437974700085936,false,107985492,101927355,0.9437974700085936
107985492,366,0.7790503728260215,false,107985492,366,0.7790503728260215
107985492,4547,0.8553081213854405,false,107985492,4547,0.8553081213854405
107985492,253650,0.9146734576380803,false,107985492,253650,0.9146734576380803
107985492,654499,0.9114489505083917,false,107985492,654499,0.9114489505083917
107985492,100996301,0.9767811368993282,false,107985492,100996301,0.9767811368993282
332,157570,0.7307055438636513,false,332,157570,0.7307055438636513
332,56992,0.8319691731527007,false,332,56992,0.8319691731527007
332,55872,0.8260166114536365,false,332,55872,0.8260166114536365
332,6241,0.9380530346895656,false,332,6241,0.9380530346895656
332,10460,0.700017461285452,false,332,10460,0.700017461285452
332,24137,0.9008572542690928,false,332,24137,0.9008572542690928
332,4605,0.7532002248383707,false,332,4605,0.7532002248383707
332,9787,0.903483026459351,false,332,9787,0.903483026459351
332,9212,0.8127617714391564,false,332,9212,0.8127617714391564
332,1063,0.9005426715563137,false,332,1063,0.9005426715563137
332,128239,0.7600686425713321,false,332,128239,0.7600686425713321
332,1058,0.7307962496431759,false,332,1058,0.7307962496431759
332,3833,0.7004257009754231,false,332,3833,0.7004257009754231
332,64151,0.9120492629009682,false,332,64151,0.9120492629009682
332,221150,0.8046293327158367,false,332,221150,0.8046293327158367
332,100507118,0.8283965841426556,false,332,100507118,0.8283965841426556
332,10615,0.759120761721428,false,332,10615,0.759120761721428
4283,594855,0.8264528060340128,false,4283,594855,0.8264528060340128
4283,5865,0.9074898948343132,false,4283,5865,0.9074898948343132
4283,3580,0.9548712749927027,false,4283,3580,0.9548712749927027
4283,864,0.712609421659727,false,4283,864,0.712609421659727
4283,116173,0.7722376330457258,false,4283,116173,0.7722376330457258
4283,101927686,0.9622696326413065,false,4283,101927686,0.9622696326413065
4283,152225,0.7037294548801285,false,4283,152225,0.7037294548801285
4283,3512,0.7981725292653277,false,4283,3512,0.7981725292653277
4283,6716,0.8713425093917847,false,4283,6716,0.8713425093917847
4283,219527,0.8605628212259427,false,4283,219527,0.8605628212259427
3053,5798,0.7544420608135592,false,3053,5798,0.7544420608135592
3053,113730,0.766082477191622,false,3053,113730,0.766082477191622
338667,3754,0.8555106599024351,false,338667,3754,0.8555106599024351
338667,101927760,0.985107434997156,false,338667,101927760,0.985107434997156
338667,338797,0.9510165722649667,false,338667,338797,0.9510165722649667
339256,58,0.7676632956606553,false,339256,58,0.7676632956606553
339256,2019,0.8795264197095528,false,339256,2019,0.8795264197095528
339256,145873,0.7181092074973622,false,339256,145873,0.7181092074973622
339256,285987,0.8705006607578684,false,339256,285987,0.8705006607578684
339256,3502,0.7472392337334471,false,339256,3502,0.7472392337334471
339256,389336,0.7732353543001266,false,339256,389336,0.7732353543001266
339256,25818,0.8340947879682308,false,339256,25818,0.8340947879682308
339256,4004,0.8864875739500264,false,339256,4004,0.8864875739500264
339256,4973,0.781502086075561,false,339256,4973,0.781502086075561
339256,102724714,0.7502982209577269,false,339256,102724714,0.7502982209577269
339256,28809,0.8509337375497129,false,339256,28809,0.8509337375497129
339256,5653,0.8557169391269073,false,339256,5653,0.8557169391269073
58,2019,0.8345121607306889,false,58,2019,0.8345121607306889
58,145873,0.915155975911762,false,58,145873,0.915155975911762
58,285987,0.9446163194862675,false,58,285987,0.9446163194862675
58,3502,0.8900891224810514,false,58,3502,0.8900891224810514
58,389336,0.8483199229495015,false,58,389336,0.8483199229495015
58,25818,0.8803632103944911,false,58,25818,0.8803632103944911
58,100506827,0.7242541173956871,false,58,100506827,0.7242541173956871
58,4004,0.9315647783974818,false,58,4004,0.9315647783974818
58,4973,0.7477170216421706,false,58,4973,0.7477170216421706
58,28946,0.7297617091372809,false,58,28946,0.7297617091372809
58,102724714,0.8928502200309512,false,58,102724714,0.8928502200309512
58,28809,0.9323862329068672,false,58,28809,0.9323862329068672
58,5653,0.9126932753377575,false,58,5653,0.9126932753377575
3754,101927760,0.8157318429668081,false,3754,101927760,0.8157318429668081
3754,338797,0.8143703886865591,false,3754,338797,0.8143703886865591
107984763,102723547,0.7352327130734438,false,107984763,102723547,0.7352327130734438
107984763,23566,0.8951729025311209,false,107984763,23566,0.8951729025311209
105369685,8424,0.8637581167723333,false,105369685,8424,0.8637581167723333
5008,85479,0.7726813433514241,false,5008,85479,0.7726813433514241
5008,3856,0.841894526417937,false,5008,3856,0.841894526417937
5008,113218482,0.8442277192685944,false,5008,113218482,0.8442277192685944
5008,8538,0.7793364457434429,false,5008,8538,0.7793364457434429
5008,284240,0.7402770993314629,false,5008,284240,0.7402770993314629
157570,55247,0.7185828200672381,false,157570,55247,0.7185828200672381
157570,55872,0.9247873898863992,false,157570,55872,0.9247873898863992
157570,186,0.726207515617562,false,157570,186,0.726207515617562
157570,4751,0.8761662729020878,false,157570,4751,0.8761662729020878
157570,6241,0.7672419419417912,false,157570,6241,0.7672419419417912
157570,83903,0.7788786919180761,false,157570,83903,0.7788786919180761
157570,24137,0.7545214414731541,false,157570,24137,0.7545214414731541
157570,9787,0.7229026587516229,false,157570,9787,0.7229026587516229
157570,1063,0.7507684173675153,false,157570,1063,0.7507684173675153
157570,100507118,0.7727823042679534,false,157570,100507118,0.7727823042679534
3604,103695435,0.7045454376228524,false,3604,103695435,0.7045454376228524
3604,5100,0.9230041016975297,false,3604,5100,0.9230041016975297
3604,23532,0.8110942003111278,false,3604,23532,0.8110942003111278
56992,55247,0.8412215665396068,false,56992,55247,0.8412215665396068
56992,55872,0.7764826827953919,false,56992,55872,0.7764826827953919
56992,4751,0.7065063847883846,false,56992,4751,0.7065063847883846
56992,6241,0.89511205614914,false,56992,6241,0.89511205614914
56992,83903,0.7575348140322823,false,56992,83903,0.7575348140322823
56992,24137,0.8664154802623273,false,56992,24137,0.8664154802623273
56992,9787,0.8302857994576955,false,56992,9787,0.8302857994576955
56992,9212,0.7458212838480954,false,56992,9212,0.7458212838480954
56992,1063,0.7444309674395713,false,56992,1063,0.7444309674395713
56992,23397,0.746639444798186,false,56992,23397,0.746639444798186
56992,128239,0.7178280581160109,false,56992,128239,0.7178280581160109
56992,1058,0.749853464899759,false,56992,1058,0.749853464899759
56992,64151,0.7919435752139838,false,56992,64151,0.7919435752139838
56992,221150,0.8553417925069063,false,56992,221150,0.8553417925069063
56992,100507118,0.8287088819620109,false,56992,100507118,0.8287088819620109
2019,145873,0.8449058182226804,false,2019,145873,0.8449058182226804
2019,285987,0.9214562711020371,false,2019,285987,0.9214562711020371
2019,3502,0.8351887671136282,false,2019,3502,0.8351887671136282
2019,389336,0.8753973105804028,false,2019,389336,0.8753973105804028
2019,25818,0.8583793642593388,false,2019,25818,0.8583793642593388
2019,4004,0.9218698421151253,false,2019,4004,0.9218698421151253
2019,4973,0.736034203989578,false,2019,4973,0.736034203989578
2019,28946,0.7176698183000928,false,2019,28946,0.7176698183000928
2019,102724714,0.701543665963724,false,2019,102724714,0.701543665963724
2019,28809,0.9093907833610675,false,2019,28809,0.9093907833610675
2019,5653,0.9064437924615873,false,2019,5653,0.9064437924615873
3135,112268037,0.7803261483173839,false,3135,112268037,0.7803261483173839
3135,6495,0.7879413010109559,false,3135,6495,0.7879413010109559
3135,3352,0.7677998139909415,false,3135,3352,0.7677998139909415
3135,79056,0.8751613183950553,false,3135,79056,0.8751613183950553
3135,50852,0.8636747942195157,false,3135,50852,0.8636747942195157
3135,54101,0.7952860198709802,false,3135,54101,0.7952860198709802
3135,143662,0.7990558654363527,false,3135,143662,0.7990558654363527
3135,23286,0.7344828399721801,false,3135,23286,0.7344828399721801
3135,340273,0.793592700614627,false,3135,340273,0.793592700614627
3135,101927355,0.7865115534027044,false,3135,101927355,0.7865115534027044
3135,4547,0.77498931637492,false,3135,4547,0.77498931637492
3135,253650,0.7383135755750789,false,3135,253650,0.7383135755750789
3135,654499,0.7939143566687386,false,3135,654499,0.7939143566687386
3135,100996301,0.7533359891475278,false,3135,100996301,0.7533359891475278
594855,5865,0.8655520036991596,false,594855,5865,0.8655520036991596
594855,3580,0.8915455565862792,false,594855,3580,0.8915455565862792
594855,116173,0.8550336333468338,false,594855,116173,0.8550336333468338
594855,101927686,0.7520623796124157,false,594855,101927686,0.7520623796124157
594855,105370953,0.7081716878229499,false,594855,105370953,0.7081716878229499
594855,364,0.8276539146801931,false,594855,364,0.8276539146801931
594855,3512,0.7892656612740474,false,594855,3512,0.7892656612740474
594855,6716,0.8674186783355777,false,594855,6716,0.8674186783355777
594855,219527,0.7855378270169165,false,594855,219527,0.7855378270169165
55247,55872,0.7962071258777705,false,55247,55872,0.7962071258777705
55247,4751,0.9056402612564484,false,55247,4751,0.9056402612564484
55247,6241,0.7396269389126965,false,55247,6241,0.7396269389126965
55247,83903,0.7799790780801006,false,55247,83903,0.7799790780801006
55247,24137,0.74022902827027,false,55247,24137,0.74022902827027
55247,23397,0.8125147608277081,false,55247,23397,0.8125147608277081
55247,1058,0.7035652133770297,false,55247,1058,0.7035652133770297
55247,100507118,0.7144928403807463,false,55247,100507118,0.7144928403807463
5865,3580,0.9785661544784852,false,5865,3580,0.9785661544784852
5865,116173,0.8808357028870231,false,5865,116173,0.8808357028870231
5865,101927686,0.879696376673448,false,5865,101927686,0.879696376673448
5865,3512,0.8148808422680311,false,5865,3512,0.8148808422680311
5865,6716,0.9611030602011836,false,5865,6716,0.9611030602011836
5865,219527,0.934833431589057,false,5865,219527,0.934833431589057
85479,284240,0.7123684907811161,false,85479,284240,0.7123684907811161
112268037,6495,0.8459074845126942,false,112268037,6495,0.8459074845126942
112268037,79056,0.7978569159516143,false,112268037,79056,0.7978569159516143
112268037,10993,0.7679091814849501,false,112268037,10993,0.7679091814849501
112268037,50852,0.7305376873196268,false,112268037,50852,0.7305376873196268
112268037,54101,0.8458480609470513,false,112268037,54101,0.8458480609470513
112268037,143662,0.8558839811447251,false,112268037,143662,0.8558839811447251
112268037,23286,0.8396339654420578,false,112268037,23286,0.8396339654420578
112268037,245972,0.7178541875433673,false,112268037,245972,0.7178541875433673
112268037,340273,0.8581365963337414,false,112268037,340273,0.8581365963337414
112268037,101927355,0.8894109410787141,false,112268037,101927355,0.8894109410787141
112268037,366,0.7730502859543645,false,112268037,366,0.7730502859543645
112268037,4547,0.8285672652966728,false,112268037,4547,0.8285672652966728
112268037,253650,0.9279279203829078,false,112268037,253650,0.9279279203829078
112268037,654499,0.8618258647552789,false,112268037,654499,0.8618258647552789
112268037,100996301,0.8189382254718977,false,112268037,100996301,0.8189382254718977
145873,285987,0.8856067852953232,false,145873,285987,0.8856067852953232
145873,3502,0.8356011669721194,false,145873,3502,0.8356011669721194
145873,389336,0.797948224314079,false,145873,389336,0.797948224314079
145873,25818,0.798518908953518,false,145873,25818,0.798518908953518
145873,100506827,0.7650406387813491,false,145873,100506827,0.7650406387813491
145873,4004,0.8758382046171047,false,145873,4004,0.8758382046171047
145873,102724714,0.8012412516903973,false,145873,102724714,0.8012412516903973
145873,28809,0.8764798037003911,false,145873,28809,0.8764798037003911
145873,5653,0.8639819155341684,false,145873,5653,0.8639819155341684
641,23397,0.7190742044752876,false,641,23397,0.7190742044752876
641,64151,0.7426092120267676,false,641,64151,0.7426092120267676
55872,186,0.7233302717054695,false,55872,186,0.7233302717054695
55872,4751,0.8804349294693973,false,55872,4751,0.8804349294693973
55872,374393,0.7359181228140677,false,55872,374393,0.7359181228140677
55872,6241,0.8966779101600282,false,55872,6241,0.8966779101600282
55872,83903,0.7753680437807121,false,55872,83903,0.7753680437807121
55872,24137,0.8761245455977618,false,55872,24137,0.8761245455977618
55872,9787,0.8290340116108996,false,55872,9787,0.8290340116108996
55872,1063,0.8833128407805898,false,55872,1063,0.8833128407805898
55872,23397,0.7429338776282685,false,55872,23397,0.7429338776282685
55872,113115,0.7103679081519729,false,55872,113115,0.7103679081519729
55872,1058,0.7627717216888014,false,55872,1058,0.7627717216888014
55872,3833,0.7723978128653126,false,55872,3833,0.7723978128653126
55872,64151,0.7677142149870214,false,55872,64151,0.7677142149870214
55872,221150,0.8546062837333458,false,55872,221150,0.8546062837333458
55872,100507118,0.8931672239231796,false,55872,100507118,0.8931672239231796
3580,116173,0.8793319324137999,false,3580,116173,0.8793319324137999
3580,101927686,0.937601256658411,false,3580,101927686,0.937601256658411
3580,3512,0.824381180192244,false,3580,3512,0.824381180192244
3580,6716,0.9622642605531436,false,3580,6716,0.9622642605531436
3580,219527,0.8992157842462786,false,3580,219527,0.8992157842462786
186,10643,0.7176315622976442,false,186,10643,0.7176315622976442
103695435,5100,0.7740916529130448,false,103695435,5100,0.7740916529130448
103695435,7681,0.9125302227836875,false,103695435,7681,0.9125302227836875
103695435,100506655,0.9012439135376562,false,103695435,100506655,0.9012439135376562
103695435,105376042,0.9055407402576012,false,103695435,105376042,0.9055407402576012
103695435,23532,0.8691366135753107,false,103695435,23532,0.8691366135753107
103695435,101060400,0.9055407402576012,false,103695435,101060400,0.9055407402576012
103695435,9355,0.7792106785080406,false,103695435,9355,0.7792106785080406
4751,6241,0.7262062885383629,false,4751,6241,0.7262062885383629
4751,83903,0.764174659320533,false,4751,83903,0.764174659320533
4751,24137,0.7267597522551261,false,4751,24137,0.7267597522551261
4751,23397,0.7059887238190555,false,4751,23397,0.7059887238190555
4751,1058,0.7018854491031021,false,4751,1058,0.7018854491031021
4751,100507118,0.7680739813187631,false,4751,100507118,0.7680739813187631
3856,113218482,0.9880998049743415,false,3856,113218482,0.9880998049743415
3856,105377123,0.7262939031297694,false,3856,105377123,0.7262939031297694
3856,8538,0.746010654072883,false,3856,8538,0.746010654072883
3856,100506827,0.7108264510743382,false,3856,100506827,0.7108264510743382
3856,284240,0.7777802446593046,false,3856,284240,0.7777802446593046
3856,364,0.7790839715525671,false,3856,364,0.7790839715525671
101929215,9582,0.794902663408802,false,101929215,9582,0.794902663408802
101929215,112937,0.7200968374266953,false,101929215,112937,0.7200968374266953
101929215,3664,0.7867167231041213,false,101929215,3664,0.7867167231041213
101929215,113115,0.7194579291225901,false,101929215,113115,0.7194579291225901
101929215,102723547,0.7663336738771444,false,101929215,102723547,0.7663336738771444
374393,221150,0.7072834217523485,false,374393,221150,0.7072834217523485
6241,83903,0.7410827540599116,false,6241,83903,0.7410827540599116
6241,24137,0.9259169261274522,false,6241,24137,0.9259169261274522
6241,112937,0.7503221116472945,false,6241,112937,0.7503221116472945
6241,9787,0.9488953734450096,false,6241,9787,0.9488953734450096
6241,9212,0.853832744385166,false,6241,9212,0.853832744385166
6241,1063,0.9094043557528545,false,6241,1063,0.9094043557528545
6241,23397,0.7696576522150247,false,6241,23397,0.7696576522150247
6241,113115,0.7752579671407969,false,6241,113115,0.7752579671407969
6241,128239,0.8381289968698445,false,6241,128239,0.8381289968698445
6241,105371664,0.7419038405991364,false,6241,105371664,0.7419038405991364
6241,1058,0.8286500747330007,false,6241,1058,0.8286500747330007
6241,3833,0.8097040815876246,false,6241,3833,0.8097040815876246
6241,64151,0.9107591844243651,false,6241,64151,0.9107591844243651
6241,221150,0.8981582643108735,false,6241,221150,0.8981582643108735
6241,100507118,0.8885246568388485,false,6241,100507118,0.8885246568388485
6241,10615,0.7097051467617403,false,6241,10615,0.7097051467617403
864,4257,0.7510503836466694,false,864,4257,0.7510503836466694
864,3502,0.739513081784397,false,864,3502,0.739513081784397
864,28755,0.8063302078398059,false,864,28755,0.8063302078398059
864,245972,0.7180142117851694,false,864,245972,0.7180142117851694
864,28946,0.8106629298653154,false,864,28946,0.8106629298653154
864,3512,0.7932921352566628,false,864,3512,0.7932921352566628
285987,3502,0.9311690254663587,false,285987,3502,0.9311690254663587
285987,389336,0.9110832735157677,false,285987,389336,0.9110832735157677
285987,25818,0.9467922824005557,false,285987,25818,0.9467922824005557
285987,100506827,0.8077711999525558,false,285987,100506827,0.8077711999525558
285987,4004,0.9961666896542523,false,285987,4004,0.9961666896542523
285987,4973,0.8219601061553558,false,285987,4973,0.8219601061553558
285987,28946,0.8117139710520598,false,285987,28946,0.8117139710520598
285987,102724714,0.8287246327957494,false,285987,102724714,0.8287246327957494
285987,28809,0.9932179919624718,false,285987,28809,0.9932179919624718
285987,5653,0.9872263403807718,false,285987,5653,0.9872263403807718
6332,7681,0.7856206311497316,false,6332,7681,0.7856206311497316
6332,100506655,0.7435164961661759,false,6332,100506655,0.7435164961661759
6332,105376042,0.7897423806673789,false,6332,105376042,0.7897423806673789
6332,122042,0.7383452798748299,false,6332,122042,0.7383452798748299
6332,101060400,0.7897423806673788,false,6332,101060400,0.7897423806673788
6332,9355,0.8687633905927765,false,6332,9355,0.8687633905927765
79191,5798,0.7309737529228664,false,79191,5798,0.7309737529228664
79191,105378305,0.8527395932273969,false,79191,105378305,0.8527395932273969
79191,107984129,0.8476478468773246,false,79191,107984129,0.8476478468773246
79191,105371275,0.8198723775610699,false,79191,105371275,0.8198723775610699
79191,57167,0.7721635994009798,false,79191,57167,0.7721635994009798
79191,168002,0.9445528795294804,false,79191,168002,0.9445528795294804
10460,4605,0.7508059838740031,false,10460,4605,0.7508059838740031
10460,10615,0.7078738137807946,false,10460,10615,0.7078738137807946
3620,27299,0.7653543621905526,false,3620,27299,0.7653543621905526
3620,100506655,0.7259804723189989,false,3620,100506655,0.7259804723189989
6495,3352,0.8768063620209106,false,6495,3352,0.8768063620209106
6495,79056,0.9158083153619236,false,6495,79056,0.9158083153619236
6495,54101,0.9895555958685897,false,6495,54101,0.9895555958685897
6495,143662,0.9867238304317613,false,6495,143662,0.9867238304317613
6495,23286,0.9662099424700059,false,6495,23286,0.9662099424700059
6495,245972,0.8050945548436648,false,6495,245972,0.8050945548436648
6495,340273,0.9928031974750918,false,6495,340273,0.9928031974750918
6495,161291,0.7309909265958625,false,6495,161291,0.7309909265958625
6495,101927355,0.9674474052720317,false,6495,101927355,0.9674474052720317
6495,366,0.8937637009731388,false,6495,366,0.8937637009731388
6495,4547,0.9742421723110204,false,6495,4547,0.9742421723110204
6495,253650,0.8870903133555431,false,6495,253650,0.8870903133555431
6495,654499,0.9924351651585582,false,6495,654499,0.9924351651585582
6495,100996301,0.9132455519995041,false,6495,100996301,0.9132455519995041
79674,3502,0.7449946652611955,false,79674,3502,0.7449946652611955
79674,389336,0.7023403576768557,false,79674,389336,0.7023403576768557
79674,28946,0.7642209338299236,false,79674,28946,0.7642209338299236
79674,3512,0.7005923355291137,false,79674,3512,0.7005923355291137
79674,113730,0.8159965063808077,false,79674,113730,0.8159965063808077
113218482,8538,0.7250046223295036,false,113218482,8538,0.7250046223295036
113218482,284240,0.7932671955051593,false,113218482,284240,0.7932671955051593
113218482,364,0.8287088244260367,false,113218482,364,0.8287088244260367
9582,253582,0.7345811318035701,false,9582,253582,0.7345811318035701
9582,3664,0.8341654939248987,false,9582,3664,0.8341654939248987
9582,128239,0.715904489817923,false,9582,128239,0.715904489817923
9582,102723547,0.8062574380868841,false,9582,102723547,0.8062574380868841
3352,79056,0.8104650183409736,false,3352,79056,0.8104650183409736
3352,4257,0.837104669771061,false,3352,4257,0.837104669771061
3352,54101,0.8998974212843783,false,3352,54101,0.8998974212843783
3352,143662,0.8823679434237366,false,3352,143662,0.8823679434237366
3352,23286,0.8567722534684762,false,3352,23286,0.8567722534684762
3352,245972,0.7815891983637481,false,3352,245972,0.7815891983637481
3352,340273,0.8928474030742934,false,3352,340273,0.8928474030742934
3352,101927355,0.8634452972742978,false,3352,101927355,0.8634452972742978
3352,152225,0.7425955022349425,false,3352,152225,0.7425955022349425
3352,366,0.8668822401313777,false,3352,366,0.8668822401313777
3352,4547,0.8347005515063343,false,3352,4547,0.8347005515063343
3352,253650,0.7650834507226336,false,3352,253650,0.7650834507226336
3352,654499,0.8916498457781132,false,3352,654499,0.8916498457781132
3352,100996301,0.8669712775661872,false,3352,100996301,0.8669712775661872
3352,3627,0.7460313728446354,false,3352,3627,0.7460313728446354
116173,101927686,0.7567891052520527,false,116173,101927686,0.7567891052520527
116173,3512,0.7067154132105908,false,116173,3512,0.7067154132105908
116173,6716,0.9035141543397265,false,116173,6716,0.9035141543397265
116173,219527,0.8986495162952686,false,116173,219527,0.8986495162952686
5100,7681,0.7773128553773418,false,5100,7681,0.7773128553773418
5100,100506655,0.7326528960869698,false,5100,100506655,0.7326528960869698
5100,105376042,0.7664367014269442,false,5100,105376042,0.7664367014269442
5100,122042,0.8152809298435973,false,5100,122042,0.8152809298435973
5100,23532,0.8490606120986942,false,5100,23532,0.8490606120986942
5100,101060400,0.7664367014269442,false,5100,101060400,0.7664367014269442
79056,50852,0.7189184265259658,false,79056,50852,0.7189184265259658
79056,54101,0.9212091729713352,false,79056,54101,0.9212091729713352
79056,143662,0.927053695169919,false,79056,143662,0.927053695169919
79056,23286,0.9127418477973471,false,79056,23286,0.9127418477973471
79056,245972,0.703553393302215,false,79056,245972,0.703553393302215
79056,340273,0.9264460917028502,false,79056,340273,0.9264460917028502
79056,101927355,0.8669818378698423,false,79056,101927355,0.8669818378698423
79056,366,0.7669524311807943,false,79056,366,0.7669524311807943
79056,4547,0.8553841873896562,false,79056,4547,0.8553841873896562
79056,253650,0.8030292922164713,false,79056,253650,0.8030292922164713
79056,654499,0.9246369914205164,false,79056,654499,0.9246369914205164
79056,100996301,0.8362400577896452,false,79056,100996301,0.8362400577896452
101928658,5798,0.8024930136023367,false,101928658,5798,0.8024930136023367
101928658,6664,0.8313116632781183,false,101928658,6664,0.8313116632781183
101928658,57167,0.7696957303253352,false,101928658,57167,0.7696957303253352
101928658,107986951,0.7457581036522128,false,101928658,107986951,0.7457581036522128
101928658,168002,0.7600211365126721,false,101928658,168002,0.7600211365126721
101928202,1813,0.8725468693452387,false,101928202,1813,0.8725468693452387
10993,101927355,0.7002928941299672,false,10993,101927355,0.7002928941299672
10993,57167,0.798706777134333,false,10993,57167,0.798706777134333
10993,253650,0.8620317509114175,false,10993,253650,0.8620317509114175
105377123,105374986,0.8634467388732333,false,105377123,105374986,0.8634467388732333
105377123,100506827,0.9104818249800912,false,105377123,100506827,0.9104818249800912
105377123,5653,0.7086979727161199,false,105377123,5653,0.7086979727161199
105374986,100506827,0.7462595604986825,false,105374986,100506827,0.7462595604986825
83903,9787,0.7170887833363312,false,83903,9787,0.7170887833363312
83903,1063,0.7266636235441553,false,83903,1063,0.7266636235441553
83903,1058,0.720783006305958,false,83903,1058,0.720783006305958
83903,100507118,0.7060618414110489,false,83903,100507118,0.7060618414110489
50852,143662,0.710255786604637,false,50852,143662,0.710255786604637
50852,11001,0.759152664396262,false,50852,11001,0.759152664396262
50852,253650,0.7133229322972391,false,50852,253650,0.7133229322972391
50852,3627,0.712867436298101,false,50852,3627,0.712867436298101
253582,112937,0.8059373231951509,false,253582,112937,0.8059373231951509
253582,128239,0.7001120938671038,false,253582,128239,0.7001120938671038
253582,105371664,0.8541131626000396,false,253582,105371664,0.8541131626000396
253582,102723547,0.7292613546644577,false,253582,102723547,0.7292613546644577
24137,112937,0.7055234833349495,false,24137,112937,0.7055234833349495
24137,9787,0.8762862169708652,false,24137,9787,0.8762862169708652
24137,9212,0.8576110011073625,false,24137,9212,0.8576110011073625
24137,1063,0.8689147642785715,false,24137,1063,0.8689147642785715
24137,23397,0.7976227007722655,false,24137,23397,0.7976227007722655
24137,128239,0.8053640355545528,false,24137,128239,0.8053640355545528
24137,1058,0.7479352830492777,false,24137,1058,0.7479352830492777
24137,3833,0.7629088545366018,false,24137,3833,0.7629088545366018
24137,64151,0.9088444387985433,false,24137,64151,0.9088444387985433
24137,221150,0.8919111192529258,false,24137,221150,0.8919111192529258
24137,100507118,0.8510294032050069,false,24137,100507118,0.8510294032050069
112937,9787,0.8028502992931777,false,112937,9787,0.8028502992931777
112937,3664,0.7019677928636056,false,112937,3664,0.7019677928636056
112937,9212,0.8524016135672333,false,112937,9212,0.8524016135672333
112937,113115,0.8389013352338952,false,112937,113115,0.8389013352338952
112937,128239,0.9271129249620099,false,112937,128239,0.9271129249620099
112937,105371664,0.8593550139660265,false,112937,105371664,0.8593550139660265
112937,3833,0.8342300638621971,false,112937,3833,0.8342300638621971
112937,64151,0.7007388142477794,false,112937,64151,0.7007388142477794
112937,221150,0.7773389306102068,false,112937,221150,0.7773389306102068
112937,102723547,0.7459365590497177,false,112937,102723547,0.7459365590497177
112937,10615,0.7982122664701106,false,112937,10615,0.7982122664701106
4605,9212,0.711061223755288,false,4605,9212,0.711061223755288
4605,6664,0.7052903408242678,false,4605,6664,0.7052903408242678
4605,10615,0.8572138332871332,false,4605,10615,0.8572138332871332
4257,245972,0.7076424070683268,false,4257,245972,0.7076424070683268
4257,366,0.7230704505077165,false,4257,366,0.7230704505077165
5798,6664,0.7377883857536334,false,5798,6664,0.7377883857536334
5798,105378305,0.7786719724860807,false,5798,105378305,0.7786719724860807
5798,57167,0.8216262354664793,false,5798,57167,0.8216262354664793
5798,168002,0.812984618377387,false,5798,168002,0.812984618377387
101927686,11001,0.7220258421309108,false,101927686,11001,0.7220258421309108
101927686,152225,0.7418052884311234,false,101927686,152225,0.7418052884311234
101927686,3512,0.7071406906942631,false,101927686,3512,0.7071406906942631
101927686,6716,0.8441489034103897,false,101927686,6716,0.8441489034103897
101927686,219527,0.7972271026791202,false,101927686,219527,0.7972271026791202
54101,143662,0.9952877636733736,false,54101,143662,0.9952877636733736
54101,23286,0.9774494158361808,false,54101,23286,0.9774494158361808
54101,245972,0.838412431956374,false,54101,245972,0.838412431956374
54101,340273,0.9984122671497482,false,54101,340273,0.9984122671497482
54101,101927355,0.9614888534749869,false,54101,101927355,0.9614888534749869
54101,366,0.9036412179378325,false,54101,366,0.9036412179378325
54101,4547,0.9525924705533404,false,54101,4547,0.9525924705533404
54101,253650,0.9023905260884234,false,54101,253650,0.9023905260884234
54101,654499,0.9981792130698667,false,54101,654499,0.9981792130698667
54101,100996301,0.9294433591757647,false,54101,100996301,0.9294433591757647
54101,3627,0.700534630740052,false,54101,3627,0.700534630740052
6690,112802,0.8036044764268759,false,6690,112802,0.8036044764268759
6690,338797,0.7367878967685614,false,6690,338797,0.7367878967685614
9787,9212,0.9106731089678127,false,9787,9212,0.9106731089678127
9787,1063,0.9150870537764584,false,9787,1063,0.9150870537764584
9787,113115,0.7222725817494475,false,9787,113115,0.7222725817494475
9787,128239,0.894730150426359,false,9787,128239,0.894730150426359
9787,105371664,0.7118509221149281,false,9787,105371664,0.7118509221149281
9787,1058,0.8924853205547358,false,9787,1058,0.8924853205547358
9787,3833,0.8484522070181253,false,9787,3833,0.8484522070181253
9787,64151,0.8559765805956198,false,9787,64151,0.8559765805956198
9787,221150,0.8674974968095304,false,9787,221150,0.8674974968095304
9787,100507118,0.8806430301652701,false,9787,100507118,0.8806430301652701
9787,10615,0.7346775058197855,false,9787,10615,0.7346775058197855
3664,176,0.7394094973579618,false,3664,176,0.7394094973579618
3664,102723547,0.8890601839929141,false,3664,102723547,0.8890601839929141
7681,100506655,0.9774868448621725,false,7681,100506655,0.9774868448621725
7681,105376042,0.9996722341500293,false,7681,105376042,0.9996722341500293
7681,122042,0.761820023740413,false,7681,122042,0.761820023740413
7681,23532,0.7839557539285836,false,7681,23532,0.7839557539285836
7681,101060400,0.9996722341500294,false,7681,101060400,0.9996722341500294
7681,9355,0.9185846419508626,false,7681,9355,0.9185846419508626
3502,389336,0.8502064444194083,false,3502,389336,0.8502064444194083
3502,25818,0.83777034549019,false,3502,25818,0.83777034549019
3502,100506827,0.7889822000940249,false,3502,100506827,0.7889822000940249
3502,4004,0.9187584283947915,false,3502,4004,0.9187584283947915
3502,4973,0.7315820672829663,false,3502,4973,0.7315820672829663
3502,28946,0.9545732043955463,false,3502,28946,0.9545732043955463
3502,3512,0.7251404877791466,false,3502,3512,0.7251404877791466
3502,102724714,0.8534938772536983,false,3502,102724714,0.8534938772536983
3502,28809,0.9652301166482788,false,3502,28809,0.9652301166482788
3502,5653,0.9155327644720271,false,3502,5653,0.9155327644720271
143662,23286,0.9717864008106994,false,143662,23286,0.9717864008106994
143662,245972,0.8071599980354698,false,143662,245972,0.8071599980354698
143662,340273,0.9959656803380565,false,143662,340273,0.9959656803380565
143662,101927355,0.9531548477008325,false,143662,101927355,0.9531548477008325
143662,366,0.891177712291095,false,143662,366,0.891177712291095
143662,4547,0.9449342091341455,false,143662,4547,0.9449342091341455
143662,253650,0.9153193220480087,false,143662,253650,0.9153193220480087
143662,654499,0.9959087902903759,false,143662,654499,0.9959087902903759
143662,100996301,0.9175715949088002,false,143662,100996301,0.9175715949088002
9212,176,0.7087032366535987,false,9212,176,0.7087032366535987
9212,1063,0.8443742044140256,false,9212,1063,0.8443742044140256
9212,128239,0.928006936240581,false,9212,128239,0.928006936240581
9212,1058,0.8118755883732895,false,9212,1058,0.8118755883732895
9212,3833,0.88866523110554,false,9212,3833,0.88866523110554
9212,64151,0.7764700377742477,false,9212,64151,0.7764700377742477
9212,221150,0.8419202046110441,false,9212,221150,0.8419202046110441
9212,100507118,0.7909511577913506,false,9212,100507118,0.7909511577913506
9212,102723547,0.7084646801418104,false,9212,102723547,0.7084646801418104
9212,10615,0.8448485025694286,false,9212,10615,0.8448485025694286
6664,57167,0.7404111280370768,false,6664,57167,0.7404111280370768
6664,107986951,0.8645532358978837,false,6664,107986951,0.8645532358978837
28755,4973,0.7646257287090633,false,28755,4973,0.7646257287090633
23286,245972,0.7903665498711979,false,23286,245972,0.7903665498711979
23286,340273,0.9816842074925185,false,23286,340273,0.9816842074925185
23286,101927355,0.9553629509726191,false,23286,101927355,0.9553629509726191
23286,366,0.8523807607328003,false,23286,366,0.8523807607328003
23286,4547,0.9127056449826941,false,23286,4547,0.9127056449826941
23286,253650,0.8958904891702835,false,23286,253650,0.8958904891702835
23286,654499,0.9805800854460072,false,23286,654499,0.9805800854460072
23286,100996301,0.9430423114878738,false,23286,100996301,0.9430423114878738
100506655,105376042,0.9783828961275927,false,100506655,105376042,0.9783828961275927
100506655,122042,0.7257735036145225,false,100506655,122042,0.7257735036145225
100506655,23532,0.7244809030090797,false,100506655,23532,0.7244809030090797
100506655,101060400,0.9783828961275925,false,100506655,101060400,0.9783828961275925
100506655,9355,0.8807706255438713,false,100506655,9355,0.8807706255438713
105378305,107984129,0.8067099620264231,false,105378305,107984129,0.8067099620264231
105378305,105371275,0.9371573313813369,false,105378305,105371275,0.9371573313813369
105378305,168002,0.908225395380462,false,105378305,168002,0.908225395380462
245972,340273,0.8215893905105922,false,245972,340273,0.8215893905105922
245972,101927355,0.8122495114047168,false,245972,101927355,0.8122495114047168
245972,366,0.8579156507478851,false,245972,366,0.8579156507478851
245972,4547,0.7749212568766881,false,245972,4547,0.7749212568766881
245972,253650,0.7232363191906059,false,245972,253650,0.7232363191906059
245972,654499,0.8215915346389135,false,245972,654499,0.8215915346389135
245972,100996301,0.7805131872662272,false,245972,100996301,0.7805131872662272
245972,3627,0.9249878485042463,false,245972,3627,0.9249878485042463
11001,3627,0.7498677153622868,false,11001,3627,0.7498677153622868
107984129,105371275,0.8677050158031169,false,107984129,105371275,0.8677050158031169
107984129,168002,0.9168448537131322,false,107984129,168002,0.9168448537131322
340273,101927355,0.9651826236394061,false,340273,101927355,0.9651826236394061
340273,366,0.9027503173911612,false,340273,366,0.9027503173911612
340273,4547,0.9532259726296481,false,340273,4547,0.9532259726296481
340273,253650,0.9072853584197549,false,340273,253650,0.9072853584197549
340273,654499,0.9998437020212825,false,340273,654499,0.9998437020212825
340273,100996301,0.928019961400041,false,340273,100996301,0.928019961400041
8538,100506827,0.7793746819717245,false,8538,100506827,0.7793746819717245
389336,25818,0.904764262525824,false,389336,25818,0.904764262525824
389336,100506827,0.7026652131556538,false,389336,100506827,0.7026652131556538
389336,4004,0.9032891459914121,false,389336,4004,0.9032891459914121
389336,4973,0.7162371929758745,false,389336,4973,0.7162371929758745
389336,28946,0.702863809599835,false,389336,28946,0.702863809599835
389336,102724714,0.7065317151075199,false,389336,102724714,0.7065317151075199
389336,28809,0.8991164250886438,false,389336,28809,0.8991164250886438
389336,5653,0.939305171988143,false,389336,5653,0.939305171988143
176,3833,0.7435441075128042,false,176,3833,0.7435441075128042
176,102723547,0.714324436452943,false,176,102723547,0.714324436452943
105376042,122042,0.7645219279237812,false,105376042,122042,0.7645219279237812
105376042,23532,0.7687786265676844,false,105376042,23532,0.7687786265676844
105376042,101060400,1.0,false,105376042,101060400,1.0
105376042,9355,0.9200577251142474,false,105376042,9355,0.9200577251142474
122042,101060400,0.7645219279237813,false,122042,101060400,0.7645219279237813
1063,128239,0.7425026310154287,false,1063,128239,0.7425026310154287
1063,1058,0.8410846380231525,false,1063,1058,0.8410846380231525
1063,3833,0.8290079927722593,false,1063,3833,0.8290079927722593
1063,64151,0.8025185458174462,false,1063,64151,0.8025185458174462
1063,221150,0.7841199893311631,false,1063,221150,0.7841199893311631
1063,100507118,0.8738490524001602,false,1063,100507118,0.8738490524001602
25818,100506827,0.7173843809349939,false,25818,100506827,0.7173843809349939
25818,4004,0.9516949888164726,false,25818,4004,0.9516949888164726
25818,4973,0.7453124081944523,false,25818,4973,0.7453124081944523
25818,28946,0.7061256009157967,false,25818,28946,0.7061256009157967
25818,102724714,0.7497871801141518,false,25818,102724714,0.7497871801141518
25818,28809,0.9264028455044179,false,25818,28809,0.9264028455044179
25818,5653,0.9506296369417303,false,25818,5653,0.9506296369417303
161291,4547,0.7605297215535726,false,161291,4547,0.7605297215535726
101927760,338797,0.9253483140726033,false,101927760,338797,0.9253483140726033
23532,101060400,0.7687786265676841,false,23532,101060400,0.7687786265676841
23532,105370953,0.7429393792375455,false,23532,105370953,0.7429393792375455
101927355,366,0.8667132939256867,false,101927355,366,0.8667132939256867
101927355,4547,0.96207274757102,false,101927355,4547,0.96207274757102
101927355,253650,0.936666039170581,false,101927355,253650,0.936666039170581
101927355,654499,0.9659929609895911,false,101927355,654499,0.9659929609895911
101927355,100996301,0.9596872739264755,false,101927355,100996301,0.9596872739264755
101060400,9355,0.9200577251142475,false,101060400,9355,0.9200577251142475
23397,64151,0.7591200038698395,false,23397,64151,0.7591200038698395
23397,221150,0.7268740370329458,false,23397,221150,0.7268740370329458
100506827,4004,0.8063038494313894,false,100506827,4004,0.8063038494313894
100506827,4973,0.7185487845171252,false,100506827,4973,0.7185487845171252
100506827,28946,0.7163583574840104,false,100506827,28946,0.7163583574840104
100506827,28809,0.8216093116431314,false,100506827,28809,0.8216093116431314
100506827,5653,0.8421708224269217,false,100506827,5653,0.8421708224269217
113115,128239,0.763916149843851,false,113115,128239,0.763916149843851
113115,105371664,0.8868280742507644,false,113115,105371664,0.8868280742507644
113115,3833,0.822816500498077,false,113115,3833,0.822816500498077
113115,221150,0.800315591755201,false,113115,221150,0.800315591755201
4004,4973,0.8450908980056219,false,4004,4973,0.8450908980056219
4004,28946,0.8002092845723784,false,4004,28946,0.8002092845723784
4004,102724714,0.8339606791719374,false,4004,102724714,0.8339606791719374
4004,28809,0.9875518503145501,false,4004,28809,0.9875518503145501
4004,5653,0.9869107910544335,false,4004,5653,0.9869107910544335
128239,105371664,0.8312658481227008,false,128239,105371664,0.8312658481227008
128239,3833,0.8525216545629407,false,128239,3833,0.8525216545629407
128239,64151,0.8221612658426414,false,128239,64151,0.8221612658426414
128239,221150,0.8258637461507231,false,128239,221150,0.8258637461507231
128239,100507118,0.7258529393098353,false,128239,100507118,0.7258529393098353
128239,10615,0.8408665673396154,false,128239,10615,0.8408665673396154
105371664,221150,0.7108345530805951,false,105371664,221150,0.7108345530805951
4973,102724714,0.7309233530045998,false,4973,102724714,0.7309233530045998
4973,28809,0.8070466624059244,false,4973,28809,0.8070466624059244
4973,5653,0.838985088050961,false,4973,5653,0.838985088050961
112802,338797,0.7214820323072686,false,112802,338797,0.7214820323072686
28946,3512,0.891344324136599,false,28946,3512,0.891344324136599
28946,102724714,0.7495159311493016,false,28946,102724714,0.7495159311493016
28946,28809,0.8734103440083899,false,28946,28809,0.8734103440083899
28946,5653,0.7893347079140309,false,28946,5653,0.7893347079140309
105371275,168002,0.8719726446992169,false,105371275,168002,0.8719726446992169
364,701,0.782214164470541,false,364,701,0.782214164470541
1058,3833,0.7526110464819223,false,1058,3833,0.7526110464819223
1058,221150,0.7822861142355012,false,1058,221150,0.7822861142355012
1058,100507118,0.7896094989079933,false,1058,100507118,0.7896094989079933
152225,3627,0.7637139820992234,false,152225,3627,0.7637139820992234
57167,168002,0.7306861008316998,false,57167,168002,0.7306861008316998
366,4547,0.8590855686585646,false,366,4547,0.8590855686585646
366,253650,0.8226719846938461,false,366,253650,0.8226719846938461
366,654499,0.9059006991609971,false,366,654499,0.9059006991609971
366,100996301,0.7907749115130379,false,366,100996301,0.7907749115130379
366,3627,0.7175962155674228,false,366,3627,0.7175962155674228
3833,221150,0.8225641209504548,false,3833,221150,0.8225641209504548
3833,100507118,0.8294328717871432,false,3833,100507118,0.8294328717871432
3833,10615,0.7330557516059355,false,3833,10615,0.7330557516059355
4547,253650,0.8725073592485358,false,4547,253650,0.8725073592485358
4547,654499,0.9546233781933454,false,4547,654499,0.9546233781933454
4547,100996301,0.8791284510440444,false,4547,100996301,0.8791284510440444
3512,6716,0.7860180576863831,false,3512,6716,0.7860180576863831
3512,219527,0.7250915863930606,false,3512,219527,0.7250915863930606
64151,221150,0.7756560947859236,false,64151,221150,0.7756560947859236
64151,100507118,0.732805495514838,false,64151,100507118,0.732805495514838
64151,10615,0.7209561023852248,false,64151,10615,0.7209561023852248
221150,100507118,0.8573306386510793,false,221150,100507118,0.8573306386510793
253650,654499,0.9113359708581719,false,253650,654499,0.9113359708581719
253650,100996301,0.9052911483668935,false,253650,100996301,0.9052911483668935
654499,100996301,0.9258667495499362,false,654499,100996301,0.9258667495499362
102724714,28809,0.8389024875789635,false,102724714,28809,0.8389024875789635
102724714,5653,0.8032574327931892,false,102724714,5653,0.8032574327931892
6716,219527,0.901763390133458,false,6716,219527,0.901763390133458
28809,5653,0.9792447055697893,false,28809,5653,0.9792447055697893
