genes;condiciones
27237,2328,2019,134285,389336,285987,4004,3502,25818,5653,5650,101929707,28809,729442;Control1,Control3,Control4,Control5,Control6,Control7,Control8,Control9,Control10,Control11,Control12,Control13,Control15,Control16,Control17
27237,55765,1749;Control1,Control3,Control4,Control5,Control6,Control7,Control8,Control9,Control10,Control11,Control12,Control13,Control15,Control16
27237,115019,2328,2019,134285,389336,105374986,285987,4004,25818,5653,5650,28809,729442;Control1,Control3,Control4,Control5,Control7,Control8,Control9,Control10,Control11,Control12,Control13,Control15,Control16,Control17
27237,58,2328,2019,134285,389336,285987,4004,3502,145873,25818,5653,5650,101929707,28809,729442;Control1,Control3,Control4,Control5,Control6,Control7,Control8,Control9,Control10,Control11,Control12,Control13,Control15,Control16
27237,1058,105375610;Control1,Control2,Control3,Control4,Control5,Control6,Control7,Control8,Control9,Control11,Control12,Control13,Control15,Control16
27237,101927750,134285,389336,285987,5653,5650,729442;Control1,Control2,Control3,Control4,Control5,Control6,Control7,Control8,Control9,Control10,Control11,Control12,Control13,Control15,Control17
27237,28946,2328,2019,134285,389336,285987,4004,3502,25818,5653,5650,101929707,28809,729442;Control1,Control3,Control4,Control6,Control7,Control8,Control9,Control10,Control11,Control12,Control13,Control15,Control16,Control17
27237,27178,285643,157570,101929707;Control1,Control2,Control3,Control4,Control5,Control6,Control7,Control8,Control9,Control11,Control12,Control13,Control16,Control17
27237,105377123,134285,389336,285987,5653,5650,729442;Control1,Control2,Control3,Control4,Control5,Control7,Control8,Control9,Control10,Control11,Control12,Control15,Control16,Control17
27237,79674,389336;Control1,Control2,Control3,Control4,Control6,Control7,Control8,Control9,Control10,Control11,Control12,Control13,Control15,Control16,Control17
27237,102467080,58,134285,389336,285987,5653,5650,729442;Control1,Control2,Control3,Control4,Control5,Control6,Control7,Control8,Control9,Control10,Control11,Control13,Control15,Control16
27237,134285,389336,5653,5650;Control1,Control2,Control3,Control4,Control5,Control6,Control7,Control8,Control9,Control10,Control11,Control12,Control13,Control15,Control16,Control17
27237,6690,1749,3227;Control1,Control3,Control4,Control5,Control6,Control7,Control8,Control9,Control10,Control11,Control12,Control15,Control16,Control17
27237,105374986;Control1,Control2,Control3,Control4,Control5,Control6,Control7,Control8,Control9,Control10,Control11,Control12,Control13,Control15,Control16,Control17
27237,100506895,1749;Control1,Control4,Control5,Control6,Control7,Control8,Control9,Control10,Control11,Control12,Control13,Control15,Control16,Control17
27237,1749,389336,3227;Control1,Control3,Control4,Control5,Control6,Control7,Control8,Control9,Control10,Control11,Control12,Control13,Control15,Control16,Control17
27237,105375690,134285,389336,285987,4004,5653,5650,729442;Control1,Control2,Control3,Control5,Control6,Control7,Control8,Control9,Control10,Control11,Control12,Control13,Control16,Control17
27237,1029;Control1,Control2,Control3,Control4,Control5,Control6,Control7,Control8,Control9,Control10,Control11,Control12,Control15,Control16,Control17
27237,4973,134285,285987,4004,5653,5650,729442;Control1,Control3,Control4,Control5,Control6,Control7,Control8,Control9,Control10,Control11,Control12,Control13,Control15,Control16,Control17
27237,5265,4973;Control1,Control3,Control4,Control5,Control6,Control7,Control8,Control9,Control10,Control11,Control12,Control13,Control15,Control16,Control17
27237,105371152,134285,389336,285987,5653,5650,28809,729442;Control1,Control2,Control3,Control4,Control6,Control8,Control9,Control10,Control11,Control12,Control13,Control15,Control16,Control17
27237,9955;Control1,Control2,Control3,Control4,Control5,Control6,Control7,Control8,Control9,Control11,Control12,Control13,Control15,Control17
27237,105371927,2328;Control1,Control2,Control3,Control5,Control6,Control7,Control8,Control9,Control10,Control11,Control12,Control13,Control15,Control16,Control17
27237,115701;Control1,Control2,Control3,Control4,Control5,Control6,Control7,Control8,Control9,Control10,Control11,Control12,Control13,Control16,Control17
27237,10437,389336,5650;Control3,Control4,Control5,Control6,Control7,Control8,Control9,Control10,Control11,Control12,Control13,Control15,Control16,Control17
27237,354,134285,389336,285987,4004,3502,5653,5650,101929707,28809,729442;Control1,Control3,Control4,Control5,Control6,Control7,Control8,Control9,Control10,Control11,Control12,Control13,Control15,Control16,Control17
27237,105373150,2328,58,2019,134285,389336,285987,4004,3502,25818,5653,5650,101929707,28809,729442;Control1,Control4,Control5,Control6,Control7,Control8,Control9,Control10,Control11,Control12,Control13,Control15,Control16,Control17
27237,8471,101927750,134285,389336,100506895,285987,25818,5653,5650,729442;Control1,Control2,Control4,Control5,Control6,Control7,Control8,Control9,Control10,Control11,Control12,Control13,Control15,Control17
148645,55240,3670,345643,5307,105375894,1690,100506071,6362,106481742,9758,8471;Control1,Control2,Control3,Control4,Control5,Control7,Control8,Control9,Control10,Control11,Control12,Control13,Control15,Control16
148645,3239,56203,3670,345643,5307,105375894,9312,283078,1690,100506071,6362,106481742,9758,8471;Control1,Control2,Control3,Control4,Control5,Control6,Control7,Control8,Control9,Control10,Control11,Control12,Control13,Control15,Control16,Control17
148645,7545,3239,56203,3670,345643,5307,105375894,9312,283078,1690,100506071,64843,6362,106481742,9758,8471;Control1,Control2,Control3,Control4,Control5,Control6,Control7,Control8,Control10,Control11,Control13,Control15,Control16,Control17
148645,647309,3239,56203,3670,345643,5307,105375894,1690,100506071,6362,106481742,9758,8471;Control1,Control2,Control3,Control4,Control5,Control6,Control7,Control8,Control9,Control10,Control11,Control12,Control13,Control16,Control17
148645,4825,56203,647309,3670,345643,5307,105375894,1690,100506071,6362,106481742,9758,105373150,8471;Control1,Control2,Control3,Control4,Control5,Control6,Control7,Control8,Control9,Control11,Control12,Control13,Control16,Control17
148645,10309,3239,56203,3670,345643,5307,105375894,283078,1690,100506071,6362,106481742,9758,8471;Control1,Control2,Control3,Control5,Control6,Control7,Control8,Control9,Control10,Control11,Control12,Control13,Control15,Control16,Control17
148645,2297,3239,56203,3670,345643,5307,105375894,1690,100506071,101929690,6362,106481742,9758,8471;Control1,Control2,Control3,Control5,Control6,Control7,Control8,Control9,Control10,Control11,Control13,Control15,Control16,Control17
148645,57451,3239,56203,3670,345643,10309,5307,105375894,1690,100506071,161291,64843,6362,106481742,9758,8471;Control1,Control2,Control3,Control5,Control6,Control7,Control8,Control10,Control11,Control12,Control13,Control15,Control16,Control17
148645,100506895,3239,56203,3670,345643,5307,105375894,1690,100506071,101929690,6362,106481742,9758,105373150,8471;Control1,Control2,Control3,Control4,Control5,Control6,Control7,Control8,Control9,Control11,Control12,Control13,Control15,Control16,Control17
148645,100192378,3239,56203,3670,345643,5307,105375894,1690,100506071,101929690,6362,106481742,9758,8471;Control1,Control2,Control3,Control4,Control5,Control6,Control7,Control8,Control9,Control10,Control12,Control13,Control15,Control16,Control17
148645,4321,3239,3670,345643,5307,105375894,1690,100506071,6362,106481742,9758,8471;Control1,Control2,Control3,Control4,Control5,Control6,Control7,Control9,Control10,Control11,Control12,Control13,Control15,Control16,Control17
148645,387895,3239,56203,647309,3670,345643,5307,105375894,1690,100506071,6362,106481742,9758,8471;Control1,Control2,Control3,Control4,Control5,Control6,Control7,Control8,Control9,Control10,Control11,Control12,Control13,Control17
148645,6495,3239,56203,3670,345643,10309,5307,105375894,1690,100506071,161291,64843,6362,106481742,9758,8471;Control1,Control2,Control3,Control5,Control6,Control7,Control8,Control10,Control11,Control12,Control13,Control15,Control16,Control17
148645,161291,3239,56203,3670,345643,10309,5307,105375894,1690,100506071,6362,106481742,9758,8471;Control1,Control2,Control3,Control5,Control6,Control7,Control8,Control9,Control10,Control11,Control12,Control13,Control15,Control16,Control17
148645,64843,3239,56203,3670,345643,5307,105375894,283078,1690,100506071,6362,106481742,9758,8471;Control1,Control2,Control3,Control4,Control5,Control6,Control7,Control8,Control10,Control11,Control12,Control13,Control15,Control16,Control17
148645,101929690,3239,56203,3670,345643,5307,105375894,9312,1690,100506071,6362,106481742,9758,8471;Control1,Control2,Control3,Control4,Control5,Control6,Control7,Control8,Control9,Control10,Control11,Control12,Control13,Control15,Control16,Control17
148645,25818,3670,345643,5307,100506895,105375894,100192378,1690,100506071,6362,106481742,9758,105373150,8471;Control1,Control2,Control3,Control4,Control5,Control6,Control7,Control8,Control9,Control12,Control13,Control15,Control16,Control17
148645,64699,3239,56203,3670,345643,5307,105375894,1690,100506071,64843,101929690,6362,106481742,9758,8471;Control1,Control2,Control3,Control4,Control5,Control6,Control7,Control8,Control11,Control12,Control13,Control15,Control16,Control17
3604,115362,6664,4283,3627,10537,27299,2625,387978,100506655,105372115,23532;Control2,Control3,Control4,Control5,Control7,Control8,Control9,Control10,Control11,Control12,Control13,Control15,Control16,Control17
3604,4751,6664,55247,4001,2845,27299,2625,387978,9055;Control1,Control3,Control4,Control5,Control6,Control7,Control9,Control10,Control11,Control12,Control13,Control15,Control16,Control17
3604,6664,27299,2625,387978,105372115;Control1,Control2,Control3,Control4,Control5,Control6,Control7,Control8,Control9,Control10,Control11,Control12,Control13,Control15,Control16,Control17
3604,102724714,27299;Control1,Control2,Control3,Control4,Control5,Control6,Control7,Control8,Control9,Control11,Control12,Control13,Control15,Control16
3604,3580,6664,4283,3627,4547,10537,27299,2625,387978,100506655,105372115,23532;Control2,Control3,Control4,Control6,Control7,Control8,Control9,Control10,Control11,Control12,Control13,Control15,Control16,Control17
3604,5133,6664,4547,27299,2625,387978,101060400,105372115;Control1,Control2,Control3,Control5,Control6,Control8,Control9,Control10,Control11,Control12,Control13,Control15,Control16,Control17
3604,7545,6664,27299,2625,387978,64843,105372115;Control1,Control2,Control4,Control5,Control6,Control7,Control8,Control9,Control10,Control11,Control13,Control15,Control16,Control17
3604,100506827,6664,4283,10537,7180,27299,2625,387978,100506655,105372115,23532;Control2,Control3,Control4,Control5,Control6,Control7,Control8,Control9,Control11,Control12,Control13,Control15,Control16,Control17
3604,4283,6664,3627,10537,27299,2625,387978,100506655,105372115,23532;Control2,Control3,Control4,Control5,Control6,Control7,Control8,Control9,Control10,Control11,Control12,Control13,Control15,Control16,Control17
3604,4547,6664,4001,387978;Control1,Control2,Control3,Control5,Control6,Control7,Control8,Control9,Control10,Control11,Control12,Control13,Control15,Control16,Control17
3604,4085,6664,55247,2845,27299,2625,387978,105372115;Control1,Control3,Control4,Control5,Control6,Control7,Control9,Control10,Control11,Control12,Control13,Control15,Control16,Control17
3604,4001,6664,27299,2625,387978,9055;Control1,Control3,Control4,Control5,Control6,Control7,Control8,Control9,Control10,Control11,Control12,Control13,Control15,Control16,Control17
3604,860,122042,5100;Control1,Control2,Control3,Control4,Control6,Control7,Control8,Control10,Control11,Control12,Control13,Control15,Control16,Control17
3604,7180,6664,4283,3627,10537,27299,2625,387978,100506655,105372115,23532;Control2,Control3,Control4,Control5,Control6,Control7,Control8,Control9,Control10,Control11,Control12,Control15,Control16,Control17
3604,107986606,6664,387978;Control1,Control2,Control3,Control5,Control6,Control7,Control8,Control9,Control10,Control11,Control12,Control13,Control15,Control16,Control17
3604,2845,6664,27299,2625,387978,105372115;Control1,Control2,Control3,Control4,Control5,Control6,Control7,Control9,Control10,Control11,Control12,Control13,Control15,Control16,Control17
3604,85479,6664,27299,2625,105372115;Control1,Control2,Control3,Control4,Control5,Control7,Control8,Control9,Control10,Control11,Control13,Control15,Control16,Control17
3604,105375894,6664,27299,2625,50614,387978,64843,105372115;Control1,Control2,Control4,Control5,Control6,Control7,Control8,Control9,Control10,Control11,Control12,Control15,Control16,Control17
3604,103695435,5100;Control1,Control2,Control3,Control4,Control5,Control6,Control7,Control8,Control10,Control11,Control12,Control13,Control16,Control17
3604,50614,6664,27299,2625,387978,105372115;Control1,Control2,Control3,Control4,Control5,Control6,Control7,Control8,Control9,Control10,Control11,Control12,Control15,Control16,Control17
3604,5100,107985436;Control1,Control2,Control3,Control4,Control5,Control6,Control7,Control8,Control10,Control11,Control12,Control13,Control15,Control16,Control17
3604,5083,27299,101060400;Control1,Control2,Control3,Control4,Control5,Control6,Control7,Control8,Control9,Control10,Control11,Control12,Control13,Control15,Control16,Control17
3604,6495,6664,4547,4001,27299,387978,64843;Control1,Control2,Control5,Control6,Control7,Control8,Control9,Control10,Control11,Control12,Control13,Control15,Control16,Control17
3604,64843,6664,27299,2625,387978,105372115;Control1,Control2,Control4,Control5,Control6,Control7,Control8,Control9,Control10,Control11,Control12,Control13,Control15,Control16,Control17
3604,105370953,5100,107985436;Control1,Control2,Control3,Control4,Control5,Control7,Control8,Control10,Control11,Control12,Control13,Control15,Control16,Control17
3604,105371275,6664,2625,387978,101060400,105372115,389903;Control1,Control2,Control3,Control4,Control5,Control6,Control8,Control9,Control10,Control11,Control13,Control15,Control16,Control17
3604,389903,6664,27299,2625,387978,105372115;Control1,Control2,Control3,Control4,Control5,Control6,Control7,Control8,Control9,Control10,Control11,Control12,Control13,Control15,Control16
374946,5865,5798,11075,109729169;Control1,Control2,Control3,Control4,Control6,Control7,Control8,Control9,Control10,Control11,Control12,Control13,Control15,Control17
374946,26289,101928658;Control1,Control2,Control3,Control4,Control5,Control6,Control7,Control8,Control9,Control10,Control11,Control12,Control13,Control15,Control16
374946,1301,574414,574029,101927750,56300,4496;Control1,Control2,Control3,Control4,Control5,Control6,Control7,Control8,Control9,Control10,Control11,Control13,Control16,Control17
374946,89886,5798,168002,29991,105378305,79191,1995;Control1,Control2,Control3,Control4,Control5,Control6,Control7,Control8,Control9,Control10,Control11,Control12,Control13,Control17
374946,105372950,89886,5798,84561,646024,168002,105376041,3229,387895,4496,115701;Control1,Control2,Control3,Control4,Control5,Control7,Control8,Control9,Control10,Control11,Control13,Control15,Control16,Control17
374946,6664;Control1,Control2,Control3,Control4,Control5,Control6,Control7,Control8,Control10,Control11,Control12,Control13,Control15,Control16,Control17
374946,731220,56300,5798,100505994,646024,105376041,3229,4496;Control1,Control2,Control3,Control4,Control5,Control6,Control7,Control8,Control9,Control10,Control11,Control13,Control15,Control17
374946,284958,56300,5798,105377508,646024,105376041,3229,387895,4496,55655,109729169;Control1,Control2,Control3,Control4,Control5,Control6,Control7,Control8,Control9,Control10,Control11,Control13,Control15,Control17
374946,56300,4496;Control1,Control2,Control3,Control4,Control5,Control6,Control7,Control8,Control9,Control10,Control11,Control13,Control15,Control16,Control17
374946,5798,101928658;Control1,Control2,Control3,Control4,Control5,Control6,Control7,Control8,Control9,Control10,Control11,Control12,Control13,Control15,Control16,Control17
374946,286676,56300,4496;Control1,Control2,Control3,Control4,Control5,Control7,Control8,Control9,Control10,Control11,Control13,Control15,Control16,Control17
374946,647309,5798,109729169;Control1,Control2,Control4,Control5,Control6,Control7,Control8,Control9,Control10,Control11,Control12,Control13,Control15,Control16,Control17
374946,100379220,5798,168002,107984129,1995,100533990,344;Control1,Control2,Control3,Control4,Control5,Control6,Control7,Control8,Control9,Control10,Control11,Control12,Control13,Control17
374946,112268460;Control1,Control2,Control3,Control4,Control5,Control6,Control7,Control8,Control9,Control10,Control12,Control13,Control15,Control16
374946,2250,56300,5798,646024,105376041,3229,387895,4496,55655,109729169;Control1,Control2,Control3,Control4,Control5,Control6,Control7,Control8,Control9,Control10,Control11,Control13,Control15,Control17
374946,6534,5798,109729169;Control1,Control2,Control3,Control4,Control5,Control6,Control7,Control8,Control9,Control10,Control11,Control12,Control13,Control15,Control17
374946,860,5798,57167;Control1,Control2,Control3,Control4,Control5,Control6,Control8,Control9,Control10,Control11,Control12,Control13,Control15,Control16,Control17
374946,80329,5798,100505994,646024,168002,105376041,3229,387895,4496,57167,107985492,7477;Control1,Control2,Control3,Control5,Control6,Control7,Control8,Control9,Control10,Control11,Control13,Control15,Control16,Control17
374946,646024,5798,168002,105376041,3229,387895,4496,115701;Control1,Control2,Control3,Control4,Control5,Control6,Control7,Control8,Control9,Control10,Control11,Control13,Control15,Control16,Control17
374946,1749,11075;Control1,Control2,Control3,Control4,Control5,Control6,Control7,Control8,Control9,Control12,Control13,Control15,Control16,Control17
374946,100652791,56300,860,4496;Control1,Control2,Control3,Control4,Control5,Control6,Control8,Control9,Control10,Control11,Control13,Control15,Control16,Control17
374946,63898,5798,57167;Control1,Control2,Control3,Control4,Control5,Control6,Control8,Control9,Control10,Control11,Control12,Control13,Control15,Control16,Control17
374946,107986951;Control1,Control2,Control3,Control4,Control5,Control6,Control7,Control9,Control10,Control11,Control12,Control13,Control16,Control17
374946,11075,5798,101928658,109729169;Control1,Control2,Control3,Control4,Control5,Control6,Control7,Control8,Control9,Control10,Control12,Control13,Control15,Control16,Control17
374946,554202,56300,5798,100505994,646024,105376041,4496,100533990,344;Control1,Control2,Control3,Control4,Control5,Control6,Control7,Control8,Control9,Control10,Control11,Control13,Control15,Control17
374946,100048912,101928658,168002,4496;Control1,Control2,Control3,Control4,Control5,Control6,Control7,Control8,Control9,Control10,Control13,Control15,Control16,Control17
374946,347252,56300,4496;Control1,Control2,Control3,Control4,Control5,Control6,Control7,Control8,Control9,Control10,Control13,Control15,Control16,Control17
374946,253650,57167;Control1,Control2,Control3,Control5,Control6,Control7,Control8,Control9,Control10,Control11,Control12,Control13,Control15,Control16,Control17
374946,105378305,5798,6534;Control1,Control2,Control3,Control4,Control5,Control7,Control8,Control9,Control10,Control11,Control12,Control13,Control15,Control17
374946,105378523;Control2,Control4,Control5,Control6,Control7,Control8,Control9,Control10,Control11,Control12,Control13,Control15,Control16,Control17
374946,101101772,4496;Control1,Control2,Control3,Control5,Control6,Control7,Control8,Control9,Control10,Control11,Control13,Control15,Control16,Control17
374946,107984129,89886,5798,168002,105378305,79191,1995,344;Control1,Control2,Control3,Control4,Control5,Control6,Control7,Control8,Control9,Control10,Control11,Control12,Control13,Control17
374946,105369685;Control1,Control2,Control3,Control4,Control5,Control6,Control7,Control9,Control11,Control12,Control13,Control15,Control16,Control17
374946,10993,7477;Control1,Control2,Control3,Control5,Control6,Control7,Control8,Control10,Control11,Control12,Control13,Control15,Control16,Control17
374946,5101,5798,860,109729169;Control1,Control2,Control3,Control5,Control6,Control8,Control9,Control10,Control11,Control12,Control13,Control15,Control16,Control17
374946,387978,5798,646024,168002,105376041,3229,387895,4496,115701;Control1,Control2,Control3,Control4,Control5,Control6,Control7,Control8,Control10,Control11,Control13,Control15,Control16,Control17
374946,654499,107986951;Control1,Control2,Control3,Control5,Control6,Control7,Control8,Control9,Control10,Control11,Control12,Control13,Control16,Control17
374946,4496;Control1,Control2,Control3,Control4,Control5,Control6,Control7,Control8,Control9,Control10,Control11,Control12,Control13,Control15,Control16,Control17
374946,9955,5798,11075,109729169;Control1,Control3,Control4,Control5,Control6,Control7,Control8,Control9,Control10,Control11,Control12,Control13,Control15,Control17
374946,100533789,5798,109729169;Control1,Control2,Control3,Control4,Control5,Control6,Control7,Control9,Control10,Control11,Control12,Control13,Control15,Control16,Control17
374946,6362,56300,387895,4496;Control1,Control2,Control4,Control5,Control6,Control7,Control8,Control9,Control10,Control11,Control13,Control15,Control16,Control17
374946,6860,4496;Control2,Control3,Control4,Control6,Control7,Control8,Control9,Control10,Control11,Control12,Control13,Control15,Control16,Control17
374946,80714,5798,11075,109729169;Control1,Control2,Control3,Control4,Control5,Control7,Control8,Control9,Control10,Control12,Control13,Control15,Control16,Control17
374946,100533990,5798,344,57167,7477;Control1,Control2,Control3,Control4,Control5,Control6,Control7,Control8,Control9,Control10,Control11,Control12,Control13,Control15,Control17
374946,5650,5798,101928658,11075,109729169;Control1,Control2,Control3,Control4,Control5,Control6,Control7,Control8,Control9,Control12,Control13,Control15,Control16,Control17
374946,55655,731220,56300,5798,646024,168002,11075,105376041,3229,4496,109729169;Control1,Control2,Control3,Control4,Control5,Control6,Control7,Control8,Control9,Control10,Control11,Control13,Control15,Control17
374946,4605;Control1,Control2,Control3,Control4,Control5,Control6,Control7,Control8,Control9,Control10,Control12,Control13,Control15,Control16
374946,4318,5798,101928658,100533990,344,109729184;Control1,Control2,Control3,Control4,Control5,Control6,Control8,Control9,Control10,Control11,Control12,Control13,Control15,Control17
374946,109729184,89886,5798,168002,105378305,79191,1995,344;Control1,Control2,Control3,Control4,Control5,Control6,Control7,Control8,Control9,Control10,Control11,Control12,Control13,Control17
374946,57167,5798;Control1,Control2,Control3,Control4,Control5,Control6,Control7,Control8,Control9,Control10,Control11,Control12,Control13,Control15,Control16,Control17
374946,3053,56300,5798,646024,11075,105376041,3229,387895,4496,55655,109729169;Control1,Control2,Control3,Control4,Control5,Control6,Control7,Control8,Control9,Control10,Control11,Control13,Control15,Control17
374946,7477,5798,57167,109729169;Control1,Control2,Control3,Control5,Control6,Control7,Control8,Control9,Control10,Control11,Control12,Control13,Control15,Control16,Control17
374946,349408,56300,4496;Control1,Control2,Control3,Control4,Control5,Control6,Control7,Control8,Control9,Control10,Control11,Control13,Control15,Control16
374946,109729169,5798;Control1,Control2,Control3,Control4,Control5,Control6,Control7,Control8,Control9,Control10,Control11,Control12,Control13,Control15,Control16,Control17
26279,28946,3512;Control1,Control2,Control4,Control5,Control6,Control7,Control8,Control9,Control10,Control11,Control13,Control15,Control16,Control17
26279,7545;Control1,Control2,Control3,Control4,Control6,Control7,Control8,Control9,Control11,Control12,Control13,Control15,Control16,Control17
26279,647309;Control1,Control2,Control3,Control4,Control5,Control6,Control7,Control8,Control9,Control11,Control12,Control13,Control16,Control17
26279,10309,64699;Control1,Control2,Control3,Control5,Control6,Control7,Control8,Control9,Control10,Control11,Control13,Control15,Control16,Control17
26279,1750;Control1,Control2,Control4,Control5,Control7,Control8,Control9,Control10,Control11,Control12,Control13,Control15,Control16,Control17
26279,9312;Control1,Control2,Control3,Control4,Control5,Control6,Control7,Control8,Control9,Control11,Control13,Control15,Control16,Control17
26279,29991,64699;Control1,Control2,Control3,Control4,Control5,Control6,Control7,Control8,Control10,Control11,Control13,Control15,Control16,Control17
26279,283078;Control1,Control2,Control3,Control4,Control5,Control7,Control8,Control9,Control10,Control11,Control13,Control15,Control16,Control17
26279,3502,28946;Control1,Control2,Control4,Control5,Control6,Control7,Control8,Control9,Control10,Control11,Control13,Control15,Control16,Control17
26279,64699;Control1,Control2,Control3,Control4,Control5,Control6,Control7,Control8,Control9,Control10,Control11,Control13,Control15,Control16,Control17
26279,105373150,64699;Control1,Control2,Control3,Control4,Control6,Control7,Control8,Control9,Control10,Control11,Control13,Control15,Control16,Control17
3352,51361,100996301,23286,340273,100289137,158228,143662,6495,100506411,654499,101927355,54101;Control1,Control2,Control3,Control4,Control5,Control6,Control7,Control8,Control9,Control10,Control11,Control12,Control13,Control15,Control16,Control17
3352,81849,51361,100996301,23286,340273,100289137,253650,158228,143662,6495,100506411,654499,101927355,107985492,54101;Control1,Control2,Control3,Control4,Control5,Control6,Control7,Control8,Control9,Control10,Control11,Control12,Control13,Control15,Control16
3352,653149,51361,23286,340273,100289137,158228,143662,79056,6495,100506411,654499,101927355,54101;Control1,Control3,Control4,Control5,Control6,Control7,Control8,Control9,Control10,Control11,Control12,Control13,Control15,Control16,Control17
3352,2019,51361,100996301,81849,23286,340273,100289137,253650,158228,143662,6495,100506411,654499,101927355,107985492,54101;Control1,Control2,Control3,Control4,Control5,Control6,Control7,Control8,Control9,Control11,Control12,Control13,Control15,Control16
3352,101927687,51361,100996301,81849,23286,340273,245972,100289137,158228,143662,7546,6495,100506411,654499,366,970,101927355,54101;Control2,Control3,Control4,Control5,Control6,Control7,Control8,Control9,Control11,Control12,Control13,Control15,Control16,Control17
3352,29851,51361,5133,4547,23286,340273,158228,143662,6495,100506411,654499,101927355,54101;Control1,Control2,Control3,Control4,Control5,Control6,Control7,Control8,Control10,Control11,Control12,Control13,Control15,Control16
3352,5133,51361,100996301,23286,340273,100289137,158228,143662,6495,100506411,654499,101927355,54101;Control1,Control2,Control3,Control4,Control5,Control6,Control7,Control8,Control10,Control11,Control12,Control13,Control15,Control16,Control17
3352,152225;Control1,Control2,Control3,Control4,Control5,Control6,Control9,Control10,Control11,Control12,Control13,Control15,Control16,Control17
3352,105374166,51361,100996301,81849,23286,340273,100289137,253650,158228,143662,6495,100506411,654499,970,101927355,54101;Control1,Control2,Control3,Control4,Control5,Control7,Control8,Control9,Control10,Control11,Control12,Control13,Control15,Control16
3352,4547,51361,5133,23286,340273,158228,143662,6495,100506411,654499,101927355,54101;Control1,Control2,Control3,Control4,Control5,Control6,Control7,Control8,Control10,Control11,Control12,Control13,Control15,Control16,Control17
3352,105377404;Control1,Control2,Control3,Control5,Control6,Control7,Control9,Control10,Control11,Control12,Control13,Control15,Control16,Control17
3352,10309,51361,100996301,23286,340273,245972,100289137,158228,143662,6495,161291,100506411,654499,101927355,54101;Control1,Control2,Control4,Control5,Control6,Control7,Control8,Control9,Control11,Control12,Control13,Control15,Control16,Control17
3352,134285,51361,100996301,23286,340273,245972,100289137,158228,143662,79056,6495,100506411,654499,105371927,101927355,54101;Control1,Control3,Control4,Control5,Control6,Control7,Control8,Control9,Control11,Control12,Control13,Control15,Control16,Control17
3352,100505994,51361,100996301,81849,23286,340273,100289137,158228,143662,6495,100506411,654499,101927355,107985492,54101;Control1,Control2,Control3,Control4,Control5,Control6,Control7,Control8,Control9,Control10,Control11,Control12,Control13,Control16,Control17
3352,3135,51361,100996301,340273,158228,143662,79056,6495,100506411,654499,101927355,54101;Control1,Control2,Control3,Control4,Control5,Control7,Control8,Control9,Control10,Control11,Control12,Control13,Control15,Control16,Control17
3352,107986606,51361,100996301,81849,5133,100505994,23286,340273,100289137,158228,143662,6495,100506411,654499,101927355,107985492,54101;Control1,Control2,Control3,Control4,Control5,Control6,Control7,Control8,Control10,Control11,Control12,Control13,Control16,Control17
3352,101927686,51361,100996301,23286,340273,100289137,158228,143662,79056,6495,100506411,654499,101927355,54101;Control1,Control2,Control3,Control4,Control6,Control7,Control8,Control9,Control10,Control11,Control12,Control13,Control15,Control16,Control17
3352,253582,51361,100996301,81849,23286,340273,100289137,253650,158228,143662,6495,100506411,654499,970,101927355,54101;Control1,Control2,Control3,Control4,Control5,Control6,Control7,Control8,Control9,Control10,Control11,Control12,Control13,Control15
3352,245972,51361,100996301,23286,340273,100289137,158228,143662,6495,100506411,654499,101927355,54101;Control1,Control2,Control3,Control4,Control5,Control6,Control7,Control8,Control9,Control11,Control12,Control13,Control15,Control16,Control17
3352,105375690,51361,100996301,81849,100505994,23286,340273,245972,100289137,158228,143662,6495,100506411,654499,101927355,107985492,54101;Control1,Control2,Control3,Control4,Control5,Control6,Control7,Control8,Control9,Control11,Control12,Control13,Control16,Control17
3352,554202,51361,100996301,81849,100505994,23286,340273,100289137,158228,143662,6495,100506411,654499,101927355,107985492,54101,2277;Control1,Control2,Control3,Control4,Control5,Control6,Control8,Control9,Control10,Control11,Control12,Control13,Control16,Control17
3352,9355,51361,100996301,23286,340273,100289137,158228,143662,6495,100506411,654499,101927355,54101,2277;Control1,Control2,Control3,Control4,Control5,Control6,Control8,Control9,Control10,Control11,Control12,Control13,Control15,Control17
3352,101101772,51361,100996301,81849,100505994,340273,158228,654499,101927355,107985492,54101;Control1,Control2,Control3,Control4,Control5,Control6,Control7,Control8,Control9,Control10,Control11,Control12,Control13,Control16,Control17
3352,103695435;Control1,Control2,Control3,Control5,Control6,Control8,Control9,Control10,Control11,Control12,Control13,Control15,Control16,Control17
3352,4257;Control1,Control2,Control3,Control4,Control5,Control6,Control7,Control8,Control9,Control10,Control11,Control12,Control13,Control15,Control16,Control17
3352,2835,366,101927355;Control1,Control2,Control3,Control4,Control5,Control6,Control7,Control8,Control9,Control10,Control11,Control12,Control15,Control16,Control17
3352,7546,51361,100996301,81849,23286,340273,100289137,158228,143662,6495,100506411,654499,970,101927355,54101;Control2,Control3,Control4,Control5,Control6,Control7,Control8,Control9,Control10,Control11,Control12,Control13,Control15,Control16,Control17
3352,11001;Control1,Control2,Control3,Control4,Control5,Control6,Control7,Control8,Control10,Control11,Control12,Control13,Control15,Control16
3352,366,101927355;Control1,Control2,Control3,Control4,Control5,Control6,Control7,Control8,Control9,Control10,Control11,Control12,Control13,Control15,Control16,Control17
3352,6345;Control1,Control2,Control3,Control5,Control6,Control7,Control8,Control9,Control10,Control11,Control12,Control13,Control15,Control16
3352,102606463,81849,101927355,54101;Control2,Control4,Control5,Control6,Control7,Control8,Control9,Control10,Control11,Control12,Control13,Control15,Control16,Control17
3352,6860,107985513;Control1,Control2,Control3,Control5,Control6,Control7,Control8,Control9,Control10,Control11,Control12,Control13,Control15,Control16
3352,970,51361,100996301,81849,23286,340273,100289137,158228,143662,6495,100506411,654499,101927355,54101;Control1,Control2,Control3,Control4,Control5,Control6,Control7,Control8,Control9,Control10,Control11,Control12,Control13,Control15,Control16
3352,22974;Control2,Control3,Control4,Control6,Control7,Control8,Control9,Control10,Control11,Control12,Control13,Control15,Control16,Control17
3352,2277,51361,100996301,23286,340273,100289137,158228,143662,6495,100506411,654499,101927355,54101;Control1,Control2,Control3,Control4,Control5,Control6,Control8,Control9,Control10,Control11,Control12,Control13,Control15,Control16,Control17
1870,63967;Control1,Control2,Control3,Control4,Control5,Control6,Control7,Control8,Control9,Control10,Control11,Control12,Control15,Control16,Control17
1870,991,128239,259266,6241,55355,4288,113130,9787,9212;Control1,Control2,Control3,Control4,Control5,Control6,Control7,Control9,Control10,Control12,Control13,Control15,Control16,Control17
1870,11004,128239,6241,55355,4288,9212;Control1,Control2,Control3,Control4,Control5,Control6,Control8,Control9,Control10,Control12,Control13,Control15,Control16,Control17
1870,128239,6241,55355,4288,9212;Control1,Control2,Control3,Control4,Control5,Control6,Control7,Control8,Control9,Control10,Control12,Control13,Control15,Control16,Control17
1870,259266,991,128239,6241,150468,55355,995,4288,113130,9787,332,24137;Control1,Control3,Control4,Control5,Control6,Control7,Control8,Control9,Control10,Control12,Control13,Control15,Control16,Control17
1870,6241;Control1,Control3,Control4,Control5,Control6,Control7,Control8,Control9,Control10,Control11,Control12,Control13,Control15,Control16,Control17
1870,57405,991,6241,55355,113130,9212,332,24137;Control1,Control2,Control3,Control4,Control5,Control6,Control7,Control8,Control9,Control10,Control13,Control15,Control16,Control17
1870,64151,128239,55355,24137;Control1,Control2,Control3,Control4,Control5,Control6,Control7,Control8,Control10,Control12,Control13,Control15,Control16,Control17
1870,10874;Control1,Control2,Control3,Control4,Control5,Control6,Control7,Control8,Control9,Control10,Control12,Control13,Control15,Control16,Control17
1870,891,6241,150468,10874;Control1,Control3,Control4,Control5,Control6,Control7,Control8,Control9,Control10,Control12,Control13,Control15,Control16,Control17
1870,6422;Control1,Control2,Control3,Control4,Control5,Control6,Control8,Control9,Control10,Control11,Control12,Control13,Control15,Control16
1870,100048912,10024;Control1,Control2,Control3,Control4,Control5,Control6,Control7,Control8,Control10,Control11,Control12,Control13,Control16,Control17
1870,89958;Control1,Control2,Control3,Control4,Control5,Control6,Control7,Control8,Control9,Control10,Control11,Control13,Control15,Control16,Control17
1870,55388;Control1,Control2,Control3,Control4,Control5,Control6,Control7,Control8,Control9,Control10,Control11,Control12,Control13,Control15,Control16
1870,55165,6241,55355,221150,9787,24137;Control1,Control3,Control4,Control5,Control6,Control7,Control8,Control9,Control10,Control12,Control13,Control15,Control16,Control17
1870,374393;Control1,Control3,Control4,Control6,Control7,Control8,Control9,Control10,Control11,Control12,Control13,Control15,Control16,Control17
1870,113130,991,128239,6241,55355,4288,9212;Control1,Control2,Control3,Control4,Control5,Control6,Control7,Control8,Control9,Control10,Control13,Control15,Control16,Control17
1870,1813,105371737;Control1,Control2,Control3,Control4,Control5,Control6,Control7,Control8,Control9,Control10,Control11,Control12,Control13,Control15,Control16
1870,112937,128239;Control1,Control2,Control3,Control4,Control5,Control6,Control7,Control9,Control10,Control12,Control13,Control15,Control16,Control17
1870,2305;Control1,Control2,Control3,Control4,Control5,Control6,Control7,Control8,Control9,Control10,Control11,Control15,Control16,Control17
1870,10024;Control1,Control2,Control3,Control4,Control5,Control6,Control7,Control8,Control9,Control10,Control11,Control12,Control13,Control16,Control17
1870,57082,55355,64151,24137;Control1,Control2,Control3,Control4,Control5,Control6,Control7,Control8,Control9,Control10,Control12,Control13,Control15,Control16
1870,9133,991,128239,6241,55355,4288,113130,9212,24137;Control1,Control2,Control3,Control4,Control5,Control6,Control7,Control8,Control9,Control10,Control12,Control13,Control16,Control17
1870,9768,64151,57082,24137;Control1,Control2,Control3,Control4,Control5,Control6,Control7,Control8,Control9,Control10,Control12,Control13,Control15,Control16
1870,10615,991,128239,55355,4288,113130,9212;Control1,Control2,Control3,Control4,Control5,Control6,Control7,Control8,Control9,Control10,Control13,Control15,Control16,Control17
1870,105371737;Control1,Control2,Control3,Control4,Control5,Control6,Control7,Control9,Control10,Control11,Control12,Control13,Control15,Control16,Control17
1870,146909,6241;Control1,Control3,Control4,Control5,Control6,Control7,Control8,Control9,Control10,Control11,Control13,Control15,Control16,Control17
1870,55771,8318;Control1,Control2,Control3,Control4,Control5,Control6,Control7,Control8,Control9,Control10,Control13,Control15,Control16,Control17
1870,147841,10874;Control1,Control2,Control3,Control5,Control6,Control7,Control8,Control9,Control10,Control12,Control13,Control15,Control16,Control17
1870,11065,128239,6241,55355,4288,9212;Control1,Control2,Control3,Control4,Control6,Control7,Control8,Control9,Control10,Control12,Control13,Control15,Control16,Control17
1870,8318,10874;Control1,Control2,Control3,Control4,Control5,Control6,Control7,Control8,Control10,Control12,Control13,Control15,Control16,Control17
1870,26150;Control1,Control2,Control3,Control4,Control7,Control8,Control9,Control10,Control11,Control12,Control13,Control15,Control16,Control17
1870,24137,128239,6241,55355,9212;Control1,Control2,Control3,Control4,Control5,Control6,Control7,Control8,Control9,Control10,Control12,Control13,Control15,Control16,Control17
864,105376878,50852,55423;Control1,Control2,Control3,Control4,Control6,Control7,Control8,Control9,Control11,Control12,Control13,Control15,Control16,Control17
864,554279,101927687;Control1,Control2,Control3,Control4,Control6,Control7,Control8,Control9,Control10,Control11,Control12,Control13,Control15,Control16,Control17
864,28946;Control1,Control2,Control3,Control5,Control6,Control7,Control8,Control9,Control10,Control11,Control12,Control13,Control15,Control16,Control17
864,2019,101927687;Control2,Control3,Control4,Control6,Control7,Control8,Control9,Control10,Control11,Control12,Control13,Control15,Control16,Control17
864,3580,6345;Control1,Control2,Control3,Control5,Control6,Control7,Control8,Control9,Control11,Control12,Control13,Control15,Control16,Control17
864,79674,28946;Control1,Control2,Control3,Control5,Control6,Control7,Control8,Control9,Control10,Control11,Control12,Control13,Control16,Control17
864,3512,28946,105371152;Control2,Control3,Control5,Control6,Control7,Control8,Control9,Control10,Control11,Control12,Control13,Control15,Control16,Control17
864,101927686;Control2,Control3,Control4,Control5,Control6,Control7,Control8,Control9,Control11,Control12,Control13,Control15,Control16,Control17
864,100292680;Control1,Control2,Control3,Control4,Control5,Control6,Control7,Control8,Control9,Control10,Control13,Control15,Control16,Control17
864,7546,101927687,366;Control1,Control2,Control3,Control4,Control6,Control7,Control8,Control9,Control11,Control12,Control13,Control15,Control16,Control17
864,28755;Control2,Control3,Control4,Control5,Control6,Control7,Control8,Control9,Control10,Control11,Control12,Control13,Control15,Control16,Control17
864,3502,28946;Control2,Control3,Control5,Control6,Control7,Control8,Control9,Control10,Control11,Control12,Control13,Control15,Control16,Control17
864,6860;Control1,Control2,Control3,Control5,Control6,Control7,Control8,Control9,Control11,Control12,Control13,Control15,Control16,Control17
864,284293,28946;Control2,Control3,Control4,Control5,Control6,Control7,Control9,Control10,Control11,Control12,Control13,Control15,Control16,Control17
864,55423;Control1,Control2,Control3,Control4,Control6,Control7,Control8,Control9,Control10,Control11,Control12,Control13,Control15,Control16,Control17
105376878,115362,100506827;Control1,Control2,Control3,Control5,Control6,Control8,Control9,Control10,Control11,Control12,Control13,Control15,Control16,Control17
105376878,554279,101927687,55423;Control1,Control2,Control3,Control4,Control5,Control7,Control8,Control10,Control11,Control12,Control13,Control15,Control16,Control17
105376878,50852;Control1,Control2,Control3,Control4,Control5,Control6,Control7,Control8,Control9,Control11,Control12,Control13,Control15,Control16,Control17
105376878,100506827;Control1,Control2,Control3,Control5,Control7,Control8,Control9,Control10,Control11,Control12,Control13,Control15,Control16,Control17
105376878,1047;Control1,Control2,Control3,Control4,Control6,Control7,Control8,Control9,Control11,Control12,Control13,Control15,Control16,Control17
105376878,85479;Control1,Control2,Control3,Control4,Control5,Control6,Control7,Control8,Control10,Control11,Control13,Control15,Control16,Control17
105376878,101927760;Control1,Control2,Control3,Control5,Control6,Control7,Control8,Control9,Control10,Control11,Control12,Control15,Control16,Control17
105376878,7546,101927687;Control1,Control2,Control3,Control4,Control5,Control7,Control8,Control9,Control11,Control12,Control13,Control15,Control16,Control17
105376878,366,55423;Control1,Control2,Control3,Control4,Control5,Control7,Control8,Control10,Control11,Control12,Control13,Control15,Control16,Control17
105376878,55423;Control1,Control2,Control3,Control4,Control5,Control6,Control7,Control8,Control9,Control10,Control11,Control13,Control15,Control16,Control17
55057,55765,1749;Control1,Control2,Control3,Control4,Control5,Control6,Control7,Control8,Control9,Control10,Control12,Control13,Control15,Control17
55057,115019;Control1,Control2,Control3,Control4,Control5,Control6,Control7,Control8,Control9,Control10,Control11,Control12,Control13,Control15,Control16
55057,3914;Control1,Control2,Control3,Control4,Control5,Control6,Control7,Control8,Control9,Control10,Control12,Control15,Control16,Control17
55057,58,1295,145873;Control1,Control2,Control3,Control4,Control5,Control6,Control7,Control8,Control9,Control10,Control11,Control12,Control13,Control16,Control17
55057,2019,134285,285987,4004,145873,5653,28809,729442;Control1,Control2,Control3,Control4,Control5,Control6,Control7,Control8,Control9,Control10,Control11,Control12,Control13,Control16
55057,101927687,1295;Control2,Control3,Control4,Control5,Control6,Control7,Control8,Control9,Control10,Control11,Control12,Control13,Control16,Control17
55057,941;Control1,Control2,Control3,Control4,Control5,Control6,Control8,Control9,Control10,Control11,Control12,Control13,Control15,Control17
55057,84561,80329;Control1,Control2,Control3,Control4,Control5,Control6,Control7,Control8,Control9,Control11,Control12,Control13,Control15,Control16
55057,79674;Control1,Control2,Control3,Control4,Control6,Control7,Control8,Control9,Control10,Control11,Control12,Control13,Control15,Control17
55057,345079;Control1,Control2,Control3,Control4,Control5,Control6,Control8,Control9,Control10,Control11,Control12,Control13,Control15,Control16,Control17
55057,100505994,80329,105375690;Control1,Control2,Control3,Control4,Control5,Control6,Control7,Control8,Control9,Control11,Control12,Control13,Control15,Control16
55057,389336,115019,1749;Control1,Control2,Control3,Control5,Control6,Control7,Control8,Control9,Control10,Control11,Control12,Control13,Control15,Control16
55057,6534;Control1,Control2,Control3,Control4,Control5,Control6,Control7,Control8,Control9,Control11,Control13,Control15,Control16,Control17
55057,105374986,115019,389336;Control1,Control3,Control4,Control5,Control6,Control7,Control8,Control9,Control10,Control11,Control12,Control13,Control15,Control16
55057,80329;Control1,Control2,Control3,Control4,Control5,Control6,Control7,Control8,Control9,Control11,Control12,Control13,Control15,Control17
55057,6768;Control1,Control2,Control3,Control4,Control5,Control6,Control7,Control8,Control9,Control10,Control11,Control12,Control16,Control17
55057,3502,58,285987,105375690,145873,28809,729442;Control1,Control2,Control3,Control5,Control6,Control7,Control8,Control9,Control10,Control11,Control12,Control13,Control16,Control17
55057,105371927,1295;Control1,Control3,Control4,Control5,Control6,Control7,Control8,Control9,Control10,Control11,Control12,Control13,Control16,Control17
55057,284293,145873;Control1,Control2,Control3,Control4,Control5,Control6,Control7,Control8,Control9,Control10,Control11,Control12,Control13,Control16,Control17
63967,9156;Control1,Control3,Control4,Control5,Control6,Control7,Control8,Control9,Control10,Control11,Control12,Control13,Control15,Control16,Control17
63967,150468,147841;Control1,Control3,Control4,Control5,Control6,Control7,Control8,Control9,Control10,Control12,Control13,Control15,Control16,Control17
63967,10874,147841;Control1,Control2,Control3,Control5,Control6,Control7,Control8,Control9,Control10,Control12,Control13,Control15,Control16,Control17
63967,9348;Control1,Control2,Control3,Control4,Control5,Control6,Control8,Control9,Control10,Control11,Control12,Control13,Control16,Control17
63967,100048912;Control1,Control2,Control3,Control4,Control5,Control6,Control7,Control8,Control10,Control11,Control12,Control13,Control16,Control17
63967,9833;Control1,Control3,Control4,Control5,Control6,Control7,Control8,Control9,Control10,Control11,Control12,Control15,Control16,Control17
63967,89958;Control1,Control2,Control3,Control4,Control5,Control6,Control7,Control8,Control9,Control10,Control11,Control13,Control16,Control17
63967,374393;Control1,Control3,Control4,Control5,Control6,Control7,Control8,Control9,Control10,Control11,Control12,Control15,Control16,Control17
63967,9768;Control1,Control3,Control4,Control5,Control6,Control7,Control9,Control10,Control11,Control12,Control13,Control15,Control16,Control17
63967,147841;Control1,Control2,Control3,Control4,Control5,Control6,Control7,Control8,Control9,Control10,Control12,Control13,Control15,Control16,Control17
63967,55723;Control1,Control3,Control4,Control5,Control6,Control7,Control8,Control9,Control10,Control11,Control12,Control15,Control16,Control17
63967,8318;Control1,Control2,Control3,Control4,Control5,Control6,Control7,Control8,Control10,Control11,Control12,Control13,Control15,Control16,Control17
55143,4751,55247,3161,54443,983,3832;Control1,Control2,Control3,Control4,Control5,Control6,Control7,Control8,Control10,Control11,Control12,Control13,Control15,Control16,Control17
55143,1063,6241,1058,150468,3161;Control1,Control2,Control3,Control4,Control5,Control6,Control7,Control8,Control10,Control11,Control12,Control15,Control16,Control17
55143,6241,1063,1058,150468,105375610,9787,100507118;Control1,Control2,Control3,Control4,Control5,Control6,Control7,Control8,Control10,Control11,Control12,Control13,Control15,Control17
55143,1058,105375610;Control1,Control2,Control3,Control4,Control5,Control6,Control7,Control8,Control9,Control10,Control11,Control12,Control13,Control15,Control16,Control17
55143,150468,1058,105375610;Control1,Control2,Control3,Control4,Control5,Control6,Control7,Control8,Control9,Control10,Control11,Control12,Control15,Control16,Control17
55143,27178,285643,105375610,157570;Control1,Control2,Control3,Control4,Control5,Control6,Control7,Control8,Control9,Control10,Control11,Control12,Control13,Control15,Control16
55143,55355,1063,6241,1058,9787,100507118,24137;Control1,Control2,Control3,Control4,Control5,Control6,Control7,Control8,Control10,Control11,Control12,Control13,Control15,Control17
55143,995,1058,150468,105375610;Control1,Control2,Control3,Control4,Control5,Control6,Control7,Control8,Control9,Control10,Control11,Control12,Control15,Control17
55143,3833,105375610;Control1,Control3,Control4,Control5,Control6,Control7,Control9,Control10,Control11,Control12,Control13,Control15,Control16,Control17
55143,105375077,1058,105375610;Control1,Control2,Control3,Control4,Control5,Control7,Control8,Control9,Control10,Control11,Control12,Control13,Control16,Control17
55143,9096,1058,105375610;Control1,Control2,Control3,Control4,Control6,Control7,Control8,Control9,Control10,Control11,Control12,Control13,Control15,Control16,Control17
55143,157313,150468;Control1,Control2,Control3,Control4,Control5,Control6,Control7,Control8,Control9,Control10,Control11,Control12,Control15,Control16,Control17
55143,157570,79733;Control1,Control2,Control3,Control4,Control5,Control6,Control7,Control8,Control9,Control10,Control11,Control12,Control13,Control15,Control17
55143,55872,4751,3161,54443,157570,3832,51203;Control1,Control2,Control3,Control4,Control5,Control6,Control7,Control8,Control10,Control11,Control12,Control13,Control15,Control16,Control17
55143,9833,4751,3161,54443,55872,983,51203;Control1,Control2,Control3,Control4,Control5,Control6,Control7,Control8,Control10,Control12,Control13,Control15,Control16,Control17
55143,55165,4751,150468,54443,157570,55872,51203,9055;Control1,Control2,Control3,Control4,Control5,Control6,Control7,Control8,Control10,Control11,Control12,Control13,Control15,Control17
55143,79733,105375610;Control1,Control2,Control3,Control4,Control5,Control6,Control7,Control8,Control9,Control10,Control11,Control12,Control13,Control15,Control16,Control17
55143,81930,1058,105375610;Control2,Control3,Control4,Control5,Control6,Control7,Control8,Control9,Control10,Control11,Control12,Control13,Control15,Control16,Control17
55143,219527,105375610;Control1,Control2,Control3,Control4,Control6,Control7,Control8,Control9,Control10,Control12,Control13,Control15,Control16,Control17
55143,221150,6241,1058,55355,9787,100507118,24137;Control1,Control2,Control3,Control4,Control5,Control6,Control7,Control8,Control10,Control11,Control12,Control13,Control15,Control17
55143,81624,1058,105375610;Control1,Control2,Control3,Control4,Control5,Control6,Control7,Control8,Control9,Control11,Control12,Control13,Control15,Control16,Control17
55143,91828;Control1,Control2,Control3,Control4,Control5,Control6,Control7,Control8,Control9,Control11,Control12,Control13,Control15,Control16,Control17
55143,9824,4751,55247,54443,983,3832;Control1,Control2,Control3,Control4,Control5,Control6,Control7,Control8,Control10,Control11,Control12,Control13,Control15,Control16,Control17
55143,9133;Control1,Control3,Control4,Control5,Control6,Control7,Control8,Control9,Control10,Control11,Control12,Control15,Control16,Control17
55143,9493,4751,3161,54443,157570,9824,9055;Control1,Control2,Control4,Control5,Control6,Control7,Control8,Control10,Control11,Control12,Control13,Control15,Control16,Control17
55143,9055,4751,3161,54443,157570,55872,51203;Control1,Control2,Control3,Control4,Control5,Control6,Control7,Control8,Control10,Control11,Control12,Control13,Control15,Control16,Control17
55143,100507118,150468,105375610,9055;Control1,Control2,Control3,Control4,Control5,Control6,Control7,Control8,Control10,Control11,Control12,Control13,Control15,Control16,Control17
55143,83903,150468,54443,9055;Control1,Control2,Control3,Control4,Control5,Control6,Control7,Control8,Control10,Control11,Control12,Control13,Control15,Control16,Control17
55143,107985017,1058,105375610;Control1,Control2,Control3,Control4,Control5,Control6,Control7,Control9,Control10,Control12,Control13,Control15,Control16,Control17
55143,9212;Control1,Control3,Control4,Control5,Control6,Control8,Control9,Control10,Control11,Control12,Control13,Control15,Control16,Control17
55143,9955,27178,285643,105375610;Control1,Control2,Control3,Control4,Control5,Control6,Control7,Control8,Control9,Control10,Control11,Control12,Control13,Control15,Control16
55143,7153,4751,55247,3161,54443,983,3832,9824;Control1,Control2,Control3,Control4,Control5,Control6,Control7,Control8,Control10,Control11,Control12,Control13,Control15,Control16
55143,332,1058,150468,995;Control1,Control2,Control3,Control4,Control5,Control6,Control7,Control8,Control9,Control10,Control11,Control12,Control15,Control17
55143,29128,6241,55355,983,55165,100507118,24137;Control1,Control2,Control3,Control4,Control5,Control6,Control7,Control8,Control10,Control11,Control12,Control13,Control15,Control17
55143,101929707,1058,27178,285643,105375610,157570;Control1,Control2,Control3,Control4,Control5,Control6,Control7,Control8,Control9,Control11,Control12,Control13,Control15,Control16
55143,51512,150468;Control1,Control2,Control3,Control4,Control5,Control6,Control7,Control8,Control9,Control10,Control11,Control12,Control15,Control16,Control17
991,11004,128239,259266,6241,55355,4288,113130,9787,9133,9212;Control1,Control2,Control3,Control4,Control5,Control6,Control8,Control9,Control10,Control11,Control12,Control13,Control15,Control16,Control17
991,128239,259266,6241,55355,995,3833,4288,9787,9133,9212;Control1,Control2,Control3,Control4,Control5,Control6,Control7,Control8,Control9,Control10,Control11,Control12,Control13,Control15,Control16,Control17
991,1063,259266,6241,55355,995,3833,4288,9787,9133,9212;Control1,Control2,Control3,Control4,Control5,Control6,Control7,Control8,Control9,Control10,Control11,Control12,Control13,Control15,Control16,Control17
991,9156,1063,6241,9232,9787,9212,332;Control1,Control2,Control3,Control4,Control5,Control6,Control7,Control8,Control9,Control10,Control11,Control12,Control15,Control16
991,1058,128239,259266,6241,9232,9787,9133,9212;Control1,Control2,Control3,Control4,Control5,Control6,Control7,Control8,Control9,Control10,Control11,Control12,Control13,Control15,Control17
991,150468,128239,259266,6241,55355,995,4288,9787,332;Control1,Control3,Control4,Control5,Control6,Control7,Control8,Control9,Control10,Control11,Control12,Control13,Control15,Control16,Control17
991,57405,259266,55355,9133,332,24137;Control1,Control2,Control3,Control4,Control5,Control6,Control7,Control8,Control9,Control10,Control11,Control12,Control13,Control15,Control16,Control17
991,131578,128239,9232,4288,10024;Control1,Control2,Control3,Control5,Control6,Control8,Control9,Control10,Control11,Control12,Control13,Control15,Control16,Control17
991,10460,128239,9232,9700,9212;Control1,Control2,Control3,Control4,Control5,Control6,Control7,Control8,Control9,Control10,Control11,Control12,Control15,Control16,Control17
991,112268460,9232,4288,9700,9212;Control1,Control2,Control3,Control4,Control5,Control7,Control8,Control10,Control11,Control12,Control13,Control15,Control16,Control17
991,64151,128239,259266,6241,55355,995,4288,112937,9787,9212,220134,24137;Control1,Control2,Control3,Control4,Control5,Control6,Control7,Control10,Control11,Control12,Control13,Control15,Control16,Control17
991,10874,259266,1063,150468,9787,332;Control1,Control3,Control4,Control5,Control6,Control7,Control8,Control9,Control10,Control11,Control13,Control15,Control16,Control17
991,9232,128239,259266,6241,995,3833,4288,9787,9133,9212;Control1,Control2,Control3,Control4,Control5,Control6,Control7,Control8,Control9,Control10,Control11,Control12,Control13,Control15,Control16,Control17
991,105375610,128239,9232,3833,4288,9133,9212;Control1,Control3,Control4,Control5,Control6,Control7,Control8,Control9,Control10,Control11,Control12,Control13,Control15,Control16,Control17
991,55872,259266,1063,6241,55355,9787,57082,9133,100507118,79801,9212,24137;Control1,Control2,Control3,Control4,Control5,Control6,Control7,Control8,Control9,Control10,Control11,Control12,Control13,Control16
991,89958,57405,10615;Control1,Control2,Control3,Control4,Control5,Control6,Control7,Control8,Control9,Control10,Control11,Control13,Control15,Control16,Control17
991,2834,128239,3833,4288;Control1,Control3,Control4,Control5,Control6,Control7,Control8,Control9,Control10,Control11,Control12,Control13,Control15,Control16
991,374393,128239,259266,6241,55355,995,3833,4288,9787,9133,55723;Control1,Control2,Control3,Control4,Control6,Control7,Control8,Control9,Control10,Control12,Control13,Control15,Control16,Control17
991,113130,128239,259266,6241,995,9232,4288,9787,9133,9212;Control1,Control2,Control3,Control4,Control5,Control6,Control7,Control8,Control9,Control10,Control11,Control12,Control13,Control15,Control16,Control17
991,112937,128239,55355,995,3833,4288,9787,9212,220134;Control1,Control2,Control3,Control4,Control5,Control6,Control7,Control8,Control10,Control11,Control12,Control13,Control15,Control16,Control17
991,2305,3833,9133,9212;Control1,Control2,Control3,Control4,Control5,Control6,Control7,Control8,Control9,Control10,Control12,Control15,Control16,Control17
991,10024,128239,9232,4288,9133;Control1,Control2,Control3,Control4,Control5,Control6,Control7,Control8,Control9,Control10,Control11,Control12,Control13,Control15,Control16,Control17
991,9700,128239,3833,4288,9212;Control1,Control2,Control3,Control4,Control5,Control6,Control7,Control8,Control9,Control10,Control11,Control12,Control13,Control15,Control16,Control17
991,221150,128239,259266,6241,55355,4288,113130,9787,9133,9212;Control1,Control2,Control3,Control4,Control5,Control6,Control7,Control8,Control9,Control10,Control11,Control12,Control13,Control16,Control17
991,81624,259266,1063,57405,9232,113130,9787,9133,9212,146909;Control1,Control3,Control4,Control5,Control6,Control7,Control8,Control9,Control11,Control12,Control13,Control15,Control16,Control17
991,91828,128239,55355,9232,3833,9787,9133,9212,220134;Control1,Control2,Control3,Control4,Control5,Control6,Control7,Control8,Control10,Control11,Control12,Control13,Control15,Control17
991,57082,128239,259266,6241,55355,4288,9787,9133,79801,9212,220134;Control1,Control2,Control3,Control4,Control5,Control6,Control7,Control8,Control9,Control10,Control11,Control12,Control13,Control16
991,176,3833,4288,112937;Control1,Control2,Control3,Control4,Control5,Control6,Control7,Control8,Control10,Control11,Control12,Control13,Control15,Control17
991,100507118,259266,1063,6241,57405,55355,9787,79801;Control1,Control3,Control4,Control5,Control6,Control7,Control8,Control9,Control10,Control11,Control12,Control13,Control15,Control16,Control17
991,5347,3833,4288,9700;Control1,Control2,Control3,Control4,Control5,Control7,Control8,Control9,Control10,Control11,Control12,Control13,Control15,Control16,Control17
991,79801,128239,259266,6241,55355,4288,9787,9133;Control1,Control2,Control3,Control4,Control5,Control6,Control7,Control8,Control9,Control10,Control11,Control12,Control13,Control15,Control16,Control17
991,107985017,9232,3833,9212,146909;Control1,Control2,Control3,Control4,Control5,Control6,Control7,Control8,Control9,Control10,Control11,Control12,Control13,Control15,Control16,Control17
991,10615,128239,259266,55355,4288,9212;Control1,Control2,Control3,Control4,Control5,Control6,Control7,Control8,Control9,Control10,Control11,Control12,Control13,Control15,Control16,Control17
991,146909,259266,1063,6241,995,9232,3833,4288,9787,9133,9212;Control1,Control2,Control3,Control4,Control5,Control6,Control7,Control8,Control9,Control10,Control11,Control12,Control13,Control15,Control16,Control17
991,55771,4605;Control1,Control2,Control3,Control4,Control5,Control6,Control7,Control9,Control10,Control11,Control12,Control13,Control15,Control16,Control17
991,332,259266,1063,6241,55355,995,4288,9787,9133,9212;Control1,Control2,Control3,Control4,Control5,Control6,Control7,Control8,Control9,Control10,Control11,Control12,Control13,Control15,Control16,Control17
991,220134,128239,259266,6241,55355,4288,9787,79801;Control1,Control2,Control3,Control4,Control5,Control6,Control7,Control8,Control9,Control10,Control11,Control12,Control13,Control15,Control16,Control17
991,29128,128239,259266,6241,55355,64151,995,9787,9133,24137;Control1,Control2,Control3,Control4,Control5,Control6,Control7,Control10,Control11,Control12,Control13,Control15,Control16,Control17
991,147841,128239,6241,55355,4288,9212,332;Control1,Control2,Control3,Control5,Control6,Control7,Control8,Control9,Control10,Control11,Control12,Control15,Control16,Control17
991,55723,128239,259266,6241,55355,995,3833,4288,9787,9212,11065;Control1,Control2,Control3,Control4,Control6,Control7,Control8,Control9,Control10,Control11,Control12,Control13,Control15,Control16,Control17
991,284403,128239,6241,55355,995,4288,9787;Control1,Control2,Control4,Control5,Control6,Control7,Control8,Control9,Control10,Control11,Control13,Control15,Control16,Control17
991,22974,128239,259266,6241,55355,995,3833,4288,9787,9133,9212;Control1,Control2,Control3,Control5,Control6,Control7,Control8,Control9,Control10,Control11,Control12,Control13,Control15,Control16,Control17
991,4605,9232,10024;Control1,Control2,Control3,Control4,Control5,Control6,Control7,Control8,Control9,Control10,Control11,Control12,Control13,Control15,Control16
991,11065,113130;Control1,Control2,Control3,Control4,Control5,Control6,Control7,Control8,Control9,Control10,Control11,Control12,Control13,Control15,Control16,Control17
991,8318,128239,4288,10024;Control1,Control2,Control3,Control4,Control5,Control6,Control7,Control8,Control9,Control10,Control11,Control12,Control15,Control16,Control17
991,100874530,128239,9232,3833,105375610,9133,9212;Control1,Control3,Control4,Control5,Control6,Control7,Control8,Control9,Control10,Control11,Control13,Control15,Control16,Control17
991,349408,128239,4288,112937,9212;Control1,Control2,Control3,Control4,Control5,Control6,Control7,Control8,Control10,Control11,Control13,Control15,Control16,Control17
991,24137,128239,259266,6241,55355,995,9787,9133,9212;Control1,Control2,Control3,Control4,Control5,Control6,Control7,Control8,Control9,Control10,Control11,Control12,Control13,Control15,Control16,Control17
991,158511,128239,259266,55355,3833,4288,112937,9787,9133,9212;Control1,Control2,Control3,Control4,Control5,Control6,Control7,Control8,Control10,Control11,Control12,Control13,Control16,Control17
11004,1063,991,128239,259266,6241,150468,55355,995,4288,9787,332;Control1,Control3,Control4,Control5,Control6,Control8,Control9,Control10,Control11,Control12,Control13,Control15,Control16,Control17
11004,57405,991,259266,55355,113130,9133,332,24137;Control1,Control2,Control3,Control4,Control5,Control6,Control8,Control9,Control10,Control11,Control12,Control13,Control15,Control16,Control17
11004,64151,128239,259266,55355,9787,9133,220134,24137;Control1,Control2,Control3,Control4,Control5,Control6,Control8,Control10,Control11,Control12,Control13,Control15,Control16,Control17
11004,9232,991,128239,259266,6241,4288,113130,9787,9133,9212;Control1,Control2,Control3,Control4,Control5,Control6,Control8,Control9,Control10,Control11,Control12,Control13,Control15,Control16,Control17
11004,55165,259266,6241,57405,55355,9787,100507118,79801;Control1,Control3,Control4,Control5,Control6,Control8,Control9,Control10,Control11,Control12,Control13,Control15,Control16,Control17
11004,79733;Control1,Control3,Control4,Control5,Control6,Control7,Control8,Control9,Control11,Control12,Control13,Control15,Control16,Control17
11004,219970,122042;Control1,Control2,Control3,Control4,Control5,Control7,Control8,Control9,Control10,Control11,Control12,Control13,Control15,Control16
11004,100292680;Control1,Control2,Control4,Control5,Control6,Control7,Control8,Control9,Control10,Control11,Control12,Control15,Control16,Control17
11004,10024,991,128239,259266,9232,4288,9133,9212;Control1,Control2,Control3,Control4,Control5,Control6,Control8,Control9,Control10,Control12,Control13,Control15,Control16,Control17
11004,221150,259266,6241,55355,113130,9787,24137;Control1,Control2,Control3,Control4,Control5,Control6,Control8,Control9,Control10,Control11,Control12,Control13,Control15,Control16,Control17
11004,122042;Control1,Control3,Control4,Control5,Control6,Control7,Control8,Control9,Control10,Control11,Control12,Control13,Control15,Control16
11004,57082,259266,57405,10615;Control1,Control2,Control3,Control4,Control5,Control6,Control8,Control9,Control10,Control11,Control12,Control13,Control15,Control16
11004,9768,57405,57082;Control1,Control2,Control3,Control4,Control5,Control6,Control8,Control9,Control10,Control11,Control12,Control13,Control15,Control16
11004,100507118,991,259266,1063,6241,57405,55355,9787,79801;Control1,Control3,Control4,Control5,Control6,Control8,Control9,Control10,Control11,Control12,Control13,Control15,Control16,Control17
11004,79801,991,128239,259266,1063,6241,55355,4288,9787,9133,9212,10615;Control1,Control3,Control4,Control5,Control6,Control8,Control9,Control10,Control11,Control12,Control13,Control15,Control16,Control17
11004,10615,991,128239,259266,55355,4288,9212;Control1,Control2,Control3,Control4,Control5,Control6,Control8,Control9,Control10,Control11,Control12,Control13,Control15,Control16,Control17
11004,332,991,259266,6241,55355,4288,113130,9787,9133,9212;Control1,Control2,Control3,Control4,Control5,Control6,Control8,Control9,Control10,Control11,Control12,Control13,Control15,Control16,Control17
11004,220134,991,128239,259266,6241,55355,4288,9787;Control1,Control2,Control3,Control4,Control5,Control6,Control8,Control9,Control10,Control11,Control12,Control13,Control15,Control16,Control17
11004,29128,55355,57082,79801,220134;Control1,Control2,Control3,Control4,Control5,Control6,Control8,Control9,Control10,Control11,Control12,Control13,Control15,Control16
11004,22974,991,128239,259266,6241,55355,4288,9787,9133,79801;Control1,Control2,Control3,Control5,Control6,Control8,Control9,Control10,Control11,Control12,Control13,Control15,Control16,Control17
11004,11065,113130,221150;Control1,Control2,Control3,Control4,Control5,Control6,Control8,Control9,Control10,Control11,Control12,Control13,Control15,Control16,Control17
11004,24137,991,128239,259266,6241,55355,113130,9787,9133,9212;Control1,Control2,Control3,Control4,Control5,Control6,Control8,Control9,Control10,Control11,Control12,Control13,Control15,Control16,Control17
2301,653820;Control1,Control2,Control3,Control4,Control5,Control6,Control7,Control8,Control10,Control11,Control12,Control13,Control16,Control17
2301,1062;Control1,Control2,Control3,Control4,Control6,Control7,Control8,Control10,Control11,Control12,Control13,Control15,Control16,Control17
2301,8355;Control1,Control3,Control4,Control5,Control6,Control7,Control8,Control9,Control10,Control11,Control12,Control15,Control16,Control17
2301,284266;Control1,Control2,Control3,Control4,Control5,Control6,Control7,Control8,Control9,Control11,Control12,Control13,Control15,Control16,Control17
5865,100996301,6716,3580,1047,166979,101927686,4544,594855,6345;Control1,Control2,Control3,Control5,Control6,Control7,Control8,Control9,Control10,Control11,Control12,Control13,Control16,Control17
5865,6273,11075,103689845;Control1,Control2,Control3,Control4,Control6,Control7,Control8,Control9,Control10,Control11,Control12,Control15,Control16,Control17
5865,477,6716,3580,1047,166979,4544,6345;Control1,Control2,Control3,Control4,Control5,Control6,Control7,Control9,Control10,Control11,Control12,Control13,Control15,Control16,Control17
5865,105372950,84561,2250,646024,105376041,55655,3053;Control1,Control2,Control3,Control4,Control7,Control8,Control9,Control10,Control11,Control12,Control13,Control15,Control16,Control17
5865,6716,3580,1047,166979,101927686,4544;Control1,Control2,Control3,Control4,Control5,Control6,Control7,Control8,Control9,Control10,Control11,Control12,Control13,Control15,Control16,Control17
5865,9378,1047,166979,219527,4544,116173,6345;Control1,Control2,Control3,Control4,Control5,Control6,Control7,Control8,Control9,Control10,Control11,Control12,Control13,Control15,Control17
5865,28946,6716,3580,3512,1047,166979,101927686,4544,105371152;Control1,Control2,Control3,Control4,Control5,Control6,Control7,Control8,Control9,Control11,Control12,Control13,Control15,Control16,Control17
5865,56300,2250,646024,105376041,3229,387895,4496;Control1,Control2,Control3,Control4,Control6,Control7,Control8,Control9,Control10,Control11,Control12,Control13,Control15,Control17
5865,112714,6716,3580,1047,166979,4544,6345;Control1,Control2,Control3,Control4,Control5,Control6,Control7,Control8,Control9,Control10,Control12,Control15,Control16,Control17
5865,5798,3053,109729169;Control1,Control2,Control3,Control4,Control6,Control7,Control8,Control9,Control10,Control11,Control12,Control13,Control15,Control16,Control17
5865,646951,6716,1047,166979,219527,4544,116173,6345;Control1,Control3,Control4,Control5,Control6,Control7,Control8,Control9,Control10,Control11,Control12,Control13,Control15,Control16,Control17
5865,53836,6716,3580,1047,166979,101927686,4544,594855,6345;Control1,Control2,Control3,Control4,Control5,Control7,Control8,Control9,Control10,Control12,Control13,Control15,Control16,Control17
5865,647309,5798,109729169;Control1,Control2,Control4,Control6,Control7,Control8,Control9,Control10,Control11,Control12,Control13,Control15,Control16,Control17
5865,4283,6716,3580,1047,166979,10537,101927686,4544,6345;Control2,Control3,Control4,Control5,Control6,Control7,Control8,Control10,Control11,Control12,Control13,Control15,Control16,Control17
5865,2250,646024,105376041;Control1,Control2,Control3,Control4,Control6,Control7,Control8,Control9,Control10,Control11,Control12,Control13,Control15,Control16,Control17
5865,105377508,5798,646024,105376041,3229,55655,3053,109729169;Control1,Control2,Control3,Control4,Control6,Control7,Control8,Control9,Control10,Control11,Control13,Control15,Control16,Control17
5865,100505994,100996301,2250,646024,105376041,107985492;Control1,Control2,Control3,Control6,Control7,Control8,Control9,Control10,Control11,Control12,Control13,Control15,Control16,Control17
5865,6534,5798,109729169;Control1,Control2,Control3,Control4,Control6,Control7,Control8,Control9,Control10,Control11,Control12,Control15,Control16,Control17
5865,9096,6716,166979,219527,4544,116173;Control1,Control3,Control4,Control5,Control6,Control7,Control8,Control9,Control10,Control11,Control12,Control13,Control15,Control16
5865,9312,6716,3580,1047,166979,4544,6345;Control1,Control2,Control4,Control5,Control6,Control7,Control8,Control9,Control10,Control11,Control12,Control13,Control15,Control16,Control17
5865,11075,5798,3053,109729169;Control1,Control2,Control3,Control4,Control6,Control7,Control8,Control9,Control10,Control12,Control13,Control15,Control16,Control17
5865,364,1047,166979,219527,4544,116173,594855,6345;Control1,Control2,Control3,Control4,Control5,Control7,Control8,Control9,Control10,Control11,Control12,Control13,Control15,Control16,Control17
5865,283078,166979,101927686,4544;Control1,Control2,Control4,Control5,Control6,Control7,Control8,Control9,Control11,Control12,Control13,Control15,Control16,Control17
5865,219527,6716,1047,166979,101927686,4544;Control1,Control2,Control3,Control4,Control5,Control6,Control7,Control8,Control9,Control10,Control11,Control12,Control13,Control15,Control16,Control17
5865,113218482,6716,28946,3512,1047,166979,101927686,4544,594855,105371152;Control1,Control2,Control3,Control4,Control5,Control7,Control8,Control9,Control11,Control12,Control13,Control15,Control16,Control17
5865,5100,6716,3580,1047,166979,101927686,4544,7681,107985436;Control1,Control2,Control3,Control4,Control5,Control6,Control8,Control9,Control10,Control11,Control12,Control13,Control16,Control17
5865,116173,6716,1047,166979,219527,4544,6345;Control1,Control2,Control3,Control4,Control5,Control6,Control7,Control8,Control9,Control10,Control11,Control12,Control13,Control15,Control16,Control17
5865,3502,6716,28946,3580,3512,1047,166979,4544,28809;Control1,Control2,Control3,Control4,Control5,Control6,Control7,Control8,Control9,Control11,Control12,Control13,Control15,Control16,Control17
5865,7681,6716,3580,1047,166979,101927686,4544,107985436;Control1,Control2,Control3,Control4,Control5,Control6,Control8,Control9,Control10,Control11,Control12,Control13,Control15,Control16,Control17
5865,594855,6716,1047,166979,4544,116173,6345;Control1,Control2,Control3,Control4,Control5,Control6,Control7,Control8,Control9,Control10,Control11,Control12,Control13,Control15,Control16,Control17
5865,105370953,6716,3580,1047,166979,101927686,4544,7681,594855,6345,107985436;Control1,Control2,Control3,Control4,Control5,Control8,Control9,Control10,Control11,Control12,Control13,Control15,Control16,Control17
5865,105370960,166979,219527,4544,105371152;Control1,Control2,Control3,Control4,Control5,Control6,Control7,Control9,Control11,Control12,Control13,Control15,Control16,Control17
5865,6345,6716,3580,1047,166979,4544;Control1,Control2,Control3,Control4,Control5,Control6,Control7,Control8,Control9,Control10,Control11,Control12,Control13,Control15,Control16,Control17
5865,9955,5798,109729169;Control1,Control3,Control4,Control6,Control7,Control8,Control9,Control10,Control11,Control12,Control13,Control15,Control16,Control17
5865,1748,166979,101927686,4544;Control1,Control4,Control5,Control6,Control7,Control8,Control9,Control10,Control11,Control12,Control13,Control15,Control16,Control17
5865,6860,166979,4544,107985513;Control2,Control3,Control4,Control5,Control6,Control7,Control8,Control9,Control10,Control11,Control12,Control13,Control15,Control16,Control17
5865,100533990,105372950,5798,646024,105376041,3053,109729169;Control1,Control2,Control3,Control4,Control6,Control7,Control8,Control9,Control10,Control11,Control13,Control15,Control16,Control17
5865,55655,646024,105376041,3053,109729169;Control1,Control2,Control3,Control4,Control6,Control7,Control8,Control9,Control10,Control11,Control12,Control13,Control15,Control16,Control17
5865,107985513,6716,1047,166979,4544;Control2,Control3,Control4,Control5,Control6,Control7,Control8,Control9,Control10,Control11,Control12,Control13,Control15,Control16,Control17
5865,26150,6716,1047,166979,219527,4544,116173;Control1,Control2,Control3,Control4,Control5,Control6,Control7,Control8,Control9,Control10,Control12,Control13,Control15,Control16,Control17
51361,81849,100996301,23286,340273,100289137,253650,158228,112268037,143662,6495,100506411,654499,101927355,107985492,54101;Control1,Control2,Control3,Control4,Control5,Control6,Control7,Control8,Control9,Control10,Control11,Control12,Control13,Control15,Control16,Control17
51361,554279,100996301,81849,2019,101927687,23286,340273,100289137,158228,143662,7546,6495,100506411,654499,101927355,107985492,54101;Control2,Control3,Control4,Control5,Control6,Control7,Control8,Control9,Control11,Control12,Control13,Control15,Control16,Control17
51361,2019,100996301,81849,23286,340273,100289137,253650,158228,143662,6495,100506411,654499,101927355,107985492,54101;Control1,Control2,Control3,Control4,Control5,Control6,Control7,Control8,Control9,Control11,Control12,Control13,Control15,Control16,Control17
51361,3239,105374166,3135,340273,158228,143662,6495,100506411,654499,54101;Control1,Control2,Control4,Control5,Control7,Control8,Control9,Control10,Control11,Control12,Control13,Control15,Control16,Control17
51361,29851,5133,105374166,23286,340273,158228,143662,79056,6495,100506411,654499,970,101927355,54101;Control1,Control2,Control3,Control4,Control5,Control6,Control7,Control8,Control10,Control11,Control12,Control13,Control15,Control16,Control17
51361,105374166,81849,23286,340273,100289137,253650,158228,112268037,143662,6495,100506411,654499,101927355,107985492,54101;Control1,Control2,Control3,Control4,Control5,Control6,Control7,Control8,Control9,Control10,Control11,Control12,Control13,Control15,Control16,Control17
51361,10309,100996301,57451,23286,340273,100289137,158228,143662,6495,100506411,654499,970,101927355,54101;Control1,Control2,Control4,Control5,Control6,Control7,Control8,Control9,Control10,Control11,Control12,Control13,Control15,Control16,Control17
51361,57451,340273,158228,6495,654499,54101;Control1,Control2,Control3,Control4,Control5,Control6,Control7,Control8,Control9,Control10,Control11,Control12,Control13,Control15,Control16,Control17
51361,107986606,100996301,81849,23286,340273,253650,158228,112268037,143662,6495,100506411,654499,101927355,107985492,54101;Control1,Control2,Control3,Control4,Control5,Control6,Control7,Control8,Control10,Control11,Control12,Control13,Control15,Control16,Control17
51361,245972,81849,340273,158228,143662,100506411,654499,970,54101;Control1,Control2,Control3,Control4,Control5,Control6,Control7,Control8,Control9,Control10,Control11,Control12,Control13,Control15,Control16,Control17
51361,105375674,100996301,100505994,23286,340273,158228,101101772,654499,101927355,107985492,54101;Control1,Control2,Control3,Control4,Control5,Control6,Control7,Control8,Control9,Control10,Control11,Control12,Control16,Control17
51361,105375690,100996301,81849,100505994,23286,340273,100289137,158228,143662,6495,100506411,654499,970,101927355,107985492,54101;Control1,Control2,Control3,Control4,Control5,Control6,Control7,Control8,Control9,Control10,Control11,Control12,Control13,Control16,Control17
51361,9355,105374166,23286,340273,100289137,253650,158228,112268037,143662,6495,100506411,654499,9388,101927355,54101,2277;Control1,Control2,Control3,Control4,Control5,Control6,Control8,Control9,Control10,Control11,Control12,Control13,Control15,Control16,Control17
51361,79056,100996301,23286,340273,100289137,253650,158228,143662,6495,100506411,654499,101927355,107985492,54101;Control1,Control2,Control3,Control4,Control5,Control6,Control7,Control8,Control9,Control10,Control11,Control12,Control13,Control15,Control16,Control17
51361,4257,100996301,101927686,340273,100289137,158228,143662,100506411,654499,54101;Control1,Control2,Control3,Control4,Control6,Control7,Control8,Control9,Control10,Control11,Control12,Control13,Control15,Control16
51361,10993,105374166,253650,112268037,6495,100506411,654499,970;Control1,Control2,Control3,Control4,Control5,Control6,Control7,Control8,Control9,Control10,Control11,Control13,Control16,Control17
51361,2835,3352,100996301,81849,23286,340273,100289137,158228,143662,7546,6495,100506411,654499,970,101927355,54101;Control2,Control3,Control4,Control5,Control6,Control7,Control8,Control9,Control10,Control11,Control12,Control15,Control16,Control17
51361,161291,105374166,10309,23286,340273,100289137,158228,143662,79056,6495,100506411,654499,970,101927355,54101;Control1,Control2,Control4,Control5,Control6,Control7,Control8,Control9,Control10,Control11,Control12,Control13,Control15,Control16,Control17
51361,366,3352,23286,340273,100289137,158228,143662,7546,6495,100506411,654499,970,101927355,54101;Control2,Control3,Control4,Control5,Control6,Control7,Control8,Control9,Control10,Control11,Control12,Control13,Control15,Control16,Control17
51361,9388,100996301,81849,105374166,23286,340273,100289137,253650,158228,112268037,143662,6495,100506411,654499,101927355,107985492,54101,2277;Control1,Control2,Control3,Control4,Control5,Control6,Control8,Control9,Control10,Control11,Control12,Control13,Control15,Control16,Control17
51361,970,100996301,81849,23286,340273,100289137,158228,143662,6495,100506411,654499,101927355,54101;Control1,Control2,Control3,Control4,Control5,Control6,Control7,Control8,Control9,Control10,Control11,Control12,Control13,Control15,Control16,Control17
51361,22974,23286,340273,100289137,158228,143662,6495,100506411,654499,107985492,54101;Control1,Control3,Control4,Control5,Control6,Control7,Control8,Control9,Control10,Control11,Control12,Control13,Control15,Control16
51361,2277,81849,105374166,23286,340273,100289137,253650,158228,112268037,143662,6495,100506411,654499,101927355,54101;Control1,Control2,Control3,Control4,Control5,Control6,Control7,Control8,Control9,Control10,Control11,Control12,Control13,Control15,Control16,Control17
1573,3914;Control2,Control3,Control4,Control6,Control7,Control8,Control9,Control10,Control11,Control12,Control13,Control15,Control16,Control17
1573,103689845;Control2,Control3,Control4,Control6,Control7,Control8,Control9,Control10,Control11,Control12,Control13,Control15,Control16,Control17
1573,6860,107985513;Control1,Control2,Control3,Control4,Control5,Control6,Control7,Control8,Control9,Control11,Control12,Control15,Control16,Control17
100996301,653149,3352,51361,100505994,23286,340273,158228,143662,79056,6495,100506411,654499,101927355,107985492,54101;Control1,Control3,Control4,Control5,Control6,Control7,Control8,Control9,Control10,Control11,Control12,Control13,Control16,Control17
100996301,79100,105375690,9388,107985492;Control1,Control2,Control3,Control4,Control5,Control6,Control8,Control9,Control10,Control11,Control12,Control15,Control16,Control17
100996301,2328,81849,2019,23286,101927355,107985492;Control1,Control3,Control4,Control5,Control6,Control7,Control8,Control9,Control11,Control12,Control13,Control15,Control16,Control17
100996301,105372950,84561,100505994,80329,646024,105376041,107985492,3053;Control1,Control2,Control3,Control6,Control7,Control8,Control9,Control10,Control11,Control12,Control13,Control15,Control16,Control17
100996301,731220,100505994,646024,11075,105376041,55655,107985492,3053;Control1,Control2,Control3,Control6,Control7,Control8,Control9,Control10,Control11,Control12,Control13,Control15,Control16,Control17
100996301,284958,105377508,100505994,646024,105376041,3229,387895,107985492;Control1,Control2,Control3,Control6,Control7,Control8,Control9,Control10,Control11,Control12,Control13,Control15,Control16,Control17
100996301,56300,100505994,646024,105376041,3229,387895,4496,107985492,3053;Control1,Control2,Control3,Control5,Control6,Control7,Control8,Control9,Control10,Control11,Control12,Control13,Control15,Control17
100996301,29851,51361,5133,4547,23286,340273,100289137,253650,158228,112268037,143662,7546,6495,100506411,654499,970,101927355,54101;Control2,Control3,Control4,Control5,Control6,Control7,Control8,Control10,Control11,Control12,Control13,Control15,Control16,Control17
100996301,5798,100505994,646024,105376041,100533990,344,107985492,3053,109729169;Control1,Control2,Control3,Control5,Control6,Control7,Control8,Control9,Control10,Control11,Control13,Control15,Control16,Control17
100996301,84561,105372950,100505994,646024,105376041,107985492,3053;Control1,Control2,Control3,Control5,Control7,Control8,Control9,Control10,Control11,Control12,Control13,Control15,Control16,Control17
100996301,105374166,51361,81849,23286,340273,100289137,253650,158228,112268037,143662,6495,100506411,654499,970,101927355,54101;Control1,Control2,Control3,Control4,Control5,Control7,Control8,Control9,Control10,Control11,Control12,Control13,Control15,Control16,Control17
100996301,79674;Control1,Control2,Control3,Control5,Control6,Control7,Control8,Control9,Control11,Control12,Control13,Control15,Control16,Control17
100996301,647309,100505994,646024,105376041,107985492,3053;Control1,Control2,Control5,Control6,Control7,Control8,Control9,Control10,Control11,Control12,Control13,Control15,Control16,Control17
100996301,3512,1047,166979,101927686,4544;Control1,Control2,Control3,Control5,Control6,Control7,Control8,Control9,Control10,Control11,Control12,Control13,Control16,Control17
100996301,4547,3352,51361,81849,5133,23286,340273,100289137,158228,143662,7546,6495,100506411,654499,970,101927355,54101;Control2,Control3,Control4,Control5,Control6,Control7,Control8,Control10,Control11,Control12,Control13,Control15,Control16,Control17
100996301,3135,81849,105374166,79056,101927355;Control1,Control2,Control3,Control4,Control5,Control6,Control7,Control8,Control9,Control10,Control11,Control12,Control13,Control16,Control17
100996301,646024,100505994,105376041,107985492,3053;Control1,Control2,Control3,Control5,Control6,Control7,Control8,Control9,Control10,Control11,Control12,Control13,Control15,Control16,Control17
100996301,105375674,23286,101927355,107985492;Control1,Control2,Control3,Control4,Control5,Control6,Control7,Control8,Control9,Control10,Control11,Control12,Control15,Control16,Control17
100996301,105375690,107985492;Control1,Control2,Control3,Control4,Control5,Control6,Control7,Control8,Control9,Control10,Control11,Control12,Control13,Control15,Control16,Control17
100996301,554202,100505994,646024,105376041,107985492,3053;Control1,Control2,Control3,Control5,Control6,Control8,Control9,Control10,Control11,Control12,Control13,Control15,Control16,Control17
100996301,101101772,81849,253650,101927355,107985492;Control1,Control2,Control3,Control4,Control5,Control6,Control7,Control8,Control9,Control10,Control11,Control12,Control13,Control15,Control16,Control17
100996301,219527,5865,6716,1047,166979,101927686,4544,116173,6345;Control1,Control2,Control3,Control5,Control6,Control7,Control8,Control9,Control10,Control11,Control12,Control13,Control16,Control17
100996301,4257,3352,81849,245972;Control1,Control2,Control3,Control4,Control5,Control6,Control7,Control8,Control9,Control11,Control12,Control13,Control15,Control16
100996301,3229,731220,100505994,646024,105375690,105376041,55655,107985492,3053;Control1,Control2,Control3,Control6,Control7,Control8,Control9,Control10,Control11,Control12,Control13,Control15,Control16,Control17
100996301,10993,81849,253650,112268037,100506411,107985492;Control1,Control2,Control3,Control4,Control5,Control6,Control7,Control8,Control9,Control10,Control11,Control13,Control15,Control17
100996301,5100,81849,3053;Control1,Control2,Control3,Control5,Control6,Control8,Control9,Control10,Control11,Control12,Control13,Control15,Control16,Control17
100996301,387978,100505994,107986606,646024,105376041,107985492,3053;Control1,Control2,Control3,Control5,Control6,Control7,Control8,Control10,Control11,Control12,Control13,Control15,Control16,Control17
100996301,161291,51361,105374166,10309,100505994,23286,340273,100289137,158228,143662,79056,6495,100506411,654499,970,101927355,107985492,54101;Control1,Control2,Control4,Control5,Control6,Control7,Control8,Control9,Control10,Control11,Control12,Control13,Control16,Control17
100996301,366,3352,51361,81849,100505994,23286,340273,100289137,253650,158228,143662,7546,6495,100506411,654499,970,101927355,107985492,54101;Control2,Control3,Control4,Control5,Control6,Control7,Control8,Control9,Control10,Control11,Control12,Control13,Control16,Control17
100996301,9956,100505994,646024,105376041,107985492,3053;Control1,Control2,Control3,Control5,Control6,Control7,Control9,Control10,Control11,Control12,Control13,Control15,Control16,Control17
100996301,9955,100505994,646024,105376041,107985492,3053;Control1,Control3,Control5,Control6,Control7,Control8,Control9,Control10,Control11,Control12,Control13,Control15,Control16,Control17
100996301,115701,284958,100505994,646024,105375690,105376041,3229,55655,107985492;Control1,Control2,Control3,Control6,Control7,Control8,Control9,Control10,Control11,Control12,Control13,Control15,Control16,Control17
100996301,55655,5865,100505994,646024,105376041,107985492,3053,109729169;Control1,Control2,Control3,Control6,Control7,Control8,Control9,Control10,Control11,Control12,Control13,Control15,Control16,Control17
100996301,3053,81849;Control1,Control2,Control3,Control5,Control6,Control7,Control8,Control9,Control10,Control11,Control12,Control13,Control15,Control16,Control17
55635,653820,4751,23397,55247,3161,54443,7153;Control2,Control3,Control5,Control6,Control7,Control8,Control9,Control10,Control11,Control12,Control13,Control15,Control16,Control17
55635,554282;Control1,Control2,Control3,Control5,Control7,Control8,Control9,Control10,Control11,Control12,Control13,Control15,Control16,Control17
55635,728833;Control2,Control4,Control5,Control6,Control7,Control8,Control9,Control10,Control11,Control12,Control13,Control15,Control16,Control17
55635,9928,4751,55247,3161,54443,55872,55165,7153;Control1,Control2,Control3,Control4,Control5,Control7,Control8,Control9,Control10,Control11,Control12,Control13,Control15,Control16,Control17
55635,4751,55247,54443,983,55165,7153;Control1,Control2,Control3,Control4,Control5,Control6,Control7,Control8,Control9,Control10,Control11,Control12,Control13,Control15,Control16,Control17
55635,1063,6241,150468,55872,983,55165,51203;Control1,Control2,Control3,Control4,Control5,Control7,Control9,Control10,Control11,Control12,Control13,Control15,Control16,Control17
55635,6241,9928,4751,3161,54443,55872,55165,221150,7153,29128,24137;Control1,Control2,Control3,Control4,Control5,Control7,Control8,Control9,Control10,Control11,Control12,Control13,Control15,Control16
55635,23397,55247,983,55165,7153;Control1,Control2,Control3,Control4,Control5,Control6,Control7,Control8,Control9,Control10,Control11,Control12,Control13,Control15,Control16,Control17
55635,699,4751,23397,54443,983,55165,51203,7153;Control1,Control2,Control3,Control5,Control6,Control7,Control8,Control9,Control10,Control11,Control12,Control13,Control15,Control16,Control17
55635,150468,4751,54443,55872,983,3832,55165,51203;Control1,Control2,Control3,Control4,Control5,Control7,Control9,Control10,Control11,Control12,Control13,Control15,Control16,Control17
55635,27178,285643,54443,157570,7153;Control1,Control2,Control3,Control4,Control5,Control6,Control7,Control10,Control11,Control12,Control13,Control15,Control16,Control17
55635,55355,4751,6241,23397,55247,3161,54443,983,3832,55165,51203,7153,24137;Control1,Control2,Control3,Control4,Control5,Control6,Control7,Control8,Control9,Control10,Control11,Control12,Control13,Control15
55635,10721,23397,55247,11130,55165,100288637,7153;Control1,Control2,Control3,Control5,Control6,Control7,Control8,Control9,Control10,Control11,Control12,Control13,Control15,Control16,Control17
55635,4085,4751,55247,3161,100288637,7153;Control2,Control3,Control4,Control5,Control6,Control7,Control8,Control9,Control10,Control11,Control12,Control13,Control15,Control16,Control17
55635,4001,9928,55247,3161,54443,55872,7153;Control1,Control2,Control3,Control4,Control5,Control7,Control9,Control10,Control11,Control12,Control13,Control15,Control16,Control17
55635,3833,6241,55872,983,55165,51203,100507118,7153;Control1,Control2,Control3,Control4,Control5,Control6,Control7,Control9,Control10,Control11,Control12,Control13,Control15,Control16
55635,7272,4751,23397,10721,3161,54443,55165,7153;Control1,Control3,Control4,Control5,Control7,Control8,Control9,Control10,Control11,Control12,Control13,Control15,Control16,Control17
55635,2845,3832,7153;Control1,Control3,Control4,Control5,Control6,Control7,Control8,Control9,Control10,Control11,Control12,Control13,Control15,Control16,Control17
55635,55872,4751,55247,3161,54443,983,55165,9055,7153;Control1,Control2,Control3,Control4,Control5,Control6,Control7,Control9,Control10,Control11,Control12,Control13,Control15,Control16,Control17
55635,9833,6241,23397,3161,55872,983,55165,51203,79801,7153,29128;Control1,Control2,Control3,Control4,Control5,Control7,Control9,Control10,Control11,Control12,Control13,Control15,Control16,Control17
55635,55388,23397,55247,983,55165,7153;Control1,Control2,Control3,Control4,Control5,Control6,Control7,Control8,Control9,Control10,Control12,Control13,Control15,Control16,Control17
55635,11130,4751,23397,699,983,55165,100288637,7153;Control1,Control2,Control3,Control5,Control6,Control7,Control8,Control9,Control10,Control11,Control12,Control13,Control15,Control16,Control17
55635,3832,4751,54443,983,55165,51203,7153;Control1,Control2,Control3,Control4,Control5,Control6,Control7,Control8,Control9,Control10,Control11,Control12,Control13,Control15,Control16,Control17
55635,105369685,2845;Control1,Control3,Control4,Control5,Control6,Control7,Control8,Control10,Control11,Control12,Control13,Control15,Control16,Control17
55635,144455,51203,7153;Control1,Control2,Control3,Control5,Control6,Control7,Control9,Control10,Control11,Control12,Control13,Control15,Control16,Control17
55635,116173;Control1,Control2,Control3,Control4,Control6,Control7,Control8,Control10,Control11,Control12,Control13,Control15,Control16,Control17
55635,100288637,9928,4751,55247,3161,7153;Control1,Control2,Control3,Control4,Control5,Control7,Control8,Control9,Control10,Control11,Control12,Control13,Control15,Control16,Control17
55635,9824,4751,55247,54443,983,55165,7153;Control1,Control2,Control4,Control5,Control6,Control7,Control8,Control9,Control10,Control11,Control12,Control13,Control15,Control16,Control17
55635,701;Control2,Control3,Control4,Control6,Control7,Control8,Control9,Control10,Control11,Control12,Control13,Control15,Control16,Control17
55635,9768,55388,7153;Control1,Control3,Control4,Control5,Control7,Control8,Control9,Control10,Control11,Control12,Control13,Control15,Control16,Control17
55635,9493,4751,54443,55872,983,3832,55165,9824,51203,9055,7153;Control1,Control2,Control4,Control5,Control6,Control7,Control9,Control10,Control11,Control12,Control13,Control15,Control16,Control17
55635,100507118,4751,55247,3161,54443,55872,983,55165,9055,7153,29128;Control1,Control2,Control3,Control4,Control5,Control7,Control9,Control10,Control11,Control12,Control13,Control15,Control16,Control17
55635,79801,1063,6241,3161,55872,983,55165,51203,100507118,7153,29128,24137;Control1,Control2,Control3,Control4,Control5,Control7,Control9,Control10,Control11,Control12,Control13,Control15,Control16,Control17
55635,83903,4751,150468,54443,55872,3832,55165;Control1,Control2,Control3,Control4,Control5,Control7,Control9,Control10,Control11,Control12,Control13,Control15,Control16,Control17
55635,54478;Control1,Control2,Control3,Control4,Control5,Control6,Control7,Control8,Control9,Control10,Control11,Control12,Control13,Control15,Control16,Control17
55635,201299,54478;Control1,Control2,Control3,Control4,Control5,Control6,Control7,Control9,Control10,Control11,Control12,Control13,Control15,Control16
55635,29128,4751,55247,3161,54443,55872,983,55165,7153;Control1,Control2,Control3,Control4,Control5,Control7,Control8,Control9,Control10,Control11,Control12,Control13,Control15,Control16,Control17
55635,24137,23397,3161,55872,983,55165,51203,7153,29128;Control1,Control2,Control3,Control4,Control5,Control7,Control8,Control9,Control10,Control11,Control12,Control13,Control15,Control16,Control17
81849,101928152;Control1,Control2,Control3,Control5,Control6,Control8,Control9,Control10,Control11,Control12,Control13,Control15,Control16,Control17
81849,731220,11075;Control1,Control2,Control3,Control6,Control7,Control8,Control9,Control10,Control11,Control12,Control13,Control15,Control16,Control17
81849,105377043;Control1,Control2,Control3,Control6,Control7,Control8,Control9,Control10,Control11,Control12,Control13,Control15,Control16,Control17
81849,10309,51361,100996301,2019,23286,340273,100289137,253650,158228,143662,6495,100506411,654499,101927355,107985492,54101;Control1,Control2,Control4,Control5,Control6,Control7,Control8,Control9,Control11,Control12,Control13,Control15,Control16,Control17
81849,134285,51361,100996301,2019,23286,340273,100289137,253650,158228,143662,6495,100506411,654499,105371927,101927355,107985492,54101;Control1,Control3,Control4,Control5,Control6,Control7,Control8,Control9,Control11,Control12,Control13,Control15,Control16,Control17
81849,57451,51361,100996301,23286,340273,100289137,253650,158228,143662,6495,100506411,654499,970,101927355,54101;Control1,Control2,Control4,Control5,Control6,Control7,Control8,Control10,Control11,Control12,Control13,Control15,Control16,Control17
81849,101927686,51361,100996301,105374166,23286,340273,100289137,253650,158228,112268037,143662,6495,100506411,654499,970,101927355,54101,2277;Control1,Control2,Control3,Control4,Control6,Control7,Control8,Control9,Control10,Control11,Control12,Control13,Control15,Control16,Control17
81849,105375690,100996301,2019,253650,107985492;Control1,Control2,Control3,Control4,Control5,Control6,Control7,Control8,Control9,Control11,Control12,Control13,Control15,Control16,Control17
81849,554202;Control1,Control2,Control3,Control6,Control7,Control8,Control9,Control10,Control11,Control12,Control13,Control15,Control16,Control17
81849,9355,51361,100996301,105374166,23286,340273,100289137,253650,158228,112268037,143662,6495,100506411,654499,9388,101927355,107985492,54101,2277;Control1,Control2,Control3,Control4,Control5,Control6,Control8,Control9,Control10,Control11,Control12,Control13,Control15,Control17
81849,79056,51361,100996301,105374166,100505994,23286,340273,100289137,253650,158228,112268037,143662,6495,100506411,654499,970,101927355,107985492,54101;Control1,Control2,Control3,Control4,Control5,Control6,Control7,Control8,Control9,Control10,Control11,Control12,Control13,Control16,Control17
81849,10993,100996301,105375690,101101772,107985492;Control1,Control2,Control3,Control4,Control6,Control7,Control8,Control9,Control10,Control11,Control13,Control15,Control16,Control17
81849,9388,253650,112268037,2277;Control1,Control2,Control3,Control4,Control5,Control6,Control7,Control8,Control9,Control10,Control11,Control12,Control13,Control15,Control16,Control17
81849,107985436;Control1,Control2,Control3,Control5,Control6,Control7,Control8,Control9,Control10,Control11,Control12,Control13,Control16,Control17
81849,57167,105374166,100289137,253650,112268037,100506411,654499,101927355,2277;Control1,Control2,Control3,Control4,Control5,Control6,Control7,Control8,Control9,Control10,Control11,Control13,Control16,Control17
81849,7477,105374166,253650,112268037,100506411,9388,57167,2277;Control1,Control2,Control3,Control4,Control5,Control6,Control7,Control8,Control9,Control10,Control11,Control13,Control16,Control17
26289,5798,374946,101928658;Control1,Control2,Control3,Control4,Control5,Control6,Control8,Control9,Control10,Control11,Control12,Control13,Control15,Control16
26289,286676,168002,105378305,4318,109729184,7477,349408;Control1,Control2,Control3,Control4,Control5,Control7,Control8,Control9,Control10,Control11,Control12,Control13,Control15,Control16
26289,9076,101928658,4318,109729184;Control1,Control2,Control3,Control4,Control5,Control6,Control7,Control8,Control9,Control11,Control12,Control13,Control15,Control16
26289,131578;Control1,Control2,Control3,Control4,Control5,Control6,Control7,Control8,Control9,Control10,Control11,Control13,Control15,Control16,Control17
26289,112268460;Control1,Control2,Control3,Control4,Control5,Control8,Control9,Control10,Control11,Control12,Control13,Control15,Control16,Control17
26289,101928658,4318,109729184;Control1,Control2,Control3,Control4,Control5,Control6,Control7,Control8,Control9,Control10,Control11,Control12,Control13,Control15,Control16,Control17
26289,102467080;Control1,Control2,Control3,Control4,Control5,Control6,Control8,Control9,Control11,Control12,Control13,Control15,Control16,Control17
26289,1404,105378305,349408;Control1,Control2,Control3,Control4,Control5,Control7,Control8,Control9,Control10,Control11,Control12,Control13,Control15,Control17
26289,168002,4318,109729184,7477,349408;Control1,Control2,Control3,Control4,Control5,Control6,Control7,Control8,Control9,Control10,Control11,Control12,Control13,Control15,Control16
26289,100652791,63898,109729184;Control1,Control2,Control3,Control4,Control5,Control6,Control7,Control8,Control9,Control10,Control11,Control13,Control15,Control16
26289,63898,4318,109729184;Control1,Control2,Control3,Control4,Control5,Control6,Control7,Control8,Control9,Control10,Control11,Control12,Control13,Control15,Control16,Control17
26289,107986951,9076,101928658,4318,109729184;Control1,Control2,Control3,Control4,Control5,Control6,Control7,Control8,Control9,Control10,Control11,Control12,Control13,Control15
26289,100048912,10024;Control1,Control2,Control3,Control4,Control5,Control6,Control8,Control9,Control10,Control11,Control13,Control15,Control16,Control17
26289,89958,101928658;Control1,Control2,Control3,Control4,Control5,Control6,Control8,Control10,Control11,Control12,Control13,Control15,Control16,Control17
26289,105378305,63898,4318,109729184;Control1,Control2,Control3,Control4,Control5,Control7,Control8,Control9,Control11,Control12,Control13,Control15,Control16,Control17
26289,112937,131578,349408;Control1,Control2,Control3,Control4,Control5,Control6,Control8,Control9,Control10,Control11,Control13,Control15,Control16,Control17
26289,120939,63898,4318,109729184;Control1,Control3,Control4,Control5,Control6,Control7,Control8,Control9,Control11,Control12,Control13,Control15,Control16,Control17
26289,100506411,9076,101928658,109729184;Control1,Control2,Control3,Control5,Control6,Control7,Control8,Control9,Control10,Control11,Control12,Control13,Control15,Control16
26289,338005,101928658,109729184;Control1,Control2,Control3,Control4,Control5,Control6,Control7,Control8,Control9,Control10,Control11,Control12,Control13,Control16
26289,176,349408;Control1,Control2,Control3,Control4,Control5,Control6,Control8,Control9,Control10,Control11,Control12,Control13,Control15,Control17
26289,79191,168002,344,4318,109729184,7477;Control1,Control2,Control3,Control4,Control5,Control6,Control7,Control8,Control9,Control10,Control11,Control12,Control13,Control15
26289,10265,168002,109729184,349408;Control1,Control2,Control3,Control4,Control5,Control6,Control7,Control8,Control10,Control11,Control12,Control13,Control15,Control16
26289,4166;Control1,Control2,Control3,Control4,Control5,Control6,Control7,Control8,Control9,Control11,Control13,Control15,Control16,Control17
26289,1995,168002,4318,109729184,349408;Control1,Control2,Control3,Control4,Control5,Control6,Control8,Control9,Control10,Control11,Control12,Control13,Control15,Control16
26289,110806280,131578;Control1,Control2,Control3,Control4,Control5,Control6,Control7,Control8,Control9,Control10,Control11,Control13,Control16,Control17
26289,10437,63898,109729184;Control2,Control3,Control4,Control5,Control6,Control7,Control8,Control9,Control11,Control12,Control13,Control15,Control16,Control17
26289,344,101928658,168002,4318,109729184;Control1,Control2,Control3,Control4,Control5,Control6,Control7,Control8,Control9,Control10,Control11,Control12,Control13,Control15
26289,57167,374946,101928658,7477;Control1,Control2,Control3,Control5,Control6,Control7,Control8,Control9,Control10,Control11,Control12,Control13,Control15,Control16
26289,349408;Control1,Control2,Control3,Control4,Control5,Control6,Control7,Control8,Control9,Control10,Control11,Control12,Control13,Control15,Control16,Control17
23566,6273,8355,105375027,101927760,338667,53820,111216286;Control1,Control2,Control3,Control4,Control5,Control7,Control8,Control9,Control10,Control11,Control12,Control13,Control15,Control16
23566,3664,107984763,3783,729447,102723547;Control1,Control2,Control3,Control4,Control5,Control7,Control8,Control9,Control10,Control11,Control12,Control15,Control16,Control17
23566,105372950;Control1,Control2,Control3,Control4,Control5,Control6,Control7,Control8,Control9,Control10,Control11,Control12,Control13,Control16
23566,3754,105375027,101927760,102724784,338667,111216286;Control1,Control2,Control3,Control4,Control5,Control7,Control8,Control9,Control10,Control11,Control12,Control13,Control15,Control16
23566,56896,1404,3856,113218482;Control1,Control2,Control3,Control4,Control5,Control6,Control7,Control8,Control9,Control10,Control11,Control12,Control15,Control16
23566,55240;Control1,Control2,Control4,Control5,Control6,Control7,Control8,Control9,Control11,Control12,Control13,Control15,Control16,Control17
23566,105377123,3856;Control1,Control2,Control3,Control4,Control5,Control6,Control7,Control8,Control9,Control11,Control12,Control13,Control15,Control16
23566,8352,8355,101927760,338667,53820;Control1,Control2,Control3,Control4,Control5,Control7,Control8,Control9,Control10,Control11,Control12,Control13,Control15,Control16
23566,105375077,83648;Control1,Control3,Control4,Control5,Control6,Control7,Control8,Control9,Control10,Control11,Control12,Control13,Control16,Control17
23566,1750,56896,3856,113218482;Control1,Control2,Control3,Control4,Control5,Control6,Control7,Control8,Control9,Control10,Control11,Control12,Control15,Control16
23566,83648,53820;Control1,Control2,Control3,Control4,Control5,Control6,Control7,Control8,Control9,Control10,Control11,Control12,Control15,Control16,Control17
23566,102724784,6273,105375027,101927760,338667,3881,111216286;Control1,Control2,Control3,Control4,Control5,Control7,Control8,Control9,Control10,Control11,Control12,Control13,Control15,Control16
23566,338797,6273,105375027,101927760,338667,3881,111216286;Control1,Control2,Control3,Control4,Control5,Control7,Control8,Control9,Control10,Control11,Control12,Control13,Control15,Control16
23566,9628;Control1,Control2,Control3,Control4,Control5,Control6,Control7,Control8,Control9,Control10,Control11,Control12,Control13,Control15,Control16,Control17
23566,107984763;Control1,Control2,Control3,Control4,Control5,Control6,Control7,Control8,Control9,Control10,Control11,Control12,Control13,Control15,Control16,Control17
23566,594855,107984763;Control1,Control2,Control3,Control4,Control6,Control7,Control8,Control9,Control10,Control11,Control12,Control13,Control15,Control16
23566,105371050,6273,105375027,101927760,338667,53820;Control1,Control2,Control3,Control4,Control5,Control7,Control8,Control9,Control10,Control11,Control12,Control13,Control15,Control16
23566,284240,56896,107984763;Control1,Control2,Control3,Control4,Control5,Control6,Control7,Control8,Control9,Control10,Control11,Control12,Control15,Control16
23566,89858,107984763;Control1,Control2,Control3,Control4,Control5,Control6,Control7,Control8,Control9,Control10,Control11,Control12,Control15,Control16,Control17
23566,111216286,9628;Control1,Control2,Control3,Control4,Control5,Control6,Control7,Control8,Control9,Control10,Control11,Control12,Control13,Control15,Control16
115362,101928202,100506827,10537,100506655,23532;Control1,Control2,Control3,Control4,Control5,Control7,Control8,Control9,Control10,Control12,Control13,Control15,Control16,Control17
115362,729533,100506827;Control1,Control3,Control4,Control5,Control6,Control7,Control9,Control10,Control11,Control12,Control13,Control15,Control16,Control17
115362,6716,3580,100506827,3627,10537,100506655,23532;Control1,Control2,Control3,Control4,Control6,Control7,Control9,Control10,Control11,Control12,Control13,Control15,Control16,Control17
115362,29851,100506827,3627;Control1,Control2,Control3,Control5,Control6,Control7,Control8,Control9,Control10,Control11,Control12,Control13,Control15,Control16,Control17
115362,3580,100506827,3627,10537,100506655,23532;Control1,Control2,Control3,Control4,Control6,Control7,Control8,Control9,Control10,Control11,Control12,Control13,Control15,Control16,Control17
115362,5133,6664,29851,4283,3627,10537,2625;Control2,Control3,Control5,Control6,Control7,Control8,Control9,Control10,Control11,Control12,Control13,Control15,Control16,Control17
115362,50852;Control1,Control2,Control3,Control5,Control6,Control7,Control8,Control9,Control10,Control11,Control12,Control13,Control15,Control16,Control17
115362,100506827,10537,100506655,23532;Control1,Control2,Control3,Control4,Control5,Control6,Control7,Control8,Control9,Control10,Control11,Control12,Control13,Control15,Control16,Control17
115362,4283,100506827,100506655,339256,147741,23532;Control1,Control2,Control3,Control4,Control5,Control6,Control7,Control8,Control10,Control11,Control12,Control13,Control15,Control16,Control17
115362,3627,10537,100506655,23532;Control1,Control2,Control3,Control4,Control5,Control6,Control7,Control8,Control9,Control10,Control11,Control12,Control13,Control15,Control16,Control17
115362,4547,6664,4283,3627,10537,27299,2625,387978,100506655,105372115,23532;Control2,Control3,Control4,Control5,Control7,Control8,Control9,Control10,Control11,Control12,Control13,Control15,Control16,Control17
115362,7180,100506827,3627,101927760;Control1,Control2,Control3,Control4,Control5,Control7,Control8,Control9,Control10,Control11,Control12,Control15,Control16,Control17
115362,2845,100506827,2625;Control2,Control3,Control4,Control5,Control6,Control7,Control9,Control10,Control11,Control12,Control13,Control15,Control16,Control17
115362,85479;Control2,Control3,Control4,Control5,Control6,Control7,Control8,Control9,Control10,Control11,Control13,Control15,Control16,Control17
115362,105376042,100506827,4283,100506655,339256,147741,23532;Control1,Control2,Control3,Control4,Control5,Control6,Control8,Control10,Control11,Control12,Control13,Control15,Control16,Control17
115362,2625,100506827;Control2,Control3,Control4,Control5,Control6,Control7,Control8,Control9,Control10,Control11,Control12,Control13,Control15,Control16,Control17
115362,27063,100506827,3627,10537,100506655,23532;Control1,Control2,Control3,Control4,Control5,Control6,Control7,Control8,Control9,Control11,Control12,Control13,Control15,Control16
115362,101927760;Control1,Control2,Control3,Control4,Control5,Control6,Control7,Control8,Control9,Control10,Control11,Control12,Control15,Control16,Control17
115362,8538;Control2,Control3,Control4,Control5,Control6,Control7,Control8,Control10,Control11,Control12,Control13,Control15,Control16,Control17
115362,7546,100506827,4283,10537,100506655,339256,147741,23532;Control1,Control2,Control3,Control5,Control6,Control7,Control8,Control10,Control11,Control12,Control13,Control15,Control16,Control17
115362,701,100506827,10537,100506655,23532;Control1,Control3,Control4,Control5,Control6,Control7,Control8,Control9,Control10,Control11,Control12,Control13,Control15,Control16,Control17
115362,64843,100506827,2625;Control2,Control4,Control5,Control6,Control7,Control8,Control9,Control10,Control11,Control12,Control13,Control15,Control16,Control17
115362,6345,4283,100506655,147741;Control1,Control2,Control3,Control4,Control6,Control7,Control8,Control10,Control11,Control12,Control13,Control15,Control16,Control17
115362,105371275,100506827,2625;Control2,Control3,Control4,Control5,Control6,Control7,Control8,Control9,Control10,Control11,Control13,Control15,Control16,Control17
115362,102606463,4283,3627,10537,100506655,339256,23532;Control1,Control2,Control3,Control4,Control5,Control6,Control7,Control8,Control10,Control11,Control12,Control13,Control15,Control16,Control17
115362,55423,100506827;Control1,Control2,Control3,Control5,Control6,Control7,Control8,Control9,Control10,Control11,Control12,Control13,Control15,Control16,Control17
115362,101929707,100506827,3627,10537,100506655,23532;Control1,Control3,Control4,Control5,Control6,Control7,Control8,Control9,Control11,Control12,Control13,Control15,Control16,Control17
115362,5008;Control1,Control2,Control3,Control4,Control5,Control7,Control8,Control10,Control11,Control12,Control13,Control15,Control16,Control17
115362,113730,10537,23532;Control1,Control2,Control3,Control4,Control5,Control6,Control7,Control8,Control9,Control10,Control11,Control12,Control13,Control16,Control17
1301,574414,574029,2834;Control1,Control2,Control3,Control4,Control5,Control6,Control7,Control8,Control9,Control10,Control11,Control12,Control13,Control15,Control16,Control17
1301,79100,100652791,8549,5101;Control1,Control2,Control3,Control4,Control5,Control6,Control7,Control8,Control9,Control10,Control11,Control12,Control15,Control17
1301,105371664,574414,101927750;Control1,Control3,Control4,Control5,Control6,Control7,Control8,Control9,Control10,Control11,Control12,Control13,Control15,Control16
1301,101927750,574414;Control1,Control2,Control3,Control4,Control5,Control6,Control7,Control8,Control9,Control10,Control11,Control12,Control13,Control15,Control16,Control17
1301,731220,100505994,554202;Control1,Control2,Control3,Control4,Control5,Control6,Control8,Control9,Control10,Control11,Control12,Control13,Control15,Control17
1301,56300;Control1,Control2,Control3,Control4,Control5,Control6,Control7,Control8,Control9,Control10,Control11,Control12,Control13,Control15,Control16,Control17
1301,6332,574414,574029;Control1,Control2,Control3,Control4,Control5,Control6,Control8,Control9,Control10,Control11,Control12,Control13,Control15,Control16,Control17
1301,286676,56300,107986951;Control1,Control2,Control3,Control4,Control5,Control7,Control8,Control9,Control10,Control11,Control13,Control15,Control16,Control17
1301,131578;Control1,Control2,Control3,Control4,Control5,Control6,Control7,Control8,Control9,Control10,Control11,Control12,Control13,Control15
1301,55789,574029;Control2,Control3,Control4,Control5,Control6,Control7,Control9,Control10,Control11,Control12,Control13,Control15,Control16,Control17
1301,1404,574414,574029,2834;Control1,Control2,Control3,Control4,Control5,Control7,Control8,Control9,Control10,Control11,Control12,Control13,Control15,Control16,Control17
1301,860,100652791,5101;Control1,Control2,Control3,Control4,Control5,Control6,Control7,Control8,Control9,Control10,Control12,Control13,Control15,Control17
1301,253582,574414,574029,2834,112937,654499;Control1,Control2,Control3,Control5,Control6,Control7,Control8,Control9,Control10,Control11,Control12,Control13,Control15,Control16
1301,64094,574029,107986951,2834;Control1,Control2,Control3,Control4,Control5,Control6,Control7,Control8,Control9,Control10,Control11,Control13,Control15,Control16,Control17
1301,100506895,56300,100126311;Control1,Control2,Control4,Control5,Control6,Control7,Control8,Control9,Control11,Control12,Control13,Control15,Control16,Control17
1301,100652791,56300;Control1,Control2,Control3,Control4,Control5,Control6,Control8,Control9,Control10,Control11,Control12,Control13,Control15,Control16,Control17
1301,63898,860,100652791,554202,5101,4318,109729184;Control1,Control2,Control3,Control4,Control5,Control6,Control7,Control8,Control9,Control10,Control11,Control13,Control15,Control17
1301,105375622,574414,574029,2834;Control1,Control2,Control3,Control4,Control5,Control6,Control7,Control9,Control10,Control11,Control12,Control13,Control15,Control16,Control17
1301,105375690,100505994;Control1,Control2,Control3,Control4,Control5,Control6,Control8,Control9,Control10,Control11,Control12,Control13,Control15,Control17
1301,554202,100652791,5101;Control1,Control2,Control3,Control4,Control5,Control6,Control7,Control8,Control9,Control10,Control11,Control12,Control13,Control15,Control17
1301,338376,554202,5101;Control2,Control3,Control4,Control5,Control6,Control7,Control8,Control9,Control10,Control11,Control12,Control13,Control15,Control17
1301,9355,6332,554202,5101;Control1,Control2,Control3,Control4,Control5,Control6,Control7,Control8,Control9,Control10,Control11,Control12,Control13,Control17
1301,6865,574414,101927750;Control1,Control2,Control3,Control4,Control5,Control6,Control7,Control9,Control10,Control11,Control12,Control13,Control15,Control16,Control17
1301,1813,574414,101927750,56300,2834,4496;Control1,Control2,Control3,Control4,Control5,Control6,Control7,Control8,Control9,Control10,Control12,Control13,Control16,Control17
1301,112937,574414,574029,2834;Control1,Control2,Control3,Control4,Control5,Control6,Control7,Control8,Control9,Control10,Control11,Control12,Control13,Control15,Control16
1301,4973,574029;Control1,Control2,Control3,Control4,Control5,Control6,Control7,Control8,Control9,Control11,Control13,Control15,Control16,Control17
1301,3229,574414,101927750,56300,4496;Control1,Control2,Control3,Control4,Control5,Control6,Control7,Control8,Control9,Control10,Control11,Control12,Control13,Control16,Control17
1301,387895,574414,574029,56300,2834,4496;Control1,Control2,Control4,Control5,Control6,Control7,Control8,Control9,Control10,Control11,Control12,Control13,Control16,Control17
1301,122042,860,100652791,554202,5101,9388;Control1,Control2,Control3,Control5,Control6,Control7,Control8,Control9,Control10,Control11,Control12,Control13,Control15,Control17
1301,654499,574414,574029,2834;Control1,Control2,Control3,Control5,Control6,Control7,Control8,Control9,Control10,Control11,Control12,Control13,Control15,Control16,Control17
1301,84419,554202;Control1,Control2,Control3,Control4,Control5,Control6,Control7,Control8,Control10,Control11,Control12,Control13,Control15,Control17
1301,100126311,574029,2834;Control1,Control2,Control3,Control4,Control5,Control6,Control7,Control8,Control9,Control11,Control12,Control13,Control16,Control17
1301,101929690,574414,574029,2834;Control2,Control4,Control5,Control6,Control7,Control8,Control9,Control10,Control11,Control12,Control13,Control15,Control16,Control17
1301,79191,7477;Control1,Control2,Control3,Control4,Control5,Control6,Control7,Control8,Control9,Control10,Control11,Control13,Control15,Control17
1301,4496,574414,574029,56300,2834;Control1,Control2,Control3,Control4,Control5,Control6,Control7,Control8,Control9,Control10,Control11,Control12,Control13,Control16,Control17
1301,27091,56300;Control1,Control2,Control3,Control4,Control6,Control7,Control9,Control10,Control11,Control12,Control13,Control15,Control16,Control17
1301,400618,574414,574029,101927750;Control1,Control2,Control3,Control4,Control5,Control6,Control7,Control8,Control9,Control10,Control11,Control13,Control15,Control16
1301,110806280,574414,574029,112937;Control1,Control2,Control3,Control4,Control5,Control6,Control7,Control8,Control9,Control10,Control11,Control12,Control13,Control15,Control16
1301,7477,63898,554202,5101;Control1,Control2,Control3,Control4,Control5,Control6,Control7,Control8,Control9,Control10,Control11,Control13,Control15,Control17
1301,349408,56300,107986951,112937;Control1,Control2,Control3,Control4,Control5,Control6,Control7,Control8,Control9,Control10,Control11,Control13,Control15,Control16
1301,5354,574414,574029,2834;Control1,Control3,Control4,Control5,Control6,Control7,Control8,Control9,Control10,Control11,Control12,Control13,Control15,Control16,Control17
1301,8471,574414,574029,101927750,2834;Control1,Control2,Control4,Control5,Control6,Control7,Control8,Control9,Control11,Control12,Control13,Control15,Control16,Control17
653149,653820,4085;Control1,Control2,Control3,Control5,Control6,Control7,Control8,Control10,Control11,Control12,Control13,Control15,Control16,Control17
653149,29851,51361,5133,23286,340273,158228,143662,79056,6495,100506411,654499,970,101927355,54101;Control1,Control3,Control4,Control5,Control6,Control7,Control8,Control10,Control11,Control12,Control13,Control15,Control16,Control17
653149,5133,3352,51361,23286,340273,158228,143662,79056,6495,100506411,654499,101927355,54101;Control1,Control3,Control4,Control5,Control6,Control7,Control8,Control10,Control11,Control12,Control13,Control15,Control16,Control17
653149,152225;Control1,Control3,Control4,Control6,Control7,Control8,Control9,Control10,Control11,Control12,Control13,Control15,Control16,Control17
653149,105374166,51361,23286,340273,100289137,158228,112268037,143662,79056,6495,100506411,654499,101927355,54101,2277;Control1,Control3,Control4,Control5,Control6,Control7,Control8,Control9,Control10,Control11,Control12,Control13,Control15,Control16,Control17
653149,55247;Control1,Control2,Control3,Control5,Control6,Control7,Control8,Control10,Control11,Control12,Control13,Control15,Control16,Control17
653149,10309,3135,79056,161291;Control1,Control2,Control4,Control5,Control6,Control7,Control8,Control9,Control11,Control12,Control13,Control15,Control16,Control17
653149,134285,105371927;Control1,Control2,Control3,Control4,Control5,Control6,Control7,Control8,Control9,Control11,Control12,Control13,Control15,Control16,Control17
653149,3135,79056;Control1,Control2,Control3,Control4,Control5,Control6,Control7,Control8,Control9,Control10,Control11,Control12,Control13,Control15,Control16,Control17
653149,101927686,3352,51361,23286,340273,100289137,158228,143662,79056,6495,100506411,654499,101927355,54101,2277;Control1,Control3,Control4,Control6,Control7,Control8,Control9,Control10,Control11,Control12,Control13,Control15,Control16,Control17
653149,253582,105374166,340273,158228,79056,654499;Control1,Control2,Control3,Control4,Control5,Control6,Control7,Control8,Control9,Control10,Control11,Control12,Control13,Control15
653149,203190,134285,105371927;Control1,Control2,Control3,Control4,Control5,Control6,Control7,Control8,Control9,Control11,Control12,Control15,Control16,Control17
653149,245972,3352,51361,134285,23286,340273,158228,143662,79056,6495,100506411,654499,105371927,101927355,54101;Control1,Control3,Control4,Control5,Control6,Control7,Control8,Control9,Control11,Control12,Control13,Control15,Control16,Control17
653149,253650,51361,105374166,23286,340273,100289137,158228,112268037,143662,79056,6495,100506411,654499,101927355,54101,2277;Control1,Control3,Control4,Control5,Control6,Control7,Control9,Control10,Control11,Control12,Control13,Control15,Control16,Control17
653149,9355,340273,158228,79056;Control1,Control2,Control3,Control4,Control5,Control6,Control8,Control9,Control10,Control11,Control12,Control13,Control15,Control17
653149,2835,23286,101927355;Control1,Control3,Control4,Control5,Control6,Control7,Control8,Control9,Control10,Control11,Control12,Control15,Control16,Control17
653149,7546,3352,51361,23286,340273,100289137,158228,143662,79056,6495,100506411,654499,366,970,101927355,54101;Control3,Control4,Control5,Control6,Control7,Control8,Control9,Control10,Control11,Control12,Control13,Control15,Control16,Control17
653149,161291,51361,105374166,23286,340273,158228,143662,79056,6495,100506411,654499,101927355,54101;Control1,Control4,Control5,Control6,Control7,Control8,Control9,Control10,Control11,Control12,Control13,Control15,Control16,Control17
653149,366,3352;Control1,Control3,Control4,Control5,Control6,Control7,Control9,Control10,Control11,Control12,Control13,Control15,Control16,Control17
653149,105370924;Control1,Control2,Control3,Control4,Control5,Control6,Control8,Control9,Control10,Control11,Control12,Control13,Control15,Control17
653149,970,51361,105374166,23286,340273,100289137,158228,112268037,143662,79056,6495,100506411,654499,101927355,54101,2277;Control1,Control3,Control4,Control5,Control6,Control7,Control9,Control10,Control11,Control12,Control13,Control15,Control16,Control17
653820,728833;Control1,Control2,Control3,Control4,Control5,Control6,Control7,Control8,Control9,Control10,Control12,Control13,Control16,Control17
653820,9928,55247,3161;Control1,Control2,Control3,Control5,Control7,Control8,Control9,Control10,Control11,Control12,Control13,Control15,Control16,Control17
653820,729533;Control1,Control2,Control3,Control4,Control5,Control6,Control7,Control8,Control9,Control11,Control12,Control13,Control15,Control16,Control17
653820,23397,10721,55247;Control2,Control3,Control4,Control5,Control6,Control7,Control8,Control9,Control10,Control11,Control12,Control13,Control15,Control16,Control17
653820,699,23397,11130;Control2,Control3,Control4,Control5,Control7,Control8,Control9,Control10,Control11,Control12,Control13,Control15,Control16,Control17
653820,3580;Control1,Control3,Control4,Control6,Control7,Control8,Control9,Control10,Control11,Control12,Control13,Control15,Control16,Control17
653820,56992,55247;Control1,Control2,Control3,Control5,Control6,Control7,Control8,Control9,Control10,Control11,Control12,Control13,Control15,Control16,Control17
653820,3627,4547,4085;Control1,Control3,Control4,Control5,Control6,Control7,Control9,Control10,Control11,Control12,Control13,Control15,Control16,Control17
653820,1062;Control1,Control2,Control3,Control4,Control6,Control7,Control8,Control9,Control10,Control11,Control12,Control13,Control15,Control16,Control17
653820,4085;Control1,Control2,Control3,Control4,Control5,Control6,Control7,Control8,Control9,Control10,Control11,Control12,Control13,Control15,Control16,Control17
653820,10643;Control1,Control2,Control3,Control4,Control5,Control6,Control7,Control8,Control9,Control10,Control12,Control13,Control15,Control17
653820,54443,9928,4751,55247,3161;Control2,Control3,Control4,Control5,Control7,Control8,Control9,Control10,Control11,Control12,Control13,Control15,Control16,Control17
653820,2845,4085;Control1,Control3,Control5,Control6,Control7,Control8,Control9,Control10,Control11,Control12,Control13,Control15,Control16,Control17
653820,983,23397,10721,55247;Control2,Control3,Control4,Control5,Control6,Control7,Control8,Control9,Control10,Control11,Control12,Control13,Control16,Control17
653820,144455,55247;Control2,Control3,Control4,Control5,Control6,Control7,Control8,Control9,Control10,Control11,Control12,Control13,Control15,Control17
653820,100288637,10721,55247;Control2,Control3,Control4,Control5,Control6,Control7,Control8,Control9,Control11,Control12,Control13,Control15,Control16,Control17
653820,54478;Control1,Control2,Control3,Control5,Control6,Control7,Control8,Control10,Control11,Control12,Control13,Control15,Control16,Control17
554282,23397,699,11130;Control1,Control2,Control3,Control4,Control5,Control7,Control8,Control9,Control10,Control11,Control12,Control13,Control15,Control16
554282,10721,23397,7272,11130;Control1,Control2,Control3,Control4,Control5,Control7,Control8,Control9,Control10,Control11,Control12,Control13,Control15,Control16
554282,55789,107984851;Control1,Control3,Control4,Control5,Control7,Control8,Control9,Control10,Control11,Control12,Control13,Control15,Control16,Control17
554282,55165,23397;Control1,Control2,Control3,Control4,Control5,Control7,Control8,Control9,Control10,Control11,Control12,Control13,Control15,Control16
554282,9496;Control1,Control2,Control3,Control4,Control5,Control7,Control9,Control10,Control11,Control12,Control13,Control15,Control16,Control17
554282,284266;Control1,Control2,Control3,Control4,Control5,Control6,Control7,Control8,Control10,Control11,Control12,Control13,Control15,Control17
728833,83540;Control1,Control2,Control4,Control5,Control6,Control7,Control8,Control9,Control10,Control11,Control12,Control13,Control15,Control16
728833,9928,57082;Control1,Control2,Control3,Control4,Control5,Control7,Control8,Control9,Control10,Control11,Control12,Control15,Control16,Control17
728833,105373106;Control1,Control2,Control3,Control4,Control6,Control7,Control8,Control9,Control11,Control12,Control13,Control15,Control16,Control17
728833,56992;Control1,Control2,Control3,Control4,Control5,Control6,Control7,Control8,Control9,Control10,Control12,Control13,Control15,Control16
728833,10643;Control1,Control2,Control3,Control4,Control5,Control6,Control8,Control9,Control10,Control11,Control12,Control15,Control16,Control17
728833,144455;Control2,Control3,Control4,Control5,Control6,Control7,Control8,Control9,Control10,Control12,Control13,Control15,Control16,Control17
728833,201299;Control1,Control2,Control3,Control4,Control5,Control6,Control7,Control8,Control9,Control10,Control12,Control13,Control15,Control16
728833,7153;Control2,Control3,Control4,Control5,Control7,Control8,Control9,Control10,Control11,Control12,Control13,Control15,Control16,Control17
574414,81607,6690;Control1,Control2,Control3,Control4,Control5,Control6,Control7,Control8,Control9,Control10,Control11,Control12,Control13,Control15,Control17
574414,3914,81607,6690;Control1,Control2,Control3,Control4,Control5,Control6,Control7,Control8,Control9,Control10,Control11,Control12,Control13,Control17
574414,100422894,3881;Control1,Control2,Control3,Control4,Control5,Control6,Control7,Control8,Control9,Control10,Control12,Control13,Control15,Control17
574414,102467080,112802,3881;Control1,Control2,Control3,Control4,Control5,Control6,Control7,Control8,Control9,Control10,Control11,Control12,Control15,Control17
574414,8329,112802,3881;Control1,Control2,Control3,Control4,Control5,Control6,Control7,Control8,Control9,Control10,Control11,Control13,Control15,Control17
574414,3135;Control1,Control2,Control3,Control5,Control6,Control7,Control8,Control9,Control10,Control11,Control12,Control13,Control15,Control17
574414,100652791,1301,574029,101927750,56300,4496;Control1,Control2,Control3,Control4,Control5,Control6,Control8,Control9,Control10,Control11,Control12,Control13,Control16,Control17
574414,107986951,1301,574029,6332;Control1,Control2,Control3,Control4,Control5,Control6,Control8,Control9,Control10,Control11,Control13,Control15,Control16,Control17
574414,9355,1301,574029,101927750,654499;Control1,Control2,Control3,Control5,Control6,Control8,Control9,Control10,Control11,Control12,Control13,Control15,Control16,Control17
574414,102724784,6690,112802,3881;Control1,Control2,Control3,Control4,Control5,Control6,Control7,Control8,Control9,Control11,Control12,Control13,Control15,Control17
574414,2893,101927750;Control1,Control2,Control3,Control4,Control6,Control7,Control8,Control9,Control10,Control11,Control12,Control15,Control16,Control17
574414,1813,101927750;Control1,Control2,Control3,Control4,Control5,Control6,Control7,Control8,Control9,Control10,Control12,Control13,Control15,Control16,Control17
574414,2305,112802;Control1,Control2,Control3,Control4,Control5,Control6,Control7,Control8,Control9,Control11,Control12,Control13,Control15,Control17
574414,112802,6690,3881;Control1,Control2,Control3,Control4,Control5,Control6,Control7,Control8,Control9,Control10,Control11,Control12,Control13,Control15,Control17
574414,400618,574029;Control1,Control2,Control3,Control4,Control5,Control6,Control7,Control8,Control9,Control10,Control11,Control12,Control13,Control15,Control16
6273,3914;Control1,Control2,Control3,Control4,Control5,Control6,Control7,Control9,Control10,Control11,Control12,Control15,Control16,Control17
6273,3754,105375027,101927760,338667,338797;Control1,Control3,Control4,Control5,Control6,Control7,Control8,Control9,Control10,Control11,Control12,Control13,Control15,Control16,Control17
6273,112714,8355,105375027,101927760,102724784,338667,107985627;Control1,Control2,Control3,Control4,Control6,Control7,Control8,Control9,Control10,Control12,Control13,Control15,Control16,Control17
6273,647309;Control1,Control2,Control4,Control5,Control6,Control7,Control8,Control9,Control10,Control11,Control12,Control15,Control16,Control17
6273,100379220,105375027,101927760,102724784,338667,338797,107985627;Control1,Control2,Control3,Control4,Control5,Control6,Control7,Control8,Control9,Control10,Control13,Control15,Control16,Control17
6273,6690,102724784,338667,3881;Control1,Control2,Control3,Control4,Control5,Control6,Control7,Control8,Control9,Control12,Control13,Control15,Control16,Control17
6273,8352,8355,105375027,101927760,338667,111216286;Control1,Control2,Control3,Control4,Control5,Control6,Control7,Control8,Control9,Control10,Control11,Control12,Control13,Control15,Control17
6273,8355,105375027,101927760,338667,111216286;Control1,Control2,Control3,Control4,Control5,Control6,Control7,Control8,Control9,Control10,Control11,Control12,Control13,Control15,Control16,Control17
6273,11075,109729169;Control1,Control2,Control3,Control4,Control5,Control6,Control7,Control9,Control10,Control11,Control12,Control15,Control16,Control17
6273,105375674,8355,105375027,101927760,338667;Control1,Control2,Control3,Control5,Control6,Control7,Control8,Control9,Control10,Control11,Control12,Control13,Control15,Control16,Control17
6273,107986990,8355,105375027,101927760,338667,53820,111216286;Control1,Control2,Control3,Control4,Control5,Control6,Control7,Control9,Control10,Control12,Control13,Control15,Control16,Control17
6273,1029,103689845;Control1,Control3,Control4,Control5,Control6,Control7,Control8,Control9,Control11,Control12,Control13,Control15,Control16,Control17
6273,102724784,105375027,338667,3881;Control1,Control2,Control3,Control4,Control5,Control6,Control7,Control8,Control9,Control10,Control11,Control12,Control13,Control15,Control16,Control17
6273,2893,105375027,101927760,338667,105371050;Control1,Control2,Control3,Control4,Control6,Control7,Control8,Control9,Control10,Control11,Control12,Control13,Control15,Control17
6273,112802,102724784,338667,3881;Control1,Control2,Control3,Control4,Control5,Control6,Control7,Control8,Control9,Control12,Control13,Control15,Control16,Control17
6273,8549,3754,105375027,102724784,338667,103689845,107985627;Control1,Control2,Control3,Control4,Control5,Control6,Control8,Control9,Control10,Control11,Control12,Control13,Control16,Control17
6273,338797,105375027,101927760,338667;Control1,Control2,Control3,Control4,Control5,Control6,Control7,Control8,Control9,Control10,Control11,Control12,Control13,Control15,Control16,Control17
6273,2835,8355,105375027,105375674,101927760,338667;Control2,Control3,Control5,Control6,Control7,Control8,Control9,Control10,Control11,Control12,Control13,Control15,Control16,Control17
6273,103689845;Control1,Control2,Control3,Control4,Control5,Control6,Control7,Control8,Control9,Control10,Control11,Control12,Control13,Control15,Control16,Control17
6273,9628,8355,105375027,101927760,338667,53820,111216286;Control2,Control3,Control4,Control5,Control7,Control8,Control9,Control10,Control11,Control12,Control13,Control15,Control16,Control17
6273,107984763,23566,105375027,101927760,338667,53820,111216286;Control1,Control2,Control3,Control4,Control5,Control7,Control8,Control9,Control10,Control11,Control12,Control13,Control15,Control16
6273,105371050,105375027,338667;Control1,Control2,Control3,Control4,Control5,Control6,Control7,Control8,Control9,Control10,Control11,Control12,Control13,Control15,Control16,Control17
6273,9955;Control1,Control3,Control4,Control5,Control6,Control7,Control8,Control9,Control10,Control11,Control12,Control15,Control16,Control17
6273,53820,8355,101927760,338667,111216286;Control1,Control2,Control3,Control4,Control5,Control6,Control7,Control8,Control9,Control10,Control11,Control12,Control13,Control15,Control16,Control17
6273,3053,109729169;Control1,Control2,Control3,Control4,Control5,Control6,Control7,Control9,Control10,Control11,Control12,Control15,Control16,Control17
6273,107985627,3754,105375027,101927760,102724784,338667;Control1,Control2,Control3,Control4,Control5,Control6,Control7,Control8,Control9,Control10,Control12,Control13,Control15,Control16,Control17
6273,109729169,3053;Control1,Control2,Control3,Control4,Control5,Control6,Control8,Control9,Control10,Control11,Control12,Control15,Control16,Control17
128239,83540,6241,55355,79801;Control2,Control3,Control4,Control5,Control6,Control7,Control8,Control9,Control10,Control11,Control12,Control13,Control15,Control16
128239,105371664,112937;Control1,Control2,Control3,Control4,Control5,Control6,Control7,Control8,Control10,Control11,Control12,Control13,Control15,Control16,Control17
128239,1063,991,259266,6241,150468,55355,995,3833,4288,113130,9787,9133,9212,332;Control1,Control3,Control4,Control5,Control6,Control7,Control8,Control9,Control10,Control11,Control12,Control15,Control16,Control17
128239,56300,112937;Control1,Control2,Control3,Control4,Control5,Control6,Control7,Control8,Control10,Control11,Control12,Control13,Control15,Control16
128239,57405,991,259266,6241,55355,9232,3833,4288,113130,9700,9787,9133,9212,332,24137;Control1,Control2,Control3,Control4,Control5,Control6,Control7,Control9,Control10,Control11,Control12,Control15,Control16,Control17
128239,151648;Control1,Control2,Control3,Control5,Control6,Control7,Control9,Control10,Control11,Control12,Control13,Control15,Control16,Control17
128239,64151,259266,6241,55355,995,9787,9133,24137;Control1,Control2,Control3,Control4,Control5,Control6,Control7,Control8,Control10,Control11,Control12,Control13,Control15,Control16,Control17
128239,10874;Control1,Control2,Control3,Control4,Control5,Control6,Control7,Control8,Control9,Control10,Control11,Control12,Control15,Control16,Control17
128239,253582,105371664,112937;Control1,Control2,Control3,Control5,Control6,Control7,Control8,Control9,Control10,Control11,Control12,Control13,Control16,Control17
128239,157313,6241,9133,332;Control1,Control3,Control4,Control5,Control6,Control7,Control8,Control9,Control10,Control11,Control12,Control15,Control16,Control17
128239,157570,55355,55165,220134;Control1,Control3,Control4,Control5,Control6,Control7,Control8,Control9,Control10,Control11,Control12,Control13,Control15,Control16
128239,9833,6241,9787,79801,220134;Control1,Control3,Control4,Control5,Control6,Control7,Control8,Control9,Control10,Control12,Control13,Control15,Control16,Control17
128239,983,259266,6241,55355,9787,51203,100507118,79801;Control1,Control2,Control3,Control4,Control5,Control6,Control7,Control8,Control9,Control10,Control11,Control12,Control13,Control15
128239,55165,83540,57082,79801;Control1,Control2,Control3,Control4,Control5,Control6,Control7,Control8,Control9,Control10,Control11,Control12,Control13,Control16
128239,112937;Control1,Control2,Control3,Control4,Control5,Control6,Control7,Control8,Control9,Control10,Control11,Control12,Control13,Control15,Control16,Control17
128239,221150,6241,55355,3833,9787,9212,220134;Control1,Control2,Control3,Control4,Control5,Control6,Control7,Control8,Control10,Control11,Control12,Control13,Control15,Control16,Control17
128239,100507118,991,259266,55355,113130,9787,9212,146909;Control1,Control2,Control3,Control4,Control5,Control6,Control7,Control8,Control9,Control10,Control11,Control12,Control13,Control15
128239,5347,991,55355,3833,4288,9212;Control1,Control2,Control3,Control4,Control5,Control6,Control7,Control9,Control10,Control11,Control12,Control13,Control15,Control16,Control17
128239,107985017,991,9232,3833,4288,9700,146909;Control1,Control2,Control3,Control4,Control5,Control6,Control7,Control8,Control9,Control10,Control11,Control12,Control13,Control15,Control17
128239,146909,991,259266,6241,55355,9232,4288,113130,9787,9133,9212;Control1,Control2,Control3,Control4,Control5,Control6,Control7,Control8,Control9,Control10,Control11,Control12,Control13,Control15,Control17
128239,55771,991,3833,4288,9700,9133,9212;Control1,Control2,Control3,Control4,Control5,Control6,Control7,Control9,Control10,Control11,Control12,Control15,Control16,Control17
128239,332,991,259266,6241,55355,995,3833,4288,113130,9787,9133,9212;Control1,Control2,Control3,Control4,Control5,Control6,Control7,Control8,Control9,Control10,Control11,Control12,Control15,Control16,Control17
128239,29128,6241,55355,983,9787,51203,100507118,79801;Control1,Control2,Control3,Control4,Control5,Control6,Control7,Control8,Control9,Control10,Control11,Control12,Control13,Control15
128239,147841;Control1,Control2,Control3,Control4,Control5,Control6,Control7,Control8,Control9,Control10,Control11,Control12,Control15,Control16,Control17
128239,110806280,105371664,112937;Control1,Control2,Control3,Control4,Control5,Control6,Control8,Control9,Control10,Control11,Control12,Control13,Control16,Control17
128239,4605,991,9232,4288,10024,9133;Control1,Control2,Control3,Control4,Control5,Control6,Control7,Control8,Control9,Control10,Control11,Control15,Control16,Control17
128239,11065,991,259266,6241,55355,995,3833,4288,9787,9133,9212;Control1,Control2,Control3,Control4,Control6,Control7,Control8,Control9,Control10,Control11,Control12,Control13,Control15,Control16,Control17
128239,53820,112937;Control1,Control2,Control3,Control4,Control5,Control7,Control8,Control9,Control10,Control11,Control12,Control15,Control16,Control17
128239,9582,100874530;Control1,Control2,Control3,Control4,Control5,Control6,Control7,Control8,Control9,Control10,Control11,Control12,Control13,Control15,Control17
128239,100874530,9212;Control1,Control3,Control4,Control5,Control6,Control7,Control8,Control9,Control10,Control11,Control12,Control13,Control15,Control16,Control17
128239,349408,112937;Control1,Control2,Control3,Control4,Control5,Control6,Control7,Control8,Control9,Control10,Control11,Control13,Control15,Control16,Control17
101928202,9928,4751,55247;Control2,Control3,Control4,Control5,Control6,Control7,Control8,Control9,Control10,Control12,Control13,Control15,Control16,Control17
101928202,6664,4001,387978,100506655;Control2,Control3,Control4,Control5,Control6,Control7,Control8,Control9,Control10,Control12,Control13,Control15,Control16,Control17
101928202,3580,115362,100506827,3627,10537,100506655,23532;Control1,Control2,Control3,Control4,Control6,Control7,Control8,Control9,Control10,Control12,Control13,Control15,Control16,Control17
101928202,56992,9928,64151,55247,57082;Control2,Control3,Control4,Control5,Control6,Control7,Control8,Control9,Control10,Control12,Control13,Control15,Control16,Control17
101928202,100506827,10537,100506655,23532;Control1,Control2,Control3,Control4,Control5,Control6,Control7,Control8,Control9,Control10,Control12,Control13,Control15,Control16,Control17
101928202,4283,10537,100506655,339256,147741,23532;Control1,Control2,Control3,Control4,Control5,Control6,Control7,Control8,Control10,Control12,Control13,Control15,Control16,Control17
101928202,3627,115362,100506827,10537,100506655,23532;Control1,Control2,Control3,Control5,Control6,Control7,Control8,Control9,Control10,Control12,Control13,Control15,Control16,Control17
101928202,4001,9928,64151,55247,57082;Control2,Control3,Control4,Control5,Control6,Control7,Control8,Control9,Control10,Control12,Control13,Control15,Control16,Control17
101928202,7180;Control1,Control2,Control3,Control4,Control5,Control6,Control7,Control8,Control9,Control10,Control12,Control13,Control15,Control16,Control17
101928202,27299,6664,7180,2625,387978,100506655,105372115;Control2,Control3,Control4,Control5,Control6,Control7,Control8,Control9,Control10,Control12,Control13,Control15,Control16,Control17
101928202,55388;Control2,Control3,Control4,Control5,Control6,Control7,Control9,Control10,Control11,Control12,Control13,Control15,Control16,Control17
101928202,1813,105371737;Control2,Control3,Control4,Control5,Control6,Control7,Control8,Control10,Control11,Control12,Control13,Control15,Control16,Control17
101928202,50614,6664,7180,2625,387978;Control2,Control3,Control4,Control5,Control6,Control7,Control8,Control9,Control10,Control12,Control13,Control15,Control16,Control17
101928202,701,10537,100506655,23532;Control1,Control2,Control3,Control4,Control5,Control7,Control8,Control9,Control10,Control12,Control13,Control15,Control16,Control17
101928202,40;Control1,Control2,Control3,Control5,Control6,Control7,Control8,Control9,Control10,Control11,Control12,Control13,Control15,Control16
101928202,8529;Control1,Control2,Control3,Control4,Control5,Control6,Control7,Control8,Control10,Control11,Control12,Control13,Control15,Control16,Control17
101928202,101929707,100506655;Control1,Control3,Control4,Control5,Control6,Control7,Control8,Control9,Control11,Control12,Control13,Control15,Control16,Control17
101928202,140628;Control2,Control3,Control4,Control5,Control6,Control7,Control8,Control10,Control11,Control12,Control13,Control15,Control16,Control17
9447,28755;Control1,Control2,Control3,Control4,Control6,Control7,Control8,Control9,Control11,Control12,Control13,Control15,Control16,Control17
9447,110806280;Control1,Control2,Control3,Control4,Control5,Control7,Control8,Control9,Control10,Control11,Control12,Control13,Control15,Control16,Control17
89886,115019,105372950,84561,105378305;Control1,Control2,Control3,Control4,Control5,Control6,Control7,Control8,Control9,Control11,Control13,Control15,Control16,Control17
89886,105372950,84561;Control1,Control2,Control3,Control4,Control5,Control6,Control7,Control8,Control9,Control10,Control11,Control13,Control15,Control16,Control17
89886,56896,105372950,286676,1404,3856,113218482;Control1,Control2,Control3,Control4,Control5,Control6,Control7,Control8,Control9,Control10,Control11,Control13,Control16,Control17
89886,731220,105372950,5798,100505994,646024,105376041;Control1,Control2,Control3,Control4,Control5,Control7,Control8,Control9,Control10,Control11,Control13,Control15,Control16,Control17
89886,284958,105372950,5798,84561,105377508,646024,105376041,3229,387895,109729169;Control1,Control2,Control3,Control4,Control5,Control7,Control8,Control9,Control10,Control11,Control13,Control15,Control16,Control17
89886,5798,168002,29991,105378305,79191,1995;Control1,Control2,Control3,Control4,Control5,Control6,Control7,Control8,Control9,Control10,Control11,Control12,Control13,Control16,Control17
89886,79413,80714;Control1,Control2,Control3,Control4,Control5,Control6,Control7,Control8,Control10,Control11,Control13,Control15,Control16,Control17
89886,286676,105378305,1995;Control1,Control2,Control3,Control4,Control5,Control6,Control7,Control8,Control9,Control10,Control11,Control12,Control13,Control15,Control16,Control17
89886,7545,168002,29991,105378305,79191,1995;Control1,Control2,Control4,Control5,Control6,Control7,Control8,Control10,Control11,Control12,Control13,Control15,Control16,Control17
89886,647309,5798,168002,29991,105378305,79191,1995;Control1,Control2,Control4,Control5,Control6,Control7,Control8,Control9,Control10,Control11,Control12,Control13,Control16,Control17
89886,100379220,168002,107984129,1995;Control1,Control2,Control3,Control4,Control5,Control7,Control8,Control9,Control10,Control11,Control12,Control13,Control15,Control16,Control17
89886,2250,105372950,5798,646024,105376041,3229,387895,109729169;Control1,Control2,Control3,Control4,Control5,Control7,Control8,Control9,Control10,Control11,Control13,Control15,Control16,Control17
89886,6534,5798,29991,105378305;Control1,Control2,Control3,Control4,Control5,Control6,Control7,Control8,Control9,Control10,Control11,Control12,Control13,Control16
89886,7020,168002,29991,105378305,79191;Control1,Control2,Control5,Control6,Control7,Control8,Control9,Control10,Control11,Control12,Control13,Control15,Control16,Control17
89886,168002,105378305,79191,1995,109729184;Control1,Control2,Control3,Control4,Control5,Control6,Control7,Control8,Control9,Control10,Control11,Control12,Control13,Control15,Control16,Control17
89886,1750,105372950,56896,84561,3856,113218482;Control1,Control2,Control3,Control4,Control5,Control6,Control7,Control8,Control9,Control10,Control11,Control13,Control16,Control17
89886,83648;Control1,Control2,Control3,Control4,Control5,Control6,Control7,Control8,Control9,Control10,Control11,Control13,Control15,Control16
89886,63898,168002,105378305,79191,344,4318,109729184;Control1,Control2,Control3,Control4,Control5,Control6,Control8,Control9,Control10,Control11,Control12,Control13,Control15,Control17
89886,107986951,168002,107984129,79191,1995,4318,109729184;Control1,Control2,Control3,Control4,Control5,Control6,Control8,Control9,Control10,Control11,Control12,Control13,Control15,Control17
89886,11075,5798,168002,105378305,107984129,79191,1995,344;Control1,Control2,Control3,Control4,Control5,Control6,Control7,Control8,Control9,Control10,Control12,Control13,Control16,Control17
89886,554202,105372950,5798,84561,100505994,646024,105376041,100533990,344;Control1,Control2,Control3,Control4,Control5,Control7,Control8,Control9,Control10,Control11,Control13,Control15,Control16,Control17
89886,29991,105378305,79191;Control1,Control2,Control3,Control4,Control5,Control6,Control7,Control8,Control9,Control10,Control11,Control12,Control13,Control15,Control16,Control17
89886,143662,286676,105378305,1995;Control1,Control2,Control3,Control5,Control6,Control7,Control8,Control9,Control10,Control11,Control12,Control13,Control15,Control16,Control17
89886,105369315,286676,55867;Control1,Control2,Control3,Control4,Control5,Control6,Control7,Control8,Control9,Control10,Control12,Control13,Control15,Control16,Control17
89886,55867,286676,105378305;Control1,Control2,Control3,Control4,Control5,Control6,Control7,Control8,Control9,Control10,Control12,Control13,Control15,Control16,Control17
89886,107984129,168002,79191,1995;Control1,Control2,Control3,Control4,Control5,Control6,Control7,Control8,Control9,Control10,Control11,Control12,Control13,Control15,Control16,Control17
89886,338005,168002,105378305,107984129,79191,1995,4318,109729184;Control1,Control2,Control3,Control4,Control5,Control6,Control8,Control9,Control10,Control12,Control13,Control15,Control16,Control17
89886,105371275,286676,105378305,1995;Control2,Control3,Control4,Control5,Control6,Control7,Control8,Control10,Control11,Control12,Control13,Control15,Control16,Control17
89886,10265,286676,105378305,1995;Control1,Control2,Control3,Control4,Control5,Control6,Control7,Control8,Control10,Control11,Control12,Control13,Control15,Control16,Control17
89886,10481,168002,29991,107984129,79191,1995;Control1,Control2,Control4,Control5,Control6,Control7,Control8,Control9,Control11,Control12,Control13,Control15,Control16,Control17
89886,284240,105372950,56896,84561,113218482;Control1,Control2,Control3,Control4,Control5,Control6,Control7,Control8,Control9,Control10,Control11,Control13,Control16,Control17
89886,80714;Control1,Control2,Control3,Control4,Control5,Control6,Control7,Control8,Control9,Control10,Control11,Control13,Control15,Control16,Control17
89886,100533990,5798,168002,107984129,79191,1995,344;Control1,Control2,Control3,Control4,Control5,Control6,Control7,Control8,Control9,Control10,Control11,Control12,Control13,Control16,Control17
89886,344,168002,105378305,79191,109729184;Control1,Control2,Control3,Control4,Control5,Control6,Control7,Control8,Control9,Control10,Control11,Control12,Control13,Control15,Control16,Control17
89886,55655,105372950,731220,5798,646024,168002,11075,105376041,3229,109729169;Control1,Control2,Control3,Control4,Control5,Control7,Control8,Control9,Control10,Control11,Control13,Control15,Control16,Control17
89886,4318,168002,105378305,107984129,79191,1995,109729184;Control1,Control2,Control3,Control4,Control5,Control6,Control8,Control9,Control10,Control11,Control12,Control13,Control15,Control16,Control17
89886,57167,5798,168002,105378305,107984129,79191,1995,7477;Control1,Control2,Control3,Control5,Control6,Control7,Control8,Control9,Control10,Control11,Control12,Control13,Control16,Control17
89886,3053,105372950,5798,84561,105377508,646024,11075,105376041,3229,387895,109729169;Control1,Control2,Control3,Control4,Control5,Control7,Control8,Control9,Control10,Control11,Control13,Control15,Control16,Control17
89886,7477,286676,168002,105378305,79191,1995,4318,109729184;Control1,Control2,Control3,Control4,Control5,Control7,Control8,Control9,Control10,Control11,Control12,Control13,Control15,Control16,Control17
89886,349408,286676,105378305,1995;Control1,Control2,Control3,Control4,Control5,Control6,Control7,Control8,Control9,Control10,Control11,Control12,Control13,Control15,Control16
89886,109729169,5798,168002,29991,105378305,79191,4318,109729184;Control1,Control2,Control3,Control4,Control5,Control6,Control8,Control9,Control10,Control11,Control12,Control13,Control16,Control17
477,28946,5865,6716,3580,3512,1047,166979,101927686,4544,105371152;Control1,Control2,Control3,Control4,Control5,Control6,Control7,Control9,Control11,Control12,Control13,Control15,Control16,Control17
477,1745,105369685,647946;Control1,Control2,Control3,Control4,Control5,Control6,Control7,Control8,Control9,Control11,Control13,Control15,Control16,Control17
477,8419,105371152;Control1,Control2,Control3,Control4,Control5,Control6,Control7,Control9,Control10,Control11,Control12,Control13,Control15,Control17
477,646951,5865,6716,1047,166979,219527,4544,116173,6345;Control1,Control3,Control4,Control5,Control6,Control7,Control9,Control10,Control11,Control12,Control13,Control15,Control16,Control17
477,3512,6716,1047,166979,4544;Control1,Control2,Control3,Control4,Control5,Control6,Control7,Control9,Control10,Control11,Control12,Control13,Control15,Control16,Control17
477,4085,2845,105372613;Control1,Control3,Control4,Control5,Control6,Control7,Control8,Control10,Control11,Control12,Control13,Control15,Control16,Control17
477,105377404;Control1,Control2,Control3,Control4,Control5,Control6,Control7,Control8,Control9,Control10,Control11,Control12,Control13,Control15,Control16
477,171019,107986990;Control1,Control2,Control3,Control4,Control6,Control7,Control8,Control9,Control10,Control11,Control12,Control13,Control15,Control16,Control17
477,101927686,5865,6716,3580,1047,166979,4544,594855,6345;Control1,Control2,Control3,Control5,Control6,Control7,Control9,Control10,Control11,Control12,Control13,Control15,Control16,Control17
477,101927354,105369685,647946;Control2,Control3,Control4,Control5,Control6,Control7,Control8,Control9,Control10,Control11,Control12,Control13,Control15,Control16,Control17
477,2845,105369685,647946;Control1,Control2,Control3,Control4,Control5,Control6,Control7,Control8,Control10,Control11,Control12,Control13,Control15,Control16,Control17
477,9312,5865,6716,3580,1047,166979,4544,6345;Control1,Control2,Control4,Control5,Control6,Control7,Control9,Control10,Control11,Control12,Control13,Control15,Control16,Control17
477,105375622,101927354,105369685,647946;Control2,Control3,Control4,Control5,Control6,Control7,Control8,Control9,Control10,Control11,Control12,Control13,Control15,Control17
477,107986990,105369685;Control1,Control2,Control3,Control4,Control5,Control6,Control7,Control8,Control9,Control10,Control11,Control12,Control15,Control16,Control17
477,8424,171019,105369685;Control1,Control2,Control3,Control4,Control6,Control7,Control8,Control9,Control10,Control11,Control12,Control13,Control15,Control16,Control17
477,219527,5865,6716,1047,166979,4544,116173,6345;Control1,Control2,Control3,Control4,Control5,Control6,Control7,Control9,Control10,Control11,Control12,Control13,Control15,Control16,Control17
477,105369685,647946;Control1,Control2,Control3,Control4,Control5,Control6,Control7,Control8,Control9,Control10,Control11,Control12,Control13,Control15,Control16,Control17
477,3502,5865,6716,28946,3580,3512,1047,166979,4544,28809;Control1,Control2,Control3,Control4,Control5,Control6,Control7,Control9,Control11,Control12,Control13,Control15,Control16,Control17
477,7681,5865,6716,3580,1047,166979,4544,6345,107985436;Control1,Control2,Control3,Control4,Control5,Control6,Control9,Control10,Control11,Control12,Control13,Control15,Control16,Control17
477,594855,5865,6716,1047,166979,4544,116173,6345;Control1,Control2,Control3,Control4,Control5,Control6,Control7,Control9,Control10,Control11,Control12,Control13,Control15,Control16,Control17
477,105370960,5865,166979,4544;Control1,Control2,Control3,Control4,Control5,Control6,Control7,Control9,Control10,Control11,Control13,Control15,Control16,Control17
477,107984851,105369685;Control1,Control2,Control3,Control5,Control6,Control7,Control8,Control9,Control10,Control11,Control12,Control13,Control15,Control17
477,9956,105369685,647946;Control1,Control2,Control3,Control5,Control6,Control7,Control8,Control9,Control10,Control11,Control12,Control13,Control16,Control17
477,105371152,3512;Control1,Control2,Control3,Control4,Control5,Control6,Control7,Control9,Control10,Control11,Control12,Control13,Control15,Control16,Control17
477,1630,171019,105369685;Control1,Control2,Control3,Control4,Control6,Control7,Control8,Control9,Control10,Control11,Control12,Control13,Control15,Control16,Control17
477,105372613;Control1,Control2,Control3,Control4,Control5,Control6,Control7,Control8,Control9,Control10,Control11,Control12,Control13,Control15,Control16,Control17
477,107985513,5865,6716,1047,166979,4544,6345;Control2,Control3,Control4,Control5,Control6,Control7,Control9,Control10,Control11,Control12,Control13,Control15,Control16,Control17
81607,3914;Control1,Control2,Control3,Control4,Control5,Control6,Control7,Control8,Control9,Control10,Control11,Control12,Control13,Control16,Control17
81607,53836,10942;Control1,Control2,Control3,Control4,Control5,Control6,Control7,Control8,Control9,Control11,Control12,Control15,Control16,Control17
81607,345079;Control1,Control2,Control3,Control4,Control5,Control6,Control8,Control9,Control10,Control12,Control13,Control15,Control16,Control17
81607,389336,3502,354,28809;Control1,Control2,Control3,Control4,Control5,Control6,Control7,Control8,Control9,Control10,Control12,Control15,Control16,Control17
81607,7036;Control1,Control2,Control3,Control5,Control6,Control7,Control8,Control9,Control10,Control11,Control12,Control13,Control15,Control17
81607,84649;Control1,Control2,Control3,Control4,Control5,Control6,Control7,Control8,Control9,Control11,Control12,Control13,Control15,Control16,Control17
81607,6768;Control1,Control2,Control3,Control4,Control5,Control6,Control7,Control8,Control9,Control10,Control12,Control13,Control15,Control16,Control17
81607,112802,3881;Control1,Control2,Control3,Control4,Control5,Control6,Control7,Control8,Control9,Control10,Control11,Control12,Control15,Control16,Control17
81607,3856,6768;Control1,Control2,Control3,Control4,Control5,Control7,Control8,Control9,Control10,Control12,Control13,Control15,Control16,Control17
81607,3227,6690;Control1,Control2,Control3,Control4,Control6,Control7,Control8,Control9,Control10,Control11,Control12,Control15,Control16,Control17
83540,259266,6241,57405,55355,79801,332;Control1,Control2,Control3,Control4,Control5,Control6,Control7,Control8,Control9,Control10,Control11,Control12,Control15,Control16,Control17
83540,23397,699,9833,55165;Control1,Control2,Control3,Control5,Control6,Control7,Control8,Control9,Control10,Control11,Control12,Control13,Control15,Control16,Control17
83540,55355,6241,55165,51203,79801,29128,24137;Control2,Control3,Control4,Control5,Control6,Control7,Control8,Control9,Control10,Control11,Control12,Control13,Control15,Control16,Control17
83540,56992,3161,55165;Control1,Control2,Control3,Control4,Control5,Control6,Control7,Control8,Control9,Control10,Control12,Control13,Control15,Control17
83540,64151,6241,55165;Control1,Control2,Control3,Control4,Control5,Control6,Control7,Control8,Control10,Control11,Control12,Control15,Control16,Control17
83540,891,6241,55355,55165,332,24137;Control1,Control2,Control3,Control4,Control5,Control6,Control7,Control8,Control9,Control10,Control12,Control15,Control16,Control17
83540,3161,23397,55165,51203;Control1,Control2,Control3,Control4,Control5,Control6,Control7,Control8,Control9,Control10,Control12,Control13,Control15,Control16,Control17
83540,3833,9833,79801;Control1,Control2,Control3,Control4,Control5,Control6,Control7,Control9,Control10,Control11,Control12,Control13,Control15,Control16,Control17
83540,54443,55165;Control1,Control3,Control4,Control5,Control6,Control7,Control8,Control10,Control11,Control12,Control13,Control15,Control16,Control17
83540,55872,6241,55355,55165,221150,9787,220134,29128,24137;Control2,Control3,Control4,Control5,Control6,Control7,Control8,Control9,Control10,Control12,Control13,Control15,Control16,Control17
83540,9833,55165,79801;Control1,Control2,Control3,Control4,Control5,Control6,Control7,Control8,Control9,Control10,Control11,Control12,Control13,Control15,Control16,Control17
83540,55388;Control2,Control3,Control4,Control5,Control6,Control7,Control8,Control9,Control10,Control11,Control12,Control13,Control15,Control17
83540,983,23397,3161,9833,55165;Control1,Control2,Control3,Control4,Control5,Control6,Control7,Control8,Control9,Control10,Control12,Control13,Control15,Control17
83540,374393,6241,9833,79801;Control2,Control3,Control4,Control6,Control7,Control8,Control9,Control10,Control11,Control12,Control13,Control15,Control16,Control17
83540,9700,128239,55355,3833;Control2,Control3,Control4,Control5,Control6,Control7,Control9,Control10,Control11,Control12,Control13,Control15,Control16,Control17
83540,9787,128239,6241,55355,79801,220134,24137;Control2,Control3,Control4,Control5,Control6,Control7,Control8,Control9,Control10,Control12,Control13,Control15,Control16,Control17
83540,100288637,23397,3161,9833;Control1,Control2,Control3,Control4,Control5,Control6,Control7,Control8,Control9,Control11,Control12,Control13,Control15,Control17
83540,57082,57405,55355;Control1,Control2,Control3,Control4,Control5,Control6,Control7,Control8,Control9,Control10,Control11,Control12,Control15,Control16,Control17
83540,9768,23397,64151,55165,29128,24137;Control2,Control3,Control4,Control5,Control6,Control7,Control8,Control9,Control10,Control11,Control12,Control15,Control16,Control17
83540,641;Control1,Control2,Control3,Control4,Control5,Control6,Control7,Control8,Control10,Control12,Control13,Control15,Control16,Control17
83540,10615,259266,57405,55355;Control1,Control2,Control3,Control4,Control5,Control6,Control7,Control8,Control9,Control10,Control11,Control15,Control16,Control17
83540,7153,6241,55355,55165,57082,51203,79801,29128;Control2,Control3,Control4,Control5,Control6,Control7,Control8,Control9,Control10,Control11,Control12,Control13,Control15,Control16
83540,220134,6241,55355,55165,79801,29128,24137;Control2,Control3,Control4,Control5,Control6,Control7,Control8,Control9,Control10,Control11,Control12,Control13,Control15,Control16,Control17
83540,100874530;Control1,Control3,Control4,Control5,Control6,Control7,Control8,Control9,Control10,Control11,Control12,Control13,Control15,Control16
79100,105373106;Control1,Control2,Control3,Control4,Control5,Control6,Control7,Control8,Control9,Control10,Control11,Control13,Control15,Control16
79100,6332,860,8549;Control1,Control2,Control3,Control4,Control5,Control6,Control7,Control8,Control9,Control10,Control11,Control12,Control15,Control17
79100,57624;Control1,Control2,Control3,Control4,Control5,Control6,Control7,Control8,Control10,Control11,Control12,Control13,Control15,Control16,Control17
79100,100505994,105375690,5101;Control1,Control2,Control3,Control4,Control5,Control6,Control8,Control9,Control10,Control11,Control12,Control15,Control16,Control17
79100,23286,8549;Control1,Control2,Control3,Control5,Control6,Control8,Control9,Control10,Control11,Control12,Control13,Control15,Control16,Control17
79100,8345;Control1,Control2,Control3,Control5,Control6,Control8,Control9,Control10,Control11,Control12,Control13,Control15,Control16,Control17
79100,860,8549,5101;Control1,Control2,Control3,Control4,Control5,Control6,Control7,Control8,Control9,Control10,Control11,Control12,Control15,Control16,Control17
79100,105375674;Control1,Control2,Control3,Control4,Control5,Control6,Control8,Control9,Control10,Control11,Control12,Control13,Control15,Control16,Control17
79100,554202,9355,8549,5101,7681;Control1,Control2,Control3,Control4,Control5,Control6,Control7,Control8,Control9,Control10,Control11,Control12,Control16,Control17
79100,338376;Control1,Control2,Control3,Control4,Control5,Control6,Control8,Control9,Control10,Control11,Control12,Control15,Control16,Control17
79100,105376042,9355,7681;Control1,Control2,Control3,Control5,Control6,Control7,Control8,Control9,Control10,Control11,Control12,Control15,Control16,Control17
79100,9355;Control1,Control2,Control3,Control4,Control5,Control6,Control7,Control8,Control9,Control10,Control11,Control12,Control15,Control16,Control17
79100,8549,5101;Control1,Control2,Control3,Control4,Control5,Control6,Control7,Control8,Control9,Control10,Control11,Control12,Control13,Control15,Control16,Control17
79100,2835;Control1,Control2,Control3,Control4,Control5,Control6,Control8,Control9,Control10,Control11,Control12,Control13,Control16,Control17
79100,122042,860,8549,5101,9388;Control1,Control2,Control3,Control5,Control6,Control7,Control8,Control9,Control10,Control11,Control12,Control15,Control16,Control17
79100,103689845,8549;Control1,Control2,Control3,Control5,Control6,Control8,Control9,Control10,Control11,Control12,Control13,Control15,Control16,Control17
79100,5100,860,8549,5101;Control1,Control2,Control3,Control4,Control6,Control7,Control8,Control9,Control10,Control11,Control12,Control15,Control16,Control17
79100,5083,57624;Control1,Control2,Control4,Control5,Control6,Control7,Control8,Control10,Control11,Control12,Control13,Control15,Control16,Control17
79100,7681,860,9355;Control1,Control2,Control3,Control5,Control6,Control7,Control8,Control9,Control10,Control11,Control12,Control15,Control16,Control17
79100,9388;Control1,Control2,Control3,Control4,Control5,Control6,Control7,Control8,Control9,Control10,Control11,Control12,Control15,Control16,Control17
79100,101927355,100996301,9388,107985492;Control1,Control2,Control3,Control4,Control5,Control6,Control8,Control9,Control10,Control11,Control12,Control15,Control16,Control17
79100,23562;Control1,Control2,Control3,Control4,Control5,Control6,Control7,Control8,Control9,Control11,Control12,Control15,Control16,Control17
2328,554279,2019,101927687,105371927;Control3,Control4,Control5,Control6,Control7,Control8,Control9,Control10,Control11,Control12,Control13,Control15,Control16,Control17
2328,58,2019,134285,389336,285987,4004,3502,25818,5653,5650,101929707,28809,729442;Control1,Control3,Control4,Control5,Control6,Control7,Control8,Control9,Control10,Control11,Control12,Control13,Control15,Control16,Control17
2328,1058,27178,285643,81624,101929707;Control1,Control2,Control3,Control4,Control5,Control6,Control7,Control8,Control9,Control11,Control12,Control13,Control15,Control16
2328,101927750,27237,58,2019,134285,389336,285987,4004,3502,25818,5653,5650,101929707,28809,729442;Control1,Control3,Control4,Control5,Control6,Control7,Control8,Control9,Control10,Control11,Control12,Control13,Control15,Control17
2328,27178,285643,101929707;Control1,Control2,Control3,Control4,Control5,Control6,Control7,Control8,Control9,Control11,Control12,Control13,Control15,Control16,Control17
2328,101927687,2019,105371927;Control1,Control3,Control4,Control5,Control6,Control7,Control8,Control9,Control10,Control11,Control12,Control13,Control15,Control16,Control17
2328,105377123,115019,2019,134285,389336,105374986,285987,4004,25818,5653,5650,28809,729442;Control1,Control3,Control4,Control5,Control7,Control8,Control9,Control10,Control11,Control12,Control13,Control15,Control16,Control17
2328,1295,58,2019,134285,389336,285987,4004,145873,25818,5653,5650,28809,729442;Control1,Control3,Control4,Control5,Control6,Control7,Control8,Control9,Control10,Control11,Control12,Control13,Control15,Control16
2328,646951,81624,101929707;Control1,Control2,Control3,Control4,Control6,Control7,Control8,Control9,Control10,Control11,Control12,Control13,Control15,Control16,Control17
2328,5307,2019,134285,285987,4004,3502,25818,5653,5650,28809,105373150,729442;Control1,Control4,Control5,Control6,Control7,Control8,Control9,Control10,Control11,Control12,Control13,Control15,Control16,Control17
2328,100130275,2019,101927687,105371927;Control1,Control3,Control4,Control5,Control6,Control7,Control8,Control9,Control10,Control11,Control13,Control15,Control16,Control17
2328,105374986;Control1,Control2,Control3,Control4,Control5,Control7,Control8,Control9,Control10,Control11,Control12,Control13,Control15,Control16,Control17
2328,54443,27178,285643,81624,101929707;Control1,Control2,Control3,Control4,Control5,Control6,Control7,Control8,Control11,Control12,Control13,Control15,Control16,Control17
2328,203190,105371927,101929707;Control1,Control2,Control3,Control5,Control6,Control7,Control8,Control9,Control10,Control11,Control12,Control15,Control16,Control17
2328,157570,27178,285643,101929707,51512;Control1,Control2,Control3,Control4,Control5,Control6,Control7,Control8,Control9,Control11,Control12,Control13,Control15,Control17
2328,1029;Control1,Control2,Control3,Control4,Control5,Control6,Control7,Control8,Control9,Control10,Control11,Control12,Control15,Control16,Control17
2328,283078,105371927;Control1,Control2,Control4,Control6,Control7,Control8,Control9,Control10,Control11,Control12,Control13,Control15,Control16,Control17
2328,79733,27178,285643,81624,101929707;Control1,Control2,Control3,Control4,Control5,Control6,Control7,Control8,Control9,Control11,Control12,Control13,Control15,Control16
2328,6768,58,134285,285987,3502,5653,28809,729442;Control1,Control3,Control4,Control5,Control6,Control7,Control8,Control9,Control10,Control11,Control12,Control15,Control16,Control17
2328,4973,27237,58,101927750,2019,134285,285987,4004,25818,5653,5650,28809,729442;Control1,Control3,Control4,Control5,Control6,Control7,Control8,Control9,Control10,Control11,Control12,Control13,Control15,Control17
2328,3227,27237,2019,134285,389336,285987,4004,5653,5650,101929707,28809,729442;Control1,Control3,Control4,Control5,Control6,Control7,Control8,Control9,Control10,Control12,Control13,Control15,Control16,Control17
2328,81624,101929707;Control1,Control2,Control3,Control5,Control6,Control7,Control8,Control9,Control10,Control11,Control12,Control13,Control15,Control16,Control17
2328,105371152,58,28946,2019,134285,389336,285987,4004,3502,25818,5653,5650,101929707,28809,729442;Control1,Control3,Control4,Control6,Control7,Control8,Control9,Control10,Control11,Control12,Control13,Control15,Control16,Control17
2328,9955,27178,285643,101929707;Control1,Control2,Control3,Control4,Control5,Control6,Control7,Control8,Control9,Control11,Control12,Control13,Control16,Control17
2328,339256,2019,101927687,1295,134285,285987,4004,105371927,729442;Control3,Control4,Control5,Control6,Control7,Control8,Control9,Control10,Control11,Control12,Control13,Control15,Control16,Control17
2328,9496,101929707;Control1,Control2,Control3,Control4,Control5,Control6,Control7,Control8,Control10,Control11,Control12,Control13,Control15,Control17
2328,105371927;Control1,Control2,Control3,Control4,Control5,Control6,Control7,Control8,Control9,Control10,Control11,Control12,Control13,Control15,Control16,Control17
2328,647946,2019,101927687;Control1,Control3,Control4,Control5,Control6,Control7,Control9,Control10,Control11,Control12,Control13,Control15,Control16,Control17
2328,115701,27237,105371927;Control1,Control2,Control3,Control4,Control5,Control6,Control7,Control8,Control9,Control10,Control11,Control12,Control13,Control17
2328,354,27237,2019,134285,389336,285987,4004,3502,105371927,5653,5650,28809,729442;Control1,Control3,Control5,Control6,Control7,Control8,Control9,Control10,Control11,Control12,Control13,Control15,Control16,Control17
2328,101929707;Control1,Control2,Control3,Control4,Control5,Control6,Control7,Control8,Control9,Control10,Control11,Control12,Control13,Control15,Control16,Control17
2328,51512,27178,285643,101929707;Control1,Control2,Control3,Control4,Control5,Control6,Control7,Control8,Control9,Control11,Control12,Control15,Control16,Control17
105371664,55355,128239,4288,112937,220134;Control1,Control2,Control3,Control5,Control6,Control7,Control8,Control10,Control11,Control12,Control13,Control15,Control16,Control17
105371664,100874028;Control1,Control2,Control3,Control4,Control5,Control6,Control7,Control9,Control10,Control11,Control12,Control13,Control15,Control17
105371664,131578,253582,112937;Control1,Control2,Control3,Control4,Control5,Control6,Control8,Control9,Control10,Control11,Control12,Control13,Control15,Control16,Control17
105371664,112268460;Control1,Control2,Control3,Control4,Control5,Control6,Control7,Control8,Control9,Control10,Control11,Control13,Control16,Control17
105371664,3670;Control1,Control2,Control4,Control5,Control6,Control7,Control8,Control9,Control10,Control11,Control12,Control13,Control15,Control16,Control17
105371664,253582,112937;Control1,Control2,Control3,Control4,Control5,Control6,Control7,Control8,Control9,Control10,Control11,Control12,Control13,Control15,Control16,Control17
105371664,113115,112937;Control2,Control3,Control4,Control5,Control6,Control7,Control8,Control9,Control10,Control11,Control12,Control13,Control15,Control16,Control17
105371664,4288,128239,112937,9700;Control1,Control2,Control3,Control4,Control5,Control6,Control7,Control8,Control10,Control11,Control12,Control13,Control16,Control17
105371664,10024,128239;Control1,Control2,Control3,Control5,Control6,Control7,Control8,Control9,Control10,Control11,Control12,Control13,Control16,Control17
105371664,91828;Control1,Control2,Control3,Control5,Control6,Control7,Control8,Control9,Control10,Control11,Control12,Control13,Control15,Control17
105371664,105370924;Control1,Control2,Control3,Control4,Control5,Control6,Control8,Control9,Control10,Control11,Control12,Control13,Control15,Control16
105371664,147841,128239;Control1,Control2,Control3,Control4,Control5,Control6,Control7,Control8,Control10,Control11,Control12,Control15,Control16,Control17
105371664,110806280,253582,112937;Control1,Control2,Control3,Control4,Control5,Control6,Control8,Control9,Control10,Control11,Control12,Control13,Control15,Control16,Control17
105371664,3783,253582,102723547;Control1,Control3,Control4,Control5,Control6,Control7,Control8,Control9,Control10,Control11,Control12,Control13,Control15,Control17
105371664,89858;Control1,Control2,Control3,Control4,Control5,Control7,Control8,Control9,Control10,Control11,Control12,Control13,Control15,Control17
105371664,22974,128239,55355,4288,220134;Control1,Control2,Control3,Control5,Control6,Control7,Control8,Control10,Control11,Control12,Control13,Control15,Control16,Control17
105371664,349408,128239,112937;Control1,Control2,Control3,Control4,Control5,Control6,Control7,Control8,Control9,Control10,Control11,Control13,Control16,Control17
105371664,729447,3783,102723547;Control1,Control3,Control4,Control5,Control6,Control7,Control8,Control9,Control10,Control11,Control12,Control13,Control15,Control17
105371664,5354;Control1,Control2,Control3,Control5,Control6,Control7,Control8,Control9,Control10,Control11,Control12,Control13,Control15,Control16
105371664,158511,112937;Control1,Control2,Control3,Control4,Control5,Control6,Control7,Control8,Control9,Control10,Control11,Control13,Control15,Control16,Control17
259266,9928,1063,6241,55355,64151,55872,55165,221150,9787,57082,51203,100507118,79801,7153,29128,24137;Control1,Control2,Control3,Control4,Control5,Control6,Control7,Control8,Control9,Control10,Control11,Control12,Control13,Control16
259266,9156,1063,6241,57405,9232,79801,332;Control1,Control2,Control3,Control4,Control5,Control6,Control7,Control9,Control10,Control11,Control12,Control15,Control16,Control17
259266,699,1063,6241,55355,64151,55165,221150,9787,51203,100507118,79801,29128,24137;Control1,Control2,Control3,Control5,Control6,Control7,Control9,Control10,Control11,Control12,Control13,Control15,Control16,Control17
259266,56992,55355,64151,3161,55872,55165,221150,100507118,79801;Control1,Control2,Control3,Control4,Control5,Control6,Control7,Control8,Control9,Control10,Control11,Control12,Control13,Control17
259266,151760,57405,9133,332;Control1,Control2,Control3,Control4,Control5,Control6,Control8,Control9,Control10,Control12,Control13,Control15,Control16,Control17
259266,10460,991,128239,9232,3833,4288,113130,9700,9787,9133,9212;Control1,Control2,Control3,Control4,Control5,Control6,Control7,Control8,Control9,Control11,Control12,Control15,Control16,Control17
259266,64151,1063,6241,55355,221150,9787,100507118,24137;Control1,Control2,Control3,Control4,Control5,Control6,Control7,Control8,Control9,Control10,Control11,Control12,Control13,Control15,Control16,Control17
259266,10874,150468,9787,332;Control1,Control3,Control4,Control5,Control6,Control7,Control8,Control9,Control10,Control11,Control12,Control13,Control15,Control16,Control17
259266,891,1063,6241,55355,64151,221150,9787,100507118,29128,24137;Control1,Control2,Control3,Control4,Control6,Control7,Control8,Control9,Control10,Control11,Control12,Control13,Control15,Control16,Control17
259266,3161,1063,6241,150468,55872,9833,55165,9787,51203,100507118,79801,332;Control1,Control2,Control3,Control4,Control5,Control6,Control7,Control8,Control9,Control10,Control11,Control12,Control16,Control17
259266,157313,1063,6241,64151,9787,332;Control1,Control2,Control3,Control4,Control5,Control6,Control7,Control8,Control10,Control11,Control12,Control13,Control15,Control16,Control17
259266,55872,1063,6241,150468,55165,9787,79801;Control1,Control2,Control3,Control4,Control5,Control6,Control7,Control8,Control9,Control10,Control11,Control12,Control13,Control16,Control17
259266,89958,991,57405,55355,113130,9133,332;Control1,Control2,Control3,Control4,Control5,Control6,Control7,Control8,Control9,Control10,Control13,Control15,Control16,Control17
259266,55388,1063,57405,64151,9787,79801,24137;Control1,Control2,Control3,Control4,Control5,Control6,Control7,Control9,Control10,Control12,Control13,Control15,Control16,Control17
259266,983,1063,6241,64151,55165,9787,100507118,79801,29128,24137;Control1,Control2,Control3,Control4,Control5,Control6,Control7,Control9,Control10,Control11,Control12,Control13,Control15,Control16,Control17
259266,3832,1063,64151,55872,983,79801;Control1,Control3,Control4,Control5,Control6,Control7,Control9,Control10,Control11,Control12,Control13,Control15,Control16,Control17
259266,55165,1063,6241,55355,64151,221150,9787,100507118,79801,29128,24137;Control1,Control2,Control3,Control4,Control5,Control6,Control7,Control9,Control10,Control11,Control12,Control13,Control15,Control16,Control17
259266,112937,991,128239,55355,995,3833,4288,9787,9133,9212,220134;Control1,Control2,Control3,Control4,Control5,Control6,Control7,Control8,Control10,Control11,Control12,Control13,Control16,Control17
259266,100292680,57405,332;Control1,Control2,Control4,Control5,Control6,Control8,Control9,Control10,Control11,Control12,Control13,Control15,Control16,Control17
259266,10024,991,128239,9232,4288,113130,9133,9212;Control1,Control2,Control3,Control4,Control5,Control6,Control7,Control8,Control10,Control11,Control12,Control13,Control15,Control16,Control17
259266,9700,991,128239,9232,3833,4288,113130,9787,9212;Control1,Control2,Control3,Control4,Control5,Control6,Control7,Control8,Control9,Control10,Control11,Control12,Control15,Control16,Control17
259266,57082,1063,6241,55355,64151,55165,9787,51203,100507118,79801;Control1,Control2,Control3,Control4,Control5,Control6,Control7,Control8,Control9,Control10,Control11,Control12,Control13,Control15,Control16
259266,9768,1063,6241,55355,64151,891,55165,221150,9787,79801,220134,29128,24137;Control1,Control2,Control3,Control4,Control6,Control7,Control9,Control10,Control11,Control12,Control13,Control15,Control16,Control17
259266,5347,991,128239,9232,3833,4288,9212,11065;Control1,Control2,Control3,Control4,Control7,Control8,Control9,Control10,Control11,Control12,Control13,Control15,Control16,Control17
259266,107985017,991,128239,1063,995,9232,3833,4288,113130,9787,9133,9212,146909,332;Control1,Control2,Control3,Control4,Control5,Control6,Control7,Control8,Control9,Control10,Control11,Control12,Control15,Control17
259266,7153,1063,6241,55355,64151,55872,983,55165,9787,51203,100507118,79801,29128,24137;Control1,Control2,Control3,Control4,Control5,Control6,Control7,Control9,Control10,Control11,Control12,Control13,Control15,Control16
259266,55771,1063,57405,332,8318;Control1,Control3,Control4,Control5,Control6,Control7,Control8,Control10,Control11,Control12,Control13,Control15,Control16,Control17
259266,4605,991,57405,10024,10615;Control1,Control2,Control3,Control4,Control5,Control6,Control7,Control8,Control10,Control11,Control12,Control13,Control15,Control16,Control17
259266,8318,991,1063,6241,150468,995,4288,113130,9787,332;Control1,Control3,Control4,Control5,Control6,Control7,Control8,Control10,Control11,Control12,Control13,Control15,Control16,Control17
554279,2019,101927687;Control2,Control3,Control4,Control5,Control6,Control7,Control8,Control9,Control10,Control11,Control12,Control13,Control15,Control16,Control17
554279,101927687;Control1,Control2,Control3,Control4,Control5,Control6,Control7,Control8,Control9,Control10,Control11,Control12,Control13,Control15,Control16,Control17
554279,1295,2019,101927687;Control2,Control3,Control4,Control5,Control6,Control7,Control8,Control9,Control10,Control11,Control12,Control13,Control15,Control16
554279,100506827,101927687,339256;Control1,Control2,Control3,Control5,Control6,Control7,Control8,Control10,Control11,Control12,Control13,Control15,Control16,Control17
554279,4283,101927687,7546,339256,147741;Control1,Control2,Control3,Control5,Control6,Control7,Control8,Control9,Control11,Control12,Control13,Control15,Control16,Control17
554279,4547,101927687,7546,366;Control1,Control2,Control3,Control4,Control5,Control6,Control7,Control8,Control11,Control12,Control13,Control15,Control16,Control17
554279,134285,2019,101927687,1295,389336,285987,4004,145873,25818,5653,5650,28809,729442;Control2,Control3,Control5,Control6,Control7,Control8,Control9,Control10,Control11,Control12,Control13,Control15,Control16,Control17
554279,100130275,101927687;Control1,Control2,Control3,Control4,Control5,Control6,Control7,Control8,Control9,Control10,Control11,Control13,Control15,Control16,Control17
554279,1749,389336,3227;Control2,Control3,Control5,Control6,Control7,Control8,Control9,Control10,Control11,Control12,Control13,Control15,Control16,Control17
554279,245972;Control2,Control3,Control4,Control5,Control6,Control7,Control8,Control9,Control10,Control12,Control13,Control15,Control16,Control17
554279,105375690,101927687;Control2,Control3,Control4,Control5,Control6,Control7,Control8,Control9,Control10,Control11,Control12,Control13,Control16,Control17
554279,3227;Control1,Control2,Control3,Control5,Control6,Control7,Control8,Control9,Control10,Control11,Control12,Control13,Control15,Control16,Control17
554279,2835,101927687,7546,366;Control1,Control2,Control3,Control4,Control5,Control6,Control7,Control8,Control9,Control11,Control12,Control15,Control16,Control17
554279,7546,101927687,366;Control1,Control2,Control3,Control4,Control5,Control6,Control7,Control8,Control9,Control11,Control12,Control13,Control15,Control16,Control17
554279,339256,101927687;Control1,Control2,Control3,Control5,Control6,Control7,Control8,Control9,Control10,Control11,Control12,Control13,Control15,Control16,Control17
554279,647946,101927687;Control1,Control2,Control3,Control5,Control6,Control7,Control9,Control10,Control11,Control12,Control13,Control15,Control16,Control17
554279,10437;Control1,Control2,Control3,Control5,Control6,Control7,Control8,Control9,Control10,Control11,Control12,Control13,Control15,Control16,Control17
554279,354,2019,101927687,134285,389336,285987,4004,145873,5653,5650,28809,729442;Control2,Control3,Control5,Control6,Control7,Control8,Control9,Control10,Control11,Control12,Control13,Control15,Control16,Control17
554279,55655,101927687,3227;Control1,Control2,Control3,Control5,Control6,Control7,Control8,Control9,Control10,Control11,Control12,Control13,Control16,Control17
554279,2277,51361,81849,101927687,23286,340273,100289137,158228,143662,7546,6495,100506411,654499,101927355,54101;Control2,Control3,Control4,Control5,Control6,Control7,Control8,Control9,Control11,Control12,Control13,Control15,Control16,Control17
9928,729533,4751,55247,3161,100288637;Control2,Control3,Control4,Control5,Control7,Control8,Control9,Control10,Control11,Control12,Control13,Control15,Control16,Control17
9928,4751,55247,3161,54443,55872,55165,7153,29128;Control1,Control2,Control3,Control4,Control5,Control6,Control7,Control8,Control9,Control10,Control11,Control12,Control13,Control15,Control16,Control17
9928,6664,4751,55247,54443;Control1,Control3,Control4,Control5,Control6,Control7,Control8,Control9,Control10,Control11,Control12,Control13,Control15,Control16,Control17
9928,6241,4751,891,3161,54443,55872,55165,221150,7153,29128,24137;Control1,Control2,Control3,Control4,Control5,Control6,Control7,Control8,Control9,Control10,Control11,Control12,Control13,Control15,Control16
9928,23397,4751,55247,3161,54443,55872,55165,7153,29128;Control1,Control2,Control3,Control4,Control5,Control6,Control7,Control8,Control9,Control10,Control11,Control12,Control13,Control15,Control16
9928,699,4751,3161,54443,55872,55165,7153;Control1,Control2,Control3,Control5,Control6,Control7,Control8,Control9,Control10,Control11,Control12,Control13,Control15,Control16,Control17
9928,57405,259266,64151,57082,24137;Control1,Control2,Control3,Control4,Control5,Control6,Control7,Control8,Control9,Control10,Control11,Control12,Control13,Control16
9928,55355,4751,6241,23397,64151,55247,3161,55872,55165,7153,29128,24137;Control1,Control2,Control3,Control4,Control5,Control6,Control7,Control8,Control9,Control10,Control11,Control12,Control13,Control15
9928,56992,64151,55247,3161,55872,221150,7153;Control1,Control2,Control3,Control4,Control5,Control6,Control7,Control8,Control9,Control10,Control11,Control12,Control13,Control15,Control16
9928,10721,55247,100288637;Control1,Control2,Control3,Control4,Control5,Control6,Control7,Control8,Control9,Control10,Control11,Control12,Control13,Control15,Control16,Control17
9928,64151,55247,4001,3161,55872,29128;Control1,Control2,Control3,Control4,Control5,Control6,Control7,Control8,Control9,Control10,Control11,Control12,Control13,Control15,Control16,Control17
9928,4085,4751,55247,3161,54443,55165,100288637,7153;Control1,Control2,Control3,Control4,Control5,Control6,Control7,Control8,Control9,Control10,Control11,Control12,Control13,Control15,Control17
9928,101927813,4751,3161,54443,55872;Control1,Control2,Control3,Control5,Control6,Control7,Control8,Control9,Control10,Control11,Control12,Control13,Control15,Control16
9928,7020;Control1,Control2,Control3,Control4,Control6,Control7,Control8,Control10,Control11,Control12,Control13,Control15,Control16,Control17
9928,7180,6664,2845,2625,50614,387978;Control1,Control3,Control4,Control5,Control6,Control7,Control9,Control10,Control11,Control12,Control13,Control15,Control16,Control17
9928,7272,23397,10721,64151,100288637;Control1,Control2,Control3,Control4,Control5,Control6,Control7,Control8,Control9,Control10,Control11,Control12,Control15,Control16
9928,10643;Control1,Control2,Control3,Control4,Control5,Control8,Control9,Control10,Control11,Control12,Control13,Control15,Control16,Control17
9928,2845,4751,10721,55247,7153;Control1,Control3,Control4,Control5,Control6,Control7,Control8,Control9,Control10,Control11,Control12,Control13,Control15,Control16,Control17
9928,27299,4751,6664,55247,54443,387978;Control1,Control3,Control4,Control5,Control6,Control7,Control8,Control9,Control10,Control11,Control12,Control13,Control15,Control17
9928,157570,7153;Control1,Control2,Control3,Control4,Control5,Control6,Control7,Control8,Control10,Control11,Control13,Control15,Control16,Control17
9928,9833,4751,6241,3161,54443,55872,55165,51203,100507118,7153,29128;Control1,Control2,Control3,Control4,Control5,Control6,Control7,Control8,Control9,Control10,Control11,Control12,Control15,Control16
9928,2625,6664,55247;Control1,Control3,Control4,Control5,Control6,Control7,Control8,Control9,Control10,Control11,Control12,Control13,Control15,Control16,Control17
9928,983,4751,55247,3161,54443,55872,55165,51203,7153,29128;Control1,Control2,Control3,Control4,Control5,Control6,Control7,Control8,Control9,Control10,Control11,Control12,Control13,Control16,Control17
9928,144455,64151,4001;Control1,Control2,Control3,Control4,Control5,Control7,Control8,Control9,Control10,Control11,Control12,Control13,Control15,Control16,Control17
9928,387978,4751,6664,64151,55247,4001,54443,7153;Control1,Control3,Control4,Control5,Control6,Control7,Control9,Control10,Control11,Control12,Control13,Control15,Control16,Control17
9928,100288637,4751,55247,3161,7153,29128;Control1,Control2,Control3,Control4,Control5,Control6,Control7,Control8,Control9,Control10,Control11,Control12,Control13,Control15,Control16,Control17
9928,701,55635,4751,55247,3161,54443,55872,55165,7153,29128;Control2,Control3,Control4,Control5,Control7,Control8,Control9,Control10,Control11,Control12,Control13,Control15,Control16,Control17
9928,57082,64151,4001,3161,55872,29128;Control1,Control2,Control3,Control4,Control5,Control6,Control7,Control8,Control9,Control10,Control11,Control12,Control13,Control15,Control16,Control17
9928,9768,57405,64151,57082,24137;Control1,Control2,Control3,Control4,Control5,Control6,Control7,Control8,Control9,Control10,Control11,Control12,Control13,Control16
9928,9055,4751,6241,3161,54443,55872,55165,221150,100507118,7153,29128;Control1,Control2,Control3,Control4,Control5,Control6,Control7,Control8,Control9,Control10,Control11,Control12,Control13,Control15,Control16
9928,101060400,4751,6664,55247,54443;Control1,Control3,Control4,Control5,Control6,Control8,Control9,Control10,Control11,Control12,Control13,Control15,Control16,Control17
9928,220134,55355,64151,55247,4001,3161,55872,221150,57082,29128;Control1,Control2,Control3,Control4,Control5,Control6,Control7,Control8,Control9,Control10,Control11,Control12,Control13,Control15
9928,105372115,4751,6664,10721,55247,54443,2845;Control1,Control3,Control4,Control5,Control6,Control7,Control9,Control10,Control11,Control12,Control13,Control15,Control16,Control17
9928,55723,4751,6241,891,3161,54443,55872,55165,221150,100507118,7153,29128,24137;Control1,Control2,Control3,Control4,Control6,Control7,Control8,Control9,Control10,Control11,Control12,Control13,Control15,Control16
9928,11065,6241,64151,891,3161,55872,55165,221150,57082,100507118,7153,29128,24137;Control1,Control2,Control3,Control4,Control6,Control7,Control8,Control9,Control10,Control11,Control12,Control13,Control15,Control16
9928,5354,157570,7153;Control1,Control2,Control3,Control4,Control5,Control6,Control7,Control10,Control11,Control12,Control13,Control15,Control16,Control17
9928,389903,4751,6664,56992,55247,54443,55872,221150,9055;Control1,Control3,Control4,Control5,Control6,Control7,Control8,Control9,Control10,Control11,Control12,Control13,Control15,Control16
55765,115019,389336,1749;Control1,Control2,Control3,Control4,Control5,Control6,Control7,Control8,Control9,Control10,Control11,Control12,Control13,Control15
55765,58,389336,1749,145873,5653,5650;Control1,Control2,Control3,Control4,Control5,Control6,Control7,Control8,Control9,Control10,Control11,Control12,Control13,Control17
55765,2019,389336,145873,5653,5650;Control1,Control2,Control3,Control4,Control5,Control6,Control7,Control8,Control9,Control10,Control11,Control12,Control13,Control15
55765,1295,58,2019,145873,5650;Control1,Control2,Control3,Control4,Control5,Control7,Control8,Control9,Control10,Control11,Control12,Control13,Control15,Control17
55765,941,4973;Control1,Control2,Control3,Control4,Control5,Control6,Control8,Control9,Control10,Control11,Control12,Control15,Control16,Control17
55765,112268460;Control1,Control2,Control3,Control4,Control5,Control6,Control7,Control8,Control9,Control11,Control12,Control13,Control15,Control17
55765,102467080;Control1,Control2,Control3,Control4,Control5,Control6,Control7,Control8,Control9,Control10,Control11,Control13,Control15,Control16,Control17
55765,101929215,4973;Control1,Control2,Control3,Control4,Control5,Control6,Control8,Control9,Control10,Control11,Control12,Control13,Control15,Control16
55765,6690;Control1,Control2,Control3,Control4,Control5,Control6,Control7,Control8,Control9,Control10,Control11,Control12,Control15,Control16,Control17
55765,389336,1749;Control1,Control2,Control3,Control4,Control5,Control6,Control7,Control8,Control9,Control10,Control11,Control12,Control13,Control15,Control17
55765,80328,941,4973;Control1,Control2,Control3,Control4,Control5,Control6,Control8,Control9,Control10,Control12,Control13,Control15,Control16,Control17
55765,100506895,8471;Control1,Control2,Control4,Control5,Control6,Control7,Control8,Control9,Control10,Control11,Control12,Control13,Control15,Control16,Control17
55765,1749;Control1,Control2,Control3,Control4,Control5,Control6,Control7,Control8,Control9,Control10,Control11,Control12,Control13,Control16,Control17
55765,100048912;Control1,Control2,Control3,Control4,Control5,Control7,Control8,Control9,Control11,Control12,Control13,Control15,Control16,Control17
55765,8538;Control1,Control2,Control3,Control5,Control7,Control8,Control9,Control10,Control11,Control12,Control13,Control15,Control16,Control17
55765,6768;Control1,Control2,Control3,Control4,Control5,Control6,Control7,Control8,Control9,Control10,Control12,Control13,Control15,Control17
55765,4973;Control1,Control2,Control3,Control4,Control5,Control6,Control8,Control9,Control10,Control11,Control12,Control13,Control15,Control16,Control17
55765,3856,354;Control1,Control2,Control3,Control4,Control7,Control8,Control9,Control10,Control11,Control12,Control13,Control15,Control16,Control17
55765,3227,389336,1749;Control1,Control2,Control3,Control4,Control5,Control6,Control7,Control8,Control9,Control10,Control11,Control12,Control13,Control15
55765,3502,389336,354;Control1,Control2,Control3,Control4,Control6,Control7,Control8,Control9,Control10,Control11,Control12,Control13,Control15,Control17
55765,145873,389336;Control1,Control2,Control3,Control4,Control5,Control6,Control7,Control8,Control9,Control10,Control11,Control12,Control13,Control15,Control17
55765,4166;Control1,Control3,Control4,Control5,Control6,Control8,Control9,Control10,Control11,Control12,Control13,Control15,Control16,Control17
55765,115701,1749;Control1,Control3,Control4,Control5,Control6,Control7,Control8,Control9,Control10,Control11,Control12,Control13,Control16,Control17
55765,354;Control1,Control2,Control3,Control4,Control6,Control7,Control8,Control9,Control10,Control11,Control12,Control13,Control15,Control16,Control17
115019,105372950,84561;Control1,Control2,Control3,Control4,Control5,Control6,Control7,Control8,Control9,Control11,Control12,Control13,Control15,Control16,Control17
115019,58,2019,1295,134285,389336,285987,4004,145873,5650,729442;Control1,Control2,Control3,Control4,Control5,Control7,Control8,Control9,Control10,Control11,Control12,Control13,Control16,Control17
115019,56896,105372950,84561,1404,1750,3856,113218482;Control1,Control2,Control3,Control4,Control5,Control6,Control7,Control8,Control9,Control11,Control12,Control13,Control16,Control17
115019,101927750,27237,105377123,134285,389336,285987,5653,5650,729442;Control1,Control2,Control3,Control4,Control5,Control7,Control8,Control9,Control10,Control11,Control12,Control13,Control15,Control17
115019,28946,3512,285987,4004,3502,5653,28809,729442;Control1,Control2,Control3,Control4,Control6,Control7,Control8,Control9,Control10,Control11,Control12,Control13,Control16,Control17
115019,731220,105372950,100505994,646024,105376041,55655;Control1,Control2,Control3,Control4,Control5,Control7,Control8,Control9,Control11,Control12,Control13,Control15,Control16,Control17
115019,284958,105372950,84561,105377508,646024,105376041,3229,387895,115701,55655;Control1,Control2,Control3,Control4,Control5,Control7,Control8,Control9,Control11,Control12,Control13,Control15,Control16,Control17
115019,2019,134285,389336,285987,4004,25818,5653,5650,28809,729442;Control1,Control2,Control3,Control4,Control5,Control7,Control8,Control9,Control10,Control11,Control12,Control13,Control15,Control16,Control17
115019,105377123,105374986;Control1,Control2,Control3,Control4,Control5,Control6,Control7,Control8,Control9,Control10,Control11,Control12,Control13,Control15,Control16,Control17
115019,79413,80714;Control1,Control2,Control3,Control4,Control5,Control6,Control7,Control8,Control11,Control12,Control13,Control15,Control16,Control17
115019,286676,89886;Control1,Control2,Control3,Control4,Control5,Control6,Control7,Control8,Control9,Control11,Control13,Control15,Control16,Control17
115019,79674,389336,1749,3227,354;Control1,Control2,Control3,Control4,Control7,Control8,Control9,Control10,Control11,Control12,Control13,Control15,Control16,Control17
115019,100506827,105377123;Control2,Control3,Control4,Control5,Control6,Control7,Control8,Control10,Control11,Control12,Control13,Control15,Control16,Control17
115019,345079,55057;Control1,Control2,Control3,Control4,Control5,Control8,Control9,Control10,Control11,Control12,Control13,Control15,Control16,Control17
115019,2250,105372950,646024,105376041,3229,387895;Control1,Control2,Control3,Control4,Control5,Control7,Control8,Control9,Control11,Control12,Control13,Control15,Control16,Control17
115019,4825,389336,1749;Control1,Control2,Control4,Control5,Control7,Control8,Control9,Control10,Control11,Control12,Control13,Control15,Control16,Control17
115019,10309,105377123,5307;Control1,Control2,Control5,Control6,Control7,Control8,Control9,Control10,Control11,Control12,Control13,Control15,Control16,Control17
115019,5307,105377123;Control1,Control2,Control4,Control5,Control6,Control7,Control8,Control9,Control10,Control11,Control12,Control13,Control15,Control16,Control17
115019,389336,1749;Control1,Control2,Control3,Control4,Control5,Control6,Control7,Control8,Control9,Control10,Control11,Control12,Control13,Control15,Control16,Control17
115019,100506895,389336,1749;Control1,Control2,Control4,Control5,Control6,Control7,Control8,Control9,Control10,Control11,Control12,Control13,Control15,Control17
115019,83648;Control1,Control2,Control3,Control4,Control5,Control6,Control7,Control8,Control9,Control11,Control12,Control13,Control15,Control16
115019,11075,105372950,731220,389336,646024,1749,105376041,3229,55655;Control1,Control2,Control3,Control4,Control5,Control7,Control8,Control9,Control11,Control12,Control13,Control15,Control16,Control17
115019,105375690,1749;Control1,Control2,Control3,Control5,Control7,Control8,Control9,Control10,Control11,Control12,Control13,Control15,Control16,Control17
115019,554202,105372950,100505994,646024,105376041,55655;Control1,Control2,Control3,Control4,Control5,Control7,Control8,Control9,Control11,Control12,Control13,Control15,Control16,Control17
115019,29991;Control1,Control2,Control3,Control4,Control5,Control6,Control7,Control8,Control9,Control10,Control11,Control13,Control15,Control16,Control17
115019,8538;Control1,Control2,Control3,Control4,Control5,Control6,Control7,Control8,Control9,Control10,Control11,Control12,Control13,Control17
115019,6768,285987,5653,28809,729442;Control1,Control2,Control3,Control4,Control5,Control6,Control7,Control8,Control9,Control10,Control11,Control12,Control16,Control17
115019,4973,134285,285987,1749,4004,5653,5650,729442;Control1,Control2,Control3,Control4,Control5,Control7,Control8,Control9,Control10,Control11,Control12,Control13,Control16,Control17
115019,3227,389336,1749;Control1,Control2,Control3,Control4,Control5,Control7,Control8,Control9,Control10,Control11,Control12,Control13,Control15,Control16,Control17
115019,3502,58,2019,134285,389336,285987,1749,4004,145873,25818,5653,5650,28809,729442;Control1,Control2,Control3,Control4,Control5,Control7,Control8,Control9,Control10,Control11,Control12,Control13,Control16,Control17
115019,9956,105372950,100505994,646024,105376041;Control1,Control2,Control3,Control4,Control5,Control7,Control8,Control9,Control11,Control12,Control13,Control15,Control16,Control17
115019,4496,105372950,84561,646024,105376041,3229,387895,115701;Control1,Control2,Control3,Control4,Control5,Control7,Control8,Control9,Control11,Control12,Control13,Control15,Control16,Control17
115019,284240,105372950,56896,84561,1750,3856,113218482;Control1,Control2,Control3,Control4,Control5,Control6,Control7,Control8,Control9,Control11,Control12,Control13,Control16,Control17
115019,80714;Control1,Control2,Control3,Control4,Control5,Control6,Control7,Control8,Control9,Control11,Control12,Control13,Control15,Control16,Control17
115019,354,134285,389336,285987,4004,5653,5650,28809,729442;Control1,Control2,Control3,Control4,Control5,Control7,Control8,Control9,Control10,Control11,Control12,Control13,Control15,Control16,Control17
115019,64699,5307,5653,28809;Control1,Control2,Control4,Control5,Control6,Control7,Control8,Control9,Control10,Control11,Control12,Control13,Control16,Control17
115019,3053,105372950,84561,389336,646024,105376041,3229,387895,115701,55655;Control1,Control2,Control3,Control4,Control5,Control7,Control8,Control9,Control11,Control12,Control13,Control15,Control16,Control17
115019,109729169,105372950,84561,646024,11075,105376041,55655;Control1,Control2,Control3,Control4,Control5,Control7,Control8,Control9,Control11,Control12,Control13,Control15,Control16,Control17
115019,105373150,2019,134285,5307,389336,285987,4004,25818,5653,5650,28809,729442;Control1,Control2,Control4,Control5,Control7,Control8,Control9,Control10,Control11,Control12,Control13,Control15,Control16,Control17
729533,4085,653820;Control1,Control2,Control4,Control5,Control7,Control8,Control9,Control10,Control11,Control12,Control13,Control15,Control16,Control17
729533,7272,3161,100288637;Control2,Control3,Control4,Control5,Control7,Control8,Control9,Control10,Control11,Control12,Control13,Control15,Control16,Control17
729533,11130,7272,100288637;Control2,Control3,Control4,Control5,Control7,Control8,Control9,Control10,Control11,Control12,Control13,Control15,Control16,Control17
729533,701;Control2,Control3,Control4,Control5,Control6,Control7,Control8,Control9,Control10,Control11,Control12,Control13,Control15,Control16,Control17
729533,201299;Control1,Control2,Control3,Control4,Control5,Control6,Control7,Control8,Control9,Control10,Control11,Control13,Control15,Control16
3914,100422894,3881;Control1,Control2,Control3,Control4,Control5,Control6,Control7,Control8,Control9,Control10,Control12,Control13,Control16,Control17
3914,731220,55655;Control1,Control2,Control3,Control4,Control5,Control6,Control7,Control8,Control9,Control10,Control11,Control12,Control15,Control16,Control17
3914,2250;Control1,Control2,Control3,Control4,Control5,Control6,Control7,Control8,Control9,Control10,Control12,Control13,Control15,Control16
3914,4825,1749;Control1,Control2,Control4,Control5,Control6,Control7,Control8,Control9,Control10,Control11,Control12,Control15,Control16,Control17
3914,102467080,1749;Control1,Control2,Control3,Control4,Control5,Control6,Control7,Control8,Control9,Control10,Control11,Control12,Control16,Control17
3914,6690,112802,3881;Control1,Control2,Control3,Control4,Control5,Control6,Control7,Control8,Control9,Control10,Control11,Control12,Control13,Control16,Control17
3914,389336,731220,646024,1749,11075,105376041,103689845,55655;Control1,Control2,Control3,Control4,Control5,Control6,Control7,Control8,Control9,Control11,Control12,Control15,Control16,Control17
3914,6534;Control1,Control2,Control3,Control4,Control5,Control6,Control7,Control8,Control9,Control10,Control12,Control15,Control16,Control17
3914,8329,112802;Control1,Control2,Control3,Control4,Control5,Control6,Control7,Control8,Control9,Control10,Control11,Control13,Control16,Control17
3914,1749;Control1,Control2,Control3,Control4,Control5,Control6,Control7,Control8,Control9,Control10,Control11,Control12,Control15,Control16,Control17
3914,105375690,731220,55655;Control1,Control2,Control3,Control5,Control6,Control7,Control8,Control9,Control10,Control11,Control12,Control15,Control16,Control17
3914,1029;Control1,Control3,Control4,Control5,Control6,Control7,Control8,Control9,Control10,Control12,Control13,Control15,Control16,Control17
3914,102724784,112802,3881;Control1,Control2,Control3,Control4,Control5,Control6,Control7,Control8,Control9,Control11,Control12,Control13,Control16,Control17
3914,6768,81607;Control1,Control2,Control3,Control4,Control5,Control6,Control7,Control8,Control9,Control10,Control12,Control13,Control16,Control17
3914,8549,103689845;Control1,Control2,Control3,Control4,Control5,Control6,Control8,Control9,Control11,Control12,Control13,Control15,Control16,Control17
3914,103689845;Control1,Control2,Control3,Control4,Control5,Control6,Control7,Control8,Control9,Control11,Control12,Control13,Control15,Control16,Control17
3914,4166;Control1,Control3,Control4,Control5,Control6,Control8,Control9,Control10,Control11,Control12,Control13,Control15,Control16,Control17
3914,115701,55655;Control1,Control2,Control3,Control4,Control5,Control6,Control7,Control8,Control9,Control10,Control12,Control15,Control16,Control17
100422894,286676;Control1,Control2,Control3,Control4,Control5,Control6,Control7,Control8,Control9,Control11,Control12,Control15,Control16,Control17
100422894,6690,3881;Control1,Control2,Control3,Control4,Control5,Control6,Control7,Control8,Control9,Control10,Control12,Control13,Control15,Control16,Control17
100422894,8352,101927760,338667,53820;Control1,Control2,Control3,Control4,Control5,Control6,Control7,Control8,Control9,Control11,Control13,Control15,Control16,Control17
100422894,8329;Control1,Control2,Control3,Control4,Control5,Control6,Control7,Control8,Control9,Control10,Control12,Control13,Control15,Control16,Control17
100422894,7180;Control2,Control3,Control4,Control5,Control6,Control7,Control8,Control10,Control11,Control12,Control13,Control15,Control16,Control17
100422894,29991;Control1,Control2,Control3,Control4,Control5,Control6,Control7,Control8,Control9,Control10,Control11,Control12,Control15,Control17
100422894,2893;Control1,Control2,Control3,Control4,Control6,Control7,Control8,Control9,Control10,Control11,Control13,Control15,Control16,Control17
100422894,8538;Control1,Control2,Control3,Control4,Control5,Control6,Control7,Control8,Control9,Control10,Control11,Control15,Control16,Control17
100422894,4973;Control1,Control2,Control3,Control4,Control5,Control6,Control7,Control8,Control9,Control10,Control11,Control12,Control15,Control16,Control17
100422894,112802,6690,3881;Control1,Control2,Control3,Control4,Control5,Control6,Control7,Control8,Control9,Control10,Control12,Control13,Control15,Control16
100422894,10595,8329;Control1,Control3,Control4,Control5,Control6,Control7,Control8,Control9,Control10,Control12,Control13,Control15,Control16,Control17
100422894,3881;Control1,Control2,Control3,Control4,Control5,Control6,Control7,Control8,Control9,Control10,Control11,Control12,Control13,Control15,Control17
100422894,111216286,101927760,338667,53820;Control1,Control2,Control3,Control4,Control5,Control6,Control7,Control8,Control9,Control11,Control13,Control15,Control16,Control17
3664,58,101929215,3783,102723547;Control1,Control2,Control4,Control5,Control6,Control7,Control8,Control9,Control11,Control12,Control13,Control15,Control16,Control17
3664,101929215,3783,102723547;Control1,Control2,Control3,Control4,Control5,Control6,Control7,Control8,Control9,Control11,Control12,Control13,Control15,Control16,Control17
3664,3833;Control1,Control3,Control4,Control5,Control6,Control7,Control8,Control10,Control11,Control12,Control13,Control15,Control16,Control17
3664,253582,112937,110806280,3783,729447,102723547;Control1,Control2,Control3,Control5,Control6,Control7,Control8,Control9,Control10,Control11,Control12,Control13,Control15,Control17
3664,105369315;Control1,Control2,Control3,Control4,Control5,Control6,Control7,Control8,Control9,Control10,Control11,Control13,Control15,Control16
3664,55867;Control1,Control2,Control3,Control4,Control5,Control6,Control8,Control9,Control10,Control11,Control12,Control13,Control15,Control16
3664,112937,110806280,729447,102723547;Control1,Control2,Control3,Control4,Control5,Control6,Control7,Control8,Control9,Control10,Control11,Control12,Control13,Control15,Control17
3664,1690,100506071,3783;Control1,Control2,Control4,Control5,Control6,Control7,Control8,Control9,Control10,Control11,Control12,Control13,Control16,Control17
3664,100506071,3783;Control1,Control2,Control4,Control5,Control6,Control7,Control8,Control9,Control10,Control11,Control12,Control13,Control15,Control16,Control17
3664,91828;Control1,Control3,Control4,Control5,Control6,Control7,Control8,Control9,Control11,Control12,Control13,Control15,Control16,Control17
3664,176,729447,102723547;Control1,Control2,Control3,Control4,Control5,Control6,Control7,Control8,Control9,Control10,Control11,Control13,Control15,Control16,Control17
3664,105372115,3783,9582,729447,102723547,389903;Control2,Control3,Control4,Control5,Control6,Control7,Control8,Control10,Control11,Control12,Control13,Control15,Control16,Control17
3664,110806280,101929215,3783;Control1,Control2,Control3,Control4,Control5,Control6,Control7,Control8,Control9,Control10,Control11,Control12,Control13,Control15,Control17
3664,3783,729447,102723547;Control1,Control2,Control3,Control4,Control5,Control6,Control7,Control8,Control9,Control10,Control11,Control12,Control13,Control15,Control16,Control17
3664,9582,3783,729447,102723547,389903;Control1,Control2,Control3,Control4,Control5,Control6,Control7,Control8,Control10,Control11,Control12,Control13,Control15,Control16,Control17
3664,26150,3783;Control1,Control2,Control3,Control4,Control6,Control7,Control8,Control9,Control10,Control12,Control13,Control15,Control16,Control17
3664,349408,112937,176,729447,102723547;Control1,Control2,Control3,Control4,Control5,Control6,Control7,Control8,Control9,Control10,Control11,Control13,Control15,Control17
3664,158511,112937,110806280,3783,729447,102723547;Control1,Control3,Control4,Control5,Control6,Control7,Control8,Control9,Control10,Control11,Control12,Control13,Control15,Control17
4751,1063,6241,3161,54443,55872,983,55165,221150,9787,51203,9055,100507118,7153,29128;Control1,Control2,Control3,Control4,Control5,Control6,Control7,Control8,Control9,Control10,Control11,Control12,Control13,Control15,Control16
4751,1058,3832;Control1,Control2,Control3,Control4,Control5,Control6,Control7,Control8,Control9,Control10,Control11,Control12,Control13,Control15,Control16
4751,150468,1063,55872,983,3832,55165,100507118,7153;Control1,Control2,Control3,Control4,Control5,Control6,Control7,Control9,Control10,Control11,Control12,Control13,Control15,Control16,Control17
4751,27178,285643,54443,157570,9055;Control1,Control2,Control3,Control4,Control5,Control6,Control7,Control8,Control10,Control11,Control12,Control13,Control15,Control16,Control17
4751,56992,64151,55247,3161,54443,55872,221150,9055;Control1,Control3,Control4,Control5,Control6,Control7,Control8,Control9,Control10,Control11,Control12,Control13,Control15,Control16,Control17
4751,10721,9928,55247,3161,54443,7153;Control1,Control3,Control4,Control5,Control6,Control7,Control8,Control9,Control10,Control11,Control12,Control13,Control15,Control16,Control17
4751,64151,9928,55247,3161,54443,55872,7153;Control1,Control3,Control4,Control5,Control6,Control7,Control8,Control9,Control10,Control11,Control12,Control13,Control15,Control16,Control17
4751,1062,4085,55247,3161,100288637;Control1,Control2,Control3,Control6,Control7,Control8,Control9,Control10,Control11,Control12,Control13,Control15,Control16,Control17
4751,4085,55247,3161,100288637;Control1,Control2,Control3,Control4,Control5,Control6,Control7,Control8,Control9,Control10,Control11,Control12,Control13,Control15,Control16,Control17
4751,891,3161,55872,55165,51203,9055,7153,29128;Control1,Control2,Control3,Control4,Control5,Control6,Control7,Control8,Control9,Control10,Control11,Control12,Control13,Control15,Control16,Control17
4751,7272,23397,10721,3161,54443,55165,7153;Control1,Control3,Control4,Control5,Control6,Control7,Control8,Control9,Control10,Control11,Control12,Control13,Control15,Control16,Control17
4751,105375610,55143,150468,55247,3161,55872,983,9055;Control1,Control2,Control3,Control4,Control5,Control6,Control7,Control10,Control11,Control12,Control13,Control15,Control16,Control17
4751,9833,891,3161,55872,55165,51203,9055,100507118,7153,29128;Control1,Control2,Control3,Control4,Control5,Control6,Control7,Control8,Control9,Control10,Control12,Control13,Control15,Control16,Control17
4751,55388,55635,23397,10721,7153;Control1,Control3,Control4,Control5,Control6,Control7,Control8,Control9,Control10,Control12,Control13,Control15,Control16,Control17
4751,79733,55143,27178,55247,285643,54443,3832,9055;Control1,Control2,Control3,Control4,Control5,Control6,Control7,Control10,Control11,Control12,Control13,Control15,Control16,Control17
4751,105369685,2845;Control1,Control3,Control4,Control5,Control6,Control7,Control8,Control10,Control11,Control12,Control13,Control15,Control16,Control17
4751,81624,54443,9055,100507118;Control1,Control2,Control3,Control4,Control5,Control6,Control7,Control8,Control9,Control11,Control12,Control13,Control15,Control16,Control17
4751,387978,6664,55247,54443,9055;Control1,Control3,Control4,Control5,Control6,Control7,Control8,Control9,Control10,Control11,Control12,Control13,Control15,Control16,Control17
4751,9824,3161,54443,983,3832,55165,51203,7153;Control1,Control2,Control3,Control4,Control5,Control6,Control7,Control8,Control9,Control10,Control11,Control12,Control13,Control15,Control16,Control17
4751,57082,9928,64151,3161,54443,55872,7153;Control1,Control3,Control4,Control5,Control6,Control7,Control8,Control9,Control10,Control11,Control12,Control13,Control15,Control16,Control17
4751,9493,3161,54443,55872,983,3832,55165,9824,51203,7153;Control1,Control2,Control4,Control5,Control6,Control7,Control8,Control9,Control10,Control11,Control12,Control13,Control15,Control16,Control17
4751,64843,6664,55247,27299,387978,9055;Control1,Control4,Control5,Control6,Control7,Control8,Control9,Control10,Control11,Control12,Control13,Control15,Control16,Control17
4751,9055,55247,3161,54443,55872,983,55165,7153,29128;Control1,Control2,Control3,Control4,Control5,Control6,Control7,Control8,Control9,Control10,Control11,Control12,Control13,Control15,Control16,Control17
4751,100507118,3161,54443,55872,983,55165,51203,9055,7153,29128;Control1,Control2,Control3,Control4,Control5,Control6,Control7,Control8,Control9,Control10,Control11,Control12,Control13,Control15,Control16,Control17
4751,79801,55635,3161,54443,55872,983,3832,55165,51203,9055,100507118,7153;Control1,Control2,Control3,Control4,Control5,Control6,Control7,Control9,Control10,Control11,Control12,Control13,Control16,Control17
4751,83903,150468,54443,3832,55165;Control1,Control2,Control3,Control4,Control5,Control6,Control7,Control9,Control10,Control11,Control12,Control13,Control15,Control16,Control17
4751,201299,55247,3161,54443,55872,221150,9055,100507118,7153;Control1,Control2,Control3,Control4,Control5,Control7,Control8,Control9,Control10,Control11,Control12,Control13,Control15,Control16
4751,9496,54443,9824;Control1,Control2,Control3,Control4,Control5,Control6,Control7,Control9,Control10,Control11,Control12,Control13,Control15,Control17
4751,105372115,3604,6664,55247,2845,27299,2625,387978,9055;Control1,Control3,Control4,Control5,Control6,Control7,Control9,Control10,Control11,Control12,Control13,Control15,Control16,Control17
4751,101929707,27178,285643;Control1,Control2,Control3,Control4,Control5,Control6,Control7,Control8,Control10,Control11,Control12,Control13,Control15,Control16,Control17
4751,51512,55143,150468,27178,285643,54443,157570,9055;Control1,Control2,Control3,Control4,Control5,Control6,Control7,Control8,Control10,Control11,Control12,Control15,Control16,Control17
4751,24137,55635,23397,3161,54443,983,3832,55165,51203,7153;Control1,Control2,Control3,Control4,Control5,Control6,Control7,Control8,Control9,Control10,Control11,Control12,Control13,Control15,Control16
4751,389903,6664,56992,64151,55247,3161,54443,55872,9055,7153;Control1,Control3,Control4,Control5,Control6,Control7,Control9,Control10,Control11,Control12,Control13,Control15,Control16,Control17
1063,1058,6241,9232,9787,9212;Control1,Control2,Control3,Control4,Control5,Control6,Control7,Control8,Control10,Control11,Control12,Control13,Control15,Control16,Control17
1063,23397,6241,699,55355,64151,55872,55165,221150,9787,51203,100507118,79801,29128,24137;Control1,Control2,Control3,Control5,Control6,Control7,Control9,Control10,Control11,Control12,Control13,Control15,Control16,Control17
1063,699,6241,55355,64151,55872,55165,221150,9787,51203,100507118,29128,24137;Control1,Control2,Control3,Control5,Control6,Control7,Control8,Control9,Control10,Control11,Control12,Control13,Control15,Control16,Control17
1063,150468,6241,995,9787,332;Control1,Control2,Control3,Control4,Control5,Control6,Control7,Control8,Control9,Control10,Control11,Control12,Control13,Control15,Control16,Control17
1063,57405,991,259266,6241,55355,9787,9133,79801;Control1,Control3,Control4,Control5,Control6,Control7,Control8,Control9,Control10,Control11,Control12,Control13,Control15,Control16,Control17
1063,56992,6241,55355,64151,55872,55165,221150,9787,24137;Control2,Control3,Control4,Control5,Control7,Control8,Control9,Control10,Control11,Control12,Control13,Control15,Control16,Control17
1063,3161,6241,64151,55872,55165,221150,9787,100507118,29128,24137;Control1,Control2,Control3,Control4,Control5,Control6,Control7,Control8,Control9,Control10,Control11,Control12,Control13,Control15,Control16,Control17
1063,101927813,1058,100507118;Control1,Control2,Control3,Control5,Control6,Control7,Control8,Control9,Control10,Control11,Control13,Control15,Control16,Control17
1063,105375610,6241,1058,9787;Control1,Control2,Control3,Control4,Control5,Control6,Control7,Control8,Control10,Control11,Control12,Control13,Control15,Control16,Control17
1063,157570,6241,150468,995,55872,55165,9787;Control1,Control2,Control3,Control4,Control5,Control6,Control7,Control8,Control10,Control11,Control12,Control13,Control15,Control16
1063,55872,6241,150468,55165,9787;Control1,Control2,Control3,Control4,Control5,Control6,Control7,Control8,Control9,Control10,Control11,Control12,Control13,Control15,Control16,Control17
1063,9833,6241,150468,3161,54443,55872,55165,51203,100507118;Control1,Control2,Control3,Control4,Control5,Control6,Control7,Control8,Control9,Control10,Control11,Control12,Control15,Control16,Control17
1063,983,6241,3161,55872,55165,100507118,79801,29128;Control1,Control2,Control3,Control4,Control5,Control6,Control7,Control8,Control9,Control10,Control11,Control12,Control13,Control15,Control16,Control17
1063,219527,6241,995,3833,221150,100507118,55723,11065;Control1,Control2,Control3,Control4,Control6,Control7,Control8,Control10,Control11,Control12,Control13,Control15,Control16,Control17
1063,374393,6241,9833,79801;Control1,Control2,Control3,Control4,Control6,Control7,Control8,Control9,Control10,Control11,Control12,Control13,Control15,Control16,Control17
1063,113130,991,259266,6241,995,9232,4288,9787,9133,9212,146909;Control1,Control2,Control3,Control4,Control5,Control6,Control7,Control8,Control9,Control10,Control11,Control12,Control13,Control15,Control16,Control17
1063,10024,991,128239,259266,6241,55355,995,4288,9787,9133,9212;Control1,Control3,Control4,Control5,Control6,Control7,Control8,Control10,Control11,Control12,Control13,Control15,Control16,Control17
1063,81624,150468;Control1,Control2,Control3,Control4,Control5,Control6,Control7,Control8,Control9,Control11,Control12,Control13,Control15,Control16,Control17
1063,1033,100507118,79801;Control1,Control2,Control5,Control6,Control7,Control8,Control9,Control10,Control11,Control12,Control13,Control15,Control16,Control17
1063,9824,4751,6241,3161,54443,55872,983,55165,9787,51203,9055,100507118,7153,29128;Control1,Control2,Control4,Control5,Control6,Control7,Control8,Control9,Control10,Control11,Control12,Control13,Control15,Control16
1063,9055,3161,55872,983,55165,100507118,29128;Control1,Control2,Control3,Control4,Control5,Control6,Control7,Control8,Control9,Control10,Control11,Control12,Control13,Control15,Control16,Control17
1063,79801,991,259266,6241,55355,4288,9787,9133;Control1,Control2,Control3,Control4,Control5,Control6,Control7,Control8,Control9,Control10,Control11,Control12,Control13,Control15,Control16,Control17
1063,83903,150468,54443;Control1,Control2,Control3,Control4,Control5,Control6,Control7,Control8,Control9,Control10,Control11,Control13,Control15,Control16,Control17
1063,107985017,991,9232,3833,113130,9787,9212,146909;Control1,Control2,Control3,Control4,Control5,Control6,Control7,Control8,Control10,Control11,Control12,Control15,Control16,Control17
1063,10615,991,11004,128239,259266,6241,55355,995,4288,9787,9133,9212,332;Control1,Control3,Control4,Control5,Control6,Control8,Control9,Control10,Control11,Control12,Control13,Control15,Control16,Control17
1063,201299,6241,56992,3161,55872,221150,9787,100507118,24137;Control2,Control3,Control4,Control5,Control7,Control8,Control9,Control10,Control11,Control12,Control13,Control15,Control16,Control17
1063,220134,991,259266,6241,55355,4288,9787,79801;Control1,Control3,Control4,Control5,Control6,Control7,Control8,Control9,Control10,Control11,Control12,Control13,Control15,Control16,Control17
1063,29128,6241,55355,64151,55872,55165,221150,9787,100507118,24137;Control1,Control2,Control3,Control4,Control5,Control6,Control7,Control8,Control9,Control10,Control11,Control12,Control13,Control15,Control16,Control17
1063,55723,991,259266,6241,55355,995,3833,4288,9787,9212,11065;Control1,Control2,Control3,Control4,Control6,Control7,Control8,Control9,Control10,Control11,Control12,Control13,Control15,Control16,Control17
1063,22974,991,259266,6241,55355,995,3833,4288,9787,9133,9212;Control1,Control2,Control3,Control5,Control6,Control7,Control8,Control9,Control10,Control11,Control12,Control13,Control15,Control16,Control17
1063,11065,991,259266,6241,55355,995,3833,4288,9787,9133,9212;Control1,Control2,Control3,Control4,Control6,Control7,Control8,Control9,Control10,Control11,Control12,Control13,Control15,Control16,Control17
1063,24137,991,259266,6241,55355,995,9787,9133,9212,332;Control1,Control2,Control3,Control4,Control5,Control6,Control7,Control8,Control9,Control10,Control11,Control12,Control13,Control15,Control16,Control17
1063,5354,6241,995,157570,55872,55165;Control1,Control2,Control3,Control4,Control5,Control6,Control7,Control8,Control10,Control11,Control12,Control13,Control15,Control16
105372950,56896,84561,1750,3856,113218482;Control1,Control2,Control3,Control4,Control5,Control6,Control7,Control8,Control9,Control10,Control11,Control12,Control13,Control16,Control17
105372950,731220,100505994,646024,105376041;Control1,Control2,Control3,Control4,Control5,Control7,Control8,Control9,Control10,Control11,Control12,Control13,Control15,Control16,Control17
105372950,284958,84561,105377508,646024,105376041,3229,387895;Control1,Control2,Control3,Control4,Control5,Control7,Control8,Control9,Control10,Control11,Control12,Control13,Control15,Control16,Control17
105372950,56300,84561,80329,646024,105376041,4496;Control1,Control2,Control3,Control4,Control5,Control6,Control7,Control8,Control9,Control10,Control11,Control12,Control13,Control15,Control17
105372950,5798,84561,646024,105376041,3053;Control1,Control2,Control3,Control4,Control5,Control6,Control7,Control8,Control9,Control10,Control11,Control13,Control15,Control16,Control17
105372950,105377123,115019,3856,113218482;Control1,Control2,Control3,Control4,Control5,Control6,Control7,Control8,Control9,Control11,Control12,Control13,Control16,Control17
105372950,79413,56896,1750;Control1,Control2,Control3,Control4,Control5,Control6,Control7,Control8,Control10,Control11,Control12,Control13,Control16,Control17
105372950,84561,646024,105376041,3053;Control1,Control2,Control3,Control4,Control5,Control6,Control7,Control8,Control9,Control10,Control11,Control12,Control13,Control15,Control16,Control17
105372950,647309,731220,646024,11075,105376041,55655;Control1,Control2,Control4,Control5,Control7,Control8,Control9,Control10,Control11,Control12,Control13,Control15,Control16,Control17
105372950,2250,646024,105376041,3229,387895;Control1,Control2,Control3,Control4,Control5,Control7,Control8,Control9,Control10,Control11,Control12,Control13,Control15,Control16,Control17
105372950,1404,56896,3856,113218482;Control1,Control2,Control3,Control4,Control5,Control6,Control7,Control8,Control9,Control10,Control11,Control12,Control13,Control16,Control17
105372950,6534,5798,84561,646024,105376041,3053;Control1,Control2,Control3,Control4,Control5,Control6,Control7,Control8,Control9,Control10,Control11,Control13,Control15,Control16
105372950,105374986,115019,84561;Control1,Control3,Control4,Control5,Control6,Control7,Control8,Control9,Control11,Control12,Control13,Control15,Control16,Control17
105372950,860,84561,646024,11075,105376041,109729169;Control1,Control2,Control3,Control4,Control5,Control8,Control9,Control10,Control11,Control12,Control13,Control15,Control16,Control17
105372950,105375077,84561;Control1,Control2,Control3,Control4,Control5,Control6,Control7,Control8,Control9,Control10,Control11,Control12,Control13,Control15,Control16
105372950,107986606,84561,100505994,80329,646024,105376041,387978,107985492;Control1,Control2,Control3,Control5,Control6,Control7,Control8,Control10,Control11,Control12,Control13,Control15,Control16,Control17
105372950,80329,84561,100505994,646024,105376041,107985492;Control1,Control2,Control3,Control5,Control6,Control7,Control8,Control9,Control10,Control11,Control12,Control13,Control15,Control16,Control17
105372950,100652791,56300,84561,80329,646024,105376041,4496;Control1,Control2,Control3,Control4,Control5,Control6,Control8,Control9,Control10,Control11,Control12,Control13,Control15,Control17
105372950,83648,113218482;Control1,Control2,Control3,Control4,Control5,Control6,Control7,Control8,Control9,Control10,Control11,Control12,Control13,Control16
105372950,11075,731220,646024,105376041,55655;Control1,Control2,Control3,Control4,Control5,Control7,Control8,Control9,Control10,Control11,Control12,Control13,Control15,Control16,Control17
105372950,105375690,731220,84561,100505994,646024,105376041,3229,55655,107985492;Control1,Control2,Control3,Control5,Control7,Control8,Control9,Control10,Control11,Control12,Control13,Control15,Control16,Control17
105372950,554202,100505994,646024,105376041;Control1,Control2,Control3,Control4,Control5,Control7,Control8,Control9,Control10,Control11,Control12,Control13,Control15,Control16,Control17
105372950,338376,731220,84561,100505994,646024,105376041;Control2,Control3,Control4,Control5,Control7,Control8,Control9,Control10,Control11,Control12,Control13,Control15,Control16,Control17
105372950,364,56896,84561,1750,3856,113218482,594855;Control1,Control2,Control3,Control4,Control6,Control7,Control8,Control9,Control10,Control11,Control12,Control13,Control16,Control17
105372950,3229,731220,646024,105376041,55655;Control1,Control2,Control3,Control4,Control5,Control7,Control8,Control9,Control10,Control11,Control12,Control13,Control15,Control16,Control17
105372950,122042,284958,646024,105376041,3229;Control1,Control2,Control3,Control4,Control5,Control8,Control9,Control10,Control11,Control12,Control13,Control15,Control16,Control17
105372950,103689845,731220,100505994,646024,105376041;Control1,Control2,Control3,Control4,Control5,Control7,Control8,Control9,Control10,Control11,Control12,Control15,Control16,Control17
105372950,5100,646024,105376041,3053;Control1,Control2,Control3,Control4,Control6,Control8,Control9,Control10,Control11,Control12,Control13,Control15,Control16,Control17
105372950,5101,84561,100505994,646024,554202,105376041;Control1,Control2,Control3,Control4,Control5,Control8,Control9,Control10,Control11,Control12,Control13,Control15,Control16,Control17
105372950,387978,84561,646024,105376041,3053;Control1,Control2,Control3,Control4,Control5,Control6,Control7,Control8,Control10,Control11,Control12,Control13,Control15,Control16,Control17
105372950,9628;Control1,Control2,Control3,Control4,Control5,Control6,Control7,Control8,Control9,Control10,Control11,Control12,Control16,Control17
105372950,594855,56896,84561,1404,3856,113218482;Control1,Control2,Control3,Control4,Control6,Control7,Control8,Control9,Control10,Control11,Control12,Control13,Control16,Control17
105372950,9956,731220,84561,100505994,646024,105376041;Control1,Control2,Control3,Control4,Control5,Control7,Control9,Control10,Control11,Control12,Control13,Control15,Control16,Control17
105372950,9955,84561,646024,11075,105376041,109729169;Control1,Control3,Control4,Control5,Control7,Control8,Control9,Control10,Control11,Control12,Control13,Control15,Control16,Control17
105372950,115701,284958,84561,646024,105376041,3229,387895;Control1,Control2,Control3,Control4,Control5,Control7,Control8,Control9,Control10,Control11,Control12,Control13,Control15,Control16,Control17
105372950,284240,56896,84561,113218482;Control1,Control2,Control3,Control4,Control5,Control6,Control7,Control8,Control9,Control10,Control11,Control12,Control13,Control16,Control17
105372950,80714,89886,84561;Control1,Control2,Control3,Control4,Control5,Control6,Control7,Control8,Control9,Control10,Control13,Control15,Control16,Control17
105372950,111216286,56896,113218482;Control1,Control2,Control3,Control4,Control5,Control6,Control7,Control8,Control9,Control10,Control11,Control12,Control16,Control17
105372950,5008,56896,84561,1750,3856,113218482;Control2,Control3,Control4,Control5,Control6,Control7,Control8,Control9,Control10,Control11,Control12,Control13,Control16,Control17
105372950,9758,56896,1750,3856,113218482;Control1,Control2,Control4,Control5,Control6,Control7,Control8,Control9,Control10,Control11,Control12,Control13,Control16,Control17
105372950,109729169,84561,646024,11075,105376041,55655;Control1,Control2,Control3,Control4,Control5,Control7,Control8,Control9,Control10,Control11,Control12,Control13,Control15,Control16,Control17
105372950,729447,84561;Control1,Control2,Control3,Control4,Control5,Control6,Control7,Control8,Control9,Control10,Control12,Control13,Control15,Control16
105373106,5101,79100;Control1,Control2,Control3,Control4,Control5,Control6,Control7,Control8,Control9,Control10,Control11,Control12,Control13,Control16
102723834,57624;Control1,Control2,Control3,Control4,Control5,Control6,Control8,Control9,Control10,Control11,Control12,Control13,Control15,Control16
102723834,112268460;Control1,Control4,Control5,Control6,Control7,Control8,Control9,Control10,Control11,Control12,Control13,Control15,Control16,Control17
102723834,100506071,91828;Control1,Control4,Control5,Control6,Control7,Control8,Control9,Control10,Control11,Control12,Control13,Control15,Control16,Control17
102723834,91828;Control1,Control2,Control4,Control5,Control6,Control7,Control8,Control9,Control10,Control11,Control12,Control13,Control15,Control16,Control17
102723834,11001;Control1,Control2,Control3,Control4,Control5,Control6,Control7,Control9,Control10,Control11,Control12,Control13,Control15,Control16,Control17
102723834,176;Control1,Control2,Control4,Control5,Control6,Control7,Control8,Control9,Control10,Control11,Control12,Control13,Control15,Control16,Control17
102723834,107985017,91828;Control1,Control2,Control4,Control5,Control6,Control7,Control8,Control10,Control11,Control12,Control13,Control15,Control16,Control17
102723834,158511;Control1,Control2,Control4,Control5,Control6,Control7,Control8,Control9,Control10,Control11,Control12,Control13,Control15,Control17
574029,9378;Control1,Control2,Control3,Control4,Control6,Control7,Control8,Control9,Control10,Control11,Control12,Control13,Control15,Control16,Control17
574029,101927750,1301,574414,2834;Control1,Control2,Control3,Control4,Control5,Control6,Control7,Control8,Control9,Control11,Control12,Control13,Control15,Control16,Control17
574029,101929215,107986951;Control1,Control2,Control3,Control4,Control5,Control6,Control7,Control8,Control9,Control11,Control12,Control13,Control15,Control16
574029,860,6332;Control1,Control2,Control3,Control4,Control5,Control6,Control7,Control8,Control9,Control10,Control11,Control12,Control13,Control17
574029,168002,107986951,107984129,79191,1995,4318,109729184;Control1,Control2,Control3,Control4,Control5,Control6,Control8,Control9,Control10,Control11,Control12,Control13,Control15,Control17
574029,64094,107986951;Control1,Control2,Control3,Control4,Control5,Control6,Control7,Control8,Control9,Control10,Control11,Control12,Control13,Control15,Control16,Control17
574029,100652791,1301;Control1,Control2,Control3,Control4,Control5,Control6,Control7,Control8,Control9,Control10,Control11,Control12,Control13,Control16,Control17
574029,157570,2834;Control1,Control3,Control4,Control5,Control6,Control7,Control9,Control10,Control11,Control12,Control13,Control15,Control16,Control17
574029,6422,107986951;Control1,Control2,Control3,Control4,Control5,Control6,Control7,Control9,Control10,Control12,Control13,Control15,Control16,Control17
574029,253650,107986951,654499;Control1,Control2,Control3,Control5,Control6,Control7,Control8,Control9,Control10,Control11,Control12,Control13,Control16,Control17
574029,9355,6332,860,7681;Control1,Control2,Control3,Control4,Control5,Control6,Control7,Control8,Control9,Control10,Control11,Control13,Control15,Control17
574029,6865,1301,574414,105375622;Control1,Control2,Control3,Control4,Control5,Control6,Control7,Control9,Control10,Control12,Control13,Control15,Control16,Control17
574029,1813,1301,574414,101927750;Control1,Control2,Control3,Control4,Control5,Control6,Control8,Control9,Control10,Control12,Control13,Control15,Control16,Control17
574029,4973;Control1,Control2,Control3,Control4,Control5,Control6,Control7,Control8,Control9,Control11,Control12,Control13,Control15,Control16,Control17
574029,3229,1301,574414,101927750,56300,2834,4496;Control1,Control2,Control3,Control4,Control5,Control6,Control7,Control8,Control9,Control11,Control12,Control13,Control16,Control17
574029,338005,107986951;Control1,Control2,Control3,Control4,Control5,Control6,Control7,Control8,Control9,Control10,Control11,Control12,Control13,Control15,Control17
574029,105370924;Control1,Control3,Control5,Control6,Control7,Control8,Control9,Control10,Control11,Control12,Control13,Control15,Control16,Control17
574029,10265,107984129,79191,1995;Control1,Control2,Control3,Control4,Control5,Control6,Control8,Control9,Control10,Control11,Control12,Control13,Control15,Control17
574029,4318,107986951,338005,109729184;Control1,Control2,Control3,Control4,Control5,Control6,Control7,Control8,Control9,Control10,Control11,Control12,Control13,Control17
58,101927750,2019,1295,134285,285987,4004,145873,5650,729442;Control1,Control2,Control3,Control4,Control5,Control6,Control7,Control8,Control9,Control10,Control11,Control12,Control13,Control15,Control17
58,28946,2019,134285,389336,285987,4004,3502,145873,354,25818,5653,5650,28809,729442;Control1,Control2,Control3,Control4,Control6,Control7,Control8,Control9,Control10,Control11,Control12,Control13,Control15,Control16,Control17
58,2019,1295,134285,285987,4004,145873,5650,729442;Control1,Control2,Control3,Control4,Control5,Control6,Control7,Control8,Control9,Control10,Control11,Control12,Control13,Control15,Control16,Control17
58,101927687,2019,1295,134285,389336,285987,4004,145873,25818,5653,5650,28809,729442;Control2,Control3,Control5,Control6,Control7,Control8,Control9,Control10,Control11,Control12,Control13,Control15,Control16,Control17
58,102724714,1295,285987,4004,145873,5650,729442;Control1,Control2,Control3,Control4,Control5,Control6,Control7,Control8,Control10,Control11,Control12,Control13,Control15,Control16,Control17
58,105377123,134285,389336,285987,4004,3502,5653,5650,28809,729442;Control1,Control2,Control3,Control4,Control5,Control7,Control8,Control9,Control10,Control11,Control12,Control13,Control15,Control16,Control17
58,3512,28946,2019,134285,389336,285987,4004,3502,105371152,354,25818,5653,5650,28809,729442;Control1,Control2,Control3,Control4,Control6,Control7,Control8,Control10,Control11,Control12,Control13,Control15,Control16,Control17
58,345079,102724714,3502;Control1,Control2,Control3,Control4,Control5,Control6,Control8,Control9,Control10,Control11,Control12,Control13,Control16,Control17
58,4825,2019,134285,389336,285987,1749,4004,25818,5653,5650,28809,105373150,729442;Control1,Control2,Control4,Control5,Control6,Control7,Control8,Control9,Control10,Control11,Control12,Control13,Control16,Control17
58,102467080,389336,145873,5650;Control1,Control2,Control3,Control4,Control5,Control6,Control7,Control8,Control9,Control10,Control11,Control13,Control15,Control16,Control17
58,10309,134285,285987,4004,3502,145873,5653,5650,28809,105373150,729442;Control1,Control2,Control5,Control6,Control7,Control8,Control9,Control10,Control11,Control12,Control13,Control15,Control16,Control17
58,101929215,112937;Control1,Control2,Control3,Control4,Control5,Control6,Control7,Control8,Control9,Control11,Control12,Control13,Control15,Control16,Control17
58,5307,2019,1295,134285,389336,285987,4004,145873,25818,5650,105373150,729442;Control1,Control2,Control4,Control5,Control7,Control8,Control9,Control10,Control11,Control12,Control13,Control15,Control16,Control17
58,389336,2019,134285,285987,4004,3502,145873,25818,5653,5650,28809,729442;Control1,Control2,Control3,Control4,Control5,Control6,Control7,Control8,Control9,Control10,Control11,Control12,Control13,Control15,Control16,Control17
58,253582,101929215,112937;Control1,Control2,Control3,Control5,Control6,Control7,Control8,Control9,Control11,Control12,Control13,Control15,Control16,Control17
58,1749,2019,134285,389336,285987,4004,3502,145873,25818,5653,5650,28809,729442;Control1,Control2,Control3,Control4,Control5,Control6,Control7,Control8,Control9,Control10,Control11,Control12,Control13,Control16,Control17
58,105375690,55057,1295,285987,145873,28809,729442;Control1,Control2,Control3,Control5,Control6,Control7,Control8,Control9,Control10,Control11,Control12,Control13,Control16,Control17
58,29991,285987,4004,3502,25818,5653,28809,729442;Control1,Control2,Control3,Control4,Control5,Control6,Control7,Control8,Control9,Control10,Control11,Control13,Control15,Control16
58,27063;Control2,Control3,Control4,Control5,Control6,Control7,Control8,Control9,Control10,Control11,Control12,Control13,Control15,Control16,Control17
58,6768,28946,2019,134285,285987,4004,3502,145873,5653,5650,28809,729442;Control1,Control2,Control3,Control4,Control6,Control7,Control8,Control9,Control10,Control11,Control12,Control15,Control16,Control17
58,4973,285987,4004,5653,5650,729442;Control1,Control2,Control3,Control4,Control5,Control6,Control7,Control8,Control9,Control10,Control11,Control12,Control13,Control15,Control16
58,112802,145873;Control1,Control2,Control3,Control4,Control5,Control6,Control7,Control8,Control9,Control10,Control12,Control15,Control16,Control17
58,113218482,28946,2019,1295,134285,389336,285987,4004,3502,145873,105371152,5650,28809,729442;Control1,Control2,Control3,Control4,Control7,Control8,Control9,Control10,Control11,Control12,Control13,Control15,Control16,Control17
58,3229,101927750,389336,285987,1749,4004,25818,5650,729442;Control1,Control2,Control3,Control4,Control5,Control6,Control7,Control8,Control9,Control10,Control11,Control12,Control13,Control17
58,3227,2019,134285,389336,285987,1749,4004,3502,145873,25818,5653,5650,28809,729442;Control1,Control2,Control3,Control4,Control5,Control6,Control7,Control8,Control9,Control10,Control12,Control13,Control16,Control17
58,5265,285987,4004,5653,5650,28809,729442;Control1,Control2,Control3,Control4,Control5,Control6,Control7,Control8,Control9,Control10,Control11,Control13,Control15,Control16,Control17
58,107984763,729447,102723547;Control1,Control2,Control3,Control4,Control5,Control7,Control8,Control9,Control11,Control12,Control13,Control15,Control16,Control17
58,105371152,28946,2019,134285,389336,285987,4004,3502,354,25818,5653,5650,28809,729442;Control1,Control2,Control3,Control4,Control6,Control7,Control8,Control9,Control10,Control11,Control12,Control13,Control15,Control16,Control17
58,339256,2019,1295,134285,285987,4004,145873,25818,5653,5650,28809,729442;Control2,Control3,Control4,Control5,Control6,Control7,Control8,Control9,Control10,Control11,Control12,Control13,Control15,Control16
58,400618,102723547;Control1,Control2,Control3,Control4,Control5,Control6,Control7,Control8,Control9,Control11,Control12,Control13,Control15,Control17
58,105371927,2328,2019,134285,389336,285987,4004,3502,145873,354,5653,5650,28809,729442;Control1,Control3,Control5,Control6,Control7,Control8,Control9,Control10,Control11,Control12,Control13,Control15,Control16,Control17
58,647946,134285,285987,5653,28809,729442;Control1,Control2,Control3,Control4,Control5,Control6,Control7,Control9,Control10,Control11,Control12,Control13,Control15,Control16
58,115701,27237,134285,389336,285987,1749,4004,3502,354,5653,5650,101929707,28809,729442;Control1,Control3,Control4,Control5,Control6,Control7,Control8,Control9,Control10,Control11,Control12,Control13,Control16,Control17
58,284293,2019,134285,285987,4004,3502,145873,28809,729442;Control1,Control2,Control3,Control4,Control5,Control6,Control7,Control10,Control11,Control12,Control13,Control15,Control16,Control17
58,110806280,101929215,112937,729447,102723547;Control1,Control2,Control3,Control4,Control5,Control6,Control7,Control8,Control9,Control11,Control12,Control13,Control15,Control17
58,3783,729447,102723547;Control1,Control2,Control3,Control4,Control5,Control7,Control8,Control9,Control11,Control12,Control13,Control15,Control16,Control17
58,354,134285,389336,285987,4004,3502,145873,5653,5650,28809,729442;Control1,Control2,Control3,Control4,Control5,Control6,Control7,Control8,Control9,Control10,Control11,Control12,Control13,Control15,Control16,Control17
58,349408,101929215,112937;Control1,Control2,Control3,Control4,Control5,Control6,Control7,Control8,Control9,Control11,Control13,Control15,Control16,Control17
58,105373150,2019,1295,134285,389336,285987,4004,145873,25818,5650,729442;Control1,Control2,Control4,Control5,Control6,Control7,Control8,Control9,Control10,Control11,Control12,Control13,Control15,Control16,Control17
58,729447,102723547;Control1,Control2,Control3,Control4,Control5,Control6,Control7,Control8,Control9,Control11,Control12,Control13,Control15,Control16,Control17
58,8471,101927750,2019,1295,134285,389336,285987,4004,25818,5650,105373150,729442;Control1,Control2,Control4,Control5,Control6,Control7,Control8,Control9,Control10,Control11,Control12,Control13,Control15,Control17
58,102723547,101929215;Control1,Control2,Control3,Control4,Control5,Control6,Control7,Control8,Control9,Control11,Control12,Control13,Control15,Control16,Control17
58,158511,112937;Control1,Control2,Control3,Control4,Control5,Control6,Control7,Control8,Control9,Control11,Control12,Control13,Control15,Control16,Control17
58,389903,729447,102723547;Control1,Control2,Control3,Control4,Control5,Control6,Control7,Control8,Control11,Control12,Control13,Control15,Control16,Control17
9156,6241,57405,332,24137;Control1,Control2,Control3,Control4,Control5,Control6,Control7,Control8,Control9,Control10,Control11,Control12,Control15,Control16,Control17
9156,699,6241,57405,332,22974,24137;Control1,Control2,Control3,Control5,Control6,Control7,Control8,Control9,Control10,Control11,Control12,Control15,Control16,Control17
9156,50852;Control1,Control2,Control4,Control5,Control6,Control7,Control8,Control10,Control11,Control12,Control13,Control15,Control16,Control17
9156,151760,57405,332;Control1,Control2,Control3,Control4,Control5,Control6,Control7,Control8,Control9,Control12,Control13,Control15,Control16,Control17
9156,10460;Control1,Control2,Control3,Control4,Control5,Control6,Control7,Control8,Control9,Control10,Control11,Control12,Control13,Control15,Control16
9156,9232,57405,332;Control1,Control2,Control3,Control4,Control5,Control6,Control7,Control8,Control9,Control10,Control11,Control12,Control13,Control15,Control16
9156,157313,332;Control1,Control2,Control3,Control4,Control5,Control6,Control7,Control8,Control9,Control11,Control12,Control13,Control15,Control16,Control17
9156,9833,6241,699,332,22974,24137;Control1,Control2,Control3,Control5,Control6,Control7,Control8,Control9,Control10,Control11,Control12,Control15,Control16,Control17
9156,55388,57405;Control1,Control2,Control3,Control4,Control5,Control6,Control7,Control8,Control9,Control10,Control11,Control12,Control15,Control17
9156,983,1063,6241,57405,332,29128,24137;Control1,Control2,Control3,Control4,Control5,Control6,Control7,Control8,Control9,Control10,Control12,Control15,Control16,Control17
9156,55165,1063,6241,983,332,29128,24137;Control1,Control2,Control3,Control4,Control5,Control6,Control7,Control8,Control9,Control10,Control12,Control15,Control16,Control17
9156,374393,332;Control1,Control2,Control3,Control4,Control6,Control7,Control8,Control9,Control10,Control11,Control12,Control15,Control16,Control17
9156,113130,991,1063,9232,9787,9212,146909;Control1,Control2,Control3,Control4,Control5,Control6,Control7,Control8,Control9,Control10,Control11,Control12,Control15,Control16
9156,1813;Control1,Control2,Control3,Control4,Control5,Control6,Control7,Control8,Control9,Control10,Control12,Control13,Control15,Control17
9156,9700,259266,6241,57405,9232,332;Control1,Control2,Control3,Control4,Control5,Control6,Control7,Control9,Control10,Control11,Control12,Control15,Control16,Control17
9156,9787,1063,6241,57405,332,29128,24137;Control1,Control2,Control3,Control4,Control5,Control6,Control7,Control8,Control9,Control10,Control12,Control15,Control16,Control17
9156,51203,1063,6241,9833,983,55165,332,29128;Control1,Control2,Control3,Control4,Control5,Control6,Control7,Control8,Control9,Control11,Control12,Control15,Control16,Control17
9156,9768,57405,332,29128;Control1,Control2,Control3,Control4,Control6,Control7,Control8,Control9,Control10,Control11,Control12,Control15,Control16,Control17
9156,10595;Control1,Control2,Control3,Control4,Control5,Control6,Control7,Control9,Control10,Control11,Control12,Control13,Control16,Control17
9156,7153,6241,983,55165,51203,29128,24137;Control1,Control2,Control3,Control4,Control5,Control6,Control7,Control8,Control9,Control11,Control12,Control15,Control16,Control17
9156,55771,332,8318;Control1,Control3,Control4,Control5,Control6,Control7,Control8,Control9,Control10,Control11,Control12,Control13,Control15,Control16
9156,102606463;Control2,Control3,Control4,Control5,Control7,Control8,Control9,Control10,Control11,Control12,Control13,Control15,Control16,Control17
9156,332;Control1,Control2,Control3,Control4,Control5,Control6,Control7,Control8,Control9,Control10,Control11,Control12,Control13,Control15,Control16,Control17
9156,147841,332;Control1,Control2,Control3,Control5,Control6,Control7,Control8,Control9,Control10,Control11,Control12,Control13,Control15,Control17
9156,22974,332;Control1,Control2,Control3,Control5,Control6,Control7,Control8,Control9,Control10,Control11,Control12,Control13,Control15,Control16
9156,4605,332;Control1,Control3,Control4,Control5,Control6,Control7,Control9,Control10,Control11,Control12,Control13,Control15,Control16,Control17
9156,8318;Control1,Control2,Control3,Control4,Control5,Control6,Control7,Control8,Control9,Control10,Control11,Control12,Control13,Control15,Control16
6664,56300,4496;Control1,Control2,Control3,Control4,Control5,Control6,Control7,Control8,Control10,Control11,Control13,Control15,Control16,Control17
6664,29851,5133,4547,7180,2625,387978,105372115;Control1,Control2,Control3,Control5,Control6,Control7,Control8,Control9,Control10,Control11,Control12,Control13,Control15,Control16,Control17
6664,5798;Control1,Control2,Control3,Control4,Control5,Control6,Control7,Control8,Control10,Control11,Control12,Control13,Control15,Control17
6664,56992,2625,105372115,389903;Control1,Control2,Control3,Control4,Control5,Control6,Control7,Control8,Control9,Control10,Control11,Control12,Control13,Control15,Control16
6664,10721,4547,4001,387978;Control1,Control2,Control3,Control5,Control6,Control7,Control9,Control10,Control11,Control12,Control13,Control15,Control16,Control17
6664,64151,10721,55247,4001,2845;Control1,Control2,Control3,Control4,Control5,Control6,Control7,Control9,Control10,Control11,Control12,Control13,Control15,Control17
6664,101928658,374946;Control2,Control3,Control4,Control5,Control6,Control7,Control8,Control10,Control11,Control12,Control13,Control15,Control16,Control17
6664,4547,27299,2625,387978,105372115;Control1,Control2,Control3,Control4,Control5,Control6,Control7,Control8,Control9,Control10,Control11,Control12,Control13,Control15,Control16,Control17
6664,4001,387978;Control1,Control2,Control3,Control4,Control5,Control6,Control7,Control8,Control9,Control10,Control11,Control12,Control13,Control15,Control16,Control17
6664,3161,9928,4751,56992,64151,55247,54443,55872,221150,9055;Control1,Control3,Control4,Control5,Control6,Control7,Control8,Control9,Control10,Control11,Control12,Control13,Control15,Control16
6664,7180,2625,50614,387978;Control1,Control2,Control3,Control4,Control5,Control6,Control7,Control8,Control9,Control10,Control11,Control12,Control13,Control15,Control16,Control17
6664,64094,101928658;Control2,Control3,Control4,Control5,Control6,Control7,Control8,Control10,Control11,Control12,Control13,Control15,Control16,Control17
6664,107986951,64094,2834;Control2,Control3,Control4,Control5,Control6,Control7,Control8,Control10,Control11,Control12,Control13,Control15,Control16,Control17
6664,253650,374946,57167;Control1,Control2,Control3,Control5,Control6,Control7,Control8,Control10,Control11,Control12,Control13,Control15,Control16,Control17
6664,144455,4001,54443;Control1,Control3,Control4,Control5,Control6,Control7,Control8,Control9,Control10,Control11,Control12,Control13,Control15,Control16,Control17
6664,338797,50614,387978;Control1,Control2,Control3,Control4,Control5,Control6,Control7,Control8,Control9,Control11,Control12,Control15,Control16,Control17
6664,5083,3604,4547,27299,2625,387978,101060400;Control1,Control2,Control3,Control4,Control5,Control6,Control8,Control9,Control10,Control11,Control12,Control13,Control15,Control16,Control17
6664,6495,4547,27299,2625,387978;Control1,Control2,Control3,Control5,Control6,Control7,Control8,Control9,Control10,Control11,Control12,Control13,Control15,Control16,Control17
6664,100288637,4751,4001,3161,54443,55872;Control1,Control3,Control4,Control5,Control6,Control7,Control9,Control10,Control11,Control12,Control13,Control15,Control16,Control17
6664,57082,64151,55247,4001,2845,387978;Control1,Control2,Control3,Control4,Control5,Control6,Control7,Control9,Control10,Control11,Control12,Control13,Control15,Control17
6664,105371275,7180,2625,387978,105372115;Control1,Control2,Control3,Control4,Control5,Control6,Control7,Control8,Control9,Control10,Control11,Control13,Control15,Control16,Control17
6664,7153,9928,4751,64151,55247,4001,54443,55872;Control1,Control3,Control4,Control5,Control6,Control7,Control9,Control10,Control11,Control12,Control13,Control15,Control16,Control17
6664,220134,56992,64151,387978,389903;Control1,Control2,Control3,Control4,Control5,Control6,Control7,Control8,Control9,Control10,Control11,Control12,Control13,Control15
6664,389903,27299,2625,387978,105372115;Control1,Control2,Control3,Control4,Control5,Control6,Control7,Control8,Control9,Control10,Control11,Control12,Control13,Control15,Control16,Control17
6241,1058,9232,9787;Control1,Control2,Control3,Control4,Control5,Control6,Control7,Control8,Control9,Control10,Control11,Control12,Control13,Control15,Control16,Control17
6241,23397,64151,3161,55872,983,55165,51203,79801,7153,29128,24137;Control1,Control2,Control3,Control4,Control5,Control6,Control7,Control9,Control10,Control11,Control12,Control13,Control15,Control16,Control17
6241,100874028,1058,105375610,9787,22974;Control1,Control2,Control3,Control5,Control6,Control7,Control9,Control10,Control11,Control12,Control13,Control15,Control16,Control17
6241,56992,55355,55165,221150,9787,332,24137;Control2,Control3,Control4,Control5,Control6,Control7,Control8,Control10,Control11,Control12,Control13,Control15,Control16,Control17
6241,10874,991,128239,259266,150468,55355,4288,9787,332,220134;Control1,Control3,Control4,Control5,Control6,Control7,Control8,Control9,Control10,Control11,Control12,Control15,Control16,Control17
6241,891,150468,55872,55165,9787,51203;Control1,Control2,Control3,Control4,Control5,Control6,Control7,Control8,Control9,Control10,Control11,Control12,Control13,Control15,Control16,Control17
6241,101927813,150468,100507118;Control1,Control2,Control3,Control5,Control6,Control7,Control8,Control9,Control10,Control11,Control12,Control13,Control15,Control17
6241,54443,150468,55872,55165,51203;Control1,Control2,Control3,Control4,Control5,Control6,Control7,Control8,Control9,Control10,Control11,Control12,Control13,Control15,Control16,Control17
6241,105375610,1058,9787;Control1,Control2,Control3,Control4,Control5,Control6,Control7,Control9,Control10,Control11,Control12,Control13,Control15,Control16,Control17
6241,157313,150468,9833,55165,9787,51203,79801,332;Control1,Control2,Control3,Control4,Control5,Control6,Control7,Control8,Control9,Control10,Control11,Control12,Control15,Control16,Control17
6241,157570,150468,995;Control1,Control2,Control3,Control4,Control5,Control6,Control7,Control8,Control9,Control10,Control11,Control12,Control13,Control15,Control16
6241,9833,3161,54443,55872,983,55165,51203,100507118,29128;Control1,Control2,Control3,Control4,Control5,Control6,Control7,Control8,Control9,Control10,Control11,Control12,Control13,Control15,Control16,Control17
6241,3832,4751,3161,54443,55872,983,55165,9824,51203,100507118,7153;Control1,Control2,Control3,Control4,Control5,Control6,Control7,Control8,Control9,Control10,Control11,Control12,Control13,Control15,Control16
6241,112937,991,128239,259266,55355,995,4288,9787,9212,220134;Control1,Control3,Control4,Control5,Control6,Control7,Control8,Control10,Control11,Control12,Control13,Control15,Control16,Control17
6241,107984129,57405,332;Control1,Control3,Control4,Control5,Control6,Control7,Control8,Control9,Control10,Control11,Control13,Control15,Control16,Control17
6241,81624,4751,150468,54443;Control1,Control2,Control3,Control4,Control5,Control6,Control7,Control8,Control9,Control11,Control12,Control13,Control15,Control17
6241,9768,57405,64151,983,57082,7153,24137;Control1,Control3,Control4,Control5,Control6,Control7,Control8,Control9,Control10,Control11,Control12,Control13,Control15,Control16
6241,9493,4751,3161,54443,55872,983,3832,55165,9824,51203,100507118,7153;Control1,Control2,Control4,Control5,Control6,Control7,Control8,Control9,Control10,Control11,Control12,Control13,Control15,Control16
6241,9055,4751,891,3161,55872,55165,51203,100507118,7153,29128;Control1,Control2,Control3,Control4,Control5,Control6,Control7,Control8,Control9,Control10,Control11,Control12,Control13,Control15,Control17
6241,5347,991,128239,259266,55355,995,3833,4288,9212,55723,11065;Control1,Control2,Control3,Control4,Control6,Control7,Control9,Control10,Control11,Control12,Control13,Control15,Control16,Control17
6241,83903,150468,54443,55872,55165;Control1,Control2,Control4,Control5,Control6,Control7,Control8,Control9,Control10,Control11,Control12,Control13,Control15,Control16,Control17
6241,107985017,991,128239,9232,3833,4288,9787,9133,9212,146909;Control1,Control2,Control3,Control4,Control5,Control6,Control7,Control9,Control10,Control11,Control12,Control13,Control15,Control17
6241,10615,991,128239,259266,55355,4288,9787,9133,79801;Control1,Control3,Control4,Control5,Control6,Control7,Control8,Control9,Control10,Control11,Control12,Control13,Control15,Control16,Control17
6241,7153,64151,891,3161,55872,55165,221150,29128,24137;Control1,Control2,Control3,Control4,Control5,Control6,Control7,Control8,Control9,Control10,Control11,Control12,Control13,Control15,Control16,Control17
6241,147841,150468,995,332;Control1,Control3,Control5,Control6,Control7,Control8,Control9,Control10,Control11,Control12,Control13,Control15,Control16,Control17
6241,9582,128239,1058,4288,9787,9212;Control1,Control3,Control4,Control5,Control6,Control7,Control8,Control9,Control10,Control11,Control12,Control13,Control15,Control17
3754,27178,285643,100507584;Control1,Control2,Control3,Control4,Control5,Control6,Control7,Control8,Control9,Control10,Control12,Control15,Control16,Control17
3754,100379220,105375027,100507584,102724784,107985627;Control1,Control3,Control4,Control5,Control6,Control7,Control8,Control9,Control10,Control11,Control13,Control15,Control16,Control17
3754,6690,102724784,3881,107985627;Control1,Control3,Control4,Control5,Control6,Control7,Control8,Control9,Control11,Control12,Control13,Control15,Control16,Control17
3754,8352,105375027,101927760,102724784,338667,107985627;Control1,Control3,Control4,Control5,Control6,Control7,Control8,Control9,Control10,Control12,Control13,Control15,Control16,Control17
3754,8355,6273,105375027,101927760,102724784,338667,111216286,107985627;Control1,Control3,Control4,Control5,Control6,Control7,Control8,Control9,Control10,Control12,Control13,Control15,Control16,Control17
3754,105375027,101927760,338667;Control1,Control2,Control3,Control4,Control5,Control6,Control7,Control8,Control9,Control10,Control11,Control12,Control13,Control15,Control16,Control17
3754,100507584,105375027,338797;Control1,Control3,Control4,Control5,Control6,Control7,Control8,Control9,Control10,Control11,Control12,Control13,Control15,Control16,Control17
3754,105375674,105375027,101927760,338667,105371050;Control1,Control2,Control3,Control5,Control6,Control7,Control8,Control9,Control10,Control11,Control12,Control13,Control15,Control16,Control17
3754,107986990,105375027,102724784,338667,111216286,107985627;Control1,Control2,Control3,Control4,Control5,Control7,Control9,Control10,Control11,Control12,Control13,Control15,Control16,Control17
3754,102724784,105375027,338667,107985627;Control1,Control2,Control3,Control4,Control5,Control6,Control7,Control8,Control9,Control10,Control11,Control12,Control13,Control15,Control16,Control17
3754,50614,105375027,338797,105371050;Control2,Control3,Control4,Control5,Control6,Control7,Control8,Control10,Control11,Control12,Control13,Control15,Control16,Control17
3754,103689845,6273,105375027,101927760,338667;Control1,Control2,Control3,Control4,Control5,Control6,Control7,Control8,Control9,Control10,Control11,Control12,Control13,Control16,Control17
3754,107984763,23566,105375027,101927760,338667,53820,111216286;Control1,Control2,Control3,Control4,Control5,Control7,Control8,Control9,Control10,Control11,Control12,Control13,Control15,Control16
3754,9493;Control1,Control2,Control3,Control4,Control5,Control6,Control7,Control8,Control9,Control10,Control12,Control15,Control16,Control17
3754,105371050,105375027,338667;Control1,Control2,Control3,Control4,Control5,Control6,Control7,Control8,Control9,Control10,Control11,Control12,Control13,Control15,Control16,Control17
3754,3881,6273,105375027,101927760,338667;Control1,Control2,Control3,Control4,Control5,Control6,Control7,Control8,Control9,Control11,Control13,Control15,Control16,Control17
3754,140628;Control1,Control3,Control4,Control5,Control6,Control7,Control8,Control9,Control10,Control11,Control12,Control15,Control16,Control17
3754,111216286,105375027,101927760,102724784,338667;Control1,Control2,Control3,Control4,Control5,Control7,Control8,Control9,Control10,Control11,Control12,Control13,Control15,Control16,Control17
3754,186;Control1,Control2,Control3,Control4,Control5,Control6,Control8,Control9,Control10,Control11,Control12,Control15,Control16,Control17
1058,150468,1063,6241,995,9787,332;Control1,Control2,Control3,Control4,Control5,Control6,Control7,Control8,Control9,Control10,Control11,Control12,Control13,Control15,Control17
1058,27178,55143,285643,105375610,157570;Control1,Control2,Control3,Control4,Control5,Control6,Control7,Control8,Control9,Control10,Control11,Control12,Control13,Control16
1058,55247,55143,3161,105375610;Control1,Control2,Control3,Control4,Control5,Control6,Control7,Control10,Control11,Control12,Control13,Control15,Control16,Control17
1058,995,991,259266,1063,6241,9232,9787,9133,9212,332;Control1,Control2,Control3,Control4,Control5,Control6,Control7,Control8,Control9,Control10,Control11,Control12,Control13,Control15,Control17
1058,101927813;Control1,Control2,Control3,Control4,Control5,Control6,Control7,Control8,Control9,Control10,Control11,Control13,Control16,Control17
1058,3833,991,128239,6241,9232,9787,9133,9212;Control1,Control2,Control3,Control4,Control5,Control6,Control7,Control8,Control9,Control10,Control11,Control12,Control13,Control15,Control17
1058,54443,4751,150468;Control1,Control2,Control3,Control4,Control5,Control6,Control7,Control8,Control9,Control10,Control11,Control12,Control13,Control16
1058,157313,55143,150468,332;Control1,Control2,Control3,Control4,Control5,Control6,Control7,Control8,Control9,Control10,Control11,Control12,Control15,Control17
1058,157570,55143,105375610;Control1,Control2,Control3,Control4,Control5,Control6,Control7,Control8,Control9,Control10,Control11,Control12,Control13,Control15,Control16
1058,55872,55143,1063,6241,150468,100507118;Control1,Control2,Control3,Control4,Control5,Control6,Control7,Control8,Control10,Control11,Control12,Control13,Control15,Control17
1058,9833,6241,9787;Control1,Control2,Control3,Control4,Control5,Control6,Control7,Control8,Control9,Control10,Control12,Control13,Control15,Control16,Control17
1058,983,4751,150468,3832;Control1,Control2,Control3,Control4,Control5,Control6,Control7,Control9,Control10,Control11,Control12,Control13,Control15,Control16
1058,3832,55143;Control1,Control2,Control3,Control4,Control5,Control6,Control7,Control8,Control9,Control10,Control11,Control12,Control13,Control15,Control16
1058,4288,991,128239,6241,9232,9787,9133,9212;Control1,Control3,Control4,Control5,Control6,Control7,Control8,Control9,Control10,Control11,Control12,Control13,Control15,Control17
1058,79733,55143,105375610;Control1,Control2,Control3,Control4,Control5,Control6,Control8,Control9,Control10,Control11,Control12,Control13,Control15,Control16,Control17
1058,81930;Control1,Control2,Control3,Control4,Control5,Control6,Control8,Control9,Control10,Control11,Control12,Control13,Control15,Control16,Control17
1058,113130,991,9232,9787,9133,9212,22974;Control1,Control3,Control5,Control6,Control7,Control8,Control9,Control10,Control11,Control12,Control13,Control15,Control16,Control17
1058,112937,128239,105375610;Control1,Control3,Control4,Control5,Control6,Control7,Control8,Control9,Control10,Control11,Control12,Control13,Control15,Control17
1058,81624,105375610;Control1,Control2,Control3,Control4,Control5,Control6,Control7,Control8,Control9,Control10,Control11,Control12,Control13,Control15,Control16
1058,91828;Control1,Control2,Control3,Control5,Control6,Control7,Control8,Control10,Control11,Control12,Control13,Control15,Control16,Control17
1058,9824,55143,3832;Control1,Control2,Control4,Control5,Control6,Control7,Control8,Control9,Control10,Control11,Control12,Control13,Control15,Control16
1058,51203,4751,6241,150468,54443,9787;Control1,Control2,Control3,Control4,Control5,Control6,Control7,Control8,Control9,Control10,Control11,Control12,Control13,Control15
1058,9493,3832,9824;Control1,Control2,Control4,Control5,Control6,Control7,Control8,Control9,Control10,Control11,Control12,Control13,Control15,Control16
1058,9055,55143,1063,105375610,9787;Control1,Control2,Control3,Control4,Control6,Control7,Control8,Control10,Control11,Control12,Control13,Control15,Control16,Control17
1058,100507118,1063,6241,9787,22974;Control1,Control2,Control3,Control5,Control6,Control7,Control8,Control9,Control10,Control11,Control12,Control13,Control15,Control16,Control17
1058,79801,259266,1063,6241,9232,9787,9133;Control1,Control2,Control3,Control4,Control5,Control6,Control7,Control8,Control10,Control11,Control12,Control13,Control15,Control17
1058,107985017,9232,9787,9212,146909;Control1,Control2,Control3,Control4,Control5,Control6,Control7,Control8,Control9,Control10,Control12,Control13,Control15,Control16,Control17
1058,9212,9232;Control1,Control3,Control4,Control5,Control6,Control7,Control8,Control9,Control10,Control11,Control12,Control13,Control15,Control16,Control17
1058,201299;Control1,Control2,Control3,Control4,Control5,Control7,Control8,Control10,Control11,Control12,Control13,Control15,Control16,Control17
1058,146909,6241,9232,9787,9212;Control1,Control2,Control3,Control4,Control5,Control6,Control7,Control8,Control9,Control10,Control12,Control13,Control15,Control16,Control17
1058,220134,991,128239,259266,6241,55355,9232,9787,9133,9212;Control1,Control2,Control3,Control4,Control5,Control6,Control7,Control8,Control10,Control11,Control12,Control13,Control15,Control17
1058,55723,9787;Control1,Control2,Control3,Control4,Control6,Control7,Control8,Control9,Control10,Control11,Control12,Control13,Control15,Control16,Control17
1058,89858;Control1,Control2,Control3,Control4,Control5,Control7,Control8,Control9,Control10,Control11,Control12,Control13,Control15,Control16,Control17
1058,101929707,27178,285643,105375610;Control1,Control2,Control3,Control4,Control5,Control6,Control7,Control8,Control9,Control10,Control11,Control12,Control13,Control16
1058,22974,1063,6241,9232,9787,9212;Control1,Control2,Control3,Control5,Control6,Control7,Control8,Control9,Control10,Control11,Control12,Control13,Control15,Control16,Control17
1058,9582;Control1,Control3,Control4,Control5,Control6,Control7,Control8,Control9,Control10,Control11,Control12,Control13,Control15,Control16,Control17
1058,100874530,9232,9212;Control1,Control3,Control4,Control5,Control6,Control7,Control8,Control9,Control10,Control11,Control13,Control15,Control16,Control17
1058,51512,55143,150468,105375610;Control1,Control2,Control3,Control4,Control5,Control6,Control7,Control8,Control9,Control10,Control11,Control12,Control15,Control16
1058,102723547;Control1,Control3,Control4,Control5,Control6,Control7,Control8,Control9,Control10,Control11,Control12,Control13,Control15,Control16,Control17
1058,158511,89858;Control1,Control2,Control3,Control4,Control5,Control7,Control8,Control9,Control10,Control11,Control12,Control13,Control15,Control17
1058,389903,9582,102723547;Control1,Control3,Control4,Control5,Control6,Control7,Control8,Control10,Control11,Control12,Control13,Control15,Control16,Control17
56896,79413;Control1,Control2,Control3,Control4,Control5,Control6,Control7,Control8,Control10,Control11,Control12,Control13,Control15,Control16,Control17
56896,286676,1404;Control1,Control2,Control3,Control4,Control5,Control6,Control7,Control8,Control9,Control10,Control11,Control13,Control15,Control16,Control17
56896,53836,1404,1750,3856,113218482,594855;Control1,Control2,Control3,Control4,Control6,Control7,Control8,Control9,Control10,Control12,Control13,Control15,Control16,Control17
56896,105374166,1404;Control1,Control2,Control3,Control5,Control6,Control8,Control9,Control10,Control11,Control12,Control13,Control15,Control16,Control17
56896,101928658,64094;Control1,Control2,Control3,Control4,Control5,Control7,Control8,Control9,Control10,Control11,Control12,Control13,Control15,Control16,Control17
56896,1404,3856,113218482;Control1,Control2,Control3,Control4,Control5,Control6,Control7,Control8,Control9,Control10,Control11,Control12,Control13,Control15,Control16,Control17
56896,5307,1750,3856,113218482,284240,9758;Control1,Control2,Control4,Control5,Control6,Control7,Control8,Control9,Control11,Control12,Control13,Control15,Control16,Control17
56896,1750,3856,113218482;Control1,Control2,Control3,Control4,Control5,Control6,Control7,Control8,Control9,Control10,Control11,Control12,Control13,Control15,Control16,Control17
56896,11075,101928658,55867,50615;Control1,Control2,Control3,Control4,Control5,Control7,Control8,Control9,Control10,Control11,Control12,Control13,Control16,Control17
56896,364,1750,3856,113218482,594855;Control1,Control2,Control3,Control4,Control6,Control7,Control8,Control9,Control10,Control11,Control12,Control13,Control15,Control16,Control17
56896,105378305,286676,101928658;Control1,Control2,Control3,Control4,Control5,Control7,Control8,Control9,Control10,Control12,Control13,Control15,Control16,Control17
56896,143662,286676,1404;Control1,Control2,Control3,Control5,Control6,Control7,Control8,Control9,Control10,Control11,Control13,Control15,Control16,Control17
56896,105369315,101928658,55867;Control1,Control2,Control3,Control4,Control5,Control7,Control8,Control9,Control10,Control11,Control12,Control13,Control15,Control17
56896,55867,101928658;Control1,Control2,Control3,Control4,Control5,Control7,Control8,Control9,Control10,Control11,Control12,Control13,Control15,Control16,Control17
56896,8538,1404,1750,3856,113218482;Control1,Control2,Control3,Control5,Control6,Control7,Control8,Control9,Control11,Control12,Control13,Control15,Control16,Control17
56896,9628,3856,113218482,5008;Control2,Control3,Control4,Control5,Control6,Control7,Control8,Control9,Control10,Control11,Control12,Control15,Control16,Control17
56896,338005,55867,50615;Control1,Control2,Control3,Control4,Control5,Control8,Control9,Control10,Control11,Control12,Control13,Control15,Control16,Control17
56896,107984763,23566,3856,113218482;Control1,Control2,Control3,Control4,Control5,Control6,Control7,Control8,Control9,Control10,Control11,Control12,Control15,Control16
56896,594855,1404,3856,113218482;Control1,Control2,Control3,Control4,Control6,Control7,Control8,Control9,Control10,Control11,Control12,Control13,Control15,Control16,Control17
56896,105370953,1404,3856,113218482,594855;Control1,Control2,Control3,Control4,Control6,Control8,Control9,Control10,Control11,Control12,Control13,Control15,Control16,Control17
56896,105371737;Control1,Control2,Control3,Control4,Control5,Control7,Control8,Control9,Control10,Control11,Control13,Control15,Control16,Control17
56896,284240,113218482;Control1,Control2,Control3,Control4,Control5,Control6,Control7,Control8,Control9,Control10,Control11,Control12,Control13,Control15,Control16,Control17
56896,147741,1404,1750,3856,113218482;Control2,Control3,Control4,Control5,Control6,Control7,Control8,Control9,Control10,Control11,Control12,Control13,Control15,Control17
56896,1995;Control1,Control2,Control3,Control4,Control5,Control7,Control8,Control9,Control10,Control11,Control13,Control15,Control16,Control17
56896,80714,1750,3856;Control1,Control2,Control3,Control4,Control5,Control6,Control7,Control8,Control9,Control10,Control11,Control12,Control13,Control16,Control17
56896,5650,101928658;Control1,Control2,Control3,Control4,Control5,Control7,Control8,Control9,Control11,Control12,Control13,Control15,Control16,Control17
56896,111216286;Control1,Control2,Control3,Control4,Control5,Control6,Control7,Control8,Control9,Control10,Control11,Control12,Control15,Control16,Control17
56896,5008,1404,3856,113218482;Control2,Control3,Control4,Control5,Control6,Control7,Control8,Control9,Control10,Control11,Control12,Control13,Control15,Control16,Control17
56896,9758,1750,3856,113218482;Control1,Control2,Control4,Control5,Control6,Control7,Control8,Control9,Control10,Control11,Control12,Control13,Control15,Control16,Control17
6716,9378,5865,1047,166979,219527,4544,116173,7681,6345,107985436;Control1,Control2,Control3,Control4,Control5,Control6,Control8,Control9,Control10,Control11,Control12,Control13,Control15,Control17
6716,152225;Control1,Control2,Control3,Control5,Control6,Control7,Control8,Control9,Control10,Control11,Control12,Control13,Control15,Control16
6716,8419;Control1,Control2,Control3,Control4,Control5,Control6,Control7,Control8,Control9,Control11,Control12,Control13,Control15,Control17
6716,4085,2845;Control1,Control3,Control4,Control6,Control7,Control8,Control9,Control10,Control11,Control12,Control13,Control15,Control16,Control17
6716,105377404,171019,8424;Control1,Control2,Control3,Control4,Control6,Control7,Control8,Control9,Control10,Control11,Control12,Control13,Control15,Control16
6716,171019,8424;Control1,Control2,Control3,Control4,Control6,Control7,Control8,Control9,Control10,Control11,Control12,Control13,Control15,Control16,Control17
6716,101927354,2845,105372613;Control1,Control2,Control3,Control4,Control6,Control7,Control8,Control10,Control11,Control12,Control13,Control15,Control16,Control17
6716,2845;Control1,Control2,Control3,Control4,Control6,Control7,Control8,Control9,Control10,Control11,Control12,Control13,Control15,Control16,Control17
6716,105375622,171019,8424;Control1,Control2,Control3,Control4,Control6,Control7,Control8,Control9,Control10,Control11,Control12,Control13,Control15,Control17
6716,364,5865,3580,1047,166979,101927686,4544,116173,594855,6345;Control1,Control3,Control4,Control5,Control7,Control8,Control9,Control10,Control11,Control12,Control13,Control15,Control16,Control17
6716,105369685,477,171019,2845,8424;Control1,Control2,Control3,Control4,Control6,Control7,Control8,Control10,Control11,Control12,Control13,Control15,Control16,Control17
6716,701,115362,100506655;Control1,Control2,Control3,Control4,Control6,Control7,Control9,Control10,Control11,Control12,Control13,Control15,Control16,Control17
6716,105370960,5865,166979,219527,4544,105371152;Control1,Control2,Control3,Control4,Control5,Control6,Control7,Control8,Control9,Control11,Control13,Control15,Control16,Control17
6716,54478;Control1,Control3,Control4,Control6,Control7,Control8,Control9,Control10,Control11,Control12,Control13,Control15,Control16,Control17
6716,647946,477,171019,8424;Control1,Control2,Control3,Control4,Control6,Control7,Control8,Control9,Control11,Control12,Control13,Control15,Control16,Control17
6716,6860,5865,3580,1047,166979,101927686,4544,6345,107985513;Control2,Control3,Control4,Control5,Control6,Control7,Control8,Control9,Control10,Control11,Control12,Control13,Control16,Control17
6716,105372613,8424;Control1,Control2,Control3,Control4,Control6,Control7,Control8,Control9,Control10,Control11,Control12,Control13,Control15,Control16,Control17
6716,3053,5865,1047,166979,101927686,4544,594855,6345;Control1,Control2,Control3,Control4,Control5,Control7,Control8,Control9,Control10,Control11,Control12,Control13,Control16,Control17
9378,3580,5865,6716,1047,166979,219527,4544,116173,6345;Control1,Control2,Control3,Control4,Control5,Control6,Control7,Control8,Control10,Control11,Control12,Control13,Control15,Control17
9378,8419;Control1,Control2,Control3,Control4,Control5,Control6,Control7,Control9,Control11,Control12,Control13,Control15,Control16,Control17
9378,79674,219527;Control1,Control2,Control3,Control4,Control5,Control6,Control7,Control8,Control9,Control11,Control12,Control13,Control16,Control17
9378,101927686,5865,1047,166979,219527,4544,116173,6345;Control1,Control2,Control3,Control5,Control6,Control7,Control8,Control9,Control10,Control11,Control12,Control13,Control15,Control17
9378,107986951,574029;Control2,Control3,Control4,Control6,Control7,Control8,Control9,Control10,Control11,Control12,Control13,Control15,Control16,Control17
9378,9312,5865,1047,166979,4544,6345;Control1,Control2,Control4,Control5,Control6,Control7,Control8,Control9,Control10,Control11,Control12,Control13,Control15,Control17
9378,364,5865,166979,219527,4544,116173,594855,6345;Control1,Control2,Control3,Control4,Control5,Control7,Control8,Control9,Control10,Control11,Control12,Control13,Control15,Control17
9378,2834,574029,107986951;Control1,Control3,Control4,Control6,Control7,Control8,Control9,Control10,Control11,Control12,Control13,Control15,Control16,Control17
9378,219527;Control1,Control2,Control3,Control4,Control5,Control6,Control7,Control8,Control9,Control10,Control11,Control12,Control13,Control15,Control16,Control17
9378,112937,574029;Control1,Control2,Control3,Control4,Control6,Control7,Control8,Control9,Control10,Control11,Control12,Control13,Control15,Control16
9378,594855,5865,6716,1047,166979,219527,4544,116173,6345;Control1,Control2,Control3,Control4,Control5,Control7,Control8,Control9,Control10,Control11,Control12,Control13,Control15,Control17
9378,105370960,219527;Control1,Control2,Control3,Control4,Control5,Control6,Control7,Control9,Control11,Control12,Control13,Control15,Control16,Control17
9378,105371152,5865,1047,166979,219527,4544,116173,6345;Control1,Control2,Control3,Control4,Control5,Control6,Control7,Control8,Control9,Control11,Control12,Control13,Control15,Control17
9378,6860,219527;Control2,Control3,Control4,Control5,Control6,Control7,Control8,Control9,Control10,Control11,Control12,Control13,Control16,Control17
9378,54854;Control1,Control2,Control3,Control4,Control5,Control6,Control7,Control8,Control9,Control10,Control11,Control12,Control13,Control15,Control17
9378,107985513,5865,6716,1047,166979,4544;Control2,Control3,Control4,Control5,Control6,Control7,Control8,Control9,Control10,Control11,Control12,Control13,Control15,Control17
101927750,28946,285987,4004,3502,354,28809,729442;Control1,Control2,Control3,Control4,Control5,Control6,Control7,Control8,Control9,Control10,Control11,Control12,Control13,Control15,Control17
101927750,6332,1301,574414,574029;Control1,Control2,Control3,Control4,Control5,Control6,Control8,Control9,Control11,Control12,Control13,Control15,Control16,Control17
101927750,101927687,2019,285987,5653,729442;Control1,Control2,Control3,Control5,Control6,Control7,Control8,Control9,Control10,Control11,Control12,Control13,Control15,Control17
101927750,102724714,58,285987,4004,4973,3502,5650,28809,729442;Control1,Control2,Control3,Control4,Control5,Control6,Control7,Control8,Control10,Control11,Control12,Control13,Control15,Control17
101927750,3512,28946,134285,285987,4004,3502,5653,5650,28809,729442;Control1,Control2,Control3,Control4,Control6,Control7,Control8,Control9,Control10,Control11,Control12,Control13,Control15,Control17
101927750,102467080,58,389336,285987,5653,5650,729442;Control1,Control2,Control3,Control4,Control5,Control6,Control7,Control8,Control9,Control10,Control11,Control13,Control15,Control17
101927750,1404,1301,574414;Control1,Control2,Control3,Control4,Control5,Control7,Control8,Control9,Control10,Control11,Control12,Control13,Control15,Control16,Control17
101927750,5307,2019,134285,285987,4004,4973,25818,5653,5650,28809,105373150,729442,8471;Control1,Control2,Control4,Control5,Control6,Control7,Control8,Control9,Control10,Control11,Control12,Control13,Control15,Control17
101927750,253582,1301,574414;Control1,Control2,Control3,Control5,Control6,Control7,Control8,Control9,Control10,Control11,Control12,Control13,Control15,Control16
101927750,100506895,3229,8471;Control1,Control2,Control4,Control5,Control6,Control7,Control8,Control9,Control10,Control11,Control12,Control13,Control16,Control17
101927750,1749,115019,285987,4004,5653,28809,729442;Control1,Control2,Control3,Control4,Control5,Control6,Control7,Control8,Control9,Control10,Control11,Control12,Control13,Control17
101927750,107986951,1301,574414,574029,2834;Control1,Control2,Control3,Control4,Control5,Control6,Control7,Control8,Control9,Control11,Control13,Control15,Control16,Control17
101927750,105375622,574414;Control1,Control2,Control3,Control4,Control5,Control6,Control7,Control8,Control9,Control11,Control12,Control13,Control15,Control16,Control17
101927750,29991,28946,285987,4004,3502,354,28809,729442;Control1,Control2,Control3,Control4,Control5,Control6,Control7,Control8,Control9,Control10,Control11,Control13,Control15,Control17
101927750,8538;Control1,Control2,Control3,Control5,Control7,Control8,Control9,Control10,Control11,Control12,Control13,Control15,Control16,Control17
101927750,6768,58,285987,3502,354,5653,28809,729442;Control1,Control2,Control3,Control4,Control5,Control6,Control7,Control8,Control9,Control10,Control11,Control12,Control15,Control17
101927750,112937,1301,574414,574029,2834;Control1,Control2,Control3,Control4,Control5,Control6,Control7,Control8,Control9,Control11,Control12,Control13,Control15,Control16
101927750,4973,58,2019,134285,285987,4004,25818,5653,5650,28809,729442;Control1,Control2,Control3,Control4,Control5,Control6,Control7,Control8,Control9,Control10,Control11,Control12,Control13,Control15,Control17
101927750,3227,2019,134285,389336,285987,1749,4004,145873,25818,5653,5650,28809,729442;Control1,Control2,Control3,Control4,Control5,Control6,Control7,Control8,Control9,Control10,Control11,Control12,Control13,Control17
101927750,387895,1301,574414,56300,4496;Control1,Control2,Control4,Control5,Control6,Control7,Control8,Control9,Control10,Control11,Control12,Control13,Control16,Control17
101927750,5265,58,134285,285987,4004,4973,3502,145873,5653,5650,28809,729442;Control1,Control2,Control3,Control4,Control5,Control6,Control7,Control8,Control9,Control10,Control11,Control13,Control15,Control17
101927750,3502,58,2019,134285,389336,285987,4004,145873,354,25818,5653,5650,28809,729442;Control1,Control2,Control3,Control4,Control5,Control6,Control7,Control8,Control9,Control10,Control11,Control12,Control13,Control15,Control17
101927750,654499,1301,574414,574029,2834;Control1,Control2,Control3,Control5,Control6,Control7,Control8,Control9,Control11,Control12,Control13,Control15,Control16,Control17
101927750,100126311;Control1,Control2,Control3,Control4,Control5,Control6,Control7,Control8,Control9,Control10,Control12,Control13,Control16,Control17
101927750,101929690,1301,574414,105375622;Control2,Control4,Control5,Control6,Control7,Control8,Control9,Control10,Control11,Control12,Control13,Control15,Control16,Control17
101927750,105371152,58,28946,2019,134285,389336,285987,4004,3502,354,25818,5653,5650,28809,729442;Control1,Control2,Control3,Control4,Control6,Control7,Control8,Control9,Control10,Control11,Control12,Control13,Control15,Control17
101927750,339256,2019,101927687,134285,285987,4004,729442;Control2,Control3,Control4,Control5,Control6,Control7,Control8,Control9,Control10,Control11,Control12,Control13,Control15,Control17
101927750,400618,574414,574029;Control1,Control2,Control3,Control4,Control5,Control6,Control7,Control8,Control9,Control11,Control12,Control13,Control15,Control16
101927750,105371927,2328,2019,134285,285987,4004,729442;Control1,Control3,Control4,Control5,Control6,Control7,Control8,Control9,Control10,Control11,Control12,Control13,Control15,Control17
101927750,647946,134285,285987,5653,28809,729442;Control1,Control2,Control3,Control4,Control5,Control6,Control7,Control9,Control10,Control11,Control12,Control13,Control15,Control17
101927750,110806280,1301,574414,574029;Control1,Control2,Control3,Control4,Control5,Control6,Control8,Control9,Control10,Control11,Control12,Control13,Control15,Control16
101927750,105373150,285987,4004,25818,729442;Control1,Control2,Control3,Control4,Control5,Control6,Control7,Control8,Control9,Control10,Control11,Control12,Control13,Control15,Control17
101927750,5354,1301,574414;Control1,Control3,Control4,Control5,Control6,Control7,Control8,Control9,Control10,Control12,Control13,Control15,Control16,Control17
101927750,8471;Control1,Control2,Control4,Control5,Control6,Control7,Control8,Control9,Control10,Control11,Control12,Control13,Control15,Control16,Control17
101928173,2019,389336;Control1,Control2,Control3,Control4,Control5,Control6,Control8,Control9,Control10,Control11,Control13,Control15,Control16,Control17
101928173,1295;Control1,Control2,Control3,Control4,Control5,Control6,Control7,Control8,Control10,Control11,Control13,Control15,Control16,Control17
101928173,9348;Control1,Control2,Control3,Control4,Control5,Control6,Control7,Control8,Control9,Control11,Control13,Control15,Control16,Control17
101928173,102467080;Control1,Control2,Control3,Control5,Control6,Control8,Control9,Control10,Control11,Control12,Control13,Control15,Control16,Control17
101928173,101929215;Control1,Control2,Control3,Control4,Control5,Control6,Control7,Control8,Control9,Control10,Control11,Control12,Control13,Control15
101928173,4973;Control1,Control2,Control3,Control4,Control5,Control7,Control8,Control9,Control10,Control11,Control12,Control13,Control15,Control17
101928173,5265,10437;Control2,Control3,Control4,Control5,Control6,Control7,Control8,Control9,Control10,Control11,Control12,Control15,Control16,Control17
101928173,4166;Control1,Control2,Control3,Control5,Control6,Control7,Control8,Control10,Control11,Control12,Control13,Control15,Control16,Control17
101928173,339256;Control2,Control3,Control4,Control5,Control6,Control7,Control9,Control10,Control11,Control12,Control13,Control15,Control16,Control17
101928173,10437;Control2,Control3,Control5,Control6,Control7,Control8,Control9,Control10,Control11,Control12,Control13,Control15,Control16,Control17
101928152,79674;Control1,Control2,Control3,Control4,Control5,Control6,Control7,Control8,Control9,Control12,Control13,Control15,Control16,Control17
101928152,101928658,11075;Control1,Control2,Control3,Control6,Control7,Control8,Control9,Control10,Control11,Control12,Control13,Control15,Control16,Control17
101928152,80329;Control1,Control2,Control3,Control4,Control6,Control7,Control8,Control9,Control10,Control12,Control13,Control15,Control16,Control17
101928152,100292680;Control1,Control2,Control3,Control4,Control5,Control6,Control7,Control8,Control9,Control10,Control11,Control12,Control13,Control17
101928152,6860;Control2,Control3,Control5,Control6,Control7,Control8,Control9,Control10,Control11,Control12,Control13,Control15,Control16,Control17
101928152,80714;Control1,Control2,Control3,Control4,Control7,Control8,Control9,Control10,Control11,Control12,Control13,Control15,Control16,Control17
101928152,57167;Control1,Control2,Control3,Control4,Control6,Control7,Control8,Control9,Control10,Control11,Control12,Control13,Control15,Control16,Control17
28946,102724714,285987,4004,3502,28809,729442;Control1,Control2,Control3,Control4,Control5,Control6,Control7,Control8,Control10,Control11,Control12,Control13,Control15,Control16
28946,105377123,115019,134285,389336,285987,4004,113218482,3502,354,5653,5650,28809,729442;Control1,Control2,Control3,Control4,Control7,Control8,Control9,Control10,Control11,Control12,Control13,Control15,Control16,Control17
28946,646951,5865,6716,3512,1047,166979,101927686,219527,4544,116173,105371152;Control1,Control3,Control4,Control5,Control6,Control7,Control8,Control9,Control11,Control12,Control13,Control15,Control16,Control17
28946,53836,1047,594855;Control1,Control2,Control3,Control4,Control5,Control6,Control7,Control8,Control9,Control12,Control13,Control15,Control16,Control17
28946,79674,3512,105371152;Control1,Control2,Control3,Control4,Control5,Control6,Control7,Control8,Control9,Control10,Control11,Control12,Control13,Control16,Control17
28946,3512,105371152;Control1,Control2,Control3,Control4,Control5,Control6,Control7,Control8,Control9,Control10,Control11,Control12,Control13,Control15,Control16,Control17
28946,345079,285987,4004,3502,354,28809,729442;Control1,Control2,Control3,Control4,Control5,Control6,Control8,Control9,Control10,Control11,Control12,Control13,Control16,Control17
28946,5307,2019,134285,285987,4004,3502,145873,25818,5653,5650,28809,105373150,729442;Control1,Control2,Control4,Control6,Control7,Control8,Control9,Control10,Control11,Control12,Control13,Control15,Control16,Control17
28946,285987,4004,3502,354,28809,729442;Control1,Control2,Control3,Control4,Control5,Control6,Control7,Control8,Control9,Control10,Control11,Control12,Control13,Control15,Control16,Control17
28946,1749,58,2019,134285,389336,285987,4004,3502,145873,354,25818,5653,5650,28809,729442;Control1,Control2,Control3,Control4,Control6,Control7,Control8,Control9,Control10,Control11,Control12,Control13,Control16,Control17
28946,83648;Control1,Control2,Control3,Control4,Control6,Control7,Control8,Control9,Control11,Control12,Control13,Control15,Control16,Control17
28946,9312,5865,6716,3580,1047,166979,4544,6345,105371152;Control1,Control2,Control4,Control5,Control6,Control7,Control8,Control9,Control11,Control12,Control13,Control15,Control16,Control17
28946,245972,105371152;Control1,Control2,Control3,Control5,Control6,Control7,Control8,Control9,Control10,Control11,Control12,Control13,Control15,Control16,Control17
28946,105375690,285987,4004,3502,354,28809,729442;Control1,Control2,Control3,Control5,Control6,Control7,Control8,Control9,Control10,Control11,Control12,Control13,Control16,Control17
28946,364,56896,1750,3856,113218482,594855;Control1,Control2,Control3,Control4,Control6,Control7,Control8,Control9,Control11,Control12,Control13,Control15,Control16,Control17
28946,29991,285987,4004,3502,28809,729442;Control1,Control2,Control3,Control4,Control5,Control6,Control7,Control8,Control9,Control10,Control11,Control13,Control15,Control16,Control17
28946,283078,3512,105371152;Control1,Control4,Control5,Control6,Control7,Control8,Control9,Control10,Control11,Control12,Control13,Control15,Control16,Control17
28946,219527,5865,6716,3512,1047,166979,4544,116173,6345,105371152;Control1,Control2,Control3,Control4,Control5,Control6,Control7,Control8,Control9,Control11,Control12,Control13,Control15,Control16,Control17
28946,2893,3512,105371152;Control1,Control2,Control3,Control4,Control5,Control6,Control7,Control8,Control9,Control10,Control11,Control12,Control15,Control17
28946,6768,285987,3502,28809,729442;Control1,Control2,Control3,Control4,Control5,Control6,Control7,Control8,Control9,Control10,Control11,Control12,Control15,Control16,Control17
28946,4973,285987,4004,105371152,5653,5650,28809,729442;Control1,Control2,Control3,Control4,Control6,Control7,Control8,Control9,Control10,Control11,Control12,Control13,Control15,Control16,Control17
28946,4257,105371152;Control1,Control2,Control3,Control5,Control6,Control7,Control8,Control9,Control10,Control11,Control12,Control13,Control15,Control16
28946,3856,113218482,3502,354;Control1,Control2,Control3,Control4,Control5,Control7,Control8,Control9,Control10,Control11,Control12,Control13,Control15,Control16,Control17
28946,113218482,3512,105371152;Control1,Control2,Control3,Control4,Control5,Control7,Control8,Control9,Control10,Control11,Control12,Control13,Control15,Control16,Control17
28946,3227,2019,134285,389336,285987,1749,4004,3502,354,25818,5653,5650,28809,729442;Control1,Control2,Control3,Control4,Control6,Control7,Control8,Control9,Control10,Control11,Control12,Control13,Control16,Control17
28946,5265,58,285987,4004,3502,105371152,5653,5650,28809,729442;Control1,Control2,Control3,Control4,Control6,Control7,Control8,Control9,Control10,Control11,Control13,Control15,Control16,Control17
28946,7681,5865,6716,3580,3512,1047,166979,101927686,4544,105371152,107985436;Control1,Control2,Control3,Control4,Control5,Control6,Control8,Control9,Control11,Control12,Control13,Control15,Control16,Control17
28946,594855,5865,6716,3512,1047,166979,4544,116173,6345;Control1,Control2,Control3,Control4,Control5,Control6,Control7,Control8,Control9,Control11,Control12,Control13,Control15,Control16,Control17
28946,105370953,1047,594855;Control1,Control2,Control3,Control4,Control5,Control6,Control8,Control9,Control11,Control12,Control13,Control15,Control16,Control17
28946,6345,5865,6716,3580,3512,1047,166979,4544,105371152;Control1,Control2,Control3,Control4,Control5,Control6,Control7,Control8,Control9,Control11,Control12,Control13,Control15,Control16,Control17
28946,339256,2019,134285,285987,4004,105371152,25818,5653,5650,28809,729442;Control2,Control3,Control4,Control6,Control7,Control8,Control9,Control10,Control11,Control12,Control13,Control15,Control16,Control17
28946,284293,3502,28809;Control1,Control2,Control3,Control4,Control5,Control6,Control7,Control9,Control10,Control11,Control12,Control13,Control15,Control16,Control17
28946,107985513,5865,6716,1047,166979,4544,105371152;Control2,Control3,Control4,Control5,Control6,Control7,Control8,Control9,Control11,Control12,Control13,Control15,Control16,Control17
28946,54101,3512,105371152;Control1,Control2,Control3,Control5,Control6,Control7,Control8,Control9,Control10,Control11,Control13,Control15,Control16,Control17
28946,64699,3512,5307,3502,28809;Control1,Control2,Control4,Control6,Control7,Control8,Control9,Control10,Control11,Control12,Control13,Control15,Control16,Control17
28946,3053,5865,3512,1047,166979,4544,594855;Control1,Control2,Control3,Control4,Control5,Control6,Control7,Control8,Control9,Control11,Control12,Control13,Control16,Control17
28946,26150,5865,6716,3512,1047,166979,219527,4544,116173,105371152;Control1,Control2,Control3,Control4,Control5,Control6,Control7,Control8,Control9,Control12,Control13,Control15,Control16,Control17
28946,105373150,58,2019,134285,389336,285987,4004,3502,105371152,354,25818,5653,5650,28809,729442;Control1,Control2,Control4,Control6,Control7,Control8,Control9,Control10,Control11,Control12,Control13,Control15,Control16,Control17
28946,8471,101927750,285987,4004,3502,354,28809,729442;Control1,Control2,Control4,Control5,Control6,Control7,Control8,Control9,Control10,Control11,Control12,Control13,Control15,Control17
23397,699,9833,55165,51203;Control1,Control2,Control3,Control4,Control5,Control6,Control7,Control8,Control9,Control10,Control11,Control12,Control13,Control15,Control16,Control17
23397,55355,6241,699,64151,55872,55165,221150,51203,100507118,29128,24137;Control1,Control2,Control3,Control5,Control6,Control7,Control8,Control9,Control10,Control11,Control12,Control13,Control15,Control16,Control17
23397,151648,100874028;Control1,Control2,Control3,Control4,Control5,Control6,Control7,Control8,Control10,Control12,Control13,Control15,Control16,Control17
23397,100874028,11130;Control1,Control2,Control3,Control4,Control5,Control6,Control7,Control8,Control10,Control11,Control12,Control13,Control15,Control16,Control17
23397,56992,10721,64151,55247,3161;Control1,Control2,Control3,Control5,Control6,Control7,Control8,Control9,Control10,Control11,Control12,Control13,Control15,Control16,Control17
23397,10721,55247,100288637;Control1,Control2,Control3,Control4,Control5,Control6,Control7,Control8,Control9,Control10,Control11,Control12,Control13,Control15,Control16,Control17
23397,64151,55247,3161,55872,55165,7153,29128;Control1,Control2,Control3,Control4,Control5,Control6,Control7,Control8,Control9,Control10,Control11,Control12,Control13,Control15,Control16,Control17
23397,4085,55635,4751,55247,3161,54443,55165,100288637,7153;Control1,Control2,Control3,Control4,Control5,Control6,Control7,Control8,Control9,Control10,Control11,Control12,Control13,Control15
23397,891,6241,64151,3161,55872,983,55165,51203,7153,29128,24137;Control1,Control2,Control3,Control4,Control6,Control7,Control8,Control9,Control10,Control11,Control12,Control15,Control16,Control17
23397,4001,699,10721;Control1,Control2,Control3,Control4,Control5,Control6,Control7,Control9,Control10,Control11,Control12,Control13,Control15,Control16,Control17
23397,101927813,699,9833;Control1,Control2,Control3,Control4,Control5,Control6,Control7,Control9,Control10,Control11,Control12,Control15,Control16,Control17
23397,3833,1063,6241,55355,9787,100507118,79801,24137;Control1,Control2,Control3,Control5,Control6,Control7,Control9,Control10,Control11,Control12,Control13,Control15,Control16,Control17
23397,7272,10721,11130,100288637;Control1,Control2,Control3,Control4,Control5,Control6,Control7,Control8,Control9,Control10,Control11,Control12,Control13,Control15,Control16,Control17
23397,2845,55635,983,3832,7153;Control1,Control3,Control4,Control5,Control6,Control7,Control8,Control9,Control10,Control11,Control12,Control13,Control15,Control16
23397,11130,699;Control1,Control2,Control3,Control4,Control5,Control6,Control7,Control8,Control9,Control10,Control11,Control12,Control13,Control15,Control16,Control17
23397,3832,55635,4751,54443,983,55165,51203,7153;Control1,Control2,Control3,Control5,Control6,Control7,Control8,Control9,Control10,Control11,Control12,Control13,Control15,Control16,Control17
23397,144455,9928,10721,64151,4001,221150;Control1,Control2,Control3,Control4,Control5,Control6,Control7,Control9,Control10,Control11,Control12,Control13,Control15,Control16
23397,221150,6241,64151,3161,55872,55165,79801,7153,29128,24137;Control1,Control2,Control3,Control4,Control5,Control6,Control7,Control9,Control10,Control11,Control12,Control13,Control15,Control16,Control17
23397,9824,55635,55247,54443,983,55165,7153;Control1,Control2,Control4,Control5,Control6,Control7,Control8,Control9,Control10,Control11,Control12,Control13,Control15,Control16,Control17
23397,57082,699,55355,64151,55872,55165,51203,29128,24137;Control1,Control2,Control3,Control5,Control6,Control7,Control8,Control9,Control10,Control11,Control12,Control13,Control15,Control16,Control17
23397,51203,55635,983,55165,7153;Control1,Control2,Control3,Control4,Control5,Control6,Control7,Control8,Control9,Control10,Control11,Control12,Control13,Control15,Control16,Control17
23397,9768,10721,7272;Control1,Control2,Control3,Control4,Control5,Control6,Control7,Control8,Control9,Control10,Control11,Control12,Control15,Control16,Control17
23397,9493,3161,54443,55872,9833,983,55165,9824,51203,9055,79801;Control1,Control2,Control4,Control5,Control6,Control7,Control9,Control10,Control11,Control12,Control13,Control15,Control16,Control17
23397,9055,64151,55247,4001,3161,55872,55165,7153,29128;Control1,Control2,Control3,Control4,Control5,Control6,Control7,Control9,Control10,Control11,Control12,Control13,Control15,Control16,Control17
23397,100507118,4751,699,3161,54443,55872,983,55165,51203,7153,29128;Control1,Control2,Control3,Control5,Control6,Control7,Control8,Control9,Control10,Control11,Control12,Control13,Control15,Control16,Control17
23397,79801,83540,9833,55165;Control1,Control2,Control3,Control4,Control5,Control6,Control7,Control9,Control10,Control11,Control12,Control13,Control15,Control16,Control17
23397,54478,55635,11130;Control1,Control2,Control3,Control5,Control6,Control7,Control8,Control9,Control10,Control11,Control12,Control13,Control15,Control16,Control17
23397,9496,4751,3161,54443,55165,51203,9055;Control1,Control2,Control3,Control4,Control5,Control6,Control7,Control9,Control10,Control11,Control12,Control13,Control15,Control16
23397,220134,6241,699,55355,64151,55872,55165,221150,9787,51203,100507118,79801,29128,24137;Control1,Control2,Control3,Control5,Control6,Control7,Control9,Control10,Control11,Control12,Control13,Control15,Control16,Control17
23397,9582,9833,221150;Control1,Control3,Control4,Control5,Control6,Control7,Control9,Control10,Control11,Control12,Control13,Control15,Control16,Control17
23397,24137,64151,3161,55872,55165,51203,7153,29128;Control1,Control2,Control3,Control4,Control5,Control6,Control7,Control8,Control9,Control10,Control11,Control12,Control13,Control15,Control16,Control17
731220,284958,646024,105376041,3229,115701,55655;Control1,Control3,Control4,Control5,Control6,Control7,Control8,Control9,Control10,Control12,Control13,Control15,Control16,Control17
731220,56300,100505994,80329,646024,105376041,4496;Control1,Control2,Control3,Control4,Control5,Control6,Control7,Control8,Control9,Control10,Control11,Control12,Control13,Control15,Control17
731220,5798,100505994,646024,105376041;Control1,Control2,Control3,Control4,Control5,Control6,Control7,Control8,Control9,Control10,Control11,Control13,Control15,Control16,Control17
731220,84561,105372950,100505994,646024,105376041,3053;Control1,Control2,Control3,Control4,Control7,Control8,Control9,Control10,Control11,Control12,Control13,Control15,Control16,Control17
731220,647309,646024,11075,105376041,55655;Control1,Control2,Control4,Control5,Control6,Control7,Control8,Control9,Control10,Control11,Control12,Control13,Control15,Control16,Control17
731220,101928658,168002,11075,109729169;Control1,Control2,Control3,Control4,Control5,Control6,Control7,Control8,Control9,Control10,Control11,Control13,Control15,Control17
731220,2250,646024,11075,105376041,3229,103689845,55655;Control1,Control2,Control3,Control4,Control5,Control6,Control7,Control8,Control9,Control10,Control12,Control15,Control16,Control17
731220,4825,647309,389336,646024,1749,11075,105376041,3229,55655;Control1,Control2,Control4,Control5,Control6,Control7,Control8,Control9,Control11,Control12,Control13,Control15,Control16,Control17
731220,100505994,646024,105376041;Control1,Control2,Control3,Control4,Control5,Control6,Control7,Control8,Control9,Control10,Control11,Control12,Control13,Control15,Control16,Control17
731220,389336,646024,1749,11075,105376041,3229,55655;Control1,Control2,Control3,Control4,Control5,Control6,Control7,Control8,Control9,Control11,Control12,Control13,Control15,Control16,Control17
731220,6534,11075,55655,109729169;Control1,Control2,Control3,Control4,Control5,Control6,Control7,Control8,Control9,Control10,Control13,Control15,Control16,Control17
731220,860,646024,11075,554202,105376041,3229;Control1,Control2,Control3,Control4,Control5,Control6,Control8,Control9,Control10,Control12,Control13,Control15,Control16,Control17
731220,107986606,100505994,646024,11075,105376041,387978,55655,107985492;Control1,Control2,Control3,Control5,Control6,Control7,Control8,Control10,Control11,Control12,Control13,Control15,Control16,Control17
731220,80329,100505994;Control1,Control2,Control3,Control4,Control5,Control6,Control7,Control8,Control9,Control10,Control12,Control13,Control15,Control16,Control17
731220,168002,5798,646024,11075,105376041,3229,55655,109729169;Control1,Control2,Control3,Control4,Control5,Control6,Control7,Control8,Control9,Control10,Control11,Control13,Control15,Control16,Control17
731220,100652791,56300,100505994,860,646024,554202,105376041,3229,4496;Control1,Control2,Control3,Control4,Control5,Control6,Control8,Control9,Control10,Control11,Control12,Control13,Control15,Control17
731220,11075,646024,105376041,55655;Control1,Control2,Control3,Control4,Control5,Control6,Control7,Control8,Control9,Control10,Control11,Control12,Control13,Control15,Control16,Control17
731220,105375690,100505994,646024,105376041,3229,55655,107985492;Control1,Control2,Control3,Control5,Control6,Control7,Control8,Control9,Control10,Control11,Control12,Control13,Control15,Control16,Control17
731220,554202,100505994,646024,105376041;Control1,Control2,Control3,Control4,Control5,Control6,Control8,Control9,Control10,Control11,Control12,Control13,Control15,Control16,Control17
731220,338376,100505994,646024,105376041;Control2,Control3,Control4,Control5,Control6,Control7,Control8,Control9,Control10,Control11,Control12,Control13,Control15,Control16,Control17
731220,100048912;Control1,Control2,Control3,Control4,Control5,Control6,Control7,Control8,Control10,Control11,Control12,Control13,Control15,Control17
731220,3229,646024,105376041,55655;Control1,Control2,Control3,Control4,Control5,Control6,Control7,Control8,Control9,Control10,Control11,Control12,Control13,Control15,Control16,Control17
731220,3227,389336,1749,11075;Control2,Control3,Control4,Control5,Control6,Control7,Control8,Control9,Control11,Control12,Control13,Control15,Control16,Control17
731220,8549,646024,11075,105376041,103689845,55655;Control1,Control2,Control3,Control4,Control5,Control6,Control8,Control9,Control10,Control11,Control12,Control15,Control16,Control17
731220,387895,647309,646024,11075,105376041,3229,55655;Control1,Control2,Control4,Control5,Control6,Control7,Control8,Control9,Control10,Control12,Control13,Control15,Control16,Control17
731220,103689845,100505994,646024,105376041;Control1,Control2,Control3,Control4,Control5,Control6,Control7,Control8,Control9,Control10,Control11,Control12,Control15,Control16,Control17
731220,5100,100505994,646024,554202,105376041,3053;Control1,Control2,Control3,Control4,Control6,Control8,Control9,Control10,Control11,Control12,Control13,Control15,Control16,Control17
731220,5101,100505994,646024,554202,105376041;Control1,Control2,Control3,Control4,Control5,Control6,Control8,Control9,Control10,Control12,Control13,Control15,Control16,Control17
731220,387978,100505994,646024,554202,105376041;Control1,Control2,Control3,Control4,Control5,Control6,Control7,Control8,Control10,Control11,Control12,Control13,Control15,Control16,Control17
731220,100126311,389336,11075,55655;Control1,Control2,Control3,Control4,Control5,Control6,Control7,Control8,Control9,Control11,Control12,Control13,Control15,Control17
731220,9956,100505994,646024,105376041;Control1,Control2,Control3,Control4,Control5,Control6,Control7,Control9,Control10,Control11,Control12,Control13,Control15,Control16,Control17
731220,6362,56300,100505994,80329,646024,105376041,387895,4496;Control1,Control2,Control4,Control5,Control6,Control7,Control8,Control9,Control10,Control11,Control12,Control13,Control15,Control17
731220,115701,646024,105376041,3229,55655;Control1,Control3,Control4,Control5,Control6,Control7,Control8,Control9,Control10,Control11,Control12,Control13,Control15,Control16,Control17
731220,80714,11075;Control1,Control2,Control3,Control4,Control7,Control8,Control9,Control10,Control11,Control12,Control13,Control15,Control16,Control17
731220,100533990,5798,100505994,646024,554202,105376041,344,3053,109729169;Control1,Control2,Control3,Control4,Control6,Control7,Control8,Control9,Control10,Control11,Control13,Control15,Control16,Control17
731220,4318,5798,100505994,860,646024,554202,105376041,5101,109729169;Control1,Control2,Control3,Control4,Control5,Control6,Control8,Control9,Control10,Control11,Control13,Control15,Control16,Control17
731220,109729184,5798,860,646024,168002,11075,554202,105376041,3229,4318,109729169;Control1,Control2,Control3,Control4,Control5,Control6,Control8,Control9,Control10,Control11,Control13,Control15,Control16,Control17
731220,57167,100505994;Control1,Control2,Control3,Control4,Control5,Control6,Control7,Control8,Control9,Control10,Control11,Control13,Control15,Control16,Control17
731220,107985492,100505994,646024,11075,105376041,55655;Control1,Control2,Control3,Control5,Control6,Control7,Control8,Control9,Control10,Control11,Control12,Control13,Control15,Control16,Control17
731220,3053,100505994,646024,554202,105376041;Control1,Control2,Control3,Control4,Control6,Control7,Control8,Control9,Control10,Control11,Control12,Control13,Control15,Control16,Control17
731220,7477,100505994,80329,57167;Control1,Control2,Control3,Control4,Control5,Control6,Control7,Control8,Control9,Control10,Control13,Control15,Control16,Control17
699,150468,1063,6241,3161,54443,55872,9833,55165,51203,100507118;Control1,Control2,Control3,Control5,Control6,Control7,Control8,Control9,Control10,Control11,Control12,Control15,Control16,Control17
699,57405,6241,55355,64151,51203,100507118,79801;Control1,Control3,Control5,Control6,Control7,Control8,Control9,Control10,Control11,Control12,Control13,Control15,Control16,Control17
699,10721,23397,11130;Control1,Control2,Control3,Control4,Control5,Control6,Control7,Control8,Control9,Control10,Control12,Control13,Control15,Control16,Control17
699,64151,9928,4001,3161,55872,57082,7153;Control1,Control2,Control3,Control5,Control6,Control7,Control8,Control9,Control10,Control11,Control12,Control13,Control15,Control16,Control17
699,1062,11130,100288637;Control1,Control2,Control3,Control4,Control6,Control7,Control8,Control9,Control10,Control11,Control12,Control13,Control15,Control17
699,55247,55635,4751,23397,54443,11130,983,55165,100288637,7153;Control1,Control2,Control3,Control5,Control6,Control7,Control8,Control9,Control10,Control11,Control12,Control13,Control15,Control17
699,891,4751,3161,55872,55165,51203,100507118,7153,29128;Control1,Control2,Control3,Control5,Control6,Control7,Control8,Control9,Control10,Control11,Control12,Control13,Control15,Control16,Control17
699,4001,9833,51203;Control1,Control2,Control3,Control4,Control5,Control6,Control7,Control8,Control10,Control11,Control12,Control13,Control15,Control16,Control17
699,995,259266,1063,6241,55355,55165,9787,100507118,22974,24137;Control1,Control2,Control3,Control5,Control6,Control7,Control9,Control10,Control11,Control12,Control13,Control15,Control16,Control17
699,101927813;Control1,Control2,Control3,Control4,Control5,Control6,Control7,Control8,Control9,Control10,Control11,Control12,Control13,Control15,Control17
699,7272,23397,10721,3161,54443,55872,983,55165,7153,29128,24137;Control1,Control3,Control5,Control6,Control7,Control8,Control9,Control10,Control11,Control12,Control13,Control15,Control16,Control17
699,54443,9833,55165,51203;Control1,Control2,Control3,Control4,Control5,Control6,Control7,Control8,Control9,Control10,Control11,Control12,Control13,Control15,Control16,Control17
699,157570,4001,54443,55872,55165,51203;Control1,Control2,Control3,Control5,Control6,Control7,Control8,Control10,Control11,Control12,Control13,Control15,Control16,Control17
699,55388,9768;Control1,Control2,Control3,Control5,Control6,Control7,Control8,Control9,Control10,Control11,Control12,Control13,Control15,Control17
699,3832,55635,4751,23397,54443,11130,983,55165,7153;Control1,Control2,Control3,Control5,Control6,Control7,Control8,Control9,Control10,Control12,Control13,Control15,Control16,Control17
699,374393,1063,6241,9833,79801,22974;Control1,Control2,Control3,Control6,Control7,Control8,Control9,Control10,Control11,Control12,Control13,Control15,Control16,Control17
699,144455,51203;Control1,Control2,Control3,Control4,Control5,Control7,Control8,Control9,Control10,Control11,Control12,Control13,Control15,Control16,Control17
699,9824,4751,23397,3161,54443,55872,983,55165,51203,100507118,7153,29128;Control1,Control2,Control5,Control6,Control7,Control8,Control9,Control10,Control11,Control12,Control13,Control15,Control16,Control17
699,9768,64151,55165,57082,7153,29128,24137;Control1,Control2,Control3,Control5,Control6,Control7,Control8,Control9,Control10,Control11,Control12,Control13,Control15,Control16,Control17
699,9493,4751,3161,54443,55872,983,55165,9824,51203,9055,100507118,7153,29128;Control1,Control2,Control5,Control6,Control7,Control8,Control9,Control10,Control11,Control12,Control13,Control15,Control16,Control17
699,9055,4751,3161,54443,55872,983,55165,51203,100507118,7153,29128;Control1,Control2,Control3,Control5,Control6,Control7,Control8,Control9,Control10,Control11,Control12,Control13,Control15,Control16,Control17
699,79801,1063,6241,55355,64151,55872,55165,9787,51203,100507118,29128;Control1,Control2,Control3,Control5,Control6,Control7,Control8,Control9,Control10,Control11,Control12,Control13,Control15,Control16,Control17
699,9212,259266,1063,6241,55355,9787,51203,100507118,79801,22974;Control1,Control2,Control3,Control5,Control6,Control7,Control8,Control9,Control10,Control11,Control12,Control13,Control15,Control16
699,332,1063,6241,55355,55165,9787,24137;Control1,Control2,Control3,Control5,Control6,Control7,Control8,Control9,Control10,Control11,Control12,Control13,Control15,Control16,Control17
699,220134,6241,55355,64151,55872,55165,221150,9787,100507118,29128,24137;Control1,Control2,Control3,Control5,Control6,Control7,Control8,Control9,Control10,Control11,Control12,Control13,Control15,Control16,Control17
699,22974;Control1,Control2,Control3,Control4,Control5,Control6,Control7,Control9,Control10,Control11,Control12,Control13,Control15,Control16,Control17
105373557,7036;Control1,Control3,Control4,Control5,Control6,Control7,Control8,Control9,Control11,Control12,Control13,Control15,Control16,Control17
105373557,347252;Control1,Control2,Control4,Control5,Control6,Control7,Control8,Control9,Control10,Control11,Control12,Control13,Control16,Control17
105373557,374393;Control1,Control2,Control3,Control4,Control5,Control6,Control7,Control8,Control10,Control11,Control12,Control13,Control15,Control16,Control17
105373557,55867;Control1,Control2,Control3,Control5,Control7,Control8,Control9,Control10,Control11,Control12,Control13,Control15,Control16,Control17
105373557,10642;Control1,Control2,Control3,Control4,Control6,Control7,Control8,Control9,Control10,Control11,Control12,Control13,Control15,Control17
284958,56300,105377508,646024,105376041,3229,387895,4496,115701,55655;Control1,Control2,Control3,Control4,Control5,Control6,Control7,Control8,Control9,Control10,Control11,Control12,Control13,Control15,Control17
284958,5798,105377508,646024,105376041,3229,387895,109729169;Control1,Control2,Control3,Control4,Control5,Control6,Control7,Control8,Control9,Control10,Control11,Control13,Control15,Control16,Control17
284958,647309,374946,5798,646024,105376041,3229,387895,115701;Control1,Control2,Control4,Control5,Control6,Control7,Control8,Control9,Control10,Control11,Control13,Control15,Control16,Control17
284958,2250,646024,105376041,3229,387895,115701;Control1,Control3,Control4,Control5,Control6,Control7,Control8,Control9,Control10,Control11,Control12,Control13,Control15,Control16,Control17
284958,105377508,646024,105376041,3229,387895;Control1,Control2,Control3,Control4,Control5,Control6,Control7,Control8,Control9,Control10,Control11,Control12,Control13,Control15,Control16,Control17
284958,100505994,105377508,646024,105376041,3229,387895,107985492;Control1,Control2,Control3,Control5,Control6,Control7,Control8,Control9,Control10,Control11,Control12,Control13,Control15,Control16,Control17
284958,389336,105377508,646024,105376041,3229,3227,387895,55655;Control1,Control2,Control3,Control4,Control5,Control6,Control7,Control8,Control9,Control12,Control13,Control15,Control16,Control17
284958,860,2250,646024,105376041,3229,387895,115701;Control1,Control3,Control4,Control5,Control6,Control8,Control9,Control10,Control11,Control12,Control13,Control15,Control16,Control17
284958,105375077,105372950,84561,105377508,646024,105376041;Control1,Control2,Control3,Control4,Control5,Control7,Control8,Control9,Control10,Control11,Control12,Control13,Control15,Control16
284958,107986606,105377508,100505994,646024,105376041,3229,387895,387978,107985492;Control1,Control2,Control3,Control5,Control6,Control7,Control8,Control10,Control11,Control12,Control13,Control15,Control16,Control17
284958,168002,374946,5798,646024,105376041,3229,387895,4496,115701;Control1,Control3,Control4,Control5,Control6,Control7,Control8,Control9,Control10,Control11,Control13,Control15,Control16,Control17
284958,100652791,56300,105377508,646024,105376041,3229,387895,4496,115701,55655;Control1,Control2,Control3,Control4,Control5,Control6,Control8,Control9,Control10,Control11,Control12,Control13,Control15,Control17
284958,11075,5798,105377508,646024,105376041,3229,387895,55655,109729169;Control1,Control2,Control3,Control4,Control5,Control6,Control7,Control8,Control9,Control10,Control13,Control15,Control16,Control17
284958,105375690,100505994,646024,105376041,3229,115701,55655,107985492;Control1,Control2,Control3,Control5,Control6,Control7,Control8,Control9,Control10,Control11,Control12,Control13,Control15,Control16,Control17
284958,554202,105377508,100505994,646024,105376041,3229,387895,107985492;Control1,Control2,Control3,Control5,Control6,Control8,Control9,Control10,Control11,Control12,Control13,Control15,Control16,Control17
284958,338376,105377508,100505994,646024,105376041,3229,387895,55655,107985492;Control2,Control3,Control5,Control6,Control7,Control8,Control9,Control10,Control11,Control12,Control13,Control15,Control16,Control17
284958,122042,646024,105376041,3229;Control1,Control2,Control3,Control4,Control5,Control6,Control8,Control9,Control10,Control11,Control12,Control13,Control15,Control16,Control17
284958,5100,105377508,646024,105376041,3229,387895;Control1,Control2,Control3,Control4,Control6,Control8,Control9,Control10,Control11,Control12,Control13,Control15,Control16,Control17
284958,387978,105377508,646024,105376041,3229,387895;Control1,Control2,Control3,Control4,Control5,Control6,Control7,Control8,Control10,Control11,Control12,Control13,Control15,Control16,Control17
284958,9956,105377508,100505994,646024,105376041,3229,387895,107985492;Control1,Control2,Control3,Control5,Control6,Control7,Control9,Control10,Control11,Control12,Control13,Control15,Control16,Control17
284958,9496;Control1,Control2,Control3,Control5,Control6,Control7,Control8,Control9,Control10,Control11,Control12,Control13,Control16,Control17
284958,115701,646024,105376041,3229,387895;Control1,Control2,Control3,Control4,Control5,Control6,Control7,Control8,Control9,Control10,Control11,Control12,Control13,Control15,Control16,Control17
284958,55655,105377508,646024,105376041,3229;Control1,Control2,Control3,Control4,Control5,Control6,Control7,Control8,Control9,Control10,Control11,Control12,Control13,Control15,Control16,Control17
284958,4318,5798,105377508,646024,105376041,3229,387895,109729169;Control1,Control2,Control3,Control4,Control5,Control6,Control8,Control9,Control10,Control11,Control13,Control15,Control16,Control17
284958,3053,105377508,646024,105376041,3229,387895;Control1,Control3,Control4,Control6,Control7,Control8,Control9,Control10,Control11,Control12,Control13,Control15,Control16,Control17
150468,27178,4751,285643,54443,157570,9055;Control1,Control2,Control3,Control4,Control5,Control6,Control7,Control8,Control10,Control11,Control12,Control13,Control15,Control16
150468,57405,991,259266,1063,6241,55355,113130,9787,332,24137;Control1,Control3,Control4,Control5,Control6,Control7,Control8,Control9,Control10,Control12,Control13,Control15,Control16,Control17
150468,64151,259266,1063,6241,55355,9787,24137;Control1,Control3,Control4,Control5,Control6,Control7,Control8,Control9,Control10,Control11,Control12,Control13,Control15,Control16,Control17
150468,55247,55143,4751,3161,54443,55872,983,3832,9055;Control1,Control2,Control3,Control4,Control5,Control6,Control7,Control10,Control11,Control12,Control13,Control15,Control16,Control17
150468,9232,991,128239,259266,6241,995,4288,113130,9787,332;Control1,Control3,Control4,Control5,Control6,Control7,Control8,Control9,Control10,Control11,Control12,Control13,Control15,Control16,Control17
150468,3161,4751,891,54443,55872,55165,51203,9055,100507118;Control1,Control2,Control3,Control4,Control5,Control6,Control7,Control8,Control9,Control10,Control11,Control12,Control15,Control16,Control17
150468,101927813,1063,6241,55872,100507118;Control2,Control3,Control5,Control6,Control7,Control8,Control9,Control10,Control11,Control12,Control13,Control15,Control16,Control17
150468,3833,1063,6241,995,9787,100507118,332;Control1,Control2,Control3,Control4,Control5,Control6,Control7,Control8,Control9,Control10,Control11,Control15,Control16,Control17
150468,100507584,51512;Control1,Control2,Control3,Control4,Control5,Control6,Control7,Control8,Control9,Control11,Control12,Control13,Control15,Control16
150468,105375610,995,9787;Control1,Control2,Control3,Control4,Control5,Control6,Control7,Control8,Control9,Control10,Control11,Control12,Control13,Control15,Control16,Control17
150468,157313,332;Control1,Control2,Control3,Control4,Control5,Control6,Control7,Control8,Control9,Control10,Control11,Control12,Control13,Control15,Control16,Control17
150468,157570,54443,55872,55165,51203;Control1,Control2,Control3,Control4,Control5,Control6,Control7,Control8,Control9,Control10,Control11,Control12,Control13,Control15,Control16,Control17
150468,79733,55143,105375610;Control1,Control2,Control3,Control4,Control5,Control6,Control8,Control9,Control10,Control11,Control12,Control15,Control16,Control17
150468,374393,1063,6241,891,55872,55165,9787,51203,100507118;Control1,Control2,Control3,Control4,Control6,Control7,Control8,Control9,Control10,Control12,Control13,Control15,Control16,Control17
150468,221150,259266,1063,6241,55355,64151,55165,9787,100507118,332,220134,24137;Control1,Control3,Control4,Control5,Control6,Control7,Control8,Control9,Control10,Control11,Control12,Control15,Control16,Control17
150468,9824,4751,54443,55165,51203,9055;Control1,Control2,Control3,Control4,Control5,Control6,Control7,Control8,Control9,Control10,Control11,Control12,Control15,Control16,Control17
150468,9768,64151,891,55165;Control1,Control3,Control4,Control5,Control6,Control7,Control9,Control10,Control11,Control12,Control13,Control15,Control16,Control17
150468,9493,3161,54443,55872,9833,55165,51203,9055,79801;Control1,Control2,Control4,Control5,Control6,Control7,Control8,Control9,Control10,Control11,Control12,Control15,Control16,Control17
150468,9055,55143,54443,157570,55872,51203;Control1,Control2,Control3,Control4,Control5,Control6,Control7,Control8,Control10,Control11,Control12,Control13,Control15,Control16,Control17
150468,79801,1063,6241,3161,55872,9833,55165,9787,51203,100507118;Control1,Control2,Control3,Control4,Control5,Control6,Control7,Control8,Control9,Control10,Control11,Control12,Control15,Control16,Control17
150468,83903,54443;Control1,Control2,Control3,Control4,Control5,Control6,Control7,Control8,Control9,Control10,Control11,Control12,Control13,Control15,Control16,Control17
150468,10615,991,128239,259266,6241,55355,995,4288,9787,332;Control3,Control4,Control5,Control6,Control7,Control8,Control9,Control10,Control11,Control12,Control13,Control15,Control16,Control17
150468,146909,1063,6241,995,9787,100507118,332;Control1,Control2,Control3,Control4,Control5,Control6,Control7,Control8,Control9,Control10,Control13,Control15,Control16,Control17
150468,9496,83903;Control1,Control2,Control3,Control4,Control5,Control6,Control7,Control8,Control9,Control10,Control11,Control12,Control15,Control16
150468,220134,991,128239,259266,1063,6241,55355,995,4288,113130,9787,332;Control1,Control3,Control4,Control5,Control6,Control7,Control8,Control9,Control10,Control11,Control12,Control15,Control16,Control17
150468,29128,1063,6241,55355,64151,55165,221150,9787,100507118,332,220134,24137;Control1,Control3,Control4,Control5,Control6,Control7,Control8,Control9,Control10,Control11,Control12,Control15,Control16,Control17
150468,147841,332;Control1,Control3,Control4,Control5,Control6,Control7,Control8,Control9,Control10,Control11,Control12,Control13,Control15,Control16,Control17
150468,55723,1063,6241,891,54443,55165,9787,51203;Control1,Control2,Control3,Control4,Control6,Control7,Control8,Control9,Control10,Control11,Control12,Control13,Control15,Control16
150468,101929707,1058,105375610,157570;Control1,Control2,Control3,Control4,Control5,Control6,Control7,Control8,Control9,Control11,Control12,Control13,Control15,Control16
150468,22974,1063,6241,995,9787,100507118;Control1,Control2,Control3,Control5,Control6,Control7,Control8,Control9,Control10,Control11,Control12,Control13,Control15,Control16,Control17
150468,11065,991,128239,259266,6241,55355,995,4288,9787,332;Control1,Control3,Control4,Control6,Control7,Control8,Control9,Control10,Control11,Control12,Control13,Control15,Control16,Control17
150468,51512;Control1,Control2,Control3,Control4,Control5,Control6,Control7,Control8,Control9,Control10,Control11,Control12,Control13,Control15,Control16,Control17
150468,24137,1063,6241,995,55165,9787,100507118,332;Control1,Control2,Control3,Control4,Control5,Control6,Control7,Control9,Control10,Control11,Control12,Control13,Control15,Control16,Control17
150468,186,54443,157570;Control1,Control2,Control3,Control4,Control5,Control6,Control8,Control9,Control10,Control12,Control13,Control15,Control16,Control17
27178,646951,285643,101929707;Control1,Control2,Control3,Control4,Control6,Control7,Control8,Control9,Control10,Control11,Control12,Control13,Control15,Control16,Control17
27178,134285,2328,285643,79733,81624,105371927,101929707;Control1,Control2,Control3,Control5,Control6,Control7,Control8,Control9,Control11,Control12,Control13,Control15,Control16,Control17
27178,285643,157570;Control1,Control2,Control3,Control4,Control5,Control6,Control7,Control8,Control9,Control10,Control11,Control12,Control13,Control15,Control16,Control17
27178,105375027,285643,100507584,157570;Control1,Control2,Control3,Control4,Control5,Control6,Control7,Control8,Control9,Control10,Control12,Control15,Control16,Control17
27178,100507584,285643,101929707;Control1,Control2,Control3,Control4,Control5,Control6,Control7,Control8,Control9,Control10,Control11,Control12,Control15,Control16,Control17
27178,9096,55143,285643;Control1,Control2,Control3,Control4,Control6,Control7,Control8,Control9,Control10,Control11,Control12,Control13,Control15,Control16
27178,364,646951,285643,101929707;Control1,Control2,Control3,Control4,Control7,Control8,Control9,Control10,Control11,Control12,Control13,Control15,Control16,Control17
27178,79733,285643;Control1,Control2,Control3,Control4,Control5,Control6,Control7,Control8,Control9,Control10,Control11,Control12,Control13,Control15,Control16,Control17
27178,81624,285643,79733,101929707;Control1,Control2,Control3,Control4,Control5,Control6,Control7,Control8,Control9,Control11,Control12,Control13,Control15,Control16,Control17
27178,116173,646951,285643;Control1,Control2,Control3,Control4,Control6,Control7,Control9,Control10,Control11,Control12,Control13,Control15,Control16,Control17
27178,9824,55143,4751,55247,285643,54443,3832,9055,83903;Control1,Control2,Control3,Control4,Control5,Control6,Control7,Control10,Control11,Control12,Control13,Control15,Control16,Control17
27178,9493,4751,285643,54443,157570,9824,9055;Control1,Control2,Control4,Control5,Control6,Control7,Control8,Control10,Control11,Control12,Control13,Control15,Control16,Control17
27178,83903,285643,54443,9055;Control1,Control2,Control3,Control4,Control5,Control6,Control7,Control8,Control10,Control11,Control12,Control13,Control15,Control16,Control17
27178,9955,285643;Control1,Control2,Control3,Control4,Control5,Control6,Control7,Control8,Control9,Control10,Control11,Control12,Control13,Control15,Control16,Control17
27178,7153,55143,4751,285643,54443,157570,3832,79733,9055;Control1,Control2,Control3,Control4,Control5,Control6,Control7,Control10,Control11,Control12,Control13,Control15,Control16,Control17
27178,9496,285643,101929707;Control1,Control2,Control3,Control4,Control5,Control6,Control7,Control8,Control10,Control11,Control12,Control13,Control15,Control17
27178,101929707,285643;Control1,Control2,Control3,Control4,Control5,Control6,Control7,Control8,Control9,Control10,Control11,Control12,Control13,Control15,Control16,Control17
27178,51512,285643;Control1,Control2,Control3,Control4,Control5,Control6,Control7,Control8,Control9,Control10,Control11,Control12,Control13,Control15,Control16,Control17
27178,5354,285643;Control1,Control2,Control3,Control4,Control5,Control6,Control7,Control8,Control9,Control10,Control11,Control12,Control13,Control15,Control17
27178,186,285643,157570;Control1,Control2,Control3,Control4,Control5,Control6,Control8,Control9,Control10,Control11,Control12,Control13,Control15,Control16,Control17
56300,6332,1301,574414,574029,100652791,4496;Control1,Control2,Control3,Control4,Control5,Control6,Control8,Control9,Control10,Control11,Control12,Control13,Control16,Control17
56300,79674,3229,4496;Control1,Control2,Control3,Control4,Control6,Control7,Control8,Control9,Control11,Control12,Control13,Control15,Control16,Control17
56300,647309,731220,646024,11075,105376041,3229,387895,4496,55655;Control1,Control2,Control4,Control5,Control6,Control7,Control8,Control9,Control10,Control11,Control12,Control13,Control15,Control17
56300,101928658,374946,4496;Control1,Control2,Control3,Control4,Control5,Control6,Control7,Control8,Control9,Control10,Control13,Control15,Control16,Control17
56300,2250,646024,105376041,3229,387895,4496;Control1,Control2,Control3,Control4,Control5,Control6,Control7,Control8,Control9,Control10,Control11,Control12,Control13,Control15,Control17
56300,1404,1301,574414,574029,2834,4496;Control1,Control2,Control3,Control4,Control5,Control7,Control8,Control9,Control10,Control11,Control12,Control13,Control16,Control17
56300,389336,731220,646024,1749,11075,105376041,3229,4496,55655;Control1,Control2,Control3,Control4,Control5,Control6,Control7,Control8,Control9,Control11,Control12,Control13,Control15,Control17
56300,64094,1301,107986951,2834;Control1,Control2,Control3,Control4,Control5,Control6,Control7,Control8,Control9,Control10,Control13,Control15,Control16,Control17
56300,1749,105372950,646024,105376041,3229,387895,4496,55655;Control1,Control2,Control3,Control4,Control5,Control6,Control7,Control8,Control9,Control11,Control12,Control13,Control15,Control17
56300,107986951,1301;Control1,Control2,Control3,Control4,Control5,Control6,Control7,Control8,Control9,Control10,Control11,Control13,Control15,Control16,Control17
56300,11075,731220,646024,105376041,3229,4496,55655;Control1,Control2,Control3,Control4,Control5,Control6,Control7,Control8,Control9,Control10,Control11,Control12,Control13,Control15,Control17
56300,105375622,1301,4496;Control1,Control2,Control3,Control4,Control5,Control6,Control7,Control8,Control9,Control10,Control11,Control12,Control13,Control16,Control17
56300,105375690,731220,100505994,646024,105376041,3229,387895,4496,55655,107985492;Control1,Control2,Control3,Control5,Control6,Control7,Control8,Control9,Control10,Control11,Control12,Control13,Control15,Control17
56300,554202,100505994,646024,105376041,4496;Control1,Control2,Control3,Control4,Control5,Control6,Control7,Control8,Control9,Control10,Control11,Control12,Control13,Control15,Control17
56300,338376,731220,100505994,80329,646024,105376041,4496;Control2,Control3,Control4,Control5,Control6,Control7,Control8,Control9,Control10,Control11,Control12,Control13,Control15,Control17
56300,100048912,10024,4496;Control1,Control2,Control3,Control4,Control5,Control6,Control7,Control8,Control9,Control10,Control12,Control13,Control15,Control16
56300,347252,4496;Control1,Control2,Control3,Control4,Control5,Control6,Control7,Control8,Control9,Control10,Control12,Control13,Control15,Control16,Control17
56300,253650,374946,4496,57167;Control1,Control2,Control3,Control5,Control6,Control7,Control8,Control9,Control10,Control11,Control13,Control15,Control16,Control17
56300,6865,1301,574414,101927750,3229,4496;Control1,Control2,Control3,Control4,Control5,Control6,Control7,Control9,Control10,Control11,Control12,Control13,Control16,Control17
56300,101101772,4496;Control1,Control2,Control3,Control6,Control7,Control8,Control9,Control10,Control11,Control12,Control13,Control15,Control16,Control17
56300,112937,1301;Control1,Control2,Control3,Control4,Control5,Control6,Control7,Control8,Control9,Control10,Control11,Control12,Control13,Control15,Control16
56300,3229,105372950,646024,105376041,387895,4496,3053;Control1,Control2,Control3,Control4,Control5,Control6,Control7,Control8,Control9,Control10,Control11,Control12,Control13,Control15,Control17
56300,122042,284958,646024,100652791,105376041,3229,4496,55655;Control1,Control2,Control3,Control4,Control5,Control6,Control8,Control9,Control10,Control11,Control12,Control13,Control15,Control17
56300,103689845,731220,100505994,646024,105376041,3229,4496;Control1,Control2,Control3,Control4,Control5,Control6,Control7,Control8,Control9,Control10,Control11,Control12,Control15,Control17
56300,5101,2250,860,646024,100652791,105376041,387895,4496;Control1,Control2,Control3,Control4,Control5,Control6,Control8,Control9,Control10,Control11,Control12,Control13,Control15,Control17
56300,387978,105372950,84561,80329,646024,105376041,4496;Control1,Control2,Control3,Control4,Control5,Control6,Control7,Control8,Control10,Control11,Control12,Control13,Control15,Control17
56300,654499,1301,574414,574029,2834,4496;Control1,Control2,Control3,Control5,Control6,Control7,Control8,Control9,Control10,Control11,Control12,Control13,Control16,Control17
56300,100126311;Control1,Control2,Control3,Control4,Control5,Control6,Control7,Control8,Control9,Control11,Control12,Control13,Control15,Control16,Control17
56300,9956,731220,100505994,80329,646024,105376041,4496;Control1,Control2,Control3,Control4,Control5,Control6,Control7,Control9,Control10,Control11,Control12,Control13,Control15,Control17
56300,4496;Control1,Control2,Control3,Control4,Control5,Control6,Control7,Control8,Control9,Control10,Control11,Control12,Control13,Control15,Control16,Control17
56300,9955,84561,646024,105376041,4496,3053;Control1,Control3,Control4,Control5,Control6,Control7,Control8,Control9,Control10,Control11,Control12,Control13,Control15,Control17
56300,6362,387895,4496;Control1,Control2,Control4,Control5,Control6,Control7,Control8,Control9,Control10,Control11,Control12,Control13,Control15,Control16,Control17
56300,27091;Control1,Control2,Control3,Control4,Control5,Control6,Control7,Control8,Control9,Control10,Control12,Control13,Control15,Control16,Control17
56300,400618,1301,574414,574029,112937,4496;Control1,Control2,Control3,Control4,Control5,Control6,Control7,Control8,Control9,Control10,Control11,Control12,Control13,Control16
56300,6860,4496;Control2,Control3,Control4,Control6,Control7,Control8,Control9,Control10,Control11,Control12,Control13,Control15,Control16,Control17
56300,9388,100652791,4496;Control1,Control2,Control3,Control5,Control6,Control8,Control9,Control10,Control11,Control12,Control13,Control15,Control16,Control17
56300,110806280,1301,574414,574029,112937,4496;Control1,Control2,Control3,Control4,Control5,Control6,Control7,Control8,Control9,Control10,Control11,Control12,Control13,Control16
56300,3053,105372950,84561,646024,105376041,4496;Control1,Control2,Control3,Control4,Control5,Control6,Control7,Control8,Control9,Control10,Control11,Control12,Control13,Control15,Control17
56300,109729169,646024,11075,105376041,3229,387895,4496,55655;Control1,Control2,Control3,Control4,Control5,Control6,Control7,Control8,Control9,Control10,Control11,Control12,Control13,Control15,Control17
2019,101927687;Control1,Control2,Control3,Control4,Control5,Control6,Control7,Control8,Control9,Control10,Control11,Control12,Control13,Control15,Control16,Control17
2019,102724714,58,134285,285987,4004,3502,25818,5653,5650,28809,729442;Control1,Control2,Control3,Control4,Control5,Control6,Control7,Control8,Control10,Control11,Control12,Control13,Control15,Control16
2019,105377123,115019,134285,389336,285987,4004,5653,5650,28809,729442;Control1,Control2,Control3,Control5,Control7,Control8,Control9,Control10,Control11,Control12,Control13,Control15,Control16,Control17
2019,941,1295;Control1,Control2,Control3,Control4,Control5,Control6,Control8,Control9,Control10,Control11,Control12,Control13,Control15,Control17
2019,102467080,58,1295,134285,389336,145873,5650;Control1,Control2,Control3,Control5,Control6,Control7,Control8,Control9,Control10,Control11,Control13,Control15,Control16,Control17
2019,100505994,51361,100996301,81849,23286,340273,105375690,100289137,253650,158228,143662,6495,100506411,654499,101927355,107985492,54101,2277;Control1,Control2,Control3,Control4,Control5,Control6,Control7,Control8,Control9,Control11,Control12,Control13,Control16,Control17
2019,5307,134285,285987,4004,3502,145873,25818,5653,5650,28809,105373150,729442;Control1,Control2,Control4,Control5,Control6,Control7,Control8,Control9,Control10,Control11,Control12,Control13,Control15,Control16,Control17
2019,6690,389336,285987,4004,3227,5653,5650,729442;Control1,Control2,Control3,Control4,Control5,Control6,Control7,Control8,Control9,Control10,Control12,Control15,Control16,Control17
2019,100130275,101927687;Control1,Control2,Control3,Control4,Control5,Control6,Control7,Control8,Control9,Control10,Control11,Control13,Control15,Control16,Control17
2019,107986606,51361,100996301,81849,23286,340273,253650,158228,143662,6495,100506411,654499,101927355,107985492,54101;Control1,Control2,Control3,Control4,Control5,Control6,Control7,Control8,Control11,Control12,Control13,Control15,Control16,Control17
2019,101927686,51361,100996301,81849,23286,340273,100289137,253650,158228,143662,6495,100506411,654499,101927355,107985492,54101;Control1,Control2,Control3,Control4,Control6,Control7,Control8,Control9,Control11,Control12,Control13,Control15,Control16,Control17
2019,100506895,101927750,134285,389336,285987,4004,25818,5653,5650,28809,105373150,729442,8471;Control1,Control2,Control4,Control5,Control6,Control7,Control8,Control9,Control10,Control11,Control12,Control13,Control15,Control17
2019,245972,51361,100996301,81849,23286,340273,100289137,253650,158228,112268037,143662,6495,100506411,654499,101927355,107985492,54101,2277;Control1,Control2,Control3,Control4,Control5,Control6,Control8,Control9,Control11,Control12,Control13,Control15,Control16,Control17
2019,79056,51361,100996301,23286,340273,100289137,158228,143662,6495,100506411,654499,101927355,107985492,54101;Control1,Control2,Control3,Control4,Control5,Control6,Control7,Control8,Control9,Control12,Control13,Control15,Control16,Control17
2019,8538,101927750,1295,134285,285987,4004,729442;Control1,Control2,Control3,Control4,Control5,Control7,Control8,Control9,Control10,Control11,Control12,Control13,Control15,Control17
2019,6768,58,134285,285987,4004,3502,5653,5650,28809,729442;Control1,Control2,Control3,Control4,Control5,Control7,Control8,Control9,Control10,Control11,Control12,Control15,Control16,Control17
2019,3856,115019,28946,389336,285987,4004,113218482,3502,354,25818,5653,5650,28809,729442;Control1,Control2,Control3,Control4,Control7,Control8,Control9,Control10,Control11,Control12,Control13,Control15,Control16,Control17
2019,113218482,115019,28946,134285,389336,285987,4004,3502,354,25818,5653,5650,28809,729442;Control1,Control2,Control3,Control4,Control7,Control8,Control9,Control10,Control11,Control12,Control13,Control15,Control16,Control17
2019,3227,389336,5653,5650;Control1,Control2,Control3,Control5,Control6,Control7,Control8,Control9,Control10,Control11,Control12,Control13,Control15,Control16,Control17
2019,5265,58,134285,285987,4004,5653,5650,28809,729442;Control1,Control2,Control3,Control5,Control6,Control7,Control8,Control9,Control10,Control11,Control13,Control15,Control16,Control17
2019,339256,101927687,134285,285987,4004,729442;Control2,Control3,Control4,Control5,Control6,Control7,Control8,Control9,Control10,Control11,Control12,Control13,Control15,Control16,Control17
2019,10481,101927687,100130275;Control1,Control2,Control4,Control5,Control6,Control7,Control8,Control9,Control10,Control11,Control13,Control15,Control16,Control17
2019,647946,134285,389336,285987,4004,3502,25818,5653,5650,28809,729442;Control2,Control3,Control4,Control5,Control6,Control7,Control9,Control10,Control11,Control12,Control13,Control15,Control16,Control17
2019,9388,51361,100996301,81849,23286,340273,253650,158228,112268037,143662,6495,100506411,654499,101927355,107985492,54101,2277;Control1,Control2,Control3,Control4,Control5,Control6,Control8,Control9,Control11,Control12,Control13,Control15,Control16,Control17
2019,354,58,134285,389336,285987,4004,3502,145873,5653,5650,28809,729442;Control1,Control2,Control3,Control5,Control6,Control7,Control8,Control9,Control10,Control11,Control12,Control13,Control15,Control16,Control17
2019,55655,389336,285987,1749,4004,3227,5653,5650,28809,729442;Control2,Control3,Control4,Control5,Control6,Control7,Control8,Control9,Control10,Control11,Control12,Control13,Control16,Control17
2019,64699,134285,5307,285987,4004,3502,145873,25818,5653,5650,28809,105373150,729442;Control1,Control2,Control4,Control5,Control6,Control7,Control8,Control10,Control11,Control12,Control13,Control15,Control16,Control17
55240,56203,148645,3670,345643,5307,105375894,1690,100506071,6362,106481742,9758,105373150,8471;Control1,Control2,Control3,Control4,Control5,Control7,Control8,Control9,Control11,Control12,Control13,Control15,Control16,Control17
55240,10309,5307,1690,100506071,161291,8471;Control1,Control2,Control3,Control5,Control7,Control8,Control9,Control10,Control11,Control12,Control13,Control15,Control16,Control17
55240,5307,1690,100506071,8471;Control1,Control2,Control3,Control4,Control5,Control7,Control8,Control9,Control10,Control11,Control12,Control13,Control15,Control16,Control17
55240,1750,3856;Control1,Control2,Control4,Control5,Control6,Control7,Control8,Control9,Control10,Control11,Control12,Control13,Control15,Control16
55240,100192378,5307,1690,100506071,8471;Control1,Control2,Control3,Control4,Control5,Control7,Control8,Control9,Control10,Control12,Control13,Control15,Control16,Control17
55240,374393;Control2,Control3,Control4,Control5,Control6,Control7,Control9,Control10,Control11,Control12,Control13,Control15,Control16,Control17
55240,9768;Control2,Control3,Control5,Control6,Control7,Control8,Control9,Control10,Control11,Control12,Control13,Control15,Control16,Control17
55240,64843,5307,105375894,1690,100506071,9758,8471;Control1,Control2,Control3,Control4,Control5,Control7,Control8,Control10,Control11,Control12,Control13,Control15,Control16,Control17
112714,646951,116173;Control1,Control3,Control4,Control5,Control6,Control7,Control8,Control9,Control10,Control11,Control12,Control15,Control16,Control17
112714,53836,102724784,1813,105371737;Control1,Control2,Control3,Control4,Control6,Control7,Control8,Control9,Control10,Control11,Control12,Control15,Control16,Control17
112714,100379220,102724784,107985627;Control1,Control2,Control3,Control4,Control6,Control7,Control8,Control9,Control10,Control11,Control13,Control15,Control16,Control17
112714,3512,166979,4544;Control1,Control2,Control3,Control4,Control5,Control6,Control7,Control8,Control9,Control10,Control12,Control15,Control16,Control17
112714,100507584,107985627;Control1,Control3,Control4,Control6,Control7,Control8,Control9,Control10,Control11,Control12,Control13,Control15,Control16,Control17
112714,107986990,102724784,107985627;Control1,Control2,Control3,Control4,Control6,Control7,Control9,Control10,Control11,Control12,Control13,Control15,Control16,Control17
112714,102724784,107985627;Control1,Control2,Control3,Control4,Control6,Control7,Control8,Control9,Control10,Control11,Control12,Control13,Control15,Control16,Control17
112714,219527,5865,6716,1047,166979,4544,116173,6345;Control1,Control2,Control3,Control4,Control5,Control6,Control7,Control8,Control9,Control10,Control12,Control15,Control16,Control17
112714,84649;Control1,Control2,Control3,Control4,Control5,Control6,Control7,Control8,Control9,Control10,Control11,Control13,Control15,Control16,Control17
112714,338667,102724784,1813,105371737;Control1,Control2,Control3,Control4,Control6,Control7,Control8,Control9,Control10,Control11,Control12,Control15,Control16,Control17
112714,112802,102724784;Control1,Control2,Control3,Control4,Control6,Control7,Control8,Control9,Control10,Control11,Control12,Control13,Control15,Control16
112714,338797,6273,105375027,101927760,102724784,338667,107985627;Control1,Control2,Control3,Control4,Control6,Control7,Control8,Control9,Control10,Control12,Control13,Control15,Control16,Control17
112714,10942,53836,1813,105371737;Control1,Control2,Control3,Control4,Control6,Control7,Control8,Control9,Control10,Control11,Control12,Control15,Control16,Control17
112714,105372863;Control1,Control2,Control3,Control4,Control5,Control6,Control7,Control9,Control10,Control11,Control12,Control13,Control15,Control16,Control17
112714,26150;Control1,Control2,Control3,Control4,Control5,Control6,Control7,Control8,Control9,Control10,Control11,Control12,Control15,Control16,Control17
6332,941,860;Control1,Control2,Control3,Control4,Control5,Control6,Control7,Control8,Control9,Control11,Control12,Control13,Control15,Control16,Control17
6332,105374166,100652791,112268037,9388;Control1,Control2,Control3,Control5,Control7,Control8,Control9,Control10,Control11,Control12,Control13,Control15,Control16,Control17
6332,345079,941,860,7681;Control1,Control2,Control3,Control4,Control5,Control6,Control7,Control8,Control9,Control11,Control12,Control13,Control15,Control17
6332,101929215;Control1,Control2,Control3,Control4,Control5,Control6,Control7,Control8,Control9,Control11,Control12,Control13,Control15,Control16
6332,1404,1301,574414,574029;Control1,Control2,Control3,Control4,Control5,Control8,Control9,Control10,Control11,Control12,Control13,Control15,Control16,Control17
6332,860,100652791;Control1,Control2,Control3,Control4,Control5,Control6,Control7,Control8,Control9,Control10,Control11,Control12,Control13,Control15,Control16,Control17
6332,253582;Control1,Control2,Control3,Control4,Control5,Control6,Control8,Control9,Control10,Control11,Control12,Control13,Control15,Control16
6332,168002;Control1,Control2,Control3,Control4,Control5,Control6,Control7,Control8,Control9,Control10,Control11,Control13,Control16,Control17
6332,64094,574029,107986951,2834;Control1,Control2,Control3,Control5,Control6,Control8,Control9,Control10,Control11,Control12,Control13,Control15,Control16,Control17
6332,63898,941,9355;Control1,Control2,Control3,Control4,Control5,Control6,Control7,Control8,Control9,Control10,Control11,Control13,Control16,Control17
6332,6422;Control1,Control2,Control3,Control4,Control5,Control6,Control7,Control9,Control10,Control12,Control13,Control15,Control16,Control17
6332,105376042,941,9355,7681;Control2,Control3,Control4,Control5,Control6,Control7,Control8,Control9,Control10,Control11,Control12,Control13,Control15,Control17
6332,112268037,860,100652791,9388;Control1,Control2,Control3,Control5,Control6,Control7,Control8,Control9,Control10,Control11,Control12,Control13,Control15,Control16,Control17
6332,9355,860;Control1,Control2,Control3,Control4,Control5,Control6,Control7,Control8,Control9,Control10,Control11,Control12,Control13,Control15,Control16,Control17
6332,2834,1301,574414,574029,9355,654499;Control1,Control2,Control3,Control5,Control6,Control8,Control9,Control10,Control11,Control12,Control13,Control15,Control16,Control17
6332,103695435,9355,7681,107985436;Control1,Control2,Control3,Control4,Control6,Control7,Control8,Control9,Control10,Control11,Control12,Control13,Control15,Control17
6332,4321,9355;Control1,Control2,Control4,Control5,Control6,Control7,Control9,Control10,Control11,Control12,Control13,Control15,Control16,Control17
6332,112937,1301,574414,574029,2834,110806280;Control1,Control2,Control3,Control4,Control5,Control6,Control8,Control9,Control10,Control11,Control12,Control13,Control15,Control16
6332,122042,860,9355;Control1,Control2,Control3,Control4,Control5,Control6,Control7,Control8,Control10,Control11,Control12,Control13,Control16,Control17
6332,5100,860,7681,107985436;Control1,Control2,Control3,Control4,Control6,Control7,Control8,Control9,Control10,Control11,Control12,Control13,Control15,Control17
6332,338005,941,9355;Control1,Control2,Control3,Control4,Control5,Control6,Control7,Control8,Control9,Control10,Control13,Control15,Control16,Control17
6332,7681,941,9355;Control1,Control2,Control3,Control4,Control5,Control6,Control7,Control8,Control9,Control10,Control11,Control12,Control13,Control15,Control17
6332,105370924,9355;Control1,Control3,Control4,Control5,Control6,Control7,Control8,Control9,Control10,Control11,Control12,Control13,Control15,Control16,Control17
6332,101060400,941,9355,7681;Control1,Control2,Control3,Control4,Control5,Control6,Control7,Control8,Control10,Control11,Control12,Control13,Control15,Control17
6332,110806280,941,9355,7681;Control1,Control2,Control3,Control4,Control5,Control6,Control7,Control8,Control9,Control10,Control11,Control12,Control13,Control15
6332,4318,941,860,9355,109729184;Control1,Control2,Control3,Control4,Control5,Control6,Control7,Control8,Control9,Control10,Control11,Control13,Control16,Control17
6332,107985436,941,9355,7681;Control1,Control2,Control3,Control4,Control6,Control7,Control8,Control9,Control10,Control11,Control12,Control13,Control15,Control17
6332,107985627;Control1,Control2,Control3,Control4,Control5,Control6,Control7,Control8,Control9,Control10,Control12,Control15,Control16,Control17
6332,2277,9355;Control1,Control2,Control3,Control5,Control6,Control7,Control8,Control9,Control10,Control11,Control12,Control13,Control15,Control16,Control17
6332,105373150,100652791;Control1,Control2,Control4,Control5,Control6,Control7,Control8,Control9,Control11,Control12,Control13,Control15,Control16,Control17
6332,186,860,100652791;Control1,Control3,Control4,Control5,Control6,Control7,Control8,Control9,Control10,Control12,Control13,Control15,Control16,Control17
57405,56992,64151,221150,29128;Control1,Control2,Control3,Control4,Control5,Control6,Control7,Control8,Control9,Control10,Control12,Control13,Control16,Control17
57405,151760,332;Control1,Control2,Control3,Control4,Control5,Control6,Control7,Control8,Control9,Control10,Control12,Control13,Control15,Control16,Control17
57405,64151,259266,55355,24137;Control1,Control2,Control3,Control4,Control5,Control6,Control7,Control8,Control9,Control10,Control11,Control12,Control13,Control15,Control16,Control17
57405,891,259266,55355,64151,221150,9787,220134,29128,24137;Control1,Control2,Control3,Control4,Control6,Control7,Control8,Control9,Control10,Control12,Control13,Control15,Control16,Control17
57405,995,991,259266,1063,6241,55355,4288,9787,9133,9212,332,24137;Control1,Control3,Control4,Control5,Control6,Control7,Control9,Control10,Control11,Control12,Control13,Control15,Control16,Control17
57405,9232,991,259266,113130,9133,332;Control1,Control2,Control3,Control4,Control5,Control6,Control7,Control8,Control9,Control10,Control11,Control12,Control13,Control15,Control16,Control17
57405,157313,64151,332;Control1,Control3,Control4,Control5,Control6,Control7,Control8,Control10,Control11,Control12,Control13,Control15,Control16,Control17
57405,55872,259266,1063,6241,55355,64151,55165,9787,100507118,79801,24137;Control1,Control3,Control4,Control5,Control6,Control7,Control8,Control9,Control10,Control11,Control12,Control13,Control16,Control17
57405,9833,1063,6241,64151,55872,9787,79801,220134,29128;Control1,Control3,Control4,Control5,Control6,Control7,Control8,Control9,Control10,Control11,Control12,Control15,Control16,Control17
57405,983,64151,57082,9768,7153,24137;Control1,Control3,Control4,Control5,Control6,Control7,Control8,Control9,Control10,Control11,Control12,Control13,Control15,Control16,Control17
57405,3832,983,55165,57082,7153,24137;Control1,Control3,Control4,Control5,Control6,Control7,Control8,Control9,Control10,Control12,Control13,Control15,Control16,Control17
57405,55165,83540,6241,332;Control1,Control3,Control4,Control5,Control6,Control7,Control8,Control9,Control10,Control11,Control12,Control15,Control16,Control17
57405,4288,991,259266,1063,55355,113130,9787,9133,9212,332,24137;Control1,Control2,Control3,Control4,Control5,Control6,Control7,Control9,Control10,Control11,Control12,Control13,Control15,Control16,Control17
57405,2305,10615,8318;Control1,Control2,Control3,Control4,Control5,Control6,Control7,Control8,Control10,Control11,Control12,Control13,Control15,Control16,Control17
57405,107984129;Control1,Control2,Control3,Control4,Control5,Control6,Control7,Control8,Control9,Control10,Control11,Control13,Control15,Control16,Control17
57405,10024,991,259266,9232,113130,9133;Control1,Control2,Control3,Control4,Control5,Control6,Control7,Control8,Control10,Control11,Control12,Control13,Control15,Control16,Control17
57405,221150,991,259266,1063,6241,55355,113130,9133,100507118,332,220134,24137;Control1,Control2,Control3,Control4,Control5,Control6,Control7,Control8,Control9,Control10,Control11,Control12,Control16,Control17
57405,57082,55355,64151,24137;Control1,Control2,Control3,Control4,Control5,Control6,Control7,Control8,Control9,Control10,Control11,Control12,Control13,Control15,Control16,Control17
57405,51203,259266,6241,55355,64151,9787,100507118,79801;Control1,Control3,Control5,Control6,Control7,Control8,Control9,Control10,Control11,Control12,Control13,Control15,Control16,Control17
57405,9768,64151,57082,24137;Control1,Control2,Control3,Control4,Control5,Control6,Control7,Control8,Control9,Control10,Control11,Control12,Control13,Control15,Control16,Control17
57405,9212,991,259266,9232,4288,113130;Control1,Control2,Control3,Control4,Control5,Control6,Control7,Control8,Control9,Control10,Control11,Control12,Control13,Control15,Control16
57405,10615,991,259266,55355;Control1,Control2,Control3,Control4,Control5,Control6,Control7,Control8,Control9,Control10,Control11,Control12,Control13,Control15,Control16,Control17
57405,146909,991,259266,1063,9232,4288,113130,9787,9133,9212,332,24137;Control1,Control2,Control3,Control4,Control5,Control6,Control7,Control9,Control10,Control11,Control12,Control13,Control15,Control16,Control17
57405,55771,4605,8318;Control1,Control2,Control3,Control4,Control5,Control6,Control7,Control8,Control10,Control11,Control12,Control13,Control15,Control16,Control17
57405,220134,991,259266,6241,55355,4288,113130,332;Control1,Control2,Control3,Control4,Control5,Control6,Control7,Control8,Control9,Control10,Control11,Control12,Control15,Control16,Control17
57405,29128,259266,6241,55355,64151,100507118,79801,220134;Control1,Control2,Control3,Control4,Control5,Control6,Control7,Control8,Control9,Control10,Control11,Control12,Control15,Control16,Control17
57405,55723,991,259266,1063,6241,55355,9787,100507118,11065;Control1,Control3,Control4,Control6,Control7,Control8,Control9,Control10,Control11,Control12,Control13,Control15,Control16,Control17
57405,22974,259266,9232,113130,332;Control1,Control2,Control3,Control5,Control6,Control7,Control8,Control9,Control10,Control11,Control12,Control13,Control15,Control16,Control17
57405,11065,991,259266,113130,10615;Control1,Control2,Control3,Control4,Control6,Control7,Control8,Control9,Control10,Control11,Control12,Control13,Control15,Control16,Control17
57405,8318,991,113130,332;Control1,Control2,Control3,Control4,Control5,Control6,Control7,Control8,Control10,Control11,Control12,Control13,Control15,Control16,Control17
57405,54821,151760;Control1,Control2,Control3,Control4,Control5,Control6,Control7,Control8,Control9,Control10,Control12,Control13,Control15,Control16
1745,102724714,27063;Control1,Control2,Control3,Control4,Control5,Control6,Control7,Control9,Control10,Control11,Control12,Control13,Control15,Control16
1745,55789,107984851;Control1,Control2,Control3,Control4,Control5,Control6,Control7,Control8,Control9,Control11,Control13,Control15,Control16,Control17
1745,134285,285987,4004,5265,5653,5650,28809,729442;Control1,Control2,Control3,Control4,Control5,Control6,Control7,Control9,Control10,Control11,Control13,Control15,Control16,Control17
1745,171019,8424,105369685,647946;Control1,Control2,Control3,Control4,Control5,Control6,Control7,Control8,Control9,Control11,Control13,Control15,Control16,Control17
1745,100130275,5265;Control1,Control2,Control3,Control4,Control5,Control6,Control7,Control10,Control11,Control12,Control13,Control15,Control16,Control17
1745,101927354,647946;Control1,Control2,Control3,Control4,Control5,Control6,Control7,Control8,Control9,Control11,Control13,Control15,Control16,Control17
1745,2845,105369685,647946;Control1,Control2,Control3,Control4,Control5,Control6,Control7,Control8,Control11,Control12,Control13,Control15,Control16,Control17
1745,8424,105369685,647946;Control1,Control2,Control3,Control4,Control5,Control6,Control7,Control8,Control9,Control12,Control13,Control15,Control16,Control17
1745,4973,285987,4004,339256,729442;Control2,Control3,Control4,Control5,Control6,Control7,Control9,Control10,Control11,Control12,Control13,Control15,Control16,Control17
1745,105369685,647946;Control1,Control2,Control3,Control4,Control5,Control6,Control7,Control8,Control9,Control11,Control12,Control13,Control15,Control16,Control17
1745,5265;Control1,Control2,Control3,Control4,Control5,Control6,Control7,Control9,Control10,Control11,Control12,Control13,Control15,Control16,Control17
1745,105370960;Control1,Control2,Control3,Control4,Control6,Control8,Control9,Control10,Control11,Control12,Control13,Control15,Control16,Control17
1745,647946;Control1,Control2,Control3,Control4,Control5,Control6,Control7,Control8,Control9,Control10,Control11,Control12,Control13,Control15,Control16,Control17
1745,1630,171019,105369685,647946;Control1,Control2,Control3,Control4,Control5,Control6,Control7,Control8,Control9,Control11,Control13,Control15,Control16,Control17
1745,101929707;Control1,Control3,Control4,Control5,Control6,Control7,Control9,Control10,Control11,Control12,Control13,Control15,Control16,Control17
3239,105374166,3135;Control1,Control2,Control4,Control5,Control6,Control7,Control8,Control9,Control10,Control11,Control12,Control13,Control15,Control16,Control17
3239,2297,6362;Control1,Control2,Control3,Control4,Control5,Control6,Control7,Control8,Control9,Control10,Control11,Control13,Control15,Control16,Control17
3239,80329,105374166;Control1,Control2,Control4,Control5,Control6,Control7,Control8,Control9,Control10,Control11,Control12,Control13,Control16,Control17
3239,100289137,105374166,143662,100506411;Control1,Control2,Control4,Control5,Control6,Control7,Control8,Control9,Control10,Control12,Control13,Control15,Control16,Control17
3239,253650,105374166,143662,100506411;Control1,Control2,Control4,Control5,Control6,Control7,Control8,Control9,Control10,Control11,Control12,Control13,Control16,Control17
3239,112268037,105374166,143662,100506411;Control1,Control2,Control4,Control5,Control6,Control8,Control9,Control10,Control11,Control12,Control13,Control15,Control16,Control17
3239,399815;Control2,Control4,Control5,Control6,Control7,Control8,Control9,Control10,Control11,Control12,Control13,Control15,Control16,Control17
3239,143662,105374166,100506411;Control1,Control2,Control4,Control5,Control6,Control7,Control8,Control9,Control10,Control11,Control12,Control13,Control15,Control16,Control17
3239,79056,105374166,3135,143662;Control1,Control4,Control5,Control6,Control7,Control8,Control9,Control10,Control11,Control12,Control13,Control15,Control16,Control17
3239,4321,6362;Control1,Control2,Control3,Control4,Control5,Control6,Control8,Control9,Control10,Control11,Control12,Control13,Control15,Control16,Control17
3239,10481,2297,161291;Control1,Control2,Control3,Control4,Control5,Control6,Control7,Control8,Control9,Control11,Control13,Control15,Control16,Control17
101927687,29851,4547,7546,366;Control1,Control2,Control3,Control4,Control5,Control6,Control7,Control8,Control11,Control12,Control13,Control15,Control16,Control17
101927687,1295,2019,134285,285987,4004,729442;Control2,Control3,Control4,Control5,Control6,Control7,Control8,Control9,Control10,Control11,Control12,Control13,Control15,Control16,Control17
101927687,105374166,51361,81849,23286,340273,245972,100289137,253650,158228,112268037,143662,7546,6495,100506411,654499,366,970,101927355,54101,2277;Control2,Control3,Control4,Control5,Control6,Control7,Control8,Control9,Control11,Control12,Control13,Control15,Control16,Control17
101927687,3627,7546,102606463;Control1,Control2,Control3,Control4,Control5,Control6,Control7,Control8,Control11,Control12,Control13,Control15,Control16,Control17
101927687,57451,51361,340273,158228,7546,6495,654499,101927355,54101;Control2,Control3,Control4,Control5,Control6,Control7,Control8,Control9,Control11,Control12,Control13,Control15,Control16,Control17
101927687,3135,51361,105374166,340273,245972,158228,143662,79056,7546,654499,970,54101;Control2,Control3,Control4,Control5,Control6,Control7,Control8,Control9,Control11,Control12,Control13,Control15,Control16,Control17
101927687,285987,2019,5653,729442;Control1,Control2,Control3,Control5,Control6,Control7,Control8,Control9,Control10,Control11,Control12,Control13,Control15,Control16,Control17
101927687,338376,7546,102606463;Control1,Control2,Control3,Control4,Control5,Control6,Control7,Control8,Control9,Control11,Control12,Control13,Control16,Control17
101927687,253650,51361,100996301,81849,2019,23286,340273,100289137,158228,143662,7546,6495,100506411,654499,101927355,107985492,54101;Control2,Control3,Control4,Control5,Control6,Control7,Control8,Control9,Control11,Control12,Control13,Control15,Control16,Control17
101927687,112268037,51361,100996301,81849,23286,340273,245972,100289137,253650,158228,143662,7546,6495,100506411,654499,366,970,101927355,54101;Control2,Control3,Control4,Control5,Control6,Control7,Control8,Control9,Control11,Control12,Control13,Control15,Control16,Control17
101927687,27063;Control1,Control2,Control3,Control5,Control6,Control7,Control8,Control9,Control10,Control11,Control12,Control13,Control15,Control16
101927687,79056,3352,51361,100996301,23286,340273,245972,100289137,158228,143662,7546,6495,100506411,654499,366,970,101927355,54101;Control2,Control3,Control4,Control5,Control6,Control7,Control8,Control9,Control11,Control12,Control13,Control15,Control16,Control17
101927687,8538,2019;Control1,Control2,Control3,Control4,Control5,Control7,Control8,Control9,Control10,Control11,Control12,Control13,Control15,Control17
101927687,4973,134285,285987,4004,339256,5653,5650,729442;Control2,Control3,Control5,Control6,Control7,Control8,Control9,Control10,Control11,Control12,Control13,Control15,Control16,Control17
101927687,5265,2019,100130275,285987,5653,729442;Control1,Control2,Control3,Control5,Control6,Control7,Control8,Control9,Control10,Control11,Control13,Control15,Control16,Control17
101927687,3502,58,2019,134285,389336,285987,4004,145873,354,5653,5650,28809,729442;Control2,Control3,Control5,Control6,Control7,Control8,Control9,Control10,Control11,Control12,Control13,Control15,Control16,Control17
101927687,100506655,4283,7546,339256,102606463,147741;Control1,Control2,Control3,Control5,Control6,Control7,Control8,Control9,Control11,Control12,Control13,Control15,Control16,Control17
101927687,102606463,7546;Control1,Control2,Control3,Control4,Control5,Control6,Control7,Control8,Control9,Control11,Control12,Control13,Control15,Control16,Control17
101927687,10437,554279;Control1,Control2,Control3,Control5,Control6,Control7,Control8,Control9,Control10,Control11,Control13,Control15,Control16,Control17
101927687,55423,29851,7546,366;Control1,Control2,Control3,Control4,Control5,Control6,Control7,Control8,Control11,Control12,Control13,Control15,Control16,Control17
101927687,101929707,2328,2019,134285,285987,105371927,5653,729442;Control1,Control3,Control5,Control6,Control7,Control8,Control9,Control10,Control11,Control12,Control13,Control15,Control16,Control17
101927687,23532,4283,7546,100506655,102606463;Control1,Control2,Control3,Control5,Control6,Control7,Control8,Control9,Control11,Control12,Control13,Control15,Control16,Control17
29851,3580,3627,4547;Control1,Control2,Control3,Control4,Control6,Control7,Control8,Control9,Control10,Control11,Control12,Control13,Control15,Control16,Control17
29851,57624,4547;Control1,Control2,Control3,Control4,Control5,Control6,Control8,Control9,Control10,Control11,Control12,Control15,Control16,Control17
29851,5133,4547;Control1,Control2,Control3,Control4,Control5,Control6,Control7,Control8,Control9,Control10,Control11,Control12,Control13,Control15,Control16,Control17
29851,56992,6664,4547,2625,387978,105372115,389903;Control1,Control2,Control3,Control5,Control6,Control7,Control8,Control9,Control10,Control11,Control12,Control13,Control15,Control16
29851,50852;Control1,Control2,Control3,Control4,Control6,Control7,Control8,Control10,Control11,Control12,Control13,Control15,Control16,Control17
29851,1062;Control1,Control3,Control4,Control6,Control7,Control8,Control9,Control10,Control11,Control12,Control13,Control15,Control16,Control17
29851,10309,51361,5133,23286,340273,158228,143662,79056,6495,161291,100506411,654499,101927355,54101;Control1,Control2,Control4,Control5,Control6,Control7,Control8,Control10,Control11,Control12,Control13,Control15,Control16,Control17
29851,100505994,51361,5133,105374166,23286,107986606,340273,253650,158228,143662,79056,6495,100506411,654499,970,101927355,107985492,54101;Control1,Control2,Control3,Control4,Control5,Control6,Control7,Control8,Control10,Control11,Control12,Control13,Control16,Control17
29851,57451,5133;Control2,Control4,Control5,Control6,Control7,Control8,Control9,Control10,Control11,Control12,Control13,Control15,Control16,Control17
29851,10537,115362,3580,100506827,3627;Control1,Control2,Control3,Control6,Control7,Control8,Control9,Control10,Control11,Control12,Control13,Control15,Control16,Control17
29851,3135,51361,105374166,101927686,340273,158228,143662,79056,6495,100506411,654499,970,101927355,54101;Control1,Control2,Control3,Control4,Control6,Control7,Control8,Control10,Control11,Control12,Control13,Control15,Control16,Control17
29851,107986606,5133,4547;Control1,Control2,Control3,Control4,Control5,Control6,Control7,Control8,Control9,Control10,Control11,Control12,Control13,Control16,Control17
29851,101927686,3352,51361,5133,4547,23286,340273,158228,143662,6495,100506411,654499,101927355,54101;Control1,Control2,Control3,Control4,Control6,Control7,Control8,Control10,Control11,Control12,Control13,Control15,Control16,Control17
29851,2845,6664,5133,4547,7180,2625,387978,105372115;Control1,Control2,Control3,Control5,Control6,Control7,Control9,Control10,Control11,Control12,Control13,Control15,Control16,Control17
29851,27299,6664,5133,4283,3627,4547,10537,7180,2625,387978,100506655,105372115,23532;Control2,Control3,Control5,Control6,Control7,Control8,Control9,Control10,Control11,Control12,Control13,Control15,Control16,Control17
29851,85479;Control1,Control2,Control3,Control5,Control6,Control7,Control8,Control9,Control10,Control11,Control13,Control15,Control16,Control17
29851,2835,5133,4547,366;Control1,Control2,Control3,Control4,Control5,Control6,Control7,Control8,Control10,Control11,Control12,Control15,Control16,Control17
29851,7546,4547,366;Control1,Control2,Control3,Control4,Control5,Control6,Control7,Control8,Control10,Control11,Control12,Control13,Control15,Control16,Control17
29851,11001,5133;Control1,Control2,Control3,Control4,Control6,Control7,Control8,Control9,Control10,Control11,Control12,Control15,Control16,Control17
29851,366,5133,4547,101927355;Control1,Control2,Control3,Control4,Control5,Control6,Control7,Control8,Control10,Control11,Control12,Control13,Control15,Control16,Control17
29851,64843,6664,5133,4547,7180,2625,387978,6495,105372115;Control1,Control2,Control5,Control6,Control7,Control8,Control9,Control10,Control11,Control12,Control13,Control15,Control16,Control17
29851,105371275,6664,5133,4547,7180,2625,387978,105372115;Control1,Control2,Control3,Control5,Control6,Control7,Control8,Control9,Control10,Control11,Control13,Control15,Control16,Control17
29851,101060400,6664,5133,4547,7180,2625,387978,105372115;Control1,Control2,Control3,Control5,Control6,Control8,Control9,Control10,Control11,Control12,Control13,Control15,Control16,Control17
29851,55423,366;Control1,Control2,Control3,Control4,Control5,Control6,Control7,Control10,Control11,Control12,Control13,Control15,Control16,Control17
29851,2277,51361,5133,105374166,23286,340273,253650,158228,112268037,143662,79056,6495,100506411,654499,970,101927355,54101;Control1,Control2,Control3,Control4,Control5,Control6,Control8,Control10,Control11,Control12,Control13,Control15,Control16,Control17
29851,389903,6664,5133,4547,7180,2625,387978,105372115;Control1,Control2,Control3,Control5,Control6,Control7,Control8,Control9,Control10,Control11,Control12,Control13,Control15,Control16
102724714,3512,58,3502;Control1,Control2,Control3,Control4,Control7,Control8,Control9,Control10,Control11,Control12,Control13,Control15,Control16,Control17
102724714,389336,58,1295,285987,4004,145873,5650,729442;Control1,Control2,Control3,Control4,Control5,Control6,Control7,Control8,Control10,Control11,Control12,Control13,Control16,Control17
102724714,1750;Control1,Control2,Control3,Control4,Control5,Control7,Control8,Control9,Control10,Control11,Control12,Control13,Control15,Control16
102724714,27063;Control1,Control2,Control3,Control4,Control5,Control6,Control7,Control8,Control9,Control10,Control11,Control12,Control13,Control15,Control16,Control17
102724714,6768,285987,3502,28809,729442;Control1,Control2,Control3,Control4,Control5,Control6,Control7,Control8,Control10,Control11,Control12,Control15,Control16,Control17
102724714,4973,58,285987,4004,5653,5650,28809,729442;Control1,Control2,Control3,Control4,Control5,Control6,Control7,Control8,Control10,Control11,Control12,Control13,Control15,Control16
102724714,81624;Control1,Control3,Control4,Control5,Control6,Control7,Control8,Control9,Control10,Control11,Control12,Control13,Control16,Control17
102724714,5265;Control1,Control2,Control3,Control4,Control5,Control6,Control7,Control8,Control10,Control11,Control12,Control13,Control15,Control16,Control17
102724714,3502;Control1,Control2,Control3,Control4,Control5,Control6,Control7,Control8,Control9,Control10,Control11,Control12,Control13,Control15,Control16,Control17
102724714,176;Control1,Control2,Control3,Control4,Control5,Control6,Control7,Control8,Control11,Control12,Control13,Control15,Control16,Control17
102724714,105371152,58,28946,285987,4004,3502,5653,5650,28809,729442;Control1,Control2,Control3,Control4,Control6,Control7,Control8,Control10,Control11,Control12,Control13,Control15,Control16,Control17
102724714,284293,3502;Control1,Control2,Control3,Control4,Control5,Control6,Control7,Control9,Control10,Control11,Control12,Control13,Control15,Control16,Control17
102724714,101929707,285987,4004,3502,28809,729442;Control1,Control3,Control4,Control5,Control6,Control7,Control8,Control9,Control10,Control11,Control12,Control13,Control15,Control16
102724714,28809,58,285987,4004,3502,145873,5650,729442;Control1,Control2,Control3,Control4,Control5,Control6,Control7,Control8,Control10,Control11,Control12,Control13,Control15,Control16,Control17
102724714,105373150,58,1295,285987,4004,145873,25818,5650,729442;Control1,Control2,Control4,Control5,Control6,Control7,Control8,Control10,Control11,Control12,Control13,Control15,Control16,Control17
102724714,389903;Control1,Control2,Control3,Control4,Control5,Control6,Control7,Control8,Control9,Control11,Control13,Control15,Control16,Control17
3580,5133,29851,3627,4547,7180,2625,105372115;Control1,Control2,Control3,Control6,Control7,Control8,Control9,Control10,Control11,Control12,Control13,Control15,Control16,Control17
3580,646951,5865,6716,1047,166979,219527,4544,116173,6345;Control1,Control3,Control4,Control5,Control6,Control7,Control8,Control10,Control11,Control12,Control13,Control15,Control16,Control17
3580,7180,3627,10537;Control1,Control2,Control3,Control4,Control6,Control7,Control8,Control9,Control10,Control11,Control12,Control13,Control15,Control16,Control17
3580,2845,3627,4547,2625,105372115;Control1,Control2,Control3,Control4,Control6,Control7,Control9,Control10,Control11,Control12,Control13,Control15,Control16,Control17
3580,2625,3627,4547,105372115;Control1,Control2,Control3,Control4,Control6,Control7,Control8,Control9,Control10,Control11,Control12,Control13,Control15,Control16,Control17
3580,219527,5865,6716,1047,166979,4544,116173,6345;Control1,Control2,Control3,Control4,Control5,Control6,Control7,Control8,Control10,Control11,Control12,Control13,Control15,Control16,Control17
3580,7546,3627,102606463;Control1,Control2,Control3,Control4,Control6,Control7,Control8,Control10,Control11,Control12,Control13,Control15,Control16,Control17
3580,594855,5865,6716,1047,166979,101927686,4544,6345;Control1,Control2,Control3,Control4,Control5,Control7,Control8,Control9,Control10,Control11,Control12,Control13,Control15,Control16,Control17
3580,10942;Control1,Control2,Control3,Control4,Control5,Control6,Control7,Control8,Control9,Control10,Control12,Control13,Control15,Control16
3580,105371275,7180,2625,105372115;Control1,Control2,Control3,Control4,Control6,Control7,Control8,Control9,Control10,Control11,Control13,Control15,Control16,Control17
3580,102606463,115362,4283,3627,10537,100506655,23532;Control1,Control2,Control3,Control4,Control6,Control7,Control8,Control10,Control11,Control12,Control13,Control15,Control16,Control17
3580,6860,6345;Control1,Control2,Control3,Control4,Control5,Control6,Control7,Control8,Control10,Control11,Control12,Control13,Control16,Control17
3580,147741,115362,4283,10537,100506655,102606463,23532;Control1,Control2,Control3,Control4,Control6,Control7,Control8,Control10,Control11,Control12,Control13,Control15,Control16,Control17
3580,26150,5865,6716,1047,166979,101927686,4544;Control1,Control2,Control3,Control4,Control5,Control6,Control7,Control8,Control9,Control10,Control12,Control13,Control15,Control16
5798,286676,89886,100379220,168002,107984129,1995,344;Control1,Control2,Control3,Control4,Control5,Control7,Control8,Control9,Control10,Control11,Control12,Control13,Control16,Control17
5798,9076,101928658,4318,109729184;Control1,Control2,Control3,Control4,Control5,Control6,Control8,Control9,Control10,Control12,Control13,Control15,Control16,Control17
5798,100379220,168002,107984129,1995,100533990,344;Control1,Control2,Control3,Control4,Control5,Control6,Control7,Control8,Control9,Control10,Control11,Control12,Control13,Control16,Control17
5798,345079,6534,109729169;Control1,Control2,Control3,Control4,Control5,Control6,Control8,Control9,Control11,Control12,Control13,Control15,Control16,Control17
5798,2250,646024,105376041,3229,387895,109729169;Control1,Control2,Control3,Control4,Control5,Control6,Control7,Control8,Control9,Control10,Control11,Control13,Control15,Control16,Control17
5798,4825,647309,11075,109729169;Control1,Control2,Control4,Control5,Control6,Control7,Control8,Control9,Control11,Control12,Control13,Control15,Control16,Control17
5798,389336,731220,646024,168002,1749,11075,105376041,3229,55655;Control1,Control2,Control3,Control4,Control5,Control6,Control7,Control8,Control9,Control11,Control13,Control15,Control16,Control17
5798,6534,109729169;Control1,Control2,Control3,Control4,Control5,Control6,Control7,Control8,Control9,Control10,Control11,Control12,Control13,Control15,Control16,Control17
5798,168002,344,4318,109729184,7477;Control1,Control2,Control3,Control4,Control5,Control6,Control7,Control8,Control9,Control10,Control11,Control12,Control13,Control15,Control16,Control17
5798,340273,168002,4318,109729184,57167,7477;Control2,Control3,Control5,Control6,Control7,Control8,Control9,Control10,Control11,Control12,Control13,Control15,Control16,Control17
5798,11075,101928658;Control1,Control2,Control3,Control4,Control5,Control6,Control7,Control8,Control9,Control10,Control11,Control12,Control13,Control15,Control16,Control17
5798,105375690,731220,100505994,646024,105376041,3229,55655,107985492,109729169;Control1,Control2,Control3,Control5,Control6,Control7,Control8,Control9,Control10,Control11,Control13,Control15,Control16,Control17
5798,554202,100505994,646024,105376041,100533990,344;Control1,Control2,Control3,Control4,Control5,Control6,Control7,Control8,Control9,Control10,Control11,Control13,Control15,Control16,Control17
5798,338376,731220,100505994,646024,105376041;Control2,Control3,Control4,Control5,Control6,Control7,Control8,Control9,Control10,Control11,Control13,Control15,Control16,Control17
5798,253650,374946,100533990,344,57167,7477,109729169;Control1,Control2,Control3,Control5,Control6,Control7,Control8,Control9,Control10,Control11,Control12,Control13,Control15,Control17
5798,55867,101928658,168002,105378305,4318,109729184;Control1,Control2,Control3,Control4,Control5,Control7,Control8,Control9,Control10,Control12,Control13,Control15,Control16,Control17
5798,107984129,89886,168002,105378305,79191,1995;Control1,Control2,Control3,Control4,Control5,Control6,Control7,Control8,Control9,Control10,Control11,Control12,Control13,Control16,Control17
5798,122042,284958,646024,105376041,3229,109729169;Control1,Control2,Control3,Control4,Control5,Control6,Control8,Control9,Control10,Control11,Control13,Control15,Control16,Control17
5798,103689845,731220,100505994,646024,105376041;Control1,Control2,Control3,Control4,Control5,Control6,Control7,Control8,Control9,Control10,Control11,Control15,Control16,Control17
5798,338005,101928658,168002,11075,4318,109729184,7477;Control1,Control2,Control3,Control4,Control5,Control6,Control7,Control8,Control9,Control10,Control12,Control13,Control16,Control17
5798,9956,731220,100505994,646024,105376041,344;Control1,Control2,Control3,Control4,Control5,Control6,Control7,Control9,Control10,Control11,Control13,Control15,Control16,Control17
5798,10265,89886,168002,105378305,79191,1995,109729184;Control1,Control2,Control3,Control4,Control5,Control6,Control7,Control8,Control10,Control11,Control12,Control13,Control16,Control17
5798,9955,11075,109729169;Control1,Control3,Control4,Control5,Control6,Control7,Control8,Control9,Control10,Control11,Control12,Control13,Control15,Control16,Control17
5798,10481,647309,168002,29991,79191,344;Control1,Control2,Control4,Control5,Control6,Control7,Control8,Control9,Control10,Control11,Control12,Control13,Control16,Control17
5798,100533990,344,57167,7477;Control1,Control2,Control3,Control4,Control5,Control6,Control7,Control8,Control9,Control10,Control11,Control12,Control13,Control15,Control16,Control17
5798,4318,101928658,109729184;Control1,Control2,Control3,Control4,Control5,Control6,Control7,Control8,Control9,Control10,Control11,Control12,Control13,Control15,Control16,Control17
5798,349408,89886,168002,105378305,107984129,79191,1995,344;Control1,Control2,Control3,Control4,Control5,Control6,Control7,Control8,Control9,Control10,Control11,Control12,Control13,Control16
57624,3627,4547;Control1,Control2,Control3,Control4,Control5,Control6,Control8,Control9,Control10,Control11,Control12,Control15,Control16,Control17
57624,171019,2835;Control1,Control2,Control3,Control4,Control5,Control6,Control9,Control10,Control11,Control12,Control13,Control15,Control16,Control17
57624,7180;Control1,Control2,Control3,Control5,Control6,Control8,Control9,Control10,Control11,Control12,Control13,Control15,Control16,Control17
57624,3620;Control1,Control2,Control3,Control5,Control6,Control7,Control8,Control9,Control10,Control11,Control12,Control15,Control16,Control17
57624,105375894;Control1,Control2,Control4,Control5,Control6,Control8,Control9,Control10,Control11,Control12,Control13,Control15,Control16,Control17
57624,105376042;Control1,Control2,Control3,Control4,Control5,Control6,Control7,Control8,Control10,Control11,Control12,Control13,Control15,Control16,Control17
57624,9355,79100;Control1,Control2,Control3,Control4,Control5,Control6,Control7,Control8,Control10,Control11,Control12,Control15,Control16,Control17
57624,2835;Control1,Control2,Control3,Control4,Control5,Control6,Control8,Control10,Control11,Control12,Control13,Control15,Control16,Control17
57624,122042;Control1,Control2,Control3,Control5,Control6,Control7,Control8,Control9,Control10,Control11,Control12,Control13,Control16,Control17
57624,7681,105376042,9355,101060400;Control1,Control2,Control3,Control4,Control5,Control6,Control7,Control8,Control10,Control11,Control12,Control15,Control16,Control17
57624,11001;Control1,Control2,Control3,Control4,Control6,Control8,Control9,Control10,Control11,Control12,Control13,Control15,Control16,Control17
57624,101060400;Control1,Control2,Control3,Control5,Control6,Control7,Control8,Control9,Control10,Control11,Control12,Control15,Control16,Control17
55355,56992,64151,3161,55872,55165,221150,100507118,29128,24137;Control2,Control3,Control4,Control5,Control6,Control7,Control8,Control9,Control10,Control11,Control12,Control13,Control15,Control16,Control17
55355,55247,23397,64151,3161,55872,983,55165,51203,29128,24137;Control1,Control2,Control3,Control4,Control5,Control6,Control7,Control8,Control9,Control10,Control11,Control12,Control13,Control15,Control17
55355,3161,1063,6241,64151,55872,983,55165,9787,100507118,29128,24137;Control1,Control2,Control3,Control4,Control5,Control6,Control7,Control8,Control9,Control10,Control11,Control12,Control13,Control15,Control17
55355,54443,6241,64151,55872,983,55165,221150,9787,57082,51203,7153,29128,24137;Control1,Control3,Control4,Control5,Control6,Control7,Control8,Control9,Control10,Control11,Control12,Control13,Control15,Control16
55355,157313,259266,1063,6241,64151,9787,9133,332,24137;Control1,Control2,Control3,Control4,Control5,Control6,Control7,Control8,Control10,Control11,Control12,Control15,Control16,Control17
55355,157570,55165;Control1,Control3,Control4,Control5,Control6,Control7,Control8,Control9,Control10,Control11,Control12,Control13,Control15,Control16,Control17
55355,9833,1063,6241,699,3161,55872,55165,221150,9787,100507118,29128,24137;Control1,Control2,Control3,Control5,Control6,Control7,Control8,Control9,Control10,Control11,Control12,Control13,Control15,Control17
55355,89958,1870,991,57405,113130,10615;Control1,Control2,Control3,Control4,Control5,Control6,Control7,Control8,Control9,Control10,Control13,Control15,Control16,Control17
55355,10024,991,128239,259266,4288,9787,9133,9212;Control1,Control2,Control3,Control4,Control5,Control6,Control7,Control8,Control10,Control12,Control13,Control15,Control16,Control17
55355,9700,991,128239,3833,4288,9787,9133,9212;Control1,Control2,Control3,Control4,Control5,Control6,Control7,Control9,Control10,Control11,Control12,Control13,Control15,Control16,Control17
55355,144455,699,64151,55872,55165,221150,57082,51203,7153,29128;Control1,Control2,Control3,Control5,Control6,Control7,Control8,Control9,Control10,Control11,Control12,Control13,Control15,Control16
55355,51203,6241,64151,55872,55165,9787,100507118,79801,29128;Control1,Control2,Control3,Control4,Control5,Control6,Control7,Control8,Control9,Control10,Control11,Control12,Control13,Control15,Control16,Control17
55355,9055,9928,4751,6241,64151,55247,3161,55872,55165,221150,7153,29128,24137;Control1,Control2,Control3,Control4,Control5,Control6,Control7,Control8,Control9,Control10,Control11,Control12,Control13,Control15
55355,83903,150468,64151;Control1,Control4,Control5,Control6,Control7,Control8,Control9,Control10,Control11,Control12,Control13,Control15,Control16,Control17
55355,201299,6241,3161,55872,221150,9787,100507118,24137;Control1,Control2,Control3,Control4,Control5,Control7,Control8,Control9,Control10,Control11,Control12,Control13,Control15,Control17
55355,7153,1063,6241,64151,55872,983,55165,221150,9787,51203,100507118,29128,24137;Control1,Control2,Control3,Control4,Control5,Control6,Control7,Control8,Control9,Control10,Control11,Control12,Control13,Control15,Control16
55355,110806280,995,112937;Control1,Control3,Control4,Control5,Control6,Control7,Control8,Control10,Control11,Control12,Control13,Control15,Control16,Control17
55355,8318,991,128239,4288,112937,9212,220134;Control1,Control2,Control3,Control4,Control5,Control6,Control7,Control8,Control10,Control11,Control12,Control15,Control16,Control17
55355,158511,3833,112937,221150,5347,9212;Control1,Control2,Control3,Control4,Control5,Control6,Control7,Control10,Control11,Control12,Control13,Control15,Control16,Control17
5133,100506827,115362,29851,2625;Control2,Control3,Control5,Control6,Control7,Control8,Control9,Control10,Control11,Control12,Control13,Control15,Control16,Control17
5133,4283,3604,6664,3627,4547,10537,27299,2625,387978,100506655,105372115,23532;Control2,Control3,Control5,Control6,Control7,Control8,Control9,Control10,Control11,Control12,Control13,Control15,Control16,Control17
5133,3627,29851,4547,7180,2625,105372115;Control1,Control2,Control3,Control5,Control6,Control7,Control8,Control9,Control10,Control11,Control12,Control13,Control15,Control16,Control17
5133,10309,51361,100996301,57451,23286,340273,100289137,253650,158228,143662,79056,6495,100506411,654499,970,101927355,54101;Control1,Control2,Control4,Control5,Control6,Control7,Control8,Control10,Control11,Control12,Control13,Control15,Control16,Control17
5133,57451,6495;Control1,Control2,Control4,Control5,Control6,Control7,Control8,Control9,Control10,Control11,Control12,Control13,Control15,Control16,Control17
5133,107986606;Control1,Control2,Control3,Control4,Control5,Control6,Control7,Control8,Control9,Control10,Control11,Control12,Control13,Control15,Control16,Control17
5133,101927686,3352,51361,100996301,23286,340273,100289137,158228,143662,79056,6495,100506411,654499,970,101927355,54101;Control1,Control2,Control3,Control4,Control6,Control7,Control8,Control10,Control11,Control12,Control13,Control15,Control16,Control17
5133,85479,29851;Control1,Control2,Control3,Control5,Control7,Control8,Control9,Control10,Control11,Control12,Control13,Control15,Control16,Control17
5133,105375690,51361,100996301,81849,100505994,23286,107986606,340273,100289137,158228,143662,6495,100506411,654499,970,101927355,107985492,54101;Control1,Control2,Control3,Control4,Control5,Control6,Control7,Control8,Control10,Control11,Control12,Control13,Control16,Control17
5133,253650,51361,100996301,23286,340273,100289137,158228,143662,79056,6495,100506411,654499,970,101927355,54101;Control1,Control2,Control3,Control4,Control5,Control6,Control7,Control8,Control10,Control11,Control12,Control13,Control15,Control16,Control17
5133,112268037,51361,100996301,105374166,23286,340273,100289137,253650,158228,143662,79056,6495,100506411,654499,970,101927355,107985492,54101,2277;Control1,Control2,Control3,Control4,Control5,Control6,Control8,Control10,Control11,Control12,Control13,Control15,Control16,Control17
5133,9355,51361,105374166,23286,340273,100289137,253650,158228,112268037,143662,6495,100506411,654499,970,101927355,54101,2277;Control1,Control2,Control3,Control4,Control5,Control6,Control8,Control10,Control11,Control12,Control13,Control15,Control16,Control17
5133,11130;Control1,Control3,Control4,Control5,Control6,Control7,Control9,Control10,Control11,Control12,Control13,Control15,Control16,Control17
5133,10993,253650;Control2,Control3,Control4,Control5,Control6,Control7,Control8,Control10,Control11,Control12,Control13,Control15,Control16,Control17
5133,50614,6664,4547,7180,2625,387978,105372115;Control1,Control2,Control3,Control5,Control6,Control7,Control8,Control9,Control10,Control11,Control12,Control15,Control16,Control17
5133,2835,3352,4547,366;Control1,Control2,Control3,Control4,Control5,Control6,Control7,Control8,Control10,Control11,Control12,Control15,Control16,Control17
5133,6495;Control1,Control2,Control3,Control4,Control5,Control6,Control7,Control8,Control9,Control10,Control11,Control12,Control13,Control15,Control16,Control17
5133,366,3352,4547,101927355;Control1,Control2,Control3,Control4,Control5,Control6,Control7,Control8,Control10,Control11,Control12,Control13,Control15,Control16,Control17
5133,105371275;Control1,Control2,Control3,Control5,Control6,Control7,Control8,Control9,Control10,Control11,Control12,Control13,Control15,Control16,Control17
5133,55423;Control2,Control3,Control4,Control5,Control6,Control7,Control8,Control9,Control11,Control12,Control13,Control15,Control16,Control17
5133,107985492,51361,100996301,23286,340273,100289137,253650,158228,143662,79056,6495,100506411,654499,101927355,54101;Control1,Control2,Control3,Control4,Control5,Control6,Control7,Control8,Control10,Control11,Control12,Control13,Control15,Control16,Control17
5133,2277,51361,105374166,23286,340273,100289137,253650,158228,143662,6495,100506411,654499,970,101927355,54101;Control1,Control2,Control3,Control4,Control5,Control6,Control7,Control8,Control10,Control11,Control12,Control13,Control15,Control16,Control17
151648,100874028;Control1,Control2,Control3,Control4,Control5,Control6,Control7,Control8,Control9,Control10,Control11,Control12,Control13,Control15,Control16,Control17
151648,10721;Control1,Control2,Control3,Control4,Control5,Control6,Control7,Control8,Control10,Control11,Control12,Control13,Control15,Control16,Control17
151648,64151,9768;Control1,Control2,Control3,Control4,Control5,Control6,Control7,Control8,Control10,Control12,Control13,Control15,Control16,Control17
151648,7272,100874028;Control1,Control2,Control3,Control4,Control5,Control6,Control8,Control10,Control11,Control12,Control13,Control15,Control16,Control17
151648,57016;Control1,Control2,Control3,Control4,Control5,Control6,Control7,Control8,Control9,Control11,Control12,Control15,Control16,Control17
151648,55388,7272;Control1,Control2,Control3,Control4,Control5,Control6,Control7,Control8,Control10,Control12,Control13,Control15,Control16,Control17
151648,641;Control2,Control3,Control4,Control5,Control6,Control7,Control8,Control9,Control10,Control12,Control13,Control15,Control16,Control17
151648,107984851;Control1,Control3,Control4,Control5,Control6,Control7,Control8,Control9,Control10,Control11,Control12,Control13,Control15,Control16
151648,147841;Control1,Control2,Control3,Control4,Control5,Control6,Control7,Control9,Control10,Control12,Control13,Control15,Control16,Control17
151648,22974;Control1,Control2,Control3,Control4,Control5,Control6,Control7,Control9,Control10,Control12,Control13,Control15,Control16,Control17
100874028,152225;Control1,Control2,Control3,Control4,Control6,Control8,Control9,Control10,Control11,Control12,Control13,Control15,Control16,Control17
100874028,10721,151648;Control1,Control2,Control3,Control4,Control5,Control6,Control7,Control8,Control10,Control11,Control12,Control13,Control15,Control16
100874028,7272,23397,11130;Control1,Control2,Control3,Control4,Control5,Control6,Control8,Control10,Control11,Control12,Control13,Control15,Control16,Control17
100874028,253582;Control1,Control3,Control4,Control5,Control6,Control7,Control9,Control10,Control11,Control12,Control13,Control15,Control16,Control17
100874028,11130;Control1,Control2,Control3,Control4,Control5,Control6,Control7,Control8,Control9,Control10,Control11,Control12,Control13,Control15,Control16,Control17
100874028,105369685;Control1,Control2,Control3,Control5,Control6,Control7,Control8,Control9,Control10,Control11,Control12,Control13,Control15,Control16
100874028,641;Control2,Control3,Control4,Control5,Control6,Control7,Control8,Control9,Control10,Control11,Control12,Control13,Control15,Control17
100874028,9212,6241,1058,9787,22974;Control1,Control2,Control3,Control5,Control6,Control7,Control9,Control10,Control11,Control12,Control13,Control15,Control16,Control17
100874028,147841;Control1,Control2,Control3,Control4,Control5,Control6,Control7,Control8,Control9,Control10,Control11,Control12,Control15,Control17
100874028,22974;Control1,Control2,Control3,Control4,Control5,Control6,Control7,Control9,Control10,Control11,Control12,Control13,Control15,Control16,Control17
100874028,6790;Control1,Control2,Control4,Control5,Control6,Control7,Control9,Control10,Control11,Control12,Control13,Control15,Control16,Control17
100874028,24137,23397;Control1,Control2,Control3,Control5,Control6,Control7,Control8,Control10,Control11,Control12,Control13,Control15,Control16,Control17
105377043,9076;Control1,Control3,Control4,Control5,Control6,Control7,Control8,Control9,Control11,Control12,Control13,Control15,Control16,Control17
105377043,101928658;Control1,Control2,Control3,Control4,Control5,Control6,Control7,Control8,Control9,Control10,Control11,Control12,Control13,Control15,Control17
105377043,6534;Control1,Control2,Control3,Control4,Control5,Control6,Control7,Control8,Control9,Control12,Control13,Control15,Control16,Control17
105377043,64094,101928658;Control1,Control2,Control4,Control5,Control6,Control7,Control8,Control9,Control10,Control11,Control12,Control13,Control15,Control17
105377043,63898;Control1,Control2,Control3,Control4,Control5,Control6,Control7,Control8,Control9,Control10,Control12,Control13,Control15,Control16,Control17
105377043,11075,80714;Control1,Control2,Control3,Control4,Control5,Control8,Control9,Control10,Control11,Control12,Control13,Control15,Control16,Control17
105377043,554202,4318,109729184;Control1,Control2,Control3,Control4,Control5,Control6,Control7,Control8,Control9,Control10,Control13,Control15,Control16,Control17
105377043,105369315,55867;Control1,Control2,Control3,Control5,Control6,Control7,Control8,Control9,Control10,Control11,Control12,Control13,Control16,Control17
105377043,55867;Control1,Control2,Control3,Control4,Control5,Control6,Control8,Control9,Control10,Control11,Control12,Control13,Control15,Control16,Control17
105377043,5101;Control1,Control2,Control3,Control4,Control5,Control7,Control8,Control9,Control10,Control12,Control13,Control15,Control16,Control17
105377043,338005;Control1,Control2,Control3,Control4,Control5,Control7,Control8,Control9,Control10,Control11,Control12,Control13,Control16,Control17
105377043,10642;Control3,Control4,Control5,Control6,Control7,Control8,Control9,Control10,Control11,Control12,Control13,Control15,Control16,Control17
105377043,100533990,6534;Control1,Control2,Control3,Control4,Control5,Control6,Control8,Control9,Control10,Control12,Control13,Control15,Control16,Control17
105377043,344,100533990;Control1,Control2,Control3,Control4,Control5,Control6,Control8,Control9,Control10,Control12,Control13,Control15,Control16,Control17
105377043,5650;Control1,Control2,Control3,Control4,Control5,Control7,Control8,Control9,Control11,Control12,Control13,Control15,Control16,Control17
105377043,4318,63898,109729184;Control1,Control2,Control3,Control4,Control5,Control7,Control8,Control9,Control10,Control12,Control13,Control15,Control16,Control17
105377043,109729169,6534;Control1,Control2,Control3,Control4,Control5,Control7,Control8,Control9,Control10,Control12,Control13,Control15,Control16,Control17
56992,64151,55247,3161,55872,221150;Control1,Control2,Control3,Control4,Control5,Control6,Control7,Control8,Control9,Control10,Control11,Control12,Control13,Control15,Control16,Control17
56992,1062,653820,55247;Control1,Control2,Control3,Control6,Control7,Control8,Control9,Control10,Control11,Control12,Control13,Control15,Control16,Control17
56992,4085,55247,3161;Control1,Control2,Control3,Control4,Control5,Control6,Control7,Control8,Control9,Control10,Control11,Control12,Control13,Control15,Control16
56992,891,4751,3161,55872,55165,9055,7153,29128;Control2,Control3,Control4,Control5,Control6,Control7,Control8,Control9,Control10,Control11,Control12,Control13,Control15,Control16,Control17
56992,4001,9928,64151,55247,3161,55872,221150,7153;Control1,Control2,Control3,Control5,Control6,Control7,Control8,Control9,Control10,Control11,Control12,Control13,Control15,Control16
56992,7180,6664,2625,387978,105372115,389903;Control1,Control3,Control4,Control5,Control6,Control7,Control8,Control9,Control10,Control11,Control12,Control13,Control15,Control16
56992,113115;Control1,Control2,Control3,Control4,Control5,Control6,Control7,Control10,Control11,Control12,Control13,Control15,Control16,Control17
56992,2845,55247,105372115,389903;Control1,Control2,Control3,Control4,Control5,Control6,Control7,Control9,Control10,Control11,Control12,Control13,Control15,Control16,Control17
56992,27299,6664,2625,387978,100506655,105372115,389903;Control2,Control3,Control4,Control5,Control6,Control7,Control8,Control9,Control10,Control11,Control12,Control13,Control15,Control16
56992,983,9928,64151,55247,3161,55872,55165,57082,7153,29128;Control2,Control3,Control4,Control5,Control6,Control7,Control8,Control9,Control10,Control11,Control12,Control13,Control16,Control17
56992,55165,9928,4751,55247,3161,55872,7153,29128;Control2,Control3,Control4,Control5,Control6,Control7,Control8,Control9,Control10,Control11,Control12,Control13,Control15,Control16,Control17
56992,144455,9928,64151,55247,4001,55872,221150,7153;Control1,Control2,Control3,Control5,Control6,Control7,Control8,Control9,Control10,Control11,Control12,Control13,Control15,Control16
56992,50614,6664,2625,105372115,389903;Control1,Control2,Control3,Control4,Control5,Control6,Control7,Control8,Control9,Control10,Control11,Control12,Control15,Control16
56992,387978,4751,6664,64151,55247,54443,221150,9055;Control1,Control3,Control4,Control5,Control6,Control7,Control8,Control9,Control10,Control11,Control12,Control13,Control15,Control16
56992,57082,64151,3161,55872;Control1,Control2,Control3,Control4,Control5,Control6,Control7,Control8,Control9,Control10,Control11,Control12,Control13,Control15,Control16,Control17
56992,9055,55247,3161,55872,221150;Control1,Control2,Control3,Control4,Control5,Control6,Control7,Control8,Control9,Control10,Control11,Control12,Control13,Control15,Control16,Control17
56992,100507118,64151,3161,55872,221150;Control1,Control2,Control3,Control4,Control5,Control6,Control7,Control8,Control9,Control10,Control11,Control12,Control13,Control15,Control16,Control17
56992,100506655,6664,4001,387978,105372115,389903;Control2,Control3,Control4,Control5,Control6,Control7,Control8,Control9,Control10,Control11,Control12,Control13,Control15,Control16
56992,105371275,6664,2625,9055,105372115,389903;Control1,Control3,Control4,Control5,Control6,Control7,Control8,Control9,Control10,Control11,Control13,Control15,Control16,Control17
56992,83903;Control3,Control4,Control5,Control6,Control7,Control8,Control9,Control10,Control11,Control12,Control13,Control15,Control16,Control17
56992,54478;Control1,Control2,Control3,Control4,Control5,Control6,Control7,Control8,Control10,Control11,Control12,Control13,Control15,Control16,Control17
56992,201299,3161,221150,9055,100507118;Control1,Control2,Control3,Control4,Control5,Control7,Control8,Control9,Control10,Control11,Control12,Control13,Control15,Control16,Control17
56992,101060400,6664,2625,105372115,389903;Control1,Control2,Control3,Control4,Control5,Control6,Control8,Control9,Control10,Control11,Control12,Control13,Control15,Control16
56992,220134,64151,55247,3161,55872,221150,9055,100507118;Control1,Control2,Control3,Control4,Control5,Control6,Control7,Control8,Control9,Control10,Control11,Control12,Control13,Control15,Control17
56992,105372115,389903;Control1,Control2,Control3,Control4,Control5,Control6,Control7,Control8,Control9,Control10,Control11,Control12,Control13,Control15,Control16,Control17
56992,11065,9928,64151,3161,55872,221150,57082,7153;Control1,Control2,Control3,Control4,Control6,Control7,Control8,Control9,Control10,Control11,Control12,Control13,Control15,Control16
56992,54821,57082;Control1,Control2,Control3,Control4,Control5,Control6,Control7,Control8,Control9,Control10,Control11,Control15,Control16,Control17
105377123,3512,115019;Control1,Control2,Control3,Control4,Control6,Control7,Control8,Control10,Control11,Control12,Control13,Control15,Control16,Control17
105377123,102467080,58,389336,5650;Control1,Control2,Control3,Control4,Control5,Control7,Control8,Control9,Control10,Control11,Control13,Control15,Control16,Control17
105377123,134285,115019,389336,285987,4004,5653,5650,28809,729442;Control1,Control2,Control3,Control4,Control5,Control7,Control8,Control9,Control10,Control11,Control12,Control13,Control15,Control16,Control17
105377123,1404,3856,113218482;Control1,Control2,Control3,Control4,Control5,Control6,Control7,Control8,Control9,Control11,Control12,Control13,Control15,Control17
105377123,8345,1029;Control1,Control2,Control3,Control4,Control5,Control7,Control8,Control9,Control11,Control12,Control13,Control15,Control16,Control17
105377123,1750,3856,113218482;Control1,Control3,Control4,Control5,Control6,Control7,Control8,Control9,Control11,Control12,Control13,Control15,Control16,Control17
105377123,83648;Control1,Control3,Control4,Control5,Control6,Control7,Control8,Control9,Control11,Control12,Control13,Control15,Control16,Control17
105377123,364,28946,3856,113218482,594855;Control1,Control2,Control3,Control4,Control6,Control7,Control8,Control9,Control11,Control12,Control13,Control15,Control16,Control17
105377123,79056;Control1,Control2,Control3,Control5,Control6,Control7,Control8,Control9,Control11,Control12,Control13,Control15,Control16,Control17
105377123,8538,115019;Control1,Control2,Control3,Control5,Control6,Control7,Control8,Control9,Control10,Control11,Control12,Control13,Control15,Control17
105377123,6768;Control1,Control3,Control4,Control5,Control7,Control8,Control9,Control10,Control11,Control12,Control13,Control15,Control16,Control17
105377123,3856,113218482;Control1,Control2,Control3,Control4,Control5,Control6,Control7,Control8,Control9,Control11,Control12,Control13,Control15,Control16,Control17
105377123,107984763,23566;Control1,Control2,Control3,Control4,Control5,Control6,Control7,Control8,Control9,Control11,Control12,Control13,Control15,Control16
105377123,145873,58,2019,134285,389336,285987,4004,3502,25818,5653,5650,28809,729442;Control1,Control3,Control4,Control5,Control7,Control8,Control9,Control10,Control11,Control12,Control13,Control15,Control16,Control17
105377123,105371152,58,28946,134285,389336,285987,4004,113218482,3502,354,5653,5650,28809,729442;Control1,Control2,Control3,Control4,Control7,Control8,Control9,Control10,Control11,Control12,Control13,Control15,Control16,Control17
105377123,105371927,134285;Control1,Control2,Control3,Control5,Control7,Control8,Control9,Control10,Control11,Control12,Control13,Control15,Control16,Control17
105377123,284240,3856,113218482;Control1,Control2,Control3,Control4,Control5,Control6,Control7,Control8,Control9,Control12,Control13,Control15,Control16,Control17
105377123,354,115019,134285,389336,105374986,285987,4004,5653,5650,28809,729442;Control1,Control3,Control4,Control5,Control7,Control8,Control9,Control10,Control11,Control12,Control13,Control15,Control16,Control17
105377123,25818,115019,134285,389336,285987,4004,5653,5650,28809,105373150,729442;Control1,Control2,Control4,Control5,Control7,Control8,Control9,Control10,Control11,Control12,Control13,Control15,Control16,Control17
56203,4321,148645,3239,3670,345643,5307,105375894,1690,100506071,101929690,6362,106481742,9758,8471;Control1,Control2,Control3,Control4,Control5,Control6,Control9,Control10,Control11,Control12,Control13,Control15,Control16,Control17
1295,389336,58,2019,134285,285987,4004,145873,25818,5653,5650,28809,729442;Control1,Control2,Control3,Control5,Control6,Control7,Control8,Control9,Control10,Control11,Control12,Control13,Control15,Control16,Control17
1295,100130275,2019,4004;Control1,Control2,Control3,Control4,Control5,Control6,Control7,Control8,Control9,Control10,Control11,Control13,Control15,Control16
1295,27063,58;Control2,Control3,Control4,Control5,Control6,Control7,Control8,Control10,Control11,Control12,Control13,Control15,Control16,Control17
1295,4973,58,101927750,2019,134285,285987,4004,145873,25818,5653,5650,28809,729442;Control1,Control2,Control3,Control4,Control5,Control6,Control7,Control8,Control9,Control10,Control11,Control12,Control13,Control15
1295,3227,2019,389336,5653,5650;Control1,Control2,Control3,Control5,Control6,Control7,Control8,Control9,Control10,Control11,Control12,Control13,Control15,Control16
1295,5265,58,134285,285987,4004,145873,5650,729442;Control2,Control3,Control4,Control5,Control6,Control7,Control8,Control9,Control10,Control11,Control13,Control15,Control16,Control17
1295,3502,58,28946,2019,134285,389336,285987,4004,145873,105371152,354,25818,5653,5650,28809,729442;Control1,Control2,Control3,Control6,Control7,Control8,Control9,Control10,Control11,Control12,Control13,Control15,Control16,Control17
1295,729739;Control1,Control2,Control3,Control4,Control5,Control6,Control7,Control8,Control9,Control11,Control13,Control15,Control16,Control17
1295,105371152,58,28946,2019,134285,389336,285987,4004,3502,145873,25818,5653,5650,28809,729442;Control1,Control2,Control3,Control4,Control6,Control7,Control8,Control9,Control10,Control11,Control12,Control13,Control15,Control16
1295,10481,2019,134285,285987,4004,729442;Control1,Control2,Control4,Control5,Control6,Control7,Control8,Control9,Control10,Control11,Control13,Control15,Control16,Control17
1295,105371927,2019,134285,285987,4004,729442;Control1,Control3,Control4,Control5,Control6,Control7,Control8,Control9,Control10,Control11,Control12,Control13,Control15,Control16,Control17
1295,10437;Control2,Control3,Control5,Control6,Control7,Control8,Control9,Control10,Control11,Control12,Control13,Control15,Control16,Control17
1295,25818,58,2019,134285,389336,285987,4004,145873,5653,5650,28809,729442;Control1,Control2,Control3,Control4,Control5,Control6,Control7,Control8,Control9,Control10,Control11,Control12,Control13,Control15,Control16
152225,101927686;Control1,Control2,Control3,Control4,Control5,Control6,Control7,Control9,Control10,Control11,Control12,Control13,Control15,Control16,Control17
152225,245972;Control1,Control2,Control3,Control4,Control5,Control6,Control7,Control9,Control11,Control12,Control13,Control15,Control16,Control17
152225,112268037;Control1,Control2,Control3,Control4,Control6,Control7,Control8,Control9,Control10,Control11,Control12,Control13,Control15,Control16
152225,219527;Control1,Control2,Control3,Control5,Control6,Control7,Control9,Control10,Control11,Control12,Control13,Control15,Control16,Control17
152225,4257;Control1,Control2,Control3,Control4,Control5,Control6,Control9,Control10,Control11,Control12,Control13,Control15,Control16,Control17
152225,107985436;Control1,Control2,Control3,Control5,Control6,Control7,Control9,Control10,Control11,Control12,Control13,Control15,Control16,Control17
152225,2277,3352;Control1,Control2,Control3,Control4,Control6,Control7,Control9,Control10,Control11,Control12,Control13,Control15,Control16,Control17
50852,105374166,3135,970;Control2,Control3,Control4,Control5,Control6,Control7,Control8,Control10,Control11,Control12,Control13,Control15,Control16,Control17
50852,3627,7546;Control1,Control2,Control3,Control4,Control5,Control7,Control8,Control10,Control11,Control12,Control13,Control15,Control16,Control17
50852,4547,29851,7546,366;Control1,Control2,Control3,Control4,Control5,Control7,Control8,Control10,Control11,Control12,Control13,Control15,Control16,Control17
50852,1047;Control1,Control2,Control3,Control6,Control7,Control8,Control9,Control10,Control11,Control12,Control13,Control15,Control16,Control17
50852,10537,115362,3627,100506655,23532;Control1,Control2,Control3,Control5,Control7,Control8,Control9,Control10,Control11,Control12,Control13,Control15,Control16,Control17
50852,3135;Control2,Control3,Control4,Control5,Control6,Control7,Control8,Control9,Control10,Control11,Control12,Control13,Control15,Control16,Control17
50852,101927760;Control1,Control2,Control3,Control5,Control6,Control7,Control8,Control9,Control10,Control11,Control12,Control15,Control16,Control17
50852,399815;Control1,Control2,Control3,Control4,Control5,Control6,Control7,Control8,Control10,Control11,Control12,Control13,Control15,Control16,Control17
50852,2835;Control1,Control2,Control3,Control4,Control5,Control7,Control8,Control9,Control10,Control11,Control12,Control15,Control16,Control17
50852,701,115362;Control1,Control3,Control5,Control6,Control7,Control8,Control9,Control10,Control11,Control12,Control13,Control15,Control16,Control17
50852,11001;Control1,Control2,Control3,Control4,Control5,Control6,Control7,Control8,Control9,Control10,Control11,Control12,Control15,Control16,Control17
50852,970;Control2,Control3,Control4,Control5,Control6,Control7,Control8,Control9,Control10,Control11,Control12,Control13,Control15,Control16,Control17
50852,55423;Control1,Control2,Control3,Control4,Control5,Control6,Control7,Control8,Control9,Control11,Control12,Control13,Control15,Control16,Control17
50852,2277,970;Control2,Control3,Control4,Control5,Control7,Control8,Control9,Control10,Control11,Control12,Control13,Control15,Control16,Control17
151760,53836;Control1,Control2,Control3,Control4,Control5,Control6,Control7,Control8,Control9,Control10,Control11,Control12,Control13,Control15,Control16,Control17
151760,10460,4605;Control1,Control2,Control3,Control4,Control5,Control6,Control7,Control8,Control9,Control12,Control13,Control15,Control16,Control17
151760,389336,53836;Control1,Control2,Control3,Control4,Control5,Control6,Control7,Control8,Control9,Control11,Control12,Control13,Control16,Control17
151760,157313,332;Control1,Control2,Control3,Control4,Control5,Control6,Control8,Control9,Control10,Control12,Control13,Control15,Control16,Control17
151760,11075,53836;Control1,Control2,Control3,Control4,Control5,Control6,Control7,Control8,Control9,Control10,Control11,Control13,Control16,Control17
151760,100289137,53836;Control1,Control2,Control3,Control5,Control6,Control7,Control8,Control9,Control10,Control11,Control13,Control15,Control16,Control17
151760,89958,4605;Control1,Control2,Control3,Control4,Control5,Control6,Control8,Control9,Control10,Control12,Control13,Control15,Control16,Control17
151760,1813,53836;Control1,Control2,Control3,Control4,Control5,Control6,Control7,Control8,Control9,Control10,Control11,Control12,Control13,Control15,Control17
151760,338005,50615;Control1,Control2,Control3,Control4,Control5,Control6,Control7,Control8,Control9,Control10,Control11,Control13,Control15,Control17
151760,10942,53836;Control1,Control2,Control3,Control4,Control5,Control6,Control7,Control8,Control10,Control11,Control12,Control13,Control15,Control16,Control17
151760,10615,57405,332;Control1,Control3,Control4,Control5,Control6,Control7,Control8,Control9,Control10,Control12,Control13,Control15,Control16,Control17
151760,105371737,53836,1813;Control1,Control2,Control3,Control4,Control5,Control6,Control7,Control8,Control9,Control10,Control11,Control12,Control13,Control15
151760,146909,259266,9133,332;Control1,Control2,Control3,Control4,Control5,Control6,Control8,Control9,Control10,Control12,Control13,Control15,Control16,Control17
151760,10642,53836;Control1,Control3,Control4,Control5,Control6,Control7,Control8,Control9,Control10,Control11,Control13,Control15,Control16,Control17
151760,55771,332,4605;Control1,Control3,Control4,Control5,Control6,Control7,Control8,Control9,Control10,Control12,Control13,Control15,Control16,Control17
151760,4605;Control1,Control2,Control3,Control4,Control5,Control6,Control7,Control8,Control9,Control10,Control12,Control13,Control15,Control16,Control17
151760,107985627,53836;Control1,Control2,Control3,Control4,Control5,Control6,Control7,Control8,Control9,Control10,Control11,Control12,Control15,Control16,Control17
79413,286676;Control1,Control2,Control3,Control4,Control5,Control6,Control7,Control8,Control9,Control10,Control11,Control13,Control15,Control17
79413,1404,56896;Control1,Control2,Control3,Control4,Control5,Control6,Control7,Control8,Control10,Control11,Control12,Control13,Control15,Control17
79413,1750,56896;Control1,Control2,Control3,Control4,Control5,Control6,Control7,Control8,Control9,Control11,Control12,Control13,Control16,Control17
79413,11075;Control1,Control2,Control3,Control4,Control5,Control7,Control8,Control10,Control11,Control12,Control13,Control15,Control16,Control17
79413,2834;Control1,Control2,Control3,Control4,Control5,Control7,Control8,Control9,Control10,Control11,Control12,Control13,Control15,Control17
79413,80714;Control1,Control2,Control3,Control4,Control5,Control6,Control7,Control8,Control10,Control11,Control12,Control13,Control15,Control16,Control17
79413,111216286,56896;Control1,Control2,Control3,Control4,Control5,Control6,Control7,Control8,Control10,Control11,Control12,Control15,Control16,Control17
79413,5008,105372950;Control1,Control2,Control3,Control4,Control5,Control6,Control7,Control8,Control10,Control11,Control12,Control13,Control16,Control17
79413,729447,80714;Control1,Control2,Control3,Control4,Control5,Control6,Control7,Control8,Control9,Control10,Control12,Control13,Control15,Control16
941,345079;Control1,Control2,Control3,Control4,Control5,Control6,Control7,Control8,Control9,Control10,Control11,Control12,Control13,Control15,Control16,Control17
941,101929215;Control1,Control2,Control3,Control4,Control5,Control6,Control7,Control8,Control9,Control10,Control11,Control13,Control15,Control16
941,860,6332,9355;Control1,Control2,Control3,Control4,Control5,Control6,Control7,Control8,Control9,Control10,Control11,Control12,Control13,Control16,Control17
941,80328,4973;Control1,Control2,Control3,Control4,Control5,Control6,Control8,Control9,Control10,Control11,Control12,Control13,Control15,Control16,Control17
941,245972,345079;Control1,Control2,Control3,Control6,Control7,Control8,Control9,Control10,Control11,Control12,Control13,Control15,Control16,Control17
941,554202,860,9355,5101;Control1,Control2,Control3,Control4,Control5,Control6,Control7,Control8,Control9,Control11,Control12,Control13,Control16,Control17
941,105376042,9355,7681;Control2,Control3,Control4,Control5,Control6,Control7,Control8,Control9,Control10,Control11,Control12,Control13,Control15,Control16,Control17
941,112268037,6332,860;Control1,Control2,Control3,Control5,Control6,Control7,Control8,Control9,Control11,Control12,Control13,Control15,Control16,Control17
941,9355,7681;Control1,Control2,Control3,Control4,Control5,Control6,Control7,Control8,Control9,Control10,Control11,Control12,Control13,Control15,Control16,Control17
941,103695435,345079;Control2,Control3,Control4,Control6,Control7,Control8,Control9,Control10,Control11,Control12,Control13,Control15,Control16,Control17
941,8538,4973;Control1,Control2,Control3,Control4,Control5,Control8,Control9,Control10,Control11,Control12,Control13,Control15,Control16,Control17
941,122042,860,9355,7681,101060400;Control1,Control2,Control3,Control4,Control5,Control6,Control7,Control8,Control10,Control11,Control12,Control13,Control16,Control17
941,5100,345079,860,7681,105371152,107985436;Control1,Control2,Control3,Control4,Control6,Control7,Control8,Control9,Control11,Control12,Control13,Control15,Control16,Control17
941,28755;Control1,Control2,Control4,Control5,Control6,Control8,Control9,Control10,Control11,Control12,Control13,Control15,Control16,Control17
941,105370953,9355,7681,107985436;Control1,Control2,Control3,Control4,Control7,Control8,Control9,Control10,Control11,Control12,Control13,Control15,Control16,Control17
941,101060400,9355,7681;Control1,Control2,Control3,Control4,Control5,Control6,Control7,Control8,Control10,Control11,Control12,Control13,Control15,Control16,Control17
941,107985436,9355,7681;Control1,Control2,Control3,Control4,Control6,Control7,Control8,Control9,Control10,Control11,Control12,Control13,Control15,Control16,Control17
10721,64151,9928,55247,4001,3161;Control1,Control2,Control3,Control4,Control5,Control6,Control7,Control9,Control10,Control11,Control12,Control13,Control15,Control16,Control17
10721,4547;Control1,Control2,Control3,Control4,Control5,Control6,Control7,Control9,Control10,Control11,Control12,Control13,Control15,Control16,Control17
10721,4085,653820;Control1,Control2,Control3,Control4,Control5,Control6,Control7,Control8,Control9,Control10,Control11,Control12,Control13,Control15,Control17
10721,891,4751,699,3161,55872,55165,51203,9055,7153,29128;Control1,Control2,Control3,Control5,Control6,Control7,Control9,Control10,Control11,Control12,Control13,Control15,Control16,Control17
10721,171019;Control1,Control2,Control3,Control4,Control5,Control6,Control7,Control8,Control10,Control11,Control12,Control13,Control15,Control17
10721,3161,9928,64151,55247,55165,7153;Control1,Control2,Control3,Control5,Control6,Control7,Control8,Control9,Control10,Control11,Control12,Control13,Control15,Control16,Control17
10721,2845;Control1,Control2,Control3,Control4,Control5,Control6,Control7,Control8,Control9,Control10,Control11,Control12,Control13,Control15,Control16,Control17
10721,55872,9928,4751,699,3161,54443,55165,7153;Control1,Control2,Control3,Control5,Control6,Control7,Control9,Control10,Control11,Control12,Control13,Control15,Control16,Control17
10721,55388,23397,64151,55247,7153;Control1,Control2,Control3,Control4,Control5,Control6,Control7,Control8,Control9,Control10,Control12,Control13,Control15,Control16,Control17
10721,983,23397,64151,55247,7153,29128;Control1,Control2,Control3,Control4,Control5,Control6,Control7,Control8,Control9,Control10,Control11,Control12,Control13,Control16,Control17
10721,3832,4751,23397,55165,7153;Control1,Control3,Control4,Control5,Control6,Control7,Control8,Control9,Control10,Control11,Control12,Control13,Control15,Control16,Control17
10721,144455,9928,4001;Control1,Control2,Control3,Control4,Control5,Control6,Control7,Control9,Control10,Control11,Control12,Control13,Control15,Control16,Control17
10721,221150,23397,699,64151,4001,3161,55872,55165,51203,9055,7153,29128;Control1,Control2,Control3,Control5,Control6,Control7,Control9,Control10,Control11,Control12,Control13,Control15,Control16,Control17
10721,9824,4751,23397,55247,3161,54443,7153;Control1,Control4,Control5,Control6,Control7,Control8,Control9,Control10,Control11,Control12,Control13,Control15,Control16,Control17
10721,57082,9928,64151,3161,55165,7153;Control1,Control2,Control3,Control5,Control6,Control7,Control8,Control9,Control10,Control11,Control12,Control13,Control15,Control16,Control17
10721,51203,23397,699,54443;Control1,Control3,Control4,Control5,Control6,Control7,Control8,Control9,Control10,Control11,Control12,Control13,Control15,Control16,Control17
10721,9768,64151,55165,57082,7153,29128,24137;Control1,Control2,Control3,Control5,Control6,Control7,Control8,Control9,Control10,Control11,Control12,Control13,Control15,Control16,Control17
10721,9055,4751,23397,699,3161,54443,55872,55165,51203,7153,29128;Control1,Control2,Control3,Control5,Control6,Control7,Control9,Control10,Control11,Control12,Control13,Control15,Control16,Control17
10721,107984851;Control1,Control3,Control4,Control5,Control6,Control7,Control8,Control10,Control11,Control12,Control13,Control15,Control16,Control17
10721,100533789,7272;Control1,Control2,Control3,Control4,Control5,Control6,Control7,Control8,Control9,Control10,Control11,Control13,Control16,Control17
10721,220134,23397,699,64151,4001,55872,55165,221150,51203,29128;Control1,Control2,Control3,Control5,Control6,Control7,Control9,Control10,Control11,Control12,Control13,Control15,Control16,Control17
10721,105372115,6664,4547,2845,387978,389903;Control1,Control2,Control3,Control5,Control6,Control7,Control9,Control10,Control11,Control12,Control13,Control15,Control16,Control17
10721,29128,23397,64151,55247,3161,55165,7153;Control1,Control2,Control3,Control5,Control6,Control7,Control8,Control9,Control10,Control11,Control12,Control13,Control15,Control16,Control17
10721,24137,23397,64151,3161,55165,57082,7153,29128;Control1,Control2,Control3,Control5,Control6,Control7,Control8,Control9,Control10,Control11,Control12,Control13,Control15,Control16,Control17
286676,105374166,1404;Control1,Control2,Control3,Control5,Control6,Control7,Control8,Control9,Control10,Control11,Control13,Control15,Control16,Control17
286676,100379220,89886,168002,105378305,107984129,79191,1995;Control1,Control2,Control3,Control4,Control5,Control7,Control8,Control9,Control10,Control11,Control12,Control15,Control16,Control17
286676,168002,89886,105378305,107984129,79191,1995;Control1,Control2,Control3,Control4,Control5,Control7,Control8,Control9,Control10,Control11,Control12,Control13,Control15,Control16,Control17
286676,1750,56896,1404,3856,113218482;Control1,Control2,Control3,Control4,Control5,Control6,Control7,Control8,Control9,Control10,Control11,Control13,Control15,Control17
286676,63898,105378305,4318,109729184,7477;Control1,Control2,Control3,Control4,Control5,Control8,Control9,Control10,Control11,Control12,Control13,Control15,Control16,Control17
286676,29991,89886,168002,105378305,107984129,79191,1995;Control1,Control2,Control3,Control4,Control5,Control7,Control8,Control9,Control11,Control12,Control13,Control15,Control16,Control17
286676,8538,1404;Control1,Control2,Control3,Control4,Control5,Control6,Control7,Control8,Control9,Control11,Control13,Control15,Control16,Control17
286676,80714,89886;Control1,Control2,Control3,Control4,Control5,Control6,Control7,Control8,Control9,Control10,Control13,Control15,Control16,Control17
286676,100533990,89886,5798,168002,344,7477;Control1,Control2,Control3,Control4,Control5,Control7,Control8,Control9,Control10,Control11,Control12,Control13,Control15,Control17
286676,344,89886,5798,168002,105378305,4318,109729184,7477;Control1,Control2,Control3,Control4,Control5,Control7,Control8,Control9,Control10,Control11,Control12,Control13,Control15,Control17
286676,57167,168002,105378305,344,4318,109729184,7477;Control1,Control2,Control3,Control5,Control7,Control8,Control9,Control10,Control11,Control12,Control13,Control15,Control16,Control17
84561,53836,364;Control1,Control2,Control3,Control4,Control5,Control6,Control7,Control8,Control9,Control10,Control12,Control13,Control16,Control17
84561,647309,105372950,105377508,646024,105376041,3229,387895,55655,3053;Control1,Control2,Control4,Control5,Control7,Control8,Control9,Control10,Control11,Control12,Control13,Control15,Control16,Control17
84561,2250,105372950,284958,646024,105376041,3229,387895,115701;Control1,Control2,Control3,Control4,Control5,Control7,Control8,Control9,Control10,Control11,Control12,Control15,Control16,Control17
84561,1404,105372950,56896,1750,3856,113218482;Control1,Control2,Control3,Control4,Control5,Control6,Control7,Control8,Control9,Control10,Control11,Control12,Control13,Control17
84561,100505994,105372950,646024,105376041;Control1,Control2,Control3,Control4,Control5,Control7,Control8,Control9,Control10,Control11,Control12,Control13,Control15,Control16,Control17
84561,389336,115019,105372950,105377508,646024,105376041,3229,387895,115701,55655;Control1,Control2,Control3,Control4,Control5,Control7,Control8,Control9,Control11,Control12,Control13,Control15,Control16,Control17
84561,1749,105372950,389336,646024,105376041,55655,3053;Control1,Control2,Control3,Control4,Control5,Control6,Control7,Control8,Control9,Control12,Control13,Control15,Control16,Control17
84561,554202,105372950,105377508,646024,105376041,3229,387895;Control1,Control2,Control3,Control4,Control5,Control8,Control9,Control10,Control11,Control12,Control13,Control15,Control16,Control17
84561,364,113218482;Control1,Control2,Control3,Control4,Control5,Control6,Control7,Control8,Control9,Control10,Control11,Control12,Control13,Control16,Control17
84561,105378305,89886,105372950;Control1,Control2,Control3,Control4,Control5,Control6,Control7,Control8,Control9,Control10,Control11,Control13,Control15,Control16
84561,219970;Control1,Control2,Control3,Control4,Control5,Control6,Control8,Control10,Control11,Control12,Control13,Control15,Control16,Control17
84561,103689845,105372950,100505994,646024,105376041;Control1,Control2,Control3,Control4,Control5,Control7,Control8,Control9,Control10,Control11,Control12,Control15,Control16,Control17
84561,105370953,364;Control1,Control2,Control3,Control4,Control5,Control6,Control8,Control9,Control10,Control11,Control12,Control13,Control16,Control17
84561,9955,646024,105376041,3053;Control1,Control3,Control4,Control5,Control6,Control7,Control8,Control9,Control10,Control11,Control12,Control13,Control15,Control16,Control17
84561,80714;Control1,Control2,Control3,Control4,Control5,Control6,Control7,Control8,Control9,Control10,Control12,Control13,Control15,Control16,Control17
84561,55655,105372950,284958,105377508,646024,105376041,3229;Control1,Control2,Control3,Control4,Control5,Control7,Control8,Control9,Control10,Control11,Control12,Control13,Control15,Control16,Control17
8419,79674;Control1,Control2,Control3,Control4,Control5,Control6,Control7,Control9,Control10,Control11,Control12,Control13,Control15,Control16,Control17
8419,101927354;Control1,Control2,Control3,Control4,Control6,Control7,Control8,Control9,Control11,Control12,Control13,Control15,Control16,Control17
8419,338667;Control1,Control2,Control3,Control4,Control5,Control6,Control7,Control8,Control9,Control10,Control12,Control15,Control16,Control17
8419,105370960;Control1,Control2,Control3,Control4,Control5,Control6,Control7,Control8,Control9,Control10,Control11,Control13,Control15,Control16,Control17
8419,647946,101927354;Control1,Control2,Control3,Control4,Control6,Control7,Control8,Control9,Control10,Control11,Control12,Control13,Control15,Control17
8419,6860;Control1,Control2,Control3,Control4,Control5,Control6,Control7,Control9,Control11,Control12,Control13,Control15,Control16,Control17
8419,354;Control2,Control3,Control4,Control5,Control6,Control7,Control8,Control9,Control11,Control12,Control13,Control15,Control16,Control17
8419,107985513;Control1,Control2,Control3,Control4,Control5,Control6,Control7,Control8,Control9,Control11,Control12,Control13,Control15,Control17
7545,647309;Control1,Control2,Control3,Control4,Control5,Control6,Control7,Control8,Control10,Control11,Control12,Control13,Control16,Control17
7545,100379220,168002,107984129,1995;Control1,Control2,Control4,Control5,Control6,Control7,Control8,Control10,Control11,Control12,Control13,Control15,Control16,Control17
7545,4547,6664,27299,2625,387978,64843,105372115;Control1,Control2,Control4,Control5,Control6,Control7,Control8,Control9,Control10,Control11,Control13,Control15,Control16,Control17
7545,2297;Control1,Control2,Control3,Control5,Control6,Control7,Control8,Control10,Control11,Control12,Control13,Control15,Control16,Control17
7545,4001,6664,27299,387978;Control1,Control2,Control4,Control5,Control6,Control7,Control8,Control9,Control10,Control11,Control13,Control15,Control16,Control17
7545,57451,64843;Control1,Control2,Control3,Control5,Control6,Control7,Control8,Control9,Control10,Control11,Control13,Control15,Control16,Control17
7545,7020;Control1,Control2,Control3,Control5,Control6,Control7,Control8,Control10,Control11,Control12,Control13,Control15,Control16,Control17
7545,7180,6664,105375894,2625,50614;Control1,Control2,Control4,Control5,Control6,Control7,Control8,Control9,Control10,Control11,Control13,Control15,Control16,Control17
7545,100192378,148645,3670,345643,5307,105375894,1690,100506071,64843,6362,106481742,9758,8471;Control1,Control2,Control3,Control4,Control5,Control6,Control7,Control8,Control10,Control11,Control13,Control15,Control16,Control17
7545,107984129,89886,168002,105378305,79191,10265,1995;Control1,Control2,Control4,Control5,Control6,Control7,Control8,Control10,Control11,Control12,Control13,Control15,Control16,Control17
7545,6495,64843;Control1,Control2,Control3,Control5,Control6,Control7,Control8,Control9,Control10,Control11,Control13,Control15,Control16,Control17
7545,64843;Control1,Control2,Control3,Control4,Control5,Control6,Control7,Control8,Control9,Control10,Control11,Control13,Control15,Control16,Control17
7545,101929690,148645,3239,56203,3670,345643,5307,105375894,9312,1690,100506071,64843,6362,106481742,9758,8471;Control1,Control2,Control3,Control4,Control5,Control6,Control7,Control8,Control10,Control11,Control13,Control15,Control16,Control17
7545,105371275;Control1,Control2,Control4,Control5,Control6,Control7,Control8,Control9,Control10,Control11,Control12,Control13,Control15,Control16,Control17
7545,10265;Control1,Control2,Control4,Control5,Control6,Control7,Control8,Control9,Control10,Control11,Control12,Control13,Control15,Control17
7545,10481,29991;Control1,Control2,Control3,Control4,Control5,Control6,Control7,Control8,Control11,Control12,Control13,Control15,Control16,Control17
7545,64699,64843;Control1,Control2,Control3,Control4,Control5,Control6,Control7,Control8,Control9,Control11,Control13,Control15,Control16,Control17
7545,389903,6664,27299,2625,387978,64843,105372115;Control1,Control2,Control4,Control5,Control6,Control7,Control8,Control9,Control10,Control11,Control13,Control15,Control16,Control17
646951,3512,166979,4544;Control1,Control3,Control4,Control5,Control6,Control7,Control8,Control9,Control10,Control11,Control12,Control13,Control15,Control16,Control17
646951,100507584,51512;Control1,Control2,Control3,Control4,Control6,Control7,Control8,Control9,Control10,Control11,Control12,Control13,Control15,Control16,Control17
646951,9096;Control1,Control2,Control3,Control4,Control5,Control6,Control7,Control8,Control9,Control10,Control11,Control12,Control13,Control15,Control16
646951,101927686,5865,6716,1047,166979,219527,4544,116173,6345;Control1,Control3,Control5,Control6,Control7,Control8,Control9,Control10,Control11,Control12,Control13,Control15,Control16,Control17
646951,54443,27178,285643,9055;Control1,Control2,Control3,Control4,Control6,Control7,Control8,Control10,Control11,Control12,Control13,Control15,Control16,Control17
646951,105375610,27178,285643,79733,101929707;Control1,Control2,Control3,Control4,Control6,Control7,Control8,Control9,Control10,Control11,Control12,Control13,Control15,Control16
646951,157570,27178,285643,101929707;Control1,Control2,Control3,Control4,Control6,Control7,Control8,Control9,Control10,Control11,Control12,Control13,Control15,Control17
646951,364,116173;Control1,Control2,Control3,Control4,Control5,Control7,Control8,Control9,Control10,Control11,Control12,Control13,Control15,Control16,Control17
646951,283078,3512;Control1,Control4,Control5,Control6,Control7,Control8,Control9,Control10,Control11,Control12,Control13,Control15,Control16,Control17
646951,79733,27178,285643,101929707;Control1,Control2,Control3,Control4,Control6,Control8,Control9,Control10,Control11,Control12,Control13,Control15,Control16,Control17
646951,116173;Control1,Control2,Control3,Control4,Control5,Control6,Control7,Control8,Control9,Control10,Control11,Control12,Control13,Control15,Control16,Control17
646951,3502,5865,28946,3512,1047,166979,219527,4544;Control1,Control3,Control4,Control5,Control6,Control7,Control8,Control9,Control11,Control12,Control13,Control15,Control16,Control17
646951,7681,5865,6716,1047,166979,219527,4544,116173,6345,107985436;Control1,Control3,Control4,Control5,Control6,Control8,Control9,Control10,Control11,Control12,Control13,Control15,Control16,Control17
646951,594855,5865,6716,1047,166979,364,219527,4544,116173,6345;Control1,Control3,Control4,Control5,Control7,Control8,Control9,Control10,Control11,Control12,Control13,Control15,Control16,Control17
646951,9955,27178,285643,101929707;Control1,Control2,Control3,Control4,Control6,Control7,Control8,Control9,Control10,Control11,Control12,Control13,Control16,Control17
646951,1748,116173;Control1,Control2,Control4,Control5,Control6,Control8,Control9,Control10,Control11,Control12,Control13,Control15,Control16,Control17
646951,54101;Control1,Control2,Control3,Control5,Control6,Control7,Control8,Control9,Control10,Control11,Control13,Control15,Control16,Control17
646951,26150,5865,6716,1047,166979,219527,4544,116173;Control1,Control3,Control4,Control5,Control6,Control7,Control8,Control9,Control10,Control12,Control13,Control15,Control16,Control17
646951,51512,27178,285643;Control1,Control2,Control3,Control4,Control6,Control7,Control8,Control9,Control10,Control11,Control12,Control13,Control15,Control16,Control17
646951,5354,27178,285643;Control1,Control2,Control3,Control4,Control6,Control7,Control8,Control9,Control10,Control11,Control12,Control13,Control15,Control17
646951,186,27178,285643;Control1,Control2,Control3,Control4,Control6,Control8,Control9,Control10,Control11,Control12,Control13,Control15,Control16,Control17
53836,3512,5865,166979,4544;Control1,Control2,Control3,Control4,Control5,Control7,Control8,Control9,Control10,Control12,Control13,Control15,Control16,Control17
53836,1047,594855;Control1,Control2,Control3,Control4,Control5,Control6,Control7,Control8,Control9,Control10,Control12,Control13,Control15,Control16,Control17
53836,105375027,102724784,1813,105371737,107985627;Control1,Control3,Control4,Control5,Control6,Control7,Control8,Control9,Control10,Control11,Control12,Control15,Control16,Control17
53836,107986990;Control1,Control2,Control3,Control4,Control5,Control6,Control7,Control9,Control10,Control11,Control12,Control15,Control16,Control17
53836,364,594855;Control1,Control2,Control3,Control4,Control5,Control6,Control7,Control8,Control9,Control10,Control12,Control13,Control15,Control16,Control17
53836,100289137,1813;Control1,Control2,Control3,Control5,Control6,Control7,Control8,Control9,Control10,Control11,Control12,Control13,Control15,Control16,Control17
53836,102724784,1813,105371737,107985627;Control1,Control2,Control3,Control4,Control5,Control6,Control7,Control8,Control9,Control10,Control11,Control12,Control15,Control16,Control17
53836,219527,5865,6716,1047,166979,101927686,4544,594855,6345;Control1,Control2,Control3,Control4,Control5,Control7,Control8,Control9,Control10,Control12,Control13,Control15,Control16,Control17
53836,55867;Control1,Control2,Control3,Control4,Control5,Control6,Control7,Control8,Control9,Control10,Control11,Control13,Control16,Control17
53836,1813,105371737;Control1,Control2,Control3,Control4,Control5,Control6,Control7,Control8,Control9,Control10,Control11,Control12,Control13,Control15,Control16,Control17
53836,338667,102724784,1813;Control1,Control2,Control3,Control4,Control5,Control6,Control7,Control8,Control9,Control10,Control11,Control12,Control15,Control17
53836,116173,5865,6716,1047,166979,219527,4544,594855,6345;Control1,Control2,Control3,Control4,Control5,Control7,Control8,Control9,Control10,Control12,Control13,Control15,Control16,Control17
53836,338005,1813,105371737;Control1,Control2,Control3,Control4,Control5,Control6,Control8,Control9,Control10,Control11,Control13,Control15,Control16,Control17
53836,105370953,1047,594855;Control1,Control2,Control3,Control4,Control5,Control6,Control8,Control9,Control10,Control12,Control13,Control15,Control16,Control17
53836,10942;Control1,Control2,Control3,Control4,Control5,Control6,Control7,Control8,Control9,Control10,Control11,Control12,Control13,Control15,Control16,Control17
53836,10642,151760;Control1,Control2,Control3,Control4,Control6,Control7,Control8,Control9,Control10,Control11,Control13,Control15,Control16,Control17
53836,284240,56896,364,3856,113218482,594855;Control1,Control2,Control3,Control4,Control6,Control7,Control8,Control9,Control10,Control12,Control13,Control15,Control16,Control17
53836,3053,1047,594855;Control1,Control2,Control3,Control4,Control5,Control6,Control7,Control8,Control9,Control10,Control12,Control13,Control16,Control17
53836,26150,105371737;Control1,Control2,Control3,Control4,Control6,Control7,Control8,Control9,Control10,Control11,Control12,Control13,Control15,Control16,Control17
53836,729447;Control1,Control2,Control3,Control4,Control5,Control6,Control7,Control8,Control9,Control10,Control11,Control12,Control13,Control16
105374166,4547,51361,81849,5133,23286,340273,100289137,253650,158228,112268037,143662,7546,6495,100506411,654499,970,101927355,54101,2277;Control2,Control3,Control4,Control5,Control6,Control7,Control8,Control10,Control11,Control12,Control13,Control15,Control16,Control17
105374166,10309,51361,23286,340273,100289137,253650,158228,143662,79056,6495,100506411,654499,101927355,107985492,54101;Control1,Control2,Control4,Control5,Control6,Control7,Control8,Control9,Control10,Control11,Control12,Control13,Control15,Control16,Control17
105374166,134285,51361,81849,23286,340273,245972,100289137,253650,158228,112268037,143662,79056,6495,100506411,654499,105371927,970,101927355,54101,2277;Control1,Control3,Control4,Control5,Control6,Control7,Control8,Control9,Control11,Control12,Control13,Control15,Control16,Control17
105374166,2297,253650,112268037;Control1,Control2,Control4,Control5,Control6,Control7,Control8,Control9,Control10,Control11,Control13,Control15,Control16,Control17
105374166,1404;Control1,Control2,Control3,Control5,Control6,Control7,Control8,Control9,Control10,Control11,Control12,Control13,Control15,Control16,Control17
105374166,57451,51361,100996301,10309,23286,340273,100289137,158228,143662,79056,6495,100506411,654499,970,101927355,54101;Control1,Control2,Control4,Control5,Control7,Control8,Control9,Control10,Control11,Control12,Control13,Control15,Control16,Control17
105374166,3135,79056;Control1,Control2,Control3,Control4,Control5,Control6,Control7,Control8,Control9,Control10,Control11,Control12,Control13,Control15,Control16,Control17
105374166,107986606,51361,100996301,81849,5133,100505994,23286,340273,100289137,253650,158228,112268037,143662,79056,6495,100506411,654499,970,101927355,107985492,54101;Control1,Control2,Control3,Control4,Control5,Control6,Control7,Control8,Control10,Control11,Control12,Control13,Control16,Control17
105374166,253582,51361,100996301,81849,23286,340273,100289137,253650,158228,112268037,143662,6495,100506411,654499,101927355,107985492,54101;Control1,Control2,Control3,Control4,Control5,Control6,Control7,Control8,Control9,Control10,Control11,Control12,Control13,Control15
105374166,80329;Control1,Control2,Control3,Control4,Control5,Control6,Control7,Control8,Control9,Control10,Control11,Control12,Control13,Control16,Control17
105374166,245972,51361,81849,23286,340273,100289137,253650,158228,112268037,143662,6495,100506411,654499,970,101927355,54101,2277;Control1,Control2,Control3,Control4,Control5,Control6,Control7,Control8,Control9,Control11,Control12,Control13,Control15,Control16,Control17
105374166,105375690,51361,100996301,81849,100505994,23286,340273,245972,100289137,253650,158228,112268037,143662,79056,6495,100506411,654499,970,101927355,107985492,54101;Control1,Control2,Control3,Control4,Control5,Control6,Control7,Control8,Control9,Control11,Control12,Control13,Control16,Control17
105374166,399815,3135;Control2,Control3,Control4,Control5,Control6,Control7,Control8,Control9,Control10,Control11,Control13,Control15,Control16,Control17
105374166,101101772,51361,100996301,81849,100505994,3135,340273,253650,158228,100506411,654499,101927355,107985492,54101;Control1,Control2,Control3,Control4,Control5,Control7,Control8,Control9,Control10,Control11,Control12,Control13,Control16,Control17
105374166,79056,51361,23286,340273,100289137,253650,158228,143662,6495,100506411,654499,101927355,107985492,54101;Control1,Control2,Control3,Control4,Control5,Control6,Control7,Control8,Control9,Control10,Control11,Control12,Control13,Control15,Control16,Control17
105374166,8538,1404;Control1,Control2,Control3,Control5,Control6,Control7,Control8,Control9,Control11,Control12,Control13,Control15,Control16,Control17
105374166,10993,253650,112268037,9388;Control1,Control2,Control3,Control4,Control5,Control7,Control8,Control9,Control10,Control11,Control13,Control15,Control16,Control17
105374166,2835,51361,81849,23286,340273,100289137,253650,158228,112268037,143662,7546,6495,100506411,654499,101927355,107985492,54101;Control2,Control3,Control4,Control5,Control6,Control7,Control8,Control9,Control10,Control11,Control12,Control15,Control16,Control17
105374166,7546,51361,81849,23286,340273,100289137,253650,158228,112268037,143662,6495,100506411,654499,101927355,107985492,54101;Control2,Control3,Control4,Control5,Control6,Control7,Control8,Control9,Control10,Control11,Control12,Control13,Control15,Control16,Control17
105374166,366,3352,51361,23286,340273,100289137,158228,143662,79056,7546,6495,100506411,654499,970,101927355,54101;Control2,Control3,Control4,Control5,Control7,Control8,Control9,Control10,Control11,Control12,Control13,Control15,Control16,Control17
105374166,9388,81849,253650,112268037,2277;Control1,Control2,Control3,Control4,Control5,Control7,Control8,Control9,Control10,Control11,Control12,Control13,Control15,Control16,Control17
105374166,284240;Control1,Control2,Control3,Control5,Control6,Control7,Control8,Control9,Control10,Control11,Control12,Control13,Control15,Control17
105374166,970,51361,81849,23286,340273,100289137,158228,143662,6495,100506411,654499,101927355,54101,2277;Control1,Control2,Control3,Control4,Control5,Control6,Control7,Control8,Control9,Control10,Control11,Control12,Control13,Control15,Control16,Control17
105374166,9758;Control1,Control2,Control5,Control6,Control7,Control8,Control9,Control10,Control11,Control12,Control13,Control15,Control16,Control17
79674,345079,354;Control1,Control2,Control3,Control4,Control5,Control6,Control8,Control9,Control10,Control11,Control13,Control15,Control16,Control17
79674,4825,389336,1749;Control1,Control2,Control4,Control6,Control7,Control8,Control9,Control10,Control11,Control12,Control13,Control15,Control16,Control17
79674,166979,219527,4544;Control1,Control2,Control3,Control4,Control5,Control6,Control7,Control8,Control9,Control11,Control12,Control13,Control16,Control17
79674,134285,27237,28946,389336,285987,4004,5653,5650,28809,729442;Control1,Control2,Control3,Control4,Control6,Control7,Control8,Control9,Control10,Control11,Control12,Control13,Control16,Control17
79674,100506895,1749,354;Control1,Control2,Control4,Control6,Control7,Control8,Control9,Control10,Control11,Control12,Control13,Control15,Control16,Control17
79674,1749,389336,354;Control1,Control2,Control3,Control4,Control6,Control7,Control8,Control9,Control10,Control11,Control12,Control13,Control15,Control16,Control17
79674,105375690,1749;Control1,Control2,Control3,Control6,Control7,Control8,Control9,Control10,Control11,Control12,Control13,Control15,Control16,Control17
79674,29991,354;Control1,Control2,Control4,Control5,Control6,Control7,Control8,Control9,Control10,Control11,Control13,Control15,Control16,Control17
79674,101101772;Control1,Control2,Control3,Control5,Control6,Control7,Control8,Control9,Control11,Control12,Control13,Control15,Control16,Control17
79674,4973,28946,285987,1749,4004,105371152,5653,5650,28809,729442;Control1,Control2,Control3,Control4,Control6,Control7,Control8,Control9,Control10,Control11,Control12,Control13,Control16,Control17
79674,105369685;Control1,Control2,Control3,Control4,Control6,Control7,Control9,Control10,Control11,Control12,Control13,Control15,Control16,Control17
79674,3856,354;Control1,Control2,Control3,Control4,Control5,Control7,Control8,Control9,Control10,Control11,Control12,Control13,Control15,Control16,Control17
79674,113218482,28946,3512,105371152;Control1,Control2,Control3,Control4,Control5,Control7,Control8,Control9,Control10,Control11,Control12,Control13,Control16,Control17
79674,3227,389336,1749,354;Control1,Control2,Control3,Control4,Control6,Control7,Control8,Control9,Control10,Control12,Control13,Control15,Control16,Control17
79674,5100;Control1,Control2,Control3,Control4,Control5,Control6,Control8,Control9,Control11,Control12,Control13,Control15,Control16,Control17
79674,28755;Control1,Control2,Control3,Control5,Control6,Control7,Control8,Control9,Control10,Control11,Control12,Control13,Control16,Control17
79674,3502,28946,105371152;Control1,Control2,Control3,Control4,Control5,Control6,Control7,Control8,Control9,Control10,Control11,Control12,Control13,Control16,Control17
79674,100126311;Control1,Control2,Control3,Control4,Control6,Control7,Control8,Control9,Control10,Control12,Control13,Control15,Control16,Control17
79674,6860,107985513;Control2,Control3,Control4,Control5,Control6,Control7,Control8,Control9,Control11,Control12,Control13,Control15,Control16,Control17
79674,115701,1749,3229,4496;Control1,Control2,Control3,Control4,Control6,Control7,Control8,Control9,Control11,Control12,Control13,Control15,Control16,Control17
79674,354;Control1,Control2,Control3,Control4,Control5,Control6,Control7,Control8,Control9,Control10,Control11,Control12,Control13,Control15,Control16,Control17
79674,3053;Control1,Control2,Control3,Control4,Control5,Control6,Control7,Control8,Control9,Control11,Control12,Control13,Control15,Control17
79674,113730;Control2,Control3,Control4,Control5,Control6,Control7,Control8,Control10,Control11,Control12,Control13,Control15,Control16,Control17
9076,101928658,4318,109729184;Control1,Control2,Control3,Control4,Control5,Control6,Control7,Control8,Control9,Control10,Control11,Control12,Control13,Control15,Control16,Control17
9076,6534,105378305;Control1,Control2,Control3,Control4,Control5,Control6,Control7,Control8,Control9,Control10,Control12,Control13,Control15,Control16
9076,6943;Control1,Control2,Control5,Control6,Control7,Control8,Control9,Control10,Control11,Control12,Control13,Control15,Control16,Control17
9076,102723724;Control1,Control2,Control3,Control4,Control5,Control6,Control7,Control9,Control10,Control11,Control13,Control15,Control16,Control17
9076,64094,101928658,107986951,4318,109729184;Control1,Control2,Control4,Control5,Control6,Control7,Control8,Control9,Control10,Control11,Control12,Control13,Control15,Control17
9076,340273,101928658,100506411,57167;Control2,Control3,Control5,Control6,Control7,Control8,Control9,Control10,Control11,Control12,Control13,Control15,Control16,Control17
9076,107986951,101928658,4318,109729184;Control1,Control2,Control3,Control4,Control5,Control6,Control7,Control8,Control9,Control10,Control11,Control12,Control13,Control15,Control17
9076,11075,101928658;Control1,Control2,Control3,Control4,Control5,Control6,Control8,Control9,Control11,Control12,Control13,Control15,Control16,Control17
9076,105378305,4318,109729184;Control1,Control2,Control3,Control4,Control5,Control6,Control7,Control8,Control9,Control10,Control12,Control13,Control15,Control16,Control17
9076,105369315;Control1,Control2,Control3,Control4,Control5,Control7,Control8,Control9,Control11,Control12,Control13,Control15,Control16,Control17
9076,100506411,101928658,109729184;Control1,Control2,Control3,Control5,Control6,Control7,Control8,Control9,Control10,Control11,Control12,Control13,Control15,Control16,Control17
9076,338005;Control1,Control2,Control3,Control4,Control5,Control6,Control7,Control8,Control9,Control10,Control11,Control12,Control13,Control16,Control17
9076,25818,101928658;Control1,Control2,Control4,Control5,Control6,Control7,Control8,Control9,Control11,Control12,Control13,Control15,Control16,Control17
9076,5650,5798,101928658,4318,109729184;Control1,Control2,Control3,Control4,Control5,Control6,Control7,Control8,Control9,Control12,Control13,Control15,Control16,Control17
9076,57167,101928658,4318,109729184;Control1,Control2,Control3,Control5,Control6,Control7,Control8,Control9,Control10,Control11,Control12,Control13,Control15,Control16,Control17
9076,7477,101928658,100506411,109729184;Control1,Control2,Control3,Control5,Control6,Control7,Control8,Control9,Control10,Control12,Control13,Control15,Control16,Control17
9076,109729169,5798,101928658;Control1,Control2,Control3,Control4,Control6,Control7,Control8,Control9,Control10,Control12,Control13,Control15,Control16,Control17
647309,101928658,374946,5798,11075,109729169;Control1,Control2,Control4,Control5,Control6,Control7,Control8,Control9,Control10,Control12,Control13,Control15,Control16,Control17
647309,2250,646024,105376041,3229,387895,55655;Control1,Control2,Control4,Control5,Control6,Control7,Control8,Control9,Control10,Control11,Control12,Control13,Control15,Control16,Control17
647309,4825;Control1,Control2,Control3,Control4,Control5,Control6,Control7,Control8,Control9,Control11,Control12,Control13,Control15,Control16,Control17
647309,105377508,387895;Control1,Control2,Control3,Control4,Control5,Control6,Control7,Control8,Control9,Control10,Control11,Control13,Control15,Control16,Control17
647309,2297;Control1,Control2,Control3,Control4,Control5,Control6,Control7,Control8,Control9,Control10,Control11,Control12,Control13,Control16,Control17
647309,6534,5798,109729169;Control1,Control2,Control4,Control5,Control6,Control7,Control8,Control9,Control10,Control11,Control12,Control13,Control15,Control16,Control17
647309,860,374946,5798,109729169;Control1,Control2,Control4,Control5,Control6,Control8,Control9,Control10,Control11,Control12,Control13,Control15,Control16,Control17
647309,168002,374946,5798,2250,646024,105376041,3229,387895,115701;Control1,Control2,Control4,Control5,Control6,Control7,Control8,Control9,Control10,Control11,Control13,Control15,Control16,Control17
647309,100506895,148645,3670,345643,5307,1690,100506071,6362,106481742,8471;Control1,Control2,Control3,Control4,Control5,Control6,Control7,Control8,Control9,Control10,Control11,Control13,Control16,Control17
647309,9312,148645,3239,56203,3670,345643,5307,105375894,283078,1690,100506071,6362,106481742,9758,8471;Control1,Control2,Control3,Control4,Control5,Control6,Control7,Control8,Control9,Control10,Control11,Control13,Control16,Control17
647309,100192378,148645,3239,56203,3670,345643,5307,105375894,1690,100506071,6362,106481742,9758,8471;Control1,Control2,Control3,Control4,Control5,Control6,Control7,Control8,Control9,Control10,Control12,Control13,Control16,Control17
647309,554202,731220,646024,105376041,3229,55655;Control1,Control2,Control4,Control5,Control6,Control8,Control9,Control10,Control11,Control12,Control13,Control15,Control16,Control17
647309,347252,387895;Control1,Control2,Control3,Control4,Control5,Control6,Control7,Control8,Control9,Control10,Control12,Control13,Control15,Control17
647309,105378523;Control3,Control4,Control5,Control6,Control7,Control8,Control9,Control10,Control11,Control12,Control13,Control15,Control16,Control17
647309,107984129,89886,5798,168002,105378305,79191,1995;Control1,Control2,Control4,Control5,Control6,Control7,Control8,Control9,Control10,Control11,Control12,Control13,Control16,Control17
647309,3229,731220,646024,105376041,55655;Control1,Control2,Control4,Control5,Control6,Control7,Control8,Control9,Control10,Control11,Control12,Control13,Control15,Control16,Control17
647309,387895;Control1,Control2,Control3,Control4,Control5,Control6,Control7,Control8,Control9,Control10,Control11,Control12,Control13,Control15,Control16,Control17
647309,103689845,731220,646024,11075,105376041;Control1,Control2,Control4,Control5,Control6,Control7,Control8,Control9,Control10,Control11,Control12,Control15,Control16,Control17
647309,5101,2250,860,646024,105376041,387895;Control1,Control2,Control4,Control5,Control6,Control8,Control9,Control10,Control11,Control12,Control13,Control15,Control16,Control17
647309,387978,731220,646024,11075,105376041,55655;Control1,Control2,Control4,Control5,Control6,Control7,Control8,Control10,Control11,Control12,Control13,Control15,Control16,Control17
647309,64843,148645,3239,56203,3670,345643,5307,105375894,1690,100506071,6362,106481742,9758,8471;Control1,Control2,Control3,Control4,Control5,Control6,Control7,Control8,Control10,Control11,Control12,Control13,Control16,Control17
647309,101929690,148645,3239,56203,3670,345643,5307,105375894,9312,1690,100506071,6362,106481742,9758,8471;Control1,Control2,Control3,Control4,Control5,Control6,Control7,Control8,Control9,Control10,Control11,Control13,Control16,Control17
647309,9956,731220,646024,105376041,3229,55655;Control1,Control2,Control4,Control5,Control6,Control7,Control9,Control10,Control11,Control12,Control13,Control15,Control16,Control17
647309,9955;Control1,Control3,Control4,Control5,Control6,Control7,Control8,Control9,Control10,Control11,Control12,Control13,Control15,Control16,Control17
647309,100533789,374946,5798,109729169;Control1,Control2,Control4,Control5,Control6,Control7,Control9,Control10,Control11,Control12,Control13,Control15,Control16,Control17
647309,100533990,5798,344,109729169;Control1,Control2,Control4,Control5,Control6,Control7,Control8,Control9,Control10,Control11,Control12,Control13,Control15,Control16,Control17
647309,25818,4825;Control1,Control2,Control3,Control4,Control5,Control6,Control7,Control8,Control9,Control11,Control12,Control13,Control16,Control17
647309,4318,5798,168002,105378305,79191,1995,109729184;Control1,Control2,Control4,Control5,Control6,Control7,Control8,Control9,Control10,Control11,Control12,Control13,Control16,Control17
647309,109729184,89886,5798,168002,105378305,79191,1995;Control1,Control2,Control4,Control5,Control6,Control7,Control8,Control9,Control10,Control11,Control12,Control13,Control16,Control17
647309,57167,374946,5798,109729169;Control1,Control2,Control5,Control6,Control7,Control8,Control9,Control10,Control11,Control12,Control13,Control15,Control16,Control17
647309,3053,105377508,646024,105376041,3229,387895,55655;Control1,Control2,Control4,Control5,Control6,Control7,Control8,Control9,Control10,Control11,Control12,Control13,Control15,Control16,Control17
647309,7477,5798,168002,79191,10481,344;Control1,Control2,Control4,Control5,Control6,Control7,Control8,Control9,Control10,Control11,Control12,Control13,Control16,Control17
647309,105373150,148645,3239,56203,3670,345643,5307,105375894,1690,100506071,6362,106481742,9758,8471;Control1,Control2,Control3,Control4,Control5,Control6,Control7,Control8,Control9,Control11,Control12,Control13,Control16,Control17
131578,101929215;Control1,Control2,Control3,Control4,Control5,Control6,Control7,Control8,Control9,Control10,Control11,Control12,Control13,Control15,Control16,Control17
131578,105375610,112937;Control1,Control3,Control5,Control6,Control7,Control8,Control9,Control10,Control11,Control12,Control13,Control15,Control16,Control17
131578,100652791;Control1,Control2,Control3,Control5,Control6,Control7,Control8,Control9,Control10,Control11,Control12,Control13,Control15,Control16
131578,100048912;Control1,Control2,Control3,Control4,Control5,Control6,Control7,Control8,Control9,Control10,Control12,Control13,Control16,Control17
131578,4288;Control1,Control2,Control3,Control4,Control5,Control6,Control7,Control8,Control10,Control11,Control12,Control13,Control15,Control16,Control17
131578,2348;Control1,Control2,Control4,Control5,Control6,Control7,Control8,Control9,Control11,Control12,Control13,Control15,Control16,Control17
131578,112937,110806280;Control1,Control2,Control3,Control5,Control6,Control7,Control8,Control9,Control10,Control11,Control12,Control13,Control15,Control16,Control17
131578,1690,3783;Control1,Control2,Control4,Control5,Control6,Control7,Control8,Control9,Control10,Control11,Control12,Control13,Control15,Control17
131578,147841;Control1,Control2,Control3,Control4,Control5,Control6,Control9,Control10,Control11,Control12,Control13,Control15,Control16,Control17
131578,3783;Control1,Control2,Control3,Control4,Control5,Control7,Control8,Control9,Control10,Control11,Control12,Control13,Control15,Control16,Control17
131578,8318;Control1,Control2,Control3,Control5,Control6,Control8,Control9,Control10,Control11,Control12,Control13,Control15,Control16,Control17
100379220,101928658,11075,338005;Control1,Control2,Control3,Control4,Control5,Control6,Control7,Control8,Control9,Control10,Control11,Control12,Control16,Control17
100379220,6690,102724784,3881,107985627;Control1,Control2,Control3,Control4,Control5,Control6,Control7,Control8,Control9,Control11,Control13,Control15,Control16,Control17
100379220,105375027,102724784,107985627;Control1,Control2,Control3,Control4,Control5,Control6,Control7,Control8,Control9,Control10,Control11,Control13,Control15,Control16,Control17
100379220,168002,107984129,1995;Control1,Control2,Control3,Control4,Control5,Control6,Control7,Control8,Control9,Control10,Control11,Control12,Control13,Control15,Control16,Control17
100379220,6422;Control1,Control2,Control3,Control4,Control5,Control6,Control7,Control8,Control9,Control10,Control11,Control15,Control16,Control17
100379220,107986951,168002,4318,109729184;Control1,Control2,Control3,Control4,Control5,Control6,Control7,Control8,Control9,Control10,Control11,Control12,Control15,Control17
100379220,29991,89886,168002,107984129,79191,1995;Control1,Control2,Control3,Control4,Control5,Control6,Control7,Control8,Control9,Control11,Control12,Control15,Control16,Control17
100379220,143662,89886,168002,107984129,1995;Control1,Control2,Control3,Control5,Control7,Control8,Control9,Control10,Control11,Control12,Control13,Control15,Control16,Control17
100379220,105369315,338005;Control1,Control2,Control3,Control4,Control5,Control7,Control8,Control9,Control10,Control11,Control12,Control15,Control16,Control17
100379220,84649;Control1,Control2,Control3,Control4,Control6,Control7,Control8,Control9,Control10,Control12,Control13,Control15,Control16,Control17
100379220,103689845,105375027,102724784,338667,107985627;Control1,Control2,Control3,Control4,Control5,Control6,Control7,Control8,Control9,Control10,Control11,Control13,Control16,Control17
100379220,338005;Control1,Control2,Control3,Control4,Control5,Control6,Control7,Control8,Control9,Control10,Control11,Control12,Control15,Control16,Control17
100379220,50615;Control1,Control2,Control3,Control4,Control5,Control6,Control7,Control8,Control9,Control10,Control11,Control15,Control16,Control17
100379220,79191,89886,168002,107984129,1995;Control1,Control2,Control3,Control4,Control5,Control6,Control7,Control8,Control9,Control10,Control11,Control12,Control15,Control16,Control17
100379220,10265,1995;Control1,Control2,Control3,Control4,Control5,Control6,Control7,Control8,Control9,Control10,Control11,Control12,Control15,Control16,Control17
100379220,4318,168002,79191,109729184;Control1,Control2,Control3,Control4,Control5,Control6,Control7,Control8,Control9,Control10,Control11,Control12,Control15,Control16,Control17
100379220,109729184,89886,168002,79191,1995;Control1,Control2,Control3,Control4,Control5,Control6,Control7,Control8,Control9,Control10,Control11,Control12,Control15,Control16,Control17
100379220,111216286,105375027,102724784,338667,107985627;Control1,Control2,Control3,Control4,Control5,Control7,Control8,Control9,Control10,Control11,Control13,Control15,Control16,Control17
100379220,7477,89886,168002,79191,1995,109729184;Control1,Control2,Control3,Control5,Control6,Control7,Control8,Control9,Control10,Control11,Control12,Control15,Control16,Control17
100379220,349408,89886,168002,107984129,79191,1995;Control1,Control2,Control3,Control4,Control5,Control6,Control7,Control8,Control9,Control10,Control11,Control12,Control15,Control16
100379220,109729169,5798,168002,79191,100533990,344;Control1,Control2,Control3,Control4,Control5,Control6,Control7,Control8,Control9,Control10,Control11,Control12,Control16,Control17
10460,112268460;Control1,Control2,Control3,Control4,Control5,Control6,Control7,Control8,Control9,Control10,Control11,Control12,Control15,Control16,Control17
10460,9232;Control1,Control2,Control3,Control4,Control5,Control6,Control7,Control8,Control9,Control10,Control11,Control12,Control13,Control15,Control16,Control17
10460,2305;Control1,Control2,Control3,Control4,Control5,Control6,Control7,Control8,Control9,Control10,Control12,Control13,Control15,Control16,Control17
10460,107985017,991,9232,113130,9700,9212;Control1,Control2,Control3,Control4,Control6,Control7,Control8,Control9,Control10,Control11,Control12,Control15,Control16,Control17
10460,146909,991,259266,9232,3833,4288,113130,9700,9787,9133,9212;Control1,Control2,Control3,Control4,Control5,Control6,Control7,Control8,Control9,Control11,Control12,Control15,Control16,Control17
10460,55771;Control1,Control2,Control3,Control4,Control5,Control6,Control7,Control9,Control10,Control11,Control12,Control13,Control15,Control16,Control17
10460,102606463;Control2,Control3,Control5,Control6,Control7,Control8,Control9,Control10,Control11,Control12,Control13,Control15,Control16,Control17
10460,22974,991,128239,9232,9700,9212;Control1,Control2,Control3,Control5,Control6,Control7,Control8,Control9,Control10,Control11,Control12,Control15,Control16,Control17
10460,4605;Control1,Control2,Control3,Control4,Control5,Control6,Control7,Control8,Control9,Control10,Control11,Control12,Control13,Control15,Control17
10460,8318;Control1,Control2,Control3,Control4,Control6,Control7,Control8,Control9,Control10,Control11,Control12,Control13,Control15,Control17
112268460,101928658;Control1,Control2,Control3,Control4,Control5,Control7,Control8,Control9,Control10,Control11,Control12,Control13,Control15,Control16
112268460,9232,9212;Control1,Control3,Control4,Control5,Control7,Control8,Control9,Control10,Control11,Control12,Control13,Control15,Control16,Control17
112268460,3833,991,4288,9700;Control1,Control3,Control4,Control5,Control6,Control7,Control8,Control10,Control11,Control12,Control13,Control15,Control16,Control17
112268460,2305;Control1,Control2,Control3,Control4,Control5,Control6,Control7,Control8,Control9,Control10,Control11,Control12,Control15,Control16,Control17
112268460,10024,9232;Control1,Control2,Control3,Control4,Control5,Control7,Control8,Control9,Control10,Control11,Control13,Control15,Control16,Control17
112268460,9700;Control1,Control2,Control3,Control4,Control5,Control6,Control7,Control8,Control10,Control11,Control12,Control13,Control15,Control16,Control17
112268460,1690,100506071;Control1,Control2,Control4,Control5,Control6,Control8,Control9,Control10,Control11,Control12,Control13,Control15,Control16,Control17
112268460,176;Control1,Control2,Control3,Control4,Control5,Control7,Control8,Control9,Control10,Control11,Control12,Control13,Control15,Control17
112268460,10615,991,4288,9212;Control1,Control2,Control3,Control4,Control5,Control7,Control8,Control10,Control11,Control12,Control13,Control15,Control16,Control17
112268460,146909,991,9232,4288,9212;Control1,Control3,Control4,Control5,Control6,Control7,Control8,Control10,Control11,Control12,Control13,Control15,Control16,Control17
112268460,55771,2305;Control1,Control2,Control3,Control4,Control5,Control6,Control7,Control9,Control10,Control11,Control12,Control15,Control16,Control17
112268460,3783;Control1,Control2,Control3,Control4,Control5,Control6,Control7,Control8,Control9,Control10,Control13,Control15,Control16,Control17
112268460,100874530,349408;Control1,Control2,Control3,Control4,Control5,Control6,Control7,Control8,Control9,Control10,Control11,Control13,Control15,Control16,Control17
112268460,158511;Control1,Control3,Control4,Control5,Control6,Control7,Control8,Control9,Control10,Control11,Control12,Control13,Control16,Control17
64151,891,6241,3161,55872,55165,221150,9787,29128,24137;Control1,Control2,Control3,Control4,Control5,Control6,Control7,Control8,Control9,Control10,Control11,Control12,Control13,Control15,Control16,Control17
64151,9232,991,128239,259266,6241,995,4288,9787,9133,9212,24137;Control1,Control2,Control3,Control4,Control5,Control6,Control7,Control10,Control11,Control12,Control13,Control15,Control16,Control17
64151,7272,23397,3161,100288637,29128;Control1,Control2,Control3,Control4,Control5,Control6,Control7,Control8,Control9,Control10,Control11,Control12,Control15,Control16,Control17
64151,2845,9928,10721,55247,4001;Control1,Control2,Control3,Control4,Control5,Control6,Control7,Control9,Control10,Control11,Control12,Control13,Control15,Control17
64151,27299,6664,4001,387978,389903;Control1,Control2,Control3,Control4,Control5,Control6,Control7,Control8,Control9,Control10,Control11,Control12,Control13,Control15
64151,983,4751,23397,3161,54443,55872,55165,7153,29128,24137;Control1,Control3,Control4,Control5,Control6,Control7,Control8,Control9,Control10,Control11,Control12,Control13,Control15,Control16,Control17
64151,55165,9928,55247,3161,55872,7153,29128;Control1,Control2,Control3,Control4,Control5,Control6,Control7,Control8,Control9,Control10,Control11,Control12,Control13,Control15,Control16,Control17
64151,4288,259266,1063,6241,55355,55165,9787,57082,79801,29128,24137;Control1,Control2,Control3,Control4,Control5,Control6,Control7,Control9,Control10,Control11,Control12,Control13,Control15,Control16
64151,113130,259266,1063,6241,4288,9787,9212;Control1,Control2,Control3,Control4,Control5,Control6,Control7,Control8,Control9,Control10,Control11,Control13,Control15,Control16
64151,10024,991,128239,259266,9232,4288,9133,9212;Control1,Control2,Control3,Control4,Control5,Control6,Control7,Control10,Control11,Control12,Control13,Control15,Control16,Control17
64151,144455,4001,221150,51203,220134,29128;Control1,Control2,Control3,Control4,Control5,Control6,Control7,Control8,Control9,Control10,Control11,Control12,Control13,Control15,Control16
64151,387978,4001;Control1,Control2,Control3,Control4,Control5,Control6,Control7,Control8,Control9,Control10,Control11,Control12,Control13,Control15,Control17
64151,100288637,9928,55247,3161,55872,7153,29128;Control1,Control2,Control3,Control4,Control5,Control6,Control7,Control8,Control9,Control10,Control11,Control12,Control15,Control16,Control17
64151,9824,4751,55247,3161,54443,55872,983,7153,29128;Control1,Control4,Control5,Control6,Control7,Control8,Control9,Control10,Control11,Control12,Control13,Control15,Control16,Control17
64151,9493,4001,54443,51203,9055,29128;Control1,Control4,Control5,Control6,Control7,Control8,Control9,Control10,Control11,Control12,Control13,Control15,Control16,Control17
64151,79801,259266,1063,6241,55355,9787,100507118;Control1,Control2,Control3,Control4,Control5,Control6,Control7,Control8,Control9,Control10,Control11,Control12,Control13,Control15,Control16,Control17
64151,9212,259266,1063,6241,55355,55165,9787,57082,51203,100507118,79801;Control1,Control2,Control3,Control4,Control5,Control6,Control7,Control8,Control9,Control10,Control11,Control13,Control15,Control16
64151,101060400,4001,387978;Control1,Control2,Control3,Control4,Control5,Control6,Control8,Control9,Control10,Control11,Control12,Control13,Control15,Control17
64151,332,259266,1063,6241,55355,995,9787,9133,24137;Control1,Control2,Control3,Control4,Control5,Control6,Control7,Control8,Control10,Control11,Control12,Control13,Control15,Control16,Control17
64151,220134,259266,6241,55355,221150,9787,100507118,24137;Control1,Control2,Control3,Control4,Control5,Control6,Control7,Control8,Control9,Control10,Control11,Control12,Control13,Control15,Control16,Control17
64151,105372115,6664,4001,387978;Control2,Control3,Control4,Control5,Control6,Control7,Control8,Control9,Control10,Control11,Control12,Control13,Control15,Control17
64151,147841;Control1,Control2,Control3,Control4,Control5,Control6,Control7,Control8,Control10,Control11,Control12,Control13,Control15,Control16,Control17
64151,22974,128239,259266,6241,55355,995,9787,220134,24137;Control1,Control2,Control3,Control5,Control6,Control7,Control8,Control10,Control11,Control12,Control13,Control15,Control16,Control17
64151,11065,259266,1063,6241,55355,891,55165,221150,9787,57082,51203,100507118,29128,24137;Control1,Control2,Control3,Control4,Control6,Control7,Control8,Control9,Control10,Control11,Control12,Control13,Control15,Control16
64151,389903,56992,221150,220134;Control1,Control2,Control3,Control4,Control5,Control6,Control7,Control8,Control9,Control10,Control11,Control12,Control13,Control15,Control17
100506827,3512;Control2,Control3,Control4,Control6,Control7,Control8,Control9,Control10,Control11,Control12,Control13,Control15,Control16,Control17
100506827,4547,6664,4283,10537,7180,27299,2625,387978,100506655,105372115,23532;Control2,Control3,Control4,Control5,Control6,Control7,Control8,Control9,Control11,Control12,Control13,Control15,Control16,Control17
100506827,7180,10537;Control1,Control2,Control3,Control4,Control5,Control6,Control7,Control8,Control9,Control10,Control11,Control12,Control15,Control16,Control17
100506827,285987,4004,5653,28809,729442;Control2,Control3,Control4,Control5,Control6,Control7,Control8,Control10,Control11,Control12,Control13,Control15,Control16,Control17
100506827,2845,115362,4283,100506655,147741,23532;Control1,Control2,Control3,Control4,Control5,Control6,Control7,Control10,Control11,Control12,Control13,Control15,Control16,Control17
100506827,101927760,115362,3627,10537,100506655,23532;Control1,Control2,Control3,Control4,Control5,Control7,Control8,Control9,Control10,Control11,Control12,Control15,Control16,Control17
100506827,2348;Control1,Control2,Control3,Control4,Control5,Control6,Control7,Control9,Control10,Control11,Control12,Control15,Control16,Control17
100506827,701;Control1,Control2,Control3,Control4,Control5,Control6,Control7,Control8,Control9,Control11,Control12,Control13,Control15,Control16,Control17
100506827,101060400,2625;Control2,Control3,Control4,Control5,Control6,Control8,Control9,Control10,Control11,Control12,Control13,Control15,Control16,Control17
100506827,102606463,115362,4283,10537,100506655,339256,147741,23532;Control1,Control2,Control3,Control4,Control5,Control6,Control7,Control8,Control11,Control12,Control13,Control15,Control16,Control17
100506827,64699;Control2,Control4,Control5,Control6,Control7,Control8,Control9,Control10,Control11,Control12,Control13,Control15,Control16,Control17
100506827,113730,115362,10537,100506655;Control1,Control2,Control3,Control4,Control6,Control7,Control8,Control9,Control10,Control11,Control12,Control13,Control15,Control16,Control17
100506827,389903,6664,4283,7180,27299,2625,387978,100506655,105372115,23532;Control2,Control3,Control4,Control5,Control6,Control7,Control8,Control9,Control11,Control12,Control13,Control15,Control16,Control17
101928658,389336,168002,1749,11075,3229;Control1,Control2,Control3,Control4,Control5,Control6,Control7,Control8,Control9,Control11,Control13,Control15,Control16,Control17
101928658,6534,374946,5798,11075,109729169;Control1,Control2,Control3,Control4,Control5,Control6,Control7,Control8,Control9,Control10,Control12,Control13,Control15,Control17
101928658,860,374946,5798,11075,109729169;Control1,Control2,Control3,Control4,Control5,Control6,Control8,Control9,Control10,Control12,Control13,Control15,Control16,Control17
101928658,168002,11075,4496;Control1,Control2,Control3,Control4,Control5,Control6,Control7,Control8,Control9,Control10,Control11,Control13,Control15,Control16,Control17
101928658,64094;Control1,Control2,Control3,Control4,Control5,Control6,Control7,Control8,Control9,Control10,Control11,Control12,Control13,Control15,Control16,Control17
101928658,100652791,63898,4318,109729184;Control1,Control2,Control3,Control4,Control5,Control6,Control7,Control8,Control9,Control10,Control13,Control15,Control16,Control17
101928658,63898,26289,4318,109729184;Control1,Control2,Control3,Control4,Control5,Control6,Control7,Control8,Control9,Control10,Control12,Control13,Control15,Control16,Control17
101928658,6422,338005;Control1,Control2,Control3,Control4,Control5,Control6,Control7,Control8,Control9,Control10,Control11,Control13,Control16,Control17
101928658,554202,168002,11075,109729169;Control1,Control2,Control3,Control4,Control5,Control6,Control7,Control8,Control9,Control10,Control11,Control13,Control15,Control17
101928658,100048912,347252;Control1,Control2,Control3,Control4,Control5,Control6,Control7,Control8,Control9,Control10,Control11,Control13,Control15,Control16,Control17
101928658,253650,374946,57167;Control1,Control2,Control3,Control5,Control6,Control7,Control8,Control9,Control10,Control12,Control13,Control15,Control16,Control17
101928658,89958;Control1,Control2,Control3,Control4,Control5,Control6,Control7,Control8,Control10,Control11,Control12,Control13,Control15,Control16,Control17
101928658,105378305,26289,4318,109729184;Control1,Control2,Control3,Control4,Control5,Control7,Control8,Control9,Control10,Control12,Control13,Control15,Control16,Control17
101928658,2834;Control1,Control2,Control3,Control4,Control5,Control6,Control7,Control8,Control10,Control11,Control12,Control13,Control15,Control17
101928658,10024,100048912;Control1,Control2,Control3,Control4,Control5,Control6,Control7,Control8,Control9,Control10,Control11,Control13,Control15,Control16
101928658,3229,374946,5798,168002,11075,387895,4496;Control1,Control2,Control3,Control4,Control5,Control6,Control7,Control8,Control9,Control10,Control13,Control15,Control16,Control17
101928658,10993,63898,100506411,7477;Control1,Control2,Control3,Control5,Control6,Control7,Control8,Control9,Control10,Control12,Control13,Control15,Control16,Control17
101928658,338005,11075,50615;Control1,Control2,Control3,Control4,Control5,Control6,Control7,Control8,Control9,Control10,Control11,Control12,Control13,Control16,Control17
101928658,100126311,347252;Control1,Control2,Control3,Control4,Control5,Control6,Control7,Control8,Control9,Control11,Control13,Control15,Control16,Control17
101928658,10265,109729184;Control1,Control2,Control3,Control4,Control5,Control6,Control7,Control8,Control10,Control11,Control12,Control13,Control16,Control17
101928658,100533789,374946,5798;Control1,Control2,Control3,Control4,Control5,Control6,Control7,Control10,Control11,Control12,Control13,Control15,Control16,Control17
101928658,1995,5798,168002,11075,105378305,4318,109729184;Control1,Control2,Control3,Control4,Control5,Control6,Control7,Control8,Control9,Control10,Control12,Control13,Control16,Control17
101928658,10437,109729184;Control2,Control3,Control4,Control5,Control6,Control7,Control8,Control9,Control11,Control12,Control13,Control15,Control16,Control17
101928658,80714,11075;Control1,Control2,Control3,Control4,Control7,Control8,Control9,Control10,Control11,Control12,Control13,Control15,Control16,Control17
101928658,100533990,374946,5798,11075,344,57167;Control1,Control2,Control3,Control4,Control5,Control6,Control7,Control8,Control9,Control10,Control12,Control13,Control15,Control17
101928658,5650;Control1,Control2,Control3,Control4,Control5,Control6,Control7,Control8,Control9,Control11,Control12,Control13,Control15,Control16,Control17
101928658,4605,89958;Control1,Control2,Control3,Control4,Control5,Control6,Control8,Control9,Control10,Control11,Control12,Control15,Control16,Control17
101928658,57167,374946,7477;Control1,Control2,Control3,Control5,Control6,Control7,Control8,Control9,Control10,Control11,Control12,Control13,Control15,Control16,Control17
101928658,349408,26289,168002,4318,109729184,7477;Control1,Control2,Control3,Control4,Control5,Control6,Control7,Control8,Control9,Control10,Control12,Control13,Control15,Control16
10874,891,150468;Control1,Control3,Control4,Control5,Control6,Control7,Control8,Control9,Control10,Control11,Control12,Control13,Control15,Control16,Control17
10874,995,1870,259266,6241,150468,4288,9787,332;Control1,Control3,Control4,Control5,Control6,Control7,Control8,Control9,Control10,Control12,Control13,Control15,Control16,Control17
10874,57016;Control1,Control2,Control3,Control4,Control5,Control6,Control7,Control9,Control11,Control12,Control13,Control15,Control16,Control17
10874,89958,1870,10615;Control1,Control2,Control3,Control4,Control5,Control6,Control7,Control8,Control9,Control10,Control13,Control15,Control16,Control17
10874,112937,128239;Control1,Control2,Control3,Control4,Control5,Control6,Control7,Control8,Control10,Control11,Control12,Control15,Control16,Control17
10874,221150,259266,6241,150468,55355,9787,332,220134,24137;Control1,Control3,Control4,Control5,Control6,Control7,Control8,Control9,Control10,Control11,Control12,Control15,Control16,Control17
10874,10615;Control1,Control2,Control3,Control4,Control5,Control6,Control7,Control8,Control9,Control11,Control13,Control15,Control16,Control17
10874,105371737;Control1,Control2,Control3,Control4,Control5,Control6,Control7,Control8,Control9,Control10,Control12,Control13,Control15,Control16,Control17
10874,55771;Control1,Control2,Control3,Control4,Control5,Control6,Control7,Control9,Control10,Control11,Control13,Control15,Control16,Control17
10874,220134,128239,55355,4288,10615;Control1,Control2,Control3,Control4,Control5,Control6,Control7,Control8,Control9,Control11,Control12,Control15,Control16,Control17
10874,147841;Control1,Control2,Control3,Control5,Control6,Control7,Control8,Control9,Control10,Control11,Control12,Control13,Control15,Control16,Control17
10874,8318;Control1,Control2,Control3,Control4,Control5,Control6,Control7,Control8,Control10,Control11,Control12,Control13,Control15,Control16,Control17
10874,9582;Control1,Control2,Control3,Control4,Control5,Control6,Control7,Control8,Control9,Control10,Control11,Control12,Control15,Control17
10874,24137,991,128239,259266,6241,150468,55355,9787,332,220134;Control1,Control3,Control4,Control5,Control6,Control7,Control8,Control9,Control10,Control11,Control12,Control15,Control16,Control17
3512,1047,166979,4544;Control1,Control2,Control3,Control4,Control5,Control6,Control7,Control8,Control9,Control10,Control11,Control12,Control13,Control15,Control16,Control17
3512,134285,28946,285987,4004,3502,5653,5650,28809,729442;Control1,Control2,Control3,Control4,Control6,Control7,Control8,Control9,Control10,Control11,Control12,Control13,Control15,Control16,Control17
3512,5307,28946,134285,285987,4004,3502,5653,28809,729442;Control1,Control2,Control4,Control6,Control7,Control8,Control9,Control10,Control11,Control12,Control13,Control15,Control16,Control17
3512,389336,115019;Control1,Control2,Control3,Control4,Control6,Control7,Control8,Control10,Control11,Control12,Control13,Control15,Control16,Control17
3512,1750;Control1,Control2,Control3,Control4,Control7,Control8,Control9,Control10,Control11,Control12,Control13,Control15,Control16,Control17
3512,245972,28946,105371152;Control1,Control2,Control3,Control5,Control6,Control8,Control9,Control10,Control11,Control12,Control13,Control15,Control16,Control17
3512,364,5865,28946,166979,219527,4544,116173,594855,6345;Control1,Control2,Control3,Control4,Control5,Control7,Control8,Control9,Control11,Control12,Control13,Control15,Control16,Control17
3512,283078,105371152;Control1,Control2,Control4,Control5,Control6,Control7,Control8,Control9,Control10,Control11,Control12,Control13,Control15,Control16,Control17
3512,7681,1047,166979,4544,107985436;Control1,Control2,Control3,Control4,Control5,Control6,Control8,Control9,Control10,Control11,Control12,Control13,Control15,Control16,Control17
3512,105370953,5865,1047,166979,4544,7681,107985436;Control1,Control2,Control3,Control4,Control5,Control8,Control9,Control10,Control11,Control12,Control13,Control15,Control16,Control17
3512,105370960,477,166979,4544;Control1,Control2,Control3,Control4,Control5,Control6,Control7,Control9,Control10,Control11,Control13,Control15,Control16,Control17
3512,145873,58,28946,2019,134285,285987,4004,3502,354,5653,5650,28809,729442;Control1,Control2,Control3,Control4,Control6,Control7,Control8,Control10,Control11,Control12,Control13,Control15,Control16,Control17
3512,10942;Control1,Control2,Control3,Control4,Control5,Control6,Control7,Control8,Control9,Control10,Control12,Control13,Control15,Control16,Control17
3512,284293,3502;Control1,Control2,Control3,Control4,Control6,Control7,Control8,Control9,Control10,Control11,Control12,Control13,Control15,Control16,Control17
3512,101929707,28946,134285,285987,4004,3502,5653,28809,729442;Control1,Control3,Control4,Control6,Control7,Control8,Control9,Control10,Control11,Control12,Control13,Control15,Control16,Control17
4283,4547,6664,3627,10537,27299,2625,387978,100506655,105372115,23532;Control2,Control3,Control4,Control5,Control6,Control7,Control8,Control9,Control10,Control11,Control12,Control13,Control15,Control16,Control17
4283,4001,3604,6664,3627,10537,27299,2625,387978,100506655,105372115,23532;Control3,Control4,Control5,Control6,Control7,Control8,Control9,Control10,Control11,Control12,Control13,Control15,Control16,Control17
4283,10537,100506655,23532;Control1,Control2,Control3,Control4,Control5,Control6,Control7,Control8,Control9,Control10,Control11,Control12,Control13,Control15,Control16,Control17
4283,7180,6664,27299,2625,387978,100506655,105372115,23532;Control2,Control3,Control4,Control5,Control6,Control7,Control8,Control9,Control10,Control11,Control12,Control13,Control15,Control16,Control17
4283,2845,3604,6664,3627,10537,27299,2625,387978,100506655,105372115,23532;Control2,Control3,Control4,Control5,Control6,Control7,Control9,Control10,Control11,Control12,Control13,Control15,Control16,Control17
4283,3620,10537,100506655,23532;Control1,Control2,Control3,Control4,Control5,Control6,Control9,Control10,Control11,Control12,Control13,Control15,Control16,Control17
4283,9312,102606463,147741,107985513;Control1,Control2,Control4,Control6,Control7,Control8,Control9,Control10,Control11,Control12,Control13,Control15,Control16,Control17
4283,105375622,100506655,147741,23532;Control1,Control2,Control3,Control4,Control5,Control6,Control7,Control9,Control10,Control11,Control12,Control13,Control15,Control17
4283,338376,105376042,339256,102606463,147741;Control1,Control2,Control3,Control4,Control5,Control6,Control8,Control9,Control10,Control11,Control12,Control13,Control16,Control17
4283,105376042,100506655,147741,23532;Control1,Control2,Control3,Control4,Control5,Control6,Control8,Control9,Control10,Control11,Control12,Control13,Control15,Control16,Control17
4283,101927760,115362,10537,100506655,23532;Control1,Control2,Control3,Control4,Control5,Control7,Control8,Control9,Control10,Control11,Control12,Control15,Control16,Control17
4283,50614,3604,6664,7180,27299,2625,387978,100506655,105372115,23532;Control2,Control3,Control4,Control5,Control6,Control7,Control8,Control9,Control10,Control11,Control12,Control15,Control16,Control17
4283,2835,7546,100506655,102606463,147741;Control1,Control2,Control3,Control5,Control6,Control7,Control8,Control9,Control10,Control11,Control12,Control15,Control16,Control17
4283,7546,366,339256,147741;Control1,Control2,Control3,Control5,Control6,Control7,Control8,Control9,Control10,Control11,Control12,Control13,Control15,Control16,Control17
4283,5083,3604,6664,3627,4547,10537,27299,2625,387978,100506655,101060400,23532;Control2,Control3,Control4,Control5,Control6,Control8,Control9,Control10,Control11,Control12,Control13,Control15,Control16,Control17
4283,701,10537,100506655,23532;Control1,Control2,Control3,Control4,Control5,Control7,Control8,Control9,Control10,Control11,Control12,Control13,Control15,Control16,Control17
4283,594855,5865,6716,3580,1047,166979,4544,6345;Control2,Control3,Control4,Control5,Control6,Control7,Control8,Control10,Control11,Control12,Control13,Control15,Control16,Control17
4283,64843,3604,6664,3627,4547,10537,27299,2625,387978,100506655,105372115,23532;Control2,Control4,Control5,Control6,Control7,Control8,Control9,Control10,Control11,Control12,Control13,Control15,Control16,Control17
4283,101929690,147741;Control1,Control2,Control4,Control5,Control6,Control7,Control8,Control9,Control10,Control11,Control12,Control13,Control15,Control16,Control17
4283,9055,3604,6664,4001,10537,27299,2625,387978,100506655,105372115,23532;Control3,Control4,Control5,Control6,Control7,Control8,Control9,Control10,Control11,Control12,Control13,Control15,Control16,Control17
4283,6345,701;Control1,Control2,Control3,Control4,Control7,Control8,Control9,Control10,Control11,Control12,Control13,Control15,Control16,Control17
4283,105371275,115362,2625;Control2,Control3,Control4,Control5,Control6,Control7,Control8,Control9,Control10,Control11,Control13,Control15,Control16,Control17
4283,339256,102606463,147741;Control1,Control2,Control3,Control4,Control5,Control6,Control7,Control8,Control9,Control10,Control11,Control12,Control13,Control15,Control16,Control17
4283,6860,102606463,147741,107985513;Control1,Control2,Control3,Control4,Control6,Control7,Control8,Control9,Control10,Control11,Control12,Control13,Control16,Control17
4283,147741,100506655;Control1,Control2,Control3,Control4,Control5,Control6,Control7,Control8,Control9,Control10,Control11,Control12,Control13,Control15,Control16,Control17
4283,8529,147741;Control1,Control2,Control3,Control4,Control5,Control6,Control7,Control9,Control10,Control12,Control13,Control15,Control16,Control17
4283,107985513,102606463,147741;Control1,Control2,Control3,Control4,Control6,Control7,Control8,Control9,Control10,Control11,Control12,Control13,Control15,Control16,Control17
4283,113730,10537,100506655,23532;Control1,Control2,Control3,Control4,Control6,Control7,Control8,Control9,Control10,Control11,Control12,Control13,Control16,Control17
4283,389903,6664,27299,2625,387978,100506655,105372115,23532;Control2,Control3,Control4,Control5,Control6,Control7,Control8,Control9,Control10,Control11,Control12,Control13,Control15,Control16,Control17
3627,4547,105372115;Control1,Control2,Control3,Control4,Control5,Control6,Control7,Control8,Control9,Control10,Control11,Control12,Control13,Control15,Control16,Control17
3627,7180,105372115;Control1,Control2,Control3,Control4,Control5,Control6,Control7,Control8,Control9,Control10,Control11,Control12,Control13,Control15,Control16,Control17
3627,2845,4547,105372115;Control1,Control2,Control3,Control4,Control5,Control6,Control7,Control9,Control10,Control11,Control12,Control13,Control15,Control16,Control17
3627,85479,4547,2625;Control1,Control2,Control3,Control4,Control5,Control7,Control8,Control9,Control10,Control11,Control13,Control15,Control16,Control17
3627,105375894,4547,7180,2625,105372115;Control1,Control2,Control4,Control5,Control6,Control7,Control8,Control9,Control10,Control11,Control12,Control15,Control16,Control17
3627,245972;Control2,Control3,Control4,Control5,Control6,Control7,Control8,Control10,Control11,Control12,Control13,Control15,Control16,Control17
3627,338376,7546,102606463;Control1,Control2,Control3,Control4,Control5,Control6,Control7,Control8,Control10,Control11,Control12,Control13,Control16,Control17
3627,105376042,115362,4283,10537,100506655,339256,102606463,147741,23532;Control1,Control2,Control3,Control4,Control5,Control6,Control8,Control10,Control11,Control12,Control13,Control15,Control16,Control17
3627,7546,102606463;Control1,Control2,Control3,Control4,Control5,Control6,Control7,Control8,Control10,Control11,Control12,Control13,Control15,Control16,Control17
3627,366,4283,7546,100506655,339256,23532;Control1,Control2,Control3,Control5,Control6,Control7,Control8,Control10,Control11,Control12,Control13,Control15,Control16,Control17
3627,105371275,29851,5133,4547,7180,2625,105372115;Control1,Control2,Control3,Control5,Control6,Control7,Control8,Control9,Control10,Control11,Control13,Control15,Control16,Control17
3627,147741,115362,4283,10537,7546,100506655,339256,102606463,23532;Control1,Control2,Control3,Control5,Control6,Control7,Control8,Control10,Control11,Control12,Control13,Control15,Control16,Control17
3627,55423;Control1,Control2,Control3,Control4,Control5,Control7,Control8,Control10,Control11,Control12,Control13,Control15,Control16,Control17
3627,107985513,10537;Control1,Control2,Control3,Control5,Control6,Control7,Control8,Control10,Control11,Control12,Control13,Control15,Control16,Control17
3627,389903,3604,6664,4283,10537,27299,2625,387978,100506655,105372115,23532;Control2,Control3,Control4,Control5,Control6,Control7,Control8,Control9,Control10,Control11,Control12,Control13,Control15,Control16
345079,4825,389336;Control1,Control2,Control4,Control5,Control6,Control8,Control9,Control10,Control11,Control12,Control13,Control15,Control16,Control17
345079,101929215,941;Control1,Control2,Control3,Control4,Control5,Control6,Control7,Control8,Control9,Control10,Control11,Control12,Control13,Control15
345079,389336;Control1,Control2,Control3,Control4,Control5,Control6,Control8,Control9,Control10,Control11,Control12,Control13,Control15,Control16,Control17
345079,860,941,7681;Control1,Control2,Control3,Control4,Control5,Control6,Control7,Control8,Control9,Control11,Control12,Control13,Control15,Control16,Control17
345079,80328;Control1,Control2,Control3,Control4,Control5,Control7,Control8,Control9,Control10,Control11,Control12,Control13,Control15,Control17
345079,285987,58,4004,3502,354,5650,28809,729442;Control1,Control2,Control3,Control4,Control5,Control6,Control8,Control9,Control10,Control11,Control12,Control13,Control16,Control17
345079,1749,389336;Control1,Control2,Control3,Control4,Control6,Control8,Control9,Control10,Control11,Control12,Control13,Control15,Control16,Control17
345079,100652791,860,5100;Control1,Control2,Control3,Control4,Control5,Control6,Control7,Control8,Control9,Control11,Control12,Control13,Control15,Control17
345079,105376042,941,860,7681;Control2,Control3,Control4,Control5,Control6,Control7,Control8,Control9,Control11,Control12,Control13,Control15,Control16,Control17
345079,9355,941,860,7681;Control1,Control2,Control3,Control5,Control6,Control7,Control8,Control9,Control11,Control12,Control13,Control15,Control16,Control17
345079,79733;Control1,Control3,Control4,Control5,Control6,Control7,Control8,Control9,Control10,Control11,Control12,Control13,Control15,Control16
345079,103695435,7681;Control1,Control2,Control3,Control4,Control5,Control6,Control7,Control8,Control9,Control11,Control12,Control13,Control15,Control16,Control17
345079,6768;Control1,Control2,Control3,Control4,Control5,Control6,Control8,Control9,Control10,Control11,Control12,Control15,Control16,Control17
345079,8549,860;Control1,Control2,Control3,Control4,Control5,Control6,Control7,Control8,Control9,Control11,Control12,Control15,Control16,Control17
345079,122042,860;Control1,Control2,Control3,Control4,Control5,Control6,Control7,Control8,Control11,Control12,Control13,Control15,Control16,Control17
345079,5100;Control1,Control2,Control3,Control4,Control5,Control6,Control7,Control8,Control9,Control11,Control12,Control13,Control15,Control16,Control17
345079,5101,860;Control1,Control2,Control3,Control5,Control6,Control7,Control8,Control9,Control11,Control12,Control13,Control15,Control16,Control17
345079,5265;Control1,Control2,Control3,Control4,Control5,Control6,Control8,Control9,Control10,Control11,Control12,Control13,Control16,Control17
345079,101060400,941,860,7681;Control1,Control2,Control3,Control4,Control5,Control6,Control7,Control8,Control11,Control12,Control13,Control15,Control16,Control17
345079,10437,389336;Control2,Control3,Control4,Control5,Control6,Control8,Control9,Control10,Control11,Control12,Control13,Control15,Control16,Control17
345079,4318,860,122042,109729184;Control1,Control2,Control3,Control4,Control5,Control6,Control7,Control8,Control9,Control11,Control13,Control15,Control16,Control17
2250,4825;Control1,Control2,Control3,Control4,Control5,Control6,Control7,Control8,Control9,Control10,Control11,Control12,Control15,Control16,Control17
2250,105377508,284958,646024,105376041,3229,387895,115701,55655;Control1,Control2,Control3,Control4,Control5,Control6,Control7,Control8,Control9,Control11,Control12,Control15,Control16,Control17
2250,100505994,646024,105375690,105376041,3229,107985492;Control1,Control2,Control3,Control5,Control6,Control7,Control8,Control9,Control10,Control11,Control12,Control13,Control15,Control16,Control17
2250,6690;Control1,Control2,Control3,Control4,Control5,Control6,Control7,Control8,Control9,Control10,Control12,Control13,Control16,Control17
2250,389336,646024,11075,105376041,3229,387895;Control1,Control2,Control3,Control4,Control5,Control6,Control7,Control8,Control9,Control12,Control13,Control15,Control16,Control17
2250,860,646024,105376041,3229,387895;Control1,Control2,Control3,Control4,Control5,Control6,Control8,Control9,Control10,Control11,Control12,Control13,Control15,Control16,Control17
2250,107986606,100505994,646024,105375690,105376041,3229,387978,107985492;Control1,Control2,Control3,Control5,Control6,Control7,Control8,Control10,Control11,Control12,Control13,Control15,Control16,Control17
2250,646024,105376041,3229,387895;Control1,Control2,Control3,Control4,Control5,Control6,Control7,Control8,Control9,Control10,Control11,Control12,Control13,Control15,Control16,Control17
2250,168002,5798,646024,105376041,3229,387895,109729169;Control1,Control2,Control3,Control4,Control5,Control6,Control7,Control8,Control9,Control10,Control11,Control13,Control15,Control16
2250,100652791,56300,860,646024,105376041,3229,387895,4496;Control1,Control2,Control3,Control4,Control5,Control6,Control8,Control9,Control10,Control11,Control12,Control13,Control15,Control17
2250,554202,860,646024,105376041,3229,387895;Control1,Control2,Control3,Control4,Control5,Control6,Control8,Control9,Control11,Control12,Control13,Control15,Control16,Control17
2250,122042,860,646024,105376041,3229,387895,387978;Control1,Control2,Control3,Control4,Control5,Control6,Control8,Control10,Control11,Control12,Control13,Control15,Control16,Control17
2250,103689845,100505994,646024,105376041,55655;Control1,Control2,Control3,Control4,Control5,Control6,Control7,Control8,Control9,Control11,Control12,Control15,Control16,Control17
2250,5101,860,646024,105376041;Control1,Control2,Control3,Control4,Control5,Control6,Control8,Control9,Control10,Control11,Control12,Control13,Control15,Control16,Control17
2250,387978,646024,105376041,3229,387895;Control1,Control2,Control3,Control4,Control5,Control6,Control7,Control8,Control10,Control11,Control12,Control13,Control15,Control16,Control17
2250,9956,646024,105376041,3229,387895;Control1,Control2,Control3,Control4,Control5,Control6,Control7,Control9,Control10,Control11,Control12,Control13,Control15,Control16,Control17
2250,79191;Control1,Control2,Control3,Control4,Control5,Control6,Control7,Control8,Control9,Control10,Control11,Control15,Control16,Control17
2250,115701,284958,646024,105376041,3229,387895;Control1,Control2,Control3,Control4,Control5,Control6,Control7,Control8,Control9,Control10,Control11,Control12,Control15,Control16,Control17
2250,100533990,5865,5798,646024,105376041,3229,109729169;Control1,Control2,Control3,Control4,Control6,Control7,Control8,Control9,Control10,Control11,Control13,Control15,Control16,Control17
2250,344,5798,646024,105376041,3229,100533990,109729169;Control1,Control2,Control3,Control4,Control6,Control7,Control8,Control9,Control10,Control11,Control13,Control15,Control16,Control17
2250,55655,284958,646024,105376041,3229,115701;Control1,Control2,Control3,Control4,Control5,Control6,Control7,Control8,Control9,Control10,Control11,Control12,Control15,Control16,Control17
2250,3053,5865,646024,105376041,109729169;Control1,Control2,Control3,Control4,Control6,Control7,Control8,Control9,Control11,Control12,Control13,Control15,Control16,Control17
2250,109729169,646024,105376041,55655;Control1,Control2,Control3,Control4,Control5,Control6,Control7,Control8,Control9,Control10,Control11,Control12,Control15,Control16,Control17
4825,105377508;Control1,Control2,Control3,Control4,Control5,Control6,Control7,Control8,Control9,Control11,Control12,Control13,Control15,Control16,Control17
4825,389336,1749;Control1,Control2,Control4,Control5,Control6,Control7,Control8,Control9,Control10,Control11,Control12,Control13,Control15,Control16,Control17
4825,100506895,389336,1749;Control1,Control2,Control4,Control5,Control6,Control7,Control8,Control9,Control10,Control11,Control12,Control13,Control15,Control17
4825,100192378,148645,3670,345643,5307,1690,100506071,6362,106481742,105373150,8471;Control1,Control2,Control3,Control4,Control5,Control6,Control7,Control8,Control9,Control11,Control12,Control13,Control16,Control17
4825,105375690;Control1,Control2,Control3,Control5,Control6,Control7,Control8,Control9,Control10,Control11,Control12,Control13,Control15,Control16,Control17
4825,554202,105377508,646024,105376041,55655;Control1,Control2,Control4,Control5,Control6,Control7,Control8,Control9,Control11,Control12,Control13,Control15,Control16,Control17
4825,4973,285987,1749,4004,25818,5653,5650,105373150,729442;Control1,Control2,Control4,Control5,Control6,Control7,Control8,Control9,Control10,Control11,Control12,Control13,Control16,Control17
4825,3227,389336,1749;Control1,Control2,Control4,Control5,Control6,Control7,Control8,Control9,Control10,Control12,Control13,Control15,Control16,Control17
4825,387895,647309;Control1,Control2,Control3,Control4,Control5,Control6,Control7,Control8,Control9,Control11,Control12,Control13,Control15,Control17
4825,100126311,1749;Control1,Control2,Control4,Control5,Control6,Control7,Control8,Control9,Control10,Control11,Control12,Control13,Control15,Control17
4825,64843;Control1,Control2,Control4,Control5,Control6,Control7,Control8,Control10,Control11,Control12,Control13,Control15,Control16,Control17
4825,9955,647309;Control1,Control3,Control4,Control5,Control6,Control7,Control8,Control9,Control11,Control12,Control13,Control15,Control16,Control17
4825,10481,105373150;Control1,Control2,Control3,Control4,Control5,Control6,Control7,Control8,Control9,Control10,Control11,Control13,Control16,Control17
4825,115701,55655;Control1,Control2,Control4,Control5,Control6,Control7,Control8,Control9,Control10,Control11,Control12,Control13,Control15,Control16,Control17
4825,25818,105373150;Control1,Control2,Control3,Control4,Control5,Control6,Control7,Control8,Control9,Control10,Control11,Control12,Control13,Control16,Control17
4825,55655,2250;Control1,Control2,Control4,Control5,Control6,Control7,Control8,Control9,Control10,Control11,Control12,Control13,Control15,Control16,Control17
4825,3053,647309,105377508,646024,105376041,3229,387895,115701,55655;Control1,Control2,Control4,Control5,Control6,Control7,Control8,Control9,Control11,Control12,Control13,Control15,Control16,Control17
4547,55247,6664,56992,2625,9055,105372115,389903;Control1,Control3,Control5,Control6,Control7,Control8,Control9,Control10,Control11,Control12,Control13,Control15,Control16,Control17
4547,10309,57451,6495;Control2,Control3,Control4,Control5,Control6,Control7,Control8,Control10,Control11,Control12,Control13,Control15,Control16,Control17
4547,100505994,3352,51361,100996301,5133,23286,107986606,340273,158228,143662,6495,100506411,654499,101927355,107985492,54101;Control1,Control2,Control3,Control4,Control5,Control6,Control7,Control8,Control10,Control11,Control12,Control13,Control16,Control17
4547,4001,6664,27299,2625,387978;Control1,Control3,Control4,Control5,Control6,Control7,Control8,Control9,Control10,Control11,Control12,Control13,Control15,Control16,Control17
4547,57451,51361,23286,340273,158228,143662,7546,6495,100506411,654499,101927355,54101;Control2,Control3,Control4,Control5,Control6,Control7,Control8,Control10,Control11,Control12,Control13,Control15,Control16,Control17
4547,3135,3352,51361,340273,158228,143662,79056,6495,100506411,654499,101927355,54101;Control1,Control2,Control3,Control4,Control5,Control7,Control8,Control10,Control11,Control12,Control13,Control15,Control16,Control17
4547,2845,6664,27299,2625,387978,105372115;Control1,Control2,Control3,Control4,Control5,Control6,Control7,Control9,Control10,Control11,Control12,Control13,Control15,Control16,Control17
4547,85479;Control1,Control2,Control3,Control4,Control5,Control7,Control8,Control9,Control10,Control11,Control12,Control13,Control15,Control16,Control17
4547,105375894,2625;Control1,Control2,Control4,Control5,Control6,Control7,Control8,Control9,Control10,Control11,Control12,Control13,Control15,Control16,Control17
4547,253650,51361,100996301,81849,5133,23286,340273,100289137,158228,112268037,143662,7546,6495,100506411,654499,970,101927355,54101;Control2,Control3,Control4,Control5,Control6,Control7,Control8,Control10,Control11,Control12,Control13,Control15,Control16,Control17
4547,79056,3352,51361,100996301,5133,23286,340273,100289137,158228,143662,7546,6495,100506411,654499,970,101927355,54101;Control2,Control3,Control4,Control5,Control6,Control7,Control8,Control10,Control11,Control12,Control13,Control15,Control16,Control17
4547,144455,6664,4001,27299,2625,387978;Control1,Control3,Control4,Control5,Control6,Control7,Control8,Control9,Control10,Control11,Control12,Control13,Control15,Control17
4547,50614,6664,7180,2625,387978;Control1,Control2,Control3,Control5,Control6,Control7,Control8,Control9,Control10,Control11,Control12,Control13,Control15,Control16,Control17
4547,64843,6664,27299,2625,387978,105372115;Control1,Control2,Control4,Control5,Control6,Control7,Control8,Control9,Control10,Control11,Control12,Control13,Control15,Control16,Control17
4547,9055,3604,6664,4001,27299,2625,387978,105372115;Control1,Control3,Control5,Control6,Control7,Control8,Control9,Control10,Control11,Control12,Control13,Control15,Control16,Control17
4547,9496;Control1,Control3,Control4,Control5,Control6,Control7,Control8,Control9,Control10,Control11,Control12,Control13,Control15,Control17
4547,102606463,4283,10537,7546,100506655,147741,23532;Control1,Control2,Control3,Control5,Control6,Control7,Control8,Control10,Control11,Control12,Control13,Control15,Control16,Control17
4547,107985492,51361,100996301,81849,5133,23286,340273,100289137,253650,158228,112268037,143662,7546,6495,100506411,654499,101927355,54101;Control2,Control3,Control4,Control5,Control6,Control7,Control8,Control10,Control11,Control12,Control13,Control15,Control16,Control17
4547,2277,3352,51361,5133,23286,340273,158228,143662,6495,100506411,654499,101927355,54101;Control1,Control2,Control3,Control4,Control5,Control6,Control8,Control10,Control11,Control12,Control13,Control15,Control16,Control17
4547,389903,6664,27299,2625,387978,105372115;Control1,Control2,Control3,Control4,Control5,Control6,Control7,Control8,Control9,Control10,Control11,Control12,Control13,Control15,Control16
1062,4085;Control1,Control2,Control3,Control5,Control6,Control7,Control8,Control9,Control10,Control11,Control12,Control13,Control15,Control16,Control17
1062,8329;Control1,Control4,Control5,Control6,Control7,Control8,Control9,Control10,Control11,Control12,Control13,Control15,Control16,Control17
1062,11130;Control1,Control2,Control3,Control4,Control6,Control7,Control8,Control9,Control10,Control11,Control12,Control13,Control15,Control16,Control17
1062,983,4751,55247,3161,100288637;Control1,Control2,Control3,Control6,Control7,Control8,Control9,Control10,Control11,Control12,Control13,Control15,Control16,Control17
1062,144455;Control1,Control2,Control3,Control4,Control6,Control7,Control8,Control9,Control10,Control11,Control12,Control13,Control15,Control17
1062,100288637;Control1,Control2,Control3,Control4,Control6,Control7,Control8,Control9,Control10,Control12,Control13,Control15,Control16,Control17
1062,51203,699;Control1,Control2,Control3,Control4,Control6,Control7,Control8,Control9,Control10,Control11,Control12,Control13,Control15,Control17
1062,9493;Control1,Control2,Control4,Control6,Control7,Control8,Control9,Control10,Control11,Control12,Control13,Control15,Control16,Control17
1062,9055,4751,55247,3161,983;Control1,Control2,Control3,Control6,Control7,Control8,Control9,Control10,Control11,Control12,Control13,Control15,Control16,Control17
1062,105372613;Control1,Control2,Control3,Control5,Control6,Control7,Control9,Control10,Control11,Control12,Control13,Control15,Control16,Control17
9348,8549;Control1,Control2,Control3,Control4,Control5,Control6,Control7,Control8,Control10,Control11,Control12,Control13,Control15,Control16
9348,122042;Control1,Control2,Control3,Control4,Control5,Control6,Control7,Control8,Control9,Control10,Control12,Control15,Control16,Control17
4085,4001,9928,55247,3161,54443,55872,100288637,9055,7153;Control1,Control2,Control3,Control4,Control5,Control6,Control7,Control9,Control10,Control11,Control12,Control13,Control15,Control17
4085,7272,23397,10721,100288637;Control1,Control2,Control3,Control4,Control5,Control6,Control7,Control8,Control9,Control10,Control11,Control12,Control13,Control15
4085,54443,55635,4751,55247,55165,100288637,7153;Control1,Control2,Control3,Control4,Control5,Control6,Control7,Control8,Control9,Control10,Control11,Control12,Control13,Control15,Control17
4085,2845;Control1,Control2,Control3,Control4,Control5,Control6,Control7,Control8,Control9,Control10,Control11,Control12,Control13,Control15,Control16,Control17
4085,55872,9928,4751,23397,55247,3161,54443,55165,100288637,7153,29128;Control1,Control2,Control3,Control4,Control5,Control6,Control7,Control8,Control9,Control10,Control11,Control12,Control13,Control15
4085,11130,4751,55247,3161,100288637;Control1,Control2,Control3,Control5,Control6,Control7,Control8,Control9,Control10,Control11,Control12,Control13,Control15,Control16,Control17
4085,983,4751,55247,3161,100288637,7153;Control1,Control2,Control3,Control4,Control5,Control6,Control7,Control8,Control9,Control10,Control11,Control12,Control13,Control16,Control17
4085,3832,55635,4751,983,7153;Control1,Control2,Control3,Control4,Control6,Control7,Control8,Control9,Control10,Control11,Control12,Control13,Control16,Control17
4085,221150,9928,4751,55247,3161,54443,55872,55165,100288637,7153,29128;Control1,Control2,Control3,Control4,Control5,Control6,Control7,Control8,Control9,Control10,Control11,Control12,Control13,Control15
4085,701,55635,4751,55247,3161,7153;Control2,Control3,Control4,Control5,Control7,Control8,Control9,Control10,Control11,Control12,Control13,Control15,Control16,Control17
4085,57082,9928,4751,55247,3161,55165,100288637,7153;Control1,Control2,Control3,Control4,Control5,Control6,Control7,Control8,Control9,Control10,Control11,Control12,Control15,Control17
4085,51203,55635,4751,55247,54443,983,3832,55165,7153;Control1,Control2,Control3,Control4,Control5,Control6,Control7,Control8,Control9,Control10,Control11,Control12,Control13,Control17
4085,9055,4751,55247,3161;Control1,Control2,Control3,Control4,Control5,Control6,Control7,Control9,Control10,Control11,Control12,Control13,Control15,Control16,Control17
4085,29128,55635,4751,55247,54443,983,55165,51203,7153;Control1,Control2,Control3,Control4,Control5,Control6,Control7,Control8,Control9,Control10,Control11,Control12,Control13,Control17
105377404,9096;Control3,Control4,Control5,Control6,Control7,Control8,Control9,Control10,Control11,Control12,Control13,Control15,Control16,Control17
105377404,101927354;Control1,Control2,Control3,Control4,Control5,Control6,Control7,Control8,Control9,Control10,Control11,Control12,Control13,Control15,Control16
105377404,105375622,101927354;Control1,Control2,Control3,Control4,Control5,Control6,Control7,Control8,Control9,Control10,Control11,Control12,Control13,Control15
105377404,6345;Control1,Control2,Control3,Control4,Control5,Control6,Control7,Control9,Control10,Control11,Control12,Control13,Control15,Control16
105377404,6860,107985513;Control1,Control2,Control3,Control4,Control5,Control6,Control7,Control9,Control10,Control11,Control12,Control13,Control15,Control16
105377404,105372115;Control1,Control2,Control3,Control4,Control5,Control6,Control7,Control10,Control11,Control12,Control13,Control15,Control16,Control17
105377404,105372613,477;Control1,Control2,Control3,Control4,Control5,Control6,Control7,Control8,Control10,Control11,Control12,Control13,Control15,Control16
105377404,729447,102723547;Control1,Control2,Control3,Control4,Control6,Control7,Control9,Control10,Control11,Control12,Control13,Control15,Control16,Control17
105377404,102723547;Control1,Control2,Control3,Control4,Control5,Control6,Control7,Control9,Control10,Control11,Control12,Control13,Control15,Control16,Control17
105377404,389903,102723547;Control1,Control2,Control3,Control4,Control5,Control6,Control7,Control10,Control11,Control12,Control13,Control15,Control16,Control17
1047,3620;Control1,Control2,Control3,Control4,Control7,Control8,Control9,Control10,Control11,Control12,Control13,Control15,Control16,Control17
1047,9628;Control1,Control2,Control3,Control4,Control6,Control7,Control8,Control9,Control10,Control11,Control12,Control15,Control16,Control17
1047,105370953,594855;Control1,Control2,Control3,Control4,Control5,Control6,Control8,Control9,Control10,Control11,Control12,Control13,Control15,Control16,Control17
1047,3053,5865,166979,4544,594855;Control1,Control2,Control3,Control4,Control5,Control6,Control7,Control8,Control9,Control10,Control11,Control12,Control13,Control16,Control17
105377508,389336,646024,105376041,3229,387895,115701,55655;Control1,Control2,Control3,Control4,Control5,Control6,Control7,Control8,Control9,Control11,Control12,Control13,Control15,Control16,Control17
105377508,168002,5798,646024,11075,105376041,3229,387895,109729169;Control1,Control2,Control3,Control4,Control5,Control6,Control7,Control8,Control9,Control10,Control11,Control13,Control15,Control16,Control17
105377508,105375690,284958,100505994,646024,105376041,3229,387895,115701,55655,107985492;Control1,Control2,Control3,Control5,Control6,Control7,Control8,Control9,Control11,Control12,Control13,Control15,Control16,Control17
105377508,554202,100505994,646024,105376041,107985492;Control1,Control2,Control3,Control5,Control6,Control7,Control8,Control9,Control10,Control11,Control12,Control13,Control15,Control16,Control17
105377508,338376,646024,554202,105376041;Control2,Control3,Control4,Control5,Control6,Control7,Control8,Control9,Control10,Control11,Control12,Control13,Control15,Control16,Control17
105377508,105378523;Control1,Control2,Control3,Control4,Control5,Control6,Control7,Control8,Control9,Control10,Control11,Control13,Control16,Control17
105377508,122042,284958,646024,105376041,3229,387895,387978;Control1,Control2,Control3,Control4,Control5,Control6,Control8,Control10,Control11,Control12,Control13,Control15,Control16,Control17
105377508,103689845,646024,105376041,3229,387895,55655;Control1,Control2,Control3,Control4,Control5,Control6,Control7,Control8,Control9,Control10,Control12,Control15,Control16,Control17
105377508,9956,646024,105376041,3229,387895;Control1,Control2,Control3,Control4,Control5,Control6,Control7,Control9,Control10,Control11,Control12,Control13,Control15,Control16,Control17
105377508,9955,5798,646024,11075,105376041,3229,387895,109729169;Control1,Control3,Control4,Control5,Control6,Control7,Control8,Control9,Control10,Control11,Control13,Control15,Control16,Control17
105377508,115701,284958,646024,105376041,3229,387895,55655;Control1,Control2,Control3,Control4,Control5,Control6,Control7,Control8,Control9,Control11,Control12,Control13,Control15,Control16,Control17
105377508,57167,5798,100505994,646024,11075,554202,105376041,107985492,7477,109729169;Control1,Control2,Control3,Control5,Control6,Control7,Control8,Control9,Control10,Control11,Control13,Control15,Control16,Control17
105377508,107985513,646024,554202,338376,105376041,3053;Control2,Control3,Control4,Control6,Control7,Control8,Control9,Control10,Control11,Control12,Control13,Control15,Control16,Control17
105377508,3053,646024,105376041,3229,387895;Control1,Control2,Control3,Control4,Control6,Control7,Control8,Control9,Control10,Control11,Control12,Control13,Control15,Control16,Control17
55247,891,4751,3161,55872,55165,51203,9055,100507118,7153,29128;Control1,Control2,Control3,Control4,Control5,Control6,Control7,Control8,Control9,Control10,Control11,Control12,Control13,Control15,Control17
55247,7272,23397,10721,100288637;Control1,Control2,Control3,Control4,Control5,Control7,Control8,Control9,Control10,Control11,Control12,Control15,Control16,Control17
55247,27299,6664,2625,387978,9055,105372115,389903;Control1,Control3,Control4,Control5,Control6,Control7,Control8,Control9,Control10,Control11,Control12,Control13,Control15,Control16,Control17
55247,157570,55143,4751,3161,54443,55872,983,3832,55165,51203,7153;Control1,Control2,Control3,Control4,Control5,Control6,Control7,Control8,Control10,Control11,Control12,Control13,Control15,Control17
55247,11130,55635,4751,23397,983,55165,100288637,7153;Control1,Control2,Control3,Control5,Control6,Control7,Control8,Control9,Control10,Control11,Control12,Control13,Control15,Control16,Control17
55247,144455,4001;Control1,Control2,Control3,Control4,Control5,Control6,Control7,Control8,Control9,Control10,Control11,Control12,Control13,Control15,Control17
55247,9787,4751,6241,55355,64151,3161,55872,983,55165,221150,51203,9055,100507118,7153,29128,24137;Control1,Control2,Control3,Control4,Control5,Control6,Control7,Control8,Control9,Control10,Control11,Control12,Control13,Control15
55247,6495,4001,27299;Control1,Control2,Control5,Control6,Control7,Control8,Control9,Control10,Control11,Control12,Control13,Control15,Control16,Control17
55247,57082,9928,64151,4001,3161,55872;Control1,Control2,Control3,Control4,Control5,Control6,Control7,Control8,Control9,Control10,Control11,Control12,Control13,Control15,Control17
55247,51203,55635,4751,54443,983,55165,7153;Control1,Control2,Control3,Control4,Control5,Control6,Control7,Control8,Control9,Control10,Control11,Control12,Control13,Control15,Control17
55247,9493,4751,3161,54443,55872,983,55165,9824,51203,9055,7153;Control1,Control2,Control4,Control5,Control6,Control7,Control8,Control9,Control10,Control11,Control12,Control13,Control16,Control17
55247,100507118,4751,23397,3161,54443,55872,983,55165,7153,29128;Control1,Control2,Control3,Control5,Control6,Control7,Control8,Control9,Control10,Control11,Control12,Control13,Control15,Control16,Control17
55247,100506655,6664,27299,2625,387978,9055,105372115,23532,389903;Control3,Control4,Control5,Control6,Control7,Control8,Control9,Control10,Control11,Control12,Control13,Control15,Control16,Control17
55247,79801,4751,64151,891,3161,55872,983,55165,51203,9055,100507118,7153,29128;Control1,Control2,Control3,Control4,Control5,Control6,Control7,Control8,Control9,Control10,Control11,Control12,Control13,Control17
55247,83903,55143,4751,150468,3161,54443,3832,9055;Control1,Control2,Control3,Control4,Control5,Control6,Control7,Control10,Control11,Control12,Control13,Control15,Control16,Control17
55247,54478,55635,7153;Control2,Control3,Control4,Control5,Control6,Control7,Control8,Control10,Control11,Control12,Control13,Control15,Control16,Control17
55247,220134,55355,64151,3161,55872,221150,100507118,29128,24137;Control1,Control2,Control3,Control4,Control5,Control6,Control7,Control8,Control9,Control10,Control11,Control12,Control13,Control15,Control17
55247,51512,4751,150468,83903;Control1,Control2,Control3,Control4,Control5,Control6,Control7,Control10,Control11,Control12,Control13,Control15,Control16,Control17
55247,24137,4751,891,3161,55872,55165,51203,100507118,7153,29128;Control1,Control2,Control3,Control4,Control5,Control6,Control7,Control8,Control9,Control10,Control11,Control12,Control13,Control15,Control17
3670,253582,105371664;Control1,Control4,Control5,Control6,Control7,Control8,Control9,Control10,Control11,Control12,Control13,Control15,Control16,Control17
3670,158511;Control1,Control2,Control4,Control5,Control6,Control7,Control9,Control10,Control11,Control12,Control13,Control15,Control16,Control17
102467080,134285,27237,389336,5653,5650;Control1,Control2,Control3,Control4,Control5,Control6,Control7,Control8,Control9,Control10,Control13,Control15,Control16,Control17
102467080,101929215,4973;Control1,Control2,Control3,Control4,Control5,Control6,Control8,Control9,Control10,Control11,Control12,Control13,Control15,Control16
102467080,6690,112802,3881;Control1,Control2,Control3,Control4,Control5,Control6,Control7,Control8,Control9,Control10,Control11,Control12,Control15,Control16
102467080,8329;Control1,Control2,Control3,Control4,Control5,Control6,Control7,Control8,Control9,Control11,Control12,Control13,Control15,Control16,Control17
102467080,285987,58,134285,389336,4004,145873,5653,5650,28809,729442;Control1,Control2,Control3,Control4,Control5,Control6,Control7,Control8,Control9,Control10,Control13,Control15,Control16,Control17
102467080,1750;Control1,Control2,Control3,Control4,Control5,Control7,Control8,Control10,Control11,Control12,Control13,Control15,Control16,Control17
102467080,1749;Control1,Control2,Control3,Control4,Control5,Control6,Control7,Control8,Control9,Control10,Control11,Control12,Control13,Control16,Control17
102467080,89958;Control1,Control2,Control3,Control4,Control5,Control6,Control7,Control8,Control11,Control12,Control13,Control15,Control16,Control17
102467080,4004,58,134285,389336,285987,145873,354,25818,5653,5650,28809,729442;Control1,Control2,Control3,Control4,Control5,Control6,Control7,Control8,Control9,Control10,Control11,Control13,Control15,Control16
102467080,2305;Control1,Control2,Control3,Control4,Control5,Control6,Control7,Control8,Control9,Control11,Control13,Control15,Control16,Control17
102467080,4973;Control1,Control2,Control3,Control4,Control5,Control6,Control8,Control9,Control10,Control12,Control13,Control15,Control16,Control17
102467080,112802,3881;Control1,Control2,Control3,Control4,Control5,Control6,Control7,Control8,Control9,Control10,Control11,Control12,Control15,Control16,Control17
102467080,3856;Control1,Control2,Control3,Control4,Control7,Control8,Control9,Control10,Control11,Control12,Control13,Control15,Control16,Control17
102467080,3227,389336,1749;Control1,Control2,Control3,Control4,Control5,Control6,Control7,Control8,Control9,Control10,Control11,Control13,Control15,Control16
102467080,5265,10437;Control2,Control3,Control4,Control5,Control6,Control7,Control8,Control9,Control10,Control11,Control12,Control13,Control15,Control16,Control17
102467080,3502,58,389336,354,5650;Control1,Control2,Control3,Control4,Control6,Control7,Control8,Control9,Control10,Control11,Control13,Control15,Control16,Control17
102467080,4166;Control1,Control2,Control3,Control4,Control5,Control6,Control8,Control9,Control10,Control11,Control12,Control13,Control15,Control16,Control17
102467080,115701;Control1,Control2,Control3,Control4,Control5,Control6,Control7,Control8,Control9,Control10,Control11,Control13,Control16,Control17
102467080,354,55765;Control1,Control2,Control3,Control4,Control6,Control7,Control8,Control9,Control10,Control11,Control13,Control15,Control16,Control17
102467080,25818,58,389336,5650;Control1,Control2,Control4,Control5,Control6,Control7,Control8,Control9,Control10,Control11,Control13,Control15,Control16,Control17
102467080,349408;Control1,Control2,Control3,Control4,Control5,Control6,Control7,Control8,Control9,Control12,Control13,Control15,Control16,Control17
166979,10942,3512,4544;Control1,Control2,Control3,Control4,Control5,Control6,Control7,Control8,Control10,Control12,Control13,Control15,Control16,Control17
10309,100505994,51361,100996301,81849,105374166,23286,340273,100289137,253650,158228,143662,79056,6495,100506411,654499,970,101927355,107985492,54101;Control1,Control2,Control4,Control5,Control6,Control7,Control8,Control9,Control10,Control11,Control12,Control13,Control16,Control17
10309,57451,161291;Control1,Control2,Control3,Control4,Control5,Control6,Control7,Control8,Control9,Control10,Control11,Control12,Control13,Control15,Control16,Control17
10309,105374986,115019,105377123;Control1,Control2,Control5,Control6,Control7,Control8,Control9,Control10,Control11,Control12,Control13,Control15,Control16,Control17
10309,3135,51361,105374166,340273,245972,158228,143662,79056,161291,654499,970,54101;Control1,Control2,Control4,Control5,Control6,Control7,Control8,Control9,Control11,Control12,Control13,Control15,Control16,Control17
10309,101927686,3352,51361,100996301,23286,340273,100289137,158228,143662,79056,6495,161291,100506411,654499,101927355,54101;Control1,Control2,Control4,Control6,Control7,Control8,Control9,Control10,Control11,Control12,Control13,Control15,Control16,Control17
10309,100506895,161291,6362,8471;Control1,Control2,Control3,Control5,Control6,Control7,Control8,Control9,Control10,Control11,Control12,Control13,Control15,Control16,Control17
10309,9312,148645,3239,56203,3670,345643,5307,105375894,283078,1690,100506071,161291,6362,106481742,9758,8471;Control1,Control2,Control3,Control6,Control7,Control8,Control9,Control10,Control11,Control12,Control13,Control15,Control16,Control17
10309,100192378,148645,3239,56203,3670,345643,5307,105375894,1690,100506071,161291,6362,106481742,9758,8471;Control1,Control2,Control3,Control5,Control6,Control7,Control8,Control9,Control10,Control12,Control13,Control15,Control16,Control17
10309,245972,51361,340273,158228,143662,161291,100506411,654499,970,54101;Control1,Control2,Control4,Control5,Control6,Control7,Control8,Control9,Control10,Control11,Control12,Control13,Control15,Control16,Control17
10309,105375690,51361,100996301,81849,100505994,23286,340273,100289137,158228,143662,6495,100506411,654499,970,101927355,107985492,54101;Control1,Control2,Control4,Control5,Control6,Control7,Control8,Control9,Control10,Control11,Control12,Control13,Control16,Control17
10309,253650,51361,100996301,23286,340273,100289137,158228,143662,79056,6495,100506411,654499,101927355,107985492,54101;Control1,Control2,Control4,Control5,Control6,Control7,Control8,Control9,Control10,Control11,Control12,Control13,Control15,Control16,Control17
10309,112268037,51361,100996301,81849,23286,340273,245972,100289137,253650,158228,143662,6495,100506411,654499,970,101927355,54101;Control1,Control2,Control4,Control5,Control6,Control7,Control8,Control9,Control11,Control12,Control13,Control15,Control16,Control17
10309,7546,3352,51361,100996301,23286,340273,100289137,158228,143662,79056,6495,100506411,654499,970,101927355,54101;Control2,Control4,Control5,Control6,Control7,Control8,Control9,Control10,Control11,Control12,Control13,Control15,Control16,Control17
10309,366,3352,51361,23286,340273,100289137,158228,143662,7546,6495,161291,100506411,654499,970,101927355,54101;Control2,Control4,Control5,Control6,Control7,Control8,Control9,Control10,Control11,Control12,Control13,Control15,Control16,Control17
10309,101929690,148645,3239,56203,3670,345643,5307,100506895,105375894,1690,100506071,6362,106481742,9758,105373150,8471;Control1,Control2,Control3,Control5,Control6,Control7,Control8,Control9,Control11,Control12,Control13,Control15,Control16,Control17
10309,9956,57451;Control1,Control2,Control3,Control4,Control5,Control6,Control7,Control9,Control10,Control11,Control12,Control13,Control16,Control17
10309,10481,161291;Control1,Control2,Control3,Control4,Control5,Control6,Control7,Control8,Control9,Control10,Control11,Control13,Control15,Control16,Control17
10309,102606463,57451;Control2,Control3,Control4,Control5,Control6,Control8,Control9,Control10,Control11,Control12,Control13,Control15,Control16,Control17
10309,107985492,51361,100996301,57451,23286,340273,100289137,158228,143662,6495,100506411,654499,101927355,54101;Control1,Control2,Control4,Control5,Control6,Control7,Control8,Control9,Control10,Control11,Control12,Control13,Control15,Control16,Control17
10309,64699;Control1,Control2,Control3,Control5,Control6,Control7,Control8,Control9,Control10,Control11,Control12,Control13,Control15,Control16,Control17
10309,2277,51361,100996301,81849,105374166,23286,340273,100289137,253650,158228,112268037,143662,6495,100506411,654499,101927355,107985492,54101;Control1,Control2,Control4,Control5,Control6,Control8,Control9,Control10,Control11,Control12,Control13,Control15,Control16,Control17
55789,171019,107984851,1630;Control1,Control2,Control3,Control4,Control5,Control6,Control7,Control8,Control9,Control10,Control11,Control12,Control15,Control17
55789,54443,9824;Control1,Control3,Control4,Control5,Control6,Control7,Control8,Control10,Control11,Control12,Control13,Control15,Control16,Control17
55789,6422;Control1,Control2,Control3,Control4,Control5,Control6,Control8,Control9,Control10,Control12,Control13,Control15,Control16,Control17
55789,105375622,171019,8424;Control1,Control2,Control3,Control4,Control5,Control6,Control8,Control9,Control10,Control11,Control12,Control13,Control15,Control17
55789,4321,107984851;Control1,Control2,Control5,Control6,Control7,Control8,Control9,Control10,Control11,Control12,Control13,Control15,Control16,Control17
55789,641;Control1,Control2,Control4,Control5,Control6,Control8,Control9,Control10,Control11,Control12,Control13,Control15,Control16,Control17
55789,107984851;Control1,Control2,Control3,Control4,Control5,Control6,Control7,Control8,Control9,Control10,Control11,Control12,Control13,Control15,Control16,Control17
55789,647946,8424;Control1,Control2,Control3,Control4,Control5,Control6,Control7,Control8,Control9,Control11,Control12,Control13,Control15,Control17
891,101927813,3161,55872;Control1,Control2,Control3,Control5,Control6,Control7,Control8,Control9,Control10,Control11,Control12,Control13,Control15,Control16,Control17
891,7272,64151,3161,54443,55872,55165,29128,24137;Control1,Control3,Control4,Control5,Control6,Control7,Control8,Control9,Control10,Control11,Control12,Control15,Control16,Control17
891,157313,6241,150468,332;Control1,Control2,Control3,Control4,Control5,Control6,Control7,Control8,Control10,Control11,Control12,Control13,Control15,Control16,Control17
891,157570,6241,150468,55165;Control1,Control2,Control3,Control4,Control5,Control6,Control7,Control8,Control10,Control11,Control12,Control13,Control15,Control16
891,55388,259266,64151,55165,221150,9787,100507118,79801,220134,29128,24137;Control1,Control2,Control3,Control4,Control5,Control6,Control7,Control9,Control10,Control12,Control13,Control15,Control16,Control17
891,11130,4751,699,3161,55872,55165,51203,9055,100507118,7153,29128;Control1,Control2,Control3,Control5,Control6,Control7,Control9,Control10,Control11,Control12,Control13,Control15,Control16,Control17
891,983,4751,3161,54443,55872,55165,51203,9055,100507118,7153,29128;Control1,Control2,Control3,Control4,Control6,Control7,Control8,Control9,Control10,Control11,Control12,Control13,Control15,Control16,Control17
891,374393,29128;Control1,Control2,Control3,Control4,Control5,Control6,Control7,Control8,Control9,Control10,Control12,Control13,Control15,Control16,Control17
891,144455,9928,3161,55872,55165,221150,29128;Control1,Control2,Control3,Control4,Control5,Control7,Control8,Control9,Control10,Control11,Control12,Control13,Control15,Control16
891,701,3161,55872,55165,51203,7153,29128;Control2,Control3,Control4,Control5,Control7,Control8,Control9,Control10,Control11,Control12,Control13,Control15,Control16,Control17
891,57082,55355,64151,55872,55165,221150,29128,24137;Control1,Control2,Control3,Control4,Control6,Control7,Control8,Control9,Control10,Control11,Control12,Control13,Control15,Control16,Control17
891,9768,64151,55165,7153,29128,24137;Control1,Control2,Control3,Control4,Control5,Control6,Control7,Control8,Control9,Control10,Control12,Control13,Control15,Control16,Control17
891,79801,259266,6241,150468,55872,55165,9787;Control1,Control2,Control3,Control4,Control5,Control6,Control7,Control8,Control9,Control10,Control11,Control12,Control13,Control16,Control17
891,83903,4751,3161,54443,55872,9055;Control1,Control2,Control4,Control6,Control7,Control8,Control9,Control10,Control11,Control12,Control13,Control15,Control16,Control17
891,10615,6241,150468,55355,9787,220134;Control1,Control3,Control4,Control5,Control6,Control7,Control8,Control9,Control10,Control11,Control13,Control15,Control16,Control17
891,332,6241,150468,55165,9787;Control1,Control2,Control3,Control4,Control5,Control6,Control7,Control8,Control9,Control10,Control11,Control12,Control13,Control15,Control16,Control17
891,220134,6241,55355,64151,55872,55165,221150,9787,100507118,29128,24137;Control1,Control2,Control3,Control4,Control5,Control6,Control7,Control8,Control9,Control10,Control11,Control12,Control15,Control16,Control17
891,55723,374393;Control1,Control2,Control3,Control4,Control5,Control6,Control7,Control8,Control9,Control10,Control12,Control13,Control15,Control16,Control17
891,22974,259266,1063,6241,55355,221150,9787,100507118,79801,11065;Control1,Control2,Control3,Control6,Control7,Control8,Control9,Control10,Control11,Control12,Control13,Control15,Control16,Control17
891,11065,221150;Control1,Control2,Control3,Control4,Control5,Control6,Control7,Control8,Control9,Control10,Control11,Control12,Control13,Control15,Control16,Control17
891,54821,7153,29128;Control1,Control2,Control3,Control4,Control5,Control6,Control7,Control8,Control9,Control10,Control11,Control15,Control16,Control17
134285,57451,51361,340273,158228,143662,6495,654499,105371927,54101;Control1,Control3,Control4,Control5,Control6,Control7,Control8,Control9,Control11,Control12,Control13,Control15,Control16,Control17
134285,100130275,2019,101927687,1295,285987,4004,339256,729442;Control2,Control3,Control4,Control5,Control6,Control7,Control8,Control9,Control10,Control11,Control13,Control15,Control16,Control17
134285,105374986,27237,105371927;Control1,Control2,Control3,Control4,Control5,Control7,Control8,Control9,Control10,Control11,Control12,Control13,Control16,Control17
134285,3135,51361,653149,105374166,340273,245972,158228,143662,79056,654499,105371927,970,101927355,54101;Control1,Control3,Control4,Control5,Control6,Control7,Control8,Control9,Control11,Control12,Control13,Control15,Control16,Control17
134285,157570,27178,285643,105371927,101929707;Control1,Control2,Control3,Control5,Control6,Control7,Control8,Control9,Control11,Control12,Control13,Control15,Control16,Control17
134285,112268037,51361,100996301,81849,23286,340273,245972,100289137,253650,158228,143662,79056,6495,100506411,654499,105371927,970,101927355,54101;Control1,Control3,Control4,Control5,Control6,Control7,Control8,Control9,Control11,Control12,Control13,Control15,Control16,Control17
134285,29991,5307,285987,4004,3502,25818,5653,5650,28809,105373150,729442;Control1,Control2,Control4,Control5,Control6,Control7,Control8,Control9,Control10,Control11,Control13,Control15,Control16,Control17
134285,27063,58,285987,4004,3502,5653,5650,28809,729442;Control2,Control3,Control4,Control5,Control6,Control7,Control8,Control9,Control10,Control11,Control12,Control13,Control15,Control16
134285,3227,2019,389336,285987,1749,4004,25818,5653,5650,28809,729442;Control1,Control2,Control3,Control4,Control5,Control6,Control7,Control8,Control9,Control10,Control11,Control12,Control13,Control16,Control17
134285,9955,2328,27178,285643,105371927;Control1,Control2,Control3,Control5,Control6,Control7,Control8,Control9,Control11,Control12,Control13,Control15,Control16,Control17
134285,105371927;Control1,Control2,Control3,Control4,Control5,Control6,Control7,Control8,Control9,Control10,Control11,Control12,Control13,Control15,Control16,Control17
134285,647946,285987,5653,28809,729442;Control1,Control2,Control3,Control4,Control5,Control6,Control7,Control9,Control10,Control11,Control12,Control13,Control15,Control16,Control17
134285,115701,27237,389336;Control1,Control2,Control3,Control4,Control5,Control6,Control7,Control8,Control9,Control10,Control11,Control12,Control13,Control17
134285,51512,2328,27178,285643,81624,105371927,101929707;Control1,Control2,Control3,Control5,Control6,Control7,Control8,Control9,Control11,Control12,Control13,Control15,Control16,Control17
2297,6943;Control1,Control2,Control3,Control4,Control5,Control6,Control8,Control9,Control10,Control11,Control12,Control13,Control15,Control16,Control17
2297,100506895,3239,6362;Control1,Control2,Control3,Control4,Control5,Control6,Control7,Control8,Control9,Control11,Control13,Control15,Control16,Control17
2297,107986951,100506411;Control1,Control2,Control5,Control6,Control7,Control8,Control9,Control10,Control11,Control12,Control13,Control15,Control16,Control17
2297,100192378;Control1,Control2,Control3,Control4,Control5,Control6,Control7,Control8,Control9,Control12,Control13,Control15,Control16,Control17
2297,399815;Control2,Control4,Control5,Control6,Control7,Control8,Control9,Control10,Control11,Control12,Control13,Control15,Control16,Control17
2297,4321;Control1,Control2,Control3,Control4,Control5,Control6,Control7,Control8,Control9,Control10,Control11,Control13,Control15,Control16,Control17
2297,10993;Control1,Control2,Control4,Control5,Control6,Control7,Control8,Control9,Control10,Control11,Control12,Control13,Control15,Control16,Control17
2297,387895,3239,647309;Control1,Control2,Control3,Control4,Control5,Control6,Control7,Control8,Control9,Control10,Control11,Control12,Control13,Control17
2297,161291;Control1,Control2,Control3,Control4,Control5,Control6,Control7,Control8,Control9,Control10,Control11,Control13,Control15,Control17
2297,57167,7477;Control1,Control2,Control4,Control5,Control6,Control7,Control8,Control9,Control10,Control11,Control12,Control13,Control16,Control17
2297,7477;Control1,Control2,Control4,Control5,Control6,Control7,Control8,Control9,Control10,Control11,Control12,Control13,Control15,Control16,Control17
101929215,113115;Control3,Control4,Control5,Control6,Control7,Control8,Control9,Control10,Control11,Control12,Control13,Control15,Control16,Control17
101929215,80328,4973;Control1,Control2,Control3,Control4,Control5,Control7,Control8,Control9,Control10,Control11,Control12,Control13,Control15,Control16
101929215,105375610;Control1,Control3,Control4,Control5,Control6,Control7,Control8,Control9,Control10,Control11,Control12,Control13,Control16,Control17
101929215,79733;Control1,Control3,Control4,Control5,Control6,Control7,Control8,Control9,Control10,Control11,Control12,Control13,Control16,Control17
101929215,4973;Control1,Control2,Control3,Control4,Control5,Control6,Control7,Control8,Control9,Control10,Control11,Control12,Control13,Control15,Control16
101929215,1690,100506071,3783;Control1,Control2,Control4,Control5,Control6,Control7,Control8,Control9,Control10,Control11,Control12,Control13,Control16,Control17
101929215,100506071,3783;Control1,Control2,Control4,Control5,Control6,Control7,Control8,Control9,Control10,Control11,Control12,Control13,Control15,Control16,Control17
101929215,5265,4973;Control1,Control2,Control3,Control4,Control5,Control6,Control8,Control9,Control10,Control11,Control12,Control13,Control15,Control16
101929215,91828;Control1,Control3,Control4,Control5,Control6,Control7,Control8,Control9,Control10,Control11,Control12,Control13,Control16,Control17
101929215,100126311;Control1,Control2,Control3,Control4,Control5,Control6,Control7,Control8,Control9,Control10,Control11,Control12,Control13,Control16
101929215,366;Control2,Control3,Control5,Control6,Control7,Control8,Control9,Control10,Control11,Control12,Control13,Control15,Control16,Control17
101929215,176,112937;Control1,Control2,Control3,Control4,Control5,Control6,Control7,Control8,Control9,Control11,Control12,Control13,Control15,Control17
101929215,110806280,131578,112937;Control1,Control2,Control3,Control4,Control5,Control6,Control7,Control8,Control9,Control11,Control12,Control13,Control15,Control16,Control17
101929215,10437,4973;Control2,Control3,Control4,Control5,Control6,Control7,Control8,Control9,Control10,Control11,Control12,Control13,Control15,Control16
101929215,3783;Control1,Control2,Control3,Control4,Control5,Control6,Control7,Control8,Control9,Control10,Control11,Control12,Control13,Control15,Control16,Control17
101929215,9582,3783;Control1,Control2,Control3,Control4,Control5,Control6,Control7,Control8,Control10,Control11,Control12,Control13,Control16,Control17
101929215,729447,3664,58,102723547;Control1,Control2,Control3,Control4,Control5,Control6,Control8,Control9,Control11,Control12,Control13,Control15,Control16,Control17
101929215,158511,58,112937;Control1,Control3,Control4,Control5,Control6,Control7,Control8,Control9,Control11,Control12,Control13,Control15,Control16,Control17
101929215,389903,3664,3783,9582,102723547;Control1,Control2,Control3,Control4,Control5,Control6,Control7,Control8,Control11,Control12,Control13,Control15,Control16,Control17
1404,80329;Control1,Control2,Control3,Control5,Control6,Control7,Control8,Control9,Control10,Control11,Control12,Control13,Control16,Control17
1404,168002,89886,286676,105378305,107984129,1995;Control1,Control2,Control3,Control4,Control5,Control7,Control8,Control9,Control10,Control11,Control12,Control13,Control15,Control17
1404,1750,56896,3856,113218482;Control1,Control2,Control3,Control4,Control5,Control6,Control7,Control8,Control9,Control10,Control11,Control12,Control13,Control15,Control17
1404,107986951,574029,2834;Control1,Control2,Control3,Control4,Control5,Control7,Control8,Control9,Control10,Control11,Control12,Control13,Control15,Control16,Control17
1404,105375622,1301,574414,574029,2834;Control1,Control2,Control3,Control4,Control5,Control7,Control9,Control10,Control11,Control12,Control13,Control15,Control16,Control17
1404,364,56896,1750,3856,113218482,594855;Control1,Control2,Control3,Control4,Control6,Control7,Control8,Control9,Control10,Control11,Control12,Control13,Control15,Control17
1404,1813,574414,101927750;Control1,Control2,Control3,Control4,Control5,Control7,Control8,Control9,Control10,Control12,Control13,Control15,Control16,Control17
1404,8538;Control1,Control2,Control3,Control4,Control5,Control6,Control7,Control8,Control9,Control11,Control12,Control13,Control15,Control16,Control17
1404,112937,1301,574414,574029,2834;Control1,Control2,Control3,Control4,Control5,Control7,Control8,Control9,Control10,Control11,Control12,Control13,Control15,Control16
1404,654499,1301,574414,574029,2834;Control1,Control2,Control3,Control5,Control7,Control8,Control9,Control10,Control11,Control12,Control13,Control15,Control16,Control17
1404,400618;Control1,Control2,Control3,Control4,Control5,Control7,Control8,Control9,Control10,Control11,Control12,Control13,Control15,Control16,Control17
1404,284240,56896;Control1,Control2,Control3,Control4,Control5,Control6,Control7,Control8,Control9,Control10,Control11,Control12,Control13,Control15,Control17
1404,147741;Control2,Control3,Control4,Control5,Control6,Control7,Control8,Control9,Control10,Control11,Control12,Control13,Control15,Control16,Control17
1404,110806280,1301,574414,574029,112937;Control1,Control2,Control3,Control4,Control5,Control7,Control8,Control9,Control10,Control11,Control12,Control13,Control15,Control16
1404,80714,105372950,56896,3856,113218482;Control1,Control2,Control3,Control4,Control5,Control6,Control7,Control8,Control9,Control10,Control12,Control13,Control16,Control17
1404,53820;Control1,Control2,Control3,Control4,Control5,Control6,Control7,Control8,Control9,Control10,Control11,Control12,Control15,Control16
1404,111216286,56896;Control1,Control2,Control3,Control4,Control5,Control6,Control7,Control8,Control9,Control10,Control11,Control12,Control15,Control17
1404,9758,56896,1750,3856,113218482;Control1,Control2,Control4,Control5,Control6,Control7,Control8,Control9,Control10,Control11,Control12,Control13,Control15,Control17
100505994,389336,731220,646024,1749,11075,105375690,105376041,3229,55655,107985492;Control1,Control2,Control3,Control5,Control6,Control7,Control8,Control9,Control11,Control12,Control13,Control15,Control16,Control17
100505994,57451,51361,23286,340273,158228,6495,654499,101927355,107985492,54101;Control1,Control2,Control3,Control4,Control5,Control6,Control7,Control8,Control9,Control10,Control11,Control12,Control13,Control16,Control17
100505994,3135,3352,51361,100996301,81849,23286,340273,158228,143662,79056,6495,100506411,654499,101927355,107985492,54101;Control1,Control2,Control3,Control4,Control5,Control7,Control8,Control9,Control10,Control11,Control12,Control13,Control16,Control17
100505994,860,2250,646024,105376041,3229,387895,5101,107985492;Control1,Control2,Control3,Control5,Control6,Control8,Control9,Control10,Control11,Control12,Control13,Control15,Control16,Control17
100505994,107986606,105375690;Control1,Control2,Control3,Control4,Control5,Control6,Control7,Control8,Control10,Control11,Control12,Control13,Control15,Control16,Control17
100505994,101927686,3352,51361,100996301,81849,23286,340273,100289137,253650,158228,143662,79056,6495,100506411,654499,101927355,107985492,54101;Control1,Control2,Control3,Control4,Control6,Control7,Control8,Control9,Control10,Control11,Control12,Control13,Control16,Control17
100505994,80329;Control1,Control2,Control3,Control4,Control5,Control6,Control7,Control8,Control9,Control10,Control11,Control12,Control13,Control15,Control16,Control17
100505994,245972,51361,100996301,81849,340273,105375690,158228,143662,100506411,654499,970,101927355,107985492,54101;Control1,Control2,Control3,Control4,Control5,Control6,Control7,Control8,Control9,Control10,Control11,Control12,Control13,Control16,Control17
100505994,105375690;Control1,Control2,Control3,Control4,Control5,Control6,Control7,Control8,Control9,Control10,Control11,Control12,Control13,Control15,Control16,Control17
100505994,554202,646024,105376041;Control1,Control2,Control3,Control4,Control5,Control6,Control7,Control8,Control9,Control10,Control11,Control12,Control13,Control15,Control16,Control17
100505994,9355,51361,100996301,81849,105374166,23286,340273,100289137,253650,158228,112268037,143662,6495,100506411,654499,9388,970,101927355,107985492,54101,2277;Control1,Control2,Control3,Control4,Control5,Control6,Control8,Control9,Control10,Control11,Control12,Control13,Control16,Control17
100505994,122042,284958,646024,105376041,3229,107985492;Control1,Control2,Control3,Control5,Control6,Control8,Control9,Control10,Control11,Control12,Control13,Control15,Control16,Control17
100505994,5101,646024,554202,105376041;Control1,Control2,Control3,Control4,Control5,Control6,Control8,Control9,Control10,Control11,Control12,Control13,Control15,Control16,Control17
100505994,7546,3352,51361,100996301,81849,23286,340273,100289137,253650,158228,143662,79056,6495,100506411,654499,970,101927355,107985492,54101;Control2,Control3,Control4,Control5,Control6,Control7,Control8,Control9,Control10,Control11,Control12,Control13,Control16,Control17
100505994,9956;Control1,Control2,Control3,Control4,Control5,Control6,Control7,Control8,Control9,Control10,Control11,Control12,Control13,Control15,Control16,Control17
100505994,79191,105375690;Control1,Control2,Control3,Control4,Control5,Control6,Control8,Control9,Control10,Control11,Control13,Control15,Control16,Control17
100505994,6362,80329,387895;Control1,Control2,Control4,Control5,Control6,Control7,Control8,Control9,Control10,Control11,Control12,Control13,Control15,Control16,Control17
100505994,7477,80329,57167;Control1,Control2,Control3,Control4,Control5,Control6,Control7,Control8,Control9,Control10,Control11,Control13,Control15,Control16,Control17
100505994,109729169,646024,11075,105376041,55655,107985492;Control1,Control2,Control3,Control5,Control6,Control7,Control8,Control9,Control10,Control11,Control12,Control13,Control15,Control16,Control17
100505994,2277,51361,100996301,81849,105374166,23286,340273,100289137,253650,158228,112268037,143662,6495,100506411,654499,970,101927355,107985492,54101;Control1,Control2,Control3,Control4,Control5,Control6,Control7,Control8,Control9,Control10,Control11,Control12,Control13,Control16,Control17
4001,107986606,3604,6664,4547,27299,387978;Control1,Control2,Control3,Control5,Control6,Control7,Control8,Control9,Control10,Control11,Control12,Control13,Control16,Control17
4001,7272,23397,10721,64151,3161;Control1,Control2,Control3,Control4,Control5,Control6,Control7,Control9,Control10,Control11,Control12,Control13,Control15,Control16,Control17
4001,54443,9928,55247,3161,55872,29128;Control1,Control2,Control3,Control4,Control5,Control6,Control7,Control8,Control9,Control10,Control11,Control12,Control13,Control15,Control16,Control17
4001,27299,3604,6664,387978;Control1,Control2,Control3,Control4,Control5,Control6,Control7,Control8,Control9,Control10,Control11,Control12,Control13,Control15,Control17
4001,55388,64151,55247,3161,55872,55165,9055,7153,29128;Control1,Control2,Control3,Control4,Control5,Control6,Control7,Control9,Control10,Control12,Control13,Control15,Control16,Control17
4001,983,9928,64151,55247,3161,55872,55165,51203,9055,7153,29128;Control1,Control2,Control3,Control4,Control5,Control6,Control7,Control9,Control10,Control11,Control12,Control13,Control16,Control17
4001,55165,9928,64151,55247,3161,55872,7153;Control1,Control2,Control3,Control4,Control5,Control6,Control7,Control9,Control10,Control11,Control12,Control13,Control15,Control16,Control17
4001,374393;Control1,Control2,Control3,Control4,Control5,Control6,Control7,Control8,Control10,Control11,Control12,Control13,Control15,Control16,Control17
4001,144455,51203;Control1,Control2,Control3,Control4,Control5,Control6,Control7,Control8,Control9,Control10,Control11,Control12,Control13,Control15,Control16,Control17
4001,50614,6664,27299,387978;Control1,Control2,Control3,Control4,Control5,Control6,Control7,Control8,Control9,Control11,Control12,Control15,Control16,Control17
4001,221150,9928,64151,55247,3161,55872,29128;Control1,Control2,Control3,Control4,Control5,Control6,Control7,Control8,Control9,Control10,Control11,Control12,Control13,Control15,Control16
4001,9787,9928,64151,3161,55872,221150,57082,51203,79801,29128;Control1,Control2,Control3,Control4,Control5,Control6,Control7,Control8,Control9,Control10,Control11,Control12,Control13,Control16
4001,100288637,9928,55247,3161,54443,55872,7153;Control1,Control2,Control3,Control4,Control5,Control6,Control7,Control9,Control10,Control11,Control12,Control13,Control15,Control16,Control17
4001,51203,64151,3161,55872,57082,29128;Control1,Control2,Control3,Control4,Control5,Control6,Control7,Control8,Control9,Control10,Control11,Control12,Control13,Control15,Control16,Control17
4001,9768,64151,7272,55872,29128;Control1,Control2,Control3,Control4,Control5,Control6,Control7,Control9,Control10,Control11,Control12,Control15,Control16,Control17
4001,64843,3604,6664,27299,2625,387978,9055;Control1,Control4,Control5,Control6,Control7,Control8,Control9,Control10,Control11,Control12,Control13,Control15,Control16,Control17
4001,9055,55247,3161,54443,55872,29128;Control1,Control2,Control3,Control4,Control5,Control6,Control7,Control8,Control9,Control10,Control11,Control12,Control13,Control15,Control16,Control17
4001,100507118,699,64151,3161,55872,221150,51203,7153,29128;Control1,Control2,Control3,Control5,Control6,Control7,Control8,Control9,Control10,Control11,Control12,Control13,Control15,Control16,Control17
4001,100506655,6664,4547,387978;Control2,Control3,Control4,Control5,Control6,Control7,Control8,Control9,Control10,Control11,Control12,Control13,Control15,Control16,Control17
4001,79801,64151,3161,55872,57082,51203,29128;Control1,Control2,Control3,Control4,Control5,Control6,Control7,Control8,Control9,Control10,Control11,Control12,Control13,Control16,Control17
4001,101060400,6664,387978;Control1,Control2,Control3,Control4,Control5,Control6,Control8,Control9,Control10,Control11,Control12,Control13,Control15,Control16,Control17
4001,220134,64151,55872,57082,29128;Control1,Control2,Control3,Control4,Control5,Control6,Control7,Control8,Control9,Control10,Control11,Control12,Control13,Control15,Control16,Control17
4001,105372115,3604,6664,27299,2625,387978,9055;Control1,Control3,Control4,Control5,Control6,Control7,Control8,Control9,Control10,Control11,Control12,Control13,Control15,Control17
4001,9582,9833;Control1,Control3,Control4,Control5,Control6,Control7,Control8,Control9,Control10,Control11,Control12,Control13,Control15,Control16
4001,24137,9928,64151,3161,55872,55165,221150,57082,7153,29128;Control1,Control2,Control3,Control4,Control5,Control6,Control7,Control9,Control10,Control11,Control12,Control13,Control15,Control16
4001,5354,157570;Control1,Control2,Control3,Control5,Control6,Control7,Control8,Control10,Control11,Control12,Control13,Control15,Control16,Control17
4001,389903,6664,387978;Control1,Control2,Control3,Control4,Control5,Control6,Control7,Control8,Control9,Control10,Control11,Control12,Control13,Control15,Control16
171019,2845,107986990;Control1,Control2,Control3,Control4,Control5,Control6,Control7,Control8,Control10,Control11,Control12,Control13,Control15,Control16,Control17
171019,105375622,8424;Control1,Control2,Control3,Control4,Control5,Control6,Control7,Control8,Control9,Control10,Control11,Control12,Control13,Control15,Control17
171019,107986990;Control1,Control2,Control3,Control4,Control5,Control6,Control7,Control8,Control9,Control10,Control11,Control12,Control13,Control15,Control16,Control17
171019,8424,105369685;Control1,Control2,Control3,Control4,Control5,Control6,Control7,Control8,Control9,Control10,Control11,Control12,Control13,Control15,Control16,Control17
171019,2835;Control1,Control2,Control3,Control4,Control5,Control6,Control7,Control10,Control11,Control12,Control13,Control15,Control16,Control17
171019,647946,8424,105369685;Control1,Control2,Control3,Control4,Control5,Control6,Control7,Control8,Control9,Control11,Control12,Control13,Control15,Control16,Control17
171019,1630,105369685;Control1,Control2,Control3,Control4,Control5,Control6,Control7,Control8,Control9,Control10,Control11,Control12,Control13,Control15,Control16,Control17
171019,8529,107986990;Control2,Control3,Control4,Control5,Control6,Control7,Control8,Control9,Control10,Control12,Control13,Control15,Control16,Control17
171019,105372613,477,107986990;Control1,Control2,Control3,Control4,Control6,Control7,Control8,Control9,Control10,Control11,Control12,Control15,Control16,Control17
5307,105374986,115019,105377123;Control1,Control4,Control5,Control6,Control7,Control8,Control9,Control10,Control11,Control12,Control13,Control15,Control16,Control17
5307,1749,2019,134285,389336,285987,4004,3502,145873,25818,5653,5650,28809,105373150,729442;Control1,Control2,Control4,Control5,Control6,Control7,Control8,Control9,Control10,Control11,Control12,Control13,Control16,Control17
5307,100192378,1690,100506071,8471;Control1,Control2,Control3,Control4,Control5,Control6,Control7,Control8,Control9,Control10,Control11,Control12,Control13,Control15,Control16,Control17
5307,29991,115019;Control1,Control2,Control4,Control5,Control6,Control7,Control8,Control9,Control10,Control11,Control13,Control15,Control16,Control17
5307,8538;Control1,Control2,Control4,Control5,Control6,Control7,Control8,Control9,Control11,Control12,Control13,Control15,Control16,Control17
5307,354,115019,134285,389336,285987,4004,25818,5653,5650,28809,105373150,729442;Control1,Control2,Control4,Control5,Control7,Control8,Control9,Control10,Control11,Control12,Control13,Control15,Control16,Control17
5307,64699,28809;Control1,Control2,Control4,Control5,Control6,Control7,Control8,Control9,Control10,Control11,Control12,Control13,Control15,Control16,Control17
995,9096,1058,105375610;Control1,Control2,Control3,Control4,Control6,Control7,Control8,Control9,Control10,Control11,Control12,Control13,Control15,Control17
995,253582,128239,112937;Control1,Control3,Control5,Control6,Control7,Control8,Control9,Control10,Control11,Control12,Control13,Control15,Control16,Control17
995,157313,259266,6241,9232,9787,9133,332;Control1,Control2,Control3,Control4,Control5,Control6,Control7,Control9,Control10,Control11,Control12,Control15,Control16,Control17
995,55872,1063,6241,150468,9787,100507118,332;Control1,Control2,Control3,Control4,Control5,Control6,Control7,Control8,Control10,Control11,Control12,Control13,Control15,Control16,Control17
995,9833,259266,1063,6241,9787,100507118,146909,332,22974;Control1,Control2,Control3,Control5,Control6,Control7,Control8,Control9,Control10,Control11,Control12,Control15,Control16,Control17
995,55165,259266,1063,6241,55355,9787,100507118,332,24137;Control1,Control2,Control3,Control4,Control5,Control6,Control7,Control9,Control10,Control11,Control12,Control13,Control15,Control16,Control17
995,2834,991,4288;Control1,Control3,Control4,Control5,Control6,Control7,Control8,Control9,Control10,Control11,Control12,Control13,Control15,Control16
995,219527,3833;Control1,Control2,Control3,Control4,Control6,Control7,Control8,Control9,Control10,Control11,Control12,Control13,Control15,Control16,Control17
995,112937,128239;Control1,Control3,Control4,Control5,Control6,Control7,Control8,Control9,Control10,Control11,Control12,Control13,Control15,Control16,Control17
995,10024,991,128239,9232,4288,9133,9212;Control1,Control3,Control4,Control5,Control6,Control7,Control8,Control9,Control10,Control11,Control12,Control13,Control15,Control16,Control17
995,221150,128239,6241,55355,9787,9212;Control1,Control2,Control4,Control5,Control6,Control7,Control8,Control10,Control11,Control12,Control13,Control15,Control16,Control17
995,81624,1063,6241,1058,150468,9787,332;Control1,Control2,Control3,Control4,Control5,Control6,Control7,Control8,Control9,Control11,Control12,Control13,Control15,Control17
995,100507118,259266,1063,6241,55355,3833,9787;Control1,Control2,Control3,Control4,Control5,Control6,Control7,Control8,Control9,Control10,Control11,Control12,Control13,Control15,Control16,Control17
995,5347,991,259266,3833,4288,9212,11065;Control1,Control2,Control3,Control4,Control7,Control8,Control9,Control10,Control11,Control12,Control13,Control15,Control16,Control17
995,79801,991,259266,1063,6241,55355,3833,4288,9787,9133;Control1,Control2,Control3,Control4,Control5,Control6,Control7,Control8,Control9,Control10,Control11,Control12,Control13,Control16,Control17
995,83903,1063,150468;Control1,Control2,Control3,Control4,Control5,Control6,Control7,Control8,Control9,Control10,Control13,Control15,Control16,Control17
995,107985017,991,9232,3833,4288,9787,9212,146909;Control1,Control2,Control3,Control4,Control5,Control6,Control7,Control8,Control9,Control10,Control11,Control12,Control13,Control15,Control17
995,10615,991,128239,259266,6241,55355,4288,9787,9212;Control1,Control4,Control5,Control6,Control7,Control8,Control9,Control10,Control11,Control12,Control13,Control15,Control16,Control17
995,7153,259266,1063,6241,55355,55165,9787,100507118,24137;Control1,Control2,Control3,Control4,Control5,Control6,Control7,Control9,Control10,Control11,Control12,Control13,Control15,Control16
995,400618,112937,110806280;Control1,Control3,Control4,Control5,Control6,Control7,Control8,Control10,Control11,Control12,Control13,Control15,Control16,Control17
995,220134,991,128239,259266,6241,55355,3833,4288,9787,9212;Control1,Control2,Control3,Control4,Control5,Control6,Control7,Control8,Control10,Control11,Control12,Control13,Control15,Control16,Control17
995,6790;Control1,Control2,Control3,Control5,Control6,Control7,Control8,Control9,Control11,Control12,Control13,Control15,Control16,Control17
995,186,150468,157570;Control1,Control2,Control3,Control4,Control5,Control6,Control8,Control9,Control10,Control11,Control12,Control13,Control15,Control16
995,158511,3833;Control1,Control2,Control3,Control4,Control5,Control7,Control8,Control9,Control10,Control11,Control12,Control13,Control15,Control16,Control17
6690,389336,55765,1749,3227;Control1,Control2,Control3,Control4,Control5,Control6,Control7,Control8,Control9,Control10,Control11,Control12,Control15,Control17
6690,3135;Control1,Control2,Control3,Control5,Control6,Control7,Control8,Control9,Control10,Control11,Control12,Control13,Control15,Control16
6690,7180,3881;Control2,Control3,Control4,Control5,Control6,Control7,Control8,Control10,Control11,Control12,Control13,Control15,Control16,Control17
6690,1749,3227;Control1,Control2,Control3,Control4,Control5,Control6,Control7,Control8,Control9,Control10,Control11,Control12,Control15,Control16,Control17
6690,1029;Control1,Control3,Control4,Control5,Control6,Control7,Control8,Control9,Control10,Control11,Control12,Control13,Control15,Control16,Control17
6690,102724784,3881,107985627;Control1,Control2,Control3,Control4,Control5,Control6,Control7,Control8,Control9,Control11,Control12,Control13,Control15,Control16,Control17
6690,4973,285987,4004,5653,5650,729442;Control1,Control2,Control3,Control4,Control5,Control6,Control7,Control8,Control9,Control10,Control12,Control15,Control16,Control17
6690,112802,3881;Control1,Control2,Control3,Control4,Control5,Control6,Control7,Control8,Control9,Control10,Control11,Control12,Control13,Control15,Control16,Control17
6690,3856;Control1,Control2,Control3,Control4,Control7,Control8,Control9,Control10,Control11,Control12,Control13,Control15,Control16,Control17
6690,3229;Control1,Control2,Control3,Control4,Control5,Control6,Control7,Control8,Control9,Control10,Control11,Control12,Control13,Control17
6690,338797,1749,3227;Control1,Control2,Control3,Control4,Control5,Control6,Control7,Control8,Control10,Control11,Control12,Control15,Control16,Control17
6690,103689845,102724784,3881,107985627;Control1,Control2,Control3,Control4,Control5,Control6,Control7,Control8,Control9,Control11,Control12,Control13,Control16,Control17
6690,100126311;Control1,Control2,Control3,Control4,Control5,Control6,Control8,Control9,Control10,Control11,Control12,Control15,Control16,Control17
6690,105371050,6273,338667;Control1,Control2,Control3,Control4,Control5,Control6,Control7,Control8,Control9,Control12,Control13,Control15,Control16,Control17
6690,354,55765;Control1,Control2,Control3,Control4,Control6,Control7,Control8,Control9,Control10,Control11,Control12,Control15,Control16,Control17
389336,100130275,2019,4004,3227,5653,5650;Control1,Control2,Control3,Control4,Control5,Control6,Control7,Control8,Control9,Control10,Control11,Control13,Control16,Control17
389336,105374986,27237;Control1,Control2,Control3,Control4,Control5,Control7,Control8,Control9,Control10,Control11,Control12,Control13,Control15,Control16,Control17
389336,102723724,3227;Control1,Control2,Control3,Control4,Control5,Control6,Control9,Control10,Control11,Control12,Control13,Control15,Control16,Control17
389336,554202,731220,646024,105376041,3229,55655;Control1,Control2,Control3,Control4,Control5,Control6,Control8,Control9,Control11,Control12,Control13,Control15,Control16,Control17
389336,1029,1749;Control1,Control3,Control4,Control5,Control6,Control7,Control8,Control9,Control10,Control11,Control12,Control15,Control16,Control17
389336,100048912;Control1,Control2,Control3,Control4,Control5,Control6,Control7,Control8,Control9,Control11,Control12,Control13,Control15,Control17
389336,347252;Control1,Control2,Control3,Control4,Control5,Control6,Control7,Control8,Control9,Control11,Control12,Control13,Control15,Control17
389336,29991,115019;Control1,Control2,Control4,Control5,Control6,Control7,Control8,Control9,Control10,Control11,Control13,Control15,Control16,Control17
389336,1813,53836,105371737;Control1,Control2,Control3,Control4,Control5,Control6,Control7,Control8,Control9,Control11,Control12,Control13,Control16,Control17
389336,4973,58,101927750,2019,134285,285987,1749,4004,25818,5653,5650,28809,729442;Control1,Control2,Control3,Control4,Control5,Control6,Control7,Control8,Control9,Control10,Control11,Control12,Control13,Control17
389336,3227,1749;Control1,Control2,Control3,Control4,Control5,Control6,Control7,Control8,Control9,Control10,Control11,Control12,Control13,Control15,Control16,Control17
389336,81624;Control1,Control3,Control4,Control5,Control6,Control7,Control8,Control10,Control11,Control12,Control13,Control15,Control16,Control17
389336,387978,731220,646024,1749,11075,105376041,3229,55655;Control1,Control2,Control3,Control4,Control5,Control6,Control7,Control8,Control11,Control12,Control13,Control15,Control16,Control17
389336,5265,58,285987,1749,4004,5653,5650,28809,729442;Control1,Control2,Control3,Control4,Control5,Control6,Control7,Control8,Control9,Control10,Control11,Control13,Control16,Control17
389336,10942,53836;Control1,Control2,Control3,Control4,Control5,Control6,Control7,Control8,Control9,Control11,Control12,Control13,Control16,Control17
389336,9956,731220,646024,105376041,3229,55655;Control1,Control2,Control3,Control4,Control5,Control6,Control7,Control9,Control11,Control12,Control13,Control15,Control16,Control17
389336,9955,646024,11075,105376041,55655;Control1,Control3,Control4,Control5,Control6,Control7,Control8,Control9,Control11,Control12,Control13,Control15,Control16,Control17
389336,339256,2019,134285,285987,4004,25818,5653,5650,28809,729442;Control2,Control3,Control4,Control5,Control6,Control7,Control8,Control9,Control10,Control11,Control12,Control13,Control16,Control17
389336,3881,102467080,6690;Control1,Control2,Control3,Control4,Control5,Control6,Control7,Control8,Control9,Control10,Control11,Control15,Control16,Control17
389336,10437,1749,3227;Control2,Control3,Control4,Control5,Control6,Control7,Control8,Control9,Control10,Control11,Control13,Control15,Control16,Control17
389336,109729169,731220,5798,646024,168002,11075,105376041,3229,55655;Control1,Control2,Control3,Control4,Control5,Control6,Control7,Control8,Control9,Control11,Control13,Control15,Control16,Control17
6534,7020;Control1,Control2,Control4,Control5,Control6,Control7,Control8,Control9,Control10,Control11,Control12,Control13,Control16,Control17
6534,105375077;Control1,Control3,Control4,Control5,Control6,Control7,Control8,Control9,Control10,Control11,Control13,Control15,Control16,Control17
6534,168002,374946,5798,3229,115701,55655,109729169;Control1,Control2,Control3,Control4,Control5,Control6,Control7,Control8,Control9,Control10,Control11,Control13,Control15,Control17
6534,10643;Control1,Control2,Control4,Control5,Control6,Control7,Control9,Control10,Control11,Control12,Control13,Control15,Control16,Control17
6534,63898;Control1,Control2,Control3,Control4,Control5,Control6,Control7,Control8,Control9,Control10,Control11,Control12,Control13,Control15,Control17
6534,11075,5798,109729169;Control1,Control2,Control3,Control4,Control5,Control6,Control7,Control8,Control9,Control10,Control12,Control13,Control15,Control16,Control17
6534,105375690,55655,109729169;Control1,Control2,Control3,Control5,Control6,Control7,Control8,Control9,Control10,Control11,Control13,Control15,Control16,Control17
6534,554202,5798,646024,105376041,100533990,344,109729169;Control1,Control2,Control3,Control4,Control5,Control6,Control7,Control8,Control9,Control10,Control11,Control13,Control15,Control16
6534,105378305;Control1,Control2,Control3,Control4,Control5,Control6,Control7,Control8,Control9,Control10,Control11,Control12,Control13,Control15,Control16,Control17
6534,120939;Control1,Control3,Control4,Control5,Control6,Control7,Control8,Control9,Control10,Control11,Control12,Control13,Control15,Control16,Control17
6534,1690,100506071;Control1,Control2,Control4,Control5,Control6,Control7,Control8,Control9,Control10,Control11,Control12,Control13,Control15,Control16
6534,9955,5798,109729169;Control1,Control3,Control4,Control5,Control6,Control7,Control8,Control9,Control11,Control12,Control13,Control15,Control16,Control17
6534,115701,55655,109729169;Control1,Control3,Control4,Control5,Control6,Control7,Control8,Control9,Control10,Control11,Control13,Control15,Control16,Control17
6534,100533990,5798,344,109729169;Control1,Control2,Control3,Control4,Control5,Control6,Control7,Control8,Control9,Control10,Control11,Control12,Control13,Control15,Control16
6534,55655,3053,109729169;Control1,Control2,Control3,Control4,Control5,Control6,Control7,Control8,Control9,Control10,Control11,Control13,Control15,Control16,Control17
6534,4318,5798,105378305,344,109729184;Control1,Control2,Control3,Control4,Control5,Control6,Control7,Control8,Control9,Control11,Control12,Control13,Control15,Control16
6534,57167,5798,100533990,344,109729169;Control1,Control2,Control3,Control5,Control6,Control7,Control8,Control9,Control10,Control11,Control12,Control13,Control15,Control16
9232,55872,991,259266,1063,6241,113130,9787,9133,9212,146909;Control1,Control2,Control3,Control4,Control5,Control6,Control7,Control8,Control9,Control10,Control11,Control12,Control13,Control16
9232,9833,259266,1063,6241,9787,100507118,79801,146909,332;Control1,Control2,Control3,Control4,Control5,Control6,Control7,Control8,Control9,Control10,Control11,Control12,Control16,Control17
9232,89958,991,259266,57405,113130,10615,146909;Control1,Control3,Control4,Control5,Control6,Control7,Control8,Control9,Control10,Control11,Control13,Control15,Control16,Control17
9232,112937,991,128239,3833,4288,9212;Control1,Control2,Control3,Control4,Control5,Control6,Control7,Control8,Control10,Control11,Control12,Control13,Control15,Control17
9232,2305,991,3833,9212;Control1,Control2,Control3,Control4,Control5,Control7,Control8,Control9,Control10,Control11,Control12,Control15,Control16,Control17
9232,221150,991,128239,259266,6241,995,3833,9787,9133,9212;Control1,Control2,Control3,Control4,Control5,Control6,Control7,Control8,Control10,Control11,Control12,Control13,Control16,Control17
9232,91828,1058;Control1,Control2,Control3,Control4,Control5,Control6,Control7,Control8,Control10,Control11,Control12,Control15,Control16,Control17
9232,100507118,991,259266,1063,6241,55355,995,3833,113130,9787,9133,332;Control1,Control2,Control3,Control4,Control5,Control6,Control7,Control8,Control9,Control10,Control11,Control12,Control16,Control17
9232,79801,991,128239,259266,6241,4288,9787,9133;Control1,Control2,Control3,Control4,Control5,Control6,Control7,Control8,Control9,Control10,Control11,Control12,Control13,Control15,Control16,Control17
9232,10615,991,128239,259266,6241,4288,113130,9787,9133,9212,332;Control1,Control3,Control4,Control5,Control6,Control7,Control8,Control9,Control10,Control11,Control12,Control13,Control15,Control16,Control17
9232,55771,991,10024;Control1,Control2,Control3,Control4,Control5,Control6,Control7,Control9,Control10,Control11,Control13,Control15,Control16,Control17
9232,332,991,259266,1063,6241,995,4288,113130,9787,9133,9212;Control1,Control2,Control3,Control4,Control5,Control6,Control7,Control8,Control9,Control10,Control11,Control12,Control13,Control15,Control16,Control17
9232,55723,991,128239,259266,6241,995,3833,4288,9787,9212,11065;Control1,Control2,Control3,Control4,Control6,Control7,Control8,Control9,Control10,Control11,Control12,Control13,Control15,Control16,Control17
9232,22974,991,128239,259266,6241,995,3833,4288,9787,9133,9212;Control1,Control2,Control3,Control5,Control6,Control7,Control8,Control9,Control10,Control11,Control12,Control13,Control15,Control16,Control17
9232,11065,991,128239,259266,6241,995,3833,4288,9787,9133,9212;Control1,Control2,Control3,Control4,Control6,Control7,Control8,Control9,Control10,Control11,Control12,Control13,Control15,Control16,Control17
9232,8318,991,259266,1063,6241,57405,113130,332;Control1,Control3,Control4,Control5,Control6,Control7,Control8,Control10,Control11,Control12,Control13,Control15,Control16,Control17
9232,9582,6241,4288,113130,9787;Control1,Control3,Control4,Control5,Control6,Control7,Control8,Control9,Control10,Control11,Control12,Control15,Control16,Control17
9232,100874530,128239,9133,9212;Control1,Control3,Control4,Control5,Control6,Control7,Control8,Control9,Control10,Control11,Control12,Control15,Control16,Control17
9232,24137,991,128239,259266,6241,995,3833,4288,9787,9133,9212;Control1,Control2,Control3,Control4,Control5,Control6,Control7,Control9,Control10,Control11,Control12,Control13,Control15,Control16,Control17
9232,158511,991,128239,259266,3833,4288,112937,9787,9133,9212;Control1,Control2,Control3,Control4,Control5,Control6,Control7,Control8,Control10,Control11,Control12,Control13,Control16,Control17
3161,7272,23397,100288637,29128;Control1,Control2,Control3,Control4,Control5,Control6,Control7,Control8,Control9,Control10,Control11,Control12,Control13,Control15,Control16,Control17
3161,2845,9928,4751,23397,10721,100288637,7153;Control1,Control3,Control4,Control5,Control6,Control7,Control8,Control9,Control10,Control11,Control12,Control13,Control15,Control16
3161,157313,55143,1063,6241,150468,55872,100507118;Control1,Control2,Control3,Control4,Control5,Control6,Control7,Control8,Control10,Control11,Control12,Control15,Control16,Control17
3161,55388,23397,64151,55247,55165,7153,29128;Control1,Control2,Control3,Control4,Control5,Control6,Control7,Control8,Control9,Control10,Control12,Control13,Control15,Control16,Control17
3161,11130,4751,23397,699,55872,983,55165,100288637,7153,29128;Control1,Control2,Control3,Control5,Control6,Control7,Control8,Control9,Control10,Control11,Control12,Control13,Control15,Control16,Control17
3161,3832,4751,54443,55872,983,55165,51203,7153;Control1,Control2,Control3,Control4,Control5,Control6,Control7,Control8,Control9,Control10,Control11,Control12,Control13,Control15,Control16,Control17
3161,79733,55143,4751,55247,54443,55872,983,3832,9055;Control1,Control2,Control3,Control4,Control5,Control6,Control7,Control10,Control11,Control12,Control13,Control15,Control16,Control17
3161,81930,55143,79733;Control1,Control2,Control3,Control4,Control5,Control6,Control7,Control10,Control11,Control12,Control13,Control15,Control16,Control17
3161,144455,9928,64151,4001,55872,221150,29128;Control1,Control2,Control3,Control4,Control5,Control7,Control8,Control9,Control10,Control11,Control12,Control13,Control15,Control16
3161,9768,23397,64151,7272,54443,55872,983,55165,7153,29128,24137;Control1,Control3,Control4,Control5,Control6,Control7,Control8,Control9,Control10,Control11,Control12,Control15,Control16,Control17
3161,79801,1063,6241,64151,55872,55165,9787,100507118,29128;Control1,Control2,Control3,Control4,Control5,Control6,Control7,Control8,Control9,Control10,Control11,Control12,Control13,Control15,Control16,Control17
3161,83903,4751,54443,55872,55165,9824,9493,9055;Control1,Control2,Control4,Control5,Control6,Control7,Control8,Control9,Control10,Control11,Control12,Control13,Control15,Control16,Control17
3161,54478,55635,3832,7153;Control1,Control2,Control3,Control4,Control5,Control7,Control8,Control10,Control11,Control12,Control13,Control15,Control16,Control17
3161,332,1063,6241,150468,157313,55872,9833,55165;Control1,Control2,Control3,Control4,Control5,Control6,Control7,Control8,Control10,Control11,Control12,Control15,Control16,Control17
3161,220134,1063,6241,55355,64151,55872,221150,9787,100507118,29128,24137;Control1,Control2,Control3,Control4,Control5,Control6,Control7,Control8,Control9,Control10,Control11,Control12,Control13,Control15,Control17
3161,105372115,56992,55247,9055,389903;Control1,Control3,Control4,Control5,Control6,Control7,Control8,Control9,Control10,Control11,Control12,Control13,Control15,Control16,Control17
3161,51512,55143,4751,150468,54443,157570,55872,9055;Control1,Control2,Control3,Control4,Control5,Control6,Control7,Control8,Control10,Control11,Control12,Control15,Control16,Control17
3161,389903,56992,55247,55872,221150,9055;Control1,Control3,Control4,Control5,Control6,Control7,Control8,Control9,Control10,Control11,Control12,Control13,Control15,Control16,Control17
101927813,54443,4751,891,3161,55872,9055,100507118;Control1,Control2,Control3,Control5,Control6,Control7,Control8,Control9,Control10,Control11,Control12,Control15,Control16,Control17
101927813,9833,3161;Control1,Control2,Control3,Control4,Control5,Control6,Control7,Control8,Control9,Control10,Control11,Control12,Control15,Control16,Control17
101927813,11130;Control1,Control2,Control3,Control4,Control5,Control6,Control7,Control9,Control10,Control11,Control12,Control13,Control15,Control16,Control17
101927813,221150,891,3161,55872,9833,9055,100507118;Control1,Control2,Control3,Control5,Control6,Control7,Control8,Control9,Control10,Control11,Control12,Control15,Control16,Control17
101927813,79801,891;Control1,Control2,Control3,Control4,Control5,Control6,Control7,Control8,Control9,Control10,Control11,Control12,Control13,Control17
101927813,83903,3161;Control1,Control2,Control5,Control6,Control7,Control8,Control9,Control10,Control11,Control12,Control13,Control15,Control16,Control17
101927813,51512;Control1,Control2,Control3,Control5,Control6,Control7,Control8,Control10,Control11,Control12,Control13,Control15,Control16,Control17
57451,107986606,5133,6495;Control1,Control2,Control4,Control5,Control6,Control7,Control8,Control9,Control10,Control11,Control12,Control13,Control16,Control17
57451,101927686,51361,340273,158228,6495,654499,54101;Control1,Control2,Control3,Control4,Control6,Control7,Control8,Control9,Control10,Control11,Control12,Control13,Control15,Control16,Control17
57451,253582,51361,340273,158228,143662,6495,654499,54101;Control1,Control2,Control3,Control4,Control5,Control6,Control7,Control8,Control9,Control10,Control11,Control12,Control13,Control15
57451,100506895,10309,64843,6362,8471;Control1,Control2,Control3,Control5,Control6,Control7,Control8,Control10,Control11,Control12,Control13,Control15,Control16,Control17
57451,245972,51361,81849,340273,158228,143662,6495,100506411,654499,970,54101;Control1,Control2,Control4,Control5,Control6,Control7,Control8,Control10,Control11,Control12,Control13,Control15,Control16,Control17
57451,105375674,23286,6495,101927355;Control1,Control2,Control3,Control4,Control5,Control6,Control7,Control8,Control10,Control11,Control12,Control15,Control16,Control17
57451,105375690,51361,100996301,10309,100505994,23286,340273,100289137,158228,143662,6495,161291,100506411,654499,970,101927355,107985492,54101;Control1,Control2,Control4,Control5,Control6,Control7,Control8,Control9,Control10,Control11,Control12,Control13,Control16,Control17
57451,112268037,51361,100996301,10309,23286,340273,100289137,253650,158228,143662,6495,100506411,654499,101927355,107985492,54101,2277;Control1,Control2,Control4,Control5,Control6,Control8,Control9,Control10,Control11,Control12,Control13,Control15,Control16,Control17
57451,9355,51361,23286,340273,100289137,253650,158228,112268037,143662,6495,100506411,654499,101927355,54101,2277;Control1,Control2,Control4,Control5,Control6,Control8,Control9,Control10,Control11,Control12,Control13,Control15,Control16,Control17
57451,50614;Control1,Control2,Control5,Control6,Control7,Control8,Control9,Control10,Control11,Control12,Control13,Control15,Control16,Control17
57451,7546,51361,340273,158228,6495,654499,101927355,54101;Control2,Control3,Control4,Control5,Control6,Control7,Control8,Control9,Control10,Control11,Control12,Control13,Control15,Control16,Control17
57451,366,51361,10309,23286,340273,100289137,158228,143662,7546,6495,161291,100506411,654499,970,101927355,54101;Control2,Control4,Control5,Control6,Control7,Control8,Control9,Control10,Control11,Control12,Control13,Control15,Control16,Control17
57451,64843;Control1,Control2,Control3,Control5,Control6,Control7,Control8,Control9,Control10,Control11,Control12,Control13,Control15,Control16,Control17
57451,101929690,148645,3239,56203,3670,345643,5307,105375894,1690,100506071,64843,6362,106481742,9758,8471;Control1,Control2,Control3,Control5,Control6,Control7,Control8,Control10,Control11,Control12,Control13,Control15,Control16,Control17
57451,10481,10309,161291;Control1,Control2,Control3,Control4,Control5,Control6,Control7,Control8,Control9,Control11,Control13,Control15,Control16,Control17
57451,22974,6495;Control1,Control2,Control4,Control5,Control6,Control7,Control8,Control9,Control10,Control11,Control12,Control13,Control15,Control16
23286,3135,3352,51361,100996301,340273,158228,143662,79056,6495,100506411,654499,101927355,54101;Control1,Control2,Control3,Control4,Control5,Control7,Control8,Control9,Control10,Control11,Control12,Control15,Control16,Control17
23286,101101772,3352,51361,100996301,81849,100505994,340273,100289137,253650,158228,143662,6495,100506411,654499,101927355,107985492,54101;Control1,Control2,Control3,Control4,Control5,Control6,Control7,Control8,Control9,Control10,Control11,Control12,Control13,Control17
23286,2835;Control2,Control3,Control4,Control5,Control6,Control7,Control8,Control9,Control10,Control11,Control12,Control13,Control15,Control16,Control17
23286,103689845;Control2,Control3,Control5,Control6,Control7,Control8,Control9,Control10,Control11,Control12,Control13,Control15,Control16,Control17
7020,10643;Control1,Control2,Control3,Control4,Control6,Control7,Control9,Control10,Control11,Control12,Control13,Control15,Control16,Control17
7020,29991,10481;Control1,Control2,Control3,Control5,Control6,Control7,Control8,Control9,Control10,Control11,Control12,Control13,Control15,Control16
7020,79191;Control1,Control2,Control4,Control5,Control6,Control7,Control8,Control9,Control10,Control11,Control12,Control13,Control15,Control16,Control17
7020,10481;Control1,Control2,Control3,Control4,Control5,Control6,Control7,Control8,Control9,Control10,Control11,Control12,Control13,Control15,Control16
7020,344,89886,79191;Control1,Control2,Control4,Control5,Control6,Control7,Control8,Control9,Control10,Control11,Control12,Control13,Control15,Control16
7020,105372613;Control1,Control2,Control3,Control4,Control5,Control6,Control7,Control8,Control9,Control10,Control11,Control12,Control15,Control17
7020,7477,79191,344;Control1,Control2,Control4,Control5,Control6,Control7,Control8,Control9,Control10,Control11,Control12,Control13,Control15,Control16
100130275,1750,5265;Control1,Control2,Control3,Control4,Control5,Control7,Control8,Control10,Control11,Control12,Control13,Control15,Control16,Control17
100130275,29991;Control2,Control3,Control5,Control6,Control7,Control8,Control9,Control10,Control11,Control12,Control13,Control15,Control16,Control17
100130275,4004,2019;Control1,Control2,Control3,Control4,Control5,Control6,Control7,Control8,Control9,Control10,Control11,Control13,Control15,Control16,Control17
100130275,5265;Control1,Control2,Control3,Control4,Control5,Control6,Control7,Control8,Control9,Control10,Control11,Control12,Control13,Control15,Control16,Control17
100130275,79191;Control2,Control3,Control4,Control5,Control6,Control7,Control8,Control9,Control11,Control12,Control13,Control15,Control16,Control17
100130275,3881;Control1,Control2,Control3,Control5,Control6,Control7,Control8,Control9,Control10,Control11,Control12,Control15,Control16,Control17
100130275,10481;Control1,Control2,Control4,Control5,Control6,Control7,Control8,Control9,Control10,Control11,Control12,Control13,Control15,Control16,Control17
100130275,647946,4004;Control1,Control2,Control3,Control4,Control5,Control6,Control7,Control9,Control10,Control11,Control13,Control15,Control16,Control17
100130275,100533990,344,7477;Control1,Control2,Control3,Control4,Control5,Control6,Control7,Control8,Control9,Control11,Control12,Control13,Control16,Control17
100130275,5650,2019,134285,285987,4004,5265,5653,28809,729442;Control1,Control2,Control3,Control5,Control6,Control7,Control8,Control9,Control10,Control11,Control13,Control15,Control16,Control17
100130275,55655,3227,5265;Control1,Control2,Control3,Control4,Control5,Control6,Control7,Control8,Control9,Control10,Control11,Control13,Control16,Control17
100130275,57167,7477;Control1,Control2,Control3,Control4,Control5,Control6,Control7,Control8,Control9,Control11,Control12,Control13,Control16,Control17
8352,105375674,6273,8355,101927760,338667;Control1,Control2,Control3,Control5,Control6,Control7,Control8,Control9,Control10,Control11,Control12,Control13,Control16,Control17
8352,101927760,338667,53820;Control1,Control2,Control3,Control4,Control5,Control6,Control7,Control8,Control9,Control10,Control11,Control12,Control13,Control15,Control16,Control17
8352,102724784,101927760,338667,107985627;Control1,Control2,Control3,Control4,Control5,Control6,Control7,Control8,Control9,Control10,Control12,Control13,Control15,Control16,Control17
8352,2893;Control1,Control2,Control3,Control4,Control6,Control7,Control8,Control9,Control11,Control12,Control13,Control15,Control16,Control17
8352,2835,8355,101927760,338667;Control2,Control3,Control5,Control6,Control7,Control8,Control9,Control10,Control11,Control12,Control13,Control15,Control16,Control17
8352,103689845,6273,8355,105375027,101927760,338667,111216286;Control1,Control2,Control3,Control4,Control5,Control6,Control7,Control8,Control9,Control10,Control11,Control12,Control13,Control17
8352,105371050,338667;Control1,Control2,Control3,Control4,Control5,Control6,Control7,Control9,Control10,Control11,Control12,Control13,Control15,Control16,Control17
8352,147841;Control1,Control2,Control3,Control4,Control5,Control7,Control8,Control9,Control10,Control11,Control12,Control15,Control16,Control17
8345,8355,101927760,53820;Control1,Control3,Control4,Control5,Control6,Control7,Control8,Control9,Control10,Control11,Control12,Control13,Control16,Control17
8345,105375077;Control1,Control2,Control3,Control4,Control5,Control6,Control7,Control8,Control9,Control10,Control11,Control12,Control15,Control16,Control17
8345,157313;Control2,Control3,Control4,Control5,Control6,Control7,Control9,Control10,Control11,Control12,Control13,Control15,Control16,Control17
8345,1029;Control1,Control2,Control3,Control4,Control5,Control6,Control7,Control8,Control9,Control11,Control12,Control13,Control15,Control16,Control17
8345,81930;Control1,Control2,Control3,Control4,Control5,Control6,Control7,Control8,Control9,Control10,Control11,Control12,Control16,Control17
8345,103689845;Control1,Control3,Control4,Control5,Control6,Control7,Control8,Control9,Control10,Control11,Control12,Control13,Control15,Control16
8345,107984763;Control1,Control2,Control3,Control4,Control5,Control7,Control8,Control9,Control10,Control11,Control12,Control13,Control15,Control16
8345,79801;Control1,Control2,Control3,Control4,Control5,Control6,Control7,Control8,Control10,Control11,Control12,Control15,Control16,Control17
8345,51512;Control1,Control3,Control4,Control5,Control6,Control7,Control8,Control9,Control10,Control11,Control12,Control13,Control16,Control17
105374986,105375077;Control1,Control2,Control3,Control4,Control5,Control6,Control7,Control8,Control9,Control11,Control12,Control13,Control15,Control16,Control17
105374986,1749,115019,389336;Control1,Control3,Control4,Control5,Control6,Control7,Control8,Control9,Control10,Control11,Control12,Control13,Control15,Control16,Control17
105374986,1029,27237;Control1,Control2,Control3,Control4,Control5,Control7,Control8,Control9,Control10,Control11,Control12,Control15,Control16,Control17
105374986,29991,115019;Control1,Control3,Control4,Control5,Control6,Control7,Control8,Control9,Control10,Control11,Control13,Control15,Control16,Control17
105374986,3227,27237,115019,389336,1749;Control1,Control3,Control4,Control5,Control7,Control8,Control9,Control10,Control11,Control12,Control13,Control15,Control16,Control17
105374986,81624,2328;Control1,Control2,Control3,Control4,Control5,Control7,Control8,Control10,Control11,Control12,Control13,Control15,Control16,Control17
105374986,9955;Control1,Control2,Control3,Control4,Control5,Control7,Control8,Control9,Control11,Control12,Control13,Control15,Control16,Control17
105374986,105371927,27237,2328;Control1,Control2,Control3,Control5,Control7,Control8,Control9,Control10,Control11,Control12,Control13,Control15,Control16,Control17
105374986,284266;Control1,Control2,Control3,Control5,Control6,Control7,Control9,Control10,Control11,Control12,Control13,Control15,Control16,Control17
105374986,115701,27237;Control1,Control2,Control3,Control4,Control5,Control7,Control8,Control9,Control10,Control11,Control12,Control13,Control16,Control17
105374986,80714,115019;Control1,Control3,Control4,Control5,Control6,Control7,Control8,Control9,Control11,Control12,Control13,Control15,Control16,Control17
105374986,354,27237,115019,134285,389336,285987,4004,5653,5650,28809,729442;Control1,Control3,Control4,Control5,Control7,Control8,Control9,Control10,Control11,Control12,Control13,Control15,Control16,Control17
105374986,101929707,2328;Control1,Control2,Control3,Control4,Control5,Control7,Control8,Control9,Control10,Control11,Control12,Control13,Control16,Control17
8355,102724784,6273,105375027,101927760,338667,111216286,107985627;Control1,Control2,Control3,Control4,Control5,Control6,Control7,Control8,Control9,Control10,Control12,Control13,Control15,Control16,Control17
8355,338797,6273,105375027,101927760,338667,111216286;Control1,Control2,Control3,Control4,Control5,Control6,Control7,Control8,Control10,Control11,Control12,Control13,Control15,Control16,Control17
8355,103689845,6273,105375027,101927760,338667,111216286;Control1,Control2,Control3,Control4,Control5,Control6,Control7,Control8,Control9,Control10,Control11,Control12,Control13,Control16,Control17
8355,9628,101927760,111216286;Control1,Control2,Control3,Control4,Control5,Control7,Control8,Control9,Control10,Control11,Control12,Control13,Control15,Control16,Control17
8355,105371050,6273,105375027,101927760,338667;Control2,Control3,Control4,Control5,Control6,Control7,Control9,Control10,Control11,Control12,Control13,Control15,Control16,Control17
8355,3881,6273,105375027,101927760,338667,111216286;Control1,Control2,Control3,Control4,Control5,Control6,Control7,Control8,Control9,Control11,Control13,Control15,Control16,Control17
8329,112802,3881;Control1,Control3,Control4,Control5,Control6,Control7,Control8,Control9,Control10,Control11,Control13,Control15,Control16,Control17
8329,107984851;Control1,Control2,Control3,Control4,Control5,Control6,Control7,Control9,Control10,Control11,Control12,Control13,Control15,Control17
8329,10595;Control1,Control2,Control3,Control4,Control5,Control6,Control7,Control8,Control9,Control10,Control11,Control12,Control13,Control15,Control16,Control17
8329,3881,102467080;Control1,Control2,Control3,Control4,Control5,Control6,Control7,Control8,Control9,Control11,Control12,Control15,Control16,Control17
10537,101927354;Control1,Control2,Control3,Control4,Control5,Control6,Control7,Control10,Control11,Control12,Control13,Control15,Control16,Control17
10537,101929690,4283,100506655,147741,23532;Control1,Control2,Control4,Control5,Control6,Control7,Control8,Control10,Control11,Control12,Control13,Control15,Control16,Control17
10537,6860,107985513,113730;Control1,Control2,Control3,Control4,Control5,Control6,Control7,Control8,Control10,Control11,Control12,Control13,Control16,Control17
10537,147741,115362,4283,100506655,339256,102606463,23532;Control1,Control2,Control3,Control4,Control5,Control6,Control7,Control8,Control10,Control11,Control12,Control13,Control15,Control16,Control17
10537,107985513;Control1,Control2,Control3,Control4,Control5,Control6,Control7,Control8,Control10,Control11,Control12,Control13,Control15,Control16,Control17
3135,101927686,51361,105374166,340273,158228,112268037,143662,6495,100506411,654499,101927355,54101;Control1,Control2,Control3,Control4,Control6,Control7,Control8,Control9,Control10,Control11,Control12,Control13,Control15,Control16,Control17
3135,245972,51361,105374166,340273,158228,143662,79056,654499,970,54101;Control1,Control2,Control3,Control4,Control5,Control6,Control7,Control8,Control9,Control11,Control12,Control13,Control15,Control16,Control17
3135,105375690,51361,100996301,81849,105374166,100505994,340273,245972,158228,143662,79056,654499,970,101927355,107985492,54101;Control1,Control2,Control3,Control4,Control5,Control6,Control7,Control8,Control9,Control11,Control12,Control13,Control16,Control17
3135,364;Control1,Control2,Control3,Control5,Control6,Control7,Control9,Control10,Control11,Control12,Control13,Control15,Control16,Control17
3135,100289137,3352,51361,100996301,23286,340273,158228,143662,79056,6495,100506411,654499,101927355,54101;Control1,Control2,Control3,Control4,Control5,Control7,Control8,Control9,Control10,Control12,Control13,Control15,Control16,Control17
3135,253650,100996301,81849,105374166,112268037,143662,79056,101927355;Control1,Control2,Control3,Control4,Control5,Control6,Control7,Control8,Control9,Control10,Control11,Control13,Control16,Control17
3135,101101772,3352,51361,100996301,81849,100505994,340273,158228,100506411,654499,101927355,107985492,54101;Control1,Control2,Control3,Control4,Control5,Control7,Control8,Control9,Control10,Control11,Control12,Control13,Control16,Control17
3135,112802;Control1,Control2,Control3,Control5,Control6,Control7,Control8,Control10,Control11,Control12,Control13,Control15,Control16,Control17
3135,2835,51361,105374166,340273,158228,143662,79056,7546,654499,970,54101;Control2,Control3,Control4,Control5,Control6,Control7,Control8,Control9,Control10,Control11,Control12,Control15,Control16,Control17
3135,7546,3352,51361,100996301,81849,105374166,340273,158228,143662,79056,6495,100506411,654499,101927355,54101;Control2,Control3,Control4,Control5,Control7,Control8,Control9,Control10,Control11,Control12,Control13,Control15,Control16,Control17
3135,970,51361,105374166,340273,158228,143662,79056,654499,101927355,54101;Control1,Control2,Control3,Control4,Control5,Control6,Control7,Control9,Control10,Control11,Control12,Control13,Control15,Control16,Control17
3135,2277,3352,51361,100996301,105374166,23286,101927686,340273,158228,143662,79056,6495,100506411,654499,101927355,54101;Control1,Control2,Control3,Control4,Control7,Control8,Control9,Control10,Control11,Control12,Control13,Control15,Control16,Control17
3833,113115,112937,158511;Control2,Control3,Control4,Control5,Control6,Control7,Control8,Control10,Control11,Control12,Control13,Control15,Control16,Control17
3833,105375610,995,9787;Control1,Control2,Control3,Control4,Control5,Control6,Control7,Control8,Control9,Control10,Control11,Control12,Control13,Control15,Control16,Control17
3833,157570,995;Control1,Control2,Control3,Control4,Control5,Control6,Control7,Control8,Control9,Control10,Control12,Control13,Control15,Control16
3833,55872,1063,55355,100507118,79801;Control1,Control2,Control3,Control4,Control5,Control6,Control7,Control8,Control9,Control10,Control11,Control12,Control13,Control15,Control16
3833,9833,1063,6241,9787,79801,146909,22974;Control1,Control2,Control3,Control5,Control6,Control7,Control8,Control9,Control10,Control11,Control12,Control13,Control15,Control16,Control17
3833,81930,105375610;Control1,Control2,Control3,Control4,Control5,Control6,Control7,Control8,Control9,Control10,Control12,Control13,Control15,Control17
3833,374393,991,1063,995,4288;Control1,Control2,Control3,Control4,Control6,Control7,Control8,Control9,Control10,Control11,Control12,Control13,Control15,Control16
3833,2305;Control1,Control2,Control3,Control4,Control5,Control6,Control7,Control8,Control9,Control10,Control11,Control12,Control15,Control16,Control17
3833,51203,1063,6241,55355,55872,55165,9787,100507118,79801;Control1,Control2,Control3,Control4,Control5,Control6,Control7,Control8,Control9,Control10,Control11,Control13,Control15,Control16
3833,5347,4288;Control1,Control2,Control3,Control4,Control5,Control6,Control7,Control8,Control9,Control10,Control11,Control12,Control13,Control15,Control16,Control17
3833,79801,991,1063,55355,4288,9212;Control1,Control2,Control3,Control4,Control5,Control6,Control7,Control8,Control9,Control10,Control11,Control12,Control13,Control15,Control16
3833,10615,991,128239,55355,4288,9787,9133,9212;Control1,Control3,Control4,Control5,Control6,Control7,Control8,Control9,Control10,Control11,Control12,Control13,Control15,Control16,Control17
3833,201299,9787,100507118,146909;Control1,Control2,Control3,Control4,Control5,Control7,Control8,Control9,Control10,Control12,Control13,Control15,Control16,Control17
3833,29128,991,128239,259266,6241,55355,995,9787,9133,24137;Control1,Control2,Control3,Control4,Control5,Control6,Control7,Control10,Control11,Control12,Control13,Control15,Control16,Control17
3833,8318,991,128239,6241,995,9232,4288,113130,9133,9212,332;Control1,Control3,Control4,Control5,Control6,Control7,Control8,Control9,Control10,Control11,Control12,Control15,Control16,Control17
3833,9582,128239,105375610,4288,9700,9212;Control1,Control3,Control4,Control5,Control6,Control7,Control8,Control9,Control10,Control11,Control13,Control15,Control16,Control17
3833,349408,991,128239,105375610,4288,9133,9212;Control1,Control3,Control4,Control5,Control6,Control7,Control8,Control9,Control10,Control11,Control13,Control15,Control16,Control17
3833,24137,991,128239,259266,6241,55355,995,4288,9787,9133,9212;Control1,Control2,Control3,Control4,Control5,Control6,Control7,Control9,Control10,Control11,Control12,Control13,Control15,Control16,Control17
3833,5354;Control1,Control2,Control3,Control4,Control5,Control6,Control7,Control8,Control10,Control11,Control12,Control13,Control15,Control16
3833,186,995;Control1,Control2,Control3,Control4,Control5,Control6,Control8,Control9,Control10,Control11,Control12,Control13,Control15,Control16
3833,158511,112937,5347;Control1,Control2,Control3,Control4,Control5,Control6,Control7,Control8,Control10,Control11,Control12,Control13,Control15,Control16,Control17
105375027,112802,102724784,3881,107985627;Control1,Control2,Control3,Control4,Control5,Control6,Control7,Control8,Control9,Control11,Control12,Control13,Control15,Control16
105375027,50614,338797;Control1,Control2,Control4,Control5,Control6,Control7,Control8,Control10,Control11,Control12,Control13,Control15,Control16,Control17
105375027,81624,100507584,101929707;Control1,Control2,Control3,Control4,Control5,Control6,Control7,Control8,Control9,Control10,Control12,Control15,Control16,Control17
105375027,10942,53836;Control1,Control3,Control4,Control5,Control6,Control7,Control8,Control9,Control10,Control11,Control12,Control15,Control16,Control17
105375027,10595;Control1,Control2,Control3,Control4,Control5,Control6,Control7,Control8,Control9,Control10,Control11,Control15,Control16,Control17
105375027,101929707,27178,285643,100507584;Control1,Control2,Control3,Control4,Control5,Control6,Control7,Control8,Control9,Control10,Control12,Control15,Control16,Control17
105375027,53820,6273,8355,101927760,338667,111216286;Control1,Control2,Control3,Control4,Control5,Control7,Control8,Control9,Control10,Control11,Control12,Control13,Control15,Control16,Control17
105375027,105372863;Control1,Control2,Control3,Control4,Control6,Control7,Control9,Control10,Control11,Control12,Control13,Control15,Control16,Control17
100507584,54443,27178,285643;Control1,Control2,Control3,Control4,Control5,Control6,Control7,Control8,Control10,Control11,Control12,Control15,Control16,Control17
100507584,105375610,150468,27178,285643,51512;Control1,Control2,Control3,Control4,Control5,Control6,Control7,Control8,Control9,Control10,Control11,Control12,Control15,Control16
100507584,203190;Control1,Control2,Control3,Control5,Control6,Control7,Control8,Control9,Control11,Control12,Control13,Control15,Control16,Control17
100507584,1029;Control1,Control2,Control3,Control4,Control5,Control6,Control7,Control8,Control9,Control10,Control11,Control12,Control13,Control16,Control17
100507584,102724784,3754,105375027,338667,338797;Control1,Control3,Control4,Control5,Control6,Control7,Control8,Control10,Control11,Control12,Control13,Control15,Control16,Control17
100507584,79733,27178,285643,105375610,101929707,51512;Control1,Control2,Control3,Control4,Control5,Control6,Control7,Control8,Control9,Control10,Control11,Control12,Control15,Control16
100507584,338667,3754,105375027,102724784,107985627;Control1,Control3,Control4,Control5,Control6,Control7,Control8,Control9,Control11,Control12,Control13,Control15,Control16,Control17
100507584,81624,101929707;Control1,Control2,Control3,Control4,Control5,Control6,Control7,Control8,Control9,Control10,Control11,Control12,Control15,Control16,Control17
100507584,83903,51512;Control1,Control2,Control3,Control4,Control5,Control6,Control7,Control8,Control9,Control10,Control12,Control15,Control16,Control17
100507584,3881,3754,105375027,102724784,107985627;Control1,Control3,Control4,Control5,Control6,Control7,Control8,Control9,Control10,Control11,Control13,Control15,Control16,Control17
100507584,51512;Control1,Control2,Control3,Control4,Control5,Control6,Control7,Control8,Control9,Control10,Control11,Control12,Control13,Control15,Control16,Control17
100507584,107985627,3754,105375027;Control1,Control3,Control4,Control5,Control6,Control7,Control8,Control9,Control10,Control11,Control12,Control13,Control15,Control16,Control17
100507584,5354,27178,285643;Control1,Control2,Control3,Control4,Control5,Control6,Control7,Control8,Control9,Control10,Control11,Control12,Control15,Control17
100507584,186;Control1,Control2,Control3,Control4,Control5,Control6,Control7,Control8,Control9,Control10,Control11,Control12,Control15,Control16,Control17
860,80329,100505994,554202,5101,57167,7477;Control1,Control2,Control3,Control4,Control5,Control6,Control8,Control9,Control10,Control11,Control13,Control15,Control16,Control17
860,168002,374946,5798,646024,105376041,3229,387895,4496,4318,109729169;Control1,Control2,Control3,Control4,Control5,Control6,Control8,Control9,Control10,Control11,Control13,Control15,Control16,Control17
860,1749,646024,11075,105376041,3229,55655;Control1,Control2,Control3,Control4,Control5,Control6,Control8,Control9,Control11,Control12,Control13,Control15,Control16,Control17
860,63898,100652791,109729184;Control1,Control2,Control3,Control4,Control5,Control6,Control7,Control8,Control9,Control10,Control11,Control13,Control15,Control16,Control17
860,11075,5798,109729169;Control1,Control2,Control3,Control4,Control5,Control6,Control8,Control9,Control10,Control11,Control12,Control13,Control15,Control16,Control17
860,554202,9355,5101;Control1,Control2,Control3,Control4,Control5,Control6,Control7,Control8,Control9,Control10,Control11,Control12,Control13,Control16,Control17
860,338376,646024,105376041,3229,387895;Control2,Control3,Control4,Control5,Control6,Control8,Control9,Control10,Control11,Control12,Control13,Control15,Control16,Control17
860,105376042,9355,122042,7681;Control1,Control2,Control3,Control4,Control5,Control6,Control7,Control8,Control9,Control10,Control11,Control12,Control13,Control16,Control17
860,253650,374946,57167;Control1,Control2,Control3,Control5,Control6,Control8,Control9,Control10,Control11,Control12,Control13,Control15,Control16,Control17
860,79733;Control1,Control3,Control4,Control5,Control6,Control7,Control8,Control9,Control10,Control11,Control12,Control13,Control15,Control16
860,103695435,105376042,122042,5100,7681,107985436;Control1,Control2,Control3,Control4,Control6,Control7,Control8,Control9,Control10,Control11,Control12,Control13,Control16,Control17
860,219970,122042;Control1,Control2,Control3,Control4,Control5,Control6,Control7,Control8,Control9,Control10,Control11,Control12,Control13,Control15,Control16,Control17
860,5100,122042;Control1,Control2,Control3,Control4,Control6,Control7,Control8,Control9,Control10,Control11,Control12,Control13,Control15,Control16,Control17
860,5101;Control1,Control2,Control3,Control4,Control5,Control6,Control7,Control8,Control9,Control10,Control11,Control12,Control13,Control15,Control16,Control17
860,7681,9355;Control1,Control2,Control3,Control4,Control5,Control6,Control7,Control8,Control9,Control10,Control11,Control12,Control13,Control15,Control16,Control17
860,105370953,5100,7681,107985436;Control1,Control2,Control3,Control4,Control7,Control8,Control9,Control10,Control11,Control12,Control13,Control15,Control16,Control17
860,4496,374946;Control1,Control2,Control3,Control4,Control5,Control6,Control8,Control9,Control10,Control11,Control12,Control13,Control15,Control16,Control17
860,100533789,374946,5798,109729169;Control1,Control2,Control3,Control4,Control5,Control6,Control9,Control10,Control11,Control12,Control13,Control15,Control16,Control17
860,6362,3229,387895,4496;Control1,Control2,Control4,Control5,Control6,Control8,Control9,Control10,Control11,Control12,Control13,Control15,Control16,Control17
860,101060400,7681;Control1,Control2,Control3,Control4,Control5,Control6,Control7,Control8,Control10,Control11,Control12,Control13,Control15,Control16,Control17
860,110806280,6332,7681;Control1,Control2,Control3,Control4,Control5,Control6,Control7,Control8,Control9,Control10,Control11,Control12,Control13,Control15
860,100533990,374946,5798,57167;Control1,Control2,Control3,Control4,Control5,Control6,Control8,Control9,Control10,Control11,Control12,Control13,Control15,Control17
860,55655,731220,56300,646024,100652791,11075,105376041,3229,4496;Control1,Control2,Control3,Control4,Control5,Control6,Control8,Control9,Control10,Control11,Control12,Control13,Control15,Control17
860,4318,100652791,109729184;Control1,Control2,Control3,Control4,Control5,Control6,Control7,Control8,Control9,Control10,Control11,Control13,Control15,Control16,Control17
860,107985436,5100,7681;Control1,Control2,Control3,Control4,Control6,Control7,Control8,Control9,Control10,Control11,Control12,Control13,Control15,Control16,Control17
860,3053,5798,11075,109729169;Control1,Control2,Control3,Control4,Control6,Control8,Control9,Control10,Control11,Control12,Control13,Control15,Control16,Control17
860,9758,122042;Control1,Control2,Control4,Control5,Control7,Control8,Control9,Control10,Control11,Control12,Control13,Control15,Control16,Control17
860,109729169,374946,5798;Control1,Control2,Control3,Control4,Control5,Control6,Control8,Control9,Control10,Control11,Control12,Control13,Control15,Control16,Control17
105375077,80329,105372950,84561;Control1,Control3,Control5,Control6,Control7,Control8,Control9,Control10,Control11,Control12,Control13,Control15,Control16,Control17
105375077,646024,105372950,84561,105376041,3053;Control1,Control3,Control4,Control5,Control6,Control7,Control8,Control9,Control10,Control11,Control12,Control13,Control15,Control16
105375077,91828;Control1,Control2,Control3,Control4,Control5,Control7,Control8,Control9,Control10,Control11,Control12,Control13,Control16,Control17
105375077,107984763,23566;Control1,Control3,Control4,Control5,Control6,Control7,Control8,Control9,Control10,Control11,Control12,Control13,Control16,Control17
105375077,9133;Control1,Control2,Control3,Control4,Control5,Control7,Control8,Control9,Control10,Control11,Control12,Control13,Control15,Control17
105375077,9955;Control1,Control2,Control3,Control4,Control5,Control7,Control8,Control9,Control10,Control11,Control12,Control13,Control15,Control16
105375077,201299;Control1,Control2,Control3,Control4,Control5,Control6,Control7,Control8,Control10,Control11,Control12,Control13,Control16,Control17
105375077,115701,105372950,284958,84561,646024,105376041;Control1,Control2,Control3,Control4,Control5,Control7,Control8,Control9,Control10,Control11,Control12,Control13,Control15,Control16
105375077,89858;Control1,Control2,Control3,Control4,Control5,Control6,Control7,Control8,Control9,Control10,Control11,Control12,Control13,Control16,Control17
105375077,158511,89858;Control1,Control2,Control3,Control4,Control5,Control6,Control7,Control8,Control9,Control10,Control11,Control12,Control13,Control17
7180,107986606,6664,29851,5133,4547,2625,387978,105372115;Control1,Control2,Control3,Control5,Control6,Control7,Control8,Control9,Control10,Control11,Control12,Control13,Control16,Control17
7180,2845,6664,2625,50614,387978;Control1,Control2,Control3,Control4,Control5,Control6,Control7,Control9,Control10,Control11,Control12,Control13,Control15,Control16,Control17
7180,105375894,2625,50614;Control1,Control2,Control4,Control5,Control6,Control7,Control8,Control9,Control10,Control11,Control12,Control13,Control15,Control16,Control17
7180,338797,6664,2625,50614,387978;Control1,Control2,Control3,Control4,Control5,Control6,Control7,Control8,Control9,Control10,Control11,Control12,Control16,Control17
7180,2835,2625;Control1,Control2,Control3,Control5,Control6,Control7,Control8,Control10,Control11,Control12,Control13,Control15,Control16,Control17
7180,64843,6664,2625,50614,387978;Control1,Control2,Control4,Control5,Control6,Control7,Control8,Control9,Control10,Control11,Control12,Control13,Control15,Control16,Control17
7180,339256,100506827,4283,100506655,147741,23532;Control1,Control2,Control3,Control4,Control5,Control6,Control7,Control8,Control10,Control11,Control12,Control15,Control16,Control17
7180,101060400,6664,2625,50614,387978;Control1,Control2,Control3,Control4,Control5,Control6,Control8,Control9,Control10,Control11,Control12,Control13,Control15,Control16,Control17
7180,105372115,6664,2625,387978;Control1,Control2,Control3,Control4,Control5,Control6,Control7,Control8,Control9,Control10,Control11,Control12,Control13,Control15,Control16,Control17
7180,389903,6664,2625,50614,387978,105372115;Control1,Control2,Control3,Control4,Control5,Control6,Control7,Control8,Control9,Control10,Control11,Control12,Control13,Control15,Control16
107986606,101927686,51361,100996301,81849,23286,340273,253650,158228,112268037,143662,6495,100506411,654499,101927355,107985492,54101;Control1,Control2,Control3,Control4,Control6,Control7,Control8,Control10,Control11,Control12,Control13,Control15,Control16,Control17
107986606,245972,51361,100996301,81849,100505994,340273,105375690,158228,143662,6495,100506411,654499,970,101927355,107985492,54101;Control1,Control2,Control3,Control4,Control5,Control6,Control7,Control8,Control10,Control11,Control12,Control13,Control16,Control17
107986606,105375674,100996301,23286,6495,101927355,107985492;Control1,Control2,Control3,Control4,Control5,Control6,Control7,Control8,Control10,Control11,Control12,Control15,Control16,Control17
107986606,105375690,100996301,107985492;Control1,Control2,Control3,Control4,Control5,Control6,Control7,Control8,Control10,Control11,Control12,Control13,Control15,Control16,Control17
107986606,554202,105377508,100505994,646024,105376041,387978,107985492;Control1,Control2,Control3,Control5,Control6,Control7,Control8,Control10,Control11,Control12,Control13,Control15,Control16,Control17
107986606,2625,3604,6664,5133,4547,387978,105372115;Control1,Control2,Control3,Control5,Control6,Control7,Control8,Control9,Control10,Control11,Control12,Control13,Control16,Control17
107986606,101101772,100996301,81849,253650,101927355,107985492;Control1,Control2,Control3,Control4,Control5,Control6,Control7,Control8,Control10,Control11,Control12,Control13,Control15,Control16,Control17
107986606,3229,731220,100505994,646024,105375690,105376041,387978,115701,55655,107985492;Control1,Control2,Control3,Control5,Control6,Control7,Control8,Control10,Control11,Control12,Control13,Control15,Control16,Control17
107986606,10993,81849,253650,112268037,100506411,107985492;Control1,Control2,Control3,Control4,Control5,Control6,Control7,Control8,Control10,Control11,Control13,Control15,Control16,Control17
107986606,338797;Control1,Control2,Control3,Control5,Control6,Control7,Control8,Control9,Control10,Control11,Control12,Control15,Control16,Control17
107986606,50614,6664,4547,7180,2625,387978;Control1,Control2,Control3,Control5,Control6,Control7,Control8,Control9,Control10,Control11,Control12,Control13,Control16,Control17
107986606,7546,51361,100996301,81849,5133,23286,340273,253650,158228,112268037,143662,6495,100506411,654499,101927355,107985492,54101;Control2,Control3,Control4,Control5,Control6,Control7,Control8,Control10,Control11,Control12,Control13,Control15,Control16,Control17
107986606,6495,5133;Control1,Control2,Control3,Control4,Control5,Control6,Control7,Control8,Control9,Control10,Control11,Control12,Control13,Control16,Control17
107986606,64843,3604,6664,387978;Control1,Control2,Control5,Control6,Control7,Control8,Control9,Control10,Control11,Control12,Control13,Control15,Control16,Control17
107986606,9956,100505994,646024,105376041,387978,107985492;Control1,Control2,Control3,Control5,Control6,Control7,Control8,Control10,Control11,Control12,Control13,Control15,Control16,Control17
107986606,4496,100505994,80329,646024,105376041,3229,387895,387978,107985492;Control1,Control2,Control3,Control5,Control6,Control7,Control8,Control10,Control11,Control12,Control13,Control15,Control16,Control17
107986606,101060400,3604,6664,387978;Control1,Control2,Control3,Control5,Control6,Control8,Control9,Control10,Control11,Control12,Control13,Control15,Control16,Control17
107986606,9388,51361,100996301,81849,23286,340273,253650,158228,112268037,143662,6495,100506411,654499,101927355,107985492,54101,2277;Control1,Control2,Control3,Control4,Control5,Control6,Control8,Control10,Control11,Control12,Control13,Control15,Control16,Control17
107986606,970,6495;Control1,Control2,Control3,Control4,Control5,Control6,Control7,Control8,Control9,Control10,Control11,Control12,Control13,Control16,Control17
107986606,22974;Control1,Control3,Control4,Control5,Control6,Control7,Control8,Control9,Control10,Control11,Control12,Control13,Control15,Control16
107986606,57167,100505994,7477;Control1,Control2,Control3,Control4,Control5,Control6,Control7,Control8,Control10,Control11,Control13,Control15,Control16,Control17
107986606,109729169,100505994,646024,11075,105376041,387978,107985492;Control1,Control2,Control3,Control5,Control6,Control7,Control8,Control10,Control11,Control12,Control13,Control15,Control16,Control17
107986606,2277,51361,100996301,81849,5133,105374166,100505994,23286,340273,100289137,253650,158228,112268037,143662,6495,100506411,654499,970,101927355,107985492,54101;Control1,Control2,Control3,Control4,Control5,Control6,Control7,Control8,Control10,Control11,Control12,Control13,Control16,Control17
107986606,389903,3604,6664,4547,27299,2625,387978,105372115;Control1,Control2,Control3,Control5,Control6,Control7,Control8,Control9,Control10,Control11,Control12,Control13,Control16,Control17
7272,2845,10721,100288637;Control1,Control2,Control3,Control4,Control5,Control7,Control8,Control9,Control10,Control11,Control12,Control15,Control16,Control17
7272,157570,55872,983,55165,29128,24137;Control1,Control3,Control4,Control5,Control6,Control7,Control8,Control9,Control10,Control11,Control12,Control13,Control15,Control17
7272,55872,4751,23397,3161,54443,983,55165,7153,29128,24137;Control1,Control3,Control4,Control5,Control6,Control7,Control8,Control9,Control10,Control11,Control12,Control13,Control15,Control16,Control17
7272,9833,23397,3161,29128;Control1,Control3,Control4,Control5,Control6,Control7,Control8,Control9,Control10,Control11,Control12,Control13,Control15,Control16,Control17
7272,55388,23397,10721,100288637;Control1,Control2,Control3,Control4,Control5,Control6,Control7,Control8,Control9,Control10,Control12,Control13,Control15,Control16,Control17
7272,3832,4751,983,7153,24137;Control1,Control3,Control4,Control5,Control6,Control7,Control8,Control9,Control11,Control12,Control13,Control15,Control16,Control17
7272,221150,23397,64151,3161,55872,29128;Control1,Control2,Control3,Control4,Control5,Control6,Control7,Control9,Control10,Control11,Control12,Control13,Control15,Control16,Control17
7272,9824,4751,23397,10721,3161,54443,7153;Control1,Control4,Control5,Control6,Control7,Control8,Control9,Control10,Control11,Control12,Control13,Control15,Control16,Control17
7272,51203,4751,23397,3161,54443,55872,983,55165,7153,29128,24137;Control1,Control3,Control4,Control5,Control6,Control7,Control8,Control9,Control11,Control12,Control13,Control15,Control16,Control17
7272,9493,23397,3161,54443,983,55165,9824,29128;Control1,Control4,Control5,Control6,Control7,Control8,Control9,Control10,Control11,Control12,Control13,Control15,Control16,Control17
7272,9055,4751,64151,4001,3161,54443,55872,983,55165,7153,29128;Control1,Control3,Control4,Control5,Control6,Control7,Control9,Control10,Control11,Control12,Control13,Control15,Control16,Control17
7272,100507118,23397,64151,4001,3161,55872,55165,221150,29128;Control1,Control2,Control3,Control5,Control6,Control7,Control9,Control10,Control11,Control12,Control13,Control15,Control16,Control17
7272,220134,23397,64151,4001,3161,55872,29128;Control1,Control2,Control3,Control4,Control5,Control6,Control9,Control10,Control11,Control12,Control13,Control15,Control16,Control17
7272,24137,23397,10721,3161,11130,55165,7153,29128;Control1,Control2,Control3,Control5,Control6,Control7,Control8,Control9,Control10,Control11,Control12,Control13,Control15,Control16,Control17
9096,364,646951,116173;Control1,Control2,Control3,Control4,Control5,Control7,Control8,Control9,Control10,Control11,Control12,Control13,Control15,Control16
9096,219527,105375610;Control1,Control2,Control3,Control4,Control6,Control7,Control8,Control9,Control10,Control12,Control13,Control15,Control16,Control17
9096,112937,158511;Control1,Control2,Control3,Control4,Control6,Control7,Control8,Control9,Control10,Control11,Control12,Control13,Control15,Control17
9096,116173,646951;Control1,Control2,Control3,Control4,Control5,Control6,Control7,Control8,Control9,Control10,Control11,Control13,Control15,Control16
9096,91828,107985017;Control1,Control2,Control3,Control4,Control6,Control7,Control8,Control9,Control10,Control11,Control12,Control13,Control16,Control17
9096,105370960;Control1,Control3,Control4,Control5,Control6,Control7,Control8,Control9,Control10,Control11,Control12,Control13,Control15,Control16
9096,107985017,105375610;Control1,Control2,Control3,Control4,Control6,Control7,Control8,Control9,Control10,Control11,Control12,Control13,Control16,Control17
9096,55723;Control1,Control2,Control4,Control5,Control6,Control7,Control8,Control9,Control10,Control11,Control12,Control13,Control15,Control16,Control17
9096,89858,1058;Control1,Control2,Control3,Control4,Control7,Control8,Control9,Control10,Control11,Control12,Control13,Control15,Control16,Control17
9096,11065,55723;Control1,Control2,Control3,Control4,Control5,Control6,Control7,Control8,Control10,Control11,Control12,Control13,Control15,Control17
9096,729447,102723547,158511;Control1,Control3,Control4,Control6,Control7,Control8,Control9,Control10,Control11,Control12,Control13,Control15,Control16,Control17
9096,158511;Control1,Control2,Control3,Control4,Control6,Control7,Control8,Control9,Control10,Control11,Control12,Control13,Control15,Control16,Control17
101927686,9312,5865,6716,3580,1047,166979,4544,6345;Control1,Control2,Control5,Control6,Control7,Control8,Control9,Control10,Control11,Control12,Control13,Control15,Control16,Control17
101927686,245972,51361,81849,23286,340273,158228,143662,6495,100506411,654499,970,101927355,54101,2277;Control1,Control2,Control3,Control4,Control6,Control7,Control8,Control9,Control10,Control11,Control12,Control13,Control15,Control16,Control17
101927686,105375690,51361,100996301,81849,100505994,23286,340273,245972,158228,143662,6495,100506411,654499,970,101927355,107985492,54101;Control1,Control2,Control3,Control4,Control6,Control7,Control8,Control9,Control10,Control11,Control12,Control13,Control16,Control17
101927686,9355,51361,100996301,81849,105374166,23286,340273,100289137,253650,158228,112268037,143662,6495,100506411,654499,9388,101927355,54101,2277;Control1,Control2,Control3,Control4,Control6,Control8,Control9,Control10,Control11,Control12,Control13,Control15,Control16,Control17
101927686,101101772,51361,100996301,81849,100505994,23286,340273,253650,158228,143662,100506411,654499,101927355,107985492,54101;Control1,Control2,Control3,Control4,Control6,Control7,Control8,Control9,Control10,Control11,Control12,Control13,Control16,Control17
101927686,7546,3352,51361,100996301,81849,23286,340273,100289137,253650,158228,143662,79056,6495,100506411,654499,970,101927355,54101;Control2,Control3,Control4,Control6,Control7,Control8,Control9,Control10,Control11,Control12,Control13,Control15,Control16,Control17
101927686,116173,5865,6716,1047,166979,219527,4544,6345;Control1,Control2,Control3,Control5,Control6,Control7,Control8,Control9,Control10,Control11,Control12,Control13,Control15,Control16,Control17
101927686,3502,5865,28946,3580,3512,1047,166979,4544,594855,28809;Control1,Control2,Control3,Control5,Control6,Control7,Control8,Control9,Control11,Control12,Control13,Control15,Control16,Control17
101927686,366,3352,51361,100996301,23286,340273,100289137,253650,158228,143662,7546,6495,100506411,654499,970,101927355,54101,2277;Control2,Control3,Control4,Control6,Control7,Control8,Control9,Control10,Control11,Control12,Control13,Control15,Control16,Control17
101927686,594855,5865,6716,3580,1047,166979,4544,6345;Control1,Control2,Control3,Control5,Control6,Control7,Control8,Control9,Control10,Control11,Control12,Control13,Control15,Control16,Control17
101927686,107985492,51361,100996301,81849,105374166,23286,340273,100289137,253650,158228,112268037,143662,6495,100506411,654499,101927355,54101;Control1,Control2,Control3,Control4,Control6,Control7,Control8,Control9,Control10,Control11,Control12,Control13,Control15,Control16,Control17
101927686,107985513,5865,6716,1047,166979,4544;Control2,Control3,Control5,Control6,Control7,Control8,Control9,Control10,Control11,Control12,Control13,Control15,Control16,Control17
101927686,3053,5865,100996301,1047,166979,4544,594855;Control1,Control2,Control3,Control5,Control6,Control7,Control8,Control9,Control10,Control11,Control12,Control13,Control16,Control17
101927686,28809,5865,6716,28946,3580,3512,1047,166979,4544,594855;Control1,Control2,Control3,Control5,Control6,Control7,Control8,Control9,Control11,Control12,Control13,Control15,Control16,Control17
101927686,26150,5865,6716,1047,166979,219527,4544,116173;Control1,Control2,Control3,Control5,Control6,Control7,Control8,Control9,Control10,Control12,Control13,Control15,Control16,Control17
101927686,2277,3352,51361,100996301,23286,340273,100289137,158228,143662,6495,100506411,654499,101927355,54101;Control1,Control2,Control3,Control4,Control6,Control7,Control8,Control9,Control10,Control11,Control12,Control13,Control15,Control16,Control17
253582,80329;Control1,Control2,Control3,Control4,Control5,Control6,Control7,Control8,Control9,Control10,Control11,Control12,Control13,Control16
253582,105375622;Control1,Control2,Control3,Control5,Control6,Control7,Control8,Control9,Control10,Control11,Control12,Control13,Control15,Control16
253582,245972,51361,81849,340273,158228,143662,100506411,654499,970,54101;Control1,Control2,Control3,Control4,Control5,Control6,Control7,Control8,Control9,Control10,Control11,Control12,Control13,Control15
253582,9355;Control1,Control2,Control3,Control4,Control5,Control6,Control8,Control9,Control10,Control11,Control12,Control13,Control15,Control16
253582,101101772;Control1,Control2,Control3,Control4,Control5,Control6,Control7,Control8,Control9,Control10,Control11,Control12,Control13,Control16
253582,79056,3352,51361,100996301,23286,340273,100289137,253650,158228,143662,6495,100506411,654499,970,101927355,54101;Control1,Control2,Control3,Control4,Control5,Control6,Control7,Control8,Control9,Control10,Control11,Control12,Control13,Control15
253582,400618,112937,110806280;Control1,Control2,Control3,Control5,Control6,Control7,Control8,Control9,Control10,Control11,Control12,Control13,Control15,Control16,Control17
253582,110806280,105371664,112937;Control1,Control2,Control3,Control5,Control6,Control7,Control8,Control9,Control10,Control11,Control12,Control13,Control15,Control16,Control17
253582,3783,102723547;Control1,Control2,Control3,Control4,Control5,Control6,Control7,Control8,Control9,Control10,Control11,Control12,Control13,Control15,Control17
253582,107985492,3352,51361,100996301,81849,23286,340273,100289137,253650,158228,143662,6495,100506411,654499,101927355,54101;Control1,Control2,Control3,Control4,Control5,Control6,Control7,Control8,Control9,Control10,Control11,Control12,Control13,Control15
253582,8318,112937;Control1,Control2,Control3,Control5,Control6,Control7,Control8,Control9,Control10,Control11,Control12,Control15,Control16,Control17
253582,349408,112937,110806280;Control1,Control2,Control3,Control5,Control6,Control7,Control8,Control9,Control10,Control11,Control13,Control15,Control16,Control17
253582,2277,3352,51361,81849,23286,340273,100289137,253650,158228,143662,6495,100506411,654499,970,101927355,54101;Control1,Control2,Control3,Control4,Control5,Control6,Control7,Control8,Control9,Control10,Control11,Control12,Control13,Control15
253582,729447,105371664,112937,102723547,158511;Control1,Control2,Control3,Control5,Control6,Control7,Control8,Control9,Control10,Control11,Control12,Control13,Control15,Control17
253582,158511,105371664,112937;Control1,Control2,Control3,Control5,Control6,Control7,Control8,Control9,Control10,Control11,Control12,Control13,Control15,Control16,Control17
253582,389903,3783,102723547;Control1,Control2,Control3,Control4,Control5,Control6,Control7,Control8,Control10,Control11,Control12,Control13,Control15,Control17
6943,100192378;Control1,Control2,Control3,Control5,Control6,Control8,Control9,Control10,Control11,Control12,Control13,Control15,Control16,Control17
6943,2348;Control1,Control2,Control3,Control4,Control5,Control6,Control7,Control8,Control9,Control10,Control11,Control12,Control13,Control15
6943,4321;Control1,Control2,Control3,Control4,Control5,Control6,Control7,Control9,Control10,Control11,Control13,Control15,Control16,Control17
6943,10993;Control1,Control2,Control4,Control5,Control6,Control7,Control8,Control9,Control10,Control12,Control13,Control15,Control16,Control17
6943,729739;Control1,Control2,Control3,Control4,Control5,Control6,Control7,Control8,Control9,Control10,Control11,Control13,Control15,Control16
6943,1748;Control1,Control3,Control4,Control6,Control7,Control8,Control9,Control10,Control11,Control12,Control13,Control15,Control16,Control17
6943,9388;Control1,Control2,Control4,Control5,Control6,Control7,Control8,Control9,Control10,Control11,Control13,Control15,Control16,Control17
6943,25818;Control1,Control2,Control3,Control5,Control6,Control7,Control8,Control9,Control11,Control12,Control13,Control15,Control16,Control17
113115,105375610;Control2,Control3,Control4,Control5,Control6,Control7,Control8,Control9,Control10,Control11,Control12,Control13,Control16,Control17
113115,219527;Control2,Control3,Control4,Control6,Control7,Control8,Control9,Control10,Control11,Control12,Control13,Control15,Control16,Control17
113115,221150,3833;Control2,Control3,Control4,Control5,Control6,Control7,Control8,Control10,Control11,Control12,Control13,Control15,Control16,Control17
113115,110806280,105371664,112937;Control3,Control4,Control5,Control6,Control7,Control8,Control9,Control10,Control11,Control12,Control13,Control15,Control16,Control17
113115,5354;Control2,Control3,Control4,Control5,Control6,Control7,Control8,Control9,Control10,Control11,Control12,Control13,Control15,Control16
113115,158511,112937;Control2,Control3,Control4,Control5,Control6,Control7,Control8,Control9,Control10,Control11,Control12,Control13,Control15,Control16,Control17
102723724,647946;Control1,Control2,Control3,Control4,Control5,Control6,Control8,Control9,Control10,Control12,Control13,Control15,Control16,Control17
80328,100192378,4973;Control1,Control2,Control4,Control5,Control6,Control7,Control8,Control9,Control10,Control12,Control13,Control15,Control16,Control17
80328,105378305;Control1,Control2,Control3,Control4,Control5,Control6,Control7,Control8,Control9,Control10,Control11,Control13,Control16,Control17
80328,4973;Control1,Control2,Control3,Control4,Control5,Control6,Control7,Control8,Control9,Control10,Control11,Control12,Control13,Control15,Control16,Control17
80328,10437,4973;Control2,Control3,Control4,Control5,Control6,Control7,Control8,Control9,Control10,Control12,Control13,Control15,Control16,Control17
80329,1749,100505994,646024,105375690,105376041,3229,387895,4496,115701,107985492;Control1,Control2,Control3,Control5,Control6,Control7,Control8,Control9,Control11,Control12,Control13,Control15,Control16,Control17
80329,63898,57167,7477;Control1,Control2,Control3,Control4,Control5,Control6,Control8,Control9,Control10,Control11,Control13,Control15,Control16,Control17
80329,105375690,100505994;Control1,Control2,Control3,Control4,Control5,Control6,Control7,Control8,Control9,Control11,Control12,Control13,Control15,Control16,Control17
80329,554202,100505994;Control1,Control2,Control3,Control4,Control5,Control6,Control8,Control9,Control10,Control11,Control12,Control13,Control15,Control16,Control17
80329,338376,100505994,554202;Control2,Control3,Control4,Control5,Control6,Control8,Control9,Control10,Control11,Control12,Control13,Control15,Control16,Control17
80329,253650,105374166,101101772;Control1,Control2,Control3,Control4,Control5,Control7,Control8,Control9,Control10,Control11,Control12,Control13,Control16,Control17
80329,9355,105374166;Control1,Control2,Control3,Control4,Control5,Control6,Control8,Control9,Control10,Control11,Control12,Control13,Control16,Control17
80329,105378305;Control1,Control2,Control3,Control5,Control6,Control7,Control8,Control9,Control10,Control11,Control13,Control15,Control16,Control17
80329,143662,105374166,79056,970;Control1,Control2,Control3,Control4,Control5,Control6,Control7,Control8,Control9,Control10,Control11,Control12,Control13,Control17
80329,8538;Control1,Control2,Control3,Control4,Control5,Control6,Control7,Control8,Control9,Control11,Control12,Control13,Control16,Control17
80329,3229,100505994,646024,105376041,387895,4496,107985492;Control1,Control2,Control3,Control5,Control6,Control7,Control8,Control9,Control10,Control11,Control12,Control13,Control15,Control16,Control17
80329,5101,100505994,554202;Control1,Control2,Control3,Control4,Control5,Control8,Control9,Control10,Control11,Control12,Control13,Control15,Control16,Control17
80329,9956,731220,100505994;Control1,Control2,Control3,Control4,Control5,Control7,Control9,Control10,Control11,Control12,Control13,Control15,Control16,Control17
80329,55655,731220,56300,100505994,646024,105376041,3229,387895,4496,107985492;Control1,Control2,Control3,Control5,Control6,Control7,Control8,Control9,Control10,Control11,Control12,Control13,Control15,Control17
80329,109729184,860,554202;Control1,Control2,Control3,Control4,Control5,Control6,Control8,Control9,Control10,Control11,Control13,Control15,Control16,Control17
646024,5100,5865,105376041,55655,3053,109729169;Control1,Control2,Control3,Control4,Control6,Control8,Control9,Control10,Control11,Control12,Control13,Control15,Control16,Control17
646024,4496,105376041,3229,387895,115701;Control1,Control2,Control3,Control4,Control5,Control6,Control7,Control8,Control9,Control10,Control11,Control12,Control13,Control15,Control16,Control17
646024,100533789,5798,105376041,3229,387895,4496;Control1,Control2,Control3,Control4,Control5,Control6,Control7,Control9,Control10,Control11,Control13,Control15,Control16,Control17
646024,6860,105376041,3229,387895,4496,115701;Control2,Control3,Control4,Control6,Control7,Control8,Control9,Control10,Control11,Control12,Control13,Control15,Control16,Control17
646024,109729169,11075,105376041,55655;Control1,Control2,Control3,Control4,Control5,Control6,Control7,Control8,Control9,Control10,Control11,Control12,Control13,Control15,Control16,Control17
168002,64094,101928658,107986951,4318,109729184;Control1,Control2,Control3,Control4,Control5,Control6,Control7,Control8,Control9,Control10,Control12,Control13,Control15,Control17
168002,107986951,101928658,4318,109729184;Control1,Control2,Control3,Control4,Control5,Control6,Control7,Control8,Control9,Control10,Control11,Control12,Control13,Control15,Control17
168002,554202,5798,646024,11075,105376041,109729169;Control1,Control2,Control3,Control4,Control5,Control6,Control7,Control8,Control9,Control10,Control11,Control13,Control15,Control16,Control17
168002,338376,731220,5798,646024,11075,105376041,55655,109729169;Control2,Control3,Control4,Control5,Control6,Control7,Control8,Control9,Control10,Control11,Control13,Control15,Control16,Control17
168002,29991,89886,105378305,107984129,79191,1995;Control1,Control2,Control3,Control4,Control5,Control6,Control7,Control8,Control9,Control11,Control12,Control13,Control15,Control16,Control17
168002,143662,89886,286676,105378305,107984129,79191,1995;Control1,Control2,Control3,Control5,Control7,Control8,Control9,Control10,Control11,Control12,Control13,Control15,Control16,Control17
168002,105369315,89886,105378305,55867,1995,4318,109729184;Control1,Control2,Control3,Control4,Control5,Control7,Control8,Control9,Control10,Control12,Control13,Control15,Control16,Control17
168002,55867,89886,286676,105378305,1995,4318,109729184;Control1,Control2,Control3,Control4,Control5,Control7,Control8,Control9,Control10,Control12,Control13,Control15,Control16,Control17
168002,120939,105378305,4318,109729184,7477;Control1,Control3,Control4,Control5,Control6,Control7,Control8,Control9,Control11,Control12,Control13,Control15,Control16,Control17
168002,103689845,731220,5798,646024,11075,105376041,3229,55655,109729169;Control1,Control2,Control3,Control4,Control5,Control6,Control7,Control8,Control9,Control10,Control11,Control15,Control16,Control17
168002,5101,554202,4318,109729184,7477;Control1,Control2,Control3,Control5,Control6,Control7,Control8,Control9,Control10,Control11,Control13,Control15,Control16,Control17
168002,100506411,101928658,107986951,4318,109729184,7477;Control1,Control2,Control3,Control5,Control6,Control7,Control8,Control9,Control10,Control11,Control12,Control13,Control15,Control17
168002,176;Control1,Control2,Control3,Control4,Control5,Control6,Control7,Control8,Control9,Control10,Control12,Control13,Control15,Control16
168002,105371275,89886,105378305,107984129,79191,1995;Control2,Control3,Control4,Control5,Control6,Control7,Control8,Control10,Control11,Control12,Control13,Control15,Control16,Control17
168002,10265,89886,105378305,79191,1995,109729184;Control1,Control2,Control3,Control4,Control5,Control6,Control7,Control8,Control10,Control11,Control12,Control13,Control15,Control16,Control17
168002,57167,5798,100533990,344,7477;Control1,Control2,Control3,Control5,Control6,Control7,Control8,Control9,Control10,Control11,Control12,Control13,Control15,Control16,Control17
168002,3053,731220,5798,646024,11075,554202,105376041,109729169;Control1,Control2,Control3,Control4,Control6,Control7,Control8,Control9,Control10,Control11,Control13,Control15,Control16,Control17
64094,100652791,107986951;Control1,Control2,Control3,Control4,Control5,Control6,Control7,Control8,Control9,Control10,Control13,Control15,Control16,Control17
64094,11075,101928658,338005;Control1,Control2,Control3,Control4,Control5,Control6,Control7,Control8,Control9,Control10,Control11,Control12,Control13,Control17
64094,347252;Control1,Control2,Control3,Control4,Control6,Control7,Control8,Control9,Control10,Control11,Control13,Control15,Control16,Control17
64094,253650,107986951;Control1,Control2,Control3,Control5,Control6,Control7,Control8,Control9,Control10,Control12,Control13,Control15,Control16,Control17
64094,6865,1301,574029,2834;Control1,Control2,Control3,Control4,Control5,Control6,Control7,Control9,Control10,Control11,Control13,Control15,Control16,Control17
64094,2834,574029,107986951;Control1,Control2,Control4,Control5,Control6,Control7,Control8,Control9,Control10,Control11,Control12,Control13,Control15,Control16,Control17
64094,100506411,101928658;Control1,Control2,Control3,Control5,Control6,Control7,Control8,Control9,Control10,Control11,Control12,Control13,Control15,Control16,Control17
64094,654499,574029,107986951;Control1,Control2,Control3,Control5,Control6,Control7,Control8,Control9,Control10,Control12,Control13,Control15,Control16,Control17
64094,100126311,107986951;Control1,Control2,Control3,Control4,Control5,Control6,Control7,Control8,Control9,Control11,Control13,Control15,Control16,Control17
64094,79191,168002,4318,109729184;Control1,Control2,Control3,Control4,Control5,Control6,Control7,Control8,Control9,Control10,Control12,Control13,Control15,Control17
64094,10265;Control1,Control2,Control3,Control4,Control5,Control6,Control7,Control8,Control10,Control11,Control13,Control15,Control16,Control17
64094,27091,107986951;Control1,Control2,Control3,Control4,Control5,Control6,Control8,Control9,Control10,Control11,Control13,Control15,Control16,Control17
64094,5650,101928658;Control1,Control2,Control3,Control4,Control5,Control6,Control7,Control8,Control9,Control11,Control12,Control13,Control15,Control17
64094,4318,101928658,107986951,109729184;Control1,Control2,Control3,Control4,Control5,Control6,Control7,Control8,Control9,Control10,Control11,Control12,Control13,Control15,Control17
64094,5354,574029,107986951;Control1,Control3,Control4,Control5,Control6,Control7,Control8,Control9,Control10,Control11,Control12,Control13,Control15,Control16,Control17
101927354,105375622;Control1,Control2,Control3,Control4,Control5,Control6,Control7,Control8,Control9,Control10,Control11,Control12,Control13,Control15,Control17
101927354,339256;Control1,Control2,Control3,Control4,Control6,Control7,Control9,Control10,Control11,Control12,Control13,Control15,Control16,Control17
101927354,647946;Control1,Control2,Control3,Control4,Control5,Control6,Control7,Control8,Control9,Control10,Control11,Control12,Control13,Control15,Control16,Control17
101927354,6860;Control1,Control2,Control3,Control4,Control5,Control6,Control7,Control9,Control10,Control11,Control12,Control13,Control15,Control16,Control17
101927354,1630,477,105369685,647946;Control2,Control3,Control4,Control6,Control7,Control8,Control9,Control10,Control11,Control12,Control13,Control15,Control16,Control17
101927354,105372613,647946;Control1,Control2,Control3,Control4,Control5,Control6,Control7,Control8,Control10,Control11,Control12,Control13,Control15,Control16,Control17
101927354,107985513,6860;Control1,Control2,Control3,Control4,Control5,Control6,Control7,Control9,Control11,Control12,Control13,Control15,Control16,Control17
340273,338376;Control1,Control2,Control3,Control5,Control6,Control7,Control8,Control9,Control10,Control11,Control13,Control15,Control16,Control17
340273,100533789,57167;Control1,Control2,Control3,Control5,Control6,Control7,Control8,Control10,Control11,Control12,Control13,Control15,Control16,Control17
340273,57167;Control1,Control2,Control3,Control5,Control6,Control7,Control8,Control9,Control10,Control11,Control12,Control13,Control15,Control16,Control17
54443,2845,9928,4751,10721,4085,55247,3161,100288637,7153;Control1,Control3,Control4,Control5,Control6,Control7,Control8,Control9,Control10,Control11,Control12,Control13,Control15,Control17
54443,105375610,55143,1058,27178,285643,157570;Control1,Control2,Control3,Control4,Control5,Control6,Control7,Control8,Control10,Control11,Control12,Control13,Control15,Control16
54443,157313,55143,150468,3161,55872,9055;Control1,Control2,Control3,Control4,Control5,Control6,Control7,Control8,Control10,Control11,Control12,Control15,Control16,Control17
54443,2625,9928,6664,55247,27299,387978;Control1,Control3,Control4,Control5,Control6,Control7,Control8,Control9,Control10,Control11,Control12,Control13,Control15,Control17
54443,11130,55635,4751,23397,699,3161,55872,983,55165,51203,9055,7153;Control1,Control2,Control3,Control5,Control6,Control7,Control9,Control10,Control11,Control12,Control13,Control15,Control16,Control17
54443,100288637,4751,23397,10721,3161,7272,7153;Control1,Control3,Control4,Control5,Control6,Control7,Control8,Control9,Control10,Control11,Control12,Control13,Control15,Control16,Control17
54443,9493,9824,9055,83903;Control1,Control2,Control3,Control4,Control5,Control6,Control7,Control8,Control9,Control10,Control11,Control12,Control13,Control15,Control16,Control17
54443,79801,1063,6241,150468,55872,55165;Control1,Control2,Control3,Control4,Control5,Control6,Control7,Control8,Control9,Control10,Control11,Control12,Control13,Control16,Control17
54443,9496,9824,9493;Control1,Control2,Control3,Control4,Control5,Control6,Control7,Control9,Control10,Control11,Control12,Control13,Control15,Control16,Control17
54443,332,1063,6241,150468,55872,9833,983,55165,9787,51203,100507118,79801,7153;Control1,Control2,Control3,Control4,Control5,Control6,Control7,Control8,Control9,Control10,Control11,Control12,Control15,Control16
54443,220134,64151,4001,3161,55872,51203,29128;Control1,Control3,Control4,Control5,Control6,Control7,Control8,Control9,Control10,Control11,Control12,Control13,Control15,Control16,Control17
54443,105372115,6664,64151,55247,4001,55872,9055,389903;Control1,Control3,Control4,Control5,Control6,Control7,Control8,Control9,Control10,Control11,Control12,Control13,Control15,Control17
54443,22974,1063,6241,699,55872,9833,983,55165,9787,51203,100507118,79801,7153,29128;Control1,Control2,Control3,Control5,Control6,Control7,Control8,Control9,Control10,Control11,Control12,Control13,Control15,Control16
54443,51512,150468,157570;Control1,Control2,Control3,Control4,Control5,Control6,Control7,Control8,Control9,Control10,Control11,Control12,Control15,Control16,Control17
54443,186,27178,285643,157570;Control1,Control2,Control3,Control4,Control5,Control6,Control8,Control10,Control11,Control12,Control13,Control15,Control16,Control17
100506895,1749;Control1,Control2,Control4,Control5,Control6,Control7,Control8,Control9,Control10,Control11,Control12,Control13,Control15,Control16,Control17
100506895,9312,148645,3239,56203,3670,345643,5307,105375894,283078,1690,100506071,101929690,6362,106481742,9758,105373150,8471;Control1,Control2,Control3,Control4,Control6,Control7,Control8,Control9,Control11,Control12,Control13,Control15,Control16,Control17
100506895,100192378,6362,8471;Control1,Control2,Control3,Control4,Control5,Control6,Control7,Control8,Control9,Control10,Control12,Control13,Control15,Control16,Control17
100506895,283078,6362,8471;Control1,Control2,Control3,Control4,Control6,Control7,Control8,Control9,Control10,Control11,Control12,Control13,Control15,Control16,Control17
100506895,4321,148645,3239,3670,345643,5307,105375894,1690,100506071,6362,106481742,9758,105373150,8471;Control1,Control2,Control3,Control4,Control5,Control6,Control7,Control9,Control11,Control12,Control13,Control15,Control16,Control17
100506895,4973,1749,105373150,8471;Control1,Control2,Control4,Control5,Control6,Control7,Control8,Control9,Control10,Control11,Control12,Control13,Control16,Control17
100506895,105369685;Control1,Control2,Control4,Control5,Control6,Control7,Control9,Control10,Control11,Control12,Control13,Control15,Control16,Control17
100506895,23109;Control2,Control3,Control4,Control5,Control6,Control7,Control8,Control10,Control11,Control12,Control13,Control15,Control16,Control17
100506895,3227,389336,1749,25818;Control1,Control2,Control4,Control5,Control6,Control7,Control8,Control9,Control10,Control11,Control12,Control13,Control15,Control17
100506895,100126311;Control1,Control2,Control4,Control5,Control6,Control7,Control8,Control9,Control10,Control11,Control12,Control13,Control15,Control16,Control17
100506895,64843,6362,8471;Control1,Control2,Control3,Control4,Control5,Control6,Control7,Control8,Control10,Control11,Control12,Control13,Control15,Control16,Control17
100506895,4496,56300,3229,387895,6362;Control1,Control2,Control4,Control5,Control6,Control7,Control8,Control9,Control11,Control12,Control13,Control15,Control16,Control17
100506895,6362,8471;Control1,Control2,Control3,Control4,Control5,Control6,Control7,Control8,Control9,Control10,Control11,Control12,Control13,Control15,Control16,Control17
100506895,10481,10309;Control1,Control2,Control3,Control5,Control6,Control7,Control8,Control9,Control10,Control11,Control13,Control15,Control16,Control17
100506895,354,101927750,134285,389336,285987,4004,25818,5653,5650,28809,105373150,729442,8471;Control1,Control2,Control4,Control5,Control6,Control7,Control8,Control9,Control10,Control11,Control12,Control13,Control15,Control17
100506895,105373150;Control1,Control2,Control3,Control4,Control5,Control6,Control7,Control8,Control9,Control10,Control11,Control12,Control13,Control15,Control16,Control17
285987,1750,4004,3502,5653,5650,28809,729442;Control1,Control2,Control3,Control4,Control5,Control7,Control8,Control9,Control10,Control11,Control13,Control15,Control16,Control17
285987,245972,28946,3502,354,28809,729442;Control1,Control2,Control3,Control5,Control6,Control8,Control9,Control10,Control11,Control12,Control13,Control15,Control16,Control17
285987,4973,4004,5653,5650,729442;Control1,Control2,Control3,Control4,Control5,Control6,Control7,Control8,Control9,Control10,Control11,Control12,Control13,Control15,Control16,Control17
285987,105371927,2328,2019,134285,4004,729442;Control1,Control3,Control4,Control5,Control6,Control7,Control8,Control9,Control10,Control11,Control12,Control13,Control15,Control16,Control17
1750,101927760,3856,113218482;Control2,Control3,Control4,Control5,Control6,Control7,Control8,Control9,Control10,Control11,Control12,Control15,Control16,Control17
1750,143662,56896,3856,113218482;Control1,Control2,Control3,Control5,Control6,Control7,Control8,Control9,Control10,Control11,Control13,Control15,Control16,Control17
1750,8538,3856,113218482;Control1,Control2,Control3,Control4,Control5,Control6,Control7,Control8,Control9,Control10,Control11,Control12,Control13,Control15,Control17
1750,3502,102724714,28809;Control1,Control2,Control3,Control4,Control5,Control7,Control8,Control9,Control10,Control11,Control13,Control15,Control16,Control17
1750,105370953,56896,364,3856,113218482,594855,284240;Control1,Control2,Control3,Control4,Control6,Control8,Control9,Control10,Control11,Control12,Control13,Control15,Control16,Control17
1750,284240,56896,3856,113218482;Control1,Control2,Control3,Control4,Control5,Control6,Control8,Control9,Control10,Control11,Control12,Control13,Control15,Control16,Control17
1750,5653,4004,5650;Control1,Control2,Control3,Control4,Control5,Control7,Control8,Control10,Control11,Control12,Control13,Control15,Control16,Control17
1750,89858,3856,113218482;Control1,Control3,Control4,Control5,Control6,Control7,Control8,Control9,Control10,Control11,Control12,Control13,Control15,Control16
1750,111216286,56896,3856,113218482;Control1,Control2,Control3,Control4,Control5,Control6,Control7,Control8,Control9,Control11,Control12,Control15,Control16,Control17
1750,5008,56896,3856,113218482;Control2,Control3,Control4,Control5,Control6,Control7,Control8,Control9,Control10,Control11,Control12,Control13,Control15,Control16,Control17
1749,105375690;Control1,Control2,Control3,Control5,Control6,Control7,Control8,Control9,Control10,Control11,Control12,Control13,Control15,Control16,Control17
1749,4973,285987,4004,5653,5650,729442;Control1,Control2,Control3,Control4,Control5,Control6,Control7,Control8,Control9,Control10,Control11,Control12,Control13,Control16,Control17
1749,105369685;Control1,Control2,Control3,Control4,Control5,Control6,Control7,Control9,Control10,Control12,Control13,Control15,Control16,Control17
1749,3856,115019,389336,113218482,354;Control1,Control2,Control3,Control4,Control7,Control8,Control9,Control10,Control11,Control12,Control13,Control15,Control16,Control17
1749,387895,389336,646024,105376041,3229,115701,55655;Control1,Control2,Control3,Control4,Control5,Control6,Control7,Control8,Control9,Control11,Control12,Control13,Control15,Control16,Control17
1749,5265,102467080,10437;Control2,Control3,Control4,Control5,Control6,Control7,Control8,Control9,Control10,Control11,Control12,Control13,Control16,Control17
1749,100126311,3227;Control1,Control2,Control3,Control4,Control5,Control6,Control7,Control8,Control9,Control10,Control11,Control12,Control13,Control15,Control17
1749,105371152,58,28946,2019,134285,389336,285987,4004,3502,354,25818,5653,5650,28809,729442;Control1,Control2,Control3,Control4,Control6,Control7,Control8,Control9,Control10,Control11,Control12,Control13,Control16,Control17
1749,4496,646024,105376041,3229,387895,115701;Control1,Control2,Control3,Control4,Control5,Control6,Control7,Control8,Control9,Control11,Control12,Control13,Control15,Control16,Control17
1749,4166;Control1,Control2,Control3,Control4,Control5,Control6,Control8,Control9,Control10,Control11,Control12,Control13,Control15,Control16
1749,115701;Control1,Control3,Control4,Control5,Control6,Control7,Control8,Control9,Control10,Control11,Control12,Control13,Control15,Control16,Control17
1749,10437,389336;Control2,Control3,Control4,Control5,Control6,Control8,Control9,Control10,Control11,Control12,Control13,Control15,Control16,Control17
1749,354,389336;Control1,Control2,Control3,Control4,Control5,Control6,Control7,Control8,Control9,Control10,Control11,Control12,Control13,Control15,Control16,Control17
1749,101929707,27237,58,2019,134285,389336,285987,4004,3502,25818,5653,5650,28809,729442;Control1,Control3,Control4,Control5,Control6,Control7,Control8,Control9,Control10,Control11,Control12,Control13,Control16,Control17
1749,3053,731220,389336,646024,11075,105376041,3229,55655;Control1,Control2,Control3,Control4,Control6,Control7,Control8,Control9,Control11,Control12,Control13,Control15,Control16,Control17
1749,8471,55765,100506895;Control1,Control2,Control4,Control5,Control6,Control7,Control8,Control9,Control10,Control11,Control12,Control13,Control16,Control17
7036,347252;Control1,Control2,Control5,Control6,Control7,Control8,Control9,Control10,Control11,Control12,Control13,Control15,Control16,Control17
2845,105375894,4547,2625;Control1,Control2,Control4,Control5,Control6,Control7,Control9,Control10,Control11,Control12,Control13,Control15,Control16,Control17
2845,105375622,171019,8424;Control1,Control2,Control3,Control4,Control5,Control6,Control7,Control8,Control10,Control11,Control12,Control13,Control15,Control17
2845,55388,10721;Control1,Control2,Control3,Control4,Control5,Control6,Control7,Control8,Control9,Control10,Control12,Control13,Control15,Control16,Control17
2845,11130,55635,10721,100288637,7153;Control1,Control3,Control5,Control6,Control7,Control8,Control9,Control10,Control11,Control12,Control13,Control15,Control16,Control17
2845,983,55635,3832,7153;Control1,Control3,Control4,Control5,Control6,Control7,Control8,Control9,Control10,Control11,Control12,Control13,Control16,Control17
2845,55165,55635,23397,983,3832,7153;Control1,Control3,Control4,Control5,Control6,Control7,Control8,Control9,Control10,Control11,Control12,Control13,Control15,Control17
2845,8424,171019,105369685;Control1,Control2,Control3,Control4,Control5,Control6,Control7,Control8,Control10,Control11,Control12,Control13,Control15,Control16,Control17
2845,144455,9928,10721,55247,4001;Control1,Control2,Control3,Control4,Control5,Control6,Control7,Control9,Control10,Control11,Control12,Control13,Control15,Control17
2845,5083,3604,6664,4547,27299,2625,387978,101060400;Control1,Control2,Control3,Control4,Control5,Control6,Control9,Control10,Control11,Control12,Control13,Control15,Control16,Control17
2845,6495,6664,4547,27299,2625,387978;Control1,Control2,Control3,Control5,Control6,Control7,Control9,Control10,Control11,Control12,Control13,Control15,Control16,Control17
2845,100288637,4751,10721,55247,7153;Control1,Control3,Control4,Control5,Control6,Control7,Control8,Control9,Control10,Control11,Control12,Control13,Control15,Control16,Control17
2845,57082,9928,64151,55247,4001;Control1,Control2,Control3,Control4,Control5,Control6,Control7,Control9,Control10,Control11,Control12,Control13,Control15,Control17
2845,64843,3604,6664,27299,2625,387978,105372115;Control1,Control2,Control4,Control5,Control6,Control7,Control9,Control10,Control11,Control12,Control13,Control15,Control16,Control17
2845,105371275,6664,7180,2625,387978,105372115;Control1,Control2,Control3,Control4,Control5,Control6,Control7,Control9,Control10,Control11,Control13,Control15,Control16,Control17
2845,100533789,10721;Control1,Control2,Control3,Control4,Control5,Control6,Control7,Control8,Control9,Control10,Control11,Control13,Control16,Control17
2845,1630,171019,105369685;Control1,Control2,Control3,Control4,Control5,Control6,Control7,Control8,Control10,Control11,Control12,Control13,Control15,Control16,Control17
2845,105372613,477,6716,8424,105369685;Control1,Control2,Control3,Control4,Control6,Control7,Control8,Control10,Control11,Control12,Control13,Control15,Control16,Control17
2845,389903,6664,55247,27299,387978,105372115;Control1,Control2,Control3,Control4,Control5,Control6,Control7,Control9,Control10,Control11,Control12,Control13,Control15,Control16,Control17
57016,105369315;Control3,Control4,Control5,Control6,Control7,Control8,Control9,Control10,Control11,Control12,Control13,Control15,Control16,Control17
57016,10642;Control1,Control2,Control3,Control4,Control5,Control6,Control7,Control8,Control9,Control10,Control12,Control13,Control15,Control16,Control17
105375610,157313,55143,150468;Control1,Control2,Control3,Control4,Control5,Control6,Control7,Control9,Control10,Control11,Control12,Control15,Control16,Control17
105375610,3832,55143,1058,157570;Control1,Control2,Control3,Control4,Control5,Control6,Control7,Control9,Control10,Control11,Control12,Control13,Control15,Control16
105375610,55165,55143,4751,150468,3161,55872,983,9055;Control1,Control2,Control3,Control4,Control5,Control6,Control7,Control10,Control11,Control12,Control13,Control15,Control16,Control17
105375610,113130,991,128239,9232,3833,4288,9700,9787,9212;Control1,Control3,Control4,Control5,Control6,Control7,Control8,Control9,Control10,Control11,Control12,Control15,Control16,Control17
105375610,112937,128239;Control1,Control3,Control4,Control5,Control6,Control7,Control8,Control9,Control10,Control11,Control12,Control13,Control15,Control16,Control17
105375610,9700,991,128239,3833,4288;Control1,Control3,Control4,Control5,Control6,Control7,Control8,Control9,Control10,Control11,Control12,Control13,Control15,Control16,Control17
105375610,221150,6241,995,3833,55872,9787,100507118,29128,24137;Control1,Control2,Control3,Control4,Control5,Control6,Control7,Control10,Control11,Control12,Control13,Control15,Control16,Control17
105375610,9787,1058;Control1,Control2,Control3,Control4,Control5,Control6,Control7,Control8,Control9,Control10,Control11,Control12,Control13,Control15,Control16,Control17
105375610,91828,107985017;Control1,Control2,Control3,Control4,Control5,Control6,Control7,Control8,Control9,Control10,Control11,Control12,Control13,Control15,Control17
105375610,9824,150468,157570,3832;Control1,Control2,Control3,Control4,Control5,Control6,Control7,Control9,Control10,Control11,Control12,Control13,Control15,Control16
105375610,79801,1063,6241,995,9787,100507118;Control1,Control2,Control4,Control5,Control6,Control7,Control8,Control10,Control11,Control12,Control13,Control15,Control16,Control17
105375610,83903,150468,9787;Control1,Control2,Control3,Control4,Control5,Control6,Control7,Control8,Control9,Control10,Control11,Control12,Control13,Control16,Control17
105375610,107985017,3833;Control1,Control2,Control3,Control4,Control5,Control6,Control7,Control8,Control9,Control10,Control11,Control12,Control13,Control15,Control16,Control17
105375610,146909,1063,6241,1058,9232,9787;Control1,Control2,Control3,Control4,Control5,Control6,Control7,Control8,Control10,Control12,Control13,Control15,Control16,Control17
105375610,9496;Control1,Control2,Control3,Control4,Control5,Control6,Control7,Control8,Control10,Control11,Control12,Control13,Control15,Control16
105375610,332,6241,150468,995,157313,9787;Control1,Control2,Control3,Control4,Control5,Control6,Control7,Control9,Control10,Control11,Control12,Control15,Control16,Control17
105375610,115701;Control1,Control2,Control3,Control4,Control5,Control6,Control7,Control8,Control9,Control11,Control12,Control13,Control16,Control17
105375610,29128,55143,150468,3161,55872,983,55165,9055,100507118;Control1,Control2,Control3,Control4,Control5,Control6,Control7,Control10,Control11,Control12,Control13,Control15,Control16,Control17
105375610,101929707,27178,285643,79733;Control1,Control2,Control3,Control4,Control5,Control6,Control7,Control8,Control9,Control10,Control11,Control12,Control13,Control15,Control16
105375610,22974,1063,6241,1058,9787,100507118;Control1,Control2,Control3,Control5,Control6,Control7,Control8,Control10,Control11,Control12,Control13,Control15,Control16,Control17
105375610,6790,107985017;Control1,Control2,Control5,Control6,Control7,Control8,Control9,Control10,Control11,Control12,Control13,Control15,Control16,Control17
105375610,9582;Control1,Control3,Control4,Control5,Control6,Control7,Control8,Control10,Control11,Control12,Control13,Control15,Control16,Control17
105375610,100874530,128239,9232,9700,9212;Control1,Control3,Control4,Control5,Control6,Control7,Control9,Control10,Control11,Control12,Control13,Control15,Control16,Control17
105375610,24137,1063,6241,150468,995,55872,55165,9787,100507118,29128;Control1,Control2,Control3,Control4,Control5,Control6,Control7,Control10,Control11,Control12,Control13,Control15,Control16,Control17
105375610,5354,157570,186;Control1,Control2,Control3,Control4,Control5,Control6,Control7,Control8,Control9,Control10,Control12,Control13,Control15,Control16
105375610,186,150468,157570;Control1,Control2,Control3,Control4,Control5,Control6,Control8,Control9,Control10,Control11,Control12,Control13,Control15,Control16
105375610,102723547,158511;Control1,Control3,Control4,Control5,Control6,Control7,Control8,Control9,Control10,Control11,Control12,Control13,Control16,Control17
105375610,158511,3833;Control1,Control2,Control3,Control4,Control5,Control6,Control7,Control8,Control9,Control10,Control11,Control12,Control13,Control16,Control17
100652791,107986951;Control1,Control2,Control3,Control4,Control5,Control6,Control7,Control8,Control9,Control10,Control11,Control13,Control15,Control16,Control17
100652791,105375622,1301,574029,56300,4496;Control1,Control2,Control3,Control4,Control5,Control6,Control8,Control9,Control10,Control11,Control12,Control13,Control16,Control17
100652791,347252,56300,4496;Control1,Control2,Control3,Control4,Control5,Control6,Control8,Control9,Control10,Control12,Control13,Control15,Control16,Control17
100652791,105376042,6332,860,9355,7681;Control1,Control2,Control3,Control4,Control5,Control6,Control7,Control8,Control9,Control10,Control11,Control12,Control13,Control17
100652791,253650,63898,7477;Control1,Control2,Control3,Control5,Control6,Control7,Control8,Control9,Control10,Control11,Control13,Control15,Control16,Control17
100652791,9355,6332,941,860,7681;Control1,Control2,Control3,Control4,Control5,Control6,Control7,Control8,Control9,Control10,Control11,Control12,Control13,Control17
100652791,2834,1301,574414,574029,56300,4496;Control1,Control2,Control3,Control4,Control5,Control6,Control8,Control9,Control10,Control11,Control12,Control13,Control16,Control17
100652791,103695435,860,105376042,122042,7681;Control1,Control2,Control3,Control4,Control5,Control6,Control7,Control8,Control9,Control10,Control11,Control12,Control13,Control17
100652791,219970,860,122042;Control1,Control2,Control3,Control4,Control5,Control6,Control7,Control8,Control9,Control10,Control11,Control12,Control13,Control15,Control17
100652791,112937,1301,56300,6332;Control1,Control2,Control3,Control4,Control5,Control6,Control8,Control9,Control10,Control11,Control12,Control13,Control15,Control16
100652791,3229,105372950,56300,646024,105376041,387895,4496,3053;Control1,Control2,Control3,Control4,Control5,Control6,Control8,Control9,Control10,Control11,Control12,Control13,Control15,Control17
100652791,8549,860,5101;Control1,Control2,Control3,Control4,Control5,Control6,Control7,Control8,Control9,Control10,Control11,Control12,Control13,Control15,Control17
100652791,5100,860,219970;Control1,Control2,Control3,Control4,Control5,Control6,Control7,Control8,Control9,Control10,Control11,Control12,Control13,Control15,Control17
100652791,84419,122042;Control1,Control2,Control3,Control4,Control5,Control6,Control7,Control8,Control9,Control11,Control12,Control13,Control15,Control16,Control17
100652791,100126311,84419;Control1,Control2,Control3,Control4,Control5,Control6,Control7,Control8,Control9,Control12,Control13,Control15,Control16,Control17
100652791,105370924,6332;Control1,Control3,Control4,Control5,Control6,Control7,Control8,Control9,Control10,Control11,Control12,Control13,Control16,Control17
100652791,4496,56300;Control1,Control2,Control3,Control4,Control5,Control6,Control8,Control9,Control10,Control11,Control12,Control13,Control15,Control16,Control17
100652791,6362,56300,387895,4496;Control1,Control2,Control4,Control5,Control6,Control8,Control9,Control10,Control11,Control12,Control13,Control15,Control16,Control17
100652791,27091,56300;Control1,Control2,Control3,Control4,Control5,Control6,Control8,Control9,Control10,Control12,Control13,Control15,Control16,Control17
100652791,110806280,1301,574029;Control1,Control2,Control3,Control4,Control5,Control6,Control7,Control8,Control9,Control10,Control11,Control12,Control13,Control16
100652791,3053,105372950,56300,84561,646024,105376041,4496;Control1,Control2,Control3,Control4,Control5,Control6,Control8,Control9,Control10,Control11,Control12,Control13,Control15,Control17
100652791,109729169,56300,860,646024,11075,105376041,3229,387895,4496,55655;Control1,Control2,Control3,Control4,Control5,Control6,Control8,Control9,Control10,Control11,Control12,Control13,Control15,Control17
83648,364,113218482;Control1,Control2,Control3,Control4,Control5,Control6,Control7,Control8,Control9,Control10,Control11,Control12,Control13,Control16
83648,3856,105377123,113218482;Control1,Control2,Control3,Control4,Control5,Control6,Control7,Control8,Control9,Control11,Control12,Control13,Control15,Control16
83648,9628,23566;Control2,Control3,Control4,Control5,Control6,Control7,Control8,Control9,Control10,Control11,Control12,Control15,Control16,Control17
83648,107984763,23566,53820;Control1,Control2,Control3,Control4,Control6,Control7,Control8,Control9,Control10,Control11,Control12,Control15,Control16,Control17
83648,594855,364;Control1,Control2,Control3,Control4,Control6,Control7,Control8,Control9,Control10,Control11,Control12,Control13,Control15,Control16
63898,107986951,4318,109729184;Control1,Control2,Control3,Control4,Control5,Control6,Control7,Control9,Control10,Control11,Control12,Control13,Control15,Control17
63898,11075,26289,101928658,338005,4318,109729184;Control1,Control2,Control3,Control4,Control5,Control6,Control7,Control8,Control9,Control10,Control12,Control13,Control16,Control17
63898,253650,57167;Control1,Control2,Control3,Control5,Control6,Control7,Control8,Control9,Control10,Control11,Control12,Control13,Control15,Control16,Control17
63898,105378305,344,4318,109729184;Control1,Control2,Control3,Control4,Control5,Control6,Control8,Control9,Control10,Control11,Control12,Control13,Control15,Control16,Control17
63898,219970,860,100652791;Control1,Control2,Control3,Control4,Control5,Control6,Control7,Control8,Control10,Control11,Control13,Control15,Control16,Control17
63898,4973;Control1,Control2,Control3,Control4,Control5,Control6,Control7,Control8,Control9,Control11,Control12,Control13,Control16,Control17
63898,120939,7477;Control1,Control3,Control4,Control5,Control6,Control7,Control8,Control9,Control10,Control11,Control12,Control13,Control15,Control16,Control17
63898,10993,7477;Control1,Control2,Control3,Control5,Control6,Control7,Control8,Control9,Control10,Control11,Control12,Control13,Control15,Control16,Control17
63898,5101,860,109729184;Control1,Control2,Control3,Control4,Control5,Control6,Control7,Control8,Control9,Control10,Control11,Control13,Control15,Control16,Control17
63898,84419;Control1,Control2,Control3,Control4,Control5,Control6,Control7,Control8,Control10,Control11,Control13,Control15,Control16,Control17
63898,50615,338005;Control1,Control2,Control3,Control4,Control5,Control6,Control7,Control8,Control9,Control10,Control12,Control13,Control16,Control17
63898,4496,374946;Control1,Control2,Control3,Control4,Control5,Control6,Control8,Control9,Control10,Control11,Control13,Control15,Control16,Control17
63898,9388,860,100652791,4318,109729184;Control1,Control2,Control3,Control5,Control6,Control7,Control8,Control9,Control10,Control11,Control13,Control15,Control16,Control17
63898,100533990,374946,5798,344,4318,109729184,57167,7477;Control1,Control2,Control3,Control4,Control5,Control6,Control8,Control9,Control10,Control11,Control12,Control13,Control15,Control17
63898,344,5798,4318,109729184,57167,7477;Control1,Control2,Control3,Control4,Control5,Control6,Control8,Control9,Control10,Control11,Control12,Control13,Control15,Control16,Control17
63898,7477,4318,109729184;Control1,Control2,Control3,Control4,Control5,Control6,Control7,Control8,Control9,Control10,Control11,Control12,Control13,Control15,Control16,Control17
63898,349408,26289,4318,109729184,7477;Control1,Control2,Control3,Control4,Control5,Control6,Control8,Control9,Control10,Control11,Control12,Control13,Control15,Control16
63898,109729169,4318,109729184,7477;Control1,Control2,Control3,Control4,Control5,Control6,Control7,Control8,Control9,Control10,Control11,Control12,Control13,Control17
203190,1029;Control1,Control2,Control3,Control5,Control6,Control7,Control8,Control9,Control10,Control11,Control12,Control13,Control16,Control17
203190,105371927;Control1,Control2,Control3,Control4,Control5,Control6,Control7,Control8,Control9,Control10,Control11,Control12,Control13,Control15,Control16,Control17
27299,144455,6664,4001,387978,101060400;Control1,Control2,Control3,Control4,Control5,Control6,Control8,Control9,Control10,Control11,Control12,Control13,Control15,Control17
27299,105371275,6664,4283,7180,2625,387978,100506655,105372115,23532,389903;Control2,Control3,Control4,Control5,Control6,Control7,Control8,Control9,Control10,Control11,Control13,Control15,Control16,Control17
157313,157570,55143,150468;Control1,Control2,Control3,Control4,Control5,Control6,Control7,Control8,Control9,Control10,Control11,Control12,Control16,Control17
157313,1029;Control1,Control2,Control3,Control4,Control5,Control6,Control7,Control8,Control9,Control11,Control12,Control13,Control15,Control16,Control17
157313,983,6241,9833,55165,9787,51203,79801,332;Control1,Control2,Control3,Control4,Control5,Control6,Control7,Control8,Control9,Control10,Control11,Control12,Control15,Control16,Control17
157313,3832,55143,3161,54443,55872,983;Control1,Control2,Control3,Control4,Control5,Control6,Control7,Control8,Control10,Control11,Control12,Control15,Control16,Control17
157313,113130,259266,9787,332;Control1,Control2,Control3,Control4,Control5,Control6,Control7,Control8,Control10,Control11,Control12,Control13,Control15,Control16
157313,10024,128239,9133,332;Control1,Control3,Control4,Control5,Control6,Control7,Control8,Control9,Control10,Control11,Control12,Control15,Control16,Control17
157313,221150,1063,6241,55355,55165,9787,332,24137;Control1,Control2,Control3,Control4,Control5,Control6,Control7,Control8,Control10,Control11,Control12,Control15,Control16,Control17
157313,9133,6241,9787,79801,332;Control1,Control2,Control3,Control4,Control5,Control6,Control7,Control8,Control9,Control10,Control11,Control12,Control15,Control16,Control17
157313,9768,64151,332;Control1,Control2,Control3,Control4,Control5,Control6,Control7,Control10,Control11,Control12,Control13,Control15,Control16,Control17
157313,7153,3161,54443,55872,983,3832,55165,51203;Control1,Control2,Control3,Control4,Control5,Control6,Control7,Control8,Control10,Control11,Control12,Control15,Control16,Control17
157313,55771,332,8318;Control1,Control3,Control4,Control5,Control6,Control7,Control8,Control9,Control10,Control11,Control13,Control15,Control16,Control17
157313,29128,6241,150468,891,3161,55872,55165,51203,332;Control1,Control2,Control3,Control4,Control5,Control6,Control7,Control8,Control10,Control11,Control12,Control15,Control16,Control17
157313,147841,150468,332;Control1,Control3,Control4,Control5,Control6,Control7,Control8,Control9,Control10,Control11,Control12,Control13,Control16,Control17
157313,4605,332,8318;Control1,Control3,Control4,Control5,Control6,Control7,Control8,Control9,Control10,Control11,Control13,Control15,Control16,Control17
157313,8318,332;Control1,Control3,Control4,Control5,Control6,Control7,Control8,Control9,Control10,Control11,Control12,Control13,Control15,Control16,Control17
157313,51512,150468;Control1,Control2,Control3,Control4,Control5,Control6,Control7,Control8,Control9,Control10,Control11,Control12,Control13,Control16,Control17
157570,107986951,2834;Control1,Control3,Control4,Control5,Control6,Control7,Control8,Control10,Control11,Control12,Control13,Control15,Control16,Control17
157570,105375622,2834;Control1,Control3,Control4,Control5,Control6,Control7,Control8,Control10,Control11,Control12,Control13,Control15,Control16,Control17
157570,9833,6241,54443,55872,55165,9824,51203;Control1,Control2,Control3,Control4,Control5,Control6,Control7,Control8,Control9,Control10,Control12,Control13,Control15,Control16
157570,983,55143,4751,3161,54443,55872,3832;Control1,Control2,Control3,Control4,Control5,Control6,Control7,Control8,Control10,Control11,Control12,Control13,Control16,Control17
157570,3832,4751,54443,55872,55165;Control1,Control2,Control3,Control4,Control5,Control6,Control7,Control8,Control9,Control10,Control11,Control12,Control13,Control15,Control17
157570,2834;Control1,Control3,Control4,Control5,Control6,Control7,Control8,Control9,Control10,Control11,Control12,Control13,Control15,Control16,Control17
157570,374393,150468,55872,55165,51203;Control1,Control2,Control3,Control4,Control6,Control7,Control8,Control9,Control10,Control12,Control13,Control15,Control16,Control17
157570,1813,2834;Control1,Control3,Control4,Control5,Control6,Control7,Control8,Control9,Control10,Control12,Control13,Control15,Control16,Control17
157570,221150,4751,6241,3161,54443,55872,983,55165,51203,100507118,7153;Control1,Control2,Control3,Control4,Control5,Control6,Control7,Control8,Control10,Control11,Control12,Control13,Control15,Control16
157570,81624,55143,79733;Control1,Control2,Control3,Control4,Control5,Control6,Control7,Control8,Control9,Control11,Control12,Control13,Control15,Control17
157570,9824,54443,55165,51203;Control1,Control2,Control3,Control4,Control5,Control6,Control7,Control8,Control9,Control10,Control11,Control12,Control13,Control15,Control16,Control17
157570,57082,105375622;Control1,Control3,Control4,Control5,Control6,Control7,Control8,Control10,Control11,Control12,Control13,Control15,Control16,Control17
157570,9133,6241,995,9787,332;Control1,Control2,Control3,Control4,Control5,Control6,Control7,Control8,Control9,Control10,Control11,Control12,Control13,Control16
157570,105370924,186;Control1,Control2,Control3,Control5,Control6,Control8,Control9,Control10,Control11,Control12,Control13,Control15,Control16,Control17
157570,100507118,55143,4751,3161,54443,55872,983,51203,7153;Control1,Control2,Control3,Control4,Control5,Control6,Control7,Control8,Control10,Control11,Control12,Control13,Control15,Control16
157570,79801,150468,54443,55872,55165,51203;Control1,Control2,Control3,Control4,Control5,Control6,Control7,Control8,Control10,Control11,Control12,Control13,Control16,Control17
157570,83903,150468,54443,55165;Control1,Control2,Control4,Control5,Control6,Control7,Control8,Control9,Control10,Control11,Control12,Control13,Control15,Control16,Control17
157570,9955,27178,285643,101929707;Control1,Control2,Control3,Control4,Control5,Control6,Control7,Control8,Control9,Control10,Control11,Control12,Control13,Control17
157570,7153,4751,3161,54443,55872,3832,55165,51203;Control1,Control2,Control3,Control4,Control5,Control6,Control7,Control8,Control10,Control11,Control12,Control13,Control15,Control16,Control17
157570,332,6241,150468,995,55165;Control1,Control2,Control3,Control4,Control5,Control6,Control7,Control8,Control9,Control10,Control11,Control12,Control15,Control16
157570,220134,55872,55165;Control1,Control3,Control4,Control5,Control6,Control7,Control8,Control10,Control11,Control12,Control13,Control15,Control16,Control17
157570,115701;Control1,Control2,Control3,Control4,Control5,Control6,Control7,Control8,Control9,Control11,Control12,Control13,Control16,Control17
157570,29128,55143,150468,3161,55872,983,55165,9055,7153;Control1,Control2,Control3,Control4,Control5,Control6,Control7,Control10,Control11,Control12,Control13,Control15,Control16,Control17
157570,101929707,27178,285643,79733;Control1,Control2,Control3,Control4,Control5,Control6,Control7,Control8,Control9,Control10,Control11,Control12,Control13,Control15,Control17
157570,5354,186;Control1,Control2,Control3,Control4,Control5,Control6,Control7,Control8,Control9,Control10,Control12,Control13,Control15,Control16,Control17
157570,158511;Control1,Control2,Control3,Control4,Control5,Control7,Control8,Control9,Control10,Control11,Control12,Control13,Control15,Control16
55872,55388,4751,1063,3161,983,55165,9055,100507118,7153,29128;Control1,Control2,Control3,Control4,Control5,Control6,Control7,Control9,Control10,Control12,Control13,Control15,Control16,Control17
55872,79733,55143,9055;Control1,Control2,Control3,Control4,Control5,Control6,Control7,Control8,Control10,Control11,Control12,Control13,Control15,Control16,Control17
55872,219527,1063,6241,995,221150,100507118,55723;Control1,Control2,Control3,Control4,Control6,Control7,Control8,Control10,Control11,Control12,Control13,Control15,Control16,Control17
55872,144455,9928,699,64151,891,55165,221150,100507118,7153,29128;Control1,Control2,Control3,Control5,Control6,Control7,Control8,Control9,Control10,Control11,Control12,Control13,Control15,Control16
55872,81624,55143,4751,150468,54443,9055;Control1,Control2,Control3,Control4,Control5,Control6,Control7,Control8,Control11,Control12,Control13,Control15,Control16,Control17
55872,100288637,9928,4751,699,3161,55165,7153;Control1,Control2,Control3,Control5,Control6,Control7,Control8,Control9,Control10,Control11,Control12,Control13,Control15,Control16,Control17
55872,9824,4751,55247,3161,54443,983,55165,9055,7153,29128;Control1,Control2,Control4,Control5,Control6,Control7,Control8,Control9,Control10,Control11,Control12,Control13,Control15,Control16,Control17
55872,9768,64151,891,55165,220134,29128;Control1,Control3,Control4,Control5,Control6,Control7,Control9,Control10,Control11,Control12,Control13,Control15,Control16,Control17
55872,79801,1063,6241,55355,64151,55165,9787,100507118,29128;Control1,Control2,Control3,Control4,Control5,Control6,Control7,Control8,Control9,Control10,Control11,Control12,Control13,Control15,Control16,Control17
55872,54478,9055,100507118;Control1,Control2,Control3,Control4,Control5,Control7,Control9,Control10,Control11,Control12,Control13,Control15,Control16,Control17
55872,332,259266,1063,6241,55355,55165,221150,9787,100507118,220134,29128,24137;Control1,Control2,Control3,Control4,Control5,Control6,Control7,Control8,Control9,Control10,Control11,Control12,Control15,Control16,Control17
55872,220134,6241,55355,64151,55165,221150,9787,100507118,29128,24137;Control1,Control2,Control3,Control4,Control5,Control6,Control7,Control8,Control9,Control10,Control11,Control12,Control13,Control15,Control16,Control17
55872,22974,1063,6241,699,55355,64151,55165,9787,51203,100507118,79801,7153,29128;Control1,Control2,Control3,Control5,Control6,Control7,Control8,Control9,Control10,Control11,Control12,Control13,Control15,Control16
3620,105376042;Control1,Control2,Control3,Control4,Control5,Control6,Control7,Control10,Control11,Control12,Control13,Control15,Control16,Control17
3620,101060400;Control2,Control3,Control4,Control5,Control6,Control7,Control9,Control10,Control11,Control12,Control13,Control15,Control16,Control17
3620,23562;Control1,Control2,Control3,Control5,Control6,Control7,Control8,Control9,Control10,Control11,Control12,Control13,Control16,Control17
6422,105375622;Control1,Control2,Control3,Control4,Control5,Control6,Control8,Control9,Control10,Control12,Control13,Control15,Control16,Control17
6422,112268037;Control1,Control2,Control3,Control5,Control6,Control7,Control8,Control9,Control10,Control12,Control13,Control15,Control16,Control17
6422,102724784,1813;Control1,Control2,Control3,Control4,Control5,Control6,Control8,Control9,Control10,Control11,Control12,Control15,Control16,Control17
6422,1813,105371737;Control1,Control2,Control3,Control4,Control5,Control6,Control9,Control10,Control11,Control12,Control13,Control15,Control16,Control17
6422,338005;Control1,Control2,Control3,Control4,Control5,Control6,Control7,Control8,Control9,Control10,Control11,Control13,Control15,Control16,Control17
6422,50615;Control1,Control2,Control3,Control4,Control5,Control6,Control7,Control9,Control10,Control11,Control12,Control13,Control15,Control16,Control17
6422,140628;Control1,Control2,Control4,Control5,Control6,Control8,Control9,Control10,Control11,Control12,Control13,Control15,Control16,Control17
6422,107985627;Control1,Control2,Control3,Control4,Control5,Control6,Control7,Control9,Control10,Control11,Control12,Control15,Control16,Control17
6422,2277;Control1,Control2,Control3,Control5,Control6,Control7,Control9,Control10,Control11,Control12,Control13,Control15,Control16,Control17
6422,5354;Control1,Control3,Control4,Control5,Control6,Control7,Control9,Control10,Control11,Control12,Control13,Control15,Control16,Control17
6422,186;Control1,Control3,Control4,Control5,Control6,Control7,Control8,Control9,Control10,Control11,Control12,Control13,Control15,Control16,Control17
85479,5083,3604,27299,101060400;Control1,Control2,Control3,Control4,Control5,Control7,Control8,Control9,Control10,Control11,Control13,Control15,Control16,Control17
85479,100506655,3627,4547,27299;Control2,Control3,Control4,Control5,Control7,Control8,Control9,Control10,Control11,Control12,Control13,Control15,Control16,Control17
85479,105371275;Control1,Control2,Control3,Control4,Control5,Control8,Control9,Control10,Control11,Control12,Control13,Control15,Control16,Control17
85479,64699;Control1,Control2,Control4,Control5,Control6,Control7,Control8,Control9,Control11,Control12,Control13,Control15,Control16,Control17
85479,5008;Control1,Control2,Control3,Control4,Control5,Control6,Control7,Control8,Control10,Control11,Control13,Control15,Control16,Control17
107986951,105375622,574029,2834;Control1,Control2,Control3,Control4,Control5,Control6,Control8,Control9,Control10,Control11,Control13,Control15,Control16,Control17
107986951,6865,27091;Control1,Control2,Control3,Control4,Control5,Control6,Control8,Control9,Control10,Control11,Control13,Control15,Control16,Control17
107986951,2834,574029;Control1,Control2,Control3,Control4,Control5,Control6,Control7,Control8,Control9,Control10,Control11,Control12,Control13,Control15,Control16,Control17
107986951,105369315,9076,101928658,109729184;Control1,Control2,Control3,Control4,Control5,Control7,Control8,Control9,Control10,Control11,Control12,Control13,Control15,Control17
107986951,112937,1301,574029,2834,110806280;Control1,Control2,Control3,Control4,Control5,Control6,Control7,Control8,Control9,Control10,Control11,Control13,Control15,Control16
107986951,4973,574029;Control1,Control2,Control3,Control4,Control5,Control7,Control8,Control9,Control11,Control12,Control13,Control15,Control16,Control17
107986951,100506411,64094;Control1,Control2,Control3,Control5,Control6,Control7,Control8,Control9,Control10,Control11,Control12,Control13,Control15,Control16,Control17
107986951,654499,1301,574029,2834;Control1,Control2,Control3,Control5,Control6,Control7,Control8,Control9,Control10,Control11,Control12,Control13,Control15,Control16,Control17
107986951,100126311,56300;Control1,Control2,Control3,Control4,Control5,Control6,Control7,Control8,Control9,Control11,Control13,Control15,Control16,Control17
107986951,79191,168002,4318,109729184;Control1,Control2,Control3,Control4,Control5,Control6,Control7,Control9,Control10,Control11,Control12,Control13,Control15,Control17
107986951,4496,1301,574414,574029,56300,2834;Control1,Control2,Control3,Control4,Control5,Control6,Control7,Control8,Control9,Control10,Control11,Control13,Control16,Control17
107986951,400618,574029,2834;Control1,Control2,Control3,Control4,Control5,Control6,Control7,Control8,Control9,Control10,Control11,Control12,Control15,Control16
107986951,57167,9076,101928658,4318,109729184;Control1,Control2,Control3,Control5,Control6,Control7,Control8,Control9,Control10,Control11,Control12,Control13,Control15,Control17
107986951,109729169,168002,4318,109729184;Control1,Control2,Control3,Control4,Control5,Control6,Control7,Control8,Control9,Control10,Control11,Control12,Control13,Control17
105375894,105375674;Control1,Control2,Control4,Control5,Control6,Control7,Control8,Control10,Control11,Control12,Control13,Control15,Control16,Control17
105375894,101927760,338667;Control1,Control2,Control4,Control5,Control6,Control7,Control8,Control10,Control11,Control12,Control13,Control15,Control16,Control17
105375894,2835;Control1,Control2,Control4,Control5,Control6,Control7,Control8,Control10,Control11,Control12,Control13,Control15,Control16,Control17
105375894,5083,4547,2625,101060400;Control1,Control2,Control4,Control5,Control6,Control8,Control9,Control10,Control11,Control12,Control13,Control15,Control16,Control17
105375894,389903,6664,27299,2625,387978,64843,105372115;Control1,Control2,Control4,Control5,Control6,Control7,Control8,Control9,Control10,Control11,Control12,Control15,Control16,Control17
9312,100192378,148645,3239,56203,3670,345643,5307,105375894,283078,1690,100506071,101929690,6362,106481742,9758,8471;Control1,Control2,Control3,Control4,Control6,Control7,Control8,Control9,Control10,Control12,Control13,Control15,Control16,Control17
9312,219527,5865,6716,1047,166979,4544,116173,6345;Control2,Control4,Control5,Control6,Control7,Control8,Control9,Control10,Control11,Control12,Control13,Control15,Control16,Control17
9312,7681,5865,6716,3580,1047,166979,4544,6345,107985436;Control1,Control2,Control4,Control5,Control6,Control8,Control9,Control10,Control11,Control12,Control13,Control15,Control16,Control17
9312,594855,5865,6716,3580,1047,166979,4544,6345;Control1,Control2,Control4,Control5,Control7,Control8,Control9,Control10,Control11,Control12,Control13,Control15,Control16,Control17
9312,64843,148645,56203,3670,345643,5307,105375894,283078,1690,100506071,6362,106481742,9758,8471;Control1,Control2,Control3,Control4,Control5,Control6,Control7,Control8,Control10,Control11,Control12,Control13,Control15,Control16,Control17
9312,1748;Control1,Control3,Control4,Control5,Control6,Control7,Control8,Control9,Control10,Control12,Control13,Control15,Control16,Control17
9312,6860,107985513;Control1,Control2,Control4,Control5,Control6,Control7,Control8,Control9,Control10,Control11,Control12,Control13,Control15,Control16,Control17
9312,113730;Control1,Control2,Control4,Control6,Control7,Control8,Control9,Control10,Control11,Control12,Control13,Control15,Control16,Control17
100192378,102724784;Control1,Control2,Control4,Control5,Control6,Control7,Control8,Control9,Control10,Control11,Control12,Control15,Control16,Control17
100192378,4321,148645,3239,3670,345643,5307,105375894,1690,100506071,6362,106481742,9758,8471;Control1,Control2,Control3,Control4,Control5,Control6,Control7,Control9,Control10,Control12,Control13,Control15,Control16,Control17
100192378,1813,105371737;Control1,Control2,Control4,Control5,Control6,Control7,Control8,Control9,Control10,Control11,Control13,Control15,Control16,Control17
100192378,64843,148645,3239,56203,3670,345643,5307,105375894,1690,100506071,101929690,6362,106481742,9758,8471;Control1,Control2,Control3,Control4,Control5,Control6,Control7,Control8,Control10,Control12,Control13,Control15,Control16,Control17
100192378,50615;Control1,Control2,Control5,Control6,Control7,Control8,Control9,Control10,Control11,Control12,Control13,Control15,Control16,Control17
100192378,1748;Control1,Control3,Control4,Control6,Control7,Control8,Control9,Control10,Control11,Control12,Control13,Control15,Control16,Control17
100192378,25818;Control1,Control2,Control3,Control4,Control5,Control6,Control7,Control8,Control9,Control11,Control12,Control13,Control15,Control16,Control17
100192378,105373150,148645,3670,345643,5307,105375894,1690,100506071,6362,106481742,8471;Control1,Control2,Control3,Control4,Control5,Control6,Control7,Control8,Control9,Control11,Control12,Control13,Control15,Control16,Control17
11075,100048912,101928658;Control1,Control2,Control3,Control4,Control5,Control6,Control7,Control8,Control9,Control10,Control11,Control13,Control15,Control17
11075,347252;Control1,Control2,Control3,Control4,Control6,Control7,Control8,Control9,Control10,Control11,Control12,Control13,Control15,Control17
11075,105369315,9076,338005;Control1,Control2,Control3,Control4,Control5,Control7,Control8,Control9,Control10,Control11,Control12,Control13,Control16,Control17
11075,1813,53836,105371737;Control1,Control2,Control3,Control4,Control5,Control6,Control7,Control8,Control9,Control10,Control11,Control13,Control16,Control17
11075,10024;Control1,Control2,Control3,Control4,Control5,Control6,Control7,Control8,Control9,Control10,Control11,Control12,Control13,Control15
11075,3227,389336;Control1,Control2,Control3,Control4,Control5,Control6,Control7,Control8,Control9,Control11,Control13,Control15,Control16,Control17
11075,387895,646024,105376041,3229,55655,3053;Control1,Control2,Control3,Control4,Control5,Control6,Control7,Control8,Control9,Control10,Control12,Control13,Control15,Control16,Control17
11075,103689845,731220,646024,105376041,55655;Control1,Control2,Control3,Control4,Control5,Control6,Control7,Control8,Control9,Control10,Control11,Control12,Control15,Control16,Control17
11075,5100,731220,646024,554202,105376041,55655,3053;Control1,Control2,Control3,Control4,Control6,Control8,Control9,Control10,Control11,Control12,Control13,Control15,Control16,Control17
11075,5101,5798,860,109729169;Control1,Control2,Control3,Control5,Control6,Control8,Control9,Control10,Control11,Control12,Control13,Control15,Control16,Control17
11075,387978,731220,646024,105376041,55655;Control1,Control2,Control3,Control4,Control5,Control6,Control7,Control8,Control10,Control11,Control12,Control13,Control15,Control16,Control17
11075,176;Control1,Control2,Control3,Control4,Control5,Control6,Control7,Control8,Control9,Control10,Control11,Control12,Control13,Control16
11075,100533789,5798,101928658;Control1,Control2,Control3,Control4,Control5,Control6,Control7,Control10,Control11,Control12,Control13,Control15,Control16,Control17
11075,115701,374946,5798,646024,168002,105376041,3229,387895,4496;Control1,Control2,Control3,Control4,Control5,Control6,Control7,Control8,Control9,Control10,Control13,Control15,Control16,Control17
11075,80714;Control1,Control2,Control3,Control4,Control5,Control7,Control8,Control9,Control10,Control11,Control12,Control13,Control15,Control16,Control17
11075,100533990,5798,109729169;Control1,Control2,Control3,Control4,Control5,Control6,Control7,Control8,Control9,Control10,Control12,Control13,Control15,Control16,Control17
11075,25818,101928658;Control1,Control2,Control4,Control5,Control6,Control7,Control8,Control9,Control11,Control12,Control13,Control15,Control16,Control17
11075,4318,731220,5798,860,646024,168002,554202,105376041,3229,55655,109729169;Control1,Control2,Control3,Control4,Control5,Control6,Control8,Control9,Control10,Control11,Control13,Control15,Control16,Control17
11075,57167,5798,109729169;Control1,Control2,Control3,Control5,Control6,Control7,Control8,Control9,Control10,Control11,Control12,Control13,Control15,Control16,Control17
11075,3053,731220,646024,105376041,55655;Control1,Control2,Control3,Control4,Control6,Control7,Control8,Control9,Control10,Control11,Control12,Control13,Control15,Control16,Control17
11075,109729169,5798;Control1,Control2,Control3,Control4,Control5,Control6,Control7,Control8,Control9,Control10,Control11,Control12,Control13,Control15,Control16,Control17
105375622,107986990,171019,8424;Control2,Control3,Control4,Control5,Control6,Control7,Control8,Control9,Control10,Control11,Control12,Control13,Control15,Control17
105375622,9355,1301,574029;Control1,Control2,Control3,Control5,Control6,Control8,Control9,Control10,Control11,Control12,Control13,Control15,Control16,Control17
105375622,6865;Control2,Control3,Control4,Control5,Control6,Control7,Control8,Control9,Control10,Control11,Control12,Control13,Control15,Control16,Control17
105375622,1813,574414,101927750,6865;Control1,Control2,Control3,Control4,Control5,Control6,Control7,Control9,Control10,Control12,Control13,Control15,Control16,Control17
105375622,112937,1301,574414,574029,2834;Control1,Control2,Control3,Control4,Control5,Control6,Control7,Control9,Control10,Control11,Control12,Control13,Control15,Control16
105375622,387895,1301,56300,4496;Control1,Control2,Control4,Control5,Control6,Control7,Control8,Control9,Control10,Control11,Control12,Control13,Control16,Control17
105375622,654499;Control1,Control2,Control3,Control5,Control6,Control7,Control8,Control9,Control10,Control11,Control13,Control15,Control16,Control17
105375622,641;Control1,Control2,Control4,Control5,Control6,Control7,Control8,Control9,Control10,Control11,Control12,Control13,Control15,Control16,Control17
105375622,339256,4283,102606463,147741;Control1,Control2,Control3,Control4,Control5,Control6,Control7,Control9,Control10,Control11,Control12,Control13,Control15,Control17
105375622,27091,6865;Control1,Control2,Control3,Control4,Control5,Control6,Control7,Control8,Control9,Control10,Control12,Control13,Control16,Control17
105375622,400618,574414,574029;Control1,Control2,Control3,Control4,Control5,Control6,Control7,Control9,Control10,Control11,Control12,Control13,Control15,Control16
105375622,647946,171019,8424;Control1,Control2,Control3,Control4,Control5,Control6,Control7,Control8,Control9,Control11,Control12,Control13,Control15,Control17
105375622,1630,171019,105369685;Control2,Control3,Control4,Control5,Control6,Control7,Control8,Control9,Control10,Control11,Control12,Control13,Control15,Control17
105375622,8529;Control1,Control2,Control3,Control4,Control5,Control6,Control7,Control8,Control9,Control10,Control12,Control13,Control15,Control17
105375622,110806280,574029;Control1,Control2,Control3,Control4,Control5,Control6,Control8,Control9,Control10,Control11,Control12,Control13,Control15,Control16
105375622,8471,574414,101927750;Control1,Control2,Control4,Control5,Control6,Control7,Control8,Control9,Control11,Control12,Control13,Control15,Control16,Control17
245972,554202,51361,100996301,81849,100505994,23286,340273,158228,143662,6495,100506411,654499,970,101927355,107985492,54101;Control1,Control2,Control3,Control4,Control5,Control6,Control8,Control9,Control10,Control11,Control12,Control13,Control16,Control17
245972,253650,51361,100996301,81849,23286,340273,100289137,158228,112268037,143662,6495,100506411,654499,970,101927355,54101;Control1,Control2,Control3,Control4,Control5,Control6,Control7,Control8,Control9,Control11,Control12,Control13,Control15,Control16,Control17
245972,9355,51361,100996301,81849,23286,340273,158228,143662,6495,100506411,654499,970,101927355,54101;Control1,Control2,Control3,Control4,Control5,Control6,Control8,Control9,Control10,Control11,Control12,Control13,Control15,Control17
245972,101101772,51361,100996301,81849,100505994,340273,105375690,253650,158228,143662,100506411,654499,101927355,107985492,54101;Control1,Control2,Control3,Control4,Control5,Control6,Control7,Control8,Control9,Control10,Control11,Control12,Control13,Control17
245972,4004,105371152;Control1,Control2,Control3,Control6,Control7,Control8,Control9,Control10,Control11,Control12,Control13,Control15,Control16,Control17
245972,79056,51361,100996301,23286,340273,100289137,253650,158228,143662,6495,100506411,654499,970,101927355,54101;Control1,Control2,Control3,Control4,Control5,Control6,Control7,Control8,Control9,Control11,Control12,Control13,Control15,Control16,Control17
245972,100292680;Control1,Control2,Control3,Control4,Control5,Control8,Control9,Control10,Control11,Control12,Control13,Control15,Control16,Control17
245972,4257;Control1,Control2,Control3,Control4,Control5,Control6,Control7,Control8,Control9,Control10,Control11,Control12,Control13,Control15,Control16
245972,10993,51361,105375690,100506411,654499,970;Control1,Control2,Control3,Control4,Control5,Control6,Control7,Control8,Control9,Control10,Control11,Control13,Control16,Control17
245972,5100,107985436;Control1,Control2,Control3,Control5,Control6,Control7,Control8,Control9,Control11,Control12,Control13,Control15,Control16,Control17
245972,7546,51361,81849,340273,158228,143662,100506411,654499,970,101927355,54101;Control2,Control3,Control4,Control5,Control6,Control7,Control8,Control9,Control10,Control11,Control12,Control13,Control15,Control16,Control17
245972,366,51361,340273,158228,143662,7546,100506411,654499,970,101927355,54101;Control2,Control3,Control4,Control5,Control6,Control7,Control8,Control9,Control10,Control11,Control12,Control13,Control15,Control16,Control17
245972,102606463,81849,101927355,54101;Control2,Control4,Control5,Control6,Control7,Control8,Control9,Control10,Control11,Control12,Control13,Control15,Control16,Control17
245972,9388,81849,253650,112268037,101927355,2277;Control1,Control2,Control3,Control4,Control6,Control7,Control8,Control9,Control11,Control12,Control13,Control15,Control16,Control17
105375674,105375690,100996301,101101772,107985492;Control1,Control2,Control3,Control4,Control5,Control6,Control7,Control8,Control9,Control10,Control11,Control12,Control15,Control17
105375674,51198;Control1,Control2,Control3,Control4,Control5,Control6,Control7,Control8,Control9,Control10,Control11,Control12,Control13,Control15,Control16,Control17
105375674,253650,100996301,23286,100506411,101927355,107985492;Control1,Control2,Control3,Control4,Control5,Control6,Control7,Control8,Control9,Control10,Control11,Control15,Control16,Control17
105375674,112268037,100996301,23286,253650,9388,101927355,107985492;Control1,Control2,Control3,Control4,Control5,Control6,Control8,Control9,Control10,Control11,Control12,Control15,Control16,Control17
105375674,9355,23286,253650,112268037,9388,101927355;Control1,Control2,Control3,Control4,Control5,Control6,Control8,Control9,Control10,Control11,Control12,Control15,Control16,Control17
105375674,101101772,100996301,101927355,107985492;Control1,Control2,Control3,Control4,Control5,Control6,Control7,Control8,Control9,Control10,Control11,Control12,Control15,Control16,Control17
105375674,102724784,6273,3754,105375027,101927760,338667,105371050,107985627;Control1,Control2,Control3,Control5,Control6,Control7,Control8,Control9,Control10,Control12,Control13,Control15,Control16,Control17
105375674,338797,6273,105375027,101927760,338667,105371050;Control1,Control2,Control3,Control5,Control6,Control7,Control8,Control9,Control10,Control11,Control12,Control13,Control15,Control16,Control17
105375674,50614;Control1,Control2,Control3,Control5,Control6,Control7,Control8,Control10,Control11,Control12,Control13,Control15,Control16,Control17
105375674,2835;Control2,Control3,Control4,Control5,Control6,Control7,Control8,Control9,Control10,Control11,Control12,Control13,Control15,Control16,Control17
105375674,103689845,6273,3754,105375027,338667;Control1,Control2,Control3,Control5,Control6,Control7,Control8,Control9,Control10,Control11,Control12,Control13,Control16,Control17
105375674,100506411,51361,100996301,100505994,23286,340273,158228,654499,101927355,107985492,54101;Control1,Control2,Control3,Control4,Control5,Control6,Control7,Control8,Control9,Control10,Control11,Control12,Control16,Control17
105375674,105371050;Control1,Control2,Control3,Control4,Control5,Control6,Control7,Control8,Control9,Control10,Control11,Control12,Control13,Control15,Control16,Control17
105375674,53820,6273,8352,8355,101927760,338667;Control1,Control2,Control3,Control5,Control7,Control8,Control9,Control10,Control11,Control12,Control13,Control15,Control16,Control17
105375674,111216286,6273,8355,105375027,101927760,338667,53820;Control1,Control2,Control3,Control5,Control7,Control8,Control9,Control10,Control11,Control12,Control13,Control15,Control16,Control17
105375690,554202,731220,100505994,646024,105376041,3229,55655,107985492;Control1,Control2,Control3,Control5,Control6,Control8,Control9,Control10,Control11,Control12,Control13,Control15,Control16,Control17
105375690,338376,100505994;Control2,Control3,Control4,Control5,Control6,Control8,Control9,Control10,Control11,Control12,Control13,Control15,Control16,Control17
105375690,101101772,100996301,107985492;Control1,Control2,Control3,Control4,Control5,Control6,Control7,Control8,Control9,Control10,Control11,Control12,Control13,Control15,Control17
105375690,4973,285987,1749,4004,5653,5650,729442;Control1,Control2,Control3,Control5,Control6,Control7,Control8,Control9,Control10,Control11,Control12,Control13,Control16,Control17
105375690,3227,2019,101927687,285987,5653,729442;Control1,Control2,Control3,Control5,Control6,Control7,Control8,Control9,Control10,Control11,Control12,Control13,Control16,Control17
105375690,10993,107985492;Control1,Control2,Control3,Control4,Control5,Control6,Control7,Control8,Control9,Control10,Control11,Control13,Control15,Control16,Control17
105375690,5101,100505994,554202;Control1,Control2,Control3,Control4,Control5,Control6,Control8,Control9,Control11,Control12,Control13,Control15,Control16,Control17
105375690,7546,51361,100996301,81849,100505994,23286,340273,245972,158228,143662,100506411,654499,366,970,101927355,107985492,54101;Control2,Control3,Control4,Control5,Control6,Control7,Control8,Control9,Control10,Control11,Control12,Control13,Control16,Control17
105375690,9956,731220,100505994,646024,105376041,3229,55655,107985492;Control1,Control2,Control3,Control5,Control6,Control7,Control9,Control10,Control11,Control12,Control13,Control15,Control16,Control17
105375690,6362,100505994;Control1,Control2,Control4,Control5,Control6,Control7,Control8,Control9,Control10,Control11,Control12,Control13,Control15,Control17
105375690,105371927;Control1,Control3,Control4,Control5,Control6,Control7,Control8,Control9,Control10,Control11,Control12,Control13,Control16,Control17
105375690,9388,100996301,107985492;Control1,Control2,Control3,Control4,Control5,Control6,Control8,Control9,Control10,Control11,Control12,Control13,Control15,Control16,Control17
105375690,354,58,2019,134285,389336,285987,1749,4004,3502,145873,5653,5650,28809,729442;Control1,Control2,Control3,Control5,Control6,Control7,Control8,Control9,Control10,Control11,Control12,Control13,Control16,Control17
105375690,25818,58,2019,1295,134285,389336,285987,4004,145873,5653,5650,28809,729442;Control1,Control2,Control3,Control5,Control6,Control7,Control8,Control9,Control10,Control11,Control12,Control13,Control16,Control17
105375690,57167,100505994,80329,7477;Control1,Control2,Control3,Control4,Control5,Control6,Control7,Control8,Control9,Control11,Control13,Control15,Control16,Control17
105375690,3053,100996301,100505994,646024,105376041,55655,107985492;Control1,Control2,Control3,Control5,Control6,Control7,Control8,Control9,Control11,Control12,Control13,Control15,Control16,Control17
107986990,102724784,107985627;Control1,Control2,Control3,Control4,Control5,Control6,Control7,Control9,Control10,Control11,Control12,Control13,Control15,Control16,Control17
107986990,8424,171019,105369685;Control1,Control2,Control3,Control4,Control5,Control6,Control7,Control8,Control9,Control10,Control11,Control12,Control15,Control16,Control17
107986990,103689845,102724784,107985627;Control1,Control2,Control3,Control4,Control5,Control6,Control7,Control9,Control10,Control11,Control12,Control13,Control16,Control17
107986990,647946,477,171019,105369685;Control1,Control2,Control3,Control4,Control5,Control6,Control7,Control8,Control9,Control11,Control12,Control15,Control16,Control17
107986990,1630,171019;Control1,Control2,Control3,Control4,Control5,Control6,Control7,Control8,Control9,Control10,Control12,Control13,Control15,Control16,Control17
107986990,8529;Control2,Control3,Control4,Control5,Control6,Control7,Control8,Control9,Control10,Control11,Control12,Control13,Control15,Control16,Control17
107986990,111216286;Control1,Control2,Control3,Control4,Control5,Control6,Control7,Control9,Control10,Control11,Control12,Control13,Control15,Control16,Control17
554202,105376042,860,9355,103695435,7681;Control1,Control2,Control3,Control5,Control6,Control7,Control8,Control9,Control10,Control11,Control12,Control13,Control16,Control17
554202,112268037,51361,100996301,81849,100505994,23286,340273,100289137,253650,158228,143662,6495,100506411,654499,9388,970,101927355,107985492,54101,2277;Control1,Control2,Control3,Control4,Control5,Control6,Control8,Control9,Control10,Control11,Control12,Control13,Control16,Control17
554202,3229,731220,646024,105376041,55655;Control1,Control2,Control3,Control4,Control5,Control6,Control8,Control9,Control10,Control11,Control12,Control13,Control15,Control16,Control17
554202,8549,5101;Control1,Control2,Control3,Control4,Control5,Control6,Control7,Control8,Control9,Control10,Control11,Control12,Control15,Control16,Control17
554202,387895,105377508,646024,105376041,3229;Control1,Control2,Control3,Control4,Control5,Control6,Control8,Control9,Control10,Control11,Control12,Control13,Control15,Control16,Control17
554202,122042,5101;Control1,Control2,Control3,Control5,Control6,Control7,Control8,Control9,Control10,Control11,Control12,Control13,Control15,Control16,Control17
554202,103689845,731220,100505994,646024,105376041,5101;Control1,Control2,Control3,Control4,Control5,Control6,Control8,Control9,Control10,Control11,Control12,Control15,Control16,Control17
554202,5100;Control1,Control2,Control3,Control4,Control6,Control7,Control8,Control9,Control10,Control11,Control12,Control13,Control15,Control16,Control17
554202,5101;Control1,Control2,Control3,Control4,Control5,Control6,Control7,Control8,Control9,Control10,Control11,Control12,Control13,Control15,Control16,Control17
554202,5083;Control1,Control2,Control3,Control4,Control5,Control6,Control7,Control8,Control10,Control11,Control12,Control13,Control16,Control17
554202,7681,860,9355;Control1,Control2,Control3,Control4,Control5,Control6,Control7,Control8,Control9,Control10,Control11,Control12,Control13,Control16,Control17
554202,84419;Control1,Control2,Control3,Control4,Control5,Control6,Control7,Control8,Control9,Control11,Control12,Control13,Control15,Control17
554202,100126311,1301;Control1,Control2,Control3,Control4,Control5,Control6,Control7,Control8,Control9,Control11,Control12,Control13,Control15,Control17
554202,9956,100505994;Control1,Control2,Control3,Control4,Control5,Control6,Control8,Control9,Control10,Control11,Control12,Control13,Control15,Control16,Control17
554202,79191,7477;Control1,Control2,Control3,Control4,Control5,Control6,Control7,Control8,Control9,Control11,Control13,Control15,Control16,Control17
554202,6362,100505994,80329,387895;Control1,Control2,Control4,Control5,Control6,Control8,Control9,Control10,Control11,Control12,Control13,Control15,Control16,Control17
554202,101060400,860,9355,7681;Control1,Control2,Control3,Control4,Control5,Control6,Control7,Control8,Control10,Control11,Control12,Control13,Control16,Control17
554202,115701,105377508,389336,646024,105376041,3229,387895,55655;Control1,Control2,Control3,Control4,Control5,Control6,Control8,Control9,Control11,Control12,Control13,Control15,Control16,Control17
554202,4318,168002,109729184;Control1,Control2,Control3,Control4,Control5,Control6,Control7,Control8,Control9,Control10,Control11,Control13,Control15,Control16,Control17
554202,107985436,860,9355,5100,7681;Control1,Control2,Control3,Control4,Control6,Control7,Control8,Control9,Control10,Control11,Control12,Control13,Control16,Control17
554202,57167,731220,100505994,860,5101;Control1,Control2,Control3,Control4,Control5,Control6,Control8,Control9,Control10,Control11,Control13,Control15,Control16,Control17
554202,23562,338376,5101;Control2,Control3,Control4,Control5,Control6,Control7,Control8,Control9,Control11,Control12,Control13,Control15,Control16,Control17
554202,3053,646024,105376041,3229,387895;Control1,Control2,Control3,Control4,Control5,Control6,Control8,Control9,Control10,Control11,Control12,Control13,Control15,Control16,Control17
554202,7477,100505994;Control1,Control2,Control3,Control4,Control5,Control6,Control7,Control8,Control9,Control10,Control11,Control13,Control15,Control16,Control17
338376,112268037,9388,2277;Control2,Control3,Control4,Control5,Control6,Control7,Control8,Control9,Control10,Control11,Control12,Control13,Control16,Control17
338376,9355,79100,554202,5101;Control2,Control3,Control4,Control5,Control6,Control7,Control8,Control9,Control10,Control11,Control12,Control13,Control16,Control17
338376,3229,731220,646024,554202,105376041,55655;Control2,Control3,Control4,Control5,Control6,Control8,Control9,Control10,Control11,Control12,Control13,Control15,Control16,Control17
338376,3227,55655;Control1,Control2,Control3,Control4,Control5,Control6,Control7,Control8,Control9,Control12,Control13,Control15,Control16,Control17
338376,387895,105377508,646024,554202,105376041,3229,55655,3053;Control2,Control3,Control4,Control5,Control6,Control8,Control9,Control10,Control11,Control12,Control13,Control15,Control16,Control17
338376,5101,554202;Control2,Control3,Control4,Control5,Control6,Control7,Control8,Control9,Control10,Control11,Control12,Control13,Control15,Control16,Control17
338376,7546,102606463;Control1,Control2,Control3,Control4,Control5,Control6,Control7,Control8,Control9,Control10,Control11,Control12,Control13,Control16,Control17
338376,387978,731220,100505994,646024,105376041;Control2,Control3,Control4,Control5,Control6,Control7,Control8,Control10,Control11,Control12,Control13,Control15,Control16,Control17
338376,9956,731220,100505994,646024,105376041;Control2,Control3,Control4,Control5,Control6,Control7,Control9,Control10,Control11,Control12,Control13,Control15,Control16,Control17
338376,100506655,3627,102606463,23532;Control1,Control2,Control3,Control4,Control5,Control6,Control7,Control8,Control10,Control11,Control12,Control13,Control16,Control17
338376,339256,102606463;Control1,Control2,Control3,Control4,Control5,Control6,Control7,Control8,Control9,Control11,Control12,Control13,Control16,Control17
338376,6860;Control1,Control2,Control3,Control4,Control6,Control7,Control8,Control9,Control10,Control11,Control12,Control13,Control15,Control17
338376,100533990,5798,100505994,646024,554202,105376041,344;Control2,Control3,Control4,Control5,Control6,Control7,Control8,Control9,Control10,Control11,Control13,Control15,Control16,Control17
338376,55655,731220,646024,105376041;Control2,Control3,Control4,Control5,Control6,Control7,Control8,Control9,Control10,Control11,Control12,Control13,Control15,Control16,Control17
338376,4318,168002,554202,109729184;Control2,Control3,Control4,Control5,Control6,Control7,Control8,Control9,Control10,Control11,Control13,Control15,Control16,Control17
338376,101927355;Control1,Control2,Control5,Control6,Control7,Control8,Control9,Control10,Control11,Control12,Control13,Control15,Control16,Control17
338376,57167,731220,100505994;Control2,Control3,Control4,Control5,Control6,Control7,Control8,Control9,Control10,Control11,Control13,Control15,Control16,Control17
338376,23562;Control1,Control2,Control3,Control4,Control5,Control6,Control7,Control8,Control9,Control11,Control12,Control13,Control15,Control16,Control17
338376,107985492,731220,100505994,646024,105376041,3229,55655;Control2,Control3,Control5,Control6,Control7,Control8,Control9,Control10,Control11,Control12,Control13,Control15,Control16,Control17
338376,107985513,102606463;Control1,Control2,Control3,Control4,Control6,Control7,Control8,Control9,Control10,Control11,Control12,Control13,Control16,Control17
338376,3053,731220,100505994,646024,554202,105376041;Control2,Control3,Control4,Control6,Control7,Control8,Control9,Control10,Control11,Control12,Control13,Control15,Control16,Control17
338376,7477,100505994,554202;Control2,Control3,Control4,Control5,Control6,Control7,Control8,Control9,Control10,Control11,Control13,Control15,Control16,Control17
51198,105371050,105375674;Control1,Control2,Control3,Control5,Control6,Control7,Control9,Control10,Control11,Control12,Control13,Control15,Control16,Control17
1029,81624;Control1,Control2,Control3,Control4,Control5,Control6,Control7,Control8,Control9,Control10,Control11,Control12,Control15,Control16,Control17
1029,91828;Control1,Control2,Control3,Control4,Control5,Control6,Control7,Control8,Control9,Control10,Control11,Control12,Control15,Control16
1029,9955;Control1,Control2,Control3,Control4,Control5,Control6,Control7,Control8,Control9,Control11,Control12,Control15,Control16,Control17
1029,3881,6690;Control1,Control3,Control4,Control5,Control6,Control7,Control8,Control9,Control10,Control11,Control12,Control13,Control16,Control17
1029,105371927,2328;Control1,Control2,Control3,Control4,Control5,Control6,Control7,Control8,Control9,Control10,Control11,Control12,Control16,Control17
1029,115701,27237;Control1,Control2,Control3,Control4,Control5,Control6,Control7,Control8,Control9,Control10,Control11,Control12,Control16,Control17
1029,101929707,2328;Control1,Control2,Control3,Control4,Control5,Control6,Control7,Control8,Control9,Control10,Control11,Control12,Control16,Control17
1029,51512,100507584;Control1,Control2,Control3,Control4,Control5,Control6,Control7,Control8,Control9,Control11,Control12,Control13,Control16,Control17
100048912,347252;Control1,Control2,Control3,Control4,Control5,Control6,Control7,Control8,Control9,Control10,Control11,Control12,Control15,Control16,Control17
100048912,89958,10024,4605;Control1,Control2,Control3,Control4,Control5,Control6,Control7,Control8,Control10,Control11,Control13,Control15,Control16,Control17
100048912,10024;Control1,Control2,Control3,Control4,Control5,Control6,Control7,Control8,Control9,Control10,Control11,Control12,Control13,Control15,Control16,Control17
100048912,3229,4496;Control1,Control2,Control3,Control4,Control5,Control6,Control7,Control8,Control9,Control10,Control12,Control13,Control15,Control16
100048912,100126311,347252;Control1,Control2,Control3,Control4,Control5,Control6,Control7,Control8,Control9,Control11,Control12,Control13,Control15,Control16
100048912,79801,10024;Control1,Control3,Control4,Control5,Control6,Control7,Control8,Control10,Control11,Control12,Control13,Control15,Control16,Control17
100048912,4496;Control1,Control2,Control3,Control4,Control5,Control6,Control7,Control8,Control9,Control10,Control12,Control13,Control15,Control16,Control17
100048912,1995,101928658;Control1,Control2,Control3,Control4,Control5,Control7,Control8,Control9,Control10,Control11,Control13,Control15,Control16,Control17
364,113218482;Control1,Control2,Control3,Control4,Control5,Control6,Control7,Control8,Control9,Control10,Control11,Control12,Control13,Control15,Control16,Control17
364,7681,5865,1047,166979,219527,4544,116173,594855,105370953,6345,107985436;Control1,Control2,Control3,Control4,Control5,Control8,Control9,Control10,Control11,Control12,Control13,Control15,Control16,Control17
364,594855;Control1,Control2,Control3,Control4,Control5,Control6,Control7,Control8,Control9,Control10,Control11,Control12,Control13,Control15,Control16,Control17
364,105370953,594855;Control1,Control2,Control3,Control4,Control5,Control6,Control8,Control9,Control10,Control11,Control12,Control13,Control15,Control16,Control17
364,284240,56896,3856,113218482,594855;Control1,Control2,Control3,Control4,Control6,Control7,Control8,Control9,Control10,Control11,Control12,Control13,Control15,Control16,Control17
364,89858;Control1,Control2,Control3,Control4,Control6,Control7,Control8,Control9,Control10,Control11,Control12,Control13,Control15,Control16
364,5008,594855;Control1,Control3,Control4,Control6,Control7,Control8,Control9,Control10,Control11,Control12,Control13,Control15,Control16,Control17
364,51512,27178,646951,285643;Control1,Control2,Control3,Control4,Control7,Control8,Control9,Control10,Control11,Control12,Control13,Control15,Control16,Control17
364,9758,56896,1750,3856,113218482,594855;Control1,Control2,Control4,Control6,Control7,Control8,Control9,Control10,Control11,Control12,Control13,Control15,Control16,Control17
9833,11130,23397,699;Control1,Control2,Control3,Control4,Control5,Control6,Control7,Control8,Control9,Control10,Control12,Control13,Control15,Control16,Control17
9833,3832,4751,6241,3161,54443,55872,983,55165,9824,51203,100507118,7153;Control1,Control2,Control3,Control4,Control5,Control6,Control7,Control8,Control9,Control10,Control12,Control13,Control15,Control16
9833,4288,6241,221150,220134;Control1,Control3,Control4,Control5,Control6,Control7,Control9,Control10,Control11,Control12,Control13,Control15,Control16,Control17
9833,221150,1063,6241,699,3161,55872,55165,9787,51203,100507118,29128,24137;Control1,Control2,Control3,Control5,Control6,Control7,Control8,Control9,Control10,Control11,Control12,Control13,Control15,Control16,Control17
9833,81624,54443,100507118;Control1,Control2,Control3,Control5,Control6,Control7,Control8,Control9,Control11,Control12,Control13,Control15,Control16,Control17
9833,1033,79801;Control1,Control2,Control4,Control5,Control6,Control7,Control8,Control9,Control11,Control12,Control13,Control15,Control16,Control17
9833,9787,6241,3161,55872,55165,51203,100507118,79801,29128;Control1,Control2,Control3,Control4,Control5,Control6,Control7,Control8,Control9,Control10,Control11,Control12,Control13,Control15,Control16,Control17
9833,100288637,4751,23397,3161,55872,983,7153,29128;Control1,Control2,Control3,Control4,Control5,Control6,Control7,Control8,Control9,Control10,Control11,Control12,Control13,Control15,Control16
9833,9824,23397,3161,54443,983,55165,51203,29128;Control1,Control2,Control4,Control5,Control6,Control7,Control8,Control9,Control10,Control11,Control12,Control13,Control15,Control16,Control17
9833,9768,23397,64151,3161,55872,51203,29128;Control1,Control3,Control4,Control5,Control6,Control7,Control8,Control9,Control10,Control11,Control12,Control15,Control16,Control17
9833,9493,3161,54443,55872,983,55165,9824,51203,9055;Control1,Control2,Control4,Control5,Control6,Control7,Control8,Control9,Control10,Control11,Control12,Control13,Control15,Control16,Control17
9833,107985017,3833,146909;Control1,Control2,Control3,Control5,Control6,Control7,Control9,Control10,Control11,Control12,Control13,Control15,Control16,Control17
9833,9212,128239,6241,9787,100507118,22974,24137;Control1,Control3,Control5,Control6,Control7,Control8,Control9,Control10,Control11,Control12,Control13,Control15,Control16,Control17
9833,10615,6241,57405,4288,9787,79801,332,220134;Control1,Control3,Control4,Control5,Control6,Control7,Control8,Control9,Control10,Control11,Control12,Control15,Control16,Control17
9833,201299,3161,221150,100507118;Control1,Control2,Control3,Control4,Control5,Control7,Control8,Control9,Control10,Control12,Control13,Control15,Control16,Control17
9833,7153,4751,6241,3161,54443,55872,983,55165,9787,51203,100507118,29128;Control1,Control2,Control3,Control4,Control5,Control6,Control7,Control8,Control9,Control10,Control11,Control12,Control13,Control15,Control16
9833,146909,1063,6241,9787,100507118,79801,332;Control1,Control2,Control3,Control4,Control5,Control6,Control7,Control8,Control9,Control10,Control11,Control12,Control15,Control16,Control17
9833,332,1063,6241,150468,55872,55165,9787,51203,100507118,79801;Control1,Control2,Control3,Control4,Control5,Control6,Control7,Control8,Control9,Control10,Control11,Control12,Control15,Control16,Control17
9833,220134,6241,3161,221150,29128;Control1,Control3,Control4,Control5,Control6,Control7,Control8,Control9,Control10,Control11,Control12,Control13,Control15,Control16,Control17
9833,55723,1063,6241,221150,9787,100507118;Control1,Control2,Control3,Control4,Control6,Control7,Control8,Control9,Control10,Control11,Control12,Control13,Control15,Control16,Control17
9833,22974,1063,6241,699,221150,9787,100507118,24137;Control1,Control2,Control3,Control5,Control6,Control7,Control8,Control9,Control10,Control11,Control12,Control13,Control15,Control16,Control17
9833,11065,1063,6241,3833,9787,146909,55723,22974;Control1,Control2,Control3,Control6,Control7,Control8,Control9,Control10,Control11,Control12,Control13,Control15,Control16,Control17
9833,6790,9787;Control1,Control2,Control4,Control5,Control6,Control7,Control8,Control9,Control11,Control12,Control13,Control15,Control16,Control17
9833,9582,221150;Control1,Control3,Control4,Control5,Control6,Control7,Control8,Control9,Control10,Control11,Control12,Control13,Control15,Control16,Control17
347252,101101772,4496;Control1,Control2,Control3,Control5,Control6,Control7,Control8,Control9,Control10,Control12,Control13,Control15,Control16,Control17
347252,3229,387895,4496;Control1,Control2,Control3,Control4,Control6,Control7,Control8,Control9,Control10,Control12,Control13,Control15,Control16,Control17
347252,100126311;Control1,Control2,Control3,Control4,Control5,Control6,Control7,Control8,Control9,Control11,Control12,Control13,Control15,Control16,Control17
347252,27091;Control1,Control2,Control3,Control4,Control5,Control6,Control7,Control9,Control10,Control11,Control12,Control13,Control15,Control16,Control17
347252,1995,101928658;Control1,Control2,Control3,Control4,Control5,Control7,Control8,Control9,Control10,Control11,Control13,Control15,Control16,Control17
105376042,9355,7681;Control1,Control2,Control3,Control4,Control5,Control6,Control7,Control8,Control9,Control10,Control11,Control12,Control13,Control15,Control16,Control17
105376042,103695435,7681;Control1,Control2,Control3,Control4,Control5,Control6,Control7,Control8,Control9,Control10,Control11,Control12,Control13,Control15,Control16,Control17
105376042,8549,79100,9355,7681;Control1,Control2,Control3,Control4,Control5,Control6,Control7,Control8,Control9,Control10,Control11,Control12,Control16,Control17
105376042,5100,860,7681,107985436;Control2,Control3,Control4,Control6,Control7,Control8,Control9,Control10,Control11,Control12,Control13,Control15,Control16,Control17
105376042,7546,4283,366,339256,147741;Control1,Control2,Control3,Control5,Control6,Control8,Control9,Control10,Control11,Control12,Control13,Control15,Control16,Control17
105376042,5083,57624;Control1,Control2,Control4,Control5,Control6,Control7,Control8,Control10,Control11,Control12,Control13,Control15,Control16,Control17
105376042,101929690,4283,147741;Control1,Control2,Control4,Control5,Control6,Control8,Control9,Control10,Control11,Control12,Control13,Control15,Control16,Control17
105376042,105370953,9355,7681,107985436;Control1,Control2,Control3,Control4,Control7,Control8,Control9,Control10,Control11,Control12,Control13,Control15,Control16,Control17
105376042,6345,147741;Control1,Control2,Control3,Control4,Control6,Control8,Control9,Control10,Control11,Control12,Control13,Control15,Control16,Control17
105376042,105371152,9355,7681,107985436;Control1,Control2,Control3,Control4,Control6,Control7,Control8,Control9,Control11,Control12,Control13,Control15,Control16,Control17
105376042,339256,4283,102606463,147741;Control1,Control2,Control3,Control4,Control5,Control6,Control8,Control9,Control10,Control11,Control12,Control13,Control15,Control16,Control17
105376042,101060400,9355,7681;Control1,Control2,Control3,Control4,Control5,Control6,Control7,Control8,Control10,Control11,Control12,Control13,Control15,Control16,Control17
105376042,6860,147741,107985513;Control1,Control2,Control3,Control4,Control6,Control8,Control9,Control10,Control11,Control12,Control13,Control15,Control16,Control17
105376042,110806280,6332,9355,7681;Control1,Control2,Control3,Control4,Control5,Control6,Control7,Control8,Control9,Control10,Control11,Control12,Control13,Control15
105376042,4318,860,9355,122042,7681;Control1,Control2,Control3,Control4,Control5,Control6,Control7,Control8,Control9,Control10,Control11,Control13,Control16,Control17
105376042,107985436,9355,7681;Control1,Control2,Control3,Control4,Control6,Control7,Control8,Control9,Control10,Control11,Control12,Control13,Control15,Control16,Control17
105376042,107985513,4283,102606463,147741;Control1,Control2,Control3,Control4,Control6,Control8,Control9,Control10,Control11,Control12,Control13,Control15,Control16,Control17
105376042,9758,9355,7681;Control1,Control2,Control4,Control5,Control7,Control8,Control9,Control10,Control11,Control12,Control13,Control15,Control16,Control17
105376042,2277,9355;Control1,Control2,Control3,Control5,Control6,Control7,Control8,Control9,Control10,Control11,Control12,Control13,Control15,Control16,Control17
100289137,102724784,53836,1813,107985627;Control1,Control2,Control3,Control5,Control6,Control7,Control8,Control9,Control10,Control11,Control12,Control15,Control16,Control17
100289137,84649;Control1,Control2,Control3,Control6,Control7,Control8,Control9,Control10,Control11,Control12,Control13,Control15,Control16,Control17
100289137,100292680;Control1,Control2,Control3,Control4,Control7,Control8,Control9,Control10,Control11,Control12,Control13,Control15,Control16,Control17
100289137,10942,53836;Control1,Control2,Control3,Control5,Control6,Control7,Control8,Control10,Control11,Control12,Control13,Control15,Control16,Control17
100289137,105371737,53836,1813;Control1,Control2,Control3,Control5,Control6,Control7,Control8,Control9,Control10,Control11,Control13,Control15,Control16,Control17
100289137,10642;Control1,Control2,Control3,Control5,Control6,Control7,Control8,Control9,Control10,Control11,Control12,Control15,Control16,Control17
100289137,107985627,151760,53836;Control1,Control2,Control3,Control5,Control6,Control7,Control8,Control9,Control10,Control11,Control12,Control15,Control16,Control17
253650,4973;Control1,Control2,Control3,Control5,Control6,Control7,Control8,Control9,Control11,Control12,Control13,Control15,Control16,Control17
253650,10993;Control1,Control2,Control3,Control4,Control5,Control6,Control7,Control8,Control9,Control10,Control11,Control12,Control13,Control15,Control16,Control17
253650,2835,51361,100996301,81849,23286,340273,100289137,158228,112268037,143662,7546,6495,100506411,654499,101927355,107985492,54101;Control2,Control3,Control4,Control5,Control6,Control7,Control8,Control9,Control10,Control11,Control12,Control15,Control16,Control17
253650,7546,51361,100996301,81849,23286,340273,100289137,158228,112268037,143662,6495,100506411,654499,101927355,107985492,54101;Control2,Control3,Control4,Control5,Control6,Control7,Control8,Control9,Control10,Control11,Control12,Control13,Control15,Control16,Control17
253650,161291,51361,100996301,10309,57451,23286,340273,100289137,158228,143662,79056,6495,100506411,654499,970,101927355,54101;Control1,Control2,Control4,Control5,Control6,Control7,Control8,Control9,Control11,Control12,Control13,Control15,Control16,Control17
253650,366,51361,23286,340273,100289137,158228,143662,7546,6495,100506411,654499,970,101927355,54101,2277;Control2,Control3,Control4,Control5,Control6,Control7,Control8,Control9,Control10,Control11,Control12,Control13,Control15,Control16,Control17
253650,4318,5798,344,109729184,57167,7477;Control1,Control2,Control3,Control5,Control6,Control7,Control8,Control9,Control10,Control11,Control12,Control13,Control15,Control17
253650,109729184,5798,100533990,344,57167,7477;Control1,Control2,Control3,Control5,Control6,Control7,Control8,Control9,Control10,Control11,Control12,Control13,Control15,Control17
253650,7477,374946,4496,57167;Control1,Control2,Control3,Control5,Control6,Control7,Control8,Control9,Control10,Control11,Control13,Control15,Control16,Control17
112268037,101101772,100996301,81849,253650,9355,9388,101927355;Control1,Control2,Control3,Control4,Control6,Control8,Control9,Control10,Control11,Control12,Control13,Control15,Control16,Control17
112268037,79056,51361,100996301,105374166,23286,340273,100289137,253650,158228,143662,6495,100506411,654499,970,101927355,54101,2277;Control1,Control2,Control3,Control4,Control5,Control6,Control8,Control9,Control10,Control11,Control12,Control13,Control15,Control16,Control17
112268037,219970,860,9388;Control1,Control2,Control3,Control5,Control6,Control7,Control8,Control9,Control10,Control11,Control12,Control13,Control15,Control16,Control17
112268037,10993,253650,9388;Control1,Control2,Control3,Control4,Control5,Control6,Control7,Control8,Control9,Control10,Control11,Control13,Control15,Control16,Control17
112268037,122042,860,100652791,9388;Control1,Control2,Control3,Control5,Control6,Control7,Control8,Control9,Control11,Control12,Control13,Control15,Control16,Control17
112268037,5100,860,9388;Control1,Control2,Control3,Control6,Control7,Control8,Control9,Control10,Control11,Control12,Control13,Control15,Control16,Control17
112268037,161291,51361,100996301,10309,23286,340273,245972,100289137,253650,158228,143662,6495,100506411,654499,970,101927355,54101;Control1,Control2,Control4,Control5,Control6,Control7,Control8,Control9,Control11,Control12,Control13,Control15,Control16,Control17
112268037,105370924,9388,2277;Control1,Control3,Control4,Control5,Control6,Control7,Control8,Control9,Control10,Control11,Control12,Control13,Control15,Control17
112268037,22974,9388;Control1,Control2,Control3,Control4,Control5,Control6,Control8,Control9,Control10,Control11,Control12,Control13,Control15,Control16
9355,101101772,51361,100996301,81849,100505994,340273,253650,158228,112268037,654499,9388,101927355,107985492,54101;Control1,Control2,Control3,Control4,Control5,Control6,Control8,Control9,Control10,Control11,Control12,Control13,Control16,Control17
9355,103695435,105376042,7681;Control1,Control2,Control3,Control5,Control6,Control7,Control8,Control9,Control10,Control11,Control12,Control13,Control15,Control16,Control17
9355,79056,51361,100996301,105374166,23286,340273,100289137,253650,158228,112268037,143662,6495,100506411,654499,9388,101927355,107985492,54101,2277;Control1,Control2,Control3,Control4,Control5,Control6,Control8,Control9,Control10,Control11,Control12,Control13,Control15,Control17
9355,219970,112268037;Control1,Control2,Control3,Control5,Control6,Control7,Control8,Control9,Control10,Control11,Control12,Control13,Control16,Control17
9355,10993,253650,112268037,100506411,9388;Control1,Control2,Control3,Control4,Control5,Control6,Control8,Control9,Control10,Control11,Control13,Control15,Control16,Control17
9355,7546,51361,105374166,23286,340273,100289137,253650,158228,112268037,143662,6495,100506411,654499,101927355,54101,2277;Control2,Control3,Control4,Control5,Control6,Control8,Control9,Control10,Control11,Control12,Control13,Control15,Control16,Control17
9355,5083,7681,101060400;Control1,Control2,Control3,Control4,Control5,Control6,Control7,Control8,Control10,Control11,Control12,Control13,Control15,Control17
9355,366,51361,23286,340273,100289137,253650,158228,112268037,143662,7546,6495,100506411,654499,101927355,54101,2277;Control2,Control3,Control4,Control5,Control6,Control8,Control9,Control10,Control11,Control12,Control13,Control15,Control16,Control17
9355,105371152,941,7681,107985436;Control1,Control2,Control3,Control4,Control6,Control7,Control8,Control9,Control11,Control12,Control13,Control15,Control16,Control17
9355,970,51361,105374166,23286,340273,100289137,253650,158228,112268037,143662,6495,100506411,654499,101927355,54101,2277;Control1,Control2,Control3,Control4,Control5,Control6,Control8,Control9,Control10,Control11,Control12,Control13,Control15,Control16,Control17
29991,143662,89886,168002,105378305,79191;Control1,Control2,Control3,Control5,Control7,Control8,Control9,Control10,Control11,Control12,Control13,Control15,Control16,Control17
29991,6768,28946,285987,3502,28809,729442;Control1,Control2,Control3,Control4,Control5,Control6,Control7,Control8,Control9,Control10,Control11,Control15,Control16,Control17
29991,105371275,89886,105378305,79191;Control2,Control3,Control4,Control5,Control6,Control7,Control8,Control10,Control11,Control12,Control13,Control15,Control16,Control17
29991,3881;Control1,Control2,Control3,Control4,Control5,Control6,Control7,Control8,Control9,Control10,Control12,Control15,Control16,Control17
29991,10481,79191;Control1,Control2,Control3,Control4,Control5,Control6,Control7,Control8,Control9,Control10,Control11,Control12,Control13,Control15,Control16,Control17
29991,100533990,89886,5798,168002,107984129,79191,1995,344;Control1,Control2,Control3,Control4,Control5,Control6,Control7,Control8,Control9,Control11,Control12,Control13,Control16,Control17
29991,344,89886,5798,168002,105378305,107984129,79191,1995;Control1,Control2,Control3,Control4,Control5,Control6,Control7,Control8,Control9,Control11,Control12,Control13,Control16,Control17
29991,354,28946,285987,4004,3502,28809,729442;Control1,Control2,Control4,Control5,Control6,Control7,Control8,Control9,Control10,Control11,Control13,Control15,Control16,Control17
29991,25818,285987,4004,3502,5653,5650,28809,729442;Control1,Control2,Control3,Control4,Control5,Control6,Control7,Control8,Control9,Control10,Control11,Control13,Control15,Control16,Control17
29991,4318,89886,168002,105378305,107984129,79191,1995,109729184;Control1,Control2,Control3,Control4,Control5,Control6,Control8,Control9,Control11,Control12,Control13,Control15,Control16,Control17
29991,349408,89886,168002,105378305,107984129,79191,1995;Control1,Control2,Control3,Control4,Control5,Control6,Control7,Control8,Control9,Control11,Control12,Control13,Control15,Control16
29991,109729169,5798,168002,105378305,79191;Control1,Control2,Control3,Control4,Control5,Control6,Control7,Control8,Control9,Control10,Control11,Control12,Control13,Control16,Control17
29991,105373150,4004,25818;Control1,Control2,Control3,Control4,Control5,Control6,Control7,Control8,Control9,Control10,Control11,Control13,Control15,Control16,Control17
89958,2834;Control1,Control2,Control3,Control4,Control5,Control6,Control7,Control8,Control9,Control10,Control11,Control12,Control15,Control17
89958,4288,991,10024;Control1,Control2,Control3,Control4,Control5,Control6,Control7,Control8,Control9,Control10,Control11,Control13,Control15,Control16,Control17
89958,2305;Control1,Control2,Control3,Control4,Control5,Control7,Control8,Control9,Control10,Control11,Control13,Control15,Control16,Control17
89958,107984129;Control1,Control2,Control3,Control4,Control5,Control6,Control7,Control8,Control9,Control10,Control12,Control13,Control16,Control17
89958,10265;Control1,Control2,Control3,Control4,Control5,Control7,Control8,Control9,Control10,Control11,Control12,Control13,Control15,Control16
89958,9212,991,146909;Control1,Control3,Control4,Control5,Control6,Control7,Control8,Control9,Control10,Control11,Control12,Control13,Control15,Control16
89958,55771,4605;Control1,Control2,Control3,Control4,Control5,Control6,Control7,Control9,Control10,Control12,Control13,Control15,Control16,Control17
89958,332,991,259266,57405,9232,113130,10615;Control1,Control3,Control4,Control5,Control6,Control7,Control8,Control9,Control10,Control11,Control13,Control15,Control16,Control17
89958,284403;Control1,Control2,Control4,Control5,Control6,Control7,Control8,Control9,Control10,Control11,Control12,Control13,Control15,Control16,Control17
89958,4605;Control1,Control2,Control3,Control4,Control5,Control6,Control7,Control8,Control9,Control10,Control11,Control12,Control13,Control15,Control16,Control17
89958,349408,26289;Control1,Control2,Control3,Control4,Control5,Control6,Control7,Control8,Control10,Control12,Control13,Control15,Control16,Control17
2625,101927760,111216286;Control2,Control3,Control4,Control5,Control6,Control7,Control8,Control10,Control11,Control12,Control13,Control15,Control16,Control17
2625,9628,111216286;Control2,Control3,Control4,Control5,Control6,Control7,Control8,Control10,Control11,Control12,Control13,Control15,Control16,Control17
2625,57082,9928,6664,55247,54443,387978;Control1,Control3,Control4,Control5,Control6,Control7,Control8,Control9,Control10,Control11,Control12,Control13,Control15,Control17
2625,147741,115362,100506827,4283,100506655,23532;Control1,Control2,Control3,Control4,Control5,Control6,Control7,Control8,Control10,Control11,Control12,Control15,Control16,Control17
55388,11130,55635,23397,699,10721,55247,100288637,7153;Control1,Control2,Control3,Control5,Control6,Control7,Control8,Control9,Control10,Control12,Control13,Control15,Control16,Control17
55388,3832,55635,23397,983,55165,7153;Control1,Control2,Control3,Control4,Control5,Control6,Control7,Control8,Control9,Control10,Control12,Control13,Control15,Control16,Control17
55388,374393;Control1,Control2,Control3,Control4,Control6,Control7,Control9,Control10,Control11,Control12,Control13,Control15,Control16,Control17
55388,105369685;Control1,Control2,Control3,Control4,Control5,Control6,Control7,Control8,Control10,Control12,Control13,Control15,Control16,Control17
55388,221150,259266,1063,64151,55165,9787,100507118,79801,29128,24137;Control1,Control2,Control3,Control4,Control5,Control6,Control7,Control9,Control10,Control12,Control13,Control15,Control16,Control17
55388,100288637,55635,23397,55247,983,7153;Control1,Control2,Control3,Control4,Control5,Control6,Control7,Control8,Control9,Control10,Control12,Control13,Control15,Control16,Control17
55388,57082,57405,64151,24137;Control1,Control2,Control3,Control4,Control5,Control6,Control7,Control8,Control9,Control10,Control12,Control13,Control15,Control17
55388,51203,259266,64151,891,55165,9787,100507118,79801,29128,24137;Control1,Control2,Control3,Control4,Control5,Control6,Control7,Control9,Control10,Control12,Control13,Control15,Control16,Control17
55388,9768;Control1,Control2,Control3,Control4,Control5,Control6,Control7,Control8,Control9,Control10,Control11,Control12,Control13,Control15,Control16,Control17
55388,100507118,259266,1063,64151,983,55165,9787,79801,29128,24137;Control1,Control2,Control3,Control4,Control5,Control6,Control7,Control9,Control10,Control12,Control13,Control15,Control16,Control17
55388,146909;Control1,Control2,Control3,Control4,Control5,Control6,Control7,Control9,Control10,Control11,Control12,Control13,Control15,Control16
55388,24137,23397,64151,3161,55165,7153,29128;Control1,Control2,Control3,Control4,Control5,Control6,Control7,Control8,Control9,Control10,Control12,Control13,Control15,Control16,Control17
283078,219527,5865,166979,4544,116173;Control1,Control2,Control4,Control5,Control6,Control7,Control8,Control9,Control11,Control12,Control13,Control15,Control16,Control17
283078,101929690,148645,3239,56203,3670,345643,5307,105375894,9312,1690,100506071,6362,106481742,9758,8471;Control2,Control3,Control4,Control5,Control6,Control7,Control8,Control9,Control10,Control11,Control12,Control13,Control15,Control16,Control17
283078,1748,646951,116173;Control1,Control2,Control4,Control5,Control6,Control7,Control8,Control9,Control11,Control12,Control13,Control15,Control16,Control17
283078,105373150,148645,3239,56203,3670,345643,5307,105375894,1690,100506071,6362,106481742,9758,8471;Control1,Control2,Control3,Control4,Control5,Control6,Control7,Control8,Control9,Control11,Control12,Control13,Control15,Control16,Control17
105378305,105369315,89886,55867;Control1,Control2,Control3,Control4,Control5,Control6,Control7,Control8,Control9,Control12,Control13,Control15,Control16,Control17
105378305,120939;Control1,Control3,Control4,Control5,Control6,Control7,Control8,Control9,Control10,Control11,Control12,Control13,Control15,Control16,Control17
105378305,3229,374946,168002,115701;Control1,Control2,Control3,Control4,Control5,Control7,Control8,Control9,Control10,Control11,Control13,Control15,Control16,Control17
105378305,10993,63898,7477;Control1,Control2,Control3,Control5,Control6,Control7,Control8,Control10,Control11,Control12,Control13,Control15,Control16,Control17
105378305,100506411,168002,79191,4318,109729184,7477;Control1,Control2,Control3,Control5,Control6,Control7,Control8,Control9,Control10,Control11,Control12,Control13,Control15,Control17
105378305,105371275,1995;Control1,Control2,Control3,Control4,Control5,Control6,Control7,Control8,Control10,Control11,Control12,Control13,Control15,Control16,Control17
105378305,100533990,89886,5798,168002,107984129,79191,1995,344;Control1,Control2,Control3,Control4,Control6,Control7,Control8,Control9,Control10,Control11,Control12,Control13,Control16,Control17
105378305,4318,168002,79191,344,109729184;Control1,Control2,Control3,Control4,Control5,Control6,Control7,Control8,Control9,Control10,Control11,Control12,Control13,Control15,Control16,Control17
105378305,57167,5798,168002,344,4318,109729184,7477;Control1,Control2,Control3,Control5,Control7,Control8,Control9,Control10,Control11,Control12,Control13,Control15,Control16,Control17
105378305,7477,89886,168002,79191,1995,109729184;Control1,Control2,Control3,Control5,Control6,Control7,Control8,Control9,Control10,Control11,Control12,Control13,Control15,Control16,Control17
11130,3832,55635,4751,23397,983,55165,7153;Control1,Control2,Control3,Control5,Control6,Control7,Control8,Control9,Control10,Control11,Control12,Control13,Control15,Control16,Control17
11130,221150,23397,699,3161,55872,9833,55165,51203,9055,100507118,7153,29128,24137;Control1,Control2,Control3,Control5,Control6,Control7,Control9,Control10,Control11,Control12,Control13,Control15,Control16,Control17
11130,9824,55635,4751,23397,55247,54443,983,55165,7153;Control1,Control2,Control5,Control6,Control7,Control8,Control9,Control10,Control11,Control12,Control13,Control15,Control16,Control17
11130,9493,23397;Control1,Control2,Control4,Control5,Control6,Control7,Control9,Control10,Control11,Control12,Control13,Control15,Control16,Control17
11130,100507118,4751,23397,699,3161,54443,55872,983,55165,51203,9055,7153,29128;Control1,Control2,Control3,Control5,Control6,Control7,Control9,Control10,Control11,Control12,Control13,Control15,Control16,Control17
11130,24137,23397,699,3161,55872,983,55165,7153,29128;Control1,Control2,Control3,Control5,Control6,Control7,Control8,Control9,Control10,Control11,Control12,Control13,Control15,Control16,Control17
983,374393,6241,891,55872,9833,55165,51203,100507118,79801,29128;Control1,Control2,Control3,Control4,Control6,Control7,Control8,Control9,Control10,Control12,Control13,Control15,Control16,Control17
983,81624,4751,1063,150468,3832,51203,100507118,7153;Control1,Control2,Control3,Control4,Control5,Control6,Control7,Control9,Control11,Control12,Control13,Control15,Control16,Control17
983,100288637,4751,55247,3161,7153,29128;Control1,Control2,Control3,Control4,Control5,Control6,Control7,Control8,Control9,Control10,Control11,Control12,Control13,Control15,Control16,Control17
983,57082,64151,55247,3161,55872,55165,51203,7153,29128;Control1,Control2,Control3,Control4,Control5,Control6,Control7,Control8,Control9,Control10,Control11,Control12,Control13,Control15,Control17
983,9133,1063,6241,55355,64151,55872,55165,9787,57082,51203,100507118,79801,9212,7153,29128,24137;Control1,Control2,Control3,Control4,Control5,Control6,Control7,Control8,Control9,Control10,Control11,Control12,Control13,Control16
983,83903,4751,150468,54443,3832,55165,51203;Control1,Control2,Control3,Control4,Control5,Control6,Control7,Control9,Control10,Control11,Control12,Control13,Control16,Control17
983,54478,55635,3832,7153;Control1,Control2,Control3,Control4,Control5,Control7,Control8,Control9,Control10,Control11,Control12,Control13,Control16,Control17
983,9212,1063,6241,55355,55165,9787,100507118,79801,29128;Control1,Control2,Control3,Control4,Control5,Control6,Control7,Control8,Control9,Control10,Control11,Control12,Control13,Control15,Control16
983,9955,3832;Control1,Control2,Control3,Control4,Control5,Control6,Control7,Control10,Control11,Control12,Control13,Control15,Control16,Control17
983,100533789;Control1,Control3,Control4,Control5,Control6,Control7,Control8,Control9,Control10,Control11,Control13,Control15,Control16,Control17
983,146909,259266,1063,6241,9787,51203,100507118,79801,7153;Control1,Control2,Control3,Control4,Control5,Control6,Control7,Control9,Control10,Control11,Control12,Control13,Control15,Control16
983,332,1063,6241,55872,9833,55165,9787,51203,100507118,79801,29128;Control1,Control2,Control3,Control4,Control5,Control6,Control7,Control8,Control9,Control10,Control11,Control12,Control15,Control16,Control17
983,220134,259266,1063,6241,55355,64151,55165,9787,100507118,79801,29128,24137;Control1,Control2,Control3,Control4,Control5,Control6,Control7,Control9,Control10,Control11,Control12,Control13,Control15,Control17
983,55723,4751,1063,6241,891,3161,54443,55872,55165,221150,9787,51203,100507118,7153,29128,24137;Control1,Control2,Control3,Control4,Control6,Control7,Control8,Control9,Control10,Control11,Control12,Control13,Control15,Control16
983,22974,1063,6241,699,55355,55872,55165,9787,51203,100507118,79801,7153,29128;Control1,Control2,Control3,Control5,Control6,Control7,Control8,Control9,Control10,Control11,Control12,Control13,Control15,Control16
983,24137,1063,6241,3161,55872,55165,100507118,29128;Control1,Control2,Control3,Control4,Control5,Control6,Control7,Control8,Control9,Control10,Control11,Control12,Control13,Control15,Control16,Control17
6865,2834,1301,574414,574029;Control1,Control2,Control4,Control5,Control6,Control7,Control9,Control10,Control11,Control12,Control13,Control15,Control16,Control17
6865,105369685,1630;Control1,Control2,Control3,Control4,Control5,Control6,Control7,Control8,Control9,Control10,Control12,Control13,Control15,Control17
6865,27091;Control1,Control2,Control3,Control4,Control6,Control7,Control8,Control9,Control10,Control11,Control12,Control13,Control15,Control16,Control17
6865,5354;Control1,Control3,Control4,Control5,Control6,Control7,Control8,Control9,Control10,Control11,Control12,Control13,Control15,Control16,Control17
27063,81930;Control1,Control3,Control4,Control5,Control6,Control7,Control8,Control9,Control11,Control12,Control13,Control15,Control16,Control17
27063,5265;Control1,Control2,Control3,Control4,Control5,Control6,Control7,Control8,Control9,Control10,Control11,Control13,Control15,Control16,Control17
27063,647946;Control1,Control2,Control3,Control4,Control5,Control6,Control7,Control9,Control10,Control11,Control12,Control13,Control15,Control16
27063,105372115;Control1,Control2,Control3,Control4,Control5,Control6,Control7,Control8,Control11,Control12,Control13,Control15,Control16,Control17
27063,10437,5265;Control1,Control2,Control3,Control4,Control5,Control6,Control7,Control8,Control10,Control11,Control12,Control13,Control15,Control16
27063,5653,134285,285987,4004,28809,729442;Control1,Control2,Control3,Control4,Control5,Control6,Control7,Control8,Control10,Control11,Control12,Control13,Control15,Control16
27063,101929707,102724714;Control1,Control3,Control4,Control5,Control6,Control7,Control8,Control9,Control10,Control11,Control12,Control13,Control15,Control16
3832,105369685,4751;Control1,Control3,Control4,Control5,Control6,Control7,Control8,Control10,Control11,Control12,Control13,Control15,Control16,Control17
3832,9787,4751,1063,6241,150468,54443,55872,983,55165,51203,7153,24137;Control1,Control2,Control3,Control4,Control5,Control6,Control7,Control9,Control10,Control11,Control12,Control13,Control15,Control16
3832,100288637,55635,4751,54443,983,55165,51203,7153;Control1,Control2,Control3,Control4,Control5,Control6,Control7,Control8,Control9,Control12,Control13,Control15,Control16,Control17
3832,57082,259266,64151,55872,983,51203,79801;Control1,Control3,Control4,Control5,Control6,Control7,Control9,Control10,Control11,Control12,Control13,Control15,Control16,Control17
3832,9055,55635,4751,3161,54443,55872,983,55165,51203,7153;Control1,Control2,Control3,Control4,Control5,Control6,Control7,Control9,Control10,Control11,Control12,Control13,Control15,Control16,Control17
3832,79801,1063,3161,55872,983,55165,100507118,7153;Control1,Control2,Control3,Control4,Control5,Control6,Control7,Control9,Control10,Control11,Control12,Control13,Control15,Control16,Control17
3832,54478,55635,7153;Control1,Control2,Control3,Control4,Control5,Control7,Control8,Control9,Control10,Control11,Control12,Control13,Control15,Control16,Control17
3832,9955,27178,285643;Control1,Control2,Control3,Control4,Control5,Control6,Control7,Control10,Control11,Control12,Control13,Control15,Control16,Control17
3832,100533789;Control1,Control3,Control4,Control5,Control6,Control7,Control8,Control9,Control10,Control11,Control12,Control13,Control16,Control17
3832,332,1063,6241,54443,55872,983,55165,51203,100507118,7153,24137;Control1,Control2,Control3,Control4,Control5,Control6,Control7,Control8,Control9,Control10,Control11,Control12,Control15,Control16
3832,29128,4751,7272,983,7153;Control1,Control3,Control4,Control6,Control7,Control8,Control9,Control10,Control11,Control12,Control13,Control15,Control16,Control17
3832,51512,4751,150468,54443,83903;Control1,Control2,Control3,Control4,Control5,Control6,Control7,Control9,Control10,Control11,Control12,Control15,Control16,Control17
55165,4288,128239,259266,6241,150468,55355,9787,24137;Control1,Control3,Control4,Control5,Control6,Control7,Control9,Control10,Control11,Control12,Control13,Control15,Control16,Control17
55165,144455,9928,64151,3161,55872,221150,57082,29128;Control1,Control2,Control3,Control4,Control5,Control7,Control8,Control9,Control10,Control11,Control12,Control13,Control15,Control16
55165,81624,4751,6241,54443,55872,983,51203,100507118;Control1,Control2,Control3,Control4,Control5,Control6,Control7,Control8,Control9,Control11,Control12,Control13,Control15,Control17
55165,57082,9928,64151,3161,55872,7153,29128;Control1,Control2,Control3,Control4,Control5,Control6,Control7,Control8,Control9,Control10,Control11,Control12,Control13,Control15,Control16,Control17
55165,9133,128239,259266,6241,55355,64151,9787,57082,79801,9212,220134,24137;Control1,Control2,Control3,Control4,Control5,Control6,Control7,Control8,Control9,Control10,Control11,Control12,Control13,Control16
55165,9768,64151,57082,7153,29128,24137;Control1,Control2,Control3,Control4,Control5,Control6,Control7,Control8,Control9,Control10,Control11,Control12,Control13,Control15,Control16,Control17
55165,641;Control1,Control3,Control4,Control5,Control6,Control7,Control8,Control10,Control11,Control12,Control13,Control15,Control16,Control17
55165,54478,55635,983,3832,7153,24137;Control2,Control3,Control4,Control5,Control7,Control8,Control9,Control10,Control11,Control12,Control13,Control15,Control16,Control17
55165,9212,259266,1063,6241,55355,9787,100507118,79801;Control1,Control2,Control3,Control4,Control5,Control6,Control7,Control8,Control9,Control10,Control11,Control12,Control13,Control15,Control16
55165,332,1063,6241,150468,9787;Control1,Control2,Control3,Control4,Control5,Control6,Control7,Control8,Control9,Control10,Control11,Control12,Control13,Control15,Control16,Control17
55165,55723,259266,1063,6241,891,221150,9787,51203,100507118,29128,11065,24137;Control1,Control2,Control3,Control4,Control6,Control7,Control8,Control9,Control10,Control11,Control12,Control13,Control15,Control16
55165,22974,259266,1063,6241,699,55355,64151,9787,51203,100507118,79801;Control1,Control2,Control3,Control5,Control6,Control7,Control8,Control9,Control10,Control11,Control12,Control13,Control15,Control16
55165,5354,157570,7153;Control1,Control2,Control3,Control4,Control5,Control6,Control7,Control10,Control11,Control12,Control13,Control15,Control16,Control17
101927760,8549,6273,105375027,338667,103689845,111216286;Control1,Control2,Control3,Control4,Control5,Control6,Control8,Control9,Control10,Control11,Control12,Control13,Control16,Control17
101927760,701,4283,10537,100506655,23532;Control1,Control2,Control3,Control4,Control5,Control7,Control8,Control9,Control10,Control11,Control12,Control15,Control16,Control17
101927760,105371050,6273,105375027,338667;Control2,Control3,Control4,Control5,Control6,Control7,Control8,Control9,Control10,Control11,Control12,Control13,Control15,Control16,Control17
101927760,3881,6273,105375027,338667,338797;Control1,Control2,Control3,Control4,Control5,Control6,Control7,Control8,Control9,Control11,Control12,Control13,Control15,Control16,Control17
101927760,5008,9628;Control1,Control2,Control3,Control4,Control5,Control6,Control7,Control8,Control10,Control11,Control12,Control15,Control16,Control17
2834,1813,574414;Control1,Control2,Control3,Control4,Control5,Control6,Control7,Control8,Control9,Control10,Control12,Control13,Control15,Control16,Control17
2834,10024;Control1,Control2,Control3,Control4,Control5,Control6,Control7,Control8,Control9,Control10,Control11,Control12,Control13,Control16
2834,100533789;Control1,Control2,Control3,Control4,Control5,Control6,Control7,Control8,Control9,Control10,Control12,Control13,Control15,Control17
2834,400618,1301,574414,574029,112937;Control1,Control2,Control3,Control4,Control5,Control6,Control7,Control8,Control9,Control10,Control11,Control12,Control15,Control16
2834,220134,128239,112937;Control1,Control2,Control3,Control4,Control5,Control6,Control7,Control8,Control10,Control11,Control12,Control13,Control15,Control16
2834,186,5354;Control1,Control3,Control4,Control5,Control6,Control8,Control9,Control10,Control11,Control12,Control13,Control15,Control16,Control17
105378523,284293;Control1,Control2,Control3,Control4,Control5,Control6,Control7,Control8,Control9,Control12,Control13,Control15,Control16,Control17
105378523,54854;Control1,Control2,Control3,Control4,Control6,Control7,Control8,Control9,Control10,Control11,Control12,Control13,Control16,Control17
105378523,101927355;Control1,Control2,Control3,Control5,Control6,Control7,Control8,Control9,Control10,Control11,Control13,Control15,Control16,Control17
399815,107985017;Control1,Control2,Control4,Control5,Control6,Control7,Control8,Control9,Control10,Control11,Control12,Control15,Control16,Control17
399815,55423;Control1,Control2,Control3,Control4,Control5,Control6,Control7,Control9,Control11,Control12,Control13,Control15,Control16,Control17
399815,6790;Control1,Control2,Control3,Control5,Control6,Control7,Control8,Control9,Control10,Control11,Control12,Control15,Control16,Control17
399815,5008;Control1,Control2,Control3,Control4,Control5,Control7,Control8,Control9,Control10,Control11,Control12,Control13,Control15,Control16
101101772,79056,51361,100996301,81849,100505994,23286,340273,100289137,253650,158228,143662,6495,100506411,654499,101927355,107985492,54101;Control1,Control2,Control3,Control4,Control5,Control6,Control7,Control8,Control9,Control10,Control11,Control12,Control13,Control17
101101772,3229,4496,115701;Control1,Control2,Control3,Control6,Control7,Control8,Control9,Control10,Control11,Control12,Control13,Control15,Control16,Control17
101101772,7546,3352,51361,100996301,81849,100505994,340273,253650,158228,100506411,654499,366,101927355,107985492,54101;Control2,Control3,Control4,Control5,Control6,Control7,Control8,Control9,Control10,Control11,Control12,Control13,Control16,Control17
101101772,4496;Control1,Control2,Control3,Control5,Control6,Control7,Control8,Control9,Control10,Control11,Control12,Control13,Control15,Control16,Control17
101101772,6362;Control1,Control2,Control4,Control5,Control6,Control7,Control8,Control9,Control10,Control11,Control12,Control13,Control16,Control17
101101772,9388,100996301,81849,253650,101927355,107985492;Control1,Control2,Control3,Control4,Control5,Control6,Control8,Control9,Control10,Control11,Control12,Control13,Control15,Control16,Control17
101101772,57167,7477;Control1,Control2,Control3,Control4,Control6,Control7,Control8,Control9,Control10,Control11,Control13,Control15,Control16,Control17
101101772,7477;Control1,Control2,Control3,Control4,Control5,Control6,Control7,Control8,Control9,Control10,Control11,Control13,Control15,Control16,Control17
4288,2305,991,3833,9212;Control1,Control2,Control3,Control4,Control5,Control6,Control7,Control8,Control10,Control11,Control12,Control15,Control16,Control17
4288,107984129,57405,89958,10615;Control1,Control2,Control3,Control4,Control5,Control6,Control7,Control9,Control10,Control11,Control13,Control15,Control16,Control17
4288,221150,259266,1063,6241,55355,113130,9787,24137;Control1,Control2,Control3,Control4,Control5,Control6,Control7,Control9,Control10,Control11,Control12,Control13,Control15,Control16,Control17
4288,81624,991,259266,1063,9232,113130,9787,9133,9212,146909;Control1,Control3,Control4,Control5,Control6,Control7,Control8,Control9,Control11,Control12,Control13,Control15,Control16,Control17
4288,9768,259266,6241,55355,64151,55165,57082,220134,29128,24137;Control1,Control2,Control3,Control4,Control5,Control6,Control7,Control9,Control10,Control11,Control12,Control13,Control15,Control16
4288,100507118,991,259266,1063,6241,57405,55355,9787,79801,9212,24137;Control1,Control3,Control4,Control5,Control6,Control7,Control9,Control10,Control11,Control12,Control13,Control15,Control16,Control17
4288,29128,991,259266,1063,6241,55355,9787,79801,9212,24137;Control1,Control2,Control3,Control4,Control5,Control6,Control7,Control9,Control10,Control11,Control12,Control13,Control15,Control16
4288,4605,991,259266,9232,113130,9133,9212;Control1,Control2,Control3,Control4,Control5,Control6,Control7,Control8,Control10,Control11,Control12,Control13,Control15,Control16
4288,8318,991,113130;Control1,Control2,Control3,Control4,Control5,Control6,Control7,Control8,Control10,Control11,Control12,Control13,Control15,Control16,Control17
4004,284293,102724714,285987,3502,28809,729442;Control1,Control2,Control3,Control4,Control5,Control6,Control7,Control9,Control10,Control11,Control12,Control13,Control15,Control16
4004,10437,1295,5265,5650;Control2,Control3,Control4,Control5,Control6,Control7,Control8,Control9,Control10,Control11,Control13,Control15,Control16,Control17
4004,105373150,25818;Control1,Control2,Control3,Control4,Control5,Control6,Control7,Control8,Control9,Control10,Control11,Control12,Control13,Control15,Control16,Control17
102724784,112802,3881,107985627;Control1,Control2,Control3,Control4,Control5,Control6,Control7,Control8,Control9,Control11,Control12,Control13,Control15,Control16,Control17
102724784,338797,6273,105375027,338667,3881;Control1,Control2,Control3,Control4,Control5,Control6,Control7,Control8,Control10,Control11,Control12,Control13,Control15,Control16,Control17
102724784,2835,6273,105375027,338667;Control2,Control3,Control5,Control6,Control7,Control8,Control9,Control10,Control11,Control12,Control13,Control15,Control16,Control17
102724784,103689845,6273,3754,105375027,338667;Control1,Control2,Control3,Control4,Control5,Control6,Control7,Control8,Control9,Control10,Control11,Control12,Control13,Control16,Control17
102724784,9628,8355,101927760,338667,111216286;Control1,Control2,Control3,Control4,Control5,Control7,Control8,Control9,Control10,Control12,Control13,Control15,Control16,Control17
102724784,105371050,6273,3754,105375027,338667,107985627;Control1,Control2,Control3,Control4,Control5,Control6,Control7,Control9,Control10,Control12,Control13,Control15,Control16,Control17
102724784,53820,6273,3754,105375027,101927760,338667,111216286,107985627;Control1,Control2,Control3,Control4,Control5,Control7,Control8,Control9,Control10,Control12,Control13,Control15,Control16,Control17
102724784,111216286,6273,105375027,101927760,338667,3881;Control1,Control2,Control3,Control4,Control5,Control7,Control8,Control9,Control10,Control11,Control12,Control13,Control15,Control16,Control17
79733,81930;Control1,Control2,Control3,Control4,Control5,Control6,Control7,Control8,Control10,Control11,Control12,Control13,Control15,Control16,Control17
79733,81624,101929707;Control1,Control2,Control3,Control4,Control5,Control6,Control8,Control9,Control10,Control11,Control12,Control13,Control15,Control16,Control17
79733,9055,55143,105375610;Control1,Control2,Control3,Control4,Control5,Control6,Control7,Control8,Control10,Control11,Control12,Control13,Control15,Control16,Control17
79733,100507118,55143,150468,105375610,9055;Control1,Control2,Control3,Control4,Control5,Control6,Control8,Control10,Control11,Control12,Control13,Control15,Control16,Control17
79733,4166;Control1,Control3,Control4,Control5,Control6,Control7,Control8,Control9,Control10,Control11,Control12,Control15,Control16,Control17
79733,83903,55143,105375610,55872,9055;Control1,Control2,Control4,Control5,Control6,Control7,Control8,Control10,Control11,Control12,Control13,Control15,Control16,Control17
79733,107985017,105375610;Control1,Control3,Control4,Control5,Control6,Control8,Control9,Control10,Control11,Control12,Control13,Control15,Control16,Control17
79733,9955,55143,27178,285643,105375610;Control1,Control2,Control3,Control4,Control5,Control6,Control8,Control9,Control10,Control11,Control12,Control13,Control15,Control16
79733,101929707,27178,285643;Control1,Control2,Control3,Control4,Control5,Control6,Control8,Control9,Control10,Control11,Control12,Control13,Control15,Control16,Control17
79733,51512,55143,27178,285643;Control1,Control2,Control3,Control4,Control5,Control6,Control7,Control8,Control9,Control10,Control11,Control12,Control15,Control16,Control17
79733,5354,27178,285643,157570,186;Control1,Control2,Control3,Control4,Control5,Control6,Control7,Control8,Control9,Control10,Control12,Control13,Control15,Control17
79733,186;Control1,Control2,Control3,Control4,Control5,Control6,Control7,Control8,Control9,Control10,Control11,Control12,Control13,Control15,Control16
143662,105369315,89886,55867;Control1,Control2,Control3,Control5,Control6,Control7,Control8,Control9,Control10,Control12,Control13,Control15,Control16,Control17
143662,55867,89886,286676,105378305;Control1,Control2,Control3,Control5,Control6,Control7,Control8,Control9,Control10,Control12,Control13,Control15,Control16,Control17
143662,3856,56896,1404,113218482;Control1,Control2,Control3,Control5,Control6,Control7,Control8,Control9,Control10,Control11,Control13,Control15,Control16,Control17
143662,10481,29991,79191;Control1,Control2,Control3,Control5,Control7,Control8,Control9,Control10,Control11,Control12,Control13,Control15,Control16,Control17
143662,284240,56896,113218482;Control1,Control2,Control3,Control5,Control6,Control7,Control8,Control9,Control10,Control11,Control13,Control15,Control16,Control17
143662,5008;Control1,Control2,Control3,Control5,Control6,Control7,Control8,Control9,Control10,Control11,Control13,Control15,Control16,Control17
143662,7477,89886,286676,168002,105378305,79191,1995;Control1,Control2,Control3,Control5,Control7,Control8,Control9,Control10,Control11,Control12,Control13,Control15,Control16,Control17
8424,107984851,55789;Control1,Control2,Control3,Control4,Control5,Control6,Control7,Control8,Control9,Control10,Control12,Control13,Control15,Control17
8424,9956,105369685;Control1,Control2,Control3,Control5,Control6,Control7,Control8,Control9,Control10,Control11,Control12,Control13,Control16,Control17
8424,1630,171019,107986990,105369685;Control1,Control2,Control3,Control4,Control5,Control6,Control7,Control8,Control9,Control10,Control12,Control15,Control16,Control17
8424,8529;Control1,Control2,Control3,Control4,Control5,Control6,Control7,Control9,Control10,Control11,Control12,Control15,Control16,Control17
8424,105372613,477,647946;Control1,Control2,Control3,Control4,Control6,Control7,Control8,Control9,Control10,Control11,Control12,Control13,Control15,Control16,Control17
103695435,5100,7681;Control1,Control2,Control3,Control4,Control5,Control6,Control7,Control8,Control9,Control10,Control11,Control12,Control13,Control16,Control17
103695435,105370953,105376042,7681,107985436;Control1,Control2,Control3,Control4,Control7,Control8,Control9,Control10,Control11,Control12,Control13,Control15,Control16,Control17
103695435,105371152,345079,7681,107985436;Control1,Control2,Control3,Control4,Control6,Control7,Control8,Control9,Control11,Control12,Control13,Control15,Control16,Control17
103695435,101060400,105376042,7681;Control1,Control2,Control3,Control4,Control5,Control6,Control7,Control8,Control10,Control11,Control12,Control13,Control15,Control16,Control17
103695435,110806280,105376042,7681;Control1,Control2,Control3,Control4,Control5,Control6,Control7,Control8,Control9,Control10,Control11,Control12,Control13,Control15
103695435,54854;Control1,Control2,Control3,Control4,Control5,Control6,Control8,Control9,Control10,Control11,Control12,Control13,Control15,Control16
103695435,107985436,105376042,7681;Control1,Control2,Control3,Control4,Control6,Control7,Control8,Control9,Control10,Control11,Control12,Control13,Control15,Control16,Control17
103695435,113730;Control1,Control2,Control3,Control4,Control5,Control6,Control8,Control9,Control10,Control11,Control12,Control13,Control16,Control17
103695435,9758,105376042,7681;Control1,Control2,Control4,Control5,Control7,Control8,Control9,Control10,Control11,Control12,Control13,Control15,Control16,Control17
103695435,109729169,345079;Control1,Control2,Control3,Control4,Control5,Control6,Control7,Control8,Control9,Control10,Control11,Control13,Control16,Control17
103695435,2277,105376042,9355,7681;Control1,Control2,Control3,Control5,Control6,Control7,Control8,Control9,Control10,Control12,Control13,Control15,Control16,Control17
81930,83903;Control2,Control3,Control4,Control5,Control6,Control7,Control8,Control9,Control10,Control11,Control12,Control15,Control16,Control17
81930,107985017,1058,105375610;Control2,Control3,Control4,Control5,Control6,Control7,Control8,Control9,Control10,Control12,Control13,Control15,Control16,Control17
81930,201299;Control1,Control2,Control3,Control4,Control5,Control8,Control9,Control10,Control11,Control12,Control13,Control15,Control16,Control17
79056,2835,3352,51361,100996301,23286,340273,100289137,158228,143662,7546,6495,100506411,654499,970,101927355,54101;Control2,Control3,Control4,Control5,Control6,Control7,Control8,Control9,Control10,Control11,Control12,Control15,Control16,Control17
79056,7546,3352,51361,100996301,23286,340273,100289137,158228,143662,6495,100506411,654499,970,101927355,54101;Control2,Control3,Control4,Control5,Control6,Control7,Control8,Control9,Control10,Control11,Control12,Control13,Control15,Control16,Control17
79056,9628;Control1,Control3,Control5,Control6,Control7,Control8,Control9,Control10,Control11,Control12,Control13,Control15,Control16,Control17
79056,9388,51361,100996301,81849,105374166,100505994,23286,340273,100289137,253650,158228,112268037,143662,6495,100506411,654499,970,101927355,107985492,54101,2277;Control1,Control2,Control3,Control4,Control5,Control6,Control8,Control9,Control10,Control11,Control12,Control13,Control16,Control17
79056,970,51361,100996301,23286,340273,100289137,158228,143662,6495,100506411,654499,101927355,54101;Control1,Control2,Control3,Control4,Control5,Control6,Control7,Control8,Control9,Control10,Control11,Control12,Control13,Control15,Control16,Control17
219527,374393,1063,6241;Control1,Control2,Control3,Control4,Control6,Control7,Control8,Control10,Control11,Control12,Control13,Control15,Control16,Control17
219527,112937;Control1,Control3,Control4,Control6,Control7,Control8,Control9,Control10,Control11,Control12,Control13,Control15,Control16,Control17
219527,113218482,5865,6716,28946,3512,1047,166979,4544,116173,594855,105371152;Control1,Control2,Control3,Control4,Control5,Control7,Control8,Control9,Control11,Control12,Control13,Control15,Control16,Control17
219527,5100,5865,6716,1047,166979,4544,116173,7681,6345,107985436;Control1,Control2,Control3,Control4,Control5,Control6,Control8,Control9,Control10,Control11,Control12,Control13,Control16,Control17
219527,3502,5865,6716,28946,3512,1047,166979,4544,6345,28809;Control1,Control2,Control3,Control4,Control5,Control6,Control7,Control8,Control11,Control12,Control13,Control15,Control16,Control17
219527,7681,5865,6716,1047,166979,101927686,4544,107985436;Control1,Control2,Control3,Control4,Control5,Control6,Control8,Control9,Control10,Control11,Control12,Control13,Control15,Control16,Control17
219527,594855,5865,6716,1047,166979,4544,116173,6345;Control1,Control2,Control3,Control4,Control5,Control7,Control8,Control9,Control10,Control11,Control12,Control13,Control15,Control16,Control17
219527,105370953,5865,6716,1047,166979,4544,116173,7681,594855,6345,107985436;Control1,Control2,Control3,Control4,Control5,Control8,Control9,Control10,Control11,Control12,Control13,Control15,Control16,Control17
219527,10942,166979,4544,26150;Control1,Control2,Control3,Control4,Control5,Control6,Control7,Control8,Control10,Control12,Control13,Control15,Control16,Control17
219527,107985017,3833;Control1,Control2,Control3,Control4,Control6,Control7,Control8,Control9,Control10,Control11,Control12,Control13,Control16,Control17
219527,9212,1063,6241,995,3833,221150,55723,11065;Control1,Control2,Control3,Control4,Control6,Control7,Control8,Control10,Control11,Control12,Control13,Control15,Control16,Control17
219527,146909,1063,6241,3833,100507118,55723;Control1,Control2,Control3,Control4,Control6,Control7,Control8,Control10,Control11,Control12,Control13,Control15,Control16,Control17
219527,6860,5865,6716,1047,166979,4544,116173,6345,107985513;Control2,Control3,Control4,Control5,Control6,Control7,Control8,Control9,Control10,Control11,Control12,Control13,Control16,Control17
219527,54854,116173;Control2,Control3,Control4,Control5,Control6,Control7,Control8,Control9,Control10,Control11,Control13,Control15,Control16,Control17
219527,3053,5865,6716,1047,166979,4544,116173,594855,6345;Control1,Control2,Control3,Control4,Control5,Control7,Control8,Control9,Control10,Control11,Control12,Control13,Control16,Control17
219527,28809,5865,6716,28946,3580,3512,1047,166979,4544,116173,6345,105371152;Control1,Control2,Control3,Control4,Control5,Control6,Control7,Control8,Control11,Control12,Control13,Control15,Control16,Control17
219527,5354,186;Control1,Control2,Control3,Control4,Control6,Control7,Control8,Control9,Control10,Control11,Control12,Control13,Control15,Control16
219527,158511,3833;Control1,Control2,Control3,Control4,Control6,Control7,Control8,Control9,Control10,Control12,Control13,Control15,Control16,Control17
219970,7681,100652791;Control1,Control2,Control3,Control4,Control5,Control6,Control7,Control8,Control9,Control10,Control11,Control12,Control13,Control17
219970,84419,100652791,122042;Control1,Control2,Control3,Control4,Control5,Control7,Control8,Control9,Control11,Control12,Control13,Control15,Control16,Control17
219970,4318,860,100652791;Control1,Control2,Control3,Control4,Control5,Control7,Control8,Control9,Control10,Control11,Control13,Control15,Control16,Control17
105369315,55867;Control1,Control2,Control3,Control4,Control5,Control6,Control7,Control8,Control9,Control10,Control11,Control12,Control13,Control15,Control16,Control17
105369315,338005;Control1,Control2,Control3,Control4,Control5,Control7,Control8,Control9,Control10,Control11,Control12,Control13,Control15,Control16,Control17
105369315,176,55867;Control1,Control2,Control3,Control4,Control5,Control7,Control8,Control9,Control10,Control11,Control12,Control13,Control15,Control16
105369315,50615,338005;Control1,Control2,Control3,Control4,Control5,Control7,Control8,Control9,Control10,Control11,Control12,Control13,Control15,Control17
105369315,10642;Control1,Control2,Control3,Control5,Control6,Control7,Control8,Control9,Control10,Control12,Control13,Control15,Control16,Control17
105369315,284240;Control1,Control2,Control3,Control4,Control5,Control6,Control7,Control8,Control9,Control10,Control13,Control15,Control16,Control17
105369315,1995,89886,286676,105378305;Control1,Control2,Control3,Control4,Control5,Control6,Control8,Control9,Control10,Control12,Control13,Control15,Control16,Control17
105369315,729447,55867;Control1,Control2,Control3,Control4,Control5,Control6,Control7,Control8,Control9,Control10,Control11,Control13,Control15,Control16
374393,221150,259266,1063,6241,55355,891,9787,100507118,79801,220134,29128;Control1,Control2,Control3,Control4,Control6,Control7,Control8,Control9,Control10,Control12,Control13,Control15,Control16,Control17
374393,9768;Control1,Control2,Control3,Control4,Control5,Control6,Control7,Control9,Control10,Control11,Control12,Control13,Control15,Control16,Control17
374393,9212,991,1063,6241,79801;Control1,Control2,Control3,Control4,Control6,Control7,Control8,Control9,Control10,Control11,Control12,Control13,Control15,Control16
374393,146909,1063,6241,79801;Control1,Control2,Control3,Control4,Control6,Control7,Control8,Control9,Control10,Control11,Control12,Control13,Control15,Control16,Control17
374393,332,991,259266,1063,6241,55355,995,4288,9787,9133,146909,55723;Control1,Control2,Control3,Control4,Control6,Control7,Control8,Control9,Control10,Control12,Control13,Control15,Control16,Control17
374393,220134,991,128239,259266,6241,55355,4288,9787;Control1,Control2,Control3,Control4,Control6,Control7,Control8,Control9,Control10,Control12,Control13,Control15,Control16,Control17
374393,55723;Control1,Control2,Control3,Control4,Control5,Control6,Control7,Control8,Control9,Control10,Control11,Control12,Control13,Control15,Control16,Control17
374393,11065,29128,55723;Control1,Control2,Control3,Control4,Control5,Control6,Control7,Control8,Control9,Control10,Control12,Control13,Control15,Control16
374393,24137,991,128239,259266,6241,55355,995,9787,55723;Control1,Control2,Control3,Control4,Control6,Control7,Control8,Control9,Control10,Control12,Control13,Control15,Control16,Control17
55867,50615,105369315;Control1,Control2,Control3,Control4,Control5,Control7,Control8,Control9,Control11,Control12,Control13,Control15,Control16,Control17
55867,10642;Control1,Control2,Control3,Control5,Control6,Control7,Control8,Control9,Control10,Control11,Control12,Control13,Control15,Control16,Control17
55867,1630;Control1,Control2,Control3,Control4,Control5,Control6,Control7,Control9,Control10,Control11,Control12,Control13,Control15,Control16
55867,1995;Control1,Control2,Control3,Control4,Control5,Control6,Control7,Control8,Control9,Control10,Control11,Control13,Control15,Control17
55867,5650,56896;Control1,Control2,Control3,Control4,Control5,Control7,Control8,Control9,Control11,Control12,Control13,Control15,Control16,Control17
113130,9768,259266,57405,4288,332;Control1,Control2,Control3,Control4,Control5,Control6,Control7,Control9,Control10,Control11,Control12,Control13,Control15,Control16
113130,100507118,259266,1063,6241,995,9787,146909;Control1,Control2,Control3,Control4,Control5,Control6,Control7,Control8,Control9,Control10,Control11,Control12,Control13,Control15,Control16,Control17
113130,79801,991,128239,259266,9232,4288,9787,9133,9212,332;Control1,Control2,Control3,Control4,Control5,Control6,Control7,Control8,Control9,Control10,Control11,Control12,Control15,Control16
113130,107985017,991,9232,3833,9700,9212;Control1,Control2,Control3,Control4,Control5,Control6,Control7,Control8,Control9,Control10,Control11,Control12,Control15,Control16,Control17
113130,10615,991,128239,259266,4288,9212;Control1,Control2,Control3,Control4,Control5,Control6,Control7,Control8,Control9,Control10,Control11,Control12,Control13,Control15,Control16,Control17
113130,201299,1063,9787,100507118,146909;Control2,Control3,Control4,Control5,Control7,Control8,Control9,Control10,Control11,Control12,Control13,Control15,Control16,Control17
113130,7153,259266,1063,6241,64151,55872,221150,9787,100507118,9212,29128,24137;Control1,Control2,Control3,Control4,Control5,Control6,Control7,Control8,Control9,Control10,Control11,Control12,Control13,Control16
113130,55771,991,259266,57405,4288,9212;Control1,Control2,Control3,Control4,Control5,Control6,Control7,Control10,Control11,Control12,Control13,Control15,Control16,Control17
113130,220134,991,128239,259266,6241,55355,4288,9787,146909;Control1,Control2,Control3,Control4,Control5,Control6,Control7,Control8,Control9,Control10,Control11,Control12,Control13,Control15,Control17
113130,29128,1063,9787,100507118,9212;Control1,Control2,Control3,Control4,Control5,Control6,Control7,Control8,Control9,Control10,Control11,Control12,Control13,Control15,Control16
113130,147841,332;Control1,Control2,Control3,Control5,Control6,Control7,Control8,Control9,Control10,Control11,Control12,Control13,Control15,Control17
113130,55723,11065;Control1,Control2,Control3,Control4,Control5,Control6,Control7,Control8,Control9,Control10,Control11,Control12,Control13,Control15,Control16,Control17
113130,22974,991,128239,259266,6241,9232,4288,9787,9133,9212;Control1,Control2,Control3,Control5,Control6,Control7,Control8,Control9,Control10,Control11,Control12,Control13,Control15,Control16,Control17
113130,24137,991,128239,259266,6241,55355,995,4288,9787,9133,9212;Control1,Control2,Control3,Control4,Control5,Control6,Control7,Control9,Control10,Control11,Control12,Control13,Control15,Control16,Control17
2348,105371050;Control1,Control2,Control3,Control4,Control5,Control6,Control8,Control9,Control10,Control11,Control12,Control15,Control16,Control17
2348,8529;Control1,Control2,Control3,Control4,Control6,Control7,Control8,Control9,Control11,Control12,Control13,Control15,Control16,Control17
2348,284403;Control1,Control2,Control3,Control5,Control6,Control8,Control9,Control10,Control11,Control12,Control13,Control15,Control16,Control17
84649,10942;Control1,Control2,Control3,Control4,Control5,Control6,Control7,Control8,Control9,Control10,Control11,Control15,Control16,Control17
4321,161291,105373150,8471;Control1,Control2,Control3,Control5,Control6,Control7,Control8,Control9,Control11,Control12,Control13,Control15,Control16,Control17
4321,64843,148645,3239,3670,345643,5307,105375894,1690,100506071,6362,106481742,9758,8471;Control1,Control2,Control3,Control4,Control5,Control6,Control7,Control10,Control11,Control12,Control13,Control15,Control16,Control17
4321,101929690,148645,3239,3670,345643,5307,105375894,1690,100506071,6362,106481742,9758,8471;Control2,Control3,Control4,Control5,Control6,Control7,Control9,Control10,Control11,Control12,Control13,Control15,Control16,Control17
4321,105370924;Control1,Control2,Control4,Control5,Control6,Control7,Control9,Control10,Control11,Control12,Control13,Control15,Control16,Control17
4321,107984851;Control1,Control2,Control4,Control5,Control6,Control7,Control8,Control9,Control10,Control11,Control12,Control13,Control15,Control16,Control17
4321,9388;Control1,Control2,Control4,Control5,Control6,Control7,Control9,Control10,Control11,Control12,Control13,Control15,Control16,Control17
4321,105373150;Control1,Control2,Control3,Control4,Control5,Control6,Control7,Control8,Control9,Control11,Control12,Control13,Control15,Control16,Control17
2893,105372863;Control1,Control2,Control3,Control4,Control5,Control6,Control7,Control9,Control10,Control11,Control12,Control13,Control15,Control17
2893,107985627;Control1,Control2,Control3,Control4,Control6,Control7,Control8,Control9,Control10,Control12,Control13,Control15,Control16,Control17
1813,338667,102724784;Control1,Control2,Control3,Control4,Control5,Control6,Control7,Control8,Control9,Control10,Control11,Control12,Control15,Control16,Control17
1813,112937,574414,574029,2834;Control1,Control2,Control3,Control4,Control5,Control6,Control7,Control8,Control9,Control10,Control12,Control13,Control15,Control16
1813,3229,1301,574414,101927750,56300,4496;Control1,Control2,Control3,Control4,Control5,Control6,Control7,Control8,Control9,Control10,Control12,Control13,Control16,Control17
1813,3227,105371737;Control1,Control2,Control3,Control4,Control5,Control6,Control7,Control8,Control9,Control11,Control12,Control13,Control16,Control17
1813,10942,53836,105371737;Control1,Control2,Control3,Control4,Control5,Control6,Control7,Control8,Control9,Control10,Control11,Control12,Control13,Control15,Control17
1813,50615,338005,105371737;Control1,Control2,Control3,Control4,Control5,Control6,Control8,Control9,Control10,Control11,Control13,Control15,Control16,Control17
1813,400618,574414,574029,2834;Control1,Control2,Control3,Control4,Control5,Control6,Control7,Control8,Control9,Control10,Control12,Control13,Control15,Control16
1813,147841;Control1,Control2,Control3,Control5,Control6,Control7,Control8,Control9,Control10,Control12,Control13,Control15,Control16,Control17
1813,5650;Control1,Control2,Control3,Control4,Control5,Control6,Control7,Control8,Control9,Control11,Control12,Control13,Control16,Control17
1813,140628;Control1,Control2,Control4,Control5,Control6,Control7,Control8,Control9,Control10,Control11,Control12,Control13,Control15,Control16,Control17
1813,26150,53836,10942,105371737;Control1,Control2,Control3,Control4,Control6,Control7,Control8,Control9,Control10,Control11,Control12,Control13,Control15,Control16
1813,5354,574414,574029,2834;Control1,Control3,Control4,Control5,Control6,Control7,Control8,Control9,Control10,Control12,Control13,Control15,Control16,Control17
1813,186,105371737;Control1,Control3,Control4,Control5,Control6,Control8,Control9,Control10,Control11,Control12,Control13,Control15,Control16,Control17
338667,10942,53836,1813;Control1,Control2,Control3,Control4,Control5,Control6,Control7,Control8,Control9,Control10,Control11,Control12,Control15,Control17
8538,4973;Control1,Control2,Control3,Control5,Control7,Control8,Control9,Control10,Control11,Control12,Control13,Control15,Control16,Control17
8538,3856,1750;Control1,Control2,Control3,Control5,Control6,Control7,Control8,Control9,Control10,Control11,Control12,Control13,Control15,Control16,Control17
8538,105371927;Control1,Control3,Control4,Control5,Control7,Control8,Control9,Control10,Control11,Control12,Control13,Control15,Control16,Control17
8538,3783;Control1,Control2,Control3,Control4,Control5,Control6,Control7,Control8,Control9,Control10,Control11,Control12,Control13,Control16
8538,5008,1404;Control2,Control3,Control4,Control5,Control6,Control7,Control8,Control9,Control11,Control12,Control13,Control15,Control16,Control17
8538,8471;Control1,Control2,Control4,Control5,Control7,Control8,Control9,Control10,Control11,Control12,Control13,Control15,Control16,Control17
6768,3856,3502;Control1,Control2,Control3,Control4,Control5,Control7,Control8,Control9,Control10,Control11,Control12,Control13,Control15,Control16,Control17
6768,28755;Control1,Control2,Control4,Control5,Control6,Control7,Control8,Control9,Control10,Control11,Control12,Control15,Control16,Control17
6768,284293,28946,3502,28809;Control1,Control2,Control3,Control4,Control5,Control6,Control7,Control9,Control10,Control11,Control12,Control15,Control16,Control17
6768,354,81607,3502,28809;Control1,Control2,Control3,Control4,Control5,Control6,Control7,Control8,Control9,Control10,Control12,Control15,Control16,Control17
6768,5653,285987,3502,28809,729442;Control1,Control2,Control3,Control4,Control5,Control6,Control7,Control8,Control9,Control10,Control11,Control12,Control15,Control16,Control17
112937,10024,991,128239,4288;Control1,Control2,Control3,Control4,Control5,Control6,Control7,Control8,Control9,Control10,Control12,Control13,Control16,Control17
112937,9700,991,128239,3833,4288,158511;Control1,Control2,Control3,Control4,Control5,Control6,Control7,Control8,Control10,Control11,Control12,Control13,Control16,Control17
112937,221150,991,128239,6241,55355,995,3833,4288,9787,9212,220134,24137;Control1,Control2,Control3,Control4,Control5,Control6,Control7,Control10,Control11,Control12,Control13,Control15,Control16,Control17
112937,91828,128239,9212;Control1,Control2,Control3,Control4,Control5,Control6,Control7,Control8,Control9,Control11,Control12,Control13,Control15,Control17
112937,107984763,89858,158511;Control1,Control2,Control3,Control4,Control5,Control7,Control8,Control9,Control10,Control11,Control12,Control13,Control15,Control17
112937,176;Control1,Control2,Control3,Control4,Control5,Control6,Control7,Control8,Control9,Control10,Control11,Control12,Control13,Control15,Control17
112937,5347;Control1,Control2,Control3,Control4,Control5,Control6,Control7,Control8,Control9,Control10,Control11,Control12,Control13,Control15,Control16,Control17
112937,4496,1301,574414,574029,56300,2834;Control1,Control2,Control3,Control4,Control5,Control6,Control7,Control8,Control9,Control10,Control11,Control12,Control13,Control16
112937,9955,105375610;Control1,Control2,Control3,Control4,Control5,Control6,Control7,Control8,Control9,Control10,Control11,Control12,Control13,Control15
112937,10615,991,128239,4288,9212,220134;Control1,Control2,Control4,Control5,Control6,Control7,Control8,Control10,Control11,Control12,Control13,Control15,Control16,Control17
112937,400618,110806280;Control1,Control2,Control3,Control4,Control5,Control6,Control7,Control8,Control9,Control10,Control11,Control12,Control13,Control15,Control16,Control17
112937,3783,3664,101929215,110806280;Control1,Control3,Control4,Control5,Control6,Control7,Control8,Control9,Control10,Control11,Control12,Control13,Control15,Control17
112937,11065,991,128239,55355,995,3833,4288,9212,220134;Control1,Control2,Control3,Control4,Control6,Control7,Control8,Control10,Control11,Control12,Control13,Control15,Control16,Control17
112937,8318,128239;Control1,Control2,Control3,Control4,Control5,Control6,Control7,Control8,Control9,Control10,Control11,Control12,Control15,Control16,Control17
112937,5354,1301,574414,574029,2834;Control1,Control3,Control4,Control5,Control6,Control7,Control8,Control9,Control10,Control11,Control12,Control13,Control15,Control16
112937,158511;Control1,Control2,Control3,Control4,Control5,Control6,Control7,Control8,Control9,Control10,Control11,Control12,Control13,Control15,Control16,Control17
112937,389903,3664,110806280,729447,102723547;Control1,Control2,Control3,Control4,Control5,Control6,Control7,Control8,Control10,Control11,Control12,Control13,Control15,Control17
100292680,4257;Control1,Control2,Control3,Control4,Control5,Control6,Control7,Control8,Control9,Control10,Control11,Control12,Control13,Control15,Control16
100292680,55423;Control2,Control3,Control4,Control5,Control6,Control7,Control8,Control10,Control11,Control12,Control13,Control15,Control16,Control17
2305,10024;Control1,Control2,Control3,Control4,Control5,Control6,Control7,Control8,Control9,Control10,Control11,Control12,Control16,Control17
2305,5347,10615;Control1,Control2,Control3,Control4,Control6,Control7,Control8,Control9,Control10,Control11,Control12,Control15,Control16,Control17
2305,10595;Control1,Control2,Control3,Control4,Control5,Control6,Control7,Control8,Control9,Control10,Control11,Control12,Control13,Control15,Control16
2305,55771,8318;Control1,Control2,Control3,Control4,Control5,Control6,Control7,Control9,Control10,Control11,Control12,Control13,Control15,Control16,Control17
2305,4605,8318;Control1,Control2,Control3,Control4,Control5,Control6,Control7,Control8,Control9,Control10,Control11,Control12,Control13,Control16,Control17
2305,8318;Control1,Control2,Control3,Control4,Control5,Control6,Control7,Control8,Control9,Control10,Control11,Control12,Control13,Control15,Control16,Control17
107987172,100533789;Control2,Control3,Control4,Control5,Control7,Control8,Control9,Control10,Control11,Control12,Control13,Control15,Control16,Control17
107987172,100874530;Control1,Control2,Control3,Control4,Control5,Control6,Control7,Control8,Control9,Control10,Control12,Control13,Control15,Control16
4973,105369685;Control1,Control2,Control3,Control4,Control5,Control6,Control7,Control9,Control10,Control11,Control12,Control13,Control16,Control17
4973,28755;Control1,Control2,Control3,Control4,Control6,Control7,Control8,Control9,Control10,Control11,Control12,Control13,Control15,Control16,Control17
4973,5265;Control1,Control2,Control3,Control4,Control5,Control6,Control7,Control8,Control9,Control10,Control11,Control12,Control13,Control15,Control16,Control17
4973,3502,58,101927750,28946,2019,134285,285987,4004,105371152,25818,5653,5650,28809,729442;Control1,Control2,Control3,Control4,Control6,Control7,Control8,Control9,Control10,Control11,Control12,Control13,Control15,Control17
4973,654499,574029,107986951;Control1,Control2,Control3,Control5,Control6,Control7,Control8,Control9,Control11,Control12,Control13,Control15,Control16,Control17
4973,100126311;Control1,Control2,Control3,Control4,Control5,Control6,Control7,Control8,Control9,Control10,Control12,Control13,Control16,Control17
4973,105370960;Control1,Control2,Control3,Control4,Control6,Control7,Control9,Control10,Control11,Control12,Control13,Control15,Control16,Control17
4973,145873,58,101927750,2019,1295,134285,285987,4004,25818,5650,729442;Control1,Control2,Control3,Control4,Control5,Control6,Control7,Control8,Control9,Control10,Control11,Control13,Control15,Control17
4973,339256,101927750,2019,134285,285987,4004,25818,5653,5650,28809,729442;Control2,Control3,Control4,Control5,Control6,Control7,Control8,Control9,Control10,Control11,Control12,Control13,Control15,Control17
4973,105371927,27237,134285,285987,4004,5653,5650,729442;Control1,Control3,Control5,Control6,Control7,Control8,Control9,Control10,Control11,Control12,Control13,Control15,Control16,Control17
4973,115701,27237,134285,285987,1749,4004,5653,5650,729442;Control1,Control3,Control4,Control5,Control6,Control7,Control8,Control9,Control10,Control11,Control12,Control13,Control16,Control17
4973,10437,5265;Control2,Control3,Control4,Control5,Control6,Control7,Control8,Control9,Control10,Control11,Control12,Control13,Control15,Control16,Control17
4973,354,55765;Control1,Control2,Control3,Control4,Control6,Control8,Control9,Control10,Control11,Control12,Control13,Control15,Control16,Control17
4973,105373150,285987,4004,25818,5653,5650,729442;Control1,Control2,Control4,Control5,Control6,Control7,Control8,Control9,Control10,Control11,Control12,Control13,Control15,Control16,Control17
4973,8471,105373150;Control1,Control2,Control4,Control5,Control6,Control7,Control8,Control9,Control10,Control11,Control12,Control13,Control15,Control16,Control17
120939,176;Control1,Control2,Control3,Control4,Control5,Control6,Control7,Control8,Control9,Control10,Control12,Control13,Control15,Control16
120939,79191,168002,105378305,109729184;Control1,Control3,Control4,Control6,Control7,Control8,Control9,Control10,Control11,Control12,Control13,Control15,Control16,Control17
120939,344,6534,105378305;Control1,Control3,Control4,Control5,Control6,Control7,Control8,Control9,Control10,Control11,Control12,Control13,Control15,Control16
120939,109729169;Control1,Control3,Control4,Control5,Control6,Control7,Control8,Control9,Control10,Control11,Control12,Control13,Control16,Control17
107984129,10265,1995;Control1,Control2,Control3,Control4,Control5,Control6,Control7,Control9,Control10,Control11,Control12,Control13,Control15,Control16,Control17
107984129,55771;Control1,Control2,Control3,Control5,Control6,Control7,Control8,Control9,Control10,Control11,Control13,Control15,Control16,Control17
107984129,7477,89886,5798,168002,105378305,79191,1995,344;Control1,Control2,Control3,Control5,Control6,Control7,Control8,Control9,Control10,Control11,Control12,Control13,Control16,Control17
107984129,349408,89886,168002,79191,1995;Control1,Control2,Control3,Control4,Control5,Control6,Control7,Control8,Control9,Control10,Control11,Control12,Control13,Control15,Control16
107984129,109729169,89886,5798,168002,105378305,79191,1995,4318,109729184;Control1,Control2,Control3,Control4,Control5,Control6,Control8,Control9,Control10,Control11,Control12,Control13,Control16,Control17
4257,366,3352;Control2,Control3,Control4,Control6,Control7,Control8,Control9,Control10,Control11,Control12,Control13,Control15,Control16,Control17
4257,140628;Control1,Control2,Control3,Control4,Control5,Control6,Control7,Control8,Control9,Control10,Control12,Control13,Control16,Control17
105369685,100126311;Control1,Control2,Control3,Control4,Control5,Control6,Control7,Control9,Control10,Control12,Control13,Control15,Control16,Control17
105369685,4166;Control1,Control2,Control3,Control4,Control5,Control6,Control7,Control9,Control10,Control11,Control12,Control15,Control16,Control17
105369685,10437;Control2,Control3,Control4,Control5,Control6,Control7,Control9,Control10,Control11,Control12,Control13,Control15,Control16,Control17
23109,84419;Control1,Control2,Control4,Control5,Control6,Control8,Control9,Control10,Control11,Control12,Control13,Control15,Control16,Control17
10024,9700,991,128239,9232,4288,9133;Control1,Control2,Control3,Control4,Control5,Control6,Control7,Control9,Control10,Control11,Control12,Control15,Control16,Control17
10024,100126311,100048912;Control1,Control2,Control3,Control4,Control5,Control6,Control7,Control8,Control9,Control11,Control12,Control13,Control15,Control16
10024,100507118,991,128239,1063,6241,55355,995,9787,9133,9212;Control1,Control3,Control4,Control5,Control6,Control7,Control8,Control10,Control11,Control12,Control13,Control15,Control16,Control17
10024,79801,991,128239,259266,9232,4288,9787,9133,9212;Control1,Control3,Control4,Control5,Control6,Control7,Control8,Control10,Control11,Control12,Control13,Control15,Control16,Control17
10024,9212,991,128239,259266,9232,4288,9133;Control1,Control2,Control3,Control4,Control5,Control6,Control7,Control8,Control9,Control10,Control12,Control13,Control15,Control16,Control17
10024,10615,991,128239,259266,4288,9212;Control1,Control2,Control3,Control4,Control5,Control6,Control7,Control8,Control10,Control11,Control12,Control13,Control15,Control16,Control17
10024,146909,991,9232,4288,9133;Control1,Control3,Control4,Control5,Control6,Control7,Control8,Control9,Control10,Control11,Control12,Control13,Control15,Control17
10024,400618,112937,110806280;Control1,Control2,Control3,Control4,Control5,Control6,Control7,Control8,Control9,Control10,Control12,Control13,Control16,Control17
10024,332,991,259266,1063,6241,57405,9232,113130,9133;Control1,Control3,Control4,Control5,Control6,Control7,Control8,Control10,Control11,Control12,Control13,Control15,Control16,Control17
10024,220134,991,128239,259266,55355,995,4288,112937,9133,9212;Control1,Control2,Control3,Control4,Control5,Control6,Control7,Control8,Control10,Control11,Control12,Control13,Control16,Control17
10024,147841,4605,8318;Control1,Control2,Control3,Control5,Control6,Control7,Control8,Control9,Control10,Control11,Control12,Control13,Control16,Control17
10024,354;Control1,Control2,Control3,Control4,Control6,Control7,Control8,Control9,Control11,Control12,Control13,Control15,Control16,Control17
10024,22974,991,128239,995,9232,4288,9133;Control1,Control3,Control5,Control6,Control7,Control8,Control9,Control10,Control11,Control12,Control13,Control15,Control16,Control17
10024,4605;Control1,Control2,Control3,Control4,Control5,Control6,Control7,Control8,Control9,Control10,Control11,Control12,Control13,Control15,Control16,Control17
10024,349408,128239,9212;Control1,Control2,Control3,Control4,Control5,Control6,Control7,Control8,Control9,Control10,Control13,Control15,Control16,Control17
112802,103689845,102724784,3881,107985627;Control1,Control2,Control3,Control4,Control5,Control6,Control7,Control8,Control9,Control11,Control12,Control13,Control16,Control17
3856,105371152,28946,79674,113218482,3502;Control1,Control2,Control3,Control4,Control5,Control7,Control8,Control9,Control10,Control11,Control12,Control13,Control16,Control17
3856,111216286,56896,1750,113218482;Control1,Control2,Control3,Control4,Control5,Control6,Control7,Control8,Control9,Control10,Control12,Control15,Control16,Control17
113218482,3227,115019,389336,1749,354;Control1,Control2,Control3,Control4,Control7,Control8,Control9,Control10,Control11,Control12,Control13,Control15,Control16,Control17
113218482,80714,105372950,56896,84561,1750,3856;Control1,Control2,Control3,Control4,Control5,Control6,Control7,Control8,Control9,Control10,Control12,Control13,Control16,Control17
9700,91828,991,128239,3833,107985017;Control1,Control2,Control3,Control4,Control5,Control6,Control7,Control8,Control10,Control11,Control12,Control13,Control15,Control17
9700,5347,3833;Control1,Control2,Control3,Control4,Control5,Control6,Control7,Control8,Control9,Control11,Control12,Control13,Control15,Control16,Control17
9700,79801,991,128239,4288;Control2,Control3,Control4,Control5,Control6,Control7,Control8,Control9,Control11,Control12,Control13,Control15,Control16,Control17
9700,107985017,991,3833,9212;Control1,Control2,Control3,Control4,Control5,Control6,Control7,Control8,Control9,Control10,Control11,Control12,Control13,Control15,Control16,Control17
9700,10615,991,128239,259266,3833,4288,113130,9212;Control2,Control3,Control4,Control5,Control6,Control7,Control8,Control9,Control10,Control11,Control12,Control15,Control16,Control17
9700,220134,991,128239,55355,3833,4288,9787,9212;Control1,Control2,Control3,Control4,Control5,Control6,Control7,Control10,Control11,Control12,Control13,Control15,Control16,Control17
9700,29128,991,128239,55355,3833,9787,9133;Control1,Control2,Control3,Control4,Control5,Control6,Control7,Control10,Control11,Control12,Control13,Control15,Control16,Control17
9700,22974,991,128239,259266,9232,3833,4288,113130,9787,9212;Control1,Control2,Control3,Control5,Control6,Control7,Control8,Control9,Control10,Control11,Control12,Control15,Control16,Control17
9700,4605,991,10024,9133;Control1,Control2,Control3,Control4,Control5,Control6,Control7,Control9,Control10,Control11,Control12,Control15,Control16,Control17
9700,6790,107985017;Control1,Control2,Control5,Control6,Control7,Control8,Control9,Control10,Control11,Control12,Control13,Control15,Control16,Control17
9700,8318,991,128239,9232,4288,113130,9212;Control1,Control2,Control3,Control4,Control5,Control6,Control7,Control9,Control10,Control11,Control12,Control15,Control16,Control17
9700,9582,128239,3833,4288;Control1,Control3,Control4,Control5,Control6,Control7,Control8,Control9,Control10,Control11,Control12,Control13,Control15,Control17
9700,100874530,128239;Control2,Control3,Control4,Control5,Control6,Control7,Control9,Control10,Control11,Control12,Control13,Control15,Control16,Control17
9700,24137,991,128239,6241,55355,3833,4288,9787,9212;Control1,Control2,Control3,Control4,Control5,Control6,Control7,Control9,Control10,Control11,Control12,Control13,Control16,Control17
3229,103689845,731220,646024,105376041,55655;Control1,Control2,Control3,Control4,Control5,Control6,Control7,Control8,Control9,Control10,Control11,Control12,Control15,Control16,Control17
3229,5100,731220,646024,554202,105376041,55655,3053;Control1,Control2,Control3,Control4,Control6,Control8,Control9,Control10,Control11,Control12,Control13,Control15,Control16,Control17
3229,387978,731220,646024,105376041,55655;Control1,Control2,Control3,Control4,Control5,Control6,Control7,Control8,Control10,Control11,Control12,Control13,Control15,Control16,Control17
3229,9956,731220,646024,105376041,55655;Control1,Control2,Control3,Control4,Control5,Control6,Control7,Control9,Control10,Control11,Control12,Control13,Control15,Control16,Control17
3229,6362,387895,4496;Control1,Control2,Control4,Control5,Control6,Control7,Control8,Control9,Control10,Control11,Control12,Control13,Control15,Control16,Control17
3229,9388,4496;Control1,Control2,Control3,Control5,Control6,Control8,Control9,Control10,Control11,Control12,Control13,Control15,Control16,Control17
3229,100533990,374946,56300,5798,100505994,646024,105376041,387895,4496;Control1,Control2,Control3,Control4,Control5,Control6,Control7,Control8,Control9,Control10,Control11,Control13,Control15,Control17
3229,344,374946,56300,5798,100505994,646024,105376041,4496,100533990;Control1,Control2,Control3,Control4,Control5,Control6,Control7,Control8,Control9,Control10,Control11,Control13,Control15,Control17
3229,3053,646024,105376041,387895;Control1,Control2,Control3,Control4,Control5,Control6,Control7,Control8,Control9,Control10,Control11,Control12,Control13,Control15,Control16,Control17
3227,5265,389336,100130275,4004,5653,5650;Control1,Control2,Control3,Control4,Control5,Control6,Control7,Control8,Control9,Control10,Control11,Control13,Control16,Control17
3227,145873,58,2019,134285,389336,285987,1749,4004,25818,5653,5650,28809,729442;Control1,Control2,Control3,Control4,Control5,Control6,Control7,Control8,Control9,Control10,Control11,Control12,Control13,Control16
3227,4496,389336,646024,105376041,3229,387895;Control1,Control2,Control3,Control4,Control5,Control6,Control7,Control8,Control9,Control12,Control13,Control15,Control16,Control17
3227,3881,81607;Control1,Control2,Control3,Control4,Control5,Control6,Control7,Control8,Control9,Control10,Control11,Control15,Control16,Control17
3227,647946,285987,5653,28809,729442;Control1,Control2,Control3,Control4,Control5,Control6,Control7,Control9,Control10,Control12,Control13,Control15,Control16,Control17
3227,354,389336,1749;Control1,Control2,Control3,Control4,Control6,Control7,Control8,Control9,Control10,Control11,Control12,Control13,Control15,Control16,Control17
3227,5653,389336,5650;Control1,Control2,Control3,Control4,Control5,Control6,Control7,Control8,Control9,Control10,Control11,Control12,Control13,Control15,Control16,Control17
3227,55655;Control1,Control2,Control3,Control4,Control5,Control6,Control7,Control8,Control9,Control10,Control11,Control12,Control13,Control16,Control17
3227,101929707,27237,2328,2019,134285,389336,285987,4004,25818,5653,5650,28809,729442;Control1,Control3,Control4,Control5,Control6,Control7,Control8,Control9,Control10,Control11,Control12,Control13,Control16,Control17
3227,105373150,2019,134285,389336,285987,1749,4004,25818,5653,5650,28809,729442;Control1,Control2,Control4,Control5,Control6,Control7,Control8,Control9,Control10,Control11,Control12,Control13,Control16,Control17
8549,122042,860;Control1,Control2,Control3,Control4,Control5,Control6,Control7,Control8,Control9,Control10,Control11,Control12,Control15,Control16,Control17
8549,103689845;Control1,Control2,Control3,Control4,Control5,Control6,Control8,Control9,Control10,Control11,Control12,Control13,Control15,Control16,Control17
8549,5100;Control1,Control2,Control3,Control4,Control6,Control7,Control8,Control9,Control10,Control11,Control12,Control13,Control15,Control16,Control17
8549,7681;Control1,Control2,Control3,Control4,Control5,Control6,Control7,Control8,Control9,Control10,Control11,Control12,Control13,Control16,Control17
8549,101060400,7681;Control1,Control2,Control3,Control4,Control5,Control6,Control7,Control8,Control10,Control11,Control12,Control13,Control16,Control17
8549,4318,860,122042,109729184;Control1,Control2,Control3,Control4,Control5,Control6,Control7,Control8,Control9,Control10,Control11,Control15,Control16,Control17
8549,107985436,5100,7681;Control1,Control2,Control3,Control4,Control6,Control7,Control8,Control9,Control10,Control11,Control12,Control13,Control16,Control17
144455,387978,6664,4001;Control1,Control2,Control3,Control4,Control5,Control6,Control7,Control8,Control9,Control10,Control11,Control12,Control13,Control15,Control17
144455,9787,55355,64151,55872,55165,221150,57082,51203,29128;Control1,Control2,Control3,Control4,Control5,Control7,Control8,Control9,Control10,Control11,Control12,Control13,Control15,Control16
144455,57082,9928,4001,7153;Control1,Control2,Control3,Control5,Control6,Control7,Control8,Control9,Control10,Control11,Control12,Control13,Control15,Control16,Control17
144455,105370924;Control1,Control2,Control3,Control4,Control5,Control6,Control8,Control10,Control11,Control12,Control13,Control15,Control16,Control17
144455,9055,9928,699,4001,55872,55165,221150,100507118,7153,29128;Control1,Control2,Control3,Control5,Control6,Control7,Control8,Control9,Control10,Control11,Control12,Control13,Control15,Control16
144455,9496,51203;Control1,Control2,Control3,Control4,Control5,Control6,Control7,Control9,Control11,Control12,Control13,Control15,Control16,Control17
144455,29128,64151,4001,51203;Control1,Control2,Control3,Control4,Control5,Control7,Control8,Control9,Control10,Control11,Control12,Control13,Control15,Control16,Control17
144455,54821,57082;Control1,Control2,Control3,Control5,Control6,Control7,Control8,Control9,Control10,Control11,Control12,Control15,Control16,Control17
144455,389903,6664,64151,4001,387978,220134;Control1,Control2,Control3,Control4,Control5,Control6,Control7,Control8,Control9,Control10,Control11,Control12,Control13,Control15
10993,100506411,7477;Control1,Control2,Control3,Control5,Control6,Control7,Control8,Control10,Control11,Control12,Control13,Control15,Control16,Control17
10993,84419;Control1,Control2,Control3,Control5,Control6,Control7,Control8,Control9,Control10,Control11,Control13,Control15,Control16,Control17
10993,79191,105378305,7477;Control1,Control2,Control3,Control5,Control6,Control7,Control8,Control9,Control10,Control11,Control12,Control13,Control15,Control17
10993,10265;Control1,Control2,Control3,Control5,Control6,Control7,Control8,Control9,Control11,Control12,Control13,Control15,Control16,Control17
10993,4318,63898,105378305,109729184,57167,7477;Control1,Control2,Control3,Control5,Control6,Control7,Control8,Control9,Control11,Control12,Control13,Control15,Control16,Control17
10993,101927355,100996301,81849,253650,112268037,100506411,107985492;Control1,Control2,Control3,Control4,Control5,Control6,Control7,Control8,Control9,Control11,Control13,Control15,Control16,Control17
10993,57167,7477;Control1,Control2,Control3,Control4,Control5,Control6,Control7,Control8,Control9,Control11,Control12,Control13,Control15,Control16,Control17
387895,103689845,646024,105376041,3229,3053;Control1,Control2,Control3,Control4,Control5,Control6,Control7,Control8,Control9,Control10,Control11,Control12,Control15,Control16,Control17
387895,101929690,148645,3239,56203,3670,345643,5307,105375894,1690,100506071,6362,106481742,9758,8471;Control1,Control2,Control3,Control4,Control5,Control6,Control7,Control8,Control9,Control10,Control11,Control12,Control13,Control17
387895,9955,56300,646024,11075,105376041,4496,109729169;Control1,Control3,Control4,Control5,Control6,Control7,Control8,Control9,Control10,Control11,Control12,Control13,Control15,Control17
387895,100533789,646024,105376041,387978;Control1,Control2,Control3,Control4,Control5,Control6,Control7,Control10,Control11,Control12,Control13,Control15,Control16,Control17
387895,400618;Control1,Control2,Control3,Control4,Control5,Control6,Control7,Control8,Control9,Control10,Control11,Control12,Control13,Control16
387895,100533990,5798,647309,100505994,646024,105376041;Control1,Control2,Control4,Control5,Control6,Control7,Control8,Control9,Control10,Control11,Control13,Control15,Control16,Control17
387895,109729184,5798,860,646024,168002,11075,554202,105376041,3229,4318,109729169;Control1,Control2,Control3,Control4,Control5,Control6,Control8,Control9,Control10,Control11,Control13,Control15,Control16,Control17
338797,50614;Control1,Control2,Control3,Control4,Control5,Control6,Control7,Control8,Control9,Control10,Control11,Control12,Control15,Control16,Control17
338797,2835,6273,105375027,105375674,101927760,338667;Control2,Control3,Control5,Control6,Control7,Control8,Control9,Control10,Control11,Control12,Control13,Control15,Control16,Control17
338797,103689845,6273,105375027,101927760,338667;Control1,Control2,Control3,Control4,Control5,Control6,Control7,Control8,Control9,Control10,Control11,Control12,Control13,Control16,Control17
338797,64843,50614;Control1,Control2,Control4,Control5,Control6,Control7,Control8,Control9,Control10,Control11,Control12,Control15,Control16,Control17
338797,105371050,6273,105375027,338667;Control1,Control2,Control3,Control4,Control5,Control6,Control7,Control8,Control10,Control11,Control12,Control13,Control15,Control16,Control17
338797,53820,23566,6273,105375027,101927760,338667,111216286;Control1,Control2,Control3,Control4,Control5,Control7,Control8,Control9,Control10,Control11,Control12,Control13,Control15,Control16
338797,111216286,6273,105375027,101927760,338667;Control1,Control2,Control3,Control4,Control5,Control7,Control8,Control9,Control10,Control11,Control12,Control13,Control15,Control16,Control17
338797,51512;Control1,Control3,Control4,Control5,Control6,Control7,Control8,Control9,Control10,Control11,Control12,Control13,Control15,Control16
338797,107985627,6273,105375027,101927760,102724784,338667;Control1,Control2,Control3,Control4,Control5,Control6,Control7,Control8,Control9,Control10,Control12,Control13,Control15,Control16,Control17
50614,5083,6664,4547,2625,387978,101060400;Control1,Control2,Control3,Control5,Control6,Control8,Control9,Control10,Control11,Control12,Control13,Control15,Control16,Control17
50614,6495,6664,4547,27299,2625,387978;Control1,Control2,Control3,Control5,Control6,Control7,Control8,Control9,Control10,Control11,Control12,Control15,Control16,Control17
50614,105371275,6664,7180,2625,387978,105372115;Control1,Control2,Control3,Control4,Control5,Control6,Control7,Control8,Control9,Control10,Control11,Control15,Control16,Control17
50614,1630;Control1,Control2,Control3,Control4,Control5,Control6,Control7,Control10,Control11,Control12,Control13,Control15,Control16,Control17
221150,91828,128239,55355,3833,9787,9212,220134;Control1,Control2,Control3,Control4,Control5,Control6,Control7,Control8,Control10,Control11,Control12,Control13,Control15,Control17
221150,100288637,9928,4751,55247,3161,55872,7153,29128;Control1,Control2,Control3,Control4,Control5,Control6,Control7,Control8,Control9,Control10,Control11,Control12,Control13,Control15,Control16
221150,57082,9928,6241,64151,3161,55872,55165,100507118,7153,29128,24137;Control1,Control2,Control3,Control4,Control5,Control6,Control7,Control8,Control9,Control10,Control11,Control12,Control13,Control15,Control16
221150,9768,55355,64151,55872,55165,220134,29128,24137;Control1,Control2,Control3,Control4,Control5,Control6,Control7,Control9,Control10,Control11,Control12,Control15,Control16,Control17
221150,9055,1063,3161,55872,55165,9787,100507118,29128;Control1,Control2,Control3,Control4,Control5,Control6,Control7,Control8,Control9,Control10,Control11,Control12,Control13,Control15,Control16,Control17
221150,899,220134;Control1,Control2,Control5,Control6,Control7,Control8,Control9,Control10,Control11,Control12,Control13,Control15,Control16,Control17
221150,5347,991,128239,55355,3833,4288,112937,9212,220134;Control1,Control2,Control3,Control4,Control5,Control6,Control7,Control10,Control11,Control12,Control13,Control15,Control16,Control17
221150,79801,991,259266,1063,6241,55355,4288,9787,9133;Control1,Control2,Control3,Control4,Control5,Control6,Control7,Control8,Control9,Control10,Control11,Control12,Control13,Control16,Control17
221150,146909,991,259266,1063,6241,55355,9232,4288,113130,9787,9133,9212,24137;Control1,Control2,Control3,Control4,Control5,Control6,Control7,Control8,Control9,Control10,Control12,Control13,Control16,Control17
221150,105372115,56992,64151,55247,3161,54443,55872,9055,220134,389903;Control1,Control3,Control4,Control5,Control6,Control7,Control8,Control9,Control10,Control11,Control12,Control13,Control15,Control17
221150,55723,11065;Control1,Control2,Control3,Control4,Control5,Control6,Control7,Control8,Control9,Control10,Control11,Control12,Control13,Control15,Control16,Control17
221150,22974,1063,6241,699,55355,9787,100507118,24137;Control1,Control2,Control3,Control5,Control6,Control7,Control8,Control9,Control10,Control11,Control12,Control13,Control15,Control16,Control17
221150,8318,991,128239,55355,9212,332;Control1,Control2,Control3,Control4,Control5,Control6,Control7,Control8,Control10,Control11,Control12,Control15,Control16,Control17
221150,54821,56992,57082;Control1,Control2,Control3,Control4,Control5,Control6,Control7,Control8,Control9,Control10,Control11,Control12,Control15,Control16
2835,7546,366;Control1,Control2,Control3,Control4,Control5,Control6,Control7,Control8,Control9,Control10,Control11,Control12,Control15,Control16,Control17
2835,9628,8355;Control1,Control2,Control3,Control5,Control7,Control8,Control9,Control10,Control11,Control12,Control13,Control15,Control16,Control17
2835,11001;Control1,Control2,Control3,Control4,Control6,Control7,Control8,Control10,Control11,Control12,Control13,Control15,Control16,Control17
2835,339256,4283,7546,102606463,147741;Control1,Control2,Control3,Control5,Control6,Control7,Control8,Control9,Control10,Control11,Control12,Control15,Control16,Control17
2835,8529;Control1,Control2,Control3,Control5,Control6,Control7,Control8,Control9,Control10,Control11,Control12,Control15,Control16,Control17
2835,111216286,6273,8355,105375027,101927760,338667;Control2,Control3,Control5,Control6,Control7,Control8,Control9,Control10,Control11,Control12,Control13,Control15,Control16,Control17
2835,23532,4283,7546,100506655,102606463;Control1,Control2,Control3,Control5,Control6,Control7,Control8,Control9,Control10,Control11,Control12,Control15,Control16,Control17
2835,2277,51361,81849,105374166,23286,340273,100289137,253650,158228,112268037,143662,7546,6495,100506411,654499,101927355,54101;Control2,Control3,Control4,Control5,Control6,Control7,Control8,Control9,Control10,Control11,Control12,Control15,Control16,Control17
122042,5101,860;Control1,Control2,Control3,Control5,Control6,Control7,Control8,Control9,Control10,Control11,Control12,Control13,Control15,Control16,Control17
122042,4496,646024,105376041,3229;Control1,Control2,Control3,Control4,Control5,Control6,Control8,Control9,Control10,Control11,Control12,Control13,Control15,Control16,Control17
122042,100533789;Control1,Control2,Control3,Control4,Control5,Control6,Control8,Control9,Control10,Control11,Control13,Control15,Control16,Control17
122042,101060400;Control1,Control2,Control3,Control4,Control5,Control6,Control7,Control8,Control9,Control10,Control11,Control12,Control13,Control16,Control17
122042,9388,860,219970;Control1,Control2,Control3,Control5,Control6,Control7,Control8,Control9,Control10,Control11,Control12,Control13,Control15,Control16,Control17
122042,115701,284958,646024,105376041,3229,387895,387978;Control1,Control2,Control3,Control4,Control5,Control6,Control8,Control10,Control11,Control12,Control13,Control15,Control16,Control17
122042,55655,284958,105377508,646024,105376041,3229,387978;Control1,Control2,Control3,Control4,Control5,Control6,Control8,Control10,Control11,Control12,Control13,Control15,Control16,Control17
122042,4318,860,109729184;Control1,Control2,Control3,Control4,Control5,Control6,Control7,Control8,Control9,Control10,Control11,Control13,Control15,Control16,Control17
122042,107985436,860,105376042,9355,5100,7681;Control1,Control2,Control3,Control4,Control6,Control7,Control8,Control9,Control10,Control11,Control12,Control13,Control16,Control17
122042,23562;Control2,Control3,Control5,Control6,Control7,Control8,Control9,Control10,Control11,Control12,Control13,Control15,Control16,Control17
122042,100874530;Control1,Control2,Control3,Control4,Control5,Control6,Control8,Control9,Control10,Control11,Control12,Control13,Control15,Control16
103689845,387978,731220,100505994,646024,105376041;Control1,Control2,Control3,Control4,Control5,Control6,Control7,Control8,Control10,Control11,Control12,Control15,Control16,Control17
103689845,105371050,6273,3754,105375027,338667;Control1,Control2,Control3,Control4,Control5,Control6,Control7,Control9,Control10,Control11,Control12,Control13,Control16,Control17
103689845,9956;Control1,Control2,Control3,Control4,Control5,Control6,Control7,Control8,Control9,Control10,Control12,Control15,Control16,Control17
103689845,9955,646024,11075,105376041;Control1,Control3,Control4,Control5,Control6,Control7,Control8,Control9,Control10,Control11,Control12,Control15,Control16,Control17
103689845,3881,6273,105375027,102724784,338667;Control1,Control2,Control3,Control4,Control5,Control6,Control7,Control8,Control9,Control10,Control11,Control12,Control13,Control16,Control17
103689845,115701,2250,646024,105376041,3229,387895,55655;Control1,Control2,Control3,Control4,Control5,Control6,Control7,Control8,Control9,Control11,Control12,Control15,Control16,Control17
103689845,100533990,5798,100505994,646024,105376041;Control1,Control2,Control3,Control4,Control5,Control6,Control7,Control8,Control9,Control10,Control11,Control15,Control16,Control17
103689845,107985492,731220,100505994,646024,11075,105376041,55655;Control1,Control2,Control3,Control5,Control6,Control7,Control8,Control9,Control10,Control11,Control12,Control15,Control16,Control17
103689845,107985627,3754,105375027,102724784,338667;Control1,Control2,Control3,Control4,Control5,Control6,Control7,Control8,Control9,Control10,Control11,Control12,Control13,Control16,Control17
103689845,109729169,5798,11075;Control1,Control2,Control3,Control4,Control5,Control6,Control7,Control8,Control9,Control10,Control12,Control15,Control16,Control17
5100,5101,860,122042;Control1,Control2,Control3,Control6,Control7,Control8,Control9,Control10,Control11,Control12,Control13,Control15,Control16,Control17
5100,594855,5865,6716,1047,166979,4544,116173,7681,6345,107985436;Control1,Control2,Control3,Control4,Control5,Control6,Control8,Control9,Control10,Control11,Control12,Control13,Control16,Control17
5100,105370953,107985436;Control1,Control2,Control3,Control4,Control5,Control7,Control8,Control9,Control10,Control11,Control12,Control13,Control15,Control16,Control17
5100,6345,5865,6716,3580,1047,166979,4544,7681,107985436;Control1,Control2,Control3,Control4,Control5,Control6,Control8,Control9,Control10,Control11,Control12,Control13,Control16,Control17
5100,9956,100505994,554202;Control1,Control2,Control3,Control4,Control6,Control8,Control9,Control10,Control11,Control12,Control13,Control15,Control16,Control17
5100,4496,646024,105376041,3229,387895,115701;Control1,Control2,Control3,Control4,Control6,Control8,Control9,Control10,Control11,Control12,Control13,Control15,Control16,Control17
5100,101060400,860,7681,107985436;Control1,Control2,Control3,Control4,Control6,Control7,Control8,Control10,Control11,Control12,Control13,Control15,Control16,Control17
5100,6860,107985513;Control2,Control3,Control4,Control5,Control6,Control8,Control9,Control10,Control11,Control12,Control13,Control15,Control16,Control17
5100,115701,284958,646024,105376041,3229,387895;Control1,Control2,Control3,Control4,Control6,Control8,Control9,Control10,Control11,Control12,Control13,Control15,Control16,Control17
5100,4318,860;Control1,Control2,Control3,Control4,Control5,Control6,Control7,Control8,Control9,Control10,Control11,Control13,Control15,Control16,Control17
5100,109729184,860,122042,4318;Control1,Control2,Control3,Control4,Control6,Control7,Control8,Control9,Control10,Control11,Control13,Control15,Control16,Control17
5100,107985436;Control1,Control2,Control3,Control4,Control5,Control6,Control7,Control8,Control9,Control10,Control11,Control12,Control13,Control15,Control16,Control17
5100,3053;Control1,Control2,Control3,Control4,Control5,Control6,Control8,Control9,Control10,Control11,Control12,Control13,Control15,Control16,Control17
5100,23532,3604,107985436;Control2,Control3,Control4,Control5,Control6,Control7,Control8,Control10,Control11,Control12,Control13,Control15,Control16,Control17
81624,9493,4751,54443,9055,83903;Control1,Control2,Control4,Control5,Control6,Control7,Control8,Control9,Control11,Control12,Control13,Control15,Control16,Control17
81624,79801,991,259266,1063,57405,9232,9787,9133;Control1,Control3,Control4,Control5,Control6,Control7,Control8,Control9,Control11,Control12,Control13,Control15,Control16,Control17
81624,83903,150468,54443;Control1,Control2,Control3,Control4,Control5,Control6,Control7,Control8,Control9,Control11,Control12,Control13,Control15,Control16,Control17
81624,107985017,105375610;Control1,Control2,Control3,Control4,Control5,Control6,Control7,Control8,Control9,Control10,Control11,Control13,Control15,Control16
81624,9955,27178,285643;Control1,Control2,Control3,Control4,Control5,Control6,Control7,Control8,Control11,Control12,Control13,Control15,Control16,Control17
81624,101929707;Control1,Control2,Control3,Control4,Control5,Control6,Control7,Control8,Control9,Control10,Control11,Control12,Control13,Control15,Control16,Control17
81624,51512,150468;Control1,Control2,Control3,Control4,Control5,Control6,Control7,Control8,Control9,Control11,Control12,Control13,Control15,Control16,Control17
5101,387978,731220,100505994,646024,554202,105376041;Control1,Control2,Control3,Control4,Control5,Control6,Control8,Control10,Control11,Control12,Control13,Control15,Control16,Control17
5101,1690;Control1,Control2,Control4,Control5,Control6,Control7,Control8,Control9,Control10,Control11,Control12,Control13,Control15,Control16
5101,7681,860,554202,9355;Control1,Control2,Control3,Control5,Control6,Control7,Control8,Control9,Control10,Control11,Control12,Control13,Control16,Control17
5101,9956,2250,646024,105376041;Control1,Control2,Control3,Control4,Control5,Control6,Control9,Control10,Control11,Control12,Control13,Control15,Control16,Control17
5101,6362,100505994,554202,387895;Control1,Control2,Control4,Control5,Control6,Control8,Control9,Control10,Control11,Control12,Control13,Control15,Control16,Control17
5101,100533990,5798,100505994,646024,554202,105376041,344,109729169;Control1,Control2,Control3,Control4,Control5,Control6,Control8,Control9,Control10,Control11,Control13,Control15,Control16,Control17
5101,55655,100505994,646024,11075,554202,105376041,107985492,109729169;Control1,Control2,Control3,Control5,Control6,Control8,Control9,Control10,Control11,Control12,Control13,Control15,Control16,Control17
5101,4318,860,109729184;Control1,Control2,Control3,Control4,Control5,Control6,Control7,Control8,Control9,Control10,Control11,Control13,Control15,Control16,Control17
5101,57167,860;Control1,Control2,Control3,Control4,Control5,Control6,Control8,Control9,Control10,Control11,Control12,Control13,Control15,Control16,Control17
5101,23562,554202;Control2,Control3,Control4,Control5,Control6,Control7,Control9,Control10,Control11,Control12,Control13,Control15,Control16,Control17
5101,3053,100505994,646024,554202,105376041,3229,387895,107985492;Control1,Control2,Control3,Control5,Control6,Control8,Control9,Control10,Control11,Control12,Control13,Control15,Control16,Control17
5101,7477,63898;Control1,Control2,Control3,Control4,Control5,Control6,Control7,Control8,Control9,Control10,Control11,Control13,Control15,Control16,Control17
7546,161291,3352,51361,10309,23286,340273,100289137,158228,143662,79056,6495,100506411,654499,970,101927355,54101;Control2,Control4,Control5,Control6,Control7,Control8,Control9,Control10,Control11,Control12,Control13,Control15,Control16,Control17
7546,366;Control1,Control2,Control3,Control4,Control5,Control6,Control7,Control8,Control9,Control10,Control11,Control12,Control13,Control15,Control16,Control17
7546,101929690,4283,366,102606463;Control1,Control2,Control5,Control6,Control7,Control8,Control9,Control10,Control11,Control12,Control13,Control15,Control16,Control17
7546,6345,147741;Control1,Control2,Control3,Control6,Control7,Control8,Control9,Control10,Control11,Control12,Control13,Control15,Control16,Control17
7546,100506655,4283,102606463,147741;Control1,Control2,Control3,Control5,Control6,Control7,Control8,Control9,Control10,Control11,Control12,Control13,Control15,Control16,Control17
7546,102606463;Control1,Control2,Control3,Control4,Control5,Control6,Control7,Control8,Control9,Control10,Control11,Control12,Control13,Control15,Control16,Control17
7546,6860,147741,107985513;Control1,Control2,Control3,Control6,Control7,Control8,Control9,Control10,Control11,Control12,Control13,Control15,Control16,Control17
7546,9388,51361,100996301,81849,105374166,23286,340273,253650,158228,112268037,143662,6495,100506411,654499,101927355,107985492,54101,2277;Control2,Control3,Control4,Control5,Control6,Control8,Control9,Control10,Control11,Control12,Control13,Control15,Control16,Control17
7546,107985513,4283,102606463,147741;Control1,Control2,Control3,Control6,Control7,Control8,Control9,Control10,Control11,Control12,Control13,Control15,Control16,Control17
7546,23532,4283,100506655,102606463;Control1,Control2,Control3,Control5,Control6,Control7,Control8,Control9,Control10,Control11,Control12,Control13,Control15,Control16,Control17
7546,2277,51361,81849,105374166,23286,340273,100289137,253650,158228,112268037,143662,6495,100506411,654499,101927355,54101;Control2,Control3,Control4,Control5,Control6,Control7,Control8,Control9,Control10,Control11,Control12,Control13,Control15,Control16,Control17
28755,5265,4973;Control1,Control2,Control3,Control6,Control7,Control8,Control9,Control10,Control11,Control12,Control13,Control15,Control16,Control17
28755,55423;Control2,Control3,Control4,Control5,Control6,Control7,Control8,Control9,Control10,Control11,Control12,Control13,Control15,Control16,Control17
116173,7681,5865,6716,1047,166979,219527,4544,6345,107985436;Control1,Control2,Control3,Control4,Control5,Control6,Control8,Control9,Control10,Control11,Control12,Control13,Control15,Control16,Control17
116173,1748;Control1,Control2,Control4,Control5,Control6,Control7,Control8,Control9,Control10,Control11,Control12,Control13,Control15,Control16,Control17
116173,3053,5865,1047,166979,219527,4544;Control1,Control3,Control4,Control5,Control6,Control7,Control8,Control9,Control10,Control11,Control12,Control13,Control16,Control17
387978,100288637,4751,6664,4001,54443;Control1,Control3,Control4,Control5,Control6,Control7,Control9,Control10,Control11,Control12,Control13,Control15,Control16,Control17
387978,9956,731220,100505994,646024,105376041;Control1,Control2,Control3,Control4,Control5,Control6,Control7,Control10,Control11,Control12,Control13,Control15,Control16,Control17
387978,4496,646024,105376041,3229,387895,115701;Control1,Control2,Control3,Control4,Control5,Control6,Control7,Control8,Control10,Control11,Control12,Control13,Control15,Control16,Control17
387978,9955,646024,11075,105376041,109729169;Control1,Control3,Control4,Control5,Control6,Control7,Control8,Control10,Control11,Control12,Control13,Control15,Control16,Control17
387978,100533789,5798,646024,105376041,3229;Control1,Control2,Control3,Control4,Control5,Control6,Control7,Control8,Control10,Control11,Control13,Control15,Control16,Control17
387978,115701,284958,646024,105376041,3229,387895;Control1,Control2,Control3,Control4,Control5,Control6,Control7,Control8,Control10,Control11,Control12,Control13,Control15,Control16,Control17
387978,100533990,5798,84561,646024,105376041,344,3053,109729169;Control1,Control2,Control3,Control4,Control5,Control6,Control7,Control8,Control10,Control11,Control13,Control15,Control16,Control17
387978,109729169,646024,11075,105376041,55655;Control1,Control2,Control3,Control4,Control5,Control6,Control7,Control8,Control10,Control11,Control12,Control13,Control15,Control16,Control17
1690,91828,100506071;Control1,Control4,Control5,Control6,Control7,Control8,Control9,Control10,Control11,Control12,Control13,Control15,Control16,Control17
1690,3783,100506071;Control1,Control2,Control4,Control5,Control6,Control7,Control8,Control9,Control10,Control11,Control12,Control13,Control15,Control16,Control17
100506071,102723547,3664,3783;Control1,Control2,Control4,Control5,Control6,Control7,Control8,Control9,Control10,Control11,Control12,Control13,Control16,Control17
5083,6495,6664,4547,27299,2625,387978,101060400;Control1,Control2,Control3,Control5,Control6,Control8,Control9,Control10,Control11,Control12,Control13,Control15,Control16,Control17
5083,7681,105376042,9355,101060400;Control1,Control2,Control4,Control5,Control6,Control7,Control8,Control10,Control11,Control12,Control13,Control15,Control16,Control17
5083,64843,3604,6664,4547,27299,2625,387978,101060400,105372115;Control1,Control2,Control4,Control5,Control6,Control8,Control9,Control10,Control11,Control12,Control13,Control15,Control16,Control17
5083,100506655,3604,27299,101060400,23532;Control2,Control3,Control4,Control5,Control6,Control7,Control8,Control9,Control10,Control11,Control12,Control13,Control15,Control16,Control17
5083,105372115,3604,6664,4547,27299,2625,387978,101060400,389903;Control1,Control2,Control3,Control4,Control5,Control6,Control8,Control9,Control10,Control11,Control12,Control13,Control15,Control16
1033,9628;Control1,Control2,Control3,Control4,Control6,Control7,Control8,Control9,Control10,Control12,Control13,Control15,Control16,Control17
1033,9493;Control1,Control2,Control3,Control4,Control5,Control6,Control7,Control8,Control9,Control11,Control13,Control15,Control16,Control17
1033,100507118,1063;Control1,Control2,Control3,Control5,Control6,Control7,Control8,Control9,Control11,Control12,Control13,Control15,Control16,Control17
1033,6790;Control1,Control2,Control3,Control4,Control5,Control6,Control7,Control8,Control9,Control10,Control11,Control13,Control15,Control16,Control17
9787,9493,4751,6241,3161,54443,55872,983,55165,9824,51203,9055,100507118,7153;Control1,Control2,Control4,Control5,Control6,Control7,Control8,Control9,Control10,Control11,Control12,Control13,Control15,Control16
9787,107985017,991,9232,3833,9212,146909;Control1,Control2,Control3,Control4,Control5,Control6,Control7,Control8,Control9,Control10,Control12,Control13,Control15,Control16,Control17
9787,201299,221150,100507118;Control1,Control2,Control3,Control4,Control5,Control7,Control8,Control9,Control10,Control11,Control12,Control13,Control15,Control16,Control17
9787,9582,128239;Control1,Control3,Control4,Control5,Control6,Control7,Control8,Control9,Control10,Control11,Control12,Control13,Control15,Control16,Control17
6495,9493;Control1,Control3,Control5,Control6,Control7,Control8,Control9,Control10,Control11,Control12,Control13,Control15,Control16,Control17
6495,64843;Control1,Control2,Control3,Control5,Control6,Control7,Control8,Control9,Control10,Control11,Control12,Control13,Control15,Control16,Control17
6495,101929690,148645,3239,56203,3670,345643,5307,105375894,1690,100506071,64843,6362,106481742,9758,8471;Control1,Control2,Control3,Control5,Control6,Control7,Control8,Control10,Control11,Control12,Control13,Control15,Control16,Control17
6495,100506655,6664,4547,27299,2625,387978;Control2,Control3,Control5,Control6,Control7,Control8,Control9,Control10,Control11,Control12,Control13,Control15,Control16,Control17
6495,105372115,3604,6664,4547,27299,2625,387978,64843;Control1,Control2,Control5,Control6,Control7,Control8,Control9,Control10,Control11,Control12,Control13,Control15,Control16,Control17
6495,389903,6664,4547,27299,2625,387978,64843,105372115;Control1,Control2,Control5,Control6,Control7,Control8,Control9,Control10,Control11,Control12,Control13,Control15,Control16,Control17
161291,101929690,148645,3239,56203,3670,345643,10309,5307,105375894,1690,100506071,6362,106481742,9758,8471;Control2,Control3,Control5,Control6,Control7,Control8,Control9,Control10,Control11,Control12,Control13,Control15,Control16,Control17
161291,102606463,10309;Control2,Control3,Control4,Control6,Control7,Control8,Control9,Control10,Control11,Control12,Control13,Control15,Control16,Control17
161291,2277,51361,105374166,10309,23286,340273,245972,100289137,253650,158228,112268037,143662,6495,100506411,654499,970,101927355,54101;Control1,Control2,Control4,Control5,Control6,Control7,Control8,Control9,Control11,Control12,Control13,Control15,Control16,Control17
161291,105373150,148645,3239,56203,3670,345643,10309,5307,105375894,1690,100506071,101929690,6362,106481742,9758,8471;Control1,Control2,Control3,Control5,Control6,Control7,Control8,Control9,Control11,Control12,Control13,Control15,Control16,Control17
100506411,338005,9076;Control1,Control2,Control3,Control5,Control6,Control7,Control8,Control9,Control10,Control11,Control12,Control13,Control16,Control17
100506411,79191,168002,107986951,4318,109729184,7477;Control1,Control2,Control3,Control5,Control6,Control7,Control8,Control9,Control10,Control11,Control12,Control13,Control15,Control17
100506411,10265,109729184,7477;Control1,Control2,Control3,Control5,Control6,Control7,Control8,Control10,Control11,Control12,Control13,Control15,Control16,Control17
100506411,4318,9076,101928658,107986951,109729184;Control1,Control2,Control3,Control5,Control6,Control7,Control8,Control9,Control10,Control11,Control12,Control13,Control15,Control17
100506411,57167,101928658,338005;Control1,Control2,Control3,Control5,Control6,Control7,Control8,Control9,Control10,Control11,Control12,Control13,Control16,Control17
9628,107984763,23566;Control1,Control2,Control3,Control4,Control5,Control6,Control7,Control8,Control9,Control10,Control11,Control12,Control13,Control15,Control16
9628,594855,5008;Control1,Control2,Control3,Control4,Control6,Control7,Control8,Control9,Control10,Control11,Control12,Control15,Control16,Control17
9628,53820,111216286;Control2,Control3,Control4,Control5,Control6,Control7,Control8,Control9,Control10,Control11,Control12,Control13,Control15,Control16,Control17
9628,111216286;Control1,Control2,Control3,Control4,Control5,Control6,Control7,Control8,Control9,Control10,Control11,Control12,Control13,Control15,Control16,Control17
9628,5008;Control1,Control2,Control3,Control4,Control5,Control6,Control7,Control8,Control9,Control10,Control11,Control12,Control15,Control16,Control17
9628,9758;Control1,Control2,Control4,Control5,Control6,Control7,Control8,Control9,Control10,Control11,Control12,Control15,Control16,Control17
5265,3502,58,102724714;Control2,Control3,Control4,Control5,Control6,Control7,Control8,Control9,Control10,Control11,Control13,Control15,Control16,Control17
5265,105371275;Control1,Control2,Control3,Control4,Control5,Control6,Control7,Control8,Control11,Control12,Control13,Control15,Control16,Control17
5265,3881,102467080;Control1,Control2,Control3,Control4,Control5,Control6,Control7,Control8,Control9,Control10,Control12,Control15,Control16,Control17
5265,10437;Control1,Control2,Control3,Control4,Control5,Control6,Control7,Control8,Control9,Control10,Control11,Control12,Control13,Control15,Control16,Control17
5265,354,58,134285,389336,285987,4004,3502,5653,5650,28809,729442;Control2,Control3,Control4,Control5,Control6,Control7,Control8,Control9,Control10,Control11,Control13,Control15,Control16,Control17
5265,25818,58,134285,285987,4004,5653,5650,28809,105373150,729442;Control1,Control2,Control4,Control5,Control6,Control7,Control8,Control9,Control10,Control11,Control13,Control15,Control16,Control17
5265,101929707,27237,58,134285,285987,4004,5653,5650,28809,729442;Control1,Control3,Control4,Control5,Control6,Control7,Control8,Control9,Control10,Control11,Control13,Control15,Control16,Control17
91828,11001;Control1,Control2,Control4,Control6,Control7,Control8,Control9,Control10,Control11,Control12,Control13,Control15,Control16,Control17
91828,9133,128239,3833,107985017,9212;Control1,Control2,Control3,Control4,Control5,Control6,Control7,Control8,Control9,Control11,Control12,Control13,Control15,Control17
91828,176;Control1,Control2,Control3,Control4,Control5,Control6,Control7,Control9,Control10,Control11,Control13,Control15,Control16,Control17
91828,100507118,991,55355,3833,9787,220134;Control1,Control2,Control3,Control4,Control5,Control6,Control7,Control8,Control10,Control11,Control12,Control13,Control15,Control17
91828,107985017;Control1,Control2,Control3,Control4,Control5,Control6,Control7,Control8,Control9,Control10,Control11,Control12,Control13,Control15,Control16,Control17
91828,9955,55143;Control1,Control2,Control3,Control4,Control5,Control6,Control7,Control8,Control9,Control11,Control12,Control13,Control15,Control16
91828,146909,1058,9212;Control1,Control2,Control3,Control4,Control5,Control6,Control7,Control8,Control11,Control12,Control13,Control15,Control16,Control17
91828,8318;Control1,Control2,Control3,Control4,Control5,Control6,Control7,Control8,Control9,Control10,Control11,Control12,Control15,Control17
91828,9582;Control1,Control3,Control4,Control5,Control6,Control7,Control8,Control10,Control11,Control12,Control13,Control15,Control16,Control17
91828,100874530;Control1,Control3,Control4,Control5,Control6,Control7,Control8,Control9,Control10,Control11,Control12,Control13,Control15,Control17
3502,7681,5865,28946,3580,3512,1047,166979,4544,105371152,107985436,28809;Control1,Control2,Control3,Control4,Control5,Control6,Control8,Control9,Control11,Control12,Control13,Control15,Control16,Control17
3502,594855,5865,6716,28946,3512,1047,166979,4544,28809;Control1,Control2,Control3,Control4,Control5,Control6,Control7,Control8,Control9,Control11,Control12,Control13,Control15,Control16,Control17
3502,10942,3580,3512,28809;Control1,Control2,Control3,Control4,Control5,Control6,Control7,Control8,Control9,Control12,Control13,Control15,Control16,Control17
3502,6345,5865,6716,28946,3580,3512,1047,166979,4544,594855,28809;Control2,Control3,Control4,Control5,Control6,Control7,Control8,Control9,Control11,Control12,Control13,Control15,Control16,Control17
3502,105371152,28946;Control1,Control2,Control3,Control4,Control5,Control6,Control7,Control8,Control9,Control10,Control11,Control12,Control13,Control15,Control16,Control17
3502,284293,145873;Control1,Control2,Control3,Control4,Control5,Control6,Control7,Control8,Control9,Control10,Control11,Control12,Control13,Control15,Control16,Control17
3502,26150,5865,6716,28946,3512,1047,166979,4544;Control1,Control2,Control3,Control4,Control5,Control6,Control7,Control8,Control9,Control12,Control13,Control15,Control16,Control17
3502,105373150,58,2019,134285,389336,285987,4004,145873,25818,5653,5650,28809,729442;Control1,Control2,Control4,Control5,Control6,Control7,Control8,Control9,Control10,Control11,Control12,Control13,Control15,Control16,Control17
3502,8471,58,101927750,2019,134285,389336,285987,4004,25818,5653,5650,28809,105373150,729442;Control1,Control2,Control4,Control5,Control6,Control7,Control8,Control9,Control10,Control11,Control12,Control13,Control15,Control17
338005,654499,574029,107986951;Control1,Control2,Control3,Control5,Control6,Control7,Control8,Control9,Control10,Control11,Control12,Control13,Control15,Control17
338005,7681,941,9355;Control1,Control2,Control3,Control4,Control5,Control6,Control7,Control8,Control9,Control10,Control13,Control15,Control16,Control17
338005,50615;Control1,Control2,Control3,Control4,Control5,Control6,Control7,Control8,Control9,Control10,Control11,Control12,Control13,Control15,Control16,Control17
338005,1995;Control1,Control2,Control3,Control4,Control5,Control6,Control8,Control9,Control10,Control11,Control12,Control13,Control15,Control16,Control17
338005,5650,11075,50615;Control1,Control2,Control3,Control4,Control5,Control6,Control7,Control8,Control9,Control11,Control12,Control13,Control16,Control17
338005,4318,109729184;Control1,Control2,Control3,Control4,Control5,Control6,Control7,Control8,Control9,Control10,Control11,Control12,Control13,Control16,Control17
338005,109729184,101928658;Control1,Control2,Control3,Control4,Control5,Control6,Control7,Control8,Control9,Control10,Control11,Control12,Control13,Control16,Control17
338005,107985627,6422;Control1,Control2,Control3,Control4,Control5,Control6,Control7,Control8,Control9,Control10,Control11,Control15,Control16,Control17
338005,109729169,5798,168002,11075,79191,4318,109729184;Control1,Control2,Control3,Control4,Control5,Control6,Control7,Control8,Control9,Control10,Control12,Control13,Control16,Control17
338005,2277;Control1,Control2,Control3,Control5,Control6,Control7,Control8,Control9,Control10,Control11,Control13,Control15,Control16,Control17
338005,186,6422;Control1,Control3,Control4,Control5,Control6,Control7,Control8,Control9,Control10,Control11,Control13,Control15,Control16,Control17
654499,400618,574414,574029,253582;Control1,Control2,Control3,Control5,Control6,Control7,Control8,Control9,Control10,Control11,Control12,Control13,Control15,Control16
654499,110806280,1301,574414,574029,253582,112937;Control1,Control2,Control3,Control5,Control6,Control7,Control8,Control9,Control10,Control11,Control12,Control13,Control15,Control16
654499,4318,107986951,109729184;Control1,Control2,Control3,Control5,Control6,Control7,Control8,Control9,Control10,Control11,Control12,Control13,Control15,Control17
7681,594855,5865,6716,1047,166979,4544,116173,6345,107985436;Control1,Control2,Control3,Control4,Control5,Control6,Control8,Control9,Control10,Control11,Control12,Control13,Control15,Control16,Control17
7681,105370960,5865,6716,166979,219527,4544,105371152,107985436;Control1,Control2,Control3,Control4,Control5,Control6,Control8,Control9,Control11,Control12,Control13,Control15,Control16,Control17
7681,6345,5865,6716,3580,1047,166979,4544,107985436;Control1,Control2,Control3,Control4,Control5,Control6,Control8,Control9,Control10,Control11,Control12,Control13,Control15,Control16,Control17
7681,100506655,105376042,9355,101060400;Control2,Control3,Control4,Control5,Control6,Control7,Control8,Control10,Control11,Control12,Control13,Control15,Control16,Control17
7681,6860,5865,166979,4544,107985436,107985513;Control2,Control3,Control4,Control5,Control6,Control8,Control9,Control10,Control11,Control12,Control13,Control15,Control16,Control17
7681,9388,6332,860,9355;Control1,Control2,Control3,Control5,Control6,Control7,Control8,Control9,Control10,Control11,Control12,Control13,Control16,Control17
7681,4318,941,860,9355,109729184;Control1,Control2,Control3,Control4,Control5,Control6,Control7,Control8,Control9,Control10,Control11,Control13,Control16,Control17
7681,107985513,5865,6716,1047,166979,4544,6345,107985436;Control2,Control3,Control4,Control5,Control6,Control8,Control9,Control10,Control11,Control12,Control13,Control15,Control16,Control17
7681,3053,5865,6716,1047,166979,4544,5100,594855,6345,107985436;Control1,Control2,Control3,Control4,Control5,Control6,Control8,Control9,Control10,Control11,Control12,Control13,Control16,Control17
7681,28809,5865,6716,28946,3580,3512,1047,166979,4544,105371152,107985436;Control1,Control2,Control3,Control4,Control5,Control6,Control8,Control9,Control11,Control12,Control13,Control15,Control16,Control17
7681,26150,5865,6716,1047,166979,219527,4544,116173,107985436;Control1,Control2,Control3,Control4,Control5,Control6,Control8,Control9,Control10,Control12,Control13,Control15,Control16,Control17
7681,9758,860;Control1,Control2,Control4,Control5,Control7,Control8,Control9,Control10,Control11,Control12,Control13,Control15,Control16,Control17
100288637,9824,4751,23397,55247,3161,54443,7153;Control1,Control4,Control5,Control6,Control7,Control8,Control9,Control10,Control11,Control12,Control13,Control15,Control16,Control17
100288637,57082,9928,4751,64151,55247,3161,55872,55165,7153,29128;Control1,Control2,Control3,Control4,Control5,Control6,Control7,Control8,Control9,Control10,Control11,Control12,Control15,Control17
100288637,51203,55635,4751,54443,983,55165,7153;Control1,Control2,Control3,Control4,Control5,Control6,Control7,Control8,Control9,Control11,Control12,Control13,Control15,Control16,Control17
100288637,9768,23397,10721,7272;Control1,Control2,Control3,Control4,Control5,Control6,Control7,Control8,Control9,Control10,Control11,Control12,Control15,Control17
100288637,9055,4751,55247,3161,54443,55872,7153,29128;Control1,Control2,Control3,Control4,Control5,Control6,Control7,Control9,Control10,Control11,Control12,Control13,Control15,Control16,Control17
100288637,100507118,9928,4751,699,3161,55872,55165,221150,7153,29128;Control1,Control2,Control3,Control5,Control6,Control7,Control8,Control9,Control10,Control11,Control12,Control13,Control15,Control16
100288637,220134,9928,64151,55247,3161,55872,55165,221150,7153,29128,24137;Control1,Control2,Control3,Control4,Control5,Control6,Control7,Control8,Control9,Control10,Control11,Control12,Control13,Control15
100288637,105372115,4751,6664,3161,54443,55872;Control1,Control3,Control4,Control5,Control6,Control7,Control9,Control10,Control11,Control12,Control13,Control15,Control16,Control17
100288637,9582,9833;Control1,Control3,Control4,Control5,Control6,Control7,Control8,Control9,Control10,Control11,Control12,Control13,Control15,Control16
100288637,24137,55635,4751,23397,55247,3161,54443,983,55165,7153;Control1,Control2,Control3,Control4,Control5,Control6,Control7,Control8,Control9,Control10,Control11,Control12,Control13,Control15
9824,57082,64151,3161,54443,55872,983,55165,51203,7153,29128;Control1,Control4,Control5,Control6,Control7,Control8,Control9,Control10,Control11,Control12,Control13,Control15,Control16,Control17
9824,9055,4751,3161,54443,983,55165,51203,7153;Control1,Control2,Control3,Control4,Control5,Control6,Control7,Control8,Control9,Control10,Control11,Control12,Control13,Control15,Control16,Control17
9824,79801,3161,54443,55872,9833,983,55165,51203,9493,9055;Control1,Control2,Control4,Control5,Control6,Control7,Control8,Control9,Control10,Control11,Control12,Control13,Control16,Control17
9824,24137,55635,4751,23397,3161,54443,983,3832,55165,7153;Control1,Control2,Control4,Control5,Control6,Control7,Control8,Control9,Control10,Control11,Control12,Control13,Control15,Control16
701,51203,55635,4751,3161,54443,55872,55165,7153,29128;Control2,Control3,Control4,Control5,Control7,Control8,Control9,Control10,Control11,Control12,Control13,Control15,Control16,Control17
701,594855,6345;Control1,Control2,Control3,Control4,Control7,Control8,Control9,Control10,Control11,Control12,Control13,Control15,Control16,Control17
701,9055,4751,55247,3161,54443,55872,55165,7153,29128;Control2,Control3,Control4,Control5,Control7,Control8,Control9,Control10,Control11,Control12,Control13,Control15,Control16,Control17
701,6345;Control1,Control2,Control3,Control4,Control6,Control7,Control8,Control9,Control10,Control11,Control12,Control13,Control15,Control16,Control17
701,201299;Control2,Control3,Control4,Control5,Control6,Control7,Control8,Control9,Control10,Control11,Control12,Control13,Control15,Control16
701,147741,4283,100506655;Control1,Control3,Control4,Control5,Control6,Control7,Control8,Control9,Control10,Control11,Control12,Control13,Control15,Control16,Control17
701,113730,115362,10537,23532;Control1,Control3,Control4,Control5,Control6,Control7,Control8,Control9,Control10,Control11,Control12,Control13,Control16,Control17
107984763,201299;Control1,Control2,Control3,Control4,Control5,Control6,Control7,Control8,Control10,Control11,Control12,Control15,Control16,Control17
107984763,3783,89858;Control1,Control3,Control4,Control5,Control6,Control7,Control8,Control9,Control10,Control11,Control12,Control15,Control16,Control17
107984763,89858;Control1,Control2,Control3,Control4,Control5,Control6,Control7,Control8,Control9,Control10,Control11,Control12,Control13,Control15,Control16,Control17
107984763,53820,23566;Control1,Control2,Control3,Control4,Control5,Control6,Control7,Control8,Control9,Control10,Control11,Control12,Control15,Control16,Control17
107984763,8318;Control1,Control2,Control3,Control4,Control5,Control7,Control8,Control9,Control10,Control11,Control12,Control13,Control15,Control17
107984763,729447,102723547;Control1,Control2,Control3,Control4,Control5,Control7,Control8,Control9,Control10,Control11,Control12,Control13,Control15,Control16,Control17
107984763,158511,89858;Control1,Control2,Control3,Control4,Control5,Control6,Control7,Control8,Control9,Control10,Control11,Control12,Control15,Control17
107984763,389903,729447,102723547;Control1,Control2,Control3,Control4,Control5,Control7,Control8,Control10,Control11,Control12,Control13,Control15,Control16,Control17
57082,51203,55355,64151,55872,55165,29128,24137;Control1,Control2,Control3,Control4,Control5,Control6,Control7,Control8,Control9,Control10,Control11,Control12,Control13,Control15,Control16,Control17
57082,9055,9928,64151,55247,4001,3161,55872,55165,7153;Control1,Control2,Control3,Control4,Control5,Control6,Control7,Control9,Control10,Control11,Control12,Control13,Control15,Control17
57082,79801,259266,55355,64151,55872,55165,220134,24137;Control1,Control2,Control3,Control4,Control5,Control6,Control7,Control8,Control9,Control10,Control11,Control12,Control13,Control16,Control17
57082,10615,259266,57405;Control1,Control2,Control3,Control4,Control5,Control6,Control7,Control8,Control9,Control10,Control11,Control13,Control15,Control16
57082,332,6241,55355,64151,55165,24137;Control2,Control3,Control4,Control5,Control6,Control7,Control8,Control10,Control11,Control12,Control13,Control15,Control16,Control17
57082,220134,55355,64151,55872,55165,29128,24137;Control1,Control2,Control3,Control4,Control5,Control6,Control7,Control8,Control9,Control10,Control11,Control12,Control13,Control15,Control16,Control17
57082,105372115,6664,64151,55247,2845,387978;Control1,Control2,Control3,Control4,Control5,Control6,Control7,Control9,Control10,Control11,Control12,Control13,Control15,Control17
57082,54821;Control1,Control2,Control3,Control4,Control5,Control6,Control7,Control8,Control9,Control10,Control11,Control12,Control15,Control16,Control17
51203,9133,259266,1063,6241,55355,64151,55872,55165,9787,57082,100507118,79801,9212,7153,29128,24137;Control1,Control2,Control3,Control4,Control5,Control6,Control7,Control8,Control9,Control10,Control11,Control12,Control13,Control16
51203,9768,64151,983,55165,57082,7153,29128,24137;Control1,Control3,Control4,Control5,Control6,Control7,Control8,Control9,Control10,Control11,Control12,Control13,Control15,Control16,Control17
51203,83903,4751,3161,54443,55872,55165,9824,9493,9055;Control1,Control2,Control4,Control5,Control6,Control7,Control8,Control9,Control10,Control11,Control12,Control13,Control16,Control17
51203,146909,259266,1063,6241,9787,100507118,79801,9212;Control1,Control2,Control3,Control4,Control5,Control6,Control7,Control8,Control9,Control10,Control12,Control13,Control15,Control16
51203,332,259266,1063,6241,55355,55872,55165,9787,100507118,79801,29128;Control1,Control2,Control3,Control4,Control5,Control6,Control7,Control8,Control9,Control10,Control11,Control12,Control15,Control16,Control17
51203,220134,55355,64151,55872,55165,57082,29128,24137;Control1,Control3,Control4,Control5,Control6,Control7,Control8,Control9,Control10,Control11,Control12,Control13,Control15,Control16,Control17
51203,51512,150468,3161,54443,157570,55872,9055;Control1,Control2,Control3,Control4,Control5,Control6,Control7,Control8,Control10,Control11,Control12,Control15,Control16,Control17
51203,24137,6241,55355,64151,55872,55165,9787,100507118,29128;Control1,Control2,Control3,Control4,Control5,Control6,Control7,Control8,Control9,Control10,Control11,Control12,Control13,Control15,Control16,Control17
84419,100126311;Control1,Control2,Control3,Control4,Control5,Control6,Control7,Control8,Control9,Control10,Control11,Control12,Control13,Control15,Control16,Control17
84419,4496,122042;Control1,Control2,Control3,Control4,Control5,Control6,Control8,Control9,Control11,Control12,Control13,Control15,Control16,Control17
84419,9388,122042;Control1,Control2,Control3,Control5,Control6,Control7,Control8,Control10,Control11,Control12,Control13,Control15,Control16,Control17
84419,115701;Control1,Control2,Control3,Control4,Control5,Control6,Control8,Control10,Control11,Control12,Control13,Control15,Control16,Control17
84419,23562;Control2,Control3,Control4,Control5,Control6,Control7,Control9,Control10,Control11,Control12,Control13,Control15,Control16,Control17
100126311,4496,56300;Control1,Control2,Control3,Control4,Control5,Control6,Control7,Control8,Control9,Control12,Control13,Control15,Control16,Control17
100126311,115701,55655;Control1,Control2,Control3,Control4,Control5,Control6,Control7,Control8,Control9,Control10,Control12,Control13,Control15,Control17
100126311,5354;Control1,Control3,Control4,Control5,Control6,Control7,Control8,Control9,Control10,Control11,Control12,Control13,Control16,Control17
100126311,8471;Control1,Control2,Control4,Control5,Control6,Control7,Control8,Control9,Control10,Control11,Control12,Control13,Control16,Control17
11001,970;Control2,Control3,Control4,Control6,Control7,Control8,Control9,Control10,Control11,Control12,Control13,Control15,Control16,Control17
11001,100533990;Control1,Control2,Control3,Control4,Control5,Control6,Control7,Control8,Control9,Control10,Control11,Control13,Control16,Control17
366,102606463,101927687,4283,7546,339256,147741;Control1,Control2,Control3,Control5,Control6,Control7,Control8,Control9,Control11,Control12,Control13,Control15,Control16,Control17
366,55423;Control1,Control2,Control3,Control4,Control5,Control7,Control8,Control9,Control10,Control11,Control12,Control13,Control15,Control16,Control17
366,5008,147741;Control1,Control2,Control3,Control5,Control7,Control8,Control9,Control10,Control11,Control12,Control13,Control15,Control16,Control17
9133,100507118,991,259266,1063,6241,55355,995,3833,9787,79801;Control1,Control2,Control3,Control4,Control5,Control6,Control7,Control8,Control9,Control10,Control11,Control12,Control13,Control16,Control17
9133,5347,991,128239,55355,3833,4288,9212;Control1,Control2,Control3,Control4,Control5,Control6,Control7,Control9,Control10,Control11,Control12,Control13,Control16,Control17
9133,107985017,991,9232,3833,9700,9787,9212;Control1,Control2,Control3,Control4,Control5,Control6,Control7,Control8,Control9,Control12,Control13,Control15,Control16,Control17
9133,10615,991,128239,259266,55355,4288,113130,9212;Control1,Control2,Control3,Control4,Control5,Control6,Control7,Control8,Control9,Control10,Control11,Control12,Control13,Control16,Control17
9133,100533789,9212;Control1,Control3,Control4,Control5,Control6,Control7,Control8,Control9,Control10,Control11,Control12,Control13,Control15,Control16
9133,201299,221150,9787,100507118;Control1,Control2,Control3,Control4,Control5,Control7,Control8,Control9,Control10,Control11,Control12,Control13,Control16,Control17
9133,220134,991,128239,259266,6241,55355,4288,221150,9787,9212;Control1,Control2,Control3,Control4,Control5,Control6,Control7,Control8,Control9,Control10,Control11,Control12,Control13,Control16,Control17
9133,55723,991,128239,259266,6241,55355,995,3833,4288,9787,9212,11065;Control1,Control2,Control3,Control4,Control6,Control7,Control8,Control9,Control10,Control11,Control12,Control13,Control16,Control17
9133,4605,991,10024;Control1,Control2,Control3,Control4,Control5,Control6,Control7,Control8,Control9,Control10,Control11,Control12,Control15,Control16,Control17
9133,8318,991,128239,55355,4288,9212,332,220134;Control1,Control2,Control3,Control4,Control5,Control6,Control7,Control8,Control10,Control11,Control12,Control15,Control16,Control17
9768,332,57405,24137;Control1,Control2,Control3,Control4,Control6,Control7,Control8,Control9,Control10,Control11,Control12,Control13,Control15,Control16,Control17
9768,220134,57405,64151,57082;Control1,Control2,Control3,Control4,Control5,Control6,Control7,Control9,Control10,Control11,Control12,Control13,Control15,Control16,Control17
9768,11065,891,221150,29128;Control1,Control2,Control3,Control4,Control5,Control6,Control7,Control9,Control10,Control11,Control12,Control13,Control15,Control16
9493,64843;Control1,Control3,Control4,Control5,Control6,Control7,Control8,Control9,Control10,Control11,Control12,Control13,Control15,Control17
9493,79801,3161,54443,55872,9833,983,55165,51203,9055;Control1,Control2,Control4,Control5,Control6,Control7,Control8,Control9,Control10,Control11,Control12,Control13,Control15,Control16,Control17
9493,9496;Control1,Control2,Control4,Control5,Control6,Control7,Control8,Control9,Control10,Control11,Control12,Control13,Control15,Control16,Control17
9493,6790;Control1,Control2,Control3,Control4,Control5,Control6,Control7,Control8,Control9,Control11,Control12,Control13,Control15,Control16
9493,51512,150468,54443,83903;Control1,Control2,Control4,Control5,Control6,Control7,Control8,Control9,Control10,Control11,Control12,Control15,Control16,Control17
729739,105372863;Control1,Control2,Control3,Control4,Control5,Control6,Control7,Control8,Control9,Control10,Control13,Control15,Control16,Control17
594855,105371152,5865,6716,28946,3580,3512,1047,166979,101927686,4544,6345;Control1,Control2,Control3,Control4,Control5,Control7,Control8,Control9,Control11,Control12,Control13,Control15,Control16,Control17
594855,6860,5865,166979,4544,107985513;Control2,Control3,Control4,Control5,Control7,Control8,Control9,Control10,Control11,Control12,Control13,Control15,Control16,Control17
594855,107985513,5865,6716,1047,166979,4544,6345;Control2,Control3,Control4,Control5,Control7,Control8,Control9,Control10,Control11,Control12,Control13,Control15,Control16,Control17
594855,111216286,56896,3856,113218482;Control1,Control2,Control3,Control4,Control6,Control7,Control8,Control9,Control10,Control11,Control12,Control15,Control16,Control17
594855,26150,5865,6716,1047,166979,219527,4544,116173,6345;Control1,Control2,Control3,Control4,Control5,Control6,Control7,Control8,Control9,Control10,Control12,Control13,Control15,Control16
64843,101929690,148645,3239,56203,3670,345643,5307,105375894,1690,100506071,6362,106481742,9758,8471;Control1,Control2,Control3,Control4,Control5,Control6,Control7,Control8,Control10,Control11,Control12,Control13,Control15,Control16,Control17
64843,105371275,6664,7545,7180,2625,387978,105372115;Control1,Control2,Control4,Control5,Control6,Control7,Control8,Control9,Control10,Control11,Control13,Control15,Control16,Control17
64843,64699;Control1,Control2,Control3,Control4,Control5,Control6,Control7,Control8,Control9,Control11,Control12,Control13,Control15,Control16,Control17
64843,105373150,148645,3239,56203,3670,345643,5307,100506895,105375894,1690,100506071,101929690,6362,106481742,9758,8471;Control1,Control2,Control3,Control4,Control5,Control6,Control7,Control8,Control11,Control12,Control13,Control15,Control16,Control17
64843,389903,6664,27299,2625,387978,105372115;Control1,Control2,Control4,Control5,Control6,Control7,Control8,Control9,Control10,Control11,Control12,Control13,Control15,Control16,Control17
101929690,100506655,4283,147741,23532;Control1,Control2,Control4,Control5,Control6,Control7,Control8,Control9,Control10,Control11,Control12,Control13,Control15,Control17
101929690,339256,4283,102606463,147741;Control1,Control2,Control4,Control5,Control6,Control7,Control8,Control9,Control10,Control11,Control12,Control13,Control15,Control17
101929690,6860,147741;Control1,Control2,Control4,Control6,Control7,Control8,Control9,Control10,Control11,Control12,Control13,Control15,Control16,Control17
105370924,9496;Control1,Control2,Control3,Control4,Control5,Control6,Control8,Control10,Control11,Control12,Control13,Control15,Control16,Control17
105370924,9388;Control1,Control3,Control4,Control5,Control6,Control7,Control8,Control9,Control10,Control11,Control12,Control13,Control15,Control16,Control17
105370924,5354,186;Control1,Control2,Control3,Control5,Control6,Control8,Control9,Control10,Control11,Control12,Control13,Control15,Control16,Control17
105370924,186;Control1,Control2,Control3,Control5,Control6,Control7,Control8,Control9,Control10,Control11,Control12,Control13,Control15,Control16,Control17
105370953,105371152,107985436;Control1,Control2,Control3,Control4,Control5,Control7,Control8,Control9,Control11,Control12,Control13,Control15,Control16,Control17
105370953,3053,1047,594855;Control1,Control2,Control3,Control4,Control5,Control6,Control8,Control9,Control10,Control11,Control12,Control13,Control16,Control17
105370953,9758;Control1,Control2,Control4,Control6,Control7,Control8,Control9,Control10,Control11,Control12,Control13,Control15,Control16,Control17
105370960,105371152;Control1,Control2,Control3,Control4,Control5,Control6,Control7,Control8,Control9,Control10,Control11,Control13,Control15,Control16,Control17
105370960,107985513;Control2,Control3,Control4,Control5,Control6,Control7,Control8,Control9,Control10,Control11,Control12,Control13,Control16,Control17
105370960,54101;Control1,Control3,Control5,Control6,Control7,Control8,Control9,Control10,Control11,Control12,Control13,Control15,Control16,Control17
105370960,105372863;Control1,Control2,Control3,Control4,Control5,Control6,Control7,Control8,Control9,Control10,Control11,Control15,Control16,Control17
105370960,3053;Control1,Control2,Control3,Control4,Control5,Control7,Control8,Control9,Control10,Control11,Control12,Control13,Control16,Control17
176,5347;Control1,Control2,Control3,Control4,Control5,Control6,Control7,Control8,Control9,Control10,Control11,Control13,Control15,Control17
176,107985017,146909;Control1,Control3,Control4,Control5,Control6,Control7,Control8,Control10,Control11,Control12,Control13,Control15,Control16,Control17
176,400618;Control1,Control2,Control3,Control4,Control5,Control6,Control7,Control8,Control9,Control10,Control12,Control13,Control15,Control17
176,349408;Control1,Control2,Control3,Control4,Control5,Control6,Control7,Control8,Control9,Control10,Control11,Control12,Control13,Control15,Control17
176,158511,112937;Control1,Control2,Control3,Control4,Control5,Control6,Control7,Control8,Control9,Control10,Control12,Control13,Control15,Control17
176,389903,3664,729447,102723547;Control1,Control2,Control3,Control4,Control5,Control6,Control7,Control8,Control10,Control11,Control13,Control15,Control16,Control17
145873,105371152,58,28946,2019,134285,285987,4004,3502,354,25818,5653,5650,28809,729442;Control1,Control2,Control3,Control4,Control6,Control8,Control9,Control10,Control11,Control12,Control13,Control15,Control16,Control17
145873,3881,102467080,5650;Control1,Control2,Control3,Control4,Control5,Control6,Control7,Control8,Control9,Control10,Control11,Control15,Control16,Control17
145873,729447;Control1,Control2,Control3,Control4,Control5,Control6,Control7,Control9,Control11,Control12,Control13,Control15,Control16,Control17
145873,8471,58,101927750,2019,1295,134285,285987,4004,25818,5650,105373150,729442;Control1,Control2,Control4,Control5,Control6,Control7,Control8,Control9,Control10,Control11,Control12,Control13,Control15,Control17
641,147841;Control2,Control3,Control4,Control5,Control6,Control7,Control8,Control9,Control10,Control11,Control12,Control15,Control16,Control17
9055,899;Control1,Control3,Control5,Control6,Control7,Control8,Control9,Control10,Control11,Control12,Control13,Control15,Control16,Control17
9055,79801,1063,3161,54443,55872,983,55165,100507118,29128;Control1,Control2,Control3,Control4,Control5,Control6,Control7,Control8,Control9,Control10,Control11,Control12,Control13,Control16,Control17
9055,9955,55143,27178,285643,105375610;Control1,Control2,Control3,Control4,Control5,Control6,Control7,Control8,Control10,Control11,Control12,Control13,Control15,Control16
9055,101060400,3604,6664,4001,27299,2625,387978,105372115,389903;Control1,Control3,Control4,Control5,Control6,Control8,Control9,Control10,Control11,Control12,Control13,Control15,Control16,Control17
9055,9496,54443,9493,83903;Control1,Control2,Control3,Control5,Control6,Control7,Control8,Control9,Control10,Control11,Control12,Control13,Control15,Control16
9055,220134,1063,6241,64151,3161,55872,221150,9787,100507118,29128;Control1,Control2,Control3,Control4,Control5,Control6,Control7,Control8,Control9,Control10,Control11,Control12,Control13,Control15,Control17
9055,105372115,3604,6664,27299,2625,387978;Control1,Control3,Control4,Control5,Control6,Control7,Control8,Control9,Control10,Control11,Control12,Control13,Control15,Control16,Control17
9055,101929707,4751,27178,285643,54443,157570;Control1,Control2,Control3,Control4,Control5,Control6,Control7,Control8,Control11,Control12,Control13,Control15,Control16,Control17
9055,11065,221150;Control1,Control3,Control4,Control5,Control6,Control7,Control8,Control10,Control11,Control12,Control13,Control15,Control16,Control17
9055,24137,1063,64151,3161,55872,983,55165,9787,100507118,7153,29128;Control1,Control2,Control3,Control4,Control5,Control6,Control7,Control9,Control10,Control11,Control12,Control13,Control15,Control16,Control17
100507118,107985017,3833,105375610;Control1,Control2,Control3,Control4,Control5,Control6,Control7,Control8,Control10,Control11,Control12,Control13,Control15,Control16,Control17
100507118,9212,991,259266,1063,6241,57405,55355,9787,24137;Control1,Control3,Control4,Control5,Control6,Control7,Control8,Control9,Control10,Control11,Control12,Control13,Control15,Control16,Control17
100507118,10615,991,259266,6241,57405,113130,9787;Control1,Control4,Control5,Control6,Control7,Control8,Control9,Control10,Control11,Control12,Control13,Control15,Control16,Control17
100507118,146909,259266,1063,6241,995,3833,9787;Control1,Control2,Control3,Control4,Control5,Control6,Control7,Control8,Control9,Control10,Control11,Control12,Control13,Control15,Control16,Control17
100507118,332,259266,1063,6241,55355,995,9787,24137;Control1,Control2,Control3,Control4,Control5,Control6,Control7,Control8,Control9,Control10,Control11,Control12,Control13,Control15,Control16,Control17
100507118,55723,259266,1063,6241,55355,891,221150,9787,11065,24137;Control1,Control2,Control3,Control4,Control6,Control7,Control8,Control9,Control10,Control11,Control12,Control13,Control15,Control16,Control17
100507118,22974,259266,1063,6241,55355,995,9787;Control1,Control2,Control3,Control5,Control6,Control7,Control8,Control9,Control10,Control11,Control12,Control13,Control15,Control16,Control17
100507118,9582,128239,9833,9787,9212;Control1,Control3,Control5,Control6,Control7,Control8,Control9,Control10,Control11,Control12,Control13,Control15,Control16,Control17
100507118,54821,221150,57082;Control1,Control2,Control3,Control4,Control5,Control6,Control7,Control8,Control9,Control10,Control11,Control12,Control15,Control16
100507118,389903,56992,3161,55872,221150,9055;Control1,Control3,Control5,Control6,Control7,Control8,Control9,Control10,Control11,Control12,Control13,Control15,Control16,Control17
899,220134;Control1,Control2,Control3,Control5,Control6,Control7,Control8,Control9,Control10,Control11,Control12,Control13,Control15,Control17
899,11065,221150;Control1,Control2,Control5,Control6,Control7,Control8,Control9,Control10,Control11,Control12,Control13,Control15,Control16,Control17
105371050,3881,6273,3754,105375027,338667;Control1,Control2,Control3,Control4,Control5,Control6,Control7,Control8,Control9,Control11,Control13,Control15,Control16,Control17
105371050,53820,6273,105375027,101927760,338667;Control1,Control2,Control3,Control4,Control5,Control7,Control8,Control9,Control10,Control11,Control12,Control13,Control15,Control16,Control17
105371050,111216286,6273,105375027,101927760,338667,53820;Control2,Control3,Control4,Control5,Control7,Control8,Control9,Control10,Control11,Control12,Control13,Control15,Control16,Control17
105371050,107985627,6273,3754,105375027,338667;Control1,Control2,Control3,Control4,Control5,Control6,Control7,Control8,Control9,Control10,Control12,Control13,Control15,Control16,Control17
10942,50615;Control1,Control2,Control3,Control4,Control5,Control6,Control8,Control9,Control10,Control11,Control13,Control15,Control16,Control17
10942,40;Control1,Control2,Control3,Control4,Control6,Control7,Control8,Control9,Control10,Control11,Control12,Control13,Control15,Control16,Control17
10942,105371737,53836,1813;Control1,Control2,Control3,Control4,Control6,Control7,Control8,Control9,Control10,Control11,Control12,Control13,Control15,Control16,Control17
10942,105372115,389903;Control1,Control2,Control3,Control4,Control6,Control7,Control8,Control9,Control10,Control12,Control13,Control15,Control16,Control17
10942,26150,53836,105371737;Control1,Control2,Control3,Control4,Control6,Control7,Control8,Control10,Control11,Control12,Control13,Control15,Control16,Control17
6345,6860;Control1,Control2,Control3,Control4,Control5,Control6,Control7,Control8,Control9,Control10,Control11,Control12,Control13,Control16,Control17
6345,147741;Control1,Control2,Control3,Control4,Control6,Control7,Control8,Control9,Control10,Control11,Control12,Control13,Control15,Control16,Control17
6345,54854;Control1,Control2,Control3,Control4,Control5,Control6,Control8,Control9,Control10,Control11,Control13,Control15,Control16,Control17
6345,3053,5865,6716,1047,166979,4544,594855,107985513;Control2,Control3,Control4,Control5,Control6,Control7,Control8,Control9,Control10,Control11,Control12,Control13,Control16,Control17
6345,26150,5865,6716,1047,166979,219527,4544,116173;Control2,Control3,Control4,Control5,Control6,Control7,Control8,Control9,Control10,Control12,Control13,Control15,Control16,Control17
107984851,9956;Control1,Control2,Control3,Control4,Control5,Control6,Control7,Control8,Control9,Control10,Control11,Control12,Control13,Control17
107984851,647946,55789;Control1,Control2,Control3,Control4,Control5,Control6,Control7,Control8,Control9,Control11,Control12,Control13,Control15,Control17
107984851,1630;Control1,Control2,Control3,Control4,Control5,Control6,Control7,Control8,Control9,Control10,Control11,Control12,Control15,Control16,Control17
9956,100533789;Control1,Control2,Control3,Control4,Control5,Control6,Control7,Control8,Control10,Control11,Control13,Control15,Control16,Control17
9956,6362,56300,100505994,646024,105376041,4496;Control1,Control2,Control4,Control5,Control6,Control7,Control8,Control9,Control10,Control11,Control12,Control13,Control15,Control17
9956,27091;Control1,Control2,Control3,Control4,Control5,Control6,Control7,Control8,Control9,Control10,Control12,Control13,Control15,Control17
9956,1630,105369685,647946;Control1,Control2,Control3,Control5,Control6,Control7,Control8,Control9,Control10,Control11,Control12,Control13,Control16,Control17
9956,115701,284958,100505994,646024,105375690,105376041,3229,55655,107985492;Control1,Control2,Control3,Control5,Control6,Control7,Control9,Control10,Control11,Control12,Control13,Control15,Control16,Control17
9956,100533990,5798,100505994,646024,105376041,344;Control1,Control2,Control3,Control4,Control5,Control6,Control7,Control9,Control10,Control11,Control13,Control15,Control16,Control17
9956,23562;Control2,Control3,Control4,Control5,Control6,Control8,Control9,Control10,Control11,Control12,Control13,Control15,Control16,Control17
9956,107985492,100505994,646024,105376041;Control1,Control2,Control3,Control5,Control6,Control7,Control8,Control9,Control10,Control11,Control12,Control13,Control15,Control16,Control17
9956,107985513;Control2,Control3,Control4,Control6,Control7,Control8,Control9,Control10,Control11,Control12,Control13,Control15,Control16,Control17
9956,109729169,731220,5798,646024,105376041,3229,55655;Control1,Control2,Control3,Control4,Control5,Control6,Control7,Control9,Control10,Control11,Control13,Control15,Control16,Control17
5347,10615,991,128239,55355,4288,9212;Control1,Control2,Control3,Control4,Control5,Control6,Control7,Control9,Control10,Control11,Control12,Control13,Control15,Control16,Control17
5347,146909,991,3833,4288;Control1,Control2,Control3,Control4,Control6,Control7,Control8,Control9,Control10,Control11,Control12,Control13,Control15,Control17
5347,55723,11065;Control1,Control2,Control3,Control4,Control5,Control6,Control7,Control9,Control10,Control11,Control12,Control13,Control15,Control16,Control17
5347,11065;Control1,Control2,Control3,Control4,Control5,Control7,Control8,Control9,Control10,Control11,Control12,Control13,Control15,Control16,Control17
5347,8318,991,128239,4288,9212;Control1,Control2,Control3,Control4,Control5,Control6,Control7,Control9,Control10,Control11,Control12,Control15,Control16,Control17
10595,4605,2305;Control1,Control2,Control3,Control4,Control5,Control6,Control7,Control8,Control9,Control10,Control11,Control12,Control13,Control16
100506655,107985513,4283,10537,102606463,147741,23532;Control1,Control2,Control3,Control4,Control6,Control7,Control8,Control10,Control11,Control12,Control13,Control15,Control16,Control17
105371152,107985436;Control1,Control2,Control3,Control4,Control5,Control6,Control7,Control8,Control9,Control11,Control12,Control13,Control15,Control16,Control17
105371152,3053,5865,28946,3512,1047,166979,4544;Control1,Control2,Control3,Control4,Control5,Control6,Control7,Control8,Control9,Control11,Control12,Control13,Control16,Control17
50615,80714;Control1,Control2,Control3,Control4,Control5,Control7,Control8,Control9,Control10,Control11,Control12,Control13,Control16,Control17
50615,107985627,338005;Control1,Control2,Control3,Control4,Control5,Control6,Control7,Control8,Control9,Control10,Control11,Control15,Control16,Control17
50615,5354;Control1,Control3,Control4,Control5,Control6,Control7,Control8,Control9,Control10,Control11,Control12,Control13,Control15,Control17
50615,186,338005;Control1,Control3,Control4,Control5,Control6,Control7,Control8,Control9,Control10,Control11,Control13,Control15,Control16,Control17
79801,83903,1063,6241,150468,55872,55165,9787;Control1,Control2,Control4,Control5,Control6,Control7,Control8,Control9,Control10,Control11,Control12,Control13,Control16,Control17
79801,9212,991,128239,259266,6241,55355,9787;Control1,Control2,Control3,Control4,Control5,Control6,Control7,Control8,Control9,Control10,Control11,Control12,Control13,Control15,Control16
79801,7153,1063,6241,64151,3161,55872,983,55165,9787,100507118,29128,24137;Control1,Control2,Control3,Control4,Control5,Control6,Control7,Control9,Control10,Control11,Control12,Control13,Control15,Control16,Control17
79801,146909,991,259266,1063,6241,9232,4288,9787,9133;Control1,Control2,Control3,Control4,Control5,Control6,Control7,Control8,Control9,Control10,Control11,Control12,Control13,Control15,Control16,Control17
79801,332,991,259266,1063,6241,55355,4288,9787,9133;Control1,Control2,Control3,Control4,Control5,Control6,Control7,Control8,Control9,Control10,Control11,Control12,Control15,Control16,Control17
79801,55723,259266,1063,6241,55355,891,55872,221150,9787,100507118,11065,24137;Control1,Control2,Control3,Control4,Control6,Control7,Control8,Control9,Control10,Control11,Control12,Control13,Control16,Control17
79801,22974,991,259266,1063,6241,55355,3833,4288,9787,9133;Control1,Control2,Control3,Control5,Control6,Control7,Control8,Control9,Control10,Control11,Control12,Control13,Control15,Control16,Control17
79801,11065,991,128239,259266,6241,55355,9787,9212,220134;Control1,Control2,Control3,Control4,Control6,Control7,Control8,Control9,Control10,Control11,Control12,Control13,Control15,Control16
79801,100874530,128239,9212;Control1,Control3,Control4,Control5,Control6,Control7,Control8,Control10,Control11,Control12,Control13,Control15,Control16,Control17
79801,24137,991,128239,259266,6241,55355,3833,4288,9787,9133;Control1,Control2,Control3,Control4,Control5,Control6,Control7,Control9,Control10,Control11,Control12,Control13,Control15,Control16,Control17
79191,10265,89886,1995;Control1,Control2,Control3,Control4,Control5,Control6,Control7,Control8,Control9,Control10,Control11,Control12,Control13,Control15,Control17
79191,57167,7477;Control1,Control2,Control3,Control4,Control5,Control6,Control7,Control8,Control9,Control10,Control11,Control12,Control13,Control16,Control17
79191,7477,168002,344,4318,109729184;Control1,Control2,Control3,Control4,Control5,Control6,Control7,Control8,Control9,Control10,Control11,Control12,Control13,Control15,Control16,Control17
79191,349408,89886,168002,105378305,1995,109729184;Control1,Control2,Control3,Control4,Control5,Control6,Control7,Control8,Control9,Control10,Control11,Control12,Control13,Control15,Control16
105371275,10265;Control2,Control3,Control4,Control5,Control6,Control7,Control8,Control9,Control11,Control12,Control13,Control15,Control16,Control17
105371275,100533789;Control1,Control2,Control3,Control4,Control5,Control6,Control7,Control9,Control10,Control11,Control12,Control13,Control16,Control17
105371275,10437;Control1,Control2,Control3,Control4,Control5,Control6,Control7,Control8,Control10,Control11,Control13,Control15,Control16,Control17
105371275,349408,89886,105378305,1995;Control1,Control2,Control3,Control4,Control5,Control6,Control7,Control8,Control10,Control11,Control12,Control13,Control15,Control16
105371275,389903,6664,2625,387978,105372115;Control1,Control2,Control3,Control4,Control5,Control6,Control7,Control8,Control9,Control10,Control11,Control13,Control15,Control16,Control17
10265,100533789;Control1,Control2,Control3,Control4,Control5,Control6,Control7,Control9,Control10,Control11,Control12,Control13,Control16,Control17
10265,1995;Control1,Control2,Control3,Control4,Control5,Control6,Control7,Control8,Control9,Control10,Control11,Control12,Control13,Control15,Control16,Control17
10265,344,5798,1995;Control1,Control2,Control3,Control4,Control6,Control7,Control8,Control9,Control10,Control11,Control12,Control13,Control16,Control17
10265,4318,89886,168002,105378305,107984129,79191,1995,109729184;Control1,Control2,Control3,Control4,Control5,Control6,Control8,Control10,Control11,Control12,Control13,Control15,Control16,Control17
10265,7477,89886,168002,105378305,79191,1995,109729184;Control1,Control2,Control3,Control5,Control6,Control7,Control8,Control10,Control11,Control12,Control13,Control15,Control16,Control17
10265,349408,1995;Control1,Control2,Control3,Control4,Control5,Control6,Control7,Control8,Control9,Control10,Control11,Control12,Control13,Control15,Control16
4496,109729184,5798,860,646024,168002,11075,105376041,3229,387895,4318,109729169;Control1,Control2,Control3,Control4,Control5,Control6,Control8,Control9,Control10,Control11,Control13,Control15,Control16,Control17
4166,4605;Control1,Control2,Control3,Control4,Control5,Control6,Control8,Control9,Control11,Control12,Control13,Control15,Control16,Control17
83903,7153,4751,150468,54443,55872,983,3832,55165,9824,51203;Control1,Control2,Control4,Control5,Control6,Control7,Control9,Control10,Control11,Control12,Control13,Control15,Control16,Control17
83903,110806280;Control1,Control3,Control4,Control5,Control6,Control7,Control8,Control10,Control11,Control12,Control13,Control15,Control16,Control17
83903,101929707,150468,81624;Control1,Control2,Control3,Control4,Control5,Control6,Control7,Control8,Control9,Control11,Control12,Control13,Control15,Control16
83903,51512,150468,54443;Control1,Control2,Control3,Control4,Control5,Control6,Control7,Control8,Control9,Control10,Control11,Control12,Control15,Control16,Control17
83903,186,150468,54443;Control1,Control2,Control3,Control4,Control5,Control6,Control8,Control9,Control10,Control12,Control13,Control15,Control16,Control17
83903,389903;Control1,Control3,Control4,Control5,Control6,Control7,Control8,Control9,Control10,Control11,Control12,Control13,Control15,Control17
107985017,220134,991,128239,9232,3833,4288,9787,9212,146909;Control1,Control2,Control3,Control4,Control5,Control6,Control7,Control8,Control10,Control11,Control12,Control13,Control15,Control17
107985017,55723,991,9232,3833,9212,146909;Control1,Control2,Control3,Control4,Control6,Control7,Control8,Control9,Control10,Control11,Control12,Control13,Control15,Control16,Control17
107985017,22974,991,10460,9232,9700,9212;Control1,Control2,Control3,Control5,Control6,Control7,Control8,Control9,Control10,Control11,Control12,Control15,Control16,Control17
107985017,4605,991;Control1,Control2,Control3,Control4,Control5,Control6,Control7,Control8,Control9,Control10,Control11,Control12,Control15,Control17
107985017,6790;Control1,Control2,Control3,Control5,Control6,Control7,Control8,Control9,Control10,Control11,Control13,Control15,Control16,Control17
107985017,9582,3833,105375610,9700,9212;Control1,Control3,Control4,Control5,Control6,Control7,Control8,Control9,Control10,Control11,Control13,Control15,Control16,Control17
54478,201299;Control1,Control2,Control3,Control4,Control5,Control6,Control7,Control9,Control10,Control11,Control12,Control13,Control15,Control16,Control17
9212,201299,1063,6241,3833,9787,146909;Control2,Control3,Control4,Control5,Control7,Control8,Control9,Control10,Control11,Control12,Control13,Control15,Control16,Control17
9212,7153,1063,6241,55355,64151,983,55165,9787,51203,100507118,79801,29128;Control1,Control2,Control3,Control4,Control5,Control6,Control7,Control8,Control9,Control10,Control11,Control13,Control15,Control16
9212,55771,8318;Control1,Control2,Control3,Control4,Control5,Control6,Control7,Control8,Control9,Control10,Control11,Control12,Control15,Control16,Control17
9212,220134,991,128239,259266,6241,55355,9787;Control1,Control2,Control3,Control4,Control5,Control6,Control7,Control8,Control9,Control10,Control11,Control12,Control13,Control15,Control16
9212,4605,991,128239,9232,4288,9133;Control1,Control2,Control3,Control4,Control5,Control6,Control7,Control8,Control9,Control10,Control11,Control12,Control15,Control16
9212,8318,991,128239,4288;Control1,Control2,Control3,Control4,Control5,Control6,Control7,Control8,Control9,Control10,Control11,Control12,Control15,Control16,Control17
9212,349408,128239;Control1,Control2,Control3,Control4,Control5,Control6,Control7,Control8,Control9,Control10,Control11,Control13,Control15,Control16,Control17
9212,158511,3833,112937;Control1,Control2,Control3,Control4,Control5,Control6,Control7,Control8,Control10,Control11,Control12,Control13,Control15,Control16,Control17
9955,84815;Control1,Control3,Control4,Control5,Control6,Control7,Control8,Control9,Control10,Control11,Control12,Control13,Control16,Control17
9955,100533990,5798,647309,109729169;Control1,Control4,Control5,Control6,Control7,Control8,Control9,Control10,Control11,Control12,Control13,Control15,Control16,Control17
9955,55655,84561,646024,105376041,3053;Control1,Control3,Control4,Control5,Control6,Control7,Control8,Control9,Control11,Control12,Control13,Control15,Control16,Control17
9955,101929707,27178,285643;Control1,Control2,Control3,Control4,Control5,Control6,Control7,Control8,Control9,Control10,Control11,Control12,Control13,Control16,Control17
9955,5354,27178,285643;Control1,Control2,Control3,Control4,Control5,Control6,Control7,Control8,Control9,Control10,Control12,Control13,Control15,Control17
339256,647946,2019,134285,285987,4004,25818,5653,5650,28809,729442;Control2,Control3,Control4,Control5,Control6,Control7,Control9,Control10,Control11,Control12,Control13,Control15,Control16,Control17
339256,105372115,115362,100506827,4283,100506655,147741,23532;Control1,Control2,Control3,Control4,Control5,Control6,Control7,Control8,Control10,Control11,Control12,Control13,Control15,Control16
339256,25818,2019,134285,285987,4004,5653,5650,28809,729442;Control2,Control3,Control4,Control5,Control6,Control7,Control8,Control9,Control10,Control11,Control12,Control13,Control15,Control16,Control17
339256,55655;Control1,Control2,Control3,Control4,Control5,Control6,Control7,Control8,Control9,Control10,Control12,Control13,Control16,Control17
339256,107985513,4283,102606463,147741;Control1,Control2,Control3,Control4,Control6,Control7,Control8,Control9,Control11,Control12,Control13,Control15,Control16,Control17
339256,105373150,2019,134285,285987,4004,25818,5653,5650,28809,729442;Control2,Control4,Control5,Control6,Control7,Control8,Control9,Control10,Control11,Control12,Control13,Control15,Control16,Control17
10615,146909,991,259266,57405,9232,113130;Control1,Control2,Control3,Control4,Control5,Control6,Control7,Control8,Control9,Control10,Control11,Control12,Control13,Control15,Control17
10615,55771,991,259266,57405,4288,9212;Control1,Control2,Control3,Control4,Control5,Control6,Control7,Control10,Control11,Control12,Control13,Control15,Control16,Control17
10615,332,991,128239,259266,6241,55355,4288,9787,9133,9212;Control1,Control3,Control4,Control5,Control6,Control7,Control8,Control9,Control10,Control11,Control12,Control13,Control15,Control16,Control17
10615,220134,991,128239,259266,55355,4288;Control1,Control2,Control3,Control4,Control5,Control6,Control7,Control8,Control9,Control10,Control11,Control12,Control13,Control15,Control16,Control17
10615,147841;Control1,Control2,Control3,Control5,Control6,Control7,Control8,Control9,Control10,Control11,Control12,Control13,Control15,Control16,Control17
10615,55723,991,128239,259266,6241,55355,4288,9787,9212,332,11065;Control1,Control3,Control4,Control6,Control7,Control8,Control9,Control10,Control11,Control12,Control13,Control15,Control16,Control17
10615,22974,991,128239,259266,6241,55355,4288,9787,79801,220134;Control1,Control3,Control5,Control6,Control7,Control8,Control9,Control10,Control11,Control12,Control13,Control15,Control16,Control17
10615,11065,991,128239,259266,55355,4288,113130,9212;Control1,Control2,Control3,Control4,Control6,Control7,Control8,Control9,Control10,Control11,Control12,Control13,Control15,Control16,Control17
10615,8318,991,57405,4605;Control1,Control2,Control3,Control4,Control5,Control6,Control7,Control8,Control10,Control11,Control12,Control13,Control15,Control16,Control17
10615,51512,11065;Control1,Control3,Control4,Control5,Control6,Control7,Control8,Control9,Control10,Control11,Control12,Control15,Control16,Control17
10615,24137,991,128239,259266,6241,55355,4288,9787,9133,79801,9212;Control1,Control3,Control4,Control5,Control6,Control7,Control9,Control10,Control11,Control12,Control13,Control15,Control16,Control17
40,105371737;Control1,Control2,Control3,Control4,Control5,Control6,Control7,Control8,Control9,Control10,Control11,Control12,Control13,Control15,Control17
105371737,140628,1813;Control1,Control2,Control4,Control5,Control6,Control7,Control8,Control9,Control10,Control11,Control12,Control13,Control15,Control16
105371737,2277;Control1,Control2,Control3,Control5,Control6,Control8,Control9,Control10,Control11,Control12,Control13,Control15,Control16,Control17
100533789,100533990,5798,109729169;Control1,Control2,Control3,Control4,Control5,Control6,Control7,Control9,Control10,Control11,Control12,Control13,Control15,Control16,Control17
100533789,344,5798,100533990,57167;Control1,Control2,Control3,Control4,Control5,Control6,Control7,Control10,Control11,Control12,Control13,Control15,Control16,Control17
100533789,57167,5798;Control1,Control2,Control3,Control5,Control6,Control7,Control8,Control10,Control11,Control12,Control13,Control15,Control16,Control17
201299,220134,55355,3161,55872,221150,9787,100507118,24137;Control1,Control2,Control3,Control4,Control5,Control7,Control8,Control9,Control10,Control11,Control12,Control13,Control15,Control17
201299,55723,221150,11065;Control2,Control3,Control4,Control5,Control7,Control8,Control9,Control10,Control11,Control12,Control13,Control15,Control16,Control17
201299,89858;Control1,Control2,Control3,Control5,Control6,Control7,Control8,Control10,Control11,Control12,Control13,Control15,Control16,Control17
201299,11065,221150;Control1,Control2,Control3,Control4,Control5,Control7,Control8,Control9,Control10,Control11,Control12,Control13,Control15,Control16,Control17
201299,158511;Control1,Control2,Control3,Control4,Control5,Control6,Control7,Control8,Control10,Control11,Control12,Control13,Control15,Control17
6362,115701,100505994,646024,105376041,3229,387895,4496,107985492;Control1,Control2,Control5,Control6,Control7,Control8,Control9,Control10,Control11,Control12,Control13,Control15,Control16,Control17
6362,57167,100505994,80329,387895;Control1,Control2,Control4,Control5,Control6,Control7,Control8,Control9,Control10,Control11,Control13,Control15,Control16,Control17
6362,107985492,100505994,80329,646024,105376041,3229,387895,4496;Control1,Control2,Control5,Control6,Control7,Control8,Control9,Control10,Control11,Control12,Control13,Control15,Control16,Control17
6362,7477,100505994,80329,57167;Control1,Control2,Control4,Control5,Control6,Control7,Control8,Control9,Control10,Control11,Control13,Control15,Control16,Control17
7153,9496,4751,54443,55165,9824;Control1,Control2,Control3,Control5,Control6,Control7,Control9,Control10,Control11,Control12,Control13,Control15,Control16,Control17
7153,332,1063,6241,55355,55165,9787,51203,24137;Control1,Control2,Control3,Control4,Control5,Control6,Control7,Control8,Control9,Control10,Control11,Control12,Control13,Control15,Control16
7153,220134,64151,4001,3161,54443,55872,983,55165,57082,51203,29128;Control1,Control3,Control4,Control5,Control6,Control7,Control9,Control10,Control11,Control12,Control13,Control15,Control16,Control17
7153,186,54443;Control1,Control2,Control3,Control4,Control5,Control6,Control7,Control10,Control11,Control12,Control13,Control15,Control16,Control17
3881,5650,102467080,389336;Control1,Control2,Control3,Control4,Control5,Control6,Control7,Control8,Control9,Control10,Control11,Control15,Control16,Control17
3881,53820,6273,105375027,101927760,338667,111216286;Control1,Control2,Control3,Control4,Control5,Control6,Control7,Control8,Control9,Control11,Control13,Control15,Control16,Control17
146909,332,991,259266,1063,6241,55355,995,9232,113130,9787,9133,9212;Control1,Control2,Control3,Control4,Control5,Control6,Control7,Control8,Control9,Control10,Control11,Control12,Control13,Control15,Control17
146909,55723,991,259266,1063,6241,9232,3833,4288,9787,9212,11065;Control1,Control2,Control3,Control4,Control6,Control7,Control8,Control9,Control10,Control11,Control12,Control13,Control15,Control16,Control17
146909,284403;Control1,Control2,Control4,Control5,Control6,Control7,Control8,Control9,Control10,Control11,Control12,Control13,Control15,Control17
146909,22974,991,259266,1063,6241,995,9232,3833,4288,9787,9133,9212;Control1,Control2,Control3,Control5,Control6,Control7,Control8,Control9,Control10,Control11,Control12,Control13,Control15,Control16,Control17
146909,11065,991,259266,1063,6241,9232,3833,4288,9787,9133,9212;Control1,Control2,Control3,Control4,Control6,Control7,Control8,Control9,Control10,Control11,Control12,Control13,Control15,Control16,Control17
146909,9582,3833,4288,9787,9212;Control1,Control3,Control4,Control5,Control6,Control7,Control8,Control9,Control10,Control11,Control13,Control15,Control16,Control17
146909,24137,991,259266,1063,6241,995,9232,3833,4288,9787,9133,9212;Control1,Control2,Control3,Control4,Control5,Control6,Control7,Control9,Control10,Control11,Control12,Control13,Control15,Control16,Control17
101060400,105372115,3604,6664,4547,27299,2625,387978;Control1,Control2,Control3,Control4,Control5,Control6,Control8,Control9,Control10,Control11,Control12,Control13,Control15,Control16,Control17
101060400,107985436,941,9355,7681;Control1,Control2,Control3,Control4,Control6,Control7,Control8,Control10,Control11,Control12,Control13,Control15,Control16,Control17
101060400,389903,3604,6664,27299,2625,387978,105372115;Control1,Control2,Control3,Control4,Control5,Control6,Control8,Control9,Control10,Control11,Control12,Control13,Control15,Control16,Control17
10481,105371927,134285;Control1,Control2,Control4,Control5,Control6,Control7,Control8,Control9,Control10,Control11,Control13,Control15,Control16,Control17
10481,25818,29991,105373150;Control1,Control2,Control3,Control5,Control6,Control7,Control8,Control9,Control10,Control11,Control13,Control15,Control16,Control17
10481,64699,105373150;Control1,Control2,Control3,Control4,Control5,Control6,Control7,Control8,Control10,Control11,Control13,Control15,Control16,Control17
10481,7477,5798,168002,79191;Control1,Control2,Control3,Control4,Control5,Control6,Control7,Control8,Control9,Control11,Control12,Control13,Control16,Control17
10481,105373150;Control1,Control2,Control3,Control4,Control5,Control6,Control7,Control8,Control9,Control10,Control11,Control13,Control15,Control16,Control17
55771,332,8318;Control1,Control3,Control4,Control5,Control6,Control7,Control8,Control9,Control10,Control11,Control12,Control13,Control15,Control16,Control17
55771,147841,8318;Control1,Control2,Control3,Control5,Control6,Control7,Control8,Control9,Control10,Control11,Control13,Control15,Control16,Control17
55771,4605,8318;Control1,Control2,Control3,Control4,Control5,Control6,Control7,Control8,Control9,Control10,Control11,Control12,Control13,Control15,Control16,Control17
55771,100874530,9212;Control1,Control2,Control3,Control4,Control5,Control6,Control7,Control8,Control9,Control10,Control11,Control15,Control16,Control17
55771,349408;Control1,Control2,Control3,Control4,Control5,Control6,Control7,Control9,Control10,Control11,Control12,Control15,Control16,Control17
55771,24137,1063,9212,332;Control1,Control3,Control4,Control5,Control6,Control7,Control8,Control10,Control11,Control12,Control13,Control15,Control16,Control17
9496,6790;Control1,Control2,Control3,Control4,Control5,Control6,Control7,Control8,Control9,Control10,Control12,Control13,Control15,Control16
9496,5354;Control1,Control2,Control3,Control4,Control5,Control6,Control7,Control8,Control10,Control12,Control13,Control15,Control16,Control17
102606463,105372115,115362,4283,3627,10537,100506655,339256,23532;Control1,Control2,Control3,Control4,Control5,Control6,Control7,Control8,Control10,Control11,Control12,Control13,Control15,Control16
102606463,970,3352,101927355,54101;Control2,Control4,Control5,Control6,Control7,Control8,Control9,Control10,Control11,Control12,Control13,Control15,Control16,Control17
102606463,2277,81849,101927355,54101;Control2,Control4,Control5,Control6,Control7,Control8,Control9,Control10,Control11,Control12,Control13,Control15,Control16,Control17
400618,349408,112937,110806280;Control1,Control2,Control3,Control4,Control5,Control6,Control7,Control8,Control9,Control10,Control11,Control13,Control16,Control17
400618,729447,112937,110806280,102723547;Control1,Control2,Control3,Control4,Control5,Control6,Control7,Control8,Control9,Control10,Control11,Control13,Control15,Control17
400618,102723547;Control1,Control2,Control3,Control4,Control5,Control6,Control7,Control8,Control9,Control10,Control11,Control12,Control13,Control15,Control17
400618,158511,112937,110806280;Control1,Control3,Control4,Control5,Control6,Control7,Control8,Control9,Control10,Control11,Control12,Control13,Control15,Control16,Control17
400618,389903,102723547;Control1,Control2,Control3,Control4,Control5,Control6,Control7,Control8,Control10,Control11,Control12,Control13,Control15,Control17
332,220134,991,128239,259266,6241,55355,4288,113130,9787;Control1,Control2,Control3,Control4,Control5,Control6,Control7,Control8,Control9,Control10,Control11,Control12,Control15,Control16,Control17
332,147841;Control1,Control2,Control3,Control5,Control6,Control7,Control8,Control9,Control10,Control11,Control12,Control13,Control15,Control16,Control17
332,55723,991,259266,1063,6241,55355,995,113130,9787,9212,11065;Control1,Control2,Control3,Control4,Control6,Control7,Control8,Control9,Control10,Control11,Control12,Control13,Control15,Control16,Control17
332,284403,991,6241,55355,995,9787;Control1,Control2,Control4,Control5,Control6,Control7,Control8,Control9,Control10,Control11,Control13,Control15,Control16,Control17
332,22974,991,259266,1063,6241,55355,995,4288,9787,9133,9212;Control1,Control2,Control3,Control5,Control6,Control7,Control8,Control9,Control10,Control11,Control12,Control13,Control15,Control16,Control17
332,4605,991,9232,89958;Control1,Control3,Control4,Control5,Control6,Control7,Control8,Control9,Control10,Control11,Control13,Control15,Control16,Control17
332,11065,991,259266,1063,6241,55355,995,113130,9787,9133,9212;Control1,Control2,Control3,Control4,Control6,Control7,Control8,Control9,Control10,Control11,Control12,Control13,Control15,Control16,Control17
105371927,284266;Control1,Control2,Control3,Control4,Control5,Control7,Control9,Control10,Control11,Control12,Control13,Control15,Control16,Control17
105371927,115701,27237,2328;Control1,Control2,Control3,Control5,Control6,Control7,Control8,Control9,Control10,Control11,Control12,Control13,Control16,Control17
105371927,25818,27237,2328,2019,134285,389336,285987,4004,3502,5653,5650,101929707,28809,729442;Control1,Control3,Control5,Control6,Control7,Control8,Control9,Control10,Control11,Control12,Control13,Control15,Control16,Control17
105371927,101929707,2328;Control1,Control2,Control3,Control5,Control6,Control7,Control8,Control9,Control10,Control11,Control12,Control13,Control15,Control16,Control17
647946,1630,105369685;Control1,Control2,Control3,Control4,Control5,Control6,Control7,Control8,Control9,Control10,Control11,Control12,Control13,Control15,Control16,Control17
647946,101929707,2328,2019,134285,285987,4004,5653,28809,729442;Control1,Control3,Control4,Control5,Control6,Control7,Control9,Control10,Control11,Control12,Control13,Control15,Control16,Control17
647946,105372613,477;Control1,Control2,Control3,Control4,Control5,Control6,Control7,Control8,Control9,Control11,Control12,Control13,Control15,Control16,Control17
6860,147741,107985513;Control1,Control2,Control3,Control4,Control6,Control7,Control8,Control9,Control10,Control11,Control12,Control13,Control15,Control16,Control17
6860,54854,107985513;Control1,Control2,Control3,Control4,Control5,Control6,Control7,Control8,Control9,Control10,Control11,Control13,Control16,Control17
6860,101927355;Control1,Control2,Control5,Control6,Control7,Control8,Control9,Control10,Control11,Control12,Control13,Control15,Control16,Control17
6860,107985513;Control1,Control2,Control3,Control4,Control5,Control6,Control7,Control8,Control9,Control10,Control11,Control12,Control13,Control15,Control16,Control17
6860,113730,107985513;Control1,Control2,Control3,Control4,Control5,Control6,Control7,Control8,Control10,Control11,Control12,Control13,Control15,Control16,Control17
9388,7477;Control1,Control2,Control3,Control4,Control5,Control6,Control7,Control8,Control9,Control10,Control11,Control13,Control15,Control16,Control17
220134,147841,128239,55355,64151;Control1,Control2,Control3,Control4,Control5,Control6,Control7,Control8,Control10,Control11,Control12,Control15,Control16,Control17
220134,55723,113130,11065;Control1,Control2,Control3,Control4,Control5,Control6,Control7,Control8,Control10,Control11,Control12,Control13,Control15,Control17
220134,110806280,128239,112937;Control1,Control2,Control3,Control4,Control5,Control6,Control8,Control10,Control11,Control12,Control13,Control15,Control16,Control17
220134,22974,991,128239,259266,6241,55355,4288,9787;Control1,Control2,Control3,Control5,Control6,Control7,Control8,Control9,Control10,Control11,Control12,Control13,Control15,Control16,Control17
220134,4605,991,259266,4288,10024,9133;Control1,Control2,Control3,Control4,Control5,Control6,Control7,Control8,Control10,Control11,Control12,Control15,Control16,Control17
220134,11065,991,128239,259266,6241,55355,4288,9787;Control1,Control2,Control3,Control4,Control6,Control7,Control8,Control9,Control10,Control11,Control12,Control13,Control15,Control16,Control17
220134,24137,991,128239,259266,6241,55355,9787;Control1,Control2,Control3,Control4,Control5,Control6,Control7,Control8,Control9,Control10,Control11,Control12,Control13,Control15,Control16,Control17
220134,54821,221150,57082;Control1,Control2,Control3,Control4,Control5,Control6,Control7,Control8,Control9,Control10,Control11,Control12,Control15,Control16
1630,105372613,477,171019;Control1,Control2,Control3,Control4,Control6,Control7,Control8,Control9,Control10,Control11,Control12,Control15,Control16,Control17
115701,55655,284958,646024,105376041,3229;Control1,Control2,Control3,Control4,Control5,Control6,Control7,Control8,Control9,Control10,Control11,Control12,Control13,Control15,Control16,Control17
115701,4318,374946,5798,646024,168002,105376041,3229,387895,4496,109729169;Control1,Control2,Control3,Control4,Control5,Control6,Control8,Control9,Control10,Control11,Control13,Control15,Control16,Control17
115701,3053,646024,105376041,3229,387895,55655;Control1,Control2,Control3,Control4,Control5,Control6,Control7,Control8,Control9,Control11,Control12,Control13,Control15,Control16,Control17
115701,109729169,284958,5798,646024,105376041,3229,387895;Control1,Control2,Control3,Control4,Control5,Control6,Control7,Control8,Control9,Control10,Control11,Control13,Control15,Control16,Control17
115701,5354;Control1,Control2,Control3,Control4,Control5,Control6,Control7,Control8,Control9,Control11,Control12,Control13,Control16,Control17
284293,354,58,3502,145873,28809;Control1,Control2,Control3,Control5,Control6,Control7,Control8,Control10,Control11,Control12,Control13,Control15,Control16,Control17
284293,64699;Control1,Control2,Control4,Control5,Control6,Control7,Control9,Control10,Control11,Control12,Control13,Control15,Control16,Control17
284240,80714,56896,84561,1750,3856;Control1,Control3,Control4,Control5,Control6,Control7,Control8,Control9,Control10,Control11,Control12,Control13,Control16,Control17
284240,89858;Control1,Control2,Control3,Control4,Control5,Control6,Control7,Control8,Control9,Control10,Control12,Control13,Control15,Control16
284240,111216286,56896;Control1,Control2,Control3,Control4,Control5,Control6,Control8,Control9,Control10,Control11,Control12,Control15,Control16,Control17
284240,5008,56896,1750,3856,113218482;Control3,Control4,Control5,Control6,Control7,Control8,Control9,Control10,Control11,Control12,Control13,Control15,Control16,Control17
284240,9758,56896,113218482;Control1,Control2,Control4,Control5,Control6,Control7,Control8,Control9,Control10,Control11,Control12,Control13,Control15,Control16,Control17
284240,5354,186;Control1,Control2,Control3,Control4,Control5,Control7,Control8,Control9,Control10,Control11,Control12,Control13,Control15,Control17
284240,186;Control1,Control2,Control3,Control4,Control5,Control7,Control8,Control9,Control10,Control11,Control12,Control13,Control15,Control16,Control17
29128,11065,891,221150;Control1,Control2,Control3,Control4,Control5,Control6,Control7,Control8,Control9,Control10,Control11,Control12,Control13,Control15,Control16
29128,54821,57082,7153;Control1,Control2,Control3,Control4,Control5,Control7,Control8,Control9,Control10,Control11,Control12,Control15,Control16,Control17
29128,389903,4751,64151,55247,3161,54443,55872,221150,9055,7153;Control1,Control3,Control4,Control5,Control6,Control7,Control9,Control10,Control11,Control12,Control13,Control15,Control16,Control17
970,55423,50852;Control2,Control3,Control4,Control5,Control6,Control7,Control8,Control9,Control11,Control12,Control13,Control15,Control16,Control17
147741,80714,56896;Control2,Control3,Control4,Control5,Control6,Control7,Control8,Control9,Control10,Control11,Control12,Control13,Control16,Control17
147841,284403;Control1,Control2,Control4,Control5,Control6,Control7,Control8,Control9,Control10,Control11,Control13,Control15,Control16,Control17
147841,8318;Control1,Control2,Control3,Control5,Control6,Control7,Control8,Control9,Control10,Control11,Control12,Control13,Control15,Control16,Control17
147841,24137,128239,6241,55355,9212,332;Control1,Control2,Control3,Control5,Control6,Control7,Control8,Control9,Control10,Control11,Control12,Control15,Control16,Control17
1995,80714;Control1,Control2,Control3,Control4,Control5,Control6,Control7,Control8,Control9,Control10,Control11,Control13,Control15,Control16,Control17
55723,22974,991,128239,259266,6241,55355,995,4288,9787,9212,11065;Control1,Control2,Control3,Control6,Control7,Control8,Control9,Control10,Control11,Control12,Control13,Control15,Control16,Control17
55723,9582,128239,9787;Control1,Control3,Control4,Control6,Control7,Control8,Control9,Control10,Control11,Control12,Control13,Control15,Control16,Control17
55723,24137,991,259266,1063,6241,55355,113130,9787,9212,332,11065;Control1,Control2,Control3,Control4,Control6,Control7,Control8,Control9,Control10,Control11,Control12,Control13,Control15,Control16,Control17
8529,107985513;Control1,Control2,Control3,Control4,Control6,Control7,Control8,Control9,Control10,Control12,Control13,Control15,Control16,Control17
110806280,349408,112937;Control1,Control2,Control3,Control4,Control5,Control6,Control7,Control8,Control9,Control10,Control11,Control13,Control15,Control16,Control17
10437,25818,4973,5265,5650;Control2,Control4,Control5,Control6,Control7,Control8,Control9,Control10,Control11,Control12,Control13,Control15,Control16,Control17
10437,5653,389336,4004,5265,5650;Control2,Control3,Control4,Control5,Control6,Control7,Control8,Control9,Control10,Control11,Control13,Control15,Control16,Control17
10437,55655;Control1,Control2,Control3,Control4,Control5,Control6,Control7,Control8,Control9,Control10,Control11,Control12,Control13,Control16,Control17
80714,100533990,5798,11075,344,109729169;Control1,Control2,Control3,Control4,Control5,Control7,Control8,Control9,Control10,Control12,Control13,Control15,Control16,Control17
80714,5653;Control2,Control3,Control4,Control5,Control6,Control7,Control8,Control9,Control11,Control12,Control13,Control15,Control16,Control17
80714,57167,374946,5798;Control1,Control2,Control3,Control4,Control5,Control7,Control8,Control9,Control10,Control12,Control13,Control15,Control16,Control17
80714,111216286;Control2,Control3,Control4,Control5,Control6,Control7,Control8,Control9,Control10,Control11,Control12,Control15,Control16,Control17
284403,4605,89958;Control1,Control2,Control4,Control5,Control6,Control7,Control8,Control9,Control10,Control11,Control12,Control13,Control16,Control17
284403,6790;Control1,Control2,Control3,Control4,Control5,Control6,Control7,Control8,Control9,Control11,Control13,Control15,Control16,Control17
3783,89858;Control1,Control3,Control4,Control5,Control6,Control7,Control8,Control9,Control10,Control11,Control12,Control13,Control15,Control16,Control17
3783,349408,3664,110806280,729447,102723547;Control1,Control2,Control3,Control4,Control5,Control6,Control7,Control8,Control9,Control10,Control11,Control13,Control15,Control17
100533990,55655,5798,646024,105376041,344,3053,109729169;Control1,Control2,Control3,Control4,Control5,Control6,Control7,Control8,Control9,Control10,Control11,Control13,Control15,Control16,Control17
100533990,4318,5798,344,109729184,57167,7477;Control1,Control2,Control3,Control4,Control5,Control6,Control8,Control9,Control10,Control11,Control12,Control13,Control15,Control16,Control17
100533990,349408,5798,168002,344,109729184,7477;Control1,Control2,Control3,Control4,Control5,Control6,Control7,Control8,Control9,Control10,Control11,Control12,Control13,Control15
100533990,109729169,5798,344;Control1,Control2,Control3,Control4,Control5,Control6,Control7,Control8,Control9,Control10,Control11,Control12,Control13,Control15,Control16,Control17
344,349408,89886,168002,105378305,79191,109729184;Control1,Control2,Control3,Control4,Control5,Control6,Control7,Control8,Control9,Control10,Control11,Control12,Control13,Control15
54854,107985436;Control2,Control3,Control4,Control5,Control6,Control7,Control8,Control9,Control10,Control11,Control13,Control15,Control16,Control17
54854,107985513;Control1,Control2,Control3,Control4,Control5,Control6,Control7,Control8,Control9,Control10,Control11,Control13,Control15,Control16,Control17
354,25818,58,134285,389336,285987,4004,3502,145873,5653,5650,28809,105373150,729442;Control1,Control2,Control4,Control5,Control6,Control7,Control8,Control9,Control10,Control11,Control12,Control13,Control15,Control16,Control17
354,26150;Control1,Control2,Control3,Control4,Control5,Control6,Control7,Control8,Control9,Control11,Control12,Control13,Control16,Control17
354,8471,58,101927750,134285,389336,285987,4004,3502,25818,5653,5650,28809,105373150,729442;Control1,Control2,Control4,Control5,Control6,Control7,Control8,Control9,Control10,Control11,Control12,Control13,Control15,Control17
25818,64699,105373150;Control1,Control2,Control3,Control4,Control5,Control7,Control8,Control10,Control11,Control12,Control13,Control15,Control16,Control17
89858,729447,107984763,3783,102723547;Control1,Control3,Control4,Control5,Control7,Control8,Control9,Control10,Control11,Control12,Control13,Control15,Control16,Control17
89858,158511;Control1,Control2,Control3,Control4,Control5,Control6,Control7,Control8,Control9,Control10,Control11,Control12,Control13,Control15,Control17
55655,57167,731220,5798,100505994,646024,168002,11075,105376041,3229,107985492,109729169;Control1,Control2,Control3,Control5,Control6,Control7,Control8,Control9,Control10,Control11,Control13,Control15,Control16,Control17
55655,3053,646024,105376041,3229;Control1,Control2,Control3,Control4,Control5,Control6,Control7,Control8,Control9,Control10,Control11,Control12,Control13,Control15,Control16,Control17
55423,113730,115362;Control1,Control2,Control3,Control5,Control6,Control7,Control8,Control9,Control10,Control11,Control12,Control13,Control16,Control17
101929707,64699;Control1,Control4,Control5,Control6,Control7,Control8,Control9,Control10,Control11,Control12,Control13,Control15,Control16,Control17
101929707,51512,27178,285643;Control1,Control2,Control3,Control4,Control5,Control6,Control7,Control8,Control9,Control10,Control11,Control12,Control15,Control16,Control17
101929707,5354,27178,285643,157570;Control1,Control2,Control3,Control4,Control5,Control6,Control7,Control8,Control9,Control10,Control12,Control13,Control15,Control17
101929707,186,27178,285643,157570;Control1,Control2,Control3,Control4,Control5,Control6,Control8,Control9,Control11,Control12,Control13,Control15,Control16,Control17
22974,6790;Control1,Control2,Control5,Control6,Control7,Control8,Control9,Control10,Control11,Control12,Control13,Control15,Control16,Control17
22974,24137,128239,259266,6241,55355,9787,9212;Control1,Control2,Control3,Control5,Control6,Control7,Control8,Control9,Control10,Control11,Control12,Control13,Control15,Control16,Control17
105372613,105372863;Control1,Control2,Control3,Control4,Control5,Control6,Control7,Control8,Control10,Control11,Control12,Control15,Control16,Control17
11065,53820;Control1,Control2,Control3,Control4,Control5,Control7,Control8,Control9,Control10,Control11,Control12,Control15,Control16,Control17
11065,8318,113130,221150;Control1,Control2,Control3,Control4,Control5,Control6,Control7,Control8,Control10,Control11,Control12,Control15,Control16,Control17
11065,158511,3833,112937,5347;Control1,Control2,Control3,Control4,Control6,Control7,Control8,Control10,Control11,Control12,Control13,Control15,Control16,Control17
4318,57167,5798,168002,344,109729184,7477;Control1,Control2,Control3,Control5,Control6,Control7,Control8,Control9,Control10,Control11,Control12,Control13,Control15,Control16,Control17
4318,3053,5798,646024,11075,554202,105376041,3229,387895,109729184,109729169;Control1,Control2,Control3,Control4,Control5,Control6,Control8,Control9,Control10,Control11,Control13,Control15,Control16,Control17
4318,109729169,5798,168002,105378305,79191,109729184;Control1,Control2,Control3,Control4,Control5,Control6,Control7,Control8,Control9,Control10,Control11,Control12,Control13,Control16,Control17
101927355,7477,81849,105374166,253650,112268037,100506411,57167,2277;Control1,Control2,Control3,Control4,Control5,Control6,Control7,Control8,Control9,Control10,Control11,Control13,Control16,Control17
107985436,109729169,5100;Control1,Control2,Control3,Control4,Control5,Control6,Control7,Control8,Control9,Control10,Control11,Control13,Control16,Control17
57167,349408,26289,168002,4318,109729184,7477;Control1,Control2,Control3,Control5,Control6,Control7,Control8,Control9,Control10,Control11,Control12,Control13,Control15,Control16
6790,9582;Control1,Control4,Control5,Control6,Control7,Control8,Control9,Control10,Control11,Control12,Control13,Control15,Control16,Control17
53820,51512;Control1,Control3,Control4,Control5,Control7,Control8,Control9,Control10,Control11,Control12,Control13,Control15,Control16,Control17
53820,107985627,6273,105375027,101927760,338667,111216286;Control1,Control2,Control3,Control4,Control5,Control6,Control7,Control8,Control9,Control10,Control12,Control13,Control15,Control16,Control17
64699,105373150;Control1,Control2,Control3,Control4,Control5,Control6,Control7,Control8,Control9,Control10,Control11,Control12,Control13,Control15,Control16,Control17
111216286,5008,9628;Control1,Control2,Control3,Control4,Control5,Control6,Control7,Control8,Control9,Control10,Control12,Control15,Control16,Control17
111216286,107985627,3754,105375027,102724784,338667;Control1,Control2,Control3,Control4,Control5,Control7,Control8,Control9,Control10,Control11,Control12,Control13,Control15,Control16,Control17
8318,349408,128239,112937;Control1,Control2,Control3,Control4,Control5,Control6,Control7,Control8,Control9,Control10,Control11,Control15,Control16,Control17
3053,109729169,646024,105376041,55655;Control1,Control2,Control3,Control4,Control5,Control6,Control7,Control8,Control9,Control10,Control11,Control12,Control13,Control15,Control16,Control17
5008,9758,56896,1750,3856,113218482;Control2,Control4,Control5,Control6,Control7,Control8,Control9,Control10,Control11,Control12,Control13,Control15,Control16,Control17
9582,100874530;Control1,Control2,Control3,Control4,Control5,Control6,Control7,Control8,Control9,Control10,Control11,Control12,Control13,Control15,Control16,Control17
9582,349408,100874530;Control1,Control2,Control3,Control4,Control5,Control6,Control7,Control8,Control10,Control11,Control13,Control15,Control16,Control17
26150,107985627,53836,1813,105371737;Control1,Control2,Control3,Control4,Control6,Control7,Control8,Control9,Control10,Control11,Control12,Control15,Control16,Control17
26150,158511;Control1,Control2,Control3,Control4,Control6,Control7,Control8,Control9,Control10,Control12,Control13,Control15,Control16,Control17
349408,729447,102723547;Control1,Control2,Control3,Control4,Control5,Control6,Control7,Control8,Control9,Control10,Control11,Control13,Control15,Control16,Control17
349408,158511,112937;Control1,Control2,Control3,Control4,Control5,Control6,Control7,Control8,Control9,Control10,Control11,Control13,Control15,Control16,Control17
349408,389903,9582,729447,102723547;Control1,Control2,Control3,Control4,Control5,Control6,Control7,Control8,Control10,Control11,Control13,Control15,Control16,Control17
2277,186,6332;Control1,Control3,Control5,Control6,Control7,Control8,Control9,Control10,Control11,Control12,Control13,Control15,Control16,Control17
729447,158511,102723547;Control1,Control3,Control4,Control5,Control6,Control7,Control8,Control9,Control10,Control11,Control12,Control13,Control15,Control16,Control17
24137,158511,55355,3833,112937,221150,9212;Control1,Control2,Control3,Control4,Control5,Control6,Control7,Control10,Control11,Control12,Control13,Control15,Control16,Control17
5354,186;Control1,Control2,Control3,Control4,Control5,Control6,Control7,Control8,Control9,Control10,Control11,Control12,Control13,Control15,Control16,Control17
5354,158511;Control1,Control2,Control3,Control4,Control5,Control6,Control7,Control8,Control9,Control10,Control12,Control13,Control15,Control16
158511,389903,729447,102723547;Control1,Control3,Control4,Control5,Control6,Control7,Control8,Control10,Control11,Control12,Control13,Control15,Control16,Control17
