Interaction,name,Pearson,selected,shared interaction,shared name,Weight
9768,157313,0.7409160667840222,false,9768,157313,0.7409160667840222
9768,55165,0.7389361714854048,false,9768,55165,0.7389361714854048
9768,57405,0.7133411095776286,false,9768,57405,0.7133411095776286
9768,29128,0.8174089996423464,false,9768,29128,0.8174089996423464
9768,57082,0.7541997881903836,false,9768,57082,0.7541997881903836
9768,332,0.7372009288709184,false,9768,332,0.7372009288709184
9768,24137,0.7364632170457925,false,9768,24137,0.7364632170457925
9768,64151,0.8184871063547603,false,9768,64151,0.8184871063547603
51361,970,0.927573725113598,false,51361,970,0.927573725113598
51361,105374166,0.8764492737600104,false,51361,105374166,0.8764492737600104
51361,29851,0.8570590879405074,false,51361,29851,0.8570590879405074
51361,100289137,0.9579827784059252,false,51361,100289137,0.9579827784059252
51361,5133,0.9247746608377344,false,51361,5133,0.9247746608377344
51361,57451,0.9578257050094716,false,51361,57451,0.9578257050094716
51361,10309,0.9379769509743517,false,51361,10309,0.9379769509743517
51361,158228,0.999262023248296,false,51361,158228,0.999262023248296
51361,100506411,0.9892643736255383,false,51361,100506411,0.9892643736255383
51361,2277,0.8807807108777873,false,51361,2277,0.8807807108777873
51361,107986606,0.8492725874826216,false,51361,107986606,0.8492725874826216
51361,81849,0.8800206063362075,false,51361,81849,0.8800206063362075
51361,107985492,0.9072068880140968,false,51361,107985492,0.9072068880140968
51361,112268037,0.8566892673575209,false,51361,112268037,0.8566892673575209
51361,6495,0.9982425302067681,false,51361,6495,0.9982425302067681
51361,3352,0.8612516079785618,false,51361,3352,0.8612516079785618
51361,79056,0.9233771301610229,false,51361,79056,0.9233771301610229
51361,54101,0.9980832042706804,false,51361,54101,0.9980832042706804
51361,143662,0.9951551275660039,false,51361,143662,0.9951551275660039
51361,23286,0.9805530916325966,false,51361,23286,0.9805530916325966
51361,340273,0.9992244047956174,false,51361,340273,0.9992244047956174
51361,161291,0.8958119715231853,false,51361,161291,0.8958119715231853
51361,101927355,0.9566217817464688,false,51361,101927355,0.9566217817464688
51361,366,0.763551308562633,false,51361,366,0.763551308562633
51361,4547,0.874238770057505,false,51361,4547,0.874238770057505
51361,3239,0.79184766672205,false,51361,3239,0.79184766672205
51361,253650,0.9114358846789753,false,51361,253650,0.9114358846789753
51361,654499,0.9993475671653326,false,51361,654499,0.9993475671653326
51361,100996301,0.9236265602323953,false,51361,100996301,0.9236265602323953
1995,10265,0.9172437420502251,false,1995,10265,0.9172437420502251
1995,109729184,0.8379488051073132,false,1995,109729184,0.8379488051073132
1995,89886,0.9521033952961196,false,1995,89886,0.9521033952961196
1995,10481,0.7411095699584216,false,1995,10481,0.7411095699584216
1995,7545,0.9509476309740819,false,1995,7545,0.9509476309740819
1995,7477,0.7799957654203531,false,1995,7477,0.7799957654203531
1995,344,0.7741748339812807,false,1995,344,0.7741748339812807
1995,286676,0.8690582698402455,false,1995,286676,0.8690582698402455
1995,4318,0.7802897528414634,false,1995,4318,0.7802897528414634
1995,79191,0.8891154001851453,false,1995,79191,0.8891154001851453
1995,100379220,0.8103742345337427,false,1995,100379220,0.8103742345337427
1995,105378305,0.889095762812191,false,1995,105378305,0.889095762812191
1995,107984129,0.9318624707347939,false,1995,107984129,0.9318624707347939
1995,29991,0.8124001167071597,false,1995,29991,0.8124001167071597
1995,105371275,0.8258933167675917,false,1995,105371275,0.8258933167675917
1995,168002,0.9360636644538886,false,1995,168002,0.9360636644538886
107984851,10721,0.7391103676016899,false,107984851,10721,0.7391103676016899
107984851,4321,0.8360315453602365,false,107984851,4321,0.8360315453602365
107984851,55789,0.8915596451974589,false,107984851,55789,0.8915596451974589
5347,220134,0.7355830171017105,false,5347,220134,0.7355830171017105
5347,400618,0.7049707844615867,false,5347,400618,0.7049707844615867
5347,158511,0.8384180084796806,false,5347,158511,0.8384180084796806
5347,4288,0.7929496687409108,false,5347,4288,0.7929496687409108
5347,9700,0.7696439442049865,false,5347,9700,0.7696439442049865
5347,112937,0.8593458854241306,false,5347,112937,0.8593458854241306
5347,55723,0.703858109288009,false,5347,55723,0.703858109288009
5347,3833,0.8224276783616031,false,5347,3833,0.8224276783616031
5347,10615,0.7561324696762196,false,5347,10615,0.7561324696762196
79733,9824,0.7165282930075487,false,79733,9824,0.7165282930075487
79733,54443,0.785221485334807,false,79733,54443,0.785221485334807
79733,9493,0.773756951306216,false,79733,9493,0.773756951306216
79733,55143,0.840621642117636,false,79733,55143,0.840621642117636
79733,150468,0.7320816123194853,false,79733,150468,0.7320816123194853
79733,105375610,0.8476299097486734,false,79733,105375610,0.8476299097486734
79733,9055,0.8370865825374186,false,79733,9055,0.8370865825374186
79733,157570,0.7408096697026818,false,79733,157570,0.7408096697026818
79733,55872,0.8060595509930317,false,79733,55872,0.8060595509930317
79733,4751,0.7394130575194824,false,79733,4751,0.7394130575194824
79733,27178,0.8255283648273518,false,79733,27178,0.8255283648273518
79733,83903,0.8041073247924496,false,79733,83903,0.8041073247924496
79733,285643,0.8255283648273518,false,79733,285643,0.8255283648273518
79733,1063,0.7301903557181708,false,79733,1063,0.7301903557181708
2625,4283,0.7108690215491587,false,2625,4283,0.7108690215491587
2625,147741,0.7213337894839064,false,2625,147741,0.7213337894839064
2625,100506655,0.7014046523375893,false,2625,100506655,0.7014046523375893
2625,100506827,0.7409938252285053,false,2625,100506827,0.7409938252285053
9824,54443,0.9687066366045303,false,9824,54443,0.9687066366045303
9824,55165,0.9160931407649381,false,9824,55165,0.9160931407649381
9824,9493,0.9201978017318748,false,9824,9493,0.9201978017318748
9824,55143,0.8426726108430472,false,9824,55143,0.8426726108430472
9824,150468,0.7870407782562839,false,9824,150468,0.7870407782562839
9824,51203,0.9115253449111468,false,9824,51203,0.9115253449111468
9824,29128,0.7859057800661379,false,9824,29128,0.7859057800661379
9824,9055,0.8306723134618942,false,9824,9055,0.8306723134618942
9824,4001,0.7428767150908793,false,9824,4001,0.7428767150908793
9824,157570,0.9131057119657032,false,9824,157570,0.9131057119657032
9824,55872,0.8778072326589272,false,9824,55872,0.8778072326589272
9824,4751,0.9170265036462609,false,9824,4751,0.9170265036462609
9824,6241,0.7473786574764869,false,9824,6241,0.7473786574764869
9824,27178,0.8144630043163296,false,9824,27178,0.8144630043163296
9824,83903,0.8208117667668164,false,9824,83903,0.8208117667668164
9824,285643,0.8144630043163296,false,9824,285643,0.8144630043163296
9824,24137,0.7268628784087394,false,9824,24137,0.7268628784087394
9824,23397,0.7762236022458648,false,9824,23397,0.7762236022458648
55423,115362,0.7688611766765767,false,55423,115362,0.7688611766765767
55423,29851,0.7882659800387491,false,55423,29851,0.7882659800387491
55423,5133,0.7486440623109052,false,55423,5133,0.7486440623109052
55423,105376878,0.7780710749093553,false,55423,105376878,0.7780710749093553
55423,101927687,0.7791041057874786,false,55423,101927687,0.7791041057874786
55423,100292680,0.724290025304349,false,55423,100292680,0.724290025304349
55423,7546,0.7703318460599027,false,55423,7546,0.7703318460599027
55423,50852,0.7468445560255266,false,55423,50852,0.7468445560255266
55423,366,0.8242232071590737,false,55423,366,0.8242232071590737
55423,4547,0.7225525377059622,false,55423,4547,0.7225525377059622
10265,109729184,0.841185047839645,false,10265,109729184,0.841185047839645
10265,89886,0.8317423213780233,false,10265,89886,0.8317423213780233
10265,7545,0.8056902918960798,false,10265,7545,0.8056902918960798
10265,7477,0.7901931622777432,false,10265,7477,0.7901931622777432
10265,344,0.730691301057629,false,10265,344,0.730691301057629
10265,286676,0.8453768407872817,false,10265,286676,0.8453768407872817
10265,4318,0.7833688587488383,false,10265,4318,0.7833688587488383
10265,79191,0.8152722699166943,false,10265,79191,0.8152722699166943
10265,100379220,0.7812655882756063,false,10265,100379220,0.7812655882756063
10265,105378305,0.8188667649305407,false,10265,105378305,0.8188667649305407
10265,107984129,0.8072529181421416,false,10265,107984129,0.8072529181421416
10265,168002,0.8638964932473985,false,10265,168002,0.8638964932473985
115362,10537,0.8696135377565164,false,115362,10537,0.8696135377565164
115362,105376878,0.741673553995397,false,115362,105376878,0.741673553995397
115362,4283,0.8713116200689841,false,115362,4283,0.8713116200689841
115362,101929690,0.761352006928526,false,115362,101929690,0.761352006928526
115362,147741,0.9003066674908325,false,115362,147741,0.9003066674908325
115362,100506655,0.8459687306701389,false,115362,100506655,0.8459687306701389
115362,23532,0.8475096401287463,false,115362,23532,0.8475096401287463
115362,100506827,0.9201324040190537,false,115362,100506827,0.9201324040190537
115362,701,0.7805603578318012,false,115362,701,0.7805603578318012
55355,259266,0.8809249479769163,false,55355,259266,0.8809249479769163
55355,55165,0.8393868668735536,false,55355,55165,0.8393868668735536
55355,220134,0.9191425887768486,false,55355,220134,0.9191425887768486
55355,9133,0.8609353361930762,false,55355,9133,0.8609353361930762
55355,150468,0.7136593198884862,false,55355,150468,0.7136593198884862
55355,105375610,0.7215200257446124,false,55355,105375610,0.7215200257446124
55355,51203,0.7380805366144756,false,55355,51203,0.7380805366144756
55355,57405,0.7332487153760819,false,55355,57405,0.7332487153760819
55355,29128,0.8245876691381151,false,55355,29128,0.8245876691381151
55355,113130,0.7423409926540739,false,55355,113130,0.7423409926540739
55355,158511,0.7729022358811342,false,55355,158511,0.7729022358811342
55355,4288,0.8464816337193486,false,55355,4288,0.8464816337193486
55355,57082,0.7690134832085941,false,55355,57082,0.7690134832085941
55355,332,0.8656470533691782,false,55355,332,0.8656470533691782
55355,55872,0.7491150233999916,false,55355,55872,0.7491150233999916
55355,891,0.7099935166397183,false,55355,891,0.7099935166397183
55355,6241,0.8940729882965391,false,55355,6241,0.8940729882965391
55355,24137,0.9194581792227179,false,55355,24137,0.9194581792227179
55355,112937,0.8603259081184746,false,55355,112937,0.8603259081184746
55355,9787,0.8892697554678685,false,55355,9787,0.8892697554678685
55355,1063,0.8062094026353431,false,55355,1063,0.8062094026353431
55355,105371664,0.7261604735055864,false,55355,105371664,0.7261604735055864
55355,3833,0.8223282954635608,false,55355,3833,0.8223282954635608
55355,64151,0.9064895756438657,false,55355,64151,0.9064895756438657
55355,221150,0.8388105894343011,false,55355,221150,0.8388105894343011
55355,3670,0.7926384359803397,false,55355,3670,0.7926384359803397
55355,10615,0.7692438411774977,false,55355,10615,0.7692438411774977
259266,157313,0.7962316093444981,false,259266,157313,0.7962316093444981
259266,55165,0.720193360466815,false,259266,55165,0.720193360466815
259266,220134,0.8207970525423042,false,259266,220134,0.8207970525423042
259266,9133,0.9428214725981094,false,259266,9133,0.9428214725981094
259266,150468,0.7740989964803693,false,259266,150468,0.7740989964803693
259266,105375610,0.766684206991572,false,259266,105375610,0.766684206991572
259266,57405,0.8300243865982275,false,259266,57405,0.8300243865982275
259266,113130,0.8531953911797056,false,259266,113130,0.8531953911797056
259266,4288,0.9123696454207709,false,259266,4288,0.9123696454207709
259266,57082,0.7270477356170665,false,259266,57082,0.7270477356170665
259266,332,0.9030118960120581,false,259266,332,0.9030118960120581
259266,6241,0.8761686937737927,false,259266,6241,0.8761686937737927
259266,8318,0.7358906030845478,false,259266,8318,0.7358906030845478
259266,24137,0.8049034825647843,false,259266,24137,0.8049034825647843
259266,112937,0.7990331019490131,false,259266,112937,0.7990331019490131
259266,9787,0.9367037979568292,false,259266,9787,0.9367037979568292
259266,1063,0.8802031491071854,false,259266,1063,0.8802031491071854
259266,3833,0.7887737823592743,false,259266,3833,0.7887737823592743
259266,64151,0.860587616513088,false,259266,64151,0.860587616513088
259266,221150,0.7245774054319133,false,259266,221150,0.7245774054319133
259266,10615,0.8142075380918441,false,259266,10615,0.8142075380918441
100505994,55655,0.7691780178460974,false,100505994,55655,0.7691780178460974
100505994,107986606,0.8454230671665722,false,100505994,107986606,0.8454230671665722
100505994,107985492,0.7739136348975938,false,100505994,107985492,0.7739136348975938
100505994,105375690,0.8703149622619001,false,100505994,105375690,0.8703149622619001
100505994,115701,0.7170378592442711,false,100505994,115701,0.7170378592442711
100505994,2250,0.7259613348109208,false,100505994,2250,0.7259613348109208
100505994,6362,0.8649126572758306,false,100505994,6362,0.8649126572758306
100505994,554202,0.8119119368182646,false,100505994,554202,0.8119119368182646
100505994,100996301,0.7002830276876416,false,100505994,100996301,0.7002830276876416
100505994,80329,0.8792809229345186,false,100505994,80329,0.8792809229345186
729442,5307,0.8596240375906826,false,729442,5307,0.8596240375906826
729442,134285,0.9807343582872083,false,729442,134285,0.9807343582872083
729442,5650,0.986899632259091,false,729442,5650,0.986899632259091
729442,115019,0.7168591564810713,false,729442,115019,0.7168591564810713
729442,6768,0.7310402693920235,false,729442,6768,0.7310402693920235
729442,58,0.9442668963231095,false,729442,58,0.9442668963231095
729442,2019,0.923112596606696,false,729442,2019,0.923112596606696
729442,145873,0.8856067852953231,false,729442,145873,0.8856067852953231
729442,285987,0.9999999999999998,false,729442,285987,0.9999999999999998
729442,105373150,0.9798479434408298,false,729442,105373150,0.9798479434408298
729442,3502,0.931333681467105,false,729442,3502,0.931333681467105
729442,64699,0.8714062737254349,false,729442,64699,0.8714062737254349
729442,389336,0.9110129429634832,false,729442,389336,0.9110129429634832
729442,25818,0.9762553999584493,false,729442,25818,0.9762553999584493
729442,4004,0.9960549895309975,false,729442,4004,0.9960549895309975
729442,4973,0.8236635708749531,false,729442,4973,0.8236635708749531
729442,28946,0.8118023658577126,false,729442,28946,0.8118023658577126
729442,28809,0.9932648805560015,false,729442,28809,0.9932648805560015
729442,5653,0.9836655714716497,false,729442,5653,0.9836655714716497
157313,55165,0.7660561835216799,false,157313,55165,0.7660561835216799
157313,9133,0.740607625272452,false,157313,9133,0.740607625272452
157313,150468,0.8793670777287849,false,157313,150468,0.8793670777287849
157313,51203,0.7847482074314285,false,157313,51203,0.7847482074314285
157313,57405,0.7126288920966521,false,157313,57405,0.7126288920966521
157313,29128,0.7477402036016766,false,157313,29128,0.7477402036016766
157313,113130,0.7285803193867842,false,157313,113130,0.7285803193867842
157313,332,0.9054487681802692,false,157313,332,0.9054487681802692
157313,891,0.7870461582412912,false,157313,891,0.7870461582412912
157313,6241,0.814102473618108,false,157313,6241,0.814102473618108
157313,83903,0.7234614144558206,false,157313,83903,0.7234614144558206
157313,24137,0.7431151827806359,false,157313,24137,0.7431151827806359
157313,9787,0.8145545676427561,false,157313,9787,0.8145545676427561
157313,1063,0.7874924178622629,false,157313,1063,0.7874924178622629
157313,64151,0.8217770068788158,false,157313,64151,0.8217770068788158
54443,55165,0.9041127384391302,false,54443,55165,0.9041127384391302
54443,9493,0.9309563423655575,false,54443,9493,0.9309563423655575
54443,55143,0.8702639435834576,false,54443,55143,0.8702639435834576
54443,150468,0.843395540887213,false,54443,150468,0.843395540887213
54443,105375610,0.7321791253073481,false,54443,105375610,0.7321791253073481
54443,51203,0.9180346790419106,false,54443,51203,0.9180346790419106
54443,29128,0.7873936040236839,false,54443,29128,0.7873936040236839
54443,9055,0.9178560184066302,false,54443,9055,0.9178560184066302
54443,4001,0.7832003190548973,false,54443,4001,0.7832003190548973
54443,157570,0.9371013419427221,false,54443,157570,0.9371013419427221
54443,55872,0.9265384688970342,false,54443,55872,0.9265384688970342
54443,891,0.7328980029586498,false,54443,891,0.7328980029586498
54443,4751,0.925728196597805,false,54443,4751,0.925728196597805
54443,6241,0.787359066854938,false,54443,6241,0.787359066854938
54443,27178,0.8768548504024832,false,54443,27178,0.8768548504024832
54443,83903,0.8660979290573881,false,54443,83903,0.8660979290573881
54443,285643,0.8768548504024832,false,54443,285643,0.8768548504024832
54443,24137,0.7036941358406937,false,54443,24137,0.7036941358406937
54443,9787,0.7083245918163107,false,54443,9787,0.7083245918163107
54443,1063,0.7234616326968281,false,54443,1063,0.7234616326968281
54443,23397,0.733777827043184,false,54443,23397,0.733777827043184
970,105374166,0.9178385602438706,false,970,105374166,0.9178385602438706
970,29851,0.798443530275722,false,970,29851,0.798443530275722
970,100289137,0.8874339818725981,false,970,100289137,0.8874339818725981
970,5133,0.8332384648128123,false,970,5133,0.8332384648128123
970,57451,0.899410152135382,false,970,57451,0.899410152135382
970,10309,0.9093111532462043,false,970,10309,0.9093111532462043
970,158228,0.921044346351305,false,970,158228,0.921044346351305
970,100506411,0.9069895665497113,false,970,100506411,0.9069895665497113
970,2277,0.8566661824817912,false,970,2277,0.8566661824817912
970,107986606,0.7242192625507362,false,970,107986606,0.7242192625507362
970,81849,0.8467053966676317,false,970,81849,0.8467053966676317
970,107985492,0.7898914999302389,false,970,107985492,0.7898914999302389
970,112268037,0.8095648102495211,false,970,112268037,0.8095648102495211
970,6495,0.9138240522430918,false,970,6495,0.9138240522430918
970,3352,0.787570517129853,false,970,3352,0.787570517129853
970,79056,0.8748257100666611,false,970,79056,0.8748257100666611
970,50852,0.7117656960200612,false,970,50852,0.7117656960200612
970,54101,0.9193186026914906,false,970,54101,0.9193186026914906
970,143662,0.9201715068405575,false,970,143662,0.9201715068405575
970,23286,0.8899262517093389,false,970,23286,0.8899262517093389
970,340273,0.9199174124168493,false,970,340273,0.9199174124168493
970,161291,0.878211618751102,false,970,161291,0.878211618751102
970,101927355,0.8760062990311067,false,970,101927355,0.8760062990311067
970,4547,0.7629543442404355,false,970,4547,0.7629543442404355
970,3239,0.77229372808371,false,970,3239,0.77229372808371
970,253650,0.8349084125451443,false,970,253650,0.8349084125451443
970,654499,0.9213938301750594,false,970,654499,0.9213938301750594
970,100996301,0.8300051654027524,false,970,100996301,0.8300051654027524
105374166,29851,0.8080604002393623,false,105374166,29851,0.8080604002393623
105374166,100289137,0.8166970556459429,false,105374166,100289137,0.8166970556459429
105374166,5133,0.7992560543527486,false,105374166,5133,0.7992560543527486
105374166,57451,0.8228678624091535,false,105374166,57451,0.8228678624091535
105374166,10309,0.838618649128515,false,105374166,10309,0.838618649128515
105374166,158228,0.8740817435059587,false,105374166,158228,0.8740817435059587
105374166,100506411,0.8844137402851631,false,105374166,100506411,0.8844137402851631
105374166,2277,0.8055785176124898,false,105374166,2277,0.8055785176124898
105374166,107986606,0.7518602163659269,false,105374166,107986606,0.7518602163659269
105374166,81849,0.8132083261584123,false,105374166,81849,0.8132083261584123
105374166,107985492,0.8006558065283095,false,105374166,107985492,0.8006558065283095
105374166,112268037,0.8876031004883866,false,105374166,112268037,0.8876031004883866
105374166,6495,0.8746860456364252,false,105374166,6495,0.8746860456364252
105374166,79056,0.8910443389696443,false,105374166,79056,0.8910443389696443
105374166,50852,0.708619342509731,false,105374166,50852,0.708619342509731
105374166,54101,0.8611332068489369,false,105374166,54101,0.8611332068489369
105374166,143662,0.8837805613542714,false,105374166,143662,0.8837805613542714
105374166,23286,0.8341193938386541,false,105374166,23286,0.8341193938386541
105374166,340273,0.8738796599282421,false,105374166,340273,0.8738796599282421
105374166,161291,0.8206012266222341,false,105374166,161291,0.8206012266222341
105374166,101927355,0.8400378135495477,false,105374166,101927355,0.8400378135495477
105374166,4547,0.7125509616474549,false,105374166,4547,0.7125509616474549
105374166,3239,0.8466215388228764,false,105374166,3239,0.8466215388228764
105374166,253650,0.8728787560589772,false,105374166,253650,0.8728787560589772
105374166,654499,0.8767555190966423,false,105374166,654499,0.8767555190966423
105374166,100996301,0.7947946469028246,false,105374166,100996301,0.7947946469028246
105375027,8355,0.8217180102500042,false,105375027,8355,0.8217180102500042
105375027,111216286,0.8487346145178624,false,105375027,111216286,0.8487346145178624
105375027,6273,0.925724382298639,false,105375027,6273,0.925724382298639
105375027,50614,0.8302623629704049,false,105375027,50614,0.8302623629704049
105375027,107985627,0.8772718872927218,false,105375027,107985627,0.8772718872927218
105375027,338667,0.9661716449757233,false,105375027,338667,0.9661716449757233
105375027,3754,0.9573431687215543,false,105375027,3754,0.9573431687215543
105375027,105375674,0.7481407909637032,false,105375027,105375674,0.7481407909637032
105375027,102724784,0.8996440905530143,false,105375027,102724784,0.8996440905530143
105375027,101927760,0.9297055261230212,false,105375027,101927760,0.9297055261230212
105375027,105375894,0.7846845349951969,false,105375027,105375894,0.7846845349951969
105375027,338797,0.9300204607458994,false,105375027,338797,0.9300204607458994
55165,9493,0.8168748542723958,false,55165,9493,0.8168748542723958
55165,220134,0.7478552677658238,false,55165,220134,0.7478552677658238
55165,55143,0.7991172151427579,false,55165,55143,0.7991172151427579
55165,150468,0.8122277349795387,false,55165,150468,0.8122277349795387
55165,105375610,0.7000492584646482,false,55165,105375610,0.7000492584646482
55165,51203,0.9070974604147911,false,55165,51203,0.9070974604147911
55165,29128,0.9143960074566189,false,55165,29128,0.9143960074566189
55165,9055,0.8156107249243294,false,55165,9055,0.8156107249243294
55165,57082,0.8357183582313538,false,55165,57082,0.8357183582313538
55165,4001,0.7226039042172898,false,55165,4001,0.7226039042172898
55165,332,0.8282344178952742,false,55165,332,0.8282344178952742
55165,157570,0.8859716600754004,false,55165,157570,0.8859716600754004
55165,55872,0.921102866753099,false,55165,55872,0.921102866753099
55165,891,0.8143241221780042,false,55165,891,0.8143241221780042
55165,4751,0.8361769516333054,false,55165,4751,0.8361769516333054
55165,6241,0.8960194217746101,false,55165,6241,0.8960194217746101
55165,83903,0.7814757202885024,false,55165,83903,0.7814757202885024
55165,24137,0.893043431758939,false,55165,24137,0.893043431758939
55165,9787,0.8041450575128302,false,55165,9787,0.8041450575128302
55165,1063,0.7882408520039013,false,55165,1063,0.7882408520039013
55165,23397,0.8202186931783182,false,55165,23397,0.8202186931783182
55165,64151,0.8914968887272757,false,55165,64151,0.8914968887272757
55165,221150,0.8024157413248957,false,55165,221150,0.8024157413248957
55165,3670,0.76515283807938,false,55165,3670,0.76515283807938
29851,100289137,0.7681893746738154,false,29851,100289137,0.7681893746738154
29851,5133,0.9171720155140302,false,29851,5133,0.9171720155140302
29851,57451,0.7955812169211881,false,29851,57451,0.7955812169211881
29851,105376878,0.7378934819585968,false,29851,105376878,0.7378934819585968
29851,10309,0.8434975627802705,false,29851,10309,0.8434975627802705
29851,158228,0.8473910484414795,false,29851,158228,0.8473910484414795
29851,100506411,0.8348840954744765,false,29851,100506411,0.8348840954744765
29851,2277,0.7469843300374057,false,29851,2277,0.7469843300374057
29851,7546,0.8638867555294005,false,29851,7546,0.8638867555294005
29851,107985492,0.7352688178347837,false,29851,107985492,0.7352688178347837
29851,112268037,0.7192167266073555,false,29851,112268037,0.7192167266073555
29851,6495,0.8568819882956576,false,29851,6495,0.8568819882956576
29851,3352,0.7683063115630095,false,29851,3352,0.7683063115630095
29851,79056,0.8443760577247871,false,29851,79056,0.8443760577247871
29851,50852,0.7805417050276696,false,29851,50852,0.7805417050276696
29851,54101,0.8426309645123039,false,29851,54101,0.8426309645123039
29851,143662,0.856974415172406,false,29851,143662,0.856974415172406
29851,23286,0.81223145616348,false,29851,23286,0.81223145616348
29851,340273,0.848106810975176,false,29851,340273,0.848106810975176
29851,161291,0.8053114833320857,false,29851,161291,0.8053114833320857
29851,101927355,0.8512419280454425,false,29851,101927355,0.8512419280454425
29851,366,0.8507384925395326,false,29851,366,0.8507384925395326
29851,4547,0.9132638266190252,false,29851,4547,0.9132638266190252
29851,3239,0.7317279560097751,false,29851,3239,0.7317279560097751
29851,253650,0.7868372123962158,false,29851,253650,0.7868372123962158
29851,654499,0.8465620158458576,false,29851,654499,0.8465620158458576
29851,100996301,0.7296075886754388,false,29851,100996301,0.7296075886754388
9493,55143,0.8746083449835098,false,9493,55143,0.8746083449835098
9493,150468,0.7814497531084129,false,9493,150468,0.7814497531084129
9493,105375610,0.7842183124580393,false,9493,105375610,0.7842183124580393
9493,51203,0.9012770443608246,false,9493,51203,0.9012770443608246
9493,29128,0.7291975461388318,false,9493,29128,0.7291975461388318
9493,9055,0.877657005028476,false,9493,9055,0.877657005028476
9493,4001,0.7169920193927083,false,9493,4001,0.7169920193927083
9493,157570,0.8276020096002739,false,9493,157570,0.8276020096002739
9493,55872,0.796589634750525,false,9493,55872,0.796589634750525
9493,4751,0.8474738785461218,false,9493,4751,0.8474738785461218
9493,6241,0.7193786640501276,false,9493,6241,0.7193786640501276
9493,27178,0.8289679355025692,false,9493,27178,0.8289679355025692
9493,83903,0.8152556539346861,false,9493,83903,0.8152556539346861
9493,285643,0.8289679355025692,false,9493,285643,0.8289679355025692
9493,9787,0.7154705412660503,false,9493,9787,0.7154705412660503
220134,9133,0.7792738887409948,false,220134,9133,0.7792738887409948
220134,400618,0.7116089678528638,false,220134,400618,0.7116089678528638
220134,29128,0.7959454502351883,false,220134,29128,0.7959454502351883
220134,113130,0.7096324414706614,false,220134,113130,0.7096324414706614
220134,158511,0.7087757585250468,false,220134,158511,0.7087757585250468
220134,4288,0.854265734264133,false,220134,4288,0.854265734264133
220134,57082,0.7153535764089612,false,220134,57082,0.7153535764089612
220134,332,0.7524764061913027,false,220134,332,0.7524764061913027
220134,9700,0.7649703785793032,false,220134,9700,0.7649703785793032
220134,374393,0.7203132743706638,false,220134,374393,0.7203132743706638
220134,6241,0.807876270319509,false,220134,6241,0.807876270319509
220134,24137,0.8065967340653276,false,220134,24137,0.8065967340653276
220134,112937,0.857056943933816,false,220134,112937,0.857056943933816
220134,9787,0.8184293203081823,false,220134,9787,0.8184293203081823
220134,105371664,0.7778465163533854,false,220134,105371664,0.7778465163533854
220134,3833,0.8074111788746755,false,220134,3833,0.8074111788746755
220134,64151,0.8315790211403497,false,220134,64151,0.8315790211403497
220134,221150,0.7997965035111286,false,220134,221150,0.7997965035111286
220134,10615,0.8492233870270347,false,220134,10615,0.8492233870270347
112268460,4288,0.7659780841228471,false,112268460,4288,0.7659780841228471
112268460,1690,0.7077445142315489,false,112268460,1690,0.7077445142315489
112268460,9700,0.7856073233000456,false,112268460,9700,0.7856073233000456
112268460,112937,0.7036428807355811,false,112268460,112937,0.7036428807355811
112268460,100506071,0.7016791327617802,false,112268460,100506071,0.7016791327617802
112268460,102723834,0.7271431858392102,false,112268460,102723834,0.7271431858392102
112268460,10615,0.7116456878738663,false,112268460,10615,0.7116456878738663
100289137,5133,0.863919017887892,false,100289137,5133,0.863919017887892
100289137,57451,0.9015368238577612,false,100289137,57451,0.9015368238577612
100289137,10309,0.8714204300061266,false,100289137,10309,0.8714204300061266
100289137,158228,0.9620245348474757,false,100289137,158228,0.9620245348474757
100289137,100506411,0.9600122716243457,false,100289137,100506411,0.9600122716243457
100289137,2277,0.88685989943305,false,100289137,2277,0.88685989943305
100289137,107986606,0.7950972777436269,false,100289137,107986606,0.7950972777436269
100289137,81849,0.8630118836271098,false,100289137,81849,0.8630118836271098
100289137,107985492,0.8555925117096908,false,100289137,107985492,0.8555925117096908
100289137,112268037,0.8024748484849038,false,100289137,112268037,0.8024748484849038
100289137,6495,0.9578102799817003,false,100289137,6495,0.9578102799817003
100289137,3352,0.8028945738861158,false,100289137,3352,0.8028945738861158
100289137,79056,0.8468831003656943,false,100289137,79056,0.8468831003656943
100289137,54101,0.9587208968681078,false,100289137,54101,0.9587208968681078
100289137,143662,0.9616722363976733,false,100289137,143662,0.9616722363976733
100289137,23286,0.9492622742710678,false,100289137,23286,0.9492622742710678
100289137,340273,0.9620446641654956,false,100289137,340273,0.9620446641654956
100289137,161291,0.8111011708924819,false,100289137,161291,0.8111011708924819
100289137,101927355,0.8899871690275697,false,100289137,101927355,0.8899871690275697
100289137,4547,0.806828455004156,false,100289137,4547,0.806828455004156
100289137,3239,0.7493215036293099,false,100289137,3239,0.7493215036293099
100289137,253650,0.8576666505592894,false,100289137,253650,0.8576666505592894
100289137,654499,0.9620268693726605,false,100289137,654499,0.9620268693726605
100289137,100996301,0.8711080326704125,false,100289137,100996301,0.8711080326704125
5307,134285,0.8478065124491639,false,5307,134285,0.8478065124491639
5307,5650,0.8487365341370502,false,5307,5650,0.8487365341370502
5307,115019,0.8464192070622668,false,5307,115019,0.8464192070622668
5307,58,0.7613864396814336,false,5307,58,0.7613864396814336
5307,2019,0.8212280939601639,false,5307,2019,0.8212280939601639
5307,145873,0.8318563602192492,false,5307,145873,0.8318563602192492
5307,285987,0.8596240375906825,false,5307,285987,0.8596240375906825
5307,105373150,0.8299445885961578,false,5307,105373150,0.8299445885961578
5307,105377123,0.8177626770186535,false,5307,105377123,0.8177626770186535
5307,3502,0.8139940352862358,false,5307,3502,0.8139940352862358
5307,64699,0.956951530427248,false,5307,64699,0.956951530427248
5307,8538,0.7660692995114227,false,5307,8538,0.7660692995114227
5307,389336,0.7752348690445244,false,5307,389336,0.7752348690445244
5307,25818,0.8249460528909426,false,5307,25818,0.8249460528909426
5307,4004,0.8688016590427798,false,5307,4004,0.8688016590427798
5307,4973,0.7575729953867708,false,5307,4973,0.7575729953867708
5307,28946,0.7268886461458514,false,5307,28946,0.7268886461458514
5307,28809,0.8650956354055206,false,5307,28809,0.8650956354055206
5307,5653,0.8771801531810278,false,5307,5653,0.8771801531810278
5133,57451,0.8656501853423827,false,5133,57451,0.8656501853423827
5133,10309,0.8759054887233088,false,5133,10309,0.8759054887233088
5133,158228,0.9183305075909848,false,5133,158228,0.9183305075909848
5133,100506411,0.9269462630871179,false,5133,100506411,0.9269462630871179
5133,2277,0.8103175939364552,false,5133,2277,0.8103175939364552
5133,107986606,0.7751992164347717,false,5133,107986606,0.7751992164347717
5133,7546,0.7869691164690938,false,5133,7546,0.7869691164690938
5133,81849,0.7664004030901278,false,5133,81849,0.7664004030901278
5133,107985492,0.829549630636591,false,5133,107985492,0.829549630636591
5133,112268037,0.7864641299887554,false,5133,112268037,0.7864641299887554
5133,6495,0.9177269524488044,false,5133,6495,0.9177269524488044
5133,3352,0.8408017966620753,false,5133,3352,0.8408017966620753
5133,79056,0.8297357907179894,false,5133,79056,0.8297357907179894
5133,54101,0.9204952179152462,false,5133,54101,0.9204952179152462
5133,143662,0.9357155806559425,false,5133,143662,0.9357155806559425
5133,23286,0.8807447266807842,false,5133,23286,0.8807447266807842
5133,340273,0.91933848221693,false,5133,340273,0.91933848221693
5133,161291,0.8008336548130776,false,5133,161291,0.8008336548130776
5133,101927355,0.9106522925264985,false,5133,101927355,0.9106522925264985
5133,366,0.8455272233119528,false,5133,366,0.8455272233119528
5133,4547,0.9053655074431586,false,5133,4547,0.9053655074431586
5133,3239,0.7862530949954833,false,5133,3239,0.7862530949954833
5133,253650,0.9091566273764593,false,5133,253650,0.9091566273764593
5133,654499,0.9201671721633802,false,5133,654499,0.9201671721633802
5133,100996301,0.8324438095261626,false,5133,100996301,0.8324438095261626
9133,105375610,0.7736146333030942,false,9133,105375610,0.7736146333030942
9133,57405,0.8044756451484847,false,9133,57405,0.8044756451484847
9133,29128,0.7359524103695807,false,9133,29128,0.7359524103695807
9133,113130,0.8704984159143713,false,9133,113130,0.8704984159143713
9133,4288,0.8892612452088283,false,9133,4288,0.8892612452088283
9133,332,0.8156396284819382,false,9133,332,0.8156396284819382
9133,9700,0.7283432107017427,false,9133,9700,0.7283432107017427
9133,107985017,0.7399946224070886,false,9133,107985017,0.7399946224070886
9133,6241,0.8075102725388883,false,9133,6241,0.8075102725388883
9133,24137,0.8071768956861999,false,9133,24137,0.8071768956861999
9133,112937,0.7633807452740837,false,9133,112937,0.7633807452740837
9133,9787,0.9119078883728532,false,9133,9787,0.9119078883728532
9133,1063,0.8496846462037118,false,9133,1063,0.8496846462037118
9133,3833,0.8059879589537767,false,9133,3833,0.8059879589537767
9133,64151,0.7977188655181748,false,9133,64151,0.7977188655181748
9133,221150,0.7376368824206476,false,9133,221150,0.7376368824206476
9133,10615,0.7414509568107767,false,9133,10615,0.7414509568107767
57451,10309,0.9263595904231448,false,57451,10309,0.9263595904231448
57451,158228,0.9508057638287568,false,57451,158228,0.9508057638287568
57451,100506411,0.9402499386131248,false,57451,100506411,0.9402499386131248
57451,2277,0.8043324066195924,false,57451,2277,0.8043324066195924
57451,107986606,0.796837561080145,false,57451,107986606,0.796837561080145
57451,81849,0.8025615431333141,false,57451,81849,0.8025615431333141
57451,107985492,0.8543200211230902,false,57451,107985492,0.8543200211230902
57451,112268037,0.7756260448050591,false,57451,112268037,0.7756260448050591
57451,6495,0.949099940166301,false,57451,6495,0.949099940166301
57451,3352,0.7777243010614594,false,57451,3352,0.7777243010614594
57451,79056,0.8526700644951519,false,57451,79056,0.8526700644951519
57451,54101,0.9499930697538359,false,57451,54101,0.9499930697538359
57451,143662,0.9389490142942903,false,57451,143662,0.9389490142942903
57451,23286,0.9456138737909178,false,57451,23286,0.9456138737909178
57451,340273,0.9502559436221681,false,57451,340273,0.9502559436221681
57451,161291,0.8958840555839657,false,57451,161291,0.8958840555839657
57451,101927355,0.9027131748995394,false,57451,101927355,0.9027131748995394
57451,366,0.7387099475376909,false,57451,366,0.7387099475376909
57451,4547,0.8123347229429175,false,57451,4547,0.8123347229429175
57451,3239,0.7094208124895925,false,57451,3239,0.7094208124895925
57451,253650,0.8646278118512993,false,57451,253650,0.8646278118512993
57451,654499,0.952503140187666,false,57451,654499,0.952503140187666
57451,100996301,0.8645703241603113,false,57451,100996301,0.8645703241603113
55143,150468,0.8070259820301897,false,55143,150468,0.8070259820301897
55143,105375610,0.8804579886103696,false,55143,105375610,0.8804579886103696
55143,51203,0.8133766485415664,false,55143,51203,0.8133766485415664
55143,29128,0.7990367014730139,false,55143,29128,0.7990367014730139
55143,9055,0.9423777716843554,false,55143,9055,0.9423777716843554
55143,157570,0.8069521826514587,false,55143,157570,0.8069521826514587
55143,55872,0.8871964669309514,false,55143,55872,0.8871964669309514
55143,4751,0.8667256891209557,false,55143,4751,0.8667256891209557
55143,107985017,0.7364109695341027,false,55143,107985017,0.7364109695341027
55143,6241,0.7836447345511827,false,55143,6241,0.7836447345511827
55143,27178,0.7871170566198343,false,55143,27178,0.7871170566198343
55143,83903,0.8170885309885624,false,55143,83903,0.8170885309885624
55143,285643,0.7871170566198343,false,55143,285643,0.7871170566198343
55143,24137,0.7618115801258277,false,55143,24137,0.7618115801258277
55143,9787,0.7972259577242387,false,55143,9787,0.7972259577242387
55143,1063,0.7902151461164258,false,55143,1063,0.7902151461164258
55143,3833,0.7386594938216968,false,55143,3833,0.7386594938216968
55143,221150,0.785787023174186,false,55143,221150,0.785787023174186
10721,4321,0.7145858218213058,false,10721,4321,0.7145858218213058
10721,55789,0.7107869868852983,false,10721,55789,0.7107869868852983
10721,23397,0.8327437753665521,false,10721,23397,0.8327437753665521
134285,101927687,0.7329632897691015,false,134285,101927687,0.7329632897691015
134285,5650,0.9583397809872352,false,134285,5650,0.9583397809872352
134285,58,0.9214121898851533,false,134285,58,0.9214121898851533
134285,2019,0.9393568744601086,false,134285,2019,0.9393568744601086
134285,145873,0.8653907695330653,false,134285,145873,0.8653907695330653
134285,285987,0.9807343582872083,false,134285,285987,0.9807343582872083
134285,105373150,0.9538829062309894,false,134285,105373150,0.9538829062309894
134285,3502,0.8942077764662304,false,134285,3502,0.8942077764662304
134285,64699,0.8662130535012553,false,134285,64699,0.8662130535012553
134285,389336,0.884338877411005,false,134285,389336,0.884338877411005
134285,25818,0.9477638887609918,false,134285,25818,0.9477638887609918
134285,4004,0.9770523669957316,false,134285,4004,0.9770523669957316
134285,4973,0.8000934548359587,false,134285,4973,0.8000934548359587
134285,28946,0.776803090950892,false,134285,28946,0.776803090950892
134285,28809,0.9700897164877622,false,134285,28809,0.9700897164877622
134285,5653,0.9525349298133662,false,134285,5653,0.9525349298133662
10537,7546,0.7019174649062156,false,10537,7546,0.7019174649062156
10537,4283,0.9612611673564593,false,10537,4283,0.9612611673564593
10537,101929690,0.8090888729067385,false,10537,101929690,0.8090888729067385
10537,147741,0.9324291169416261,false,10537,147741,0.9324291169416261
10537,100506655,0.927093605285757,false,10537,100506655,0.927093605285757
10537,23532,0.9505908270727311,false,10537,23532,0.9505908270727311
10537,100506827,0.7892622125279435,false,10537,100506827,0.7892622125279435
10537,701,0.75985590749264,false,10537,701,0.75985590749264
105376878,50852,0.7288940359917625,false,105376878,50852,0.7288940359917625
109729184,89886,0.8222230199158067,false,109729184,89886,0.8222230199158067
109729184,7545,0.797375449723193,false,109729184,7545,0.797375449723193
109729184,7477,0.8840730689545366,false,109729184,7477,0.8840730689545366
109729184,344,0.8553763430016817,false,109729184,344,0.8553763430016817
109729184,4318,0.9897472314783666,false,109729184,4318,0.9897472314783666
109729184,79191,0.9010139454724801,false,109729184,79191,0.9010139454724801
109729184,100379220,0.7063380756729679,false,109729184,100379220,0.7063380756729679
109729184,105378305,0.8699410774014921,false,109729184,105378305,0.8699410774014921
109729184,107984129,0.7684466138033752,false,109729184,107984129,0.7684466138033752
109729184,168002,0.9322266283194869,false,109729184,168002,0.9322266283194869
55655,115701,0.862000235292327,false,55655,115701,0.862000235292327
55655,64843,0.725949349614253,false,55655,64843,0.725949349614253
55655,2250,0.8057867230123449,false,55655,2250,0.8057867230123449
55655,554202,0.7546496862149583,false,55655,554202,0.7546496862149583
55655,4825,0.8454029804679276,false,55655,4825,0.8454029804679276
150468,105375610,0.8291652283451297,false,150468,105375610,0.8291652283451297
150468,51203,0.817845604417249,false,150468,51203,0.817845604417249
150468,29128,0.7211331094121806,false,150468,29128,0.7211331094121806
150468,9055,0.8756083595101459,false,150468,9055,0.8756083595101459
150468,332,0.8702328282519604,false,150468,332,0.8702328282519604
150468,157570,0.8346887623980451,false,150468,157570,0.8346887623980451
150468,55872,0.8503506537921001,false,150468,55872,0.8503506537921001
150468,891,0.8342305408641469,false,150468,891,0.8342305408641469
150468,4751,0.7802350731578982,false,150468,4751,0.7802350731578982
150468,6241,0.8686933150869319,false,150468,6241,0.8686933150869319
150468,27178,0.7852196870555432,false,150468,27178,0.7852196870555432
150468,83903,0.9205637342254502,false,150468,83903,0.9205637342254502
150468,285643,0.7852196870555432,false,150468,285643,0.7852196870555432
150468,24137,0.7399922350909357,false,150468,24137,0.7399922350909357
150468,9787,0.8705935713017727,false,150468,9787,0.8705935713017727
150468,1063,0.8535597571343058,false,150468,1063,0.8535597571343058
150468,64151,0.7340544334979896,false,150468,64151,0.7340544334979896
150468,221150,0.728003817089382,false,150468,221150,0.728003817089382
10309,158228,0.9345968034769534,false,10309,158228,0.9345968034769534
10309,100506411,0.9232407577067276,false,10309,100506411,0.9232407577067276
10309,2277,0.7652298829475099,false,10309,2277,0.7652298829475099
10309,107986606,0.7985951500471492,false,10309,107986606,0.7985951500471492
10309,81849,0.7948954649537359,false,10309,81849,0.7948954649537359
10309,107985492,0.8518832930748846,false,10309,107985492,0.8518832930748846
10309,112268037,0.7399562274571073,false,10309,112268037,0.7399562274571073
10309,6495,0.9327925446205575,false,10309,6495,0.9327925446205575
10309,105375690,0.7501189491259543,false,10309,105375690,0.7501189491259543
10309,3352,0.772372699241211,false,10309,3352,0.772372699241211
10309,79056,0.8824731433586803,false,10309,79056,0.8824731433586803
10309,54101,0.9385369706281516,false,10309,54101,0.9385369706281516
10309,143662,0.9335658518229456,false,10309,143662,0.9335658518229456
10309,23286,0.9006902347648933,false,10309,23286,0.9006902347648933
10309,340273,0.9338773862796611,false,10309,340273,0.9338773862796611
10309,161291,0.9393134127060756,false,10309,161291,0.9393134127060756
10309,101927355,0.8576325210385785,false,10309,101927355,0.8576325210385785
10309,366,0.7230884356875893,false,10309,366,0.7230884356875893
10309,4547,0.7618741461034091,false,10309,4547,0.7618741461034091
10309,3239,0.7416353413112404,false,10309,3239,0.7416353413112404
10309,253650,0.8130253732335004,false,10309,253650,0.8130253732335004
10309,654499,0.932682823333245,false,10309,654499,0.932682823333245
10309,100996301,0.8546481250809076,false,10309,100996301,0.8546481250809076
158228,100506411,0.990053731954337,false,158228,100506411,0.990053731954337
158228,2277,0.8805921426862877,false,158228,2277,0.8805921426862877
158228,107986606,0.8559400091872991,false,158228,107986606,0.8559400091872991
158228,81849,0.8838921187545596,false,158228,81849,0.8838921187545596
158228,107985492,0.9126515600934099,false,158228,107985492,0.9126515600934099
158228,112268037,0.8586010541659748,false,158228,112268037,0.8586010541659748
158228,6495,0.9990074933420172,false,158228,6495,0.9990074933420172
158228,3352,0.8604095983492239,false,158228,3352,0.8604095983492239
158228,79056,0.9259433874983728,false,158228,79056,0.9259433874983728
158228,54101,0.9984314912119837,false,158228,54101,0.9984314912119837
158228,143662,0.9957866466097212,false,158228,143662,0.9957866466097212
158228,23286,0.9818299287019532,false,158228,23286,0.9818299287019532
158228,340273,0.9999876475549008,false,158228,340273,0.9999876475549008
158228,161291,0.8921000254844217,false,158228,161291,0.8921000254844217
158228,101927355,0.9534783911099431,false,158228,101927355,0.9534783911099431
158228,366,0.7505028601674492,false,158228,366,0.7505028601674492
158228,4547,0.8661870383103428,false,158228,4547,0.8661870383103428
158228,3239,0.793208748719819,false,158228,3239,0.793208748719819
158228,253650,0.908595532031598,false,158228,253650,0.908595532031598
158228,654499,0.999827562426185,false,158228,654499,0.999827562426185
158228,100996301,0.9273856605122778,false,158228,100996301,0.9273856605122778
101927687,2019,0.8235171301796017,false,101927687,2019,0.8235171301796017
101927687,64699,0.7750495098684121,false,101927687,64699,0.7750495098684121
101927687,366,0.7405334462854354,false,101927687,366,0.7405334462854354
8355,111216286,0.8908837688211824,false,8355,111216286,0.8908837688211824
8355,6273,0.9094472133559642,false,8355,6273,0.9094472133559642
8355,338667,0.8976244281544444,false,8355,338667,0.8976244281544444
8355,102724784,0.7312565252150839,false,8355,102724784,0.7312565252150839
8355,101927760,0.929109450469831,false,8355,101927760,0.929109450469831
8355,105375894,0.7314205884391259,false,8355,105375894,0.7314205884391259
8355,338797,0.8481319265889177,false,8355,338797,0.8481319265889177
79100,8549,0.8392146022042422,false,79100,8549,0.8392146022042422
79100,5083,0.8465282437512985,false,79100,5083,0.8465282437512985
79100,9355,0.7149251622580995,false,79100,9355,0.7149251622580995
89886,10481,0.7146530083317386,false,89886,10481,0.7146530083317386
89886,7545,0.9016322744577723,false,89886,7545,0.9016322744577723
89886,7477,0.7753078276791947,false,89886,7477,0.7753078276791947
89886,344,0.8335122253423743,false,89886,344,0.8335122253423743
89886,286676,0.9086928758601824,false,89886,286676,0.9086928758601824
89886,7020,0.7531328198172907,false,89886,7020,0.7531328198172907
89886,4318,0.7657087716044388,false,89886,4318,0.7657087716044388
89886,79191,0.8673269943164486,false,89886,79191,0.8673269943164486
89886,100379220,0.7150010890533158,false,89886,100379220,0.7150010890533158
89886,105378305,0.9349682415047094,false,89886,105378305,0.9349682415047094
89886,107984129,0.8598694691019669,false,89886,107984129,0.8598694691019669
89886,29991,0.8325925472428821,false,89886,29991,0.8325925472428821
89886,105371275,0.7965499154582913,false,89886,105371275,0.7965499154582913
89886,168002,0.90380779938304,false,89886,168002,0.90380779938304
111216286,6273,0.8649289076133936,false,111216286,6273,0.8649289076133936
111216286,107985627,0.757340863020853,false,111216286,107985627,0.757340863020853
111216286,338667,0.877221688612084,false,111216286,338667,0.877221688612084
111216286,3754,0.7616453826497653,false,111216286,3754,0.7616453826497653
111216286,102724784,0.7779038538625366,false,111216286,102724784,0.7779038538625366
111216286,101927760,0.9268024718999548,false,111216286,101927760,0.9268024718999548
111216286,105375894,0.7470605774675442,false,111216286,105375894,0.7470605774675442
111216286,338797,0.8374375793965935,false,111216286,338797,0.8374375793965935
105375610,113130,0.7031930781403157,false,105375610,113130,0.7031930781403157
105375610,158511,0.7623306901916586,false,105375610,158511,0.7623306901916586
105375610,4288,0.7204782080106907,false,105375610,4288,0.7204782080106907
105375610,9055,0.8708851330635324,false,105375610,9055,0.8708851330635324
105375610,332,0.7083032364482871,false,105375610,332,0.7083032364482871
105375610,157570,0.7232886900066217,false,105375610,157570,0.7232886900066217
105375610,55872,0.8071646256193558,false,105375610,55872,0.8071646256193558
105375610,9700,0.7781181740874759,false,105375610,9700,0.7781181740874759
105375610,107985017,0.8508107686358087,false,105375610,107985017,0.8508107686358087
105375610,6241,0.8152288675118006,false,105375610,6241,0.8152288675118006
105375610,83903,0.8017263220433603,false,105375610,83903,0.8017263220433603
105375610,24137,0.7260405192197265,false,105375610,24137,0.7260405192197265
105375610,55723,0.705747299334856,false,105375610,55723,0.705747299334856
105375610,9787,0.8967059394619301,false,105375610,9787,0.8967059394619301
105375610,6790,0.7682791211958572,false,105375610,6790,0.7682791211958572
105375610,1063,0.8365480516571986,false,105375610,1063,0.8365480516571986
105375610,3833,0.8590558618612266,false,105375610,3833,0.8590558618612266
105375610,221150,0.7965289450979501,false,105375610,221150,0.7965289450979501
105375610,102723834,0.7520501201174483,false,105375610,102723834,0.7520501201174483
4321,55789,0.831454290416257,false,4321,55789,0.831454290416257
10481,7545,0.8390307291625113,false,10481,7545,0.8390307291625113
10481,7020,0.7763405790461397,false,10481,7020,0.7763405790461397
10481,79191,0.8631718368217713,false,10481,79191,0.8631718368217713
10481,105378305,0.7183907751399613,false,10481,105378305,0.7183907751399613
10481,107984129,0.772664554129498,false,10481,107984129,0.772664554129498
10481,29991,0.902328706669269,false,10481,29991,0.902328706669269
10481,105371275,0.7422817095163028,false,10481,105371275,0.7422817095163028
10481,168002,0.7469343976853401,false,10481,168002,0.7469343976853401
100506411,2277,0.8921286441512909,false,100506411,2277,0.8921286441512909
100506411,107986606,0.8651119671238031,false,100506411,107986606,0.8651119671238031
100506411,81849,0.8933498231661366,false,100506411,81849,0.8933498231661366
100506411,107985492,0.9175540426512209,false,100506411,107985492,0.9175540426512209
100506411,112268037,0.8947733551977253,false,100506411,112268037,0.8947733551977253
100506411,6495,0.9899879573990708,false,100506411,6495,0.9899879573990708
100506411,105375690,0.7029189525610836,false,100506411,105375690,0.7029189525610836
100506411,3352,0.81382926452256,false,100506411,3352,0.81382926452256
100506411,79056,0.8900204737925644,false,100506411,79056,0.8900204737925644
100506411,54101,0.9880983899109039,false,100506411,54101,0.9880983899109039
100506411,143662,0.9917898039307927,false,100506411,143662,0.9917898039307927
100506411,23286,0.9640428543992297,false,100506411,23286,0.9640428543992297
100506411,340273,0.9904630655224728,false,100506411,340273,0.9904630655224728
100506411,161291,0.8802211713894388,false,100506411,161291,0.8802211713894388
100506411,101927355,0.9451481350125485,false,100506411,101927355,0.9451481350125485
100506411,366,0.7285444832708863,false,100506411,366,0.7285444832708863
100506411,4547,0.8434636603135406,false,100506411,4547,0.8434636603135406
100506411,3239,0.8041482971099507,false,100506411,3239,0.8041482971099507
100506411,253650,0.9413790268060095,false,100506411,253650,0.9413790268060095
100506411,654499,0.9916070310310954,false,100506411,654499,0.9916070310310954
100506411,100996301,0.9205053358080741,false,100506411,100996301,0.9205053358080741
51203,29128,0.8649248840167104,false,51203,29128,0.8649248840167104
51203,9055,0.8550077838127048,false,51203,9055,0.8550077838127048
51203,57082,0.7377250028738136,false,51203,57082,0.7377250028738136
51203,4001,0.8184084371283937,false,51203,4001,0.8184084371283937
51203,332,0.7415209711269358,false,51203,332,0.7415209711269358
51203,157570,0.8599637577901185,false,51203,157570,0.8599637577901185
51203,55872,0.8286667353641308,false,51203,55872,0.8286667353641308
51203,891,0.7446830290953974,false,51203,891,0.7446830290953974
51203,4751,0.7938019827267873,false,51203,4751,0.7938019827267873
51203,6241,0.8185465468571758,false,51203,6241,0.8185465468571758
51203,27178,0.7084677680782796,false,51203,27178,0.7084677680782796
51203,83903,0.7586491142784383,false,51203,83903,0.7586491142784383
51203,285643,0.7084677680782796,false,51203,285643,0.7084677680782796
51203,24137,0.7429084594580332,false,51203,24137,0.7429084594580332
51203,9787,0.7803094627345791,false,51203,9787,0.7803094627345791
51203,23397,0.7484601140505587,false,51203,23397,0.7484601140505587
51203,64151,0.791981021016358,false,51203,64151,0.791981021016358
51203,3670,0.7230763717348128,false,51203,3670,0.7230763717348128
2277,107986606,0.7213327300465333,false,2277,107986606,0.7213327300465333
2277,81849,0.8277527198853507,false,2277,81849,0.8277527198853507
2277,107985492,0.7780611433568526,false,2277,107985492,0.7780611433568526
2277,112268037,0.9050981520971303,false,2277,112268037,0.9050981520971303
2277,6495,0.8809309539895027,false,2277,6495,0.8809309539895027
2277,3352,0.7519753838378055,false,2277,3352,0.7519753838378055
2277,79056,0.7705347378318325,false,2277,79056,0.7705347378318325
2277,54101,0.8686782338069351,false,2277,54101,0.8686782338069351
2277,143662,0.8674174182482919,false,2277,143662,0.8674174182482919
2277,23286,0.8651774351949433,false,2277,23286,0.8651774351949433
2277,340273,0.8809257703667117,false,2277,340273,0.8809257703667117
2277,161291,0.7711772881509069,false,2277,161291,0.7711772881509069
2277,101927355,0.8899697561268703,false,2277,101927355,0.8899697561268703
2277,366,0.772968536846569,false,2277,366,0.772968536846569
2277,4547,0.8299531092559833,false,2277,4547,0.8299531092559833
2277,253650,0.850878882257206,false,2277,253650,0.850878882257206
2277,654499,0.8834188154429626,false,2277,654499,0.8834188154429626
2277,100996301,0.7747453748836206,false,2277,100996301,0.7747453748836206
57405,113130,0.816077885606595,false,57405,113130,0.816077885606595
57405,4288,0.7358986103653771,false,57405,4288,0.7358986103653771
57405,57082,0.7522249377037155,false,57405,57082,0.7522249377037155
57405,332,0.8274663266533012,false,57405,332,0.8274663266533012
57405,6241,0.7425056095563171,false,57405,6241,0.7425056095563171
57405,8318,0.786232007048413,false,57405,8318,0.786232007048413
57405,24137,0.7412904578263705,false,57405,24137,0.7412904578263705
57405,9787,0.7081484590412835,false,57405,9787,0.7081484590412835
57405,1063,0.7169082975905582,false,57405,1063,0.7169082975905582
57405,64151,0.8060491479772852,false,57405,64151,0.8060491479772852
57405,10615,0.795131757651602,false,57405,10615,0.795131757651602
3783,1690,0.8055108813530727,false,3783,1690,0.8055108813530727
3783,101929215,0.8194770794311074,false,3783,101929215,0.8194770794311074
3783,9582,0.8430542536164742,false,3783,9582,0.8430542536164742
3783,3664,0.8248190474663386,false,3783,3664,0.8248190474663386
3783,100506071,0.8305644080978051,false,3783,100506071,0.8305644080978051
5650,115019,0.7225944605728345,false,5650,115019,0.7225944605728345
5650,58,0.9189725353138736,false,5650,58,0.9189725353138736
5650,2019,0.9161214859738102,false,5650,2019,0.9161214859738102
5650,145873,0.8706550431098495,false,5650,145873,0.8706550431098495
5650,285987,0.9868996322590912,false,5650,285987,0.9868996322590912
5650,105373150,0.9719862367247641,false,5650,105373150,0.9719862367247641
5650,3502,0.9060834657010616,false,5650,3502,0.9060834657010616
5650,64699,0.83139370997805,false,5650,64699,0.83139370997805
5650,389336,0.9435330757151268,false,5650,389336,0.9435330757151268
5650,25818,0.9959005241468607,false,5650,25818,0.9959005241468607
5650,4004,0.9893403822410163,false,5650,4004,0.9893403822410163
5650,4973,0.8264214567265364,false,5650,4973,0.8264214567265364
5650,28946,0.7750348493104543,false,5650,28946,0.7750348493104543
5650,28809,0.9744921743680416,false,5650,28809,0.9744921743680416
5650,5653,0.9840850426530899,false,5650,5653,0.9840850426530899
6273,50614,0.742534382592353,false,6273,50614,0.742534382592353
6273,107985627,0.7531671498220697,false,6273,107985627,0.7531671498220697
6273,338667,0.9684089090248738,false,6273,338667,0.9684089090248738
6273,3754,0.8141003321035504,false,6273,3754,0.8141003321035504
6273,105375674,0.7332459970326407,false,6273,105375674,0.7332459970326407
6273,102724784,0.8217984970337316,false,6273,102724784,0.8217984970337316
6273,101927760,0.9462968240220042,false,6273,101927760,0.9462968240220042
6273,105375894,0.7030399049842961,false,6273,105375894,0.7030399049842961
6273,338797,0.9632144527422644,false,6273,338797,0.9632144527422644
400618,158511,0.7222352113815577,false,400618,158511,0.7222352113815577
400618,4288,0.7275883796862782,false,400618,4288,0.7275883796862782
400618,8318,0.7095758098209989,false,400618,8318,0.7095758098209989
400618,112937,0.8512811650467098,false,400618,112937,0.8512811650467098
400618,10615,0.7793818976652446,false,400618,10615,0.7793818976652446
107986606,81849,0.9089684688776788,false,107986606,81849,0.9089684688776788
107986606,107985492,0.9925234820081258,false,107986606,107985492,0.9925234820081258
107986606,112268037,0.8052236434237126,false,107986606,112268037,0.8052236434237126
107986606,6495,0.8540313171125684,false,107986606,6495,0.8540313171125684
107986606,105375690,0.9119797138547171,false,107986606,105375690,0.9119797138547171
107986606,79056,0.7731812717111287,false,107986606,79056,0.7731812717111287
107986606,54101,0.8492277599585436,false,107986606,54101,0.8492277599585436
107986606,143662,0.8465865669524709,false,107986606,143662,0.8465865669524709
107986606,23286,0.8922766313019164,false,107986606,23286,0.8922766313019164
107986606,340273,0.8571150238189771,false,107986606,340273,0.8571150238189771
107986606,161291,0.7061842019102771,false,107986606,161291,0.7061842019102771
107986606,101927355,0.8920313488690108,false,107986606,101927355,0.8920313488690108
107986606,6362,0.7226915313702077,false,107986606,6362,0.7226915313702077
107986606,4547,0.7136207185329166,false,107986606,4547,0.7136207185329166
107986606,253650,0.8854297772434043,false,107986606,253650,0.8854297772434043
107986606,654499,0.854470138083804,false,107986606,654499,0.854470138083804
107986606,100996301,0.9587506624688901,false,107986606,100996301,0.9587506624688901
107986606,80329,0.7285623492928728,false,107986606,80329,0.7285623492928728
50614,338667,0.790148040550104,false,50614,338667,0.790148040550104
50614,3754,0.7844528524544662,false,50614,3754,0.7844528524544662
50614,102724784,0.7153462008280043,false,50614,102724784,0.7153462008280043
50614,101927760,0.7794080016040646,false,50614,101927760,0.7794080016040646
50614,105375894,0.7009965517689953,false,50614,105375894,0.7009965517689953
50614,338797,0.8399172377606848,false,50614,338797,0.8399172377606848
115019,285987,0.7168591564810713,false,115019,285987,0.7168591564810713
115019,105377123,0.8741160663807835,false,115019,105377123,0.8741160663807835
115019,3502,0.7127657224421058,false,115019,3502,0.7127657224421058
115019,64699,0.8082639253609538,false,115019,64699,0.8082639253609538
115019,389336,0.8029830467447618,false,115019,389336,0.8029830467447618
115019,25818,0.7129980393581837,false,115019,25818,0.7129980393581837
115019,4004,0.7105180508818403,false,115019,4004,0.7105180508818403
115019,28809,0.7272894938064509,false,115019,28809,0.7272894938064509
115019,5653,0.7809001185308265,false,115019,5653,0.7809001185308265
29128,9055,0.7874443156953546,false,29128,9055,0.7874443156953546
29128,57082,0.716001052282561,false,29128,57082,0.716001052282561
29128,4001,0.7119799568934008,false,29128,4001,0.7119799568934008
29128,332,0.7905853480383229,false,29128,332,0.7905853480383229
29128,157570,0.7605398312165592,false,29128,157570,0.7605398312165592
29128,55872,0.8357257689258113,false,29128,55872,0.8357257689258113
29128,891,0.7925334597680791,false,29128,891,0.7925334597680791
29128,4751,0.7451681380714092,false,29128,4751,0.7451681380714092
29128,374393,0.7747059881169657,false,29128,374393,0.7747059881169657
29128,6241,0.8482062546444159,false,29128,6241,0.8482062546444159
29128,24137,0.8937594790957892,false,29128,24137,0.8937594790957892
29128,55723,0.7153308613083468,false,29128,55723,0.7153308613083468
29128,9787,0.8071159517756978,false,29128,9787,0.8071159517756978
29128,1063,0.7400398399139135,false,29128,1063,0.7400398399139135
29128,23397,0.7612601511385992,false,29128,23397,0.7612601511385992
29128,64151,0.8563443750054476,false,29128,64151,0.8563443750054476
29128,221150,0.8485340990395801,false,29128,221150,0.8485340990395801
113130,4288,0.8804183255288802,false,113130,4288,0.8804183255288802
113130,332,0.8322839987738495,false,113130,332,0.8322839987738495
113130,107985017,0.7994201858416745,false,113130,107985017,0.7994201858416745
113130,6241,0.793081449687477,false,113130,6241,0.793081449687477
113130,8318,0.8692399915349055,false,113130,8318,0.8692399915349055
113130,24137,0.7423202532945659,false,113130,24137,0.7423202532945659
113130,112937,0.7237594001154177,false,113130,112937,0.7237594001154177
113130,55723,0.8124892330516797,false,113130,55723,0.8124892330516797
113130,9787,0.8628989130586131,false,113130,9787,0.8628989130586131
113130,1063,0.802713583339114,false,113130,1063,0.802713583339114
113130,3833,0.7452615168590665,false,113130,3833,0.7452615168590665
113130,221150,0.7680791984107163,false,113130,221150,0.7680791984107163
113130,10615,0.7888039657891228,false,113130,10615,0.7888039657891228
6768,58,0.7294439946187445,false,6768,58,0.7294439946187445
6768,285987,0.7310402693920235,false,6768,285987,0.7310402693920235
6768,3502,0.8046545153259665,false,6768,3502,0.8046545153259665
6768,64699,0.7197850567344498,false,6768,64699,0.7197850567344498
6768,4004,0.7107586363901818,false,6768,4004,0.7107586363901818
6768,28946,0.7590266957379974,false,6768,28946,0.7590266957379974
6768,28809,0.7627644689213718,false,6768,28809,0.7627644689213718
6768,5653,0.7137558414817778,false,6768,5653,0.7137558414817778
158511,4288,0.7674997596667281,false,158511,4288,0.7674997596667281
158511,9700,0.700470981360643,false,158511,9700,0.700470981360643
158511,6241,0.7201543825729552,false,158511,6241,0.7201543825729552
158511,112937,0.8767748996311246,false,158511,112937,0.8767748996311246
158511,9787,0.763653374312303,false,158511,9787,0.763653374312303
158511,3664,0.7032175678554635,false,158511,3664,0.7032175678554635
158511,105371664,0.759402383737521,false,158511,105371664,0.759402383737521
158511,3833,0.8634133162312512,false,158511,3833,0.8634133162312512
158511,221150,0.7679923059805899,false,158511,221150,0.7679923059805899
158511,3670,0.7671157586008612,false,158511,3670,0.7671157586008612
158511,102723834,0.7472955872022401,false,158511,102723834,0.7472955872022401
4288,332,0.7764932689971169,false,4288,332,0.7764932689971169
4288,9700,0.8321230593774865,false,4288,9700,0.8321230593774865
4288,107985017,0.7363878512333941,false,4288,107985017,0.7363878512333941
4288,6241,0.8049619059881971,false,4288,6241,0.8049619059881971
4288,8318,0.7865556222169849,false,4288,8318,0.7865556222169849
4288,24137,0.7263591780649276,false,4288,24137,0.7263591780649276
4288,112937,0.9079423191944442,false,4288,112937,0.9079423191944442
4288,9787,0.8814542507462024,false,4288,9787,0.8814542507462024
4288,1063,0.8079883613386009,false,4288,1063,0.8079883613386009
4288,105371664,0.7531300127822164,false,4288,105371664,0.7531300127822164
4288,3833,0.8573688858387712,false,4288,3833,0.8573688858387712
4288,64151,0.7598073571383404,false,4288,64151,0.7598073571383404
4288,221150,0.7348458420431253,false,4288,221150,0.7348458420431253
4288,10615,0.859649192903855,false,4288,10615,0.859649192903855
107985627,338667,0.8233612152914406,false,107985627,338667,0.8233612152914406
107985627,3754,0.851177531531162,false,107985627,3754,0.851177531531162
107985627,102724784,0.9537475705039018,false,107985627,102724784,0.9537475705039018
107985627,101927760,0.7609690438906459,false,107985627,101927760,0.7609690438906459
107985627,105375894,0.7039418822329006,false,107985627,105375894,0.7039418822329006
107985627,338797,0.7957884050265985,false,107985627,338797,0.7957884050265985
7546,3352,0.7724787798827846,false,7546,3352,0.7724787798827846
7546,50852,0.751588910436845,false,7546,50852,0.751588910436845
7546,23286,0.7004843893965307,false,7546,23286,0.7004843893965307
7546,101927355,0.7793295693899972,false,7546,101927355,0.7793295693899972
7546,2835,0.7927096247770249,false,7546,2835,0.7927096247770249
7546,366,0.9087650060322631,false,7546,366,0.9087650060322631
7546,4547,0.9352284732044754,false,7546,4547,0.9352284732044754
81849,107985492,0.92716271858177,false,81849,107985492,0.92716271858177
81849,112268037,0.8629031579278409,false,81849,112268037,0.8629031579278409
81849,6495,0.8788679072231366,false,81849,6495,0.8788679072231366
81849,105375690,0.7704859908706723,false,81849,105375690,0.7704859908706723
81849,3352,0.7502916094055678,false,81849,3352,0.7502916094055678
81849,79056,0.7615062386671542,false,81849,79056,0.7615062386671542
81849,54101,0.8846549168368641,false,81849,54101,0.8846549168368641
81849,143662,0.8743766576790334,false,81849,143662,0.8743766576790334
81849,23286,0.8867592664567538,false,81849,23286,0.8867592664567538
81849,340273,0.8844113237670951,false,81849,340273,0.8844113237670951
81849,161291,0.719228212698878,false,81849,161291,0.719228212698878
81849,101927355,0.9144368828497759,false,81849,101927355,0.9144368828497759
81849,4547,0.7318580579862797,false,81849,4547,0.7318580579862797
81849,253650,0.8941029892775921,false,81849,253650,0.8941029892775921
81849,654499,0.8839416926317553,false,81849,654499,0.8839416926317553
81849,100996301,0.9614546721763789,false,81849,100996301,0.9614546721763789
9055,157570,0.87620048414452,false,9055,157570,0.87620048414452
9055,55872,0.9182036896509621,false,9055,55872,0.9182036896509621
9055,891,0.7849926909608197,false,9055,891,0.7849926909608197
9055,4751,0.8610223662949957,false,9055,4751,0.8610223662949957
9055,107985017,0.7058330168079824,false,9055,107985017,0.7058330168079824
9055,6241,0.805374846941503,false,9055,6241,0.805374846941503
9055,27178,0.8541330384687363,false,9055,27178,0.8541330384687363
9055,83903,0.8577362154584554,false,9055,83903,0.8577362154584554
9055,285643,0.8541330384687363,false,9055,285643,0.8541330384687363
9055,24137,0.7015326658253503,false,9055,24137,0.7015326658253503
9055,55723,0.7537146414320891,false,9055,55723,0.7537146414320891
9055,9787,0.7970084864240832,false,9055,9787,0.7970084864240832
9055,1063,0.7602492512216751,false,9055,1063,0.7602492512216751
9055,3833,0.7202647714568683,false,9055,3833,0.7202647714568683
9055,221150,0.7951349022996186,false,9055,221150,0.7951349022996186
57082,332,0.7738988749689872,false,57082,332,0.7738988749689872
57082,55872,0.7112356298238404,false,57082,55872,0.7112356298238404
57082,6241,0.7363812553137211,false,57082,6241,0.7363812553137211
57082,24137,0.7365999207569588,false,57082,24137,0.7365999207569588
57082,64151,0.8616160586520342,false,57082,64151,0.8616160586520342
7545,7477,0.7514799146932069,false,7545,7477,0.7514799146932069
7545,344,0.7275532655099185,false,7545,344,0.7275532655099185
7545,286676,0.740490543271734,false,7545,286676,0.740490543271734
7545,7020,0.7073395037743951,false,7545,7020,0.7073395037743951
7545,4318,0.7570821971764088,false,7545,4318,0.7570821971764088
7545,79191,0.9062533995584428,false,7545,79191,0.9062533995584428
7545,100379220,0.845499749877015,false,7545,100379220,0.845499749877015
7545,105378305,0.8317877433473592,false,7545,105378305,0.8317877433473592
7545,107984129,0.9480918136419442,false,7545,107984129,0.9480918136419442
7545,29991,0.859959257199293,false,7545,29991,0.859959257199293
7545,105371275,0.8199783538483806,false,7545,105371275,0.8199783538483806
7545,168002,0.9264152346561364,false,7545,168002,0.9264152346561364
7477,344,0.8923210338379131,false,7477,344,0.8923210338379131
7477,7020,0.7407983659724054,false,7477,7020,0.7407983659724054
7477,4318,0.8672770504173541,false,7477,4318,0.8672770504173541
7477,79191,0.920850672651077,false,7477,79191,0.920850672651077
7477,105378305,0.7863272166701927,false,7477,105378305,0.7863272166701927
7477,107984129,0.7543132091633814,false,7477,107984129,0.7543132091633814
7477,168002,0.8721732816010191,false,7477,168002,0.8721732816010191
4001,157570,0.7412288233495706,false,4001,157570,0.7412288233495706
4001,55872,0.704894281511212,false,4001,55872,0.704894281511212
4001,374393,0.7915705538800303,false,4001,374393,0.7915705538800303
332,157570,0.7032169099727992,false,332,157570,0.7032169099727992
332,55872,0.7896791105923128,false,332,55872,0.7896791105923128
332,891,0.802132432088774,false,332,891,0.802132432088774
332,6241,0.9342849258813769,false,332,6241,0.9342849258813769
332,8318,0.7881198922750913,false,332,8318,0.7881198922750913
332,83903,0.7218765077291811,false,332,83903,0.7218765077291811
332,24137,0.8989897323974871,false,332,24137,0.8989897323974871
332,9787,0.9038530873733225,false,332,9787,0.9038530873733225
332,1063,0.8987798709662727,false,332,1063,0.8987798709662727
332,64151,0.9108584778325605,false,332,64151,0.9108584778325605
332,221150,0.7797407899522277,false,332,221150,0.7797407899522277
107985492,112268037,0.8391844575523099,false,107985492,112268037,0.8391844575523099
107985492,6495,0.9109084960168062,false,107985492,6495,0.9109084960168062
107985492,105375690,0.882467451302076,false,107985492,105375690,0.882467451302076
107985492,3352,0.7523563305209966,false,107985492,3352,0.7523563305209966
107985492,79056,0.8297514766120125,false,107985492,79056,0.8297514766120125
107985492,54101,0.9069754084075456,false,107985492,54101,0.9069754084075456
107985492,143662,0.9042632869524732,false,107985492,143662,0.9042632869524732
107985492,23286,0.9370860130806153,false,107985492,23286,0.9370860130806153
107985492,340273,0.9135774719623014,false,107985492,340273,0.9135774719623014
107985492,161291,0.7688029049916479,false,107985492,161291,0.7688029049916479
107985492,101927355,0.9301998376199365,false,107985492,101927355,0.9301998376199365
107985492,4547,0.7685646630323404,false,107985492,4547,0.7685646630323404
107985492,253650,0.9143869692578566,false,107985492,253650,0.9143869692578566
107985492,654499,0.9114489505083917,false,107985492,654499,0.9114489505083917
107985492,100996301,0.9767811368993282,false,107985492,100996301,0.9767811368993282
344,7020,0.7400327965620814,false,344,7020,0.7400327965620814
344,4318,0.8331660789312639,false,344,4318,0.8331660789312639
344,79191,0.8571791589174215,false,344,79191,0.8571791589174215
344,105378305,0.8105992052814732,false,344,105378305,0.8105992052814732
344,107984129,0.705779159794727,false,344,107984129,0.705779159794727
344,29991,0.7082362199589533,false,344,29991,0.7082362199589533
344,168002,0.8635783872648454,false,344,168002,0.8635783872648454
4283,101929690,0.8719954184447115,false,4283,101929690,0.8719954184447115
4283,147741,0.9789653080199752,false,4283,147741,0.9789653080199752
4283,100506655,0.9882489475012833,false,4283,100506655,0.9882489475012833
4283,23532,0.9795297337097115,false,4283,23532,0.9795297337097115
4283,100506827,0.8539866253692922,false,4283,100506827,0.8539866253692922
4283,701,0.7957205980247668,false,4283,701,0.7957205980247668
338667,3754,0.8685793996132793,false,338667,3754,0.8685793996132793
338667,105375674,0.7786710248527333,false,338667,105375674,0.7786710248527333
338667,102724784,0.8617405781766414,false,338667,102724784,0.8617405781766414
338667,101927760,0.9809919545000748,false,338667,101927760,0.9809919545000748
338667,105375894,0.8051394173187262,false,338667,105375894,0.8051394173187262
338667,338797,0.9517688102987587,false,338667,338797,0.9517688102987587
3754,105375674,0.7316590431118185,false,3754,105375674,0.7316590431118185
3754,102724784,0.8501364094611835,false,3754,102724784,0.8501364094611835
3754,101927760,0.8186786292479186,false,3754,101927760,0.8186786292479186
3754,105375894,0.7563668093840675,false,3754,105375894,0.7563668093840675
3754,338797,0.8223398811153133,false,3754,338797,0.8223398811153133
58,2019,0.8369395915291061,false,58,2019,0.8369395915291061
58,145873,0.921574203199195,false,58,145873,0.921574203199195
58,285987,0.9442668963231095,false,58,285987,0.9442668963231095
58,105373150,0.9242814276674259,false,58,105373150,0.9242814276674259
58,3502,0.8947221494702781,false,58,3502,0.8947221494702781
58,64699,0.7773936996382917,false,58,64699,0.7773936996382917
58,389336,0.8512848734423416,false,58,389336,0.8512848734423416
58,25818,0.9046745364450349,false,58,25818,0.9046745364450349
58,4004,0.9319306877789875,false,58,4004,0.9319306877789875
58,4973,0.760199178256961,false,58,4973,0.760199178256961
58,28946,0.7345205854061284,false,58,28946,0.7345205854061284
58,28809,0.9330785555375741,false,58,28809,0.9330785555375741
58,5653,0.905214537446885,false,58,5653,0.905214537446885
286676,105378305,0.8691984537715522,false,286676,105378305,0.8691984537715522
286676,107984129,0.7102785917591985,false,286676,107984129,0.7102785917591985
286676,105371275,0.7265309718274701,false,286676,105371275,0.7265309718274701
286676,168002,0.7361687446948885,false,286676,168002,0.7361687446948885
5008,85479,0.7740917151209102,false,5008,85479,0.7740917151209102
5008,9758,0.7380594708609983,false,5008,9758,0.7380594708609983
157570,55872,0.9235745227519142,false,157570,55872,0.9235745227519142
157570,891,0.7389372353207326,false,157570,891,0.7389372353207326
157570,4751,0.8709561309964897,false,157570,4751,0.8709561309964897
157570,6241,0.7481276959742067,false,157570,6241,0.7481276959742067
157570,27178,0.8248722482914381,false,157570,27178,0.8248722482914381
157570,83903,0.8228892907995502,false,157570,83903,0.8228892907995502
157570,285643,0.8248722482914381,false,157570,285643,0.8248722482914381
157570,24137,0.7278236572321909,false,157570,24137,0.7278236572321909
157570,1063,0.730153848212392,false,157570,1063,0.730153848212392
7020,79191,0.8095203127942281,false,7020,79191,0.8095203127942281
7020,105378305,0.7777881240217586,false,7020,105378305,0.7777881240217586
7020,29991,0.7224439940168622,false,7020,29991,0.7224439940168622
7020,168002,0.747266489035826,false,7020,168002,0.747266489035826
2019,145873,0.838156018632803,false,2019,145873,0.838156018632803
2019,285987,0.923112596606696,false,2019,285987,0.923112596606696
2019,105373150,0.8797836875398123,false,2019,105373150,0.8797836875398123
2019,3502,0.8308041354930634,false,2019,3502,0.8308041354930634
2019,64699,0.842845714698508,false,2019,64699,0.842845714698508
2019,389336,0.8734508708810854,false,2019,389336,0.8734508708810854
2019,25818,0.905311072506624,false,2019,25818,0.905311072506624
2019,4004,0.9241154210978645,false,2019,4004,0.9241154210978645
2019,4973,0.7248648658486656,false,2019,4973,0.7248648658486656
2019,28946,0.7130867833363806,false,2019,28946,0.7130867833363806
2019,28809,0.9097143140393303,false,2019,28809,0.9097143140393303
2019,5653,0.9039019804436075,false,2019,5653,0.9039019804436075
101929690,147741,0.8974370098941069,false,101929690,147741,0.8974370098941069
101929690,100506655,0.8601643123323944,false,101929690,100506655,0.8601643123323944
101929690,23532,0.8343844728311918,false,101929690,23532,0.8343844728311918
101929690,100506827,0.7197871356682317,false,101929690,100506827,0.7197871356682317
101929690,701,0.7189430592964299,false,101929690,701,0.7189430592964299
8549,5083,0.7726683877874639,false,8549,5083,0.7726683877874639
8549,7681,0.7304724623832772,false,8549,7681,0.7304724623832772
8549,101060400,0.7349285639037009,false,8549,101060400,0.7349285639037009
8549,554202,0.7098624668187778,false,8549,554202,0.7098624668187778
85479,9758,0.7070310059576012,false,85479,9758,0.7070310059576012
112268037,6495,0.8633708213648259,false,112268037,6495,0.8633708213648259
112268037,79056,0.7922335346756719,false,112268037,79056,0.7922335346756719
112268037,54101,0.8471837451932993,false,112268037,54101,0.8471837451932993
112268037,143662,0.8572528494893663,false,112268037,143662,0.8572528494893663
112268037,23286,0.833055094192588,false,112268037,23286,0.833055094192588
112268037,340273,0.8596886385830717,false,112268037,340273,0.8596886385830717
112268037,161291,0.7519595380157701,false,112268037,161291,0.7519595380157701
112268037,101927355,0.878926398350482,false,112268037,101927355,0.878926398350482
112268037,4547,0.7460024513869977,false,112268037,4547,0.7460024513869977
112268037,253650,0.9236790626734189,false,112268037,253650,0.9236790626734189
112268037,654499,0.8635044409817444,false,112268037,654499,0.8635044409817444
112268037,100996301,0.8191737568598274,false,112268037,100996301,0.8191737568598274
145873,285987,0.8856067852953232,false,145873,285987,0.8856067852953232
145873,105373150,0.8386951684231724,false,145873,105373150,0.8386951684231724
145873,3502,0.8354400822300946,false,145873,3502,0.8354400822300946
145873,64699,0.8050428022128201,false,145873,64699,0.8050428022128201
145873,389336,0.798144954023967,false,145873,389336,0.798144954023967
145873,25818,0.8533556941836954,false,145873,25818,0.8533556941836954
145873,4004,0.8787939285464196,false,145873,4004,0.8787939285464196
145873,28809,0.8761550000253294,false,145873,28809,0.8761550000253294
145873,5653,0.8502825289125175,false,145873,5653,0.8502825289125175
105375674,101927760,0.746419876687613,false,105375674,101927760,0.746419876687613
105375674,2835,0.7416144481209628,false,105375674,2835,0.7416144481209628
105375674,105375894,0.8301185683140929,false,105375674,105375894,0.8301185683140929
105375674,338797,0.7675164757099395,false,105375674,338797,0.7675164757099395
1690,101929215,0.777637097242945,false,1690,101929215,0.777637097242945
1690,9582,0.7349071036136011,false,1690,9582,0.7349071036136011
1690,3664,0.7482458163440313,false,1690,3664,0.7482458163440313
1690,100506071,0.9896314669910974,false,1690,100506071,0.9896314669910974
55872,891,0.7710804894330263,false,55872,891,0.7710804894330263
55872,4751,0.88030731806211,false,55872,4751,0.88030731806211
55872,6241,0.878198201845526,false,55872,6241,0.878198201845526
55872,27178,0.7612509143319138,false,55872,27178,0.7612509143319138
55872,83903,0.85137443717983,false,55872,83903,0.85137443717983
55872,285643,0.7612509143319138,false,55872,285643,0.7612509143319138
55872,24137,0.8455964476902813,false,55872,24137,0.8455964476902813
55872,9787,0.8042570239914185,false,55872,9787,0.8042570239914185
55872,1063,0.8639479119756565,false,55872,1063,0.8639479119756565
55872,23397,0.7104417796631717,false,55872,23397,0.7104417796631717
55872,3833,0.7449847918314693,false,55872,3833,0.7449847918314693
55872,64151,0.7437221683501535,false,55872,64151,0.7437221683501535
55872,221150,0.8328569556515297,false,55872,221150,0.8328569556515297
4318,79191,0.8795233079519058,false,4318,79191,0.8795233079519058
4318,105378305,0.8240334912250027,false,4318,105378305,0.8240334912250027
4318,107984129,0.7174500840192733,false,4318,107984129,0.7174500840192733
4318,168002,0.9055558665992723,false,4318,168002,0.9055558665992723
84419,64843,0.7999727349245078,false,84419,64843,0.7999727349245078
84419,554202,0.7069589962786728,false,84419,554202,0.7069589962786728
103695435,5100,0.7183661984541391,false,103695435,5100,0.7183661984541391
103695435,5083,0.7186060572682561,false,103695435,5083,0.7186060572682561
103695435,7681,0.8830239535381018,false,103695435,7681,0.8830239535381018
103695435,105376042,0.897683365921362,false,103695435,105376042,0.897683365921362
103695435,101060400,0.8767803680525147,false,103695435,101060400,0.8767803680525147
103695435,9355,0.7370218007270988,false,103695435,9355,0.7370218007270988
9700,107985017,0.8397088910714352,false,9700,107985017,0.8397088910714352
9700,112937,0.7804982690020118,false,9700,112937,0.7804982690020118
9700,9787,0.7511023760034282,false,9700,9787,0.7511023760034282
9700,6790,0.7749378370735042,false,9700,6790,0.7749378370735042
9700,105371664,0.721613729179382,false,9700,105371664,0.721613729179382
9700,3833,0.8376286918155279,false,9700,3833,0.8376286918155279
9700,102723834,0.7495446556245606,false,9700,102723834,0.7495446556245606
891,4751,0.7385325430843799,false,891,4751,0.7385325430843799
891,6241,0.8189036597025451,false,891,6241,0.8189036597025451
891,83903,0.7394397553825697,false,891,83903,0.7394397553825697
891,24137,0.7641878562808998,false,891,24137,0.7641878562808998
891,55723,0.7432912734696973,false,891,55723,0.7432912734696973
891,9787,0.7886330361376918,false,891,9787,0.7886330361376918
891,64151,0.764842320883637,false,891,64151,0.764842320883637
891,221150,0.8427051320909816,false,891,221150,0.8427051320909816
891,3670,0.7257988957571846,false,891,3670,0.7257988957571846
4751,6241,0.7122917030192939,false,4751,6241,0.7122917030192939
4751,27178,0.8569964802691991,false,4751,27178,0.8569964802691991
4751,83903,0.7998433453414799,false,4751,83903,0.7998433453414799
4751,285643,0.8569964802691991,false,4751,285643,0.8569964802691991
4751,24137,0.7075695273132375,false,4751,24137,0.7075695273132375
374393,55723,0.741701105756068,false,374393,55723,0.741701105756068
101929215,9582,0.7876232240041545,false,101929215,9582,0.7876232240041545
101929215,112937,0.7122338343190852,false,101929215,112937,0.7122338343190852
101929215,3664,0.7796540801545615,false,101929215,3664,0.7796540801545615
101929215,100506071,0.8032863092556989,false,101929215,100506071,0.8032863092556989
107985017,55723,0.7635491662075742,false,107985017,55723,0.7635491662075742
107985017,9787,0.7742682194117972,false,107985017,9787,0.7742682194117972
107985017,6790,0.719819341575521,false,107985017,6790,0.719819341575521
107985017,1063,0.7407827127164534,false,107985017,1063,0.7407827127164534
107985017,3833,0.845968773077485,false,107985017,3833,0.845968773077485
107985017,221150,0.708584870572862,false,107985017,221150,0.708584870572862
107985017,102723834,0.8287657764405852,false,107985017,102723834,0.8287657764405852
6241,83903,0.7970118806327816,false,6241,83903,0.7970118806327816
6241,24137,0.9215841766912775,false,6241,24137,0.9215841766912775
6241,112937,0.7455650626750605,false,6241,112937,0.7455650626750605
6241,55723,0.7469220691087203,false,6241,55723,0.7469220691087203
6241,9787,0.9474919883602683,false,6241,9787,0.9474919883602683
6241,1063,0.906647533790353,false,6241,1063,0.906647533790353
6241,23397,0.7455749223103104,false,6241,23397,0.7455749223103104
6241,105371664,0.7315663652124507,false,6241,105371664,0.7315663652124507
6241,3833,0.7944639889647863,false,6241,3833,0.7944639889647863
6241,64151,0.9087007388880392,false,6241,64151,0.9087007388880392
6241,221150,0.8909220485669996,false,6241,221150,0.8909220485669996
6241,3670,0.7961770233870228,false,6241,3670,0.7961770233870228
102724784,101927760,0.7990682583229815,false,102724784,101927760,0.7990682583229815
102724784,105375894,0.7619997479468487,false,102724784,105375894,0.7619997479468487
102724784,338797,0.8637473812921993,false,102724784,338797,0.8637473812921993
285987,105373150,0.9798479434408298,false,285987,105373150,0.9798479434408298
285987,3502,0.931333681467105,false,285987,3502,0.931333681467105
285987,64699,0.8714062737254349,false,285987,64699,0.8714062737254349
285987,389336,0.9110129429634832,false,285987,389336,0.9110129429634832
285987,25818,0.9762553999584493,false,285987,25818,0.9762553999584493
285987,4004,0.9960549895309975,false,285987,4004,0.9960549895309975
285987,4973,0.8236635708749531,false,285987,4973,0.8236635708749531
285987,28946,0.8118023658577126,false,285987,28946,0.8118023658577126
285987,28809,0.9932648805560015,false,285987,28809,0.9932648805560015
285987,5653,0.9836655714716497,false,285987,5653,0.9836655714716497
79191,100379220,0.7636882702630492,false,79191,100379220,0.7636882702630492
79191,105378305,0.8693732302848328,false,79191,105378305,0.8693732302848328
79191,107984129,0.868255469960083,false,79191,107984129,0.868255469960083
79191,29991,0.823459406174378,false,79191,29991,0.823459406174378
79191,105371275,0.7387429627066501,false,79191,105371275,0.7387429627066501
79191,168002,0.9491037166968177,false,79191,168002,0.9491037166968177
6495,3352,0.8582667136533249,false,6495,3352,0.8582667136533249
6495,79056,0.9246380537904034,false,6495,79056,0.9246380537904034
6495,54101,0.9967425716019239,false,6495,54101,0.9967425716019239
6495,143662,0.993967841580343,false,6495,143662,0.993967841580343
6495,23286,0.978925516692581,false,6495,23286,0.978925516692581
6495,340273,0.9990768206405429,false,6495,340273,0.9990768206405429
6495,161291,0.9002591235891962,false,6495,161291,0.9002591235891962
6495,101927355,0.9532809231378978,false,6495,101927355,0.9532809231378978
6495,366,0.7565271171392444,false,6495,366,0.7565271171392444
6495,4547,0.8710542588537576,false,6495,4547,0.8710542588537576
6495,3239,0.7961071096223803,false,6495,3239,0.7961071096223803
6495,253650,0.9061401356157134,false,6495,253650,0.9061401356157134
6495,654499,0.9988455154058029,false,6495,654499,0.9988455154058029
6495,100996301,0.923394947663878,false,6495,100996301,0.923394947663878
105375690,23286,0.7250290301057396,false,105375690,23286,0.7250290301057396
105375690,64843,0.801197980139356,false,105375690,64843,0.801197980139356
105375690,101927355,0.7260875894630969,false,105375690,101927355,0.7260875894630969
105375690,6362,0.7308031736439239,false,105375690,6362,0.7308031736439239
105375690,253650,0.7205551970333852,false,105375690,253650,0.7205551970333852
105375690,100996301,0.8294792496426519,false,105375690,100996301,0.8294792496426519
105375690,80329,0.7271536908157945,false,105375690,80329,0.7271536908157945
9582,3664,0.8268519513195962,false,9582,3664,0.8268519513195962
9582,100506071,0.7727963989492967,false,9582,100506071,0.7727963989492967
3352,79056,0.787893394324379,false,3352,79056,0.787893394324379
3352,54101,0.8635618585689381,false,3352,54101,0.8635618585689381
3352,143662,0.8460495523127854,false,3352,143662,0.8460495523127854
3352,23286,0.8328470789903032,false,3352,23286,0.8328470789903032
3352,340273,0.8600971407475756,false,3352,340273,0.8600971407475756
3352,161291,0.7525756866761244,false,3352,161291,0.7525756866761244
3352,101927355,0.8723348321730052,false,3352,101927355,0.8723348321730052
3352,366,0.8348159871846901,false,3352,366,0.8348159871846901
3352,4547,0.8625151436012588,false,3352,4547,0.8625151436012588
3352,3239,0.7092021135641998,false,3352,3239,0.7092021135641998
3352,253650,0.7355437718334995,false,3352,253650,0.7355437718334995
3352,654499,0.8577913784056653,false,3352,654499,0.8577913784056653
3352,100996301,0.8221666623147735,false,3352,100996301,0.8221666623147735
105373150,3502,0.89754501426079,false,105373150,3502,0.89754501426079
105373150,64699,0.8326340991795583,false,105373150,64699,0.8326340991795583
105373150,389336,0.8794970176046266,false,105373150,389336,0.8794970176046266
105373150,25818,0.9562487016135038,false,105373150,25818,0.9562487016135038
105373150,4004,0.9847852528854547,false,105373150,4004,0.9847852528854547
105373150,4973,0.8904138425643109,false,105373150,4973,0.8904138425643109
105373150,28946,0.775628885364134,false,105373150,28946,0.775628885364134
105373150,28809,0.9685441040151319,false,105373150,28809,0.9685441040151319
105373150,5653,0.959246442765556,false,105373150,5653,0.959246442765556
27299,7681,0.769826624261379,false,27299,7681,0.769826624261379
27299,101060400,0.7649875503226816,false,27299,101060400,0.7649875503226816
27299,9355,0.7378310711160754,false,27299,9355,0.7378310711160754
5100,5083,0.762625843344717,false,5100,5083,0.762625843344717
5100,7681,0.7772455973947346,false,5100,7681,0.7772455973947346
5100,101060400,0.7663687631781966,false,5100,101060400,0.7663687631781966
5100,554202,0.7132780099156845,false,5100,554202,0.7132780099156845
79056,54101,0.9192610461974267,false,79056,54101,0.9192610461974267
79056,143662,0.9250954219605735,false,79056,143662,0.9250954219605735
79056,23286,0.9118851480826965,false,79056,23286,0.9118851480826965
79056,340273,0.9253440752366815,false,79056,340273,0.9253440752366815
79056,161291,0.8369020466825716,false,79056,161291,0.8369020466825716
79056,101927355,0.8661331511639877,false,79056,101927355,0.8661331511639877
79056,4547,0.803425431684127,false,79056,4547,0.803425431684127
79056,3239,0.7791524572729145,false,79056,3239,0.7791524572729145
79056,253650,0.8010722854519557,false,79056,253650,0.8010722854519557
79056,654499,0.9232988802483567,false,79056,654499,0.9232988802483567
79056,100996301,0.8316724393187286,false,79056,100996301,0.8316724393187286
27178,83903,0.835871461083059,false,27178,83903,0.835871461083059
27178,285643,1.0,false,27178,285643,1.0
8318,112937,0.7073428899585009,false,8318,112937,0.7073428899585009
8318,10615,0.8089800912030851,false,8318,10615,0.8089800912030851
105377123,64699,0.7927600980222622,false,105377123,64699,0.7927600980222622
147741,100506655,0.9641462975158719,false,147741,100506655,0.9641462975158719
147741,23532,0.9463294460113695,false,147741,23532,0.9463294460113695
147741,100506827,0.8758771149297608,false,147741,100506827,0.8758771149297608
147741,701,0.8321716124794882,false,147741,701,0.8321716124794882
83903,285643,0.8358714610830589,false,83903,285643,0.8358714610830589
83903,9787,0.7597974296783641,false,83903,9787,0.7597974296783641
83903,1063,0.7735727471941993,false,83903,1063,0.7735727471941993
83903,3670,0.7463477298094392,false,83903,3670,0.7463477298094392
115701,64843,0.7063646296475202,false,115701,64843,0.7063646296475202
115701,2250,0.7875766568429734,false,115701,2250,0.7875766568429734
115701,4825,0.8101036893401389,false,115701,4825,0.8101036893401389
50852,4547,0.7524748367565591,false,50852,4547,0.7524748367565591
24137,9787,0.8755998644023617,false,24137,9787,0.8755998644023617
24137,1063,0.8660746635238936,false,24137,1063,0.8660746635238936
24137,23397,0.769138448507206,false,24137,23397,0.769138448507206
24137,3833,0.7411494008977707,false,24137,3833,0.7411494008977707
24137,64151,0.9063401050078944,false,24137,64151,0.9063401050078944
24137,221150,0.8784779855666421,false,24137,221150,0.8784779855666421
24137,3670,0.741513277345838,false,24137,3670,0.741513277345838
112937,9787,0.7947693604811084,false,112937,9787,0.7947693604811084
112937,105371664,0.8572359640299891,false,112937,105371664,0.8572359640299891
112937,3833,0.837530064905962,false,112937,3833,0.837530064905962
112937,221150,0.7853701156841916,false,112937,221150,0.7853701156841916
112937,10615,0.8231489045827088,false,112937,10615,0.8231489045827088
5083,7681,0.8367463773067857,false,5083,7681,0.8367463773067857
5083,105376042,0.8046500748528254,false,5083,105376042,0.8046500748528254
5083,101060400,0.8336443249912244,false,5083,101060400,0.8336443249912244
5083,9355,0.8182518130480915,false,5083,9355,0.8182518130480915
54101,143662,0.9952877636733736,false,54101,143662,0.9952877636733736
54101,23286,0.9766119015692364,false,54101,23286,0.9766119015692364
54101,340273,0.9983863964861586,false,54101,340273,0.9983863964861586
54101,161291,0.8890330423415084,false,54101,161291,0.8890330423415084
54101,101927355,0.9492130662846369,false,54101,101927355,0.9492130662846369
54101,366,0.7449526590351294,false,54101,366,0.7449526590351294
54101,4547,0.8630596400095679,false,54101,4547,0.8630596400095679
54101,3239,0.7939619901464567,false,54101,3239,0.7939619901464567
54101,253650,0.9038502644412595,false,54101,253650,0.9038502644412595
54101,654499,0.9981792130698667,false,54101,654499,0.9981792130698667
54101,100996301,0.9294433591757647,false,54101,100996301,0.9294433591757647
55723,9787,0.754242514091114,false,55723,9787,0.754242514091114
55723,3833,0.705581311092731,false,55723,3833,0.705581311092731
55723,221150,0.8685856592491348,false,55723,221150,0.8685856592491348
9787,6790,0.7264728710493203,false,9787,6790,0.7264728710493203
9787,1063,0.9138537870914171,false,9787,1063,0.9138537870914171
9787,105371664,0.7015551885141265,false,9787,105371664,0.7015551885141265
9787,3833,0.8369640337052925,false,9787,3833,0.8369640337052925
9787,64151,0.8535924868267468,false,9787,64151,0.8535924868267468
9787,221150,0.8606743373148783,false,9787,221150,0.8606743373148783
9787,3670,0.727245563903533,false,9787,3670,0.727245563903533
3664,100506071,0.7937746078719798,false,3664,100506071,0.7937746078719798
100379220,107984129,0.8286364174414999,false,100379220,107984129,0.8286364174414999
100379220,168002,0.8230381586939343,false,100379220,168002,0.8230381586939343
7681,105376042,0.8996890098176972,false,7681,105376042,0.8996890098176972
7681,101060400,0.9996722341500294,false,7681,101060400,0.9996722341500294
7681,9355,0.9185846419508626,false,7681,9355,0.9185846419508626
3502,64699,0.8104169748928273,false,3502,64699,0.8104169748928273
3502,389336,0.8503259472534938,false,3502,389336,0.8503259472534938
3502,25818,0.8850620006279218,false,3502,25818,0.8850620006279218
3502,4004,0.9208870522964001,false,3502,4004,0.9208870522964001
3502,4973,0.7315554420705451,false,3502,4973,0.7315554420705451
3502,28946,0.9545322500532857,false,3502,28946,0.9545322500532857
3502,28809,0.965176897464245,false,3502,28809,0.965176897464245
3502,5653,0.9053310623289703,false,3502,5653,0.9053310623289703
105378305,107984129,0.8035701621286229,false,105378305,107984129,0.8035701621286229
105378305,29991,0.849305936969003,false,105378305,29991,0.849305936969003
105378305,105371275,0.8231294478086114,false,105378305,105371275,0.8231294478086114
105378305,168002,0.9101035215835543,false,105378305,168002,0.9101035215835543
64699,8538,0.7292487309257868,false,64699,8538,0.7292487309257868
64699,389336,0.74769518157085,false,64699,389336,0.74769518157085
64699,25818,0.8030628952208227,false,64699,25818,0.8030628952208227
64699,4004,0.8707597103051826,false,64699,4004,0.8707597103051826
64699,4973,0.7337957447580628,false,64699,4973,0.7337957447580628
64699,28946,0.7236270143497626,false,64699,28946,0.7236270143497626
64699,28809,0.874429452440991,false,64699,28809,0.874429452440991
64699,5653,0.8925544322775463,false,64699,5653,0.8925544322775463
143662,23286,0.9708520157586266,false,143662,23286,0.9708520157586266
143662,340273,0.9959380799071914,false,143662,340273,0.9959380799071914
143662,161291,0.8806918966959405,false,143662,161291,0.8806918966959405
143662,101927355,0.9408790519353177,false,143662,101927355,0.9408790519353177
143662,366,0.7336838890423828,false,143662,366,0.7336838890423828
143662,4547,0.8558207644107036,false,143662,4547,0.8558207644107036
143662,3239,0.8248832074275095,false,143662,3239,0.8248832074275095
143662,253650,0.9168808481904163,false,143662,253650,0.9168808481904163
143662,654499,0.9959087902903759,false,143662,654499,0.9959087902903759
143662,100996301,0.9175715949088002,false,143662,100996301,0.9175715949088002
100506655,23532,0.9874226659670576,false,100506655,23532,0.9874226659670576
100506655,100506827,0.8397702695127309,false,100506655,100506827,0.8397702695127309
100506655,701,0.7757468171910743,false,100506655,701,0.7757468171910743
23286,340273,0.9819076097102329,false,23286,340273,0.9819076097102329
23286,161291,0.8451630997566028,false,23286,161291,0.8451630997566028
23286,101927355,0.9574074403816997,false,23286,101927355,0.9574074403816997
23286,2835,0.7204492936743937,false,23286,2835,0.7204492936743937
23286,366,0.7288392957712837,false,23286,366,0.7288392957712837
23286,4547,0.8621279649598054,false,23286,4547,0.8621279649598054
23286,253650,0.8941467188697751,false,23286,253650,0.8941467188697751
23286,654499,0.9805282621586171,false,23286,654499,0.9805282621586171
23286,100996301,0.9391302560186993,false,23286,100996301,0.9391302560186993
64843,2250,0.7469089402775857,false,64843,2250,0.7469089402775857
64843,554202,0.7686584273342547,false,64843,554202,0.7686584273342547
64843,4825,0.8083754325199839,false,64843,4825,0.8083754325199839
107984129,29991,0.7817783130458789,false,107984129,29991,0.7817783130458789
107984129,105371275,0.7739173718308198,false,107984129,105371275,0.7739173718308198
107984129,168002,0.9221452698148889,false,107984129,168002,0.9221452698148889
100506071,102723834,0.7326548026180395,false,100506071,102723834,0.7326548026180395
340273,161291,0.8912161966919375,false,340273,161291,0.8912161966919375
340273,101927355,0.9540932276323051,false,340273,101927355,0.9540932276323051
340273,366,0.7508476799903656,false,340273,366,0.7508476799903656
340273,4547,0.8670752593515554,false,340273,4547,0.8670752593515554
340273,3239,0.793349943331879,false,340273,3239,0.793349943331879
340273,253650,0.909878984016484,false,340273,253650,0.909878984016484
340273,654499,0.9998368055801178,false,340273,654499,0.9998368055801178
340273,100996301,0.9279121083710523,false,340273,100996301,0.9279121083710523
6790,105371664,0.7768959543448933,false,6790,105371664,0.7768959543448933
2250,4825,0.8020930062228369,false,2250,4825,0.8020930062228369
389336,25818,0.94454903345338,false,389336,25818,0.94454903345338
389336,4004,0.9044991059304966,false,389336,4004,0.9044991059304966
389336,4973,0.7172843337813175,false,389336,4973,0.7172843337813175
389336,28946,0.7029060119955037,false,389336,28946,0.7029060119955037
389336,28809,0.8989616015224957,false,389336,28809,0.8989616015224957
389336,4825,0.8099530938932291,false,389336,4825,0.8099530938932291
389336,5653,0.9313915094303192,false,389336,5653,0.9313915094303192
105376042,101060400,0.9009102212184735,false,105376042,101060400,0.9009102212184735
105376042,9355,0.8090292115522421,false,105376042,9355,0.8090292115522421
25818,4004,0.9791778462832026,false,25818,4004,0.9791778462832026
25818,4973,0.8179315871539438,false,25818,4973,0.8179315871539438
25818,28946,0.7492030469025346,false,25818,28946,0.7492030469025346
25818,28809,0.9600348487151792,false,25818,28809,0.9600348487151792
25818,5653,0.9775698132286466,false,25818,5653,0.9775698132286466
1063,3833,0.8167942119755793,false,1063,3833,0.8167942119755793
1063,64151,0.798568842403842,false,1063,64151,0.798568842403842
1063,221150,0.7703058456635007,false,1063,221150,0.7703058456635007
161291,101927355,0.8055651441279259,false,161291,101927355,0.8055651441279259
161291,366,0.7227468775179492,false,161291,366,0.7227468775179492
161291,4547,0.7111951113803859,false,161291,4547,0.7111951113803859
161291,3239,0.7349539744400868,false,161291,3239,0.7349539744400868
161291,253650,0.7392539350758791,false,161291,253650,0.7392539350758791
161291,654499,0.8906253299097137,false,161291,654499,0.8906253299097137
161291,100996301,0.7699738451654098,false,161291,100996301,0.7699738451654098
101927760,105375894,0.8018448117883683,false,101927760,105375894,0.8018448117883683
101927760,338797,0.9216987685288801,false,101927760,338797,0.9216987685288801
23532,100506827,0.826717018375144,false,23532,100506827,0.826717018375144
23532,701,0.7603500184944589,false,23532,701,0.7603500184944589
101927355,366,0.8110690363010008,false,101927355,366,0.8110690363010008
101927355,4547,0.92734074264435,false,101927355,4547,0.92734074264435
101927355,253650,0.9410276577467873,false,101927355,253650,0.9410276577467873
101927355,654499,0.9543336812582649,false,101927355,654499,0.9543336812582649
101927355,100996301,0.9450645552338833,false,101927355,100996301,0.9450645552338833
101060400,9355,0.9200577251142475,false,101060400,9355,0.9200577251142475
23397,64151,0.7399095284543344,false,23397,64151,0.7399095284543344
23397,3670,0.7586991679185789,false,23397,3670,0.7586991679185789
100506827,701,0.7413681133575385,false,100506827,701,0.7413681133575385
2835,105375894,0.8201902618169736,false,2835,105375894,0.8201902618169736
2835,4547,0.7408782290842806,false,2835,4547,0.7408782290842806
29991,105371275,0.8129606327523629,false,29991,105371275,0.8129606327523629
29991,168002,0.805636520515008,false,29991,168002,0.805636520515008
4004,4973,0.8514113809429001,false,4004,4973,0.8514113809429001
4004,28946,0.802221832460986,false,4004,28946,0.802221832460986
4004,28809,0.9879010913251491,false,4004,28809,0.9879010913251491
4004,5653,0.9818300688051832,false,4004,5653,0.9818300688051832
105371664,3670,0.8033502631391287,false,105371664,3670,0.8033502631391287
105371275,168002,0.7897762401476083,false,105371275,168002,0.7897762401476083
4973,28809,0.8079370049026993,false,4973,28809,0.8079370049026993
4973,5653,0.8220665091440789,false,4973,5653,0.8220665091440789
28946,28809,0.8732996636947685,false,28946,28809,0.8732996636947685
28946,5653,0.7796254363092373,false,28946,5653,0.7796254363092373
105375894,338797,0.7553526171422674,false,105375894,338797,0.7553526171422674
366,4547,0.9118888364056166,false,366,4547,0.9118888364056166
366,654499,0.7513726376999302,false,366,654499,0.7513726376999302
3833,221150,0.8038357151388764,false,3833,221150,0.8038357151388764
3833,102723834,0.794859984561395,false,3833,102723834,0.794859984561395
6362,80329,0.9151558624244969,false,6362,80329,0.9151558624244969
4547,253650,0.8241134993981414,false,4547,253650,0.8241134993981414
4547,654499,0.8668329274318995,false,4547,654499,0.8668329274318995
4547,100996301,0.7879025062214616,false,4547,100996301,0.7879025062214616
64151,221150,0.7643263267370838,false,64151,221150,0.7643263267370838
64151,3670,0.7144239348935727,false,64151,3670,0.7144239348935727
3239,253650,0.7567362381975095,false,3239,253650,0.7567362381975095
3239,654499,0.7956619714627551,false,3239,654499,0.7956619714627551
3239,100996301,0.7042247103365425,false,3239,100996301,0.7042247103365425
221150,3670,0.7375199981567778,false,221150,3670,0.7375199981567778
253650,654499,0.9137657856661117,false,253650,654499,0.9137657856661117
253650,100996301,0.9036238817017428,false,253650,100996301,0.9036238817017428
654499,100996301,0.9258667495499362,false,654499,100996301,0.9258667495499362
28809,5653,0.9743970235009046,false,28809,5653,0.9743970235009046
