Interaction,name,Pearson,selected,shared interaction,shared name,Weight
51361,970,0.9044330148813895,false,51361,970,0.9044330148813895
51361,105374166,0.8767907585661039,false,51361,105374166,0.8767907585661039
51361,100289137,0.9568308607257381,false,51361,100289137,0.9568308607257381
51361,158228,0.9993109055506751,false,51361,158228,0.9993109055506751
51361,10309,0.7550033976576407,false,51361,10309,0.7550033976576407
51361,100506411,0.9895701906744859,false,51361,100506411,0.9895701906744859
51361,2277,0.8828347335680728,false,51361,2277,0.8828347335680728
51361,81849,0.9002781826824767,false,51361,81849,0.9002781826824767
51361,107985492,0.9073622078514002,false,51361,107985492,0.9073622078514002
51361,112268037,0.8608534166644877,false,51361,112268037,0.8608534166644877
51361,6495,0.9730304595973209,false,51361,6495,0.9730304595973209
51361,3352,0.9513561747772687,false,51361,3352,0.9513561747772687
51361,9388,0.7406421436087948,false,51361,9388,0.7406421436087948
51361,4257,0.8281379259904966,false,51361,4257,0.8281379259904966
51361,101927686,0.9993109055506753,false,51361,101927686,0.9993109055506753
51361,54101,0.9985896933137999,false,51361,54101,0.9985896933137999
51361,143662,0.9952395968137402,false,51361,143662,0.9952395968137402
51361,23286,0.9799673414599823,false,51361,23286,0.9799673414599823
51361,245972,0.8600798851218387,false,51361,245972,0.8600798851218387
51361,340273,0.9992771653689638,false,51361,340273,0.9992771653689638
51361,101927355,0.9528567110826667,false,51361,101927355,0.9528567110826667
51361,152225,0.7371511631181489,false,51361,152225,0.7371511631181489
51361,366,0.7803554767397383,false,51361,366,0.7803554767397383
51361,654499,0.9994046294258092,false,51361,654499,0.9994046294258092
51361,253650,0.9085608771969507,false,51361,253650,0.9085608771969507
51361,100996301,0.9376621695080283,false,51361,100996301,0.9376621695080283
9628,107984763,0.8179616189759326,false,9628,107984763,0.8179616189759326
9628,594855,0.7260624649933223,false,9628,594855,0.7260624649933223
9628,23566,0.8926312743338023,false,9628,23566,0.8926312743338023
1047,83648,0.7300889278290092,false,1047,83648,0.7300889278290092
101928152,7036,0.7312645736970171,false,101928152,7036,0.7312645736970171
101928152,112268460,0.7928669867262732,false,101928152,112268460,0.7928669867262732
101928152,347252,0.7151667917826194,false,101928152,347252,0.7151667917826194
101928152,11075,0.7334002148657954,false,101928152,11075,0.7334002148657954
101928152,57167,0.8103774619883763,false,101928152,57167,0.8103774619883763
983,79801,0.8474040040248826,false,983,79801,0.8474040040248826
983,7272,0.7789033780541578,false,983,7272,0.7789033780541578
983,9824,0.8419070062246718,false,983,9824,0.8419070062246718
983,55355,0.8121536180684875,false,983,55355,0.8121536180684875
983,259266,0.772301476657789,false,983,259266,0.772301476657789
983,54443,0.8875023218558281,false,983,54443,0.8875023218558281
983,55165,0.9170247307008508,false,983,55165,0.9170247307008508
983,220134,0.7065988931440577,false,983,220134,0.7065988931440577
983,4085,0.7646169887992551,false,983,4085,0.7646169887992551
983,55143,0.7701941063356944,false,983,55143,0.7701941063356944
983,83540,0.744872282555649,false,983,83540,0.744872282555649
983,150468,0.7471111694583815,false,983,150468,0.7471111694583815
983,9833,0.8426151513520337,false,983,9833,0.8426151513520337
983,3161,0.91415897499619,false,983,3161,0.91415897499619
983,51203,0.9365016063821651,false,983,51203,0.9365016063821651
983,57405,0.7208194779993916,false,983,57405,0.7208194779993916
983,29128,0.9175830478516102,false,983,29128,0.9175830478516102
983,113130,0.7184501997576098,false,983,113130,0.7184501997576098
983,3832,0.9467823767840549,false,983,3832,0.9467823767840549
983,9055,0.8405964339467109,false,983,9055,0.8405964339467109
983,11065,0.7572418209694317,false,983,11065,0.7572418209694317
983,4001,0.7293039432412698,false,983,4001,0.7293039432412698
983,57082,0.7822815320144018,false,983,57082,0.7822815320144018
983,332,0.7751132703880672,false,983,332,0.7751132703880672
983,157570,0.75043693073439,false,983,157570,0.75043693073439
983,56992,0.7325219336998711,false,983,56992,0.7325219336998711
983,55872,0.8776576532263884,false,983,55872,0.8776576532263884
983,7153,0.9557576099509345,false,983,7153,0.9557576099509345
983,891,0.8188668376791961,false,983,891,0.8188668376791961
983,4751,0.9002703001346527,false,983,4751,0.9002703001346527
983,6241,0.8862845721833773,false,983,6241,0.8862845721833773
983,24137,0.8908717599945589,false,983,24137,0.8908717599945589
983,55635,0.8792081061037058,false,983,55635,0.8792081061037058
983,55723,0.825996197949097,false,983,55723,0.825996197949097
983,9787,0.8653733110352304,false,983,9787,0.8653733110352304
983,9212,0.8085551720719191,false,983,9212,0.8085551720719191
983,699,0.74302433432366,false,983,699,0.74302433432366
983,1063,0.8322009740011276,false,983,1063,0.8322009740011276
983,23397,0.8637598621188562,false,983,23397,0.8637598621188562
983,9928,0.7647762206827164,false,983,9928,0.7647762206827164
983,1058,0.7745340682567147,false,983,1058,0.7745340682567147
983,64151,0.7924242875905372,false,983,64151,0.7924242875905372
983,221150,0.8494645900297301,false,983,221150,0.8494645900297301
983,100288637,0.7991268631476285,false,983,100288637,0.7991268631476285
983,100507118,0.8886297529520589,false,983,100507118,0.8886297529520589
79801,144455,0.7287988628482014,false,79801,144455,0.7287988628482014
79801,55355,0.8237198820704011,false,79801,55355,0.8237198820704011
79801,259266,0.9254332169270885,false,79801,259266,0.9254332169270885
79801,54443,0.8122672708639781,false,79801,54443,0.8122672708639781
79801,55165,0.8434198550597596,false,79801,55165,0.8434198550597596
79801,220134,0.8046274939972137,false,79801,220134,0.8046274939972137
79801,83540,0.7809680252317648,false,79801,83540,0.7809680252317648
79801,150468,0.7681547847415867,false,79801,150468,0.7681547847415867
79801,9833,0.8367396894099135,false,79801,9833,0.8367396894099135
79801,3161,0.8194525226099917,false,79801,3161,0.8194525226099917
79801,51203,0.9022337877872927,false,79801,51203,0.9022337877872927
79801,57405,0.7431607921906082,false,79801,57405,0.7431607921906082
79801,995,0.7498349967341223,false,79801,995,0.7498349967341223
79801,29128,0.8489191706463137,false,79801,29128,0.8489191706463137
79801,113130,0.7892714791148338,false,79801,113130,0.7892714791148338
79801,4288,0.8679018939778299,false,79801,4288,0.8679018939778299
79801,3832,0.71063416086127,false,79801,3832,0.71063416086127
79801,9055,0.8057475256393956,false,79801,9055,0.8057475256393956
79801,11065,0.8606737473938189,false,79801,11065,0.8606737473938189
79801,4001,0.7961066241167676,false,79801,4001,0.7961066241167676
79801,57082,0.8008267746662333,false,79801,57082,0.8008267746662333
79801,332,0.7624119542874106,false,79801,332,0.7624119542874106
79801,157570,0.7139916501381043,false,79801,157570,0.7139916501381043
79801,55872,0.8451749668848882,false,79801,55872,0.8451749668848882
79801,7153,0.8145542026213914,false,79801,7153,0.8145542026213914
79801,891,0.794350187335799,false,79801,891,0.794350187335799
79801,4751,0.7294429559555888,false,79801,4751,0.7294429559555888
79801,6241,0.8672337033179461,false,79801,6241,0.8672337033179461
79801,24137,0.7734290222586815,false,79801,24137,0.7734290222586815
79801,55723,0.8422001558264753,false,79801,55723,0.8422001558264753
79801,9787,0.9233074765479057,false,79801,9787,0.9233074765479057
79801,9212,0.8609547086741234,false,79801,9212,0.8609547086741234
79801,699,0.7268414679245953,false,79801,699,0.7268414679245953
79801,1063,0.8723264096669751,false,79801,1063,0.8723264096669751
79801,128239,0.8407001149652255,false,79801,128239,0.8407001149652255
79801,9928,0.7006789768707633,false,79801,9928,0.7006789768707633
79801,1058,0.7456494193331666,false,79801,1058,0.7456494193331666
79801,3833,0.8329916183282358,false,79801,3833,0.8329916183282358
79801,64151,0.7938987871081146,false,79801,64151,0.7938987871081146
79801,221150,0.819325847974161,false,79801,221150,0.819325847974161
79801,9232,0.8643695664989545,false,79801,9232,0.8643695664989545
79801,100507118,0.8462721587905965,false,79801,100507118,0.8462721587905965
79801,991,0.8564343626807803,false,79801,991,0.8564343626807803
7272,55165,0.7873316564980277,false,7272,55165,0.7873316564980277
7272,4085,0.7708033595720187,false,7272,4085,0.7708033595720187
7272,9833,0.711999690451973,false,7272,9833,0.711999690451973
7272,3161,0.8356783911812362,false,7272,3161,0.8356783911812362
7272,51203,0.7045477756061416,false,7272,51203,0.7045477756061416
7272,29128,0.8597862067196526,false,7272,29128,0.8597862067196526
7272,4001,0.7334855625890262,false,7272,4001,0.7334855625890262
7272,57082,0.7061373540314414,false,7272,57082,0.7061373540314414
7272,55872,0.727638007333818,false,7272,55872,0.727638007333818
7272,7153,0.7945284298405947,false,7272,7153,0.7945284298405947
7272,891,0.7024087719154102,false,7272,891,0.7024087719154102
7272,4751,0.7333906721001481,false,7272,4751,0.7333906721001481
7272,24137,0.8028670992396294,false,7272,24137,0.8028670992396294
7272,55635,0.7103550580355551,false,7272,55635,0.7103550580355551
7272,699,0.7563036235387983,false,7272,699,0.7563036235387983
7272,23397,0.9203875895169289,false,7272,23397,0.9203875895169289
7272,9928,0.7517839767709839,false,7272,9928,0.7517839767709839
7272,64151,0.785159167899344,false,7272,64151,0.785159167899344
7272,221150,0.8185906169403981,false,7272,221150,0.8185906169403981
7272,100288637,0.9148888559293724,false,7272,100288637,0.9148888559293724
105370960,101929215,0.7208573886598003,false,105370960,101929215,0.7208573886598003
144455,55355,0.8024753433426646,false,144455,55355,0.8024753433426646
144455,259266,0.7272086996091458,false,144455,259266,0.7272086996091458
144455,54443,0.7609099668230207,false,144455,54443,0.7609099668230207
144455,389903,0.742463148896807,false,144455,389903,0.742463148896807
144455,55165,0.7767749915525555,false,144455,55165,0.7767749915525555
144455,220134,0.8611851407154215,false,144455,220134,0.8611851407154215
144455,9833,0.7098844150897696,false,144455,9833,0.7098844150897696
144455,3161,0.7646352569594552,false,144455,3161,0.7646352569594552
144455,51203,0.8398114378624045,false,144455,51203,0.8398114378624045
144455,29128,0.8183774100775405,false,144455,29128,0.8183774100775405
144455,9055,0.7865836022544512,false,144455,9055,0.7865836022544512
144455,11065,0.7268793995027097,false,144455,11065,0.7268793995027097
144455,4001,0.8868263739512003,false,144455,4001,0.8868263739512003
144455,57082,0.7996026481549844,false,144455,57082,0.7996026481549844
144455,56992,0.7807750110530833,false,144455,56992,0.7807750110530833
144455,387978,0.734796674441764,false,144455,387978,0.734796674441764
144455,55872,0.7643843305373056,false,144455,55872,0.7643843305373056
144455,7153,0.7567928004812762,false,144455,7153,0.7567928004812762
144455,891,0.7830226082233618,false,144455,891,0.7830226082233618
144455,6241,0.7421897867913912,false,144455,6241,0.7421897867913912
144455,24137,0.7320596196561927,false,144455,24137,0.7320596196561927
144455,55723,0.7053670818370333,false,144455,55723,0.7053670818370333
144455,9787,0.7656830109150369,false,144455,9787,0.7656830109150369
144455,6664,0.7565820111643551,false,144455,6664,0.7565820111643551
144455,699,0.7928583370645358,false,144455,699,0.7928583370645358
144455,23397,0.7595191161362302,false,144455,23397,0.7595191161362302
144455,9928,0.7990158044084498,false,144455,9928,0.7990158044084498
144455,4547,0.7134985157479006,false,144455,4547,0.7134985157479006
144455,64151,0.8550410564138695,false,144455,64151,0.8550410564138695
144455,221150,0.8428788956192297,false,144455,221150,0.8428788956192297
144455,100288637,0.7311736415839785,false,144455,100288637,0.7311736415839785
2625,389903,0.9805207700461906,false,2625,389903,0.9805207700461906
2625,105372115,0.9828709569588598,false,2625,105372115,0.9828709569588598
2625,7180,0.9074920020395397,false,2625,7180,0.9074920020395397
2625,4001,0.7383961248305446,false,2625,4001,0.7383961248305446
2625,3604,0.9146954621724487,false,2625,3604,0.9146954621724487
2625,56992,0.8045668536338952,false,2625,56992,0.8045668536338952
2625,387978,0.9668103125741169,false,2625,387978,0.9668103125741169
2625,3580,0.8169897299475047,false,2625,3580,0.8169897299475047
2625,6664,0.9749532947508665,false,2625,6664,0.9749532947508665
2625,9928,0.7049826843047133,false,2625,9928,0.7049826843047133
2625,4547,0.8809720382640385,false,2625,4547,0.8809720382640385
2625,64151,0.7015893372890016,false,2625,64151,0.7015893372890016
9378,2834,0.7588641489834348,false,9378,2834,0.7588641489834348
9378,110806280,0.7403902658879057,false,9378,110806280,0.7403902658879057
9378,574029,0.8092302725501714,false,9378,574029,0.8092302725501714
9378,112937,0.8132912933383607,false,9378,112937,0.8132912933383607
9378,107986951,0.7873989976672213,false,9378,107986951,0.7873989976672213
9378,3833,0.7022429511622953,false,9378,3833,0.7022429511622953
9378,219527,0.7126613193703758,false,9378,219527,0.7126613193703758
63967,112714,0.7480814701287163,false,63967,112714,0.7480814701287163
63967,9156,0.764726075063101,false,63967,9156,0.764726075063101
9824,55355,0.715932294359781,false,9824,55355,0.715932294359781
9824,54443,0.9430184432315322,false,9824,54443,0.9430184432315322
9824,55165,0.871380032261829,false,9824,55165,0.871380032261829
9824,4085,0.7400221013136542,false,9824,4085,0.7400221013136542
9824,55143,0.8233686313206254,false,9824,55143,0.8233686313206254
9824,150468,0.8081411893361037,false,9824,150468,0.8081411893361037
9824,105375610,0.7250429564934061,false,9824,105375610,0.7250429564934061
9824,9833,0.766248029877147,false,9824,9833,0.766248029877147
9824,3161,0.8488257893039267,false,9824,3161,0.8488257893039267
9824,51203,0.8555076458518239,false,9824,51203,0.8555076458518239
9824,9096,0.7026667302958858,false,9824,9096,0.7026667302958858
9824,995,0.7137856057472208,false,9824,995,0.7137856057472208
9824,29128,0.7782275822360372,false,9824,29128,0.7782275822360372
9824,3832,0.856177297660072,false,9824,3832,0.856177297660072
9824,9055,0.8726348032825343,false,9824,9055,0.8726348032825343
9824,157570,0.8114529359705815,false,9824,157570,0.8114529359705815
9824,55872,0.8247795480518426,false,9824,55872,0.8247795480518426
9824,7153,0.8522215439650211,false,9824,7153,0.8522215439650211
9824,891,0.7207676024784719,false,9824,891,0.7207676024784719
9824,4751,0.8759717404957245,false,9824,4751,0.8759717404957245
9824,6241,0.8223817312777949,false,9824,6241,0.8223817312777949
9824,27178,0.7055872939672397,false,9824,27178,0.7055872939672397
9824,285643,0.7055872939672397,false,9824,285643,0.7055872939672397
9824,24137,0.7799879125895781,false,9824,24137,0.7799879125895781
9824,55635,0.7870194967860931,false,9824,55635,0.7870194967860931
9824,9787,0.7889038757703009,false,9824,9787,0.7889038757703009
9824,699,0.7063934724136443,false,9824,699,0.7063934724136443
9824,1063,0.7542569074044443,false,9824,1063,0.7542569074044443
9824,23397,0.7551528778438923,false,9824,23397,0.7551528778438923
9824,1058,0.7133482023786754,false,9824,1058,0.7133482023786754
9824,221150,0.7329448141646417,false,9824,221150,0.7329448141646417
9824,100507118,0.8175760750218622,false,9824,100507118,0.8175760750218622
10024,100048912,0.8522613147142573,false,10024,100048912,0.8522613147142573
10024,2834,0.7446184209285008,false,10024,2834,0.7446184209285008
10024,57405,0.7172156585611168,false,10024,57405,0.7172156585611168
10024,56300,0.7907421288510896,false,10024,56300,0.7907421288510896
10024,4288,0.7923487054883931,false,10024,4288,0.7923487054883931
10024,27091,0.7557753675977563,false,10024,27091,0.7557753675977563
10024,347252,0.7537068169948608,false,10024,347252,0.7537068169948608
10024,9212,0.7435541934225002,false,10024,9212,0.7435541934225002
10024,128239,0.793051454378614,false,10024,128239,0.793051454378614
10024,9232,0.7933974029836391,false,10024,9232,0.7933974029836391
10024,991,0.8163608730183379,false,10024,991,0.8163608730183379
55355,259266,0.8896397439242913,false,55355,259266,0.8896397439242913
55355,54443,0.7610329830422499,false,55355,54443,0.7610329830422499
55355,55165,0.913468583886412,false,55355,55165,0.913468583886412
55355,220134,0.9314856554592799,false,55355,220134,0.9314856554592799
55355,83540,0.7734156088259346,false,55355,83540,0.7734156088259346
55355,150468,0.7139521047363658,false,55355,150468,0.7139521047363658
55355,9833,0.7002036093985288,false,55355,9833,0.7002036093985288
55355,2834,0.704042635910651,false,55355,2834,0.704042635910651
55355,3161,0.7706612328532793,false,55355,3161,0.7706612328532793
55355,51203,0.8676558899129311,false,55355,51203,0.8676558899129311
55355,57405,0.774642218596061,false,55355,57405,0.774642218596061
55355,995,0.7983128437831623,false,55355,995,0.7983128437831623
55355,29128,0.9047195692311627,false,55355,29128,0.9047195692311627
55355,113130,0.7615947698159994,false,55355,113130,0.7615947698159994
55355,4288,0.8488933349129375,false,55355,4288,0.8488933349129375
55355,3832,0.7184762875449859,false,55355,3832,0.7184762875449859
55355,9055,0.7418524185323507,false,55355,9055,0.7418524185323507
55355,11065,0.8715765027245072,false,55355,11065,0.8715765027245072
55355,4001,0.7653738747361049,false,55355,4001,0.7653738747361049
55355,57082,0.8955657455371965,false,55355,57082,0.8955657455371965
55355,332,0.8372908039205194,false,55355,332,0.8372908039205194
55355,157570,0.7285510157641627,false,55355,157570,0.7285510157641627
55355,55872,0.8268957257975392,false,55355,55872,0.8268957257975392
55355,7153,0.8566236447180613,false,55355,7153,0.8566236447180613
55355,891,0.8204532799867738,false,55355,891,0.8204532799867738
55355,6241,0.8874111538481663,false,55355,6241,0.8874111538481663
55355,24137,0.9272187575307456,false,55355,24137,0.9272187575307456
55355,55635,0.7196048996624436,false,55355,55635,0.7196048996624436
55355,55723,0.7723128388072035,false,55355,55723,0.7723128388072035
55355,9787,0.8910962782995848,false,55355,9787,0.8910962782995848
55355,9212,0.8865296068637689,false,55355,9212,0.8865296068637689
55355,1063,0.8263754650153248,false,55355,1063,0.8263754650153248
55355,23397,0.7249714645171895,false,55355,23397,0.7249714645171895
55355,128239,0.8980857306615301,false,55355,128239,0.8980857306615301
55355,9928,0.7372500809982835,false,55355,9928,0.7372500809982835
55355,3833,0.7928500724959097,false,55355,3833,0.7928500724959097
55355,64151,0.8890143509024157,false,55355,64151,0.8890143509024157
55355,221150,0.860392644355391,false,55355,221150,0.860392644355391
55355,100507118,0.8140090377308655,false,55355,100507118,0.8140090377308655
55355,991,0.8620793948280507,false,55355,991,0.8620793948280507
259266,54443,0.7127996073187692,false,259266,54443,0.7127996073187692
259266,55165,0.8149741815322724,false,259266,55165,0.8149741815322724
259266,220134,0.8693076505281055,false,259266,220134,0.8693076505281055
259266,150468,0.7761408729486867,false,259266,150468,0.7761408729486867
259266,3161,0.7259268798955626,false,259266,3161,0.7259268798955626
259266,51203,0.8419472052172382,false,259266,51203,0.8419472052172382
259266,57405,0.8595933174546312,false,259266,57405,0.8595933174546312
259266,995,0.8097874207546558,false,259266,995,0.8097874207546558
259266,29128,0.8405950001679203,false,259266,29128,0.8405950001679203
259266,113130,0.9054984497863714,false,259266,113130,0.9054984497863714
259266,4288,0.9335800326645273,false,259266,4288,0.9335800326645273
259266,9055,0.7459300823208024,false,259266,9055,0.7459300823208024
259266,11065,0.9201395128670709,false,259266,11065,0.9201395128670709
259266,4001,0.7376650546897476,false,259266,4001,0.7376650546897476
259266,57082,0.8609381645024977,false,259266,57082,0.8609381645024977
259266,332,0.8751160550990592,false,259266,332,0.8751160550990592
259266,55872,0.7967158538056923,false,259266,55872,0.7967158538056923
259266,7153,0.7902794614729375,false,259266,7153,0.7902794614729375
259266,891,0.8338810086954391,false,259266,891,0.8338810086954391
259266,6241,0.8697082406217007,false,259266,6241,0.8697082406217007
259266,9156,0.7032978245263105,false,259266,9156,0.7032978245263105
259266,24137,0.8236157206404844,false,259266,24137,0.8236157206404844
259266,55723,0.8292030763360965,false,259266,55723,0.8292030763360965
259266,9787,0.9414752928868303,false,259266,9787,0.9414752928868303
259266,9212,0.9128135420890138,false,259266,9212,0.9128135420890138
259266,1063,0.8840351063516337,false,259266,1063,0.8840351063516337
259266,128239,0.8722176180779857,false,259266,128239,0.8722176180779857
259266,9928,0.7070998985800327,false,259266,9928,0.7070998985800327
259266,3833,0.771845217226694,false,259266,3833,0.771845217226694
259266,64151,0.854496913695575,false,259266,64151,0.854496913695575
259266,221150,0.8131675099087843,false,259266,221150,0.8131675099087843
259266,9232,0.905854202675669,false,259266,9232,0.905854202675669
259266,100507118,0.8265654224586209,false,259266,100507118,0.8265654224586209
259266,991,0.9441495668769632,false,259266,991,0.9441495668769632
105372613,101927354,0.7086297792786334,false,105372613,101927354,0.7086297792786334
105372613,4085,0.756754144598552,false,105372613,4085,0.756754144598552
105372613,171019,0.7647602739744029,false,105372613,171019,0.7647602739744029
105372613,647946,0.817376129158379,false,105372613,647946,0.817376129158379
105372613,105369685,0.7629768509968231,false,105372613,105369685,0.7629768509968231
105372613,477,0.8112127571780664,false,105372613,477,0.8112127571780664
105372613,105377404,0.7565938634302646,false,105372613,105377404,0.7565938634302646
105372613,55635,0.7355489154622883,false,105372613,55635,0.7355489154622883
105372613,23397,0.7015292237746047,false,105372613,23397,0.7015292237746047
105372613,1630,0.7051015872025148,false,105372613,1630,0.7051015872025148
105372613,8424,0.8141652449810088,false,105372613,8424,0.8141652449810088
105372613,100288637,0.7035060327483796,false,105372613,100288637,0.7035060327483796
105372613,6716,0.8413232736542384,false,105372613,6716,0.8413232736542384
729442,5265,0.7614103520154969,false,729442,5265,0.7614103520154969
729442,134285,0.9807343582872086,false,729442,134285,0.9807343582872086
729442,27063,0.7403127184886982,false,729442,27063,0.7403127184886982
729442,5650,0.9875605515409012,false,729442,5650,0.9875605515409012
729442,105371152,0.9347935923531794,false,729442,105371152,0.9347935923531794
729442,58,0.9946566168980138,false,729442,58,0.9946566168980138
729442,285987,1.0,false,729442,285987,1.0
729442,3502,0.9823114323907973,false,729442,3502,0.9823114323907973
729442,4004,0.9960614020166424,false,729442,4004,0.9960614020166424
729442,4973,0.8162099688553326,false,729442,4973,0.8162099688553326
729442,28946,0.9840471087915091,false,729442,28946,0.9840471087915091
729442,3512,0.8348450689819833,false,729442,3512,0.8348450689819833
729442,102724714,0.8163928079573833,false,729442,102724714,0.8163928079573833
729442,28809,0.997550442761483,false,729442,28809,0.997550442761483
729442,5653,0.9855171383996468,false,729442,5653,0.9855171383996468
2305,9156,0.7120881731181327,false,2305,9156,0.7120881731181327
54443,55165,0.926658284442907,false,54443,55165,0.926658284442907
54443,220134,0.7176082841294809,false,54443,220134,0.7176082841294809
54443,4085,0.7780506427743494,false,54443,4085,0.7780506427743494
54443,55143,0.7714651841593251,false,54443,55143,0.7714651841593251
54443,150468,0.8554981474745281,false,54443,150468,0.8554981474745281
54443,105375610,0.7362047284330514,false,54443,105375610,0.7362047284330514
54443,9833,0.8876537977860635,false,54443,9833,0.8876537977860635
54443,3161,0.9440591921705547,false,54443,3161,0.9440591921705547
54443,51203,0.9284383110935931,false,54443,51203,0.9284383110935931
54443,995,0.7443292560299176,false,54443,995,0.7443292560299176
54443,29128,0.8584908889008068,false,54443,29128,0.8584908889008068
54443,3832,0.8638075730606816,false,54443,3832,0.8638075730606816
54443,9055,0.9477806754062885,false,54443,9055,0.9477806754062885
54443,11065,0.757851021807033,false,54443,11065,0.757851021807033
54443,4001,0.8135302829121098,false,54443,4001,0.8135302829121098
54443,57082,0.751194824159933,false,54443,57082,0.751194824159933
54443,332,0.7234377479715566,false,54443,332,0.7234377479715566
54443,157570,0.8466398820016592,false,54443,157570,0.8466398820016592
54443,56992,0.7553403394400144,false,54443,56992,0.7553403394400144
54443,55872,0.942739349840743,false,54443,55872,0.942739349840743
54443,7153,0.9199184923256531,false,54443,7153,0.9199184923256531
54443,891,0.8414920926786155,false,54443,891,0.8414920926786155
54443,4751,0.9436345760842583,false,54443,4751,0.9436345760842583
54443,6241,0.9041985764792363,false,54443,6241,0.9041985764792363
54443,27178,0.7191250888801087,false,54443,27178,0.7191250888801087
54443,285643,0.7191250888801087,false,54443,285643,0.7191250888801087
54443,24137,0.8275056984824143,false,54443,24137,0.8275056984824143
54443,55635,0.8054258808280819,false,54443,55635,0.8054258808280819
54443,55723,0.8242350001619644,false,54443,55723,0.8242350001619644
54443,9787,0.8669165875414416,false,54443,9787,0.8669165875414416
54443,699,0.8045297906152655,false,54443,699,0.8045297906152655
54443,1063,0.853980571039977,false,54443,1063,0.853980571039977
54443,23397,0.8155373892581642,false,54443,23397,0.8155373892581642
54443,9928,0.8355295222698131,false,54443,9928,0.8355295222698131
54443,1058,0.7935279045132227,false,54443,1058,0.7935279045132227
54443,3833,0.7190716934744816,false,54443,3833,0.7190716934744816
54443,64151,0.7731717390167446,false,54443,64151,0.7731717390167446
54443,221150,0.8603175758051942,false,54443,221150,0.8603175758051942
54443,100288637,0.7835481024699389,false,54443,100288637,0.7835481024699389
54443,100507118,0.890877434765062,false,54443,100507118,0.890877434765062
100048912,56300,0.7160750639286141,false,100048912,56300,0.7160750639286141
100048912,27091,0.7479332429295732,false,100048912,27091,0.7479332429295732
100048912,347252,0.8339664413075064,false,100048912,347252,0.8339664413075064
970,105374166,0.8911114788729599,false,970,105374166,0.8911114788729599
970,100289137,0.860199055729415,false,970,100289137,0.860199055729415
970,158228,0.8983673880919224,false,970,158228,0.8983673880919224
970,100506411,0.880632300521956,false,970,100506411,0.880632300521956
970,2277,0.8521667153550132,false,970,2277,0.8521667153550132
970,81849,0.8104382375587333,false,970,81849,0.8104382375587333
970,107985492,0.7685483584083541,false,970,107985492,0.7685483584083541
970,112268037,0.8007292323499641,false,970,112268037,0.8007292323499641
970,6495,0.8987888448174922,false,970,6495,0.8987888448174922
970,3352,0.832050599161755,false,970,3352,0.832050599161755
970,4257,0.7207144625126727,false,970,4257,0.7207144625126727
970,101927686,0.8983673880919223,false,970,101927686,0.8983673880919223
970,54101,0.8932067810430653,false,970,54101,0.8932067810430653
970,143662,0.8969786189635893,false,970,143662,0.8969786189635893
970,23286,0.8790925841862924,false,970,23286,0.8790925841862924
970,245972,0.8519687663773633,false,970,245972,0.8519687663773633
970,340273,0.8971551891117253,false,970,340273,0.8971551891117253
970,101927355,0.8222268546396538,false,970,101927355,0.8222268546396538
970,654499,0.8985838572450233,false,970,654499,0.8985838572450233
970,253650,0.8017887823029657,false,970,253650,0.8017887823029657
970,100996301,0.8042678673127681,false,970,100996301,0.8042678673127681
389903,105372115,0.9642123597109751,false,389903,105372115,0.9642123597109751
389903,7180,0.8333901337415928,false,389903,7180,0.8333901337415928
389903,4001,0.8166741418903497,false,389903,4001,0.8166741418903497
389903,3604,0.9377294756897827,false,389903,3604,0.9377294756897827
389903,56992,0.80488707807027,false,389903,56992,0.80488707807027
389903,387978,0.990039628465638,false,389903,387978,0.990039628465638
389903,3580,0.7495916297187009,false,389903,3580,0.7495916297187009
389903,6664,0.9946938073467895,false,389903,6664,0.9946938073467895
389903,9928,0.7367608741424888,false,389903,9928,0.7367608741424888
389903,4547,0.8834315113183024,false,389903,4547,0.8834315113183024
389903,64151,0.7721962972608827,false,389903,64151,0.7721962972608827
389903,221150,0.7620114502455382,false,389903,221150,0.7620114502455382
105374166,100289137,0.8225934018094507,false,105374166,100289137,0.8225934018094507
105374166,158228,0.8740817435059586,false,105374166,158228,0.8740817435059586
105374166,100506411,0.884218786563072,false,105374166,100506411,0.884218786563072
105374166,2277,0.8062631050885433,false,105374166,2277,0.8062631050885433
105374166,81849,0.8617116813077371,false,105374166,81849,0.8617116813077371
105374166,107985492,0.8006558065283095,false,105374166,107985492,0.8006558065283095
105374166,112268037,0.8857392793266302,false,105374166,112268037,0.8857392793266302
105374166,6495,0.8241911011346982,false,105374166,6495,0.8241911011346982
105374166,3352,0.7975950806058828,false,105374166,3352,0.7975950806058828
105374166,9388,0.774377626994519,false,105374166,9388,0.774377626994519
105374166,101927686,0.8740817435059582,false,105374166,101927686,0.8740817435059582
105374166,54101,0.8656446727445699,false,105374166,54101,0.8656446727445699
105374166,143662,0.8837805613542714,false,105374166,143662,0.8837805613542714
105374166,23286,0.8301392605912967,false,105374166,23286,0.8301392605912967
105374166,245972,0.7543744754244671,false,105374166,245972,0.7543744754244671
105374166,340273,0.8738959001085139,false,105374166,340273,0.8738959001085139
105374166,101927355,0.835727898905594,false,105374166,101927355,0.835727898905594
105374166,152225,0.749376711297397,false,105374166,152225,0.749376711297397
105374166,654499,0.8767555190966423,false,105374166,654499,0.8767555190966423
105374166,253650,0.8748635218706415,false,105374166,253650,0.8748635218706415
105374166,100996301,0.8258999102433061,false,105374166,100996301,0.8258999102433061
101927354,171019,0.7030636363296107,false,101927354,171019,0.7030636363296107
101927354,647946,0.8523995770620598,false,101927354,647946,0.8523995770620598
101927354,105369685,0.7815270643112844,false,101927354,105369685,0.7815270643112844
101927354,477,0.7380328627891707,false,101927354,477,0.7380328627891707
101927354,105377404,0.9042992239557557,false,101927354,105377404,0.9042992239557557
101927354,1630,0.7045236306696178,false,101927354,1630,0.7045236306696178
101927354,8424,0.7340857166279038,false,101927354,8424,0.7340857166279038
55165,220134,0.8324120095586403,false,55165,220134,0.8324120095586403
55165,4085,0.7182274899374875,false,55165,4085,0.7182274899374875
55165,83540,0.8031388398776137,false,55165,83540,0.8031388398776137
55165,150468,0.8132750246553482,false,55165,150468,0.8132750246553482
55165,9833,0.850170445963638,false,55165,9833,0.850170445963638
55165,3161,0.9342015075028441,false,55165,3161,0.9342015075028441
55165,51203,0.9389273661385616,false,55165,51203,0.9389273661385616
55165,57405,0.7028255365579499,false,55165,57405,0.7028255365579499
55165,995,0.7891994034415103,false,55165,995,0.7891994034415103
55165,29128,0.9410724001956655,false,55165,29128,0.9410724001956655
55165,4288,0.7150111217225616,false,55165,4288,0.7150111217225616
55165,3832,0.8623120807852491,false,55165,3832,0.8623120807852491
55165,9055,0.8516929335490889,false,55165,9055,0.8516929335490889
55165,11065,0.8618938968542538,false,55165,11065,0.8618938968542538
55165,4001,0.7925505275848597,false,55165,4001,0.7925505275848597
55165,57082,0.8782718541466593,false,55165,57082,0.8782718541466593
55165,332,0.8437363119603735,false,55165,332,0.8437363119603735
55165,157570,0.8358231722460251,false,55165,157570,0.8358231722460251
55165,56992,0.7608081899018764,false,55165,56992,0.7608081899018764
55165,55872,0.9381450095733378,false,55165,55872,0.9381450095733378
55165,7153,0.9639327201790405,false,55165,7153,0.9639327201790405
55165,891,0.9117174230422956,false,55165,891,0.9117174230422956
55165,4751,0.8868598993491913,false,55165,4751,0.8868598993491913
55165,6241,0.9632360661967384,false,55165,6241,0.9632360661967384
55165,24137,0.9478809574735352,false,55165,24137,0.9478809574735352
55165,55635,0.8386151694375992,false,55165,55635,0.8386151694375992
55165,55723,0.8485804722887615,false,55165,55723,0.8485804722887615
55165,9787,0.9015686872728218,false,55165,9787,0.9015686872728218
55165,9212,0.7987247694608488,false,55165,9212,0.7987247694608488
55165,699,0.8085081658688721,false,55165,699,0.8085081658688721
55165,1063,0.8681335048250016,false,55165,1063,0.8681335048250016
55165,23397,0.8718551892028631,false,55165,23397,0.8718551892028631
55165,128239,0.7861589372835369,false,55165,128239,0.7861589372835369
55165,9928,0.8641652480184269,false,55165,9928,0.8641652480184269
55165,3833,0.7407752476681999,false,55165,3833,0.7407752476681999
55165,64151,0.8776904245483013,false,55165,64151,0.8776904245483013
55165,221150,0.9164934620357227,false,55165,221150,0.9164934620357227
55165,100288637,0.7839898709982431,false,55165,100288637,0.7839898709982431
55165,100507118,0.8821205799676153,false,55165,100507118,0.8821205799676153
55165,991,0.7251598307660289,false,55165,991,0.7251598307660289
1033,105375610,0.7051357568306844,false,1033,105375610,0.7051357568306844
1033,899,0.7150912120863743,false,1033,899,0.7150912120863743
1033,1058,0.7222748571277009,false,1033,1058,0.7222748571277009
220134,83540,0.7634719509439193,false,220134,83540,0.7634719509439193
220134,9833,0.7158987834578834,false,220134,9833,0.7158987834578834
220134,2834,0.7354098989489338,false,220134,2834,0.7354098989489338
220134,3161,0.7506863678953677,false,220134,3161,0.7506863678953677
220134,51203,0.8080142315734035,false,220134,51203,0.8080142315734035
220134,57405,0.7720637676032418,false,220134,57405,0.7720637676032418
220134,995,0.7307144690651103,false,220134,995,0.7307144690651103
220134,29128,0.8909143128865449,false,220134,29128,0.8909143128865449
220134,113130,0.7640512704062714,false,220134,113130,0.7640512704062714
220134,4288,0.8814734538514575,false,220134,4288,0.8814734538514575
220134,9055,0.7592434829167392,false,220134,9055,0.7592434829167392
220134,11065,0.9011116358445276,false,220134,11065,0.9011116358445276
220134,4001,0.8603933452559155,false,220134,4001,0.8603933452559155
220134,57082,0.8961175695603384,false,220134,57082,0.8961175695603384
220134,332,0.7096355881993945,false,220134,332,0.7096355881993945
220134,56992,0.7316838316711752,false,220134,56992,0.7316838316711752
220134,55872,0.8075352089915192,false,220134,55872,0.8075352089915192
220134,7153,0.7898765760627501,false,220134,7153,0.7898765760627501
220134,891,0.772299052684565,false,220134,891,0.772299052684565
220134,6241,0.8166177774347606,false,220134,6241,0.8166177774347606
220134,24137,0.8569582918584497,false,220134,24137,0.8569582918584497
220134,55723,0.7506552129421749,false,220134,55723,0.7506552129421749
220134,9787,0.850381471666875,false,220134,9787,0.850381471666875
220134,9212,0.8525818030668952,false,220134,9212,0.8525818030668952
220134,6664,0.7087365785419544,false,220134,6664,0.7087365785419544
220134,699,0.7106592709388547,false,220134,699,0.7106592709388547
220134,1063,0.7879906566460905,false,220134,1063,0.7879906566460905
220134,128239,0.8881697215785541,false,220134,128239,0.8881697215785541
220134,9928,0.7622147957377972,false,220134,9928,0.7622147957377972
220134,3833,0.7763820865832325,false,220134,3833,0.7763820865832325
220134,64151,0.9135987251968485,false,220134,64151,0.9135987251968485
220134,221150,0.8821249381123126,false,220134,221150,0.8821249381123126
220134,100507118,0.795267774230383,false,220134,100507118,0.795267774230383
220134,991,0.8497756264516404,false,220134,991,0.8497756264516404
53836,10942,0.9105909932160443,false,53836,10942,0.9105909932160443
53836,105371737,0.8729486454251104,false,53836,105371737,0.8729486454251104
53836,10642,0.7795967309564851,false,53836,10642,0.7795967309564851
53836,140628,0.7521517313576821,false,53836,140628,0.7521517313576821
53836,1813,0.8779472947483234,false,53836,1813,0.8779472947483234
53836,151760,0.8951833302055107,false,53836,151760,0.8951833302055107
53836,26150,0.9275798914319249,false,53836,26150,0.9275798914319249
112268460,11075,0.7062578854205539,false,112268460,11075,0.7062578854205539
112268460,57167,0.7098284036073726,false,112268460,57167,0.7098284036073726
4085,3161,0.8741441852994537,false,4085,3161,0.8741441852994537
4085,29128,0.7279942133552338,false,4085,29128,0.7279942133552338
4085,3832,0.7845872138793072,false,4085,3832,0.7845872138793072
4085,9055,0.7766864596377866,false,4085,9055,0.7766864596377866
4085,56992,0.842264808664412,false,4085,56992,0.842264808664412
4085,55872,0.7695394184436393,false,4085,55872,0.7695394184436393
4085,7153,0.8013336438038274,false,4085,7153,0.8013336438038274
4085,4751,0.8472867892752554,false,4085,4751,0.8472867892752554
4085,55635,0.8181629628540512,false,4085,55635,0.8181629628540512
4085,23397,0.8378430684510667,false,4085,23397,0.8378430684510667
4085,9928,0.7960633697526319,false,4085,9928,0.7960633697526319
4085,221150,0.7733018407600538,false,4085,221150,0.7733018407600538
4085,100288637,0.8525529077611766,false,4085,100288637,0.8525529077611766
100289137,158228,0.9602215940449759,false,100289137,158228,0.9602215940449759
100289137,100506411,0.9609146968367326,false,100289137,100506411,0.9609146968367326
100289137,2277,0.889975214359664,false,100289137,2277,0.889975214359664
100289137,81849,0.894038299105261,false,100289137,81849,0.894038299105261
100289137,107985492,0.8567969345207752,false,100289137,107985492,0.8567969345207752
100289137,112268037,0.810135929191016,false,100289137,112268037,0.810135929191016
100289137,6495,0.9185467865592767,false,100289137,6495,0.9185467865592767
100289137,3352,0.8936612376202097,false,100289137,3352,0.8936612376202097
100289137,4257,0.8321145944670731,false,100289137,4257,0.8321145944670731
100289137,101927686,0.9602215940449759,false,100289137,101927686,0.9602215940449759
100289137,54101,0.9586436243823845,false,100289137,54101,0.9586436243823845
100289137,143662,0.9607170507910756,false,100289137,143662,0.9607170507910756
100289137,23286,0.9482052346621315,false,100289137,23286,0.9482052346621315
100289137,245972,0.7961275862800116,false,100289137,245972,0.7961275862800116
100289137,340273,0.9603412762848832,false,100289137,340273,0.9603412762848832
100289137,101927355,0.8856089860874189,false,100289137,101927355,0.8856089860874189
100289137,366,0.7047638491299156,false,100289137,366,0.7047638491299156
100289137,654499,0.9604231134903103,false,100289137,654499,0.9604231134903103
100289137,253650,0.8621089025741769,false,100289137,253650,0.8621089025741769
100289137,100996301,0.8886221110096924,false,100289137,100996301,0.8886221110096924
105372115,7180,0.9110251448082377,false,105372115,7180,0.9110251448082377
105372115,4001,0.769333989722568,false,105372115,4001,0.769333989722568
105372115,3604,0.9187572790463745,false,105372115,3604,0.9187572790463745
105372115,56992,0.8504505805358336,false,105372115,56992,0.8504505805358336
105372115,387978,0.9514978179396181,false,105372115,387978,0.9514978179396181
105372115,3580,0.8733520161110463,false,105372115,3580,0.8733520161110463
105372115,6664,0.9673277114260136,false,105372115,6664,0.9673277114260136
105372115,9928,0.7205433440220299,false,105372115,9928,0.7205433440220299
105372115,4547,0.8991640069333946,false,105372115,4547,0.8991640069333946
105372115,64151,0.7101925239574916,false,105372115,64151,0.7101925239574916
105372115,221150,0.7243451321310643,false,105372115,221150,0.7243451321310643
55143,150468,0.7530842935620805,false,55143,150468,0.7530842935620805
55143,105375610,0.8769001690410946,false,55143,105375610,0.8769001690410946
55143,51203,0.7044852745488098,false,55143,51203,0.7044852745488098
55143,9096,0.8565767972456533,false,55143,9096,0.8565767972456533
55143,3832,0.8249463727472567,false,55143,3832,0.8249463727472567
55143,157570,0.8535369650267397,false,55143,157570,0.8535369650267397
55143,186,0.7085695532789854,false,55143,186,0.7085695532789854
55143,4751,0.7381774708886519,false,55143,4751,0.7381774708886519
55143,27178,0.8657744310727653,false,55143,27178,0.8657744310727653
55143,646951,0.7348456695984005,false,55143,646951,0.7348456695984005
55143,285643,0.8657744310727653,false,55143,285643,0.8657744310727653
55143,1058,0.8363348419116327,false,55143,1058,0.8363348419116327
55143,101929707,0.7532740521874783,false,55143,101929707,0.7532740521874783
55143,100507118,0.7072975837335667,false,55143,100507118,0.7072975837335667
7180,3604,0.7683908055081974,false,7180,3604,0.7683908055081974
7180,56992,0.7175956408601282,false,7180,56992,0.7175956408601282
7180,387978,0.8071764824829079,false,7180,387978,0.8071764824829079
7180,3580,0.8001627449324766,false,7180,3580,0.8001627449324766
7180,6664,0.8433201794282369,false,7180,6664,0.8433201794282369
7180,4547,0.7737769404332518,false,7180,4547,0.7737769404332518
5265,134285,0.7220294353805378,false,5265,134285,0.7220294353805378
5265,27063,0.7609959850110419,false,5265,27063,0.7609959850110419
5265,5650,0.7839085352635747,false,5265,5650,0.7839085352635747
5265,105371152,0.7294769435088598,false,5265,105371152,0.7294769435088598
5265,58,0.7262590843197728,false,5265,58,0.7262590843197728
5265,101929215,0.7066284642047991,false,5265,101929215,0.7066284642047991
5265,285987,0.761410352015497,false,5265,285987,0.761410352015497
5265,3502,0.7475798480756239,false,5265,3502,0.7475798480756239
5265,28755,0.7894428832239506,false,5265,28755,0.7894428832239506
5265,4004,0.7818674962478525,false,5265,4004,0.7818674962478525
5265,4973,0.8306424523755926,false,5265,4973,0.8306424523755926
5265,28946,0.7463063488373464,false,5265,28946,0.7463063488373464
5265,102724714,0.7524621033722803,false,5265,102724714,0.7524621033722803
5265,28809,0.7583417527744941,false,5265,28809,0.7583417527744941
5265,5653,0.810688767031842,false,5265,5653,0.810688767031842
171019,647946,0.759990858742776,false,171019,647946,0.759990858742776
171019,105369685,0.812060791561079,false,171019,105369685,0.812060791561079
171019,477,0.8751467764640699,false,171019,477,0.8751467764640699
171019,105377404,0.8046569583778238,false,171019,105377404,0.8046569583778238
171019,1630,0.8783098042961441,false,171019,1630,0.8783098042961441
171019,8424,0.8225948334050607,false,171019,8424,0.8225948334050607
171019,6716,0.8222745838998113,false,171019,6716,0.8222745838998113
134285,27063,0.7343761553088297,false,134285,27063,0.7343761553088297
134285,101927687,0.7329632897691015,false,134285,101927687,0.7329632897691015
134285,5650,0.9584210530767416,false,134285,5650,0.9584210530767416
134285,105371152,0.9082515755101747,false,134285,105371152,0.9082515755101747
134285,58,0.9767570993464617,false,134285,58,0.9767570993464617
134285,285987,0.9807343582872086,false,134285,285987,0.9807343582872086
134285,3502,0.952458328753415,false,134285,3502,0.952458328753415
134285,4004,0.9755704567063387,false,134285,4004,0.9755704567063387
134285,4973,0.7953845422125015,false,134285,4973,0.7953845422125015
134285,28946,0.9592213074443252,false,134285,28946,0.9592213074443252
134285,3512,0.8007659845060181,false,134285,3512,0.8007659845060181
134285,102724714,0.776337924150798,false,134285,102724714,0.776337924150798
134285,28809,0.9759779160348182,false,134285,28809,0.9759779160348182
134285,5653,0.9530794988833334,false,134285,5653,0.9530794988833334
83540,9833,0.7910630581257947,false,83540,9833,0.7910630581257947
83540,3161,0.7475489694724875,false,83540,3161,0.7475489694724875
83540,51203,0.7839738298094951,false,83540,51203,0.7839738298094951
83540,29128,0.7631524251831312,false,83540,29128,0.7631524251831312
83540,11065,0.7678791351005151,false,83540,11065,0.7678791351005151
83540,57082,0.7942170726099951,false,83540,57082,0.7942170726099951
83540,55872,0.7309301585062424,false,83540,55872,0.7309301585062424
83540,7153,0.7643205274747195,false,83540,7153,0.7643205274747195
83540,6241,0.7571539203543739,false,83540,6241,0.7571539203543739
83540,23397,0.7766209584420948,false,83540,23397,0.7766209584420948
83540,128239,0.7660182637331486,false,83540,128239,0.7660182637331486
83540,3833,0.7456363569220589,false,83540,3833,0.7456363569220589
83540,221150,0.7405498203740072,false,83540,221150,0.7405498203740072
83540,100288637,0.7197694002431824,false,83540,100288637,0.7197694002431824
83540,100507118,0.7026943533397095,false,83540,100507118,0.7026943533397095
27063,101927687,0.7282734547307219,false,27063,101927687,0.7282734547307219
27063,5650,0.7072666255713522,false,27063,5650,0.7072666255713522
27063,105371152,0.7171180176575004,false,27063,105371152,0.7171180176575004
27063,58,0.7108324337926869,false,27063,58,0.7108324337926869
27063,285987,0.7403127184886983,false,27063,285987,0.7403127184886983
27063,3502,0.7522078051918616,false,27063,3502,0.7522078051918616
27063,4004,0.744217334317437,false,27063,4004,0.744217334317437
27063,28946,0.7109965193340277,false,27063,28946,0.7109965193340277
27063,3512,0.7477911127522354,false,27063,3512,0.7477911127522354
27063,102724714,0.8240322797053192,false,27063,102724714,0.8240322797053192
27063,28809,0.7547657655642969,false,27063,28809,0.7547657655642969
27063,5653,0.757699720038616,false,27063,5653,0.757699720038616
150468,105375610,0.8131465734330953,false,150468,105375610,0.8131465734330953
150468,9833,0.7148851447518464,false,150468,9833,0.7148851447518464
150468,3161,0.7230132324764345,false,150468,3161,0.7230132324764345
150468,51203,0.8291177662604375,false,150468,51203,0.8291177662604375
150468,995,0.856734913408983,false,150468,995,0.856734913408983
150468,113130,0.7000095158307504,false,150468,113130,0.7000095158307504
150468,3832,0.7418859029508855,false,150468,3832,0.7418859029508855
150468,9055,0.78803125362673,false,150468,9055,0.78803125362673
150468,332,0.8760200500835712,false,150468,332,0.8760200500835712
150468,157570,0.8704272909927059,false,150468,157570,0.8704272909927059
150468,55872,0.7996304396480111,false,150468,55872,0.7996304396480111
150468,7153,0.7735173957079681,false,150468,7153,0.7735173957079681
150468,891,0.815946468792573,false,150468,891,0.815946468792573
150468,4751,0.7954351662110843,false,150468,4751,0.7954351662110843
150468,6241,0.8876934631135414,false,150468,6241,0.8876934631135414
150468,27178,0.7899560523469529,false,150468,27178,0.7899560523469529
150468,646951,0.7656862233436401,false,150468,646951,0.7656862233436401
150468,285643,0.7899560523469529,false,150468,285643,0.7899560523469529
150468,24137,0.7331919715346025,false,150468,24137,0.7331919715346025
150468,55723,0.8099034054161336,false,150468,55723,0.8099034054161336
150468,9787,0.8831818711504734,false,150468,9787,0.8831818711504734
150468,1063,0.8566709967895144,false,150468,1063,0.8566709967895144
150468,1058,0.8037152001227647,false,150468,1058,0.8037152001227647
150468,9232,0.7294363310633151,false,150468,9232,0.7294363310633151
150468,101929707,0.7008141873855802,false,150468,101929707,0.7008141873855802
150468,100507118,0.77983829553593,false,150468,100507118,0.77983829553593
158228,10309,0.7576705920338765,false,158228,10309,0.7576705920338765
158228,100506411,0.9901170982090849,false,158228,100506411,0.9901170982090849
158228,2277,0.8812871504101706,false,158228,2277,0.8812871504101706
158228,81849,0.9051333879745378,false,158228,81849,0.9051333879745378
158228,107985492,0.9126515600934099,false,158228,107985492,0.9126515600934099
158228,112268037,0.8626111559623179,false,158228,112268037,0.8626111559623179
158228,6495,0.9753879713399538,false,158228,6495,0.9753879713399538
158228,3352,0.9467244858982903,false,158228,3352,0.9467244858982903
158228,9388,0.7407359134003172,false,158228,9388,0.7407359134003172
158228,4257,0.8235051855907682,false,158228,4257,0.8235051855907682
158228,101927686,0.9999999999999992,false,158228,101927686,0.9999999999999992
158228,54101,0.9990503809902374,false,158228,54101,0.9990503809902374
158228,143662,0.9957866466097212,false,158228,143662,0.9957866466097212
158228,23286,0.9812296081039582,false,158228,23286,0.9812296081039582
158228,245972,0.8525449888977239,false,158228,245972,0.8525449888977239
158228,340273,0.9999874155478752,false,158228,340273,0.9999874155478752
158228,101927355,0.9514176734475168,false,158228,101927355,0.9514176734475168
158228,152225,0.7421043910841355,false,158228,152225,0.7421043910841355
158228,366,0.7640966894521367,false,158228,366,0.7640966894521367
158228,654499,0.999827562426185,false,158228,654499,0.999827562426185
158228,253650,0.9056181343503086,false,158228,253650,0.9056181343503086
158228,100996301,0.9421337735582057,false,158228,100996301,0.9421337735582057
10309,100506411,0.7321278213226058,false,10309,100506411,0.7321278213226058
10309,6495,0.7937825020558171,false,10309,6495,0.7937825020558171
10309,101927686,0.7576705920338767,false,10309,101927686,0.7576705920338767
10309,54101,0.7593654367771753,false,10309,54101,0.7593654367771753
10309,143662,0.7499343880007746,false,10309,143662,0.7499343880007746
10309,245972,0.7051809632917139,false,10309,245972,0.7051809632917139
10309,340273,0.7563392650990701,false,10309,340273,0.7563392650990701
10309,161291,0.9507817255153856,false,10309,161291,0.9507817255153856
10309,101927355,0.744232691080794,false,10309,101927355,0.744232691080794
10309,654499,0.754404456304799,false,10309,654499,0.754404456304799
101927687,554279,0.9138465963631908,false,101927687,554279,0.9138465963631908
101927687,4257,0.7094492547432382,false,101927687,4257,0.7094492547432382
101927687,366,0.7669101682787807,false,101927687,366,0.7669101682787807
10942,105371737,0.8742378774361167,false,10942,105371737,0.8742378774361167
10942,140628,0.7423814363742872,false,10942,140628,0.7423814363742872
10942,1813,0.8352642750163723,false,10942,1813,0.8352642750163723
10942,151760,0.8152191970513328,false,10942,151760,0.8152191970513328
10942,26150,0.8382241881558943,false,10942,26150,0.8382241881558943
105375610,9096,0.7657196645807485,false,105375610,9096,0.7657196645807485
105375610,5354,0.7273347163899843,false,105375610,5354,0.7273347163899843
105375610,995,0.7439961569840959,false,105375610,995,0.7439961569840959
105375610,157570,0.8443888524787753,false,105375610,157570,0.8443888524787753
105375610,186,0.7121782172294497,false,105375610,186,0.7121782172294497
105375610,27178,0.8269713563846004,false,105375610,27178,0.8269713563846004
105375610,646951,0.8011054086820258,false,105375610,646951,0.8011054086820258
105375610,285643,0.8269713563846004,false,105375610,285643,0.8269713563846004
105375610,9787,0.7631237475485713,false,105375610,9787,0.7631237475485713
105375610,1058,0.8248587550219112,false,105375610,1058,0.8248587550219112
105375610,3833,0.7562182440605706,false,105375610,3833,0.7562182440605706
105375610,101929707,0.8250930757309451,false,105375610,101929707,0.8250930757309451
105375610,100507118,0.7254508750743591,false,105375610,100507118,0.7254508750743591
9833,3161,0.8556255085209623,false,9833,3161,0.8556255085209623
9833,51203,0.9011848836881097,false,9833,51203,0.9011848836881097
9833,29128,0.8261190172939625,false,9833,29128,0.8261190172939625
9833,3832,0.763600536771844,false,9833,3832,0.763600536771844
9833,9055,0.7941609391733008,false,9833,9055,0.7941609391733008
9833,11065,0.7329088038609983,false,9833,11065,0.7329088038609983
9833,4001,0.7803511748550679,false,9833,4001,0.7803511748550679
9833,157570,0.7813014049537833,false,9833,157570,0.7813014049537833
9833,55872,0.8590894403471614,false,9833,55872,0.8590894403471614
9833,7153,0.8490722397684611,false,9833,7153,0.8490722397684611
9833,891,0.7382398241368631,false,9833,891,0.7382398241368631
9833,4751,0.8007660130305756,false,9833,4751,0.8007660130305756
9833,6241,0.8737862702097733,false,9833,6241,0.8737862702097733
9833,24137,0.7626647288498203,false,9833,24137,0.7626647288498203
9833,55635,0.7204425432469449,false,9833,55635,0.7204425432469449
9833,55723,0.8865116419865525,false,9833,55723,0.8865116419865525
9833,9787,0.8097942103509026,false,9833,9787,0.8097942103509026
9833,9212,0.7433361765981484,false,9833,9212,0.7433361765981484
9833,699,0.9039085540373036,false,9833,699,0.9039085540373036
9833,1063,0.7843536639102091,false,9833,1063,0.7843536639102091
9833,23397,0.8228392436401808,false,9833,23397,0.8228392436401808
9833,9928,0.7388717425778463,false,9833,9928,0.7388717425778463
9833,1058,0.7839210430062249,false,9833,1058,0.7839210430062249
9833,3833,0.7647570392149703,false,9833,3833,0.7647570392149703
9833,221150,0.7825153728419381,false,9833,221150,0.7825153728419381
9833,100288637,0.8217906011429523,false,9833,100288637,0.8217906011429523
9833,100507118,0.8033407945409458,false,9833,100507118,0.8033407945409458
2834,56300,0.7540077351769774,false,2834,56300,0.7540077351769774
2834,4288,0.7465343668684516,false,2834,4288,0.7465343668684516
2834,110806280,0.7781048039146633,false,2834,110806280,0.7781048039146633
2834,574029,0.8892423828540191,false,2834,574029,0.8892423828540191
2834,27091,0.7160264767318535,false,2834,27091,0.7160264767318535
2834,112937,0.8577247244237283,false,2834,112937,0.8577247244237283
2834,128239,0.7913138442825451,false,2834,128239,0.7913138442825451
2834,107986951,0.8568482141540535,false,2834,107986951,0.8568482141540535
2834,991,0.7166996195712233,false,2834,991,0.7166996195712233
3161,51203,0.8943408251962034,false,3161,51203,0.8943408251962034
3161,29128,0.9229363481005999,false,3161,29128,0.9229363481005999
3161,3832,0.8711514941335773,false,3161,3832,0.8711514941335773
3161,9055,0.9156738217869547,false,3161,9055,0.9156738217869547
3161,11065,0.8247532079722096,false,3161,11065,0.8247532079722096
3161,4001,0.8502810144285927,false,3161,4001,0.8502810144285927
3161,57082,0.8412319356422026,false,3161,57082,0.8412319356422026
3161,157570,0.733352596994839,false,3161,157570,0.733352596994839
3161,56992,0.8630756666918398,false,3161,56992,0.8630756666918398
3161,55872,0.9609334627980041,false,3161,55872,0.9609334627980041
3161,7153,0.9515747040553557,false,3161,7153,0.9515747040553557
3161,891,0.8764453491062836,false,3161,891,0.8764453491062836
3161,4751,0.951625981522465,false,3161,4751,0.951625981522465
3161,6241,0.8700715154148172,false,3161,6241,0.8700715154148172
3161,24137,0.8728185389105317,false,3161,24137,0.8728185389105317
3161,55635,0.8168260307023708,false,3161,55635,0.8168260307023708
3161,55723,0.8117043521720169,false,3161,55723,0.8117043521720169
3161,9787,0.8276646327364092,false,3161,9787,0.8276646327364092
3161,699,0.783454833200983,false,3161,699,0.783454833200983
3161,1063,0.8432609435562414,false,3161,1063,0.8432609435562414
3161,23397,0.8935925572572916,false,3161,23397,0.8935925572572916
3161,9928,0.9135260653934822,false,3161,9928,0.9135260653934822
3161,1058,0.7190760466686519,false,3161,1058,0.7190760466686519
3161,64151,0.8502104749469535,false,3161,64151,0.8502104749469535
3161,221150,0.942678387013538,false,3161,221150,0.942678387013538
3161,100288637,0.8879255186652767,false,3161,100288637,0.8879255186652767
3161,100507118,0.8872258188259268,false,3161,100507118,0.8872258188259268
100506411,2277,0.8909574502625622,false,100506411,2277,0.8909574502625622
100506411,81849,0.9292159593301689,false,100506411,81849,0.9292159593301689
100506411,107985492,0.9175220421443675,false,100506411,107985492,0.9175220421443675
100506411,112268037,0.8956926216179264,false,100506411,112268037,0.8956926216179264
100506411,6495,0.9542586380594784,false,100506411,6495,0.9542586380594784
100506411,3352,0.9222985674126585,false,100506411,3352,0.9222985674126585
100506411,9388,0.7808045090281394,false,100506411,9388,0.7808045090281394
100506411,4257,0.8443909780191095,false,100506411,4257,0.8443909780191095
100506411,101927686,0.9901170982090847,false,100506411,101927686,0.9901170982090847
100506411,54101,0.9907312163417775,false,100506411,54101,0.9907312163417775
100506411,143662,0.9918239650220441,false,100506411,143662,0.9918239650220441
100506411,23286,0.9613958020089269,false,100506411,23286,0.9613958020089269
100506411,245972,0.857837790482344,false,100506411,245972,0.857837790482344
100506411,340273,0.9905321748881312,false,100506411,340273,0.9905321748881312
100506411,101927355,0.9450213488803848,false,100506411,101927355,0.9450213488803848
100506411,152225,0.7507889352663959,false,100506411,152225,0.7507889352663959
100506411,366,0.7468231046565966,false,100506411,366,0.7468231046565966
100506411,654499,0.9916638298903226,false,100506411,654499,0.9916638298903226
100506411,253650,0.9405021198194697,false,100506411,253650,0.9405021198194697
100506411,100996301,0.9442150966622941,false,100506411,100996301,0.9442150966622941
51203,995,0.7317623328582714,false,51203,995,0.7317623328582714
51203,29128,0.9057686846308777,false,51203,29128,0.9057686846308777
51203,113130,0.716528851128419,false,51203,113130,0.716528851128419
51203,4288,0.7364508198022301,false,51203,4288,0.7364508198022301
51203,3832,0.8634724016994891,false,51203,3832,0.8634724016994891
51203,9055,0.8671788212840612,false,51203,9055,0.8671788212840612
51203,11065,0.8003014453923262,false,51203,11065,0.8003014453923262
51203,4001,0.8214502566045899,false,51203,4001,0.8214502566045899
51203,57082,0.8250828927886295,false,51203,57082,0.8250828927886295
51203,332,0.8067871145333791,false,51203,332,0.8067871145333791
51203,157570,0.8056193449818851,false,51203,157570,0.8056193449818851
51203,56992,0.7294101189348373,false,51203,56992,0.7294101189348373
51203,55872,0.8876882156796062,false,51203,55872,0.8876882156796062
51203,7153,0.9278438514875582,false,51203,7153,0.9278438514875582
51203,891,0.8625610679694737,false,51203,891,0.8625610679694737
51203,4751,0.8518403069625579,false,51203,4751,0.8518403069625579
51203,6241,0.939438564499472,false,51203,6241,0.939438564499472
51203,24137,0.8638345997045893,false,51203,24137,0.8638345997045893
51203,55635,0.806780132748131,false,51203,55635,0.806780132748131
51203,55723,0.8624029895416179,false,51203,55723,0.8624029895416179
51203,9787,0.92418549317992,false,51203,9787,0.92418549317992
51203,9212,0.8107026432091532,false,51203,9212,0.8107026432091532
51203,699,0.8696030127937163,false,51203,699,0.8696030127937163
51203,1063,0.8421397356503261,false,51203,1063,0.8421397356503261
51203,23397,0.8483989125017364,false,51203,23397,0.8483989125017364
51203,128239,0.778158655632689,false,51203,128239,0.778158655632689
51203,9928,0.7936008083994374,false,51203,9928,0.7936008083994374
51203,1058,0.7690053010426817,false,51203,1058,0.7690053010426817
51203,3833,0.7501012525730641,false,51203,3833,0.7501012525730641
51203,64151,0.8387682292684254,false,51203,64151,0.8387682292684254
51203,221150,0.8522070027419518,false,51203,221150,0.8522070027419518
51203,9232,0.7104839752190804,false,51203,9232,0.7104839752190804
51203,100288637,0.7504721872126678,false,51203,100288637,0.7504721872126678
51203,100507118,0.858213191570389,false,51203,100507118,0.858213191570389
51203,991,0.7401659416813556,false,51203,991,0.7401659416813556
9096,84815,0.7372947444063409,false,9096,84815,0.7372947444063409
9096,157570,0.782825120158303,false,9096,157570,0.782825120158303
9096,27178,0.8328647337927558,false,9096,27178,0.8328647337927558
9096,646951,0.7751416240177318,false,9096,646951,0.7751416240177318
9096,285643,0.8328647337927558,false,9096,285643,0.8328647337927558
9096,1058,0.7362800389858107,false,9096,1058,0.7362800389858107
9096,101929707,0.7621572465845379,false,9096,101929707,0.7621572465845379
2277,81849,0.8807398711939313,false,2277,81849,0.8807398711939313
2277,107985492,0.7786949599086053,false,2277,107985492,0.7786949599086053
2277,112268037,0.9088909422286632,false,2277,112268037,0.9088909422286632
2277,6495,0.8455031429932882,false,2277,6495,0.8455031429932882
2277,3352,0.865896183831829,false,2277,3352,0.865896183831829
2277,9388,0.8601362169239505,false,2277,9388,0.8601362169239505
2277,4257,0.7262766955932564,false,2277,4257,0.7262766955932564
2277,101927686,0.8812871504101706,false,2277,101927686,0.8812871504101706
2277,54101,0.874462640999253,false,2277,54101,0.874462640999253
2277,143662,0.8681085190604667,false,2277,143662,0.8681085190604667
2277,23286,0.867672497091758,false,2277,23286,0.867672497091758
2277,245972,0.8363024086831546,false,2277,245972,0.8363024086831546
2277,340273,0.8816203390551409,false,2277,340273,0.8816203390551409
2277,101927355,0.8873486127636695,false,2277,101927355,0.8873486127636695
2277,152225,0.7783315849796681,false,2277,152225,0.7783315849796681
2277,366,0.7855921984819791,false,2277,366,0.7855921984819791
2277,654499,0.8841173020995943,false,2277,654499,0.8841173020995943
2277,253650,0.8545610714698438,false,2277,253650,0.8545610714698438
2277,100996301,0.8092831316853302,false,2277,100996301,0.8092831316853302
57405,29128,0.806854017681549,false,57405,29128,0.806854017681549
57405,113130,0.9083387505583226,false,57405,113130,0.9083387505583226
57405,4288,0.7920339028503467,false,57405,4288,0.7920339028503467
57405,11065,0.8543295288438829,false,57405,11065,0.8543295288438829
57405,57082,0.8528894045856521,false,57405,57082,0.8528894045856521
57405,332,0.8052138247831481,false,57405,332,0.8052138247831481
57405,7153,0.7717479638438293,false,57405,7153,0.7717479638438293
57405,6241,0.7625575266351255,false,57405,6241,0.7625575266351255
57405,9156,0.7821325851740246,false,57405,9156,0.7821325851740246
57405,24137,0.7841349569476147,false,57405,24137,0.7841349569476147
57405,55723,0.7610333694157794,false,57405,55723,0.7610333694157794
57405,9787,0.7501742766233876,false,57405,9787,0.7501742766233876
57405,9212,0.84026303351316,false,57405,9212,0.84026303351316
57405,1063,0.7534899562914212,false,57405,1063,0.7534899562914212
57405,128239,0.7163558520064491,false,57405,128239,0.7163558520064491
57405,64151,0.8204153642659939,false,57405,64151,0.8204153642659939
57405,221150,0.7475915539267177,false,57405,221150,0.7475915539267177
57405,9232,0.814548454296144,false,57405,9232,0.814548454296144
57405,100507118,0.75734427174649,false,57405,100507118,0.75734427174649
57405,991,0.8220526982979313,false,57405,991,0.8220526982979313
3783,28755,0.7236767479744431,false,3783,28755,0.7236767479744431
5650,105371152,0.9329244040038668,false,5650,105371152,0.9329244040038668
5650,58,0.9788562013749347,false,5650,58,0.9788562013749347
5650,285987,0.987560551540901,false,5650,285987,0.987560551540901
5650,3502,0.9708025063548432,false,5650,3502,0.9708025063548432
5650,4004,0.9880530701788925,false,5650,4004,0.9880530701788925
5650,4973,0.8199424815591216,false,5650,4973,0.8199424815591216
5650,28946,0.96646773929346,false,5650,28946,0.96646773929346
5650,3512,0.799386692959955,false,5650,3512,0.799386692959955
5650,102724714,0.8068828609706213,false,5650,102724714,0.8068828609706213
5650,28809,0.9823342562247378,false,5650,28809,0.9823342562247378
5650,5653,0.9841531447376893,false,5650,5653,0.9841531447376893
105371737,140628,0.7728857183982527,false,105371737,140628,0.7728857183982527
105371737,1813,0.964860310532225,false,105371737,1813,0.964860310532225
105371737,151760,0.7581201039211426,false,105371737,151760,0.7581201039211426
105371737,26150,0.8449347084481859,false,105371737,26150,0.8449347084481859
5354,995,0.7830474405048161,false,5354,995,0.7830474405048161
5354,157570,0.7827133933492108,false,5354,157570,0.7827133933492108
5354,186,0.8533711936433991,false,5354,186,0.8533711936433991
5354,646951,0.7485738151067175,false,5354,646951,0.7485738151067175
5354,112937,0.7514406197976962,false,5354,112937,0.7514406197976962
5354,3833,0.727924857520144,false,5354,3833,0.727924857520144
5354,219527,0.9285658252876947,false,5354,219527,0.9285658252876947
647946,105369685,0.8816817218116213,false,647946,105369685,0.8816817218116213
647946,477,0.878175943570346,false,647946,477,0.878175943570346
647946,105377404,0.7816625169329228,false,647946,105377404,0.7816625169329228
647946,1630,0.8534968780199729,false,647946,1630,0.8534968780199729
647946,8424,0.8075460508215583,false,647946,8424,0.8075460508215583
995,113130,0.7659914354642764,false,995,113130,0.7659914354642764
995,4288,0.8014632390654904,false,995,4288,0.8014632390654904
995,9055,0.7101801089968,false,995,9055,0.7101801089968
995,11065,0.8040291151777497,false,995,11065,0.8040291151777497
995,57082,0.7019810393652223,false,995,57082,0.7019810393652223
995,332,0.8677034065888116,false,995,332,0.8677034065888116
995,157570,0.8261718143074976,false,995,157570,0.8261718143074976
995,55872,0.7722088810347201,false,995,55872,0.7722088810347201
995,7153,0.7309489032037018,false,995,7153,0.7309489032037018
995,186,0.7319696742263557,false,995,186,0.7319696742263557
995,6241,0.864669769931472,false,995,6241,0.864669769931472
995,24137,0.7590232902533616,false,995,24137,0.7590232902533616
995,55723,0.7667909099091743,false,995,55723,0.7667909099091743
995,9787,0.8422596991122295,false,995,9787,0.8422596991122295
995,9212,0.7698910189866559,false,995,9212,0.7698910189866559
995,1063,0.8638039373871007,false,995,1063,0.8638039373871007
995,128239,0.7426463485565822,false,995,128239,0.7426463485565822
995,3833,0.8012889360449744,false,995,3833,0.8012889360449744
995,9232,0.764009248118115,false,995,9232,0.764009248118115
995,100507118,0.8166730539583342,false,995,100507118,0.8166730539583342
995,991,0.8395948987851184,false,995,991,0.8395948987851184
995,219527,0.7549672825177102,false,995,219527,0.7549672825177102
10642,105373557,0.7240336235967408,false,10642,105373557,0.7240336235967408
10642,151760,0.7328666828952295,false,10642,151760,0.7328666828952295
10642,26150,0.7705109262075872,false,10642,26150,0.7705109262075872
107986606,107985492,0.7795496823186896,false,107986606,107985492,0.7795496823186896
107986606,6495,0.7675802525983249,false,107986606,6495,0.7675802525983249
107986606,899,0.7380052580020785,false,107986606,899,0.7380052580020785
107986606,23286,0.7241364906253172,false,107986606,23286,0.7241364906253172
107986606,4547,0.7426003618954077,false,107986606,4547,0.7426003618954077
107986606,100996301,0.7710828751208542,false,107986606,100996301,0.7710828751208542
56300,27091,0.7517694269743826,false,56300,27091,0.7517694269743826
56300,347252,0.7712291905900106,false,56300,347252,0.7712291905900106
56300,112937,0.8303469650736909,false,56300,112937,0.8303469650736909
56300,128239,0.7572955950356094,false,56300,128239,0.7572955950356094
29128,113130,0.8031583831585952,false,29128,113130,0.8031583831585952
29128,4288,0.7691459404977514,false,29128,4288,0.7691459404977514
29128,3832,0.8120371932174885,false,29128,3832,0.8120371932174885
29128,9055,0.8578845555617692,false,29128,9055,0.8578845555617692
29128,11065,0.8752384147399669,false,29128,11065,0.8752384147399669
29128,4001,0.875016310754648,false,29128,4001,0.875016310754648
29128,57082,0.896266224614652,false,29128,57082,0.896266224614652
29128,332,0.7810691180531475,false,29128,332,0.7810691180531475
29128,56992,0.7974667734203105,false,29128,56992,0.7974667734203105
29128,55872,0.9153509766928003,false,29128,55872,0.9153509766928003
29128,7153,0.9554721326488588,false,29128,7153,0.9554721326488588
29128,891,0.8668527629098799,false,29128,891,0.8668527629098799
29128,4751,0.8579555982316216,false,29128,4751,0.8579555982316216
29128,6241,0.9047220464793321,false,29128,6241,0.9047220464793321
29128,24137,0.9601687335240127,false,29128,24137,0.9601687335240127
29128,55635,0.8041167781534156,false,29128,55635,0.8041167781534156
29128,55723,0.8506471171303859,false,29128,55723,0.8506471171303859
29128,9787,0.8995968699023241,false,29128,9787,0.8995968699023241
29128,9212,0.861813536150775,false,29128,9212,0.861813536150775
29128,699,0.7905217642922414,false,29128,699,0.7905217642922414
29128,1063,0.880686003990725,false,29128,1063,0.880686003990725
29128,23397,0.8679520748172296,false,29128,23397,0.8679520748172296
29128,128239,0.7945664692682731,false,29128,128239,0.7945664692682731
29128,9928,0.8709266309631938,false,29128,9928,0.8709266309631938
29128,3833,0.7228290152169132,false,29128,3833,0.7228290152169132
29128,64151,0.9484620379168672,false,29128,64151,0.9484620379168672
29128,221150,0.9630978958581794,false,29128,221150,0.9630978958581794
29128,9232,0.709394107117578,false,29128,9232,0.709394107117578
29128,100288637,0.8582293546559135,false,29128,100288637,0.8582293546559135
29128,100507118,0.8980123778708193,false,29128,100507118,0.8980123778708193
29128,991,0.7685965297396845,false,29128,991,0.7685965297396845
113130,4288,0.8609350429978693,false,113130,4288,0.8609350429978693
113130,11065,0.8312274635017178,false,113130,11065,0.8312274635017178
113130,57082,0.7494414743090391,false,113130,57082,0.7494414743090391
113130,332,0.8493254958502088,false,113130,332,0.8493254958502088
113130,55872,0.716312416402438,false,113130,55872,0.716312416402438
113130,7153,0.7537564162111394,false,113130,7153,0.7537564162111394
113130,891,0.7146589833646789,false,113130,891,0.7146589833646789
113130,6241,0.7991866176137293,false,113130,6241,0.7991866176137293
113130,9156,0.8221703750651231,false,113130,9156,0.8221703750651231
113130,24137,0.7893824130939409,false,113130,24137,0.7893824130939409
113130,55723,0.8195932196035516,false,113130,55723,0.8195932196035516
113130,9787,0.8696175322080223,false,113130,9787,0.8696175322080223
113130,9212,0.8858155447218453,false,113130,9212,0.8858155447218453
113130,1063,0.8773953024479244,false,113130,1063,0.8773953024479244
113130,128239,0.732529431105894,false,113130,128239,0.732529431105894
113130,64151,0.8001968590933581,false,113130,64151,0.8001968590933581
113130,221150,0.7449241089255717,false,113130,221150,0.7449241089255717
113130,9232,0.9252206346608549,false,113130,9232,0.9252206346608549
113130,100507118,0.8284378546530832,false,113130,100507118,0.8284378546530832
113130,991,0.8996124086246626,false,113130,991,0.8996124086246626
4288,11065,0.8493955371830487,false,4288,11065,0.8493955371830487
4288,4001,0.7369745344370392,false,4288,4001,0.7369745344370392
4288,57082,0.7654292012467482,false,4288,57082,0.7654292012467482
4288,332,0.7735365189420362,false,4288,332,0.7735365189420362
4288,6241,0.7866631215895461,false,4288,6241,0.7866631215895461
4288,24137,0.737717136401317,false,4288,24137,0.737717136401317
4288,55723,0.7780016910662527,false,4288,55723,0.7780016910662527
4288,9787,0.8657618184302271,false,4288,9787,0.8657618184302271
4288,9212,0.8978400821784218,false,4288,9212,0.8978400821784218
4288,1063,0.8268617083255904,false,4288,1063,0.8268617083255904
4288,128239,0.9042546248913605,false,4288,128239,0.9042546248913605
4288,3833,0.8059428805117386,false,4288,3833,0.8059428805117386
4288,64151,0.7893745281639056,false,4288,64151,0.7893745281639056
4288,221150,0.7247455299675559,false,4288,221150,0.7247455299675559
4288,9232,0.8825586400619193,false,4288,9232,0.8825586400619193
4288,100507118,0.7195354402824288,false,4288,100507118,0.7195354402824288
4288,991,0.9615648752268361,false,4288,991,0.9615648752268361
3832,9055,0.7926347961604134,false,3832,9055,0.7926347961604134
3832,332,0.742172431757206,false,3832,332,0.742172431757206
3832,157570,0.8057192659684194,false,3832,157570,0.8057192659684194
3832,55872,0.838921307829339,false,3832,55872,0.838921307829339
3832,7153,0.907571018416174,false,3832,7153,0.907571018416174
3832,891,0.7756895530177936,false,3832,891,0.7756895530177936
3832,4751,0.9072401252186263,false,3832,4751,0.9072401252186263
3832,6241,0.8178906749417751,false,3832,6241,0.8178906749417751
3832,24137,0.8456360530229984,false,3832,24137,0.8456360530229984
3832,55635,0.8589242075515855,false,3832,55635,0.8589242075515855
3832,55723,0.7397835344742159,false,3832,55723,0.7397835344742159
3832,9787,0.7750950478030192,false,3832,9787,0.7750950478030192
3832,9212,0.7017875879879583,false,3832,9212,0.7017875879879583
3832,1063,0.7699549143965032,false,3832,1063,0.7699549143965032
3832,23397,0.8099796786467913,false,3832,23397,0.8099796786467913
3832,9928,0.7085267994687223,false,3832,9928,0.7085267994687223
3832,1058,0.8030584296574885,false,3832,1058,0.8030584296574885
3832,221150,0.7573576931751576,false,3832,221150,0.7573576931751576
3832,100288637,0.7027882147169737,false,3832,100288637,0.7027882147169737
3832,100507118,0.8234353701566375,false,3832,100507118,0.8234353701566375
9055,11065,0.7912866379533607,false,9055,11065,0.7912866379533607
9055,4001,0.8553468596935205,false,9055,4001,0.8553468596935205
9055,57082,0.7698868763149731,false,9055,57082,0.7698868763149731
9055,157570,0.720836919844294,false,9055,157570,0.720836919844294
9055,56992,0.8400913178395112,false,9055,56992,0.8400913178395112
9055,55872,0.9285884467302782,false,9055,55872,0.9285884467302782
9055,7153,0.8824921631333916,false,9055,7153,0.8824921631333916
9055,891,0.8045449781977115,false,9055,891,0.8045449781977115
9055,4751,0.9185391092188085,false,9055,4751,0.9185391092188085
9055,6241,0.8324485806113424,false,9055,6241,0.8324485806113424
9055,24137,0.7959905309622061,false,9055,24137,0.7959905309622061
9055,55635,0.7374122337857734,false,9055,55635,0.7374122337857734
9055,55723,0.784565810034904,false,9055,55723,0.784565810034904
9055,9787,0.8639981464109874,false,9055,9787,0.8639981464109874
9055,1063,0.8655710659867435,false,9055,1063,0.8655710659867435
9055,23397,0.7082111530698494,false,9055,23397,0.7082111530698494
9055,9928,0.8362449758200661,false,9055,9928,0.8362449758200661
9055,1058,0.7250599509372265,false,9055,1058,0.7250599509372265
9055,3833,0.722564506207077,false,9055,3833,0.722564506207077
9055,64151,0.8066853288117125,false,9055,64151,0.8066853288117125
9055,221150,0.890562143087336,false,9055,221150,0.890562143087336
9055,100288637,0.7613034643125088,false,9055,100288637,0.7613034643125088
9055,100507118,0.9345434911869233,false,9055,100507118,0.9345434911869233
11065,4001,0.7789116472972316,false,11065,4001,0.7789116472972316
11065,57082,0.9356352834523595,false,11065,57082,0.9356352834523595
11065,332,0.8233013956913988,false,11065,332,0.8233013956913988
11065,56992,0.8029518800646602,false,11065,56992,0.8029518800646602
11065,55872,0.8913643682267365,false,11065,55872,0.8913643682267365
11065,7153,0.8508732261858768,false,11065,7153,0.8508732261858768
11065,891,0.8671572882588265,false,11065,891,0.8671572882588265
11065,4751,0.7353744509072112,false,11065,4751,0.7353744509072112
11065,6241,0.8761325466494475,false,11065,6241,0.8761325466494475
11065,24137,0.8661645126984817,false,11065,24137,0.8661645126984817
11065,55723,0.8456946122732686,false,11065,55723,0.8456946122732686
11065,9787,0.8680934817436018,false,11065,9787,0.8680934817436018
11065,9212,0.8428144745707957,false,11065,9212,0.8428144745707957
11065,1063,0.878263328261378,false,11065,1063,0.878263328261378
11065,128239,0.8016024754459933,false,11065,128239,0.8016024754459933
11065,9928,0.851201079011769,false,11065,9928,0.851201079011769
11065,3833,0.7762965434800281,false,11065,3833,0.7762965434800281
11065,64151,0.881409127782317,false,11065,64151,0.881409127782317
11065,221150,0.9102454826390584,false,11065,221150,0.9102454826390584
11065,9232,0.7855017589850286,false,11065,9232,0.7855017589850286
11065,100507118,0.8765908222835699,false,11065,100507118,0.8765908222835699
11065,991,0.8510291608740823,false,11065,991,0.8510291608740823
4001,57082,0.8254981897522267,false,4001,57082,0.8254981897522267
4001,3604,0.791999824687115,false,4001,3604,0.791999824687115
4001,56992,0.7821677802002596,false,4001,56992,0.7821677802002596
4001,387978,0.8127350185892462,false,4001,387978,0.8127350185892462
4001,55872,0.8507389965152753,false,4001,55872,0.8507389965152753
4001,7153,0.7965770000448279,false,4001,7153,0.7965770000448279
4001,891,0.7218161624132312,false,4001,891,0.7218161624132312
4001,4751,0.7342987321631151,false,4001,4751,0.7342987321631151
4001,6241,0.7483327844016067,false,4001,6241,0.7483327844016067
4001,899,0.7792127057261093,false,4001,899,0.7792127057261093
4001,24137,0.7606796564354513,false,4001,24137,0.7606796564354513
4001,55723,0.7330661803514444,false,4001,55723,0.7330661803514444
4001,9787,0.7850859126412997,false,4001,9787,0.7850859126412997
4001,6664,0.8291688264056405,false,4001,6664,0.8291688264056405
4001,699,0.8019024509753454,false,4001,699,0.8019024509753454
4001,1063,0.7986859415777255,false,4001,1063,0.7986859415777255
4001,23397,0.7749132970015266,false,4001,23397,0.7749132970015266
4001,9928,0.8346013452765004,false,4001,9928,0.8346013452765004
4001,4547,0.7813593103706051,false,4001,4547,0.7813593103706051
4001,64151,0.8919235489643103,false,4001,64151,0.8919235489643103
4001,221150,0.8914292522145502,false,4001,221150,0.8914292522145502
4001,100288637,0.7952438553600353,false,4001,100288637,0.7952438553600353
4001,100507118,0.7647972754473139,false,4001,100507118,0.7647972754473139
57082,332,0.7733353205300699,false,57082,332,0.7733353205300699
57082,56992,0.8762029270001094,false,57082,56992,0.8762029270001094
57082,55872,0.8517950952516411,false,57082,55872,0.8517950952516411
57082,7153,0.8796577675876236,false,57082,7153,0.8796577675876236
57082,891,0.845804535685261,false,57082,891,0.845804535685261
57082,4751,0.7169369518385841,false,57082,4751,0.7169369518385841
57082,6241,0.8438166311255835,false,57082,6241,0.8438166311255835
57082,24137,0.8677136409028635,false,57082,24137,0.8677136409028635
57082,55723,0.7495350316623206,false,57082,55723,0.7495350316623206
57082,9787,0.8051573071923606,false,57082,9787,0.8051573071923606
57082,9212,0.7568934018235619,false,57082,9212,0.7568934018235619
57082,6664,0.7063120859460635,false,57082,6664,0.7063120859460635
57082,1063,0.8009759724435882,false,57082,1063,0.8009759724435882
57082,23397,0.7627391214905499,false,57082,23397,0.7627391214905499
57082,128239,0.7403790197827254,false,57082,128239,0.7403790197827254
57082,9928,0.8882679359375172,false,57082,9928,0.8882679359375172
57082,64151,0.9426139627636705,false,57082,64151,0.9426139627636705
57082,221150,0.909711816521593,false,57082,221150,0.909711816521593
57082,100507118,0.8150080047022993,false,57082,100507118,0.8150080047022993
57082,991,0.738275185738587,false,57082,991,0.738275185738587
81849,107985492,0.9570747471774579,false,81849,107985492,0.9570747471774579
81849,112268037,0.9154891649419707,false,81849,112268037,0.9154891649419707
81849,6495,0.8493291879411172,false,81849,6495,0.8493291879411172
81849,3352,0.8278664353789447,false,81849,3352,0.8278664353789447
81849,9388,0.8879862002445124,false,81849,9388,0.8879862002445124
81849,4257,0.7951105448707063,false,81849,4257,0.7951105448707063
81849,101927686,0.9051333879745378,false,81849,101927686,0.9051333879745378
81849,54101,0.899381642053394,false,81849,54101,0.899381642053394
81849,143662,0.8991552181026233,false,81849,143662,0.8991552181026233
81849,23286,0.9113293201119371,false,81849,23286,0.9113293201119371
81849,245972,0.8017287977296353,false,81849,245972,0.8017287977296353
81849,340273,0.9060512330705124,false,81849,340273,0.9060512330705124
81849,101927355,0.9118503734674844,false,81849,101927355,0.9118503734674844
81849,152225,0.7250758315719442,false,81849,152225,0.7250758315719442
81849,654499,0.9060072118918492,false,81849,654499,0.9060072118918492
81849,253650,0.9300978610872611,false,81849,253650,0.9300978610872611
81849,100996301,0.9602024350483279,false,81849,100996301,0.9602024350483279
332,157570,0.7846623604279965,false,332,157570,0.7846623604279965
332,55872,0.7725658111482603,false,332,55872,0.7725658111482603
332,7153,0.8278939571167946,false,332,7153,0.8278939571167946
332,891,0.8492062882189114,false,332,891,0.8492062882189114
332,4751,0.7122980881183967,false,332,4751,0.7122980881183967
332,6241,0.9256623659191315,false,332,6241,0.9256623659191315
332,9156,0.8790607253537995,false,332,9156,0.8790607253537995
332,24137,0.8608381820392398,false,332,24137,0.8608381820392398
332,55723,0.8580676972213495,false,332,55723,0.8580676972213495
332,9787,0.8822756160351358,false,332,9787,0.8822756160351358
332,9212,0.8350237469251128,false,332,9212,0.8350237469251128
332,1063,0.8613351178131725,false,332,1063,0.8613351178131725
332,128239,0.7409817786057326,false,332,128239,0.7409817786057326
332,9928,0.70501862292246,false,332,9928,0.70501862292246
332,64151,0.7575885717093944,false,332,64151,0.7575885717093944
332,221150,0.7247967541788229,false,332,221150,0.7247967541788229
332,9232,0.8250216355529415,false,332,9232,0.8250216355529415
332,100507118,0.7841913214490938,false,332,100507118,0.7841913214490938
332,991,0.8294145779299936,false,332,991,0.8294145779299936
107985492,112268037,0.840936251553307,false,107985492,112268037,0.840936251553307
107985492,6495,0.878406802231429,false,107985492,6495,0.878406802231429
107985492,3352,0.8530602432690857,false,107985492,3352,0.8530602432690857
107985492,9388,0.7946617909232259,false,107985492,9388,0.7946617909232259
107985492,4257,0.7824534033123963,false,107985492,4257,0.7824534033123963
107985492,101927686,0.9126515600934108,false,107985492,101927686,0.9126515600934108
107985492,54101,0.9089959384865773,false,107985492,54101,0.9089959384865773
107985492,143662,0.9042632869524732,false,107985492,143662,0.9042632869524732
107985492,23286,0.9353841838292122,false,107985492,23286,0.9353841838292122
107985492,245972,0.7521194255673611,false,107985492,245972,0.7521194255673611
107985492,340273,0.9135832746921275,false,107985492,340273,0.9135832746921275
107985492,101927355,0.9274007396636933,false,107985492,101927355,0.9274007396636933
107985492,654499,0.9114489505083917,false,107985492,654499,0.9114489505083917
107985492,253650,0.9128982907305446,false,107985492,253650,0.9128982907305446
107985492,100996301,0.9968641788086786,false,107985492,100996301,0.9968641788086786
105371152,58,0.9258996934184235,false,105371152,58,0.9258996934184235
105371152,101929215,0.725287483135698,false,105371152,101929215,0.725287483135698
105371152,285987,0.9347935923531794,false,105371152,285987,0.9347935923531794
105371152,3502,0.904399625841866,false,105371152,3502,0.904399625841866
105371152,345079,0.7059416398158446,false,105371152,345079,0.7059416398158446
105371152,4004,0.9510171980551679,false,105371152,4004,0.9510171980551679
105371152,4973,0.8380353478282261,false,105371152,4973,0.8380353478282261
105371152,28946,0.912651326118302,false,105371152,28946,0.912651326118302
105371152,3512,0.75249432113539,false,105371152,3512,0.75249432113539
105371152,102724714,0.8178924970062798,false,105371152,102724714,0.8178924970062798
105371152,28809,0.9289173831217787,false,105371152,28809,0.9289173831217787
105371152,5653,0.9153049544504187,false,105371152,5653,0.9153049544504187
107984763,594855,0.8056280954236018,false,107984763,594855,0.8056280954236018
107984763,3856,0.738667296929147,false,107984763,3856,0.738667296929147
107984763,83648,0.7869451256514436,false,107984763,83648,0.7869451256514436
107984763,113218482,0.7202742955834439,false,107984763,113218482,0.7202742955834439
107984763,89858,0.7130327633056801,false,107984763,89858,0.7130327633056801
107984763,364,0.7811978600103279,false,107984763,364,0.7811978600103279
107984763,23566,0.9297926801083265,false,107984763,23566,0.9297926801083265
58,285987,0.9946566168980139,false,58,285987,0.9946566168980139
58,3502,0.9696430981104155,false,58,3502,0.9696430981104155
58,4004,0.9877314016126278,false,58,4004,0.9877314016126278
58,4973,0.8112915309718918,false,58,4973,0.8112915309718918
58,28946,0.9704971177933905,false,58,28946,0.9704971177933905
58,3512,0.8059054915457837,false,58,3512,0.8059054915457837
58,102724714,0.7963624703934129,false,58,102724714,0.7963624703934129
58,28809,0.9890938603181498,false,58,28809,0.9890938603181498
58,5653,0.9700429081841744,false,58,5653,0.9700429081841744
110806280,574029,0.9482345606651723,false,110806280,574029,0.9482345606651723
110806280,112937,0.8254051315818409,false,110806280,112937,0.8254051315818409
110806280,107986951,0.7693683124482202,false,110806280,107986951,0.7693683124482202
105369685,477,0.95257885293505,false,105369685,477,0.95257885293505
105369685,105377404,0.7466983503244051,false,105369685,105377404,0.7466983503244051
105369685,1630,0.8577325428247117,false,105369685,1630,0.8577325428247117
105369685,8424,0.8251107699291377,false,105369685,8424,0.8251107699291377
3604,56992,0.7493372380096098,false,3604,56992,0.7493372380096098
3604,387978,0.9492206584863099,false,3604,387978,0.9492206584863099
3604,3580,0.7106289631459141,false,3604,3580,0.7106289631459141
3604,6664,0.9409870607493196,false,3604,6664,0.9409870607493196
3604,4547,0.8152827733616383,false,3604,4547,0.8152827733616383
3604,64151,0.705909413273018,false,3604,64151,0.705909413273018
3604,221150,0.710331932035906,false,3604,221150,0.710331932035906
157570,55872,0.8162369568022887,false,157570,55872,0.8162369568022887
157570,7153,0.7620122855675758,false,157570,7153,0.7620122855675758
157570,186,0.72565980524549,false,157570,186,0.72565980524549
157570,891,0.7509426317721136,false,157570,891,0.7509426317721136
157570,4751,0.776367855882222,false,157570,4751,0.776367855882222
157570,6241,0.8511711664094119,false,157570,6241,0.8511711664094119
157570,27178,0.8037488660116874,false,157570,27178,0.8037488660116874
157570,646951,0.7574266586713738,false,157570,646951,0.7574266586713738
157570,285643,0.8037488660116874,false,157570,285643,0.8037488660116874
157570,24137,0.7565348236209589,false,157570,24137,0.7565348236209589
157570,55723,0.7718566823939585,false,157570,55723,0.7718566823939585
157570,9787,0.7942082398632809,false,157570,9787,0.7942082398632809
157570,1063,0.7686802595930128,false,157570,1063,0.7686802595930128
157570,1058,0.8059304938110728,false,157570,1058,0.8059304938110728
157570,3833,0.7728852951219112,false,157570,3833,0.7728852951219112
157570,101929707,0.7419076311245651,false,157570,101929707,0.7419076311245651
157570,100507118,0.7526162030425082,false,157570,100507118,0.7526162030425082
157570,219527,0.7739948319215542,false,157570,219527,0.7739948319215542
56992,387978,0.7945607329826838,false,56992,387978,0.7945607329826838
56992,55872,0.8118632104013781,false,56992,55872,0.8118632104013781
56992,3580,0.7427892556583865,false,56992,3580,0.7427892556583865
56992,7153,0.8149669730681082,false,56992,7153,0.8149669730681082
56992,891,0.7978900403792705,false,56992,891,0.7978900403792705
56992,4751,0.7897221639652754,false,56992,4751,0.7897221639652754
56992,24137,0.7215477585420613,false,56992,24137,0.7215477585420613
56992,6664,0.8115846712350804,false,56992,6664,0.8115846712350804
56992,23397,0.7213720096741857,false,56992,23397,0.7213720096741857
56992,9928,0.8923468861568971,false,56992,9928,0.8923468861568971
56992,64151,0.836513326283708,false,56992,64151,0.836513326283708
56992,221150,0.8813694829263635,false,56992,221150,0.8813694829263635
56992,100288637,0.7445329631803614,false,56992,100288637,0.7445329631803614
56992,100507118,0.7847396892356889,false,56992,100507118,0.7847396892356889
594855,3856,0.8811010669379896,false,594855,3856,0.8811010669379896
594855,83648,0.8576062759748662,false,594855,83648,0.8576062759748662
594855,113218482,0.9096352971063796,false,594855,113218482,0.9096352971063796
594855,89858,0.7351543512503685,false,594855,89858,0.7351543512503685
594855,364,0.9693164544400847,false,594855,364,0.9693164544400847
594855,23566,0.8173047773432994,false,594855,23566,0.8173047773432994
140628,1813,0.791277191927936,false,140628,1813,0.791277191927936
554279,4257,0.7738426725746335,false,554279,4257,0.7738426725746335
554279,366,0.8138967979610732,false,554279,366,0.8138967979610732
112268037,6495,0.8231738096546989,false,112268037,6495,0.8231738096546989
112268037,3352,0.7928252346848762,false,112268037,3352,0.7928252346848762
112268037,9388,0.9396902023083399,false,112268037,9388,0.9396902023083399
112268037,101927686,0.8626111559623179,false,112268037,101927686,0.8626111559623179
112268037,54101,0.8560874237699517,false,112268037,54101,0.8560874237699517
112268037,143662,0.860443016931475,false,112268037,143662,0.860443016931475
112268037,23286,0.8329926188650841,false,112268037,23286,0.8329926188650841
112268037,245972,0.777083000587316,false,112268037,245972,0.777083000587316
112268037,340273,0.8636301396078611,false,112268037,340273,0.8636301396078611
112268037,101927355,0.8752378696298462,false,112268037,101927355,0.8752378696298462
112268037,152225,0.8509693303582695,false,112268037,152225,0.8509693303582695
112268037,654499,0.8673805942512173,false,112268037,654499,0.8673805942512173
112268037,253650,0.9242584976294695,false,112268037,253650,0.9242584976294695
112268037,100996301,0.856716232350883,false,112268037,100996301,0.856716232350883
387978,3580,0.7358124056010079,false,387978,3580,0.7358124056010079
387978,899,0.70768660484506,false,387978,899,0.70768660484506
387978,6664,0.9907040567349488,false,387978,6664,0.9907040567349488
387978,9928,0.7035442681405749,false,387978,9928,0.7035442681405749
387978,4547,0.8647697834358526,false,387978,4547,0.8647697834358526
387978,64151,0.7829890527506782,false,387978,64151,0.7829890527506782
387978,221150,0.7575657382476453,false,387978,221150,0.7575657382476453
55872,7153,0.9433352364184489,false,55872,7153,0.9433352364184489
55872,891,0.8797301213651173,false,55872,891,0.8797301213651173
55872,4751,0.9315316261831835,false,55872,4751,0.9315316261831835
55872,6241,0.9114682802145931,false,55872,6241,0.9114682802145931
55872,24137,0.9021742328884701,false,55872,24137,0.9021742328884701
55872,55635,0.786169742721014,false,55872,55635,0.786169742721014
55872,55723,0.8904394025237269,false,55872,55723,0.8904394025237269
55872,9787,0.8772016677930571,false,55872,9787,0.8772016677930571
55872,9212,0.7667874323915751,false,55872,9212,0.7667874323915751
55872,699,0.7430459520533372,false,55872,699,0.7430459520533372
55872,1063,0.9265286537926111,false,55872,1063,0.9265286537926111
55872,23397,0.8037117722502419,false,55872,23397,0.8037117722502419
55872,9928,0.9055267065733505,false,55872,9928,0.9055267065733505
55872,1058,0.7252097068061026,false,55872,1058,0.7252097068061026
55872,3833,0.797628671897632,false,55872,3833,0.797628671897632
55872,64151,0.8419040124876409,false,55872,64151,0.8419040124876409
55872,221150,0.9498476331506491,false,55872,221150,0.9498476331506491
55872,100288637,0.8086415669502487,false,55872,100288637,0.8086415669502487
55872,100507118,0.9293480434086383,false,55872,100507118,0.9293480434086383
55872,991,0.7011716096287359,false,55872,991,0.7011716096287359
3580,6664,0.7536594303417068,false,3580,6664,0.7536594303417068
3580,4547,0.8665839813275483,false,3580,4547,0.8665839813275483
7153,891,0.8840349847892284,false,7153,891,0.8840349847892284
7153,4751,0.9267641276904467,false,7153,4751,0.9267641276904467
7153,6241,0.9400550289059646,false,7153,6241,0.9400550289059646
7153,24137,0.944231380418523,false,7153,24137,0.944231380418523
7153,55635,0.8952776229809943,false,7153,55635,0.8952776229809943
7153,55723,0.8746904911954106,false,7153,55723,0.8746904911954106
7153,9787,0.8725375636605933,false,7153,9787,0.8725375636605933
7153,9212,0.7895303208240404,false,7153,9212,0.7895303208240404
7153,699,0.7760730629393984,false,7153,699,0.7760730629393984
7153,1063,0.8775540081810541,false,7153,1063,0.8775540081810541
7153,23397,0.8838561548992934,false,7153,23397,0.8838561548992934
7153,9928,0.898073329734005,false,7153,9928,0.898073329734005
7153,64151,0.8786772281119183,false,7153,64151,0.8786772281119183
7153,221150,0.9276277675312079,false,7153,221150,0.9276277675312079
7153,100288637,0.8330306778036987,false,7153,100288637,0.8330306778036987
7153,100507118,0.9247255744361236,false,7153,100507118,0.9247255744361236
186,27178,0.7143715415989439,false,186,27178,0.7143715415989439
186,646951,0.730674123087551,false,186,646951,0.730674123087551
186,285643,0.7143715415989439,false,186,285643,0.7143715415989439
186,3833,0.7424256099109211,false,186,3833,0.7424256099109211
186,219527,0.8515375800950837,false,186,219527,0.8515375800950837
891,4751,0.8694918059588664,false,891,4751,0.8694918059588664
891,6241,0.9099228867411477,false,891,6241,0.9099228867411477
891,24137,0.8763000745208548,false,891,24137,0.8763000745208548
891,55635,0.7218561443070869,false,891,55635,0.7218561443070869
891,55723,0.8395587380539234,false,891,55723,0.8395587380539234
891,9787,0.8824178770661059,false,891,9787,0.8824178770661059
891,9212,0.7285576050173201,false,891,9212,0.7285576050173201
891,699,0.7458858205983554,false,891,699,0.7458858205983554
891,1063,0.8166510026910111,false,891,1063,0.8166510026910111
891,23397,0.7606250260769687,false,891,23397,0.7606250260769687
891,128239,0.7152587731665673,false,891,128239,0.7152587731665673
891,9928,0.8958517949688368,false,891,9928,0.8958517949688368
891,64151,0.8675480420283391,false,891,64151,0.8675480420283391
891,221150,0.8981470078764702,false,891,221150,0.8981470078764702
891,100288637,0.709177415156607,false,891,100288637,0.709177415156607
891,100507118,0.8007360921318879,false,891,100507118,0.8007360921318879
4751,6241,0.8502675128946189,false,4751,6241,0.8502675128946189
4751,24137,0.8499478146427583,false,4751,24137,0.8499478146427583
4751,55635,0.8404285784189746,false,4751,55635,0.8404285784189746
4751,55723,0.8124946485678305,false,4751,55723,0.8124946485678305
4751,9787,0.8173045369739023,false,4751,9787,0.8173045369739023
4751,699,0.7019736464088956,false,4751,699,0.7019736464088956
4751,1063,0.8368175269104093,false,4751,1063,0.8368175269104093
4751,23397,0.8085792366961448,false,4751,23397,0.8085792366961448
4751,9928,0.8615045213521662,false,4751,9928,0.8615045213521662
4751,1058,0.8022966411219461,false,4751,1058,0.8022966411219461
4751,64151,0.7568360022181669,false,4751,64151,0.7568360022181669
4751,221150,0.8782862327417077,false,4751,221150,0.8782862327417077
4751,100288637,0.81985549732147,false,4751,100288637,0.81985549732147
4751,100507118,0.8824960849811985,false,4751,100507118,0.8824960849811985
3856,83648,0.7642020875783436,false,3856,83648,0.7642020875783436
3856,113218482,0.989268772446006,false,3856,113218482,0.989268772446006
3856,364,0.8338535904335806,false,3856,364,0.8338535904335806
3856,23566,0.7895926594292019,false,3856,23566,0.7895926594292019
101929215,28755,0.7148287394120448,false,101929215,28755,0.7148287394120448
101929215,345079,0.7640388312386938,false,101929215,345079,0.7640388312386938
101929215,4973,0.8633426437001471,false,101929215,4973,0.8633426437001471
6241,9156,0.7269010116798064,false,6241,9156,0.7269010116798064
6241,24137,0.9160458967092038,false,6241,24137,0.9160458967092038
6241,55635,0.7810311134074263,false,6241,55635,0.7810311134074263
6241,55723,0.925577458234559,false,6241,55723,0.925577458234559
6241,9787,0.9406222815353096,false,6241,9787,0.9406222815353096
6241,9212,0.840618216689943,false,6241,9212,0.840618216689943
6241,699,0.8137595783348538,false,6241,699,0.8137595783348538
6241,1063,0.902523786474072,false,6241,1063,0.902523786474072
6241,23397,0.778663109128767,false,6241,23397,0.778663109128767
6241,128239,0.8040621390975284,false,6241,128239,0.8040621390975284
6241,9928,0.8352919257611199,false,6241,9928,0.8352919257611199
6241,1058,0.7270915527544801,false,6241,1058,0.7270915527544801
6241,3833,0.7608399078003266,false,6241,3833,0.7608399078003266
6241,64151,0.8480006576574969,false,6241,64151,0.8480006576574969
6241,221150,0.8670095844801387,false,6241,221150,0.8670095844801387
6241,9232,0.7876457841966407,false,6241,9232,0.7876457841966407
6241,100288637,0.7036332394100924,false,6241,100288637,0.7036332394100924
6241,100507118,0.8917022929818004,false,6241,100507118,0.8917022929818004
6241,991,0.8022377339509724,false,6241,991,0.8022377339509724
285987,3502,0.9823114323907973,false,285987,3502,0.9823114323907973
285987,4004,0.9960614020166424,false,285987,4004,0.9960614020166424
285987,4973,0.8162099688553326,false,285987,4973,0.8162099688553326
285987,28946,0.9840471087915091,false,285987,28946,0.9840471087915091
285987,3512,0.8348450689819833,false,285987,3512,0.8348450689819833
285987,102724714,0.8163928079573833,false,285987,102724714,0.8163928079573833
285987,28809,0.997550442761483,false,285987,28809,0.997550442761483
285987,5653,0.9855171383996468,false,285987,5653,0.9855171383996468
574029,112937,0.8802610110250145,false,574029,112937,0.8802610110250145
574029,107986951,0.8955607108491839,false,574029,107986951,0.8955607108491839
27091,347252,0.7511801228906742,false,27091,347252,0.7511801228906742
6495,3352,0.9183672113328759,false,6495,3352,0.9183672113328759
6495,4257,0.7540107252275243,false,6495,4257,0.7540107252275243
6495,101927686,0.9753879713399538,false,6495,101927686,0.9753879713399538
6495,54101,0.9720884813611128,false,6495,54101,0.9720884813611128
6495,143662,0.9668756416950004,false,6495,143662,0.9668756416950004
6495,23286,0.9517509549010025,false,6495,23286,0.9517509549010025
6495,245972,0.8122920086931171,false,6495,245972,0.8122920086931171
6495,340273,0.9750446141440203,false,6495,340273,0.9750446141440203
6495,101927355,0.9255909085909522,false,6495,101927355,0.9255909085909522
6495,152225,0.7173715965165854,false,6495,152225,0.7173715965165854
6495,366,0.7322106590880452,false,6495,366,0.7322106590880452
6495,654499,0.9744084174951773,false,6495,654499,0.9744084174951773
6495,253650,0.8500028842933898,false,6495,253650,0.8500028842933898
6495,100996301,0.9092821933062915,false,6495,100996301,0.9092821933062915
83648,113218482,0.7933429738194575,false,83648,113218482,0.7933429738194575
83648,364,0.811342234816007,false,83648,364,0.811342234816007
83648,23566,0.7596739224850826,false,83648,23566,0.7596739224850826
113218482,364,0.8700966985119944,false,113218482,364,0.8700966985119944
113218482,23566,0.7693789175570248,false,113218482,23566,0.7693789175570248
3352,4257,0.7934432124360028,false,3352,4257,0.7934432124360028
3352,101927686,0.9467244858982897,false,3352,101927686,0.9467244858982897
3352,54101,0.9436280470713928,false,3352,54101,0.9436280470713928
3352,143662,0.9391562155063641,false,3352,143662,0.9391562155063641
3352,23286,0.942257292019179,false,3352,23286,0.942257292019179
3352,245972,0.7866736514497021,false,3352,245972,0.7866736514497021
3352,340273,0.9472006057775518,false,3352,340273,0.9472006057775518
3352,101927355,0.9573866291387452,false,3352,101927355,0.9573866291387452
3352,366,0.9032456795044693,false,3352,366,0.9032456795044693
3352,654499,0.9457376960431404,false,3352,654499,0.9457376960431404
3352,253650,0.8633451934212389,false,3352,253650,0.8633451934212389
3352,100996301,0.8829443350080693,false,3352,100996301,0.8829443350080693
27178,646951,0.934314185271976,false,27178,646951,0.934314185271976
27178,285643,1.0,false,27178,285643,1.0
27178,1058,0.8121707467937034,false,27178,1058,0.8121707467937034
27178,101929707,0.9208207642057715,false,27178,101929707,0.9208207642057715
9156,55723,0.7839765828219247,false,9156,55723,0.7839765828219247
9156,1063,0.7119713369902569,false,9156,1063,0.7119713369902569
9156,9232,0.7882545697939007,false,9156,9232,0.7882545697939007
347252,11075,0.7274674459206273,false,347252,11075,0.7274674459206273
646951,285643,0.9343141852719761,false,646951,285643,0.9343141852719761
646951,1058,0.7008344035900705,false,646951,1058,0.7008344035900705
646951,101929707,0.941154872296399,false,646951,101929707,0.941154872296399
477,105377404,0.7931469399477837,false,477,105377404,0.7931469399477837
477,1630,0.885773170174625,false,477,1630,0.885773170174625
477,8424,0.9045140469913792,false,477,8424,0.9045140469913792
477,6716,0.7817467586980557,false,477,6716,0.7817467586980557
9388,101927686,0.740735913400317,false,9388,101927686,0.740735913400317
9388,54101,0.7345373054051009,false,9388,54101,0.7345373054051009
9388,143662,0.7220339303724372,false,9388,143662,0.7220339303724372
9388,23286,0.7399734556916229,false,9388,23286,0.7399734556916229
9388,245972,0.7580465411712136,false,9388,245972,0.7580465411712136
9388,340273,0.7417035631662002,false,9388,340273,0.7417035631662002
9388,101927355,0.8008846410560174,false,9388,101927355,0.8008846410560174
9388,152225,0.7563001300625832,false,9388,152225,0.7563001300625832
9388,654499,0.746120827049809,false,9388,654499,0.746120827049809
9388,253650,0.8523534115832426,false,9388,253650,0.8523534115832426
9388,100996301,0.7951680709352887,false,9388,100996301,0.7951680709352887
1813,105373557,0.7131221485589497,false,1813,105373557,0.7131221485589497
1813,151760,0.7272230215680446,false,1813,151760,0.7272230215680446
1813,26150,0.871854174164018,false,1813,26150,0.871854174164018
105373557,26150,0.7037759233560801,false,105373557,26150,0.7037759233560801
105373557,219527,0.7130505803163405,false,105373557,219527,0.7130505803163405
285643,1058,0.8121707467937034,false,285643,1058,0.8121707467937034
285643,101929707,0.9208207642057715,false,285643,101929707,0.9208207642057715
105377404,1630,0.7110535434444787,false,105377404,1630,0.7110535434444787
105377404,8424,0.8610881072879497,false,105377404,8424,0.8610881072879497
105377404,6716,0.8393318948198643,false,105377404,6716,0.8393318948198643
899,6664,0.7118093142888156,false,899,6664,0.7118093142888156
899,4547,0.7669298784977416,false,899,4547,0.7669298784977416
24137,55635,0.8133269777780884,false,24137,55635,0.8133269777780884
24137,55723,0.8420205795496151,false,24137,55723,0.8420205795496151
24137,9787,0.8868861135570434,false,24137,9787,0.8868861135570434
24137,9212,0.8747784026865766,false,24137,9212,0.8747784026865766
24137,699,0.7205857340769207,false,24137,699,0.7205857340769207
24137,1063,0.8841356273856668,false,24137,1063,0.8841356273856668
24137,23397,0.8168163047914162,false,24137,23397,0.8168163047914162
24137,128239,0.7803101066438475,false,24137,128239,0.7803101066438475
24137,9928,0.8304770460693762,false,24137,9928,0.8304770460693762
24137,3833,0.7170286874131566,false,24137,3833,0.7170286874131566
24137,64151,0.8966435127231467,false,24137,64151,0.8966435127231467
24137,221150,0.9191627009708988,false,24137,221150,0.9191627009708988
24137,100288637,0.7597416203568821,false,24137,100288637,0.7597416203568821
24137,100507118,0.874331228454057,false,24137,100507118,0.874331228454057
24137,991,0.7794178281603403,false,24137,991,0.7794178281603403
112937,128239,0.7603572980134969,false,112937,128239,0.7603572980134969
112937,107986951,0.7850945743516207,false,112937,107986951,0.7850945743516207
55635,55723,0.7268563797306029,false,55635,55723,0.7268563797306029
55635,23397,0.8609233749542633,false,55635,23397,0.8609233749542633
55635,9928,0.7547709958186082,false,55635,9928,0.7547709958186082
55635,221150,0.7700971288865976,false,55635,221150,0.7700971288865976
55635,100288637,0.7931875873316657,false,55635,100288637,0.7931875873316657
55635,100507118,0.7673350498281142,false,55635,100507118,0.7673350498281142
11075,57167,0.7542875398318745,false,11075,57167,0.7542875398318745
4257,101927686,0.823505185590768,false,4257,101927686,0.823505185590768
4257,54101,0.8381030875421284,false,4257,54101,0.8381030875421284
4257,143662,0.8295623517313861,false,4257,143662,0.8295623517313861
4257,23286,0.7988402025937043,false,4257,23286,0.7988402025937043
4257,245972,0.8629564153676347,false,4257,245972,0.8629564153676347
4257,340273,0.8242248751628811,false,4257,340273,0.8242248751628811
4257,101927355,0.7590968296463969,false,4257,101927355,0.7590968296463969
4257,366,0.7436531137084211,false,4257,366,0.7436531137084211
4257,654499,0.8221652931349147,false,4257,654499,0.8221652931349147
4257,253650,0.7568062572225258,false,4257,253650,0.7568062572225258
4257,100996301,0.8011791499323864,false,4257,100996301,0.8011791499323864
101927686,54101,0.9990503809902381,false,101927686,54101,0.9990503809902381
101927686,143662,0.9957866466097207,false,101927686,143662,0.9957866466097207
101927686,23286,0.9812296081039581,false,101927686,23286,0.9812296081039581
101927686,245972,0.8525449888977232,false,101927686,245972,0.8525449888977232
101927686,340273,0.9999874155478748,false,101927686,340273,0.9999874155478748
101927686,101927355,0.9514176734475159,false,101927686,101927355,0.9514176734475159
101927686,152225,0.7421043910841347,false,101927686,152225,0.7421043910841347
101927686,366,0.764096689452137,false,101927686,366,0.764096689452137
101927686,654499,0.999827562426185,false,101927686,654499,0.999827562426185
101927686,253650,0.9056181343503084,false,101927686,253650,0.9056181343503084
101927686,100996301,0.9421337735582063,false,101927686,100996301,0.9421337735582063
55723,9787,0.8771123088158581,false,55723,9787,0.8771123088158581
55723,9212,0.8409908392799469,false,55723,9212,0.8409908392799469
55723,699,0.7728934232246382,false,55723,699,0.7728934232246382
55723,1063,0.8969816993467326,false,55723,1063,0.8969816993467326
55723,23397,0.7080367424145465,false,55723,23397,0.7080367424145465
55723,128239,0.7084477965573476,false,55723,128239,0.7084477965573476
55723,9928,0.8101366101070915,false,55723,9928,0.8101366101070915
55723,1058,0.7469618689562357,false,55723,1058,0.7469618689562357
55723,3833,0.7903988214965012,false,55723,3833,0.7903988214965012
55723,64151,0.761915366441595,false,55723,64151,0.761915366441595
55723,221150,0.838477324986663,false,55723,221150,0.838477324986663
55723,9232,0.8245610464014179,false,55723,9232,0.8245610464014179
55723,100288637,0.7202859620723796,false,55723,100288637,0.7202859620723796
55723,100507118,0.854065213137767,false,55723,100507118,0.854065213137767
55723,991,0.7858630595311085,false,55723,991,0.7858630595311085
54101,143662,0.996372548141175,false,54101,143662,0.996372548141175
54101,23286,0.977468324782615,false,54101,23286,0.977468324782615
54101,245972,0.8608551279332385,false,54101,245972,0.8608551279332385
54101,340273,0.9990563172142176,false,54101,340273,0.9990563172142176
54101,101927355,0.9450612525273254,false,54101,101927355,0.9450612525273254
54101,152225,0.7346934269369872,false,54101,152225,0.7346934269369872
54101,366,0.7642261662429957,false,54101,366,0.7642261662429957
54101,654499,0.9989066510366071,false,54101,654499,0.9989066510366071
54101,253650,0.9037589562706585,false,54101,253650,0.9037589562706585
54101,100996301,0.9389516774521656,false,54101,100996301,0.9389516774521656
9787,9212,0.9001115870515232,false,9787,9212,0.9001115870515232
9787,699,0.7443949378406554,false,9787,699,0.7443949378406554
9787,1063,0.9318033651645695,false,9787,1063,0.9318033651645695
9787,128239,0.8567406536048222,false,9787,128239,0.8567406536048222
9787,9928,0.7490906117890429,false,9787,9928,0.7490906117890429
9787,1058,0.7737582309013362,false,9787,1058,0.7737582309013362
9787,3833,0.7880865645339737,false,9787,3833,0.7880865645339737
9787,64151,0.8599124969248566,false,9787,64151,0.8599124969248566
9787,221150,0.8576522856424892,false,9787,221150,0.8576522856424892
9787,9232,0.8661732431768482,false,9787,9232,0.8661732431768482
9787,100507118,0.8963273936511492,false,9787,100507118,0.8963273936511492
9787,991,0.886957607160103,false,9787,991,0.886957607160103
89858,364,0.8192790530893981,false,89858,364,0.8192790530893981
3502,4004,0.9796022160274759,false,3502,4004,0.9796022160274759
3502,4973,0.8000651958709037,false,3502,4973,0.8000651958709037
3502,28946,0.9884208209686084,false,3502,28946,0.9884208209686084
3502,3512,0.9115937807751425,false,3502,3512,0.9115937807751425
3502,102724714,0.8525459438714063,false,3502,102724714,0.8525459438714063
3502,28809,0.9920408657085287,false,3502,28809,0.9920408657085287
3502,5653,0.9786190708907901,false,3502,5653,0.9786190708907901
143662,23286,0.9698318710466063,false,143662,23286,0.9698318710466063
143662,245972,0.8404829014993772,false,143662,245972,0.8404829014993772
143662,340273,0.9959398134225015,false,143662,340273,0.9959398134225015
143662,101927355,0.938526670606401,false,143662,101927355,0.938526670606401
143662,152225,0.7280537678622623,false,143662,152225,0.7280537678622623
143662,366,0.7494272187702173,false,143662,366,0.7494272187702173
143662,654499,0.9959087902903762,false,143662,654499,0.9959087902903762
143662,253650,0.9144430608406721,false,143662,253650,0.9144430608406721
143662,100996301,0.9344382163294569,false,143662,100996301,0.9344382163294569
9212,1063,0.857595749796302,false,9212,1063,0.857595749796302
9212,128239,0.8956832506178257,false,9212,128239,0.8956832506178257
9212,3833,0.8337414386497789,false,9212,3833,0.8337414386497789
9212,64151,0.7782670978059147,false,9212,64151,0.7782670978059147
9212,221150,0.7761000508048231,false,9212,221150,0.7761000508048231
9212,9232,0.8787800890555452,false,9212,9232,0.8787800890555452
9212,100507118,0.819583376847363,false,9212,100507118,0.819583376847363
9212,991,0.9576833757445158,false,9212,991,0.9576833757445158
6664,9928,0.7289653971239611,false,6664,9928,0.7289653971239611
6664,4547,0.8786068757952812,false,6664,4547,0.8786068757952812
6664,64151,0.7907104414307576,false,6664,64151,0.7907104414307576
6664,221150,0.7766789721366008,false,6664,221150,0.7766789721366008
28755,4973,0.8388750751801313,false,28755,4973,0.8388750751801313
23286,245972,0.816120401873816,false,23286,245972,0.816120401873816
23286,340273,0.9812571752191074,false,23286,340273,0.9812571752191074
23286,101927355,0.9465411626204858,false,23286,101927355,0.9465411626204858
23286,366,0.7497602859677318,false,23286,366,0.7497602859677318
23286,654499,0.9798318710140038,false,23286,654499,0.9798318710140038
23286,253650,0.8884223643045828,false,23286,253650,0.8884223643045828
23286,100996301,0.9571445683895647,false,23286,100996301,0.9571445683895647
245972,340273,0.8518629850443187,false,245972,340273,0.8518629850443187
245972,101927355,0.8025719308407386,false,245972,101927355,0.8025719308407386
245972,152225,0.7235702775379568,false,245972,152225,0.7235702775379568
245972,366,0.7427007122874477,false,245972,366,0.7427007122874477
245972,654499,0.8524910149926379,false,245972,654499,0.8524910149926379
245972,253650,0.7575028376156071,false,245972,253650,0.7575028376156071
245972,100996301,0.7819220665771957,false,245972,100996301,0.7819220665771957
699,23397,0.8661109955944694,false,699,23397,0.8661109955944694
699,9928,0.7425766269961439,false,699,9928,0.7425766269961439
699,64151,0.7520282698113031,false,699,64151,0.7520282698113031
699,221150,0.7313916840107739,false,699,221150,0.7313916840107739
699,100288637,0.7780241401564635,false,699,100288637,0.7780241401564635
340273,101927355,0.9520198850166338,false,340273,101927355,0.9520198850166338
340273,152225,0.7425643175513976,false,340273,152225,0.7425643175513976
340273,366,0.7646790255974404,false,340273,366,0.7646790255974404
340273,654499,0.9998370258354894,false,340273,654499,0.9998370258354894
340273,253650,0.9069750790712767,false,340273,253650,0.9069750790712767
340273,100996301,0.9428955064427489,false,340273,100996301,0.9428955064427489
1063,128239,0.7119964833649771,false,1063,128239,0.7119964833649771
1063,9928,0.789234345659627,false,1063,9928,0.789234345659627
1063,1058,0.7319842068527777,false,1063,1058,0.7319842068527777
1063,3833,0.8042021293449494,false,1063,3833,0.8042021293449494
1063,64151,0.8273873929213239,false,1063,64151,0.8273873929213239
1063,221150,0.8673431072054565,false,1063,221150,0.8673431072054565
1063,9232,0.8281224268263108,false,1063,9232,0.8281224268263108
1063,100507118,0.9166309012322291,false,1063,100507118,0.9166309012322291
1063,991,0.8395905930316457,false,1063,991,0.8395905930316457
151760,26150,0.7985785887837998,false,151760,26150,0.7985785887837998
101927355,366,0.8346523614176291,false,101927355,366,0.8346523614176291
101927355,654499,0.9522042871263261,false,101927355,654499,0.9522042871263261
101927355,253650,0.9296734245757917,false,101927355,253650,0.9296734245757917
101927355,100996301,0.9448251673671858,false,101927355,100996301,0.9448251673671858
23397,9928,0.8203463476697325,false,23397,9928,0.8203463476697325
23397,64151,0.7856806181617009,false,23397,64151,0.7856806181617009
23397,221150,0.8271329740578965,false,23397,221150,0.8271329740578965
23397,100288637,0.9082289895640233,false,23397,100288637,0.9082289895640233
4004,4973,0.8365151224735663,false,4004,4973,0.8365151224735663
4004,28946,0.9806197882335942,false,4004,28946,0.9806197882335942
4004,3512,0.8385062879169403,false,4004,3512,0.8385062879169403
4004,102724714,0.8417772028986431,false,4004,102724714,0.8417772028986431
4004,28809,0.9944945392116273,false,4004,28809,0.9944945392116273
4004,5653,0.9811708816578396,false,4004,5653,0.9811708816578396
128239,3833,0.7821140271132873,false,128239,3833,0.7821140271132873
128239,64151,0.7665415143529005,false,128239,64151,0.7665415143529005
128239,221150,0.7231451793865656,false,128239,221150,0.7231451793865656
128239,9232,0.7908118438677401,false,128239,9232,0.7908118438677401
128239,100507118,0.7048984075966338,false,128239,100507118,0.7048984075966338
128239,991,0.9095475410527142,false,128239,991,0.9095475410527142
4973,28946,0.8163307857697987,false,4973,28946,0.8163307857697987
4973,102724714,0.7100481513348321,false,4973,102724714,0.7100481513348321
4973,28809,0.8103959296432076,false,4973,28809,0.8103959296432076
4973,5653,0.8145137573030703,false,4973,5653,0.8145137573030703
28946,3512,0.8900751671873605,false,28946,3512,0.8900751671873605
28946,102724714,0.8024694184313398,false,28946,102724714,0.8024694184313398
28946,28809,0.9901808495915209,false,28946,28809,0.9901808495915209
28946,5653,0.9824100928986015,false,28946,5653,0.9824100928986015
364,23566,0.7265298831520799,false,364,23566,0.7265298831520799
1630,8424,0.7101290254729823,false,1630,8424,0.7101290254729823
9928,64151,0.8911315474491285,false,9928,64151,0.8911315474491285
9928,221150,0.9385441675316795,false,9928,221150,0.9385441675316795
9928,100288637,0.8230454767152711,false,9928,100288637,0.8230454767152711
9928,100507118,0.80257845534863,false,9928,100507118,0.80257845534863
1058,101929707,0.7792671815750981,false,1058,101929707,0.7792671815750981
1058,100507118,0.70770942721318,false,1058,100507118,0.70770942721318
152225,654499,0.7422118728694173,false,152225,654499,0.7422118728694173
366,654499,0.7654634054980822,false,366,654499,0.7654634054980822
366,253650,0.7253209203163182,false,366,253650,0.7253209203163182
8424,6716,0.8035635225173281,false,8424,6716,0.8035635225173281
3833,221150,0.7138956016184833,false,3833,221150,0.7138956016184833
3833,9232,0.7154594507529115,false,3833,9232,0.7154594507529115
3833,100507118,0.8109644410683007,false,3833,100507118,0.8109644410683007
3833,991,0.8382139544778338,false,3833,991,0.8382139544778338
3833,219527,0.77454821287864,false,3833,219527,0.77454821287864
64151,221150,0.9381535171723574,false,64151,221150,0.9381535171723574
64151,100288637,0.7526280961563973,false,64151,100288637,0.7526280961563973
64151,100507118,0.8097274261717261,false,64151,100507118,0.8097274261717261
64151,991,0.7401215840234061,false,64151,991,0.7401215840234061
3512,102724714,0.8539878075531696,false,3512,102724714,0.8539878075531696
3512,28809,0.8708779833899087,false,3512,28809,0.8708779833899087
3512,5653,0.8378268082882501,false,3512,5653,0.8378268082882501
221150,100288637,0.863618293103425,false,221150,100288637,0.863618293103425
221150,100507118,0.8921518199182532,false,221150,100507118,0.8921518199182532
221150,991,0.7041640079414903,false,221150,991,0.7041640079414903
9232,100507118,0.7597636319622535,false,9232,100507118,0.7597636319622535
9232,991,0.917251747063905,false,9232,991,0.917251747063905
654499,253650,0.910889725777025,false,654499,253650,0.910889725777025
654499,100996301,0.9411140391319148,false,654499,100996301,0.9411140391319148
253650,100996301,0.9240638467061889,false,253650,100996301,0.9240638467061889
102724714,28809,0.8367676970171559,false,102724714,28809,0.8367676970171559
102724714,5653,0.8002178960163168,false,102724714,5653,0.8002178960163168
100288637,100507118,0.735107039043298,false,100288637,100507118,0.735107039043298
100507118,991,0.779507133995581,false,100507118,991,0.779507133995581
28809,5653,0.9853506362603108,false,28809,5653,0.9853506362603108
