Interaction,name,Pearson,selected,shared interaction,shared name,Weight
100126311,3227,0.7358902693564676,false,100126311,3227,0.7358902693564676
100126311,115701,0.7159665511040096,false,100126311,115701,0.7159665511040096
100126311,1749,0.7575333881480589,false,100126311,1749,0.7575333881480589
100126311,5354,0.7595816339331116,false,100126311,5354,0.7595816339331116
100126311,84419,0.810228634594768,false,100126311,84419,0.810228634594768
105371927,729442,0.8092843030574418,false,105371927,729442,0.8092843030574418
105371927,1295,0.819936433701669,false,105371927,1295,0.819936433701669
105371927,101927687,0.8492081867745574,false,105371927,101927687,0.8492081867745574
105371927,145873,0.7679642774873229,false,105371927,145873,0.7679642774873229
105371927,285987,0.8092843030574418,false,105371927,285987,0.8092843030574418
105371927,3502,0.7082547103079495,false,105371927,3502,0.7082547103079495
105371927,4004,0.8165132671083718,false,105371927,4004,0.8165132671083718
105371927,5650,0.7777181967841207,false,105371927,5650,0.7777181967841207
105371927,58,0.7400757002784621,false,105371927,58,0.7400757002784621
105371927,27237,0.7160897328590967,false,105371927,27237,0.7160897328590967
105371927,101929707,0.7122785468352029,false,105371927,101929707,0.7122785468352029
105371927,5653,0.7643805528608774,false,105371927,5653,0.7643805528608774
105371927,2328,0.914342448067,false,105371927,2328,0.914342448067
105371927,2019,0.944489470482468,false,105371927,2019,0.944489470482468
105371927,554279,0.7138149964595623,false,105371927,554279,0.7138149964595623
105371927,245972,0.759987343025934,false,105371927,245972,0.759987343025934
105371927,28809,0.7940096572409029,false,105371927,28809,0.7940096572409029
105371927,134285,0.8826236462552041,false,105371927,134285,0.8826236462552041
105371927,284293,0.7048672213066075,false,105371927,284293,0.7048672213066075
105371927,389336,0.7080545578920586,false,105371927,389336,0.7080545578920586
105371927,25818,0.7200801892739226,false,105371927,25818,0.7200801892739226
3227,729442,0.7500057832593854,false,3227,729442,0.7500057832593854
3227,354,0.7673870145039581,false,3227,354,0.7673870145039581
3227,285987,0.7500057832593854,false,3227,285987,0.7500057832593854
3227,4004,0.7404019289531397,false,3227,4004,0.7404019289531397
3227,5650,0.8188175664759303,false,3227,5650,0.8188175664759303
3227,55765,0.7010121430861199,false,3227,55765,0.7010121430861199
3227,27237,0.8507989964320954,false,3227,27237,0.8507989964320954
3227,101929707,0.7536085717447036,false,3227,101929707,0.7536085717447036
3227,5653,0.8134510901823502,false,3227,5653,0.8134510901823502
3227,2328,0.762753644968313,false,3227,2328,0.762753644968313
3227,1749,0.8881180567651745,false,3227,1749,0.8881180567651745
3227,10437,0.7279343849620004,false,3227,10437,0.7279343849620004
3227,2019,0.7690827782391635,false,3227,2019,0.7690827782391635
3227,28809,0.7248628907062712,false,3227,28809,0.7248628907062712
3227,134285,0.7347936920113595,false,3227,134285,0.7347936920113595
3227,389336,0.9113924523858542,false,3227,389336,0.9113924523858542
3227,25818,0.7651432116651149,false,3227,25818,0.7651432116651149
105370960,166979,0.7380859476872498,false,105370960,166979,0.7380859476872498
105370960,105371152,0.7648774275358963,false,105370960,105371152,0.7648774275358963
105370960,5865,0.732318010032677,false,105370960,5865,0.732318010032677
105370960,6716,0.7316433486098087,false,105370960,6716,0.7316433486098087
105370960,219527,0.7530542727208015,false,105370960,219527,0.7530542727208015
105370960,4544,0.7380859476872498,false,105370960,4544,0.7380859476872498
105370960,116173,0.7066069880364446,false,105370960,116173,0.7066069880364446
105370960,9378,0.710779614779951,false,105370960,9378,0.710779614779951
105370960,646951,0.7215098822946888,false,105370960,646951,0.7215098822946888
100874530,83540,0.7723418424472358,false,100874530,83540,0.7723418424472358
100874530,105375610,0.7786467760882092,false,100874530,105375610,0.7786467760882092
100874530,4288,0.7263879996723475,false,100874530,4288,0.7263879996723475
100874530,6241,0.7572902772403579,false,100874530,6241,0.7572902772403579
100874530,112937,0.7009908913995456,false,100874530,112937,0.7009908913995456
100874530,9787,0.7459865645236414,false,100874530,9787,0.7459865645236414
100874530,991,0.7426346967028989,false,100874530,991,0.7426346967028989
100874530,10024,0.7405503251864035,false,100874530,10024,0.7405503251864035
100874530,91828,0.7640147663073634,false,100874530,91828,0.7640147663073634
100874530,9700,0.734200757898874,false,100874530,9700,0.734200757898874
100874530,9212,0.8072508512014522,false,100874530,9212,0.8072508512014522
100874530,259266,0.7060772229989737,false,100874530,259266,0.7060772229989737
100874530,55143,0.7274391850918478,false,100874530,55143,0.7274391850918478
100874530,128239,0.8448507909800397,false,100874530,128239,0.8448507909800397
100874530,1058,0.7792586351971847,false,100874530,1058,0.7792586351971847
100874530,9232,0.7864420227650196,false,100874530,9232,0.7864420227650196
100874530,79801,0.7426616582610522,false,100874530,79801,0.7426616582610522
100874530,9133,0.7941494102296337,false,100874530,9133,0.7941494102296337
100874530,9833,0.7099697958843597,false,100874530,9833,0.7099697958843597
100874530,9582,0.8212379236807935,false,100874530,9582,0.8212379236807935
100874530,3833,0.7531730976796398,false,100874530,3833,0.7531730976796398
79733,345079,0.7678359305897104,false,79733,345079,0.7678359305897104
79733,11004,0.7005796983957351,false,79733,11004,0.7005796983957351
79733,4166,0.7828231760660048,false,79733,4166,0.7828231760660048
79733,101929215,0.7941739089379048,false,79733,101929215,0.7941739089379048
2625,54443,0.7379510351672434,false,2625,54443,0.7379510351672434
2625,4001,0.8025637238620875,false,2625,4001,0.8025637238620875
2625,387978,0.9675547619628572,false,2625,387978,0.9675547619628572
2625,4547,0.8806997242923014,false,2625,4547,0.8806997242923014
2625,3627,0.7922638615656101,false,2625,3627,0.7922638615656101
2625,389903,0.8854396928296027,false,2625,389903,0.8854396928296027
2625,105372115,0.9429417770663375,false,2625,105372115,0.9429417770663375
2625,9928,0.8157099833736151,false,2625,9928,0.8157099833736151
2625,3604,0.8795269196957954,false,2625,3604,0.8795269196957954
2625,55247,0.8548758838527143,false,2625,55247,0.8548758838527143
2625,4751,0.7697284122655755,false,2625,4751,0.7697284122655755
2625,7180,0.9032972183682001,false,2625,7180,0.9032972183682001
2625,9055,0.8196559161544444,false,2625,9055,0.8196559161544444
2625,56992,0.8027835563611472,false,2625,56992,0.8027835563611472
2625,55872,0.7077699489458215,false,2625,55872,0.7077699489458215
2625,27299,0.9195989833875856,false,2625,27299,0.9195989833875856
2625,6664,0.975687029504055,false,2625,6664,0.975687029504055
2625,64151,0.7121326701979264,false,2625,64151,0.7121326701979264
7036,105373557,0.7510408437023119,false,7036,105373557,0.7510408437023119
115362,10537,0.9029625630233882,false,115362,10537,0.9029625630233882
115362,701,0.8536392931010084,false,115362,701,0.8536392931010084
115362,3627,0.8699747461382051,false,115362,3627,0.8699747461382051
115362,729533,0.763153317602336,false,115362,729533,0.763153317602336
115362,23532,0.8754064122491207,false,115362,23532,0.8754064122491207
115362,4283,0.7730509538273004,false,115362,4283,0.7730509538273004
115362,113730,0.7661370428984647,false,115362,113730,0.7661370428984647
115362,7180,0.7088531627345889,false,115362,7180,0.7088531627345889
115362,100506655,0.8704013869300029,false,115362,100506655,0.8704013869300029
115362,100506827,0.9385113610221547,false,115362,100506827,0.9385113610221547
100505994,3053,0.743784692861363,false,100505994,3053,0.743784692861363
100505994,115701,0.7538028965180138,false,100505994,115701,0.7538028965180138
100505994,284958,0.7182587030487873,false,100505994,284958,0.7182587030487873
100505994,105376041,0.8578892852161987,false,100505994,105376041,0.8578892852161987
100505994,105372950,0.7152904263952661,false,100505994,105372950,0.7152904263952661
100505994,100996301,0.7034959542666988,false,100505994,100996301,0.7034959542666988
100505994,646024,0.8578892852161989,false,100505994,646024,0.8578892852161989
100505994,55655,0.7710671470623952,false,100505994,55655,0.7710671470623952
100505994,2250,0.718035927051293,false,100505994,2250,0.718035927051293
100505994,731220,0.8622288545126519,false,100505994,731220,0.8622288545126519
100505994,3229,0.7780285599499603,false,100505994,3229,0.7780285599499603
100505994,387895,0.7885944339992771,false,100505994,387895,0.7885944339992771
100505994,105377508,0.7583472772218588,false,100505994,105377508,0.7583472772218588
100505994,84561,0.7247095947634158,false,100505994,84561,0.7247095947634158
729442,1295,0.8073363519085882,false,729442,1295,0.8073363519085882
729442,354,0.8660781626880486,false,729442,354,0.8660781626880486
729442,145873,0.8838707858040838,false,729442,145873,0.8838707858040838
729442,285987,1.0,false,729442,285987,1.0
729442,3502,0.9270257221614295,false,729442,3502,0.9270257221614295
729442,4004,0.9959793614722446,false,729442,4004,0.9959793614722446
729442,4973,0.8157690790067946,false,729442,4973,0.8157690790067946
729442,5265,0.7551220694140378,false,729442,5265,0.7551220694140378
729442,5650,0.9868519233541289,false,729442,5650,0.9868519233541289
729442,6768,0.7384280095357393,false,729442,6768,0.7384280095357393
729442,58,0.9436975750780976,false,729442,58,0.9436975750780976
729442,105374986,0.7182537933414546,false,729442,105374986,0.7182537933414546
729442,27237,0.8892771252199916,false,729442,27237,0.8892771252199916
729442,28946,0.8128685305762167,false,729442,28946,0.8128685305762167
729442,101929707,0.9236540400398062,false,729442,101929707,0.9236540400398062
729442,5653,0.9836163959957701,false,729442,5653,0.9836163959957701
729442,2328,0.9139142798842937,false,729442,2328,0.9139142798842937
729442,1749,0.7131191786358373,false,729442,1749,0.7131191786358373
729442,2019,0.9215412605261274,false,729442,2019,0.9215412605261274
729442,102724714,0.7497766123065669,false,729442,102724714,0.7497766123065669
729442,28809,0.9922542356557004,false,729442,28809,0.9922542356557004
729442,134285,0.99042670264153,false,729442,134285,0.99042670264153
729442,284293,0.7451865583385202,false,729442,284293,0.7451865583385202
729442,115019,0.7182537933414546,false,729442,115019,0.7182537933414546
729442,389336,0.9106220102168142,false,729442,389336,0.9106220102168142
729442,25818,0.9451762298252128,false,729442,25818,0.9451762298252128
729442,102467080,0.7024473171617581,false,729442,102467080,0.7024473171617581
2305,332,0.7348829726928315,false,2305,332,0.7348829726928315
2305,89958,0.7249407113965033,false,2305,89958,0.7249407113965033
2305,8318,0.8240748372337994,false,2305,8318,0.8240748372337994
2305,4605,0.7732625954665902,false,2305,4605,0.7732625954665902
2305,55771,0.7917188896877854,false,2305,55771,0.7917188896877854
2305,9232,0.7267190871907409,false,2305,9232,0.7267190871907409
2305,10615,0.7346041697889473,false,2305,10615,0.7346041697889473
2305,10460,0.768894440106091,false,2305,10460,0.768894440106091
54443,220134,0.8584498057460991,false,54443,220134,0.8584498057460991
54443,83540,0.7330328789514244,false,54443,83540,0.7330328789514244
54443,3161,0.9351659082503339,false,54443,3161,0.9351659082503339
54443,4001,0.9154789771546341,false,54443,4001,0.9154789771546341
54443,387978,0.8036478509183702,false,54443,387978,0.8036478509183702
54443,6241,0.7552364777900634,false,54443,6241,0.7552364777900634
54443,24137,0.8217545825359237,false,54443,24137,0.8217545825359237
54443,9787,0.7242190473094229,false,54443,9787,0.7242190473094229
54443,4547,0.7278333724309223,false,54443,4547,0.7278333724309223
54443,221150,0.8553141875435175,false,54443,221150,0.8553141875435175
54443,100507118,0.8007686038491294,false,54443,100507118,0.8007686038491294
54443,983,0.85051284802416,false,54443,983,0.85051284802416
54443,9824,0.8706961277687205,false,54443,9824,0.8706961277687205
54443,389903,0.790002766367148,false,54443,389903,0.790002766367148
54443,105372115,0.7806801021216194,false,54443,105372115,0.7806801021216194
54443,51203,0.9026212561670046,false,54443,51203,0.9026212561670046
54443,1063,0.7379079454395789,false,54443,1063,0.7379079454395789
54443,9928,0.8626358789742663,false,54443,9928,0.8626358789742663
54443,7272,0.8671136911418297,false,54443,7272,0.8671136911418297
54443,55165,0.9271747139810014,false,54443,55165,0.9271747139810014
54443,4085,0.7469063414044752,false,54443,4085,0.7469063414044752
54443,10721,0.8495961783837834,false,54443,10721,0.8495961783837834
54443,29128,0.9289888980218256,false,54443,29128,0.9289888980218256
54443,3832,0.7562608137870395,false,54443,3832,0.7562608137870395
54443,57082,0.8940205155983927,false,54443,57082,0.8940205155983927
54443,3604,0.7162420167322601,false,54443,3604,0.7162420167322601
54443,55247,0.8829618401717905,false,54443,55247,0.8829618401717905
54443,891,0.7616718109299481,false,54443,891,0.7616718109299481
54443,4751,0.8976027395862043,false,54443,4751,0.8976027395862043
54443,55635,0.7342944439072586,false,54443,55635,0.7342944439072586
54443,9768,0.7756801317999329,false,54443,9768,0.7756801317999329
54443,79801,0.7606784356535291,false,54443,79801,0.7606784356535291
54443,55355,0.7795669948913329,false,54443,55355,0.7795669948913329
54443,9493,0.7330476890726125,false,54443,9493,0.7330476890726125
54443,2845,0.7663813325437171,false,54443,2845,0.7663813325437171
54443,9833,0.7731901045491879,false,54443,9833,0.7731901045491879
54443,9055,0.8956351139459229,false,54443,9055,0.8956351139459229
54443,56992,0.8374344324451098,false,54443,56992,0.8374344324451098
54443,55872,0.9183099880212375,false,54443,55872,0.9183099880212375
54443,7153,0.9185603330858724,false,54443,7153,0.9185603330858724
54443,27299,0.7733961040839098,false,54443,27299,0.7733961040839098
54443,6664,0.8194916419243565,false,54443,6664,0.8194916419243565
54443,23397,0.8578919396048009,false,54443,23397,0.8578919396048009
54443,64151,0.9451435610642086,false,54443,64151,0.9451435610642086
54443,100288637,0.8572685490166022,false,54443,100288637,0.8572685490166022
970,100506411,0.8746455780178952,false,970,100506411,0.8746455780178952
970,3135,0.8016317349353334,false,970,3135,0.8016317349353334
970,79056,0.8887866355618689,false,970,79056,0.8887866355618689
970,23286,0.8819948144802202,false,970,23286,0.8819948144802202
970,6495,0.8950503106496056,false,970,6495,0.8950503106496056
970,54101,0.8997487919904565,false,970,54101,0.8997487919904565
970,654499,0.9000689832489166,false,970,654499,0.9000689832489166
970,100996301,0.8027743638922107,false,970,100996301,0.8027743638922107
970,653149,0.7944650899779044,false,970,653149,0.7944650899779044
970,112268037,0.7877635217188115,false,970,112268037,0.7877635217188115
970,3352,0.754437558938444,false,970,3352,0.754437558938444
970,245972,0.8390863823516581,false,970,245972,0.8390863823516581
970,340273,0.8988196544493096,false,970,340273,0.8988196544493096
970,101927355,0.8214495526114837,false,970,101927355,0.8214495526114837
970,51361,0.9060277424202619,false,970,51361,0.9060277424202619
970,29851,0.719616890105326,false,970,29851,0.719616890105326
970,100289137,0.8564863794352082,false,970,100289137,0.8564863794352082
970,158228,0.9002007635434266,false,970,158228,0.9002007635434266
970,2277,0.83501149642871,false,970,2277,0.83501149642871
970,81849,0.7984161433641355,false,970,81849,0.7984161433641355
970,143662,0.8972829911197848,false,970,143662,0.8972829911197848
970,253650,0.7939024302957806,false,970,253650,0.7939024302957806
6534,63898,0.7233047102451194,false,6534,63898,0.7233047102451194
6534,374946,0.7151622646060262,false,6534,374946,0.7151622646060262
6534,3053,0.72804143739119,false,6534,3053,0.72804143739119
6534,9955,0.7660390633221849,false,6534,9955,0.7660390633221849
6534,5798,0.8458784285536253,false,6534,5798,0.8458784285536253
6534,120939,0.8228019360215246,false,6534,120939,0.8228019360215246
6534,109729184,0.735777110498361,false,6534,109729184,0.735777110498361
6534,100533990,0.7871036862092572,false,6534,100533990,0.7871036862092572
6534,344,0.7778758928494975,false,6534,344,0.7778758928494975
6534,4318,0.7221288555420002,false,6534,4318,0.7221288555420002
6534,11075,0.7290342303630244,false,6534,11075,0.7290342303630244
6534,109729169,0.8804106070405662,false,6534,109729169,0.8804106070405662
6534,105378305,0.7999695981143644,false,6534,105378305,0.7999695981143644
105371050,100507584,0.7167592396946899,false,105371050,100507584,0.7167592396946899
105371050,338667,0.8426010315102137,false,105371050,338667,0.8426010315102137
105371050,102724784,0.7194235357214303,false,105371050,102724784,0.7194235357214303
105371050,8352,0.7783429424513183,false,105371050,8352,0.7783429424513183
105371050,101927760,0.7811184118120221,false,105371050,101927760,0.7811184118120221
105371050,6273,0.8150080048404033,false,105371050,6273,0.8150080048404033
105371050,107985627,0.7172501781382088,false,105371050,107985627,0.7172501781382088
105371050,105375027,0.8394816350078999,false,105371050,105375027,0.8394816350078999
105371050,3754,0.8505414179770068,false,105371050,3754,0.8505414179770068
105371050,3881,0.7392956651446153,false,105371050,3881,0.7392956651446153
105371050,53820,0.7335058311578172,false,105371050,53820,0.7335058311578172
105371050,338797,0.7880543321331159,false,105371050,338797,0.7880543321331159
220134,83540,0.7730428916305071,false,220134,83540,0.7730428916305071
220134,3161,0.8135490299661331,false,220134,3161,0.8135490299661331
220134,995,0.7839402999015594,false,220134,995,0.7839402999015594
220134,113130,0.7608989538751825,false,220134,113130,0.7608989538751825
220134,4288,0.8469260579310143,false,220134,4288,0.8469260579310143
220134,4001,0.8017137475790967,false,220134,4001,0.8017137475790967
220134,332,0.7584215404263184,false,220134,332,0.7584215404263184
220134,374393,0.7307956727193508,false,220134,374393,0.7307956727193508
220134,6241,0.8720877219982589,false,220134,6241,0.8720877219982589
220134,24137,0.8724288509295419,false,220134,24137,0.8724288509295419
220134,9787,0.8877911519941987,false,220134,9787,0.8877911519941987
220134,221150,0.8887886799673004,false,220134,221150,0.8887886799673004
220134,100507118,0.8771701278730254,false,220134,100507118,0.8771701278730254
220134,991,0.8356502484920117,false,220134,991,0.8356502484920117
220134,983,0.7455747829919047,false,220134,983,0.7455747829919047
220134,389903,0.7181208175226159,false,220134,389903,0.7181208175226159
220134,51203,0.8765245167128688,false,220134,51203,0.8765245167128688
220134,9700,0.7498625845322072,false,220134,9700,0.7498625845322072
220134,9212,0.7864471438603798,false,220134,9212,0.7864471438603798
220134,1063,0.8267121962686974,false,220134,1063,0.8267121962686974
220134,146909,0.7169693668122809,false,220134,146909,0.7169693668122809
220134,259266,0.8650387989538881,false,220134,259266,0.8650387989538881
220134,55165,0.8851988114134588,false,220134,55165,0.8851988114134588
220134,150468,0.7902238794986575,false,220134,150468,0.7902238794986575
220134,57405,0.7775440136218582,false,220134,57405,0.7775440136218582
220134,29128,0.8939735711128146,false,220134,29128,0.8939735711128146
220134,57082,0.8383587192848786,false,220134,57082,0.8383587192848786
220134,891,0.8026276074187473,false,220134,891,0.8026276074187473
220134,128239,0.8502814371930365,false,220134,128239,0.8502814371930365
220134,10615,0.8557057224119606,false,220134,10615,0.8557057224119606
220134,9768,0.7173113208336399,false,220134,9768,0.7173113208336399
220134,79801,0.844496383571959,false,220134,79801,0.844496383571959
220134,55355,0.927822319613258,false,220134,55355,0.927822319613258
220134,9133,0.7345477524495382,false,220134,9133,0.7345477524495382
220134,9833,0.8146816950665965,false,220134,9833,0.8146816950665965
220134,9055,0.8525908705468078,false,220134,9055,0.8525908705468078
220134,11065,0.7920381917450918,false,220134,11065,0.7920381917450918
220134,157570,0.7904641771284249,false,220134,157570,0.7904641771284249
220134,56992,0.7478571652970079,false,220134,56992,0.7478571652970079
220134,55872,0.8947109816241666,false,220134,55872,0.8947109816241666
220134,7153,0.7939591189714278,false,220134,7153,0.7939591189714278
220134,3833,0.7894605188161864,false,220134,3833,0.7894605188161864
220134,64151,0.8979084582893093,false,220134,64151,0.8979084582893093
1295,145873,0.8505383632473996,false,1295,145873,0.8505383632473996
1295,285987,0.8073363519085883,false,1295,285987,0.8073363519085883
1295,4004,0.817397337296226,false,1295,4004,0.817397337296226
1295,4973,0.7033248369644283,false,1295,4973,0.7033248369644283
1295,5650,0.8178595436578316,false,1295,5650,0.8178595436578316
1295,58,0.8659336568553125,false,1295,58,0.8659336568553125
1295,5653,0.7702586125017984,false,1295,5653,0.7702586125017984
1295,2328,0.7948560622141424,false,1295,2328,0.7948560622141424
1295,2019,0.8408917242323934,false,1295,2019,0.8408917242323934
1295,28809,0.7696769039044753,false,1295,28809,0.7696769039044753
1295,134285,0.8387508959444956,false,1295,134285,0.8387508959444956
1295,55057,0.7522681116229124,false,1295,55057,0.7522681116229124
1295,389336,0.8039203512365833,false,1295,389336,0.8039203512365833
1295,25818,0.7996084182903457,false,1295,25818,0.7996084182903457
83540,3161,0.7595836478568578,false,83540,3161,0.7595836478568578
83540,6241,0.7690395047745586,false,83540,6241,0.7690395047745586
83540,24137,0.7094415970927712,false,83540,24137,0.7094415970927712
83540,221150,0.7129269002277431,false,83540,221150,0.7129269002277431
83540,100507118,0.7136898435738193,false,83540,100507118,0.7136898435738193
83540,983,0.751230519143537,false,83540,983,0.751230519143537
83540,51203,0.7907550386113659,false,83540,51203,0.7907550386113659
83540,55165,0.8182485811029407,false,83540,55165,0.8182485811029407
83540,57405,0.7059744035803553,false,83540,57405,0.7059744035803553
83540,29128,0.7309887810372078,false,83540,29128,0.7309887810372078
83540,57082,0.7669127970953753,false,83540,57082,0.7669127970953753
83540,128239,0.7435761233644618,false,83540,128239,0.7435761233644618
83540,10615,0.7240413717135171,false,83540,10615,0.7240413717135171
83540,79801,0.7955725505150307,false,83540,79801,0.7955725505150307
83540,55355,0.7770258525096678,false,83540,55355,0.7770258525096678
83540,9833,0.8247052494780466,false,83540,9833,0.8247052494780466
83540,55872,0.7521777481967582,false,83540,55872,0.7521777481967582
83540,7153,0.7244481043507481,false,83540,7153,0.7244481043507481
83540,23397,0.7831313319778642,false,83540,23397,0.7831313319778642
83540,3833,0.7152883022634196,false,83540,3833,0.7152883022634196
10537,701,0.8113153023520413,false,10537,701,0.8113153023520413
10537,3627,0.9025204865391527,false,10537,3627,0.9025204865391527
10537,23532,0.9569885848137928,false,10537,23532,0.9569885848137928
10537,4283,0.8502897987542065,false,10537,4283,0.8502897987542065
10537,113730,0.7967924060695192,false,10537,113730,0.7967924060695192
10537,7180,0.7487538200404845,false,10537,7180,0.7487538200404845
10537,100506655,0.9367656511886122,false,10537,100506655,0.9367656511886122
10537,100506827,0.8506967740529193,false,10537,100506827,0.8506967740529193
354,105371152,0.7239547710855194,false,354,105371152,0.7239547710855194
354,145873,0.8119401208966474,false,354,145873,0.8119401208966474
354,285987,0.8660781626880486,false,354,285987,0.8660781626880486
354,3502,0.9120267079131686,false,354,3502,0.9120267079131686
354,4004,0.8428531827292463,false,354,4004,0.8428531827292463
354,4973,0.7020533975723573,false,354,4973,0.7020533975723573
354,5650,0.8761802766218119,false,354,5650,0.8761802766218119
354,58,0.8274773581527771,false,354,58,0.8274773581527771
354,27237,0.8228174202989432,false,354,27237,0.8228174202989432
354,28946,0.8674714130739518,false,354,28946,0.8674714130739518
354,101929707,0.8015102176006254,false,354,101929707,0.8015102176006254
354,5653,0.8515131873208773,false,354,5653,0.8515131873208773
354,2328,0.7855291903678618,false,354,2328,0.7855291903678618
354,1749,0.7942663285886825,false,354,1749,0.7942663285886825
354,2019,0.7771465026246538,false,354,2019,0.7771465026246538
354,28809,0.8854416471471703,false,354,28809,0.8854416471471703
354,134285,0.8370976397833848,false,354,134285,0.8370976397833848
354,389336,0.8777521211362955,false,354,389336,0.8777521211362955
354,25818,0.7984770905756843,false,354,25818,0.7984770905756843
101927687,864,0.7565735157776114,false,101927687,864,0.7565735157776114
101927687,101929707,0.7322373914879088,false,101927687,101929707,0.7322373914879088
101927687,2328,0.8420959327596413,false,101927687,2328,0.8420959327596413
101927687,2019,0.8267517314705496,false,101927687,2019,0.8267517314705496
101927687,554279,0.9150540269885422,false,101927687,554279,0.9150540269885422
101927687,366,0.7441833965848903,false,101927687,366,0.7441833965848903
101927687,134285,0.7545560579566919,false,101927687,134285,0.7545560579566919
166979,5865,0.9961179642189344,false,166979,5865,0.9961179642189344
166979,3580,0.8770605760585808,false,166979,3580,0.8770605760585808
166979,6716,0.9566048753891356,false,166979,6716,0.9566048753891356
166979,219527,0.9549259394906124,false,166979,219527,0.9549259394906124
166979,6345,0.9266379733716587,false,166979,6345,0.9266379733716587
166979,4544,0.9999999999999999,false,166979,4544,0.9999999999999999
166979,116173,0.950326481381482,false,166979,116173,0.950326481381482
166979,101927686,0.8911585710747172,false,166979,101927686,0.8911585710747172
166979,1047,0.9503085018478581,false,166979,1047,0.9503085018478581
166979,9378,0.7766321286897694,false,166979,9378,0.7766321286897694
166979,594855,0.8724144798970416,false,166979,594855,0.8724144798970416
166979,646951,0.9224270378368703,false,166979,646951,0.9224270378368703
166979,3512,0.8005390492296652,false,166979,3512,0.8005390492296652
105375610,995,0.7577736645999179,false,105375610,995,0.7577736645999179
105375610,113130,0.742267325709967,false,105375610,113130,0.742267325709967
105375610,4288,0.8143826598803178,false,105375610,4288,0.8143826598803178
105375610,112937,0.8326061958116017,false,105375610,112937,0.8326061958116017
105375610,9787,0.7980017326272373,false,105375610,9787,0.7980017326272373
105375610,991,0.8451744913935882,false,105375610,991,0.8451744913935882
105375610,102723547,0.7468300356350653,false,105375610,102723547,0.7468300356350653
105375610,10024,0.7079247171998928,false,105375610,10024,0.7079247171998928
105375610,91828,0.7552489125307364,false,105375610,91828,0.7552489125307364
105375610,131578,0.7182803223635844,false,105375610,131578,0.7182803223635844
105375610,9700,0.8521997871054092,false,105375610,9700,0.8521997871054092
105375610,107985017,0.8324556482179934,false,105375610,107985017,0.8324556482179934
105375610,9212,0.8606658277000078,false,105375610,9212,0.8606658277000078
105375610,259266,0.7025672688765074,false,105375610,259266,0.7025672688765074
105375610,112268460,0.716416926852448,false,105375610,112268460,0.716416926852448
105375610,55143,0.7606043893623428,false,105375610,55143,0.7606043893623428
105375610,128239,0.8745908605803352,false,105375610,128239,0.8745908605803352
105375610,1058,0.794486956981092,false,105375610,1058,0.794486956981092
105375610,9232,0.8144956125448739,false,105375610,9232,0.8144956125448739
105375610,9133,0.8248226894460282,false,105375610,9133,0.8248226894460282
105375610,729447,0.7239805984557515,false,105375610,729447,0.7239805984557515
105375610,3783,0.7214290830627968,false,105375610,3783,0.7214290830627968
105375610,158511,0.7750506581464882,false,105375610,158511,0.7750506581464882
105375610,101929215,0.7788879419524344,false,105375610,101929215,0.7788879419524344
105375610,9582,0.7665296152437044,false,105375610,9582,0.7665296152437044
105375610,3833,0.8401097992918595,false,105375610,3833,0.8401097992918595
349408,120939,0.7193892636967312,false,349408,120939,0.7193892636967312
349408,112268460,0.728776397090272,false,349408,112268460,0.728776397090272
349408,168002,0.782108838643524,false,349408,168002,0.782108838643524
349408,158511,0.7502716083712063,false,349408,158511,0.7502716083712063
349408,26289,0.835301492345455,false,349408,26289,0.835301492345455
349408,105378305,0.7538069606993121,false,349408,105378305,0.7538069606993121
100506411,3135,0.775703800227061,false,100506411,3135,0.775703800227061
100506411,79056,0.9226586598090686,false,100506411,79056,0.9226586598090686
100506411,9388,0.7849607782207423,false,100506411,9388,0.7849607782207423
100506411,23286,0.9629325702206447,false,100506411,23286,0.9629325702206447
100506411,6495,0.9547222741998019,false,100506411,6495,0.9547222741998019
100506411,54101,0.9892181441560078,false,100506411,54101,0.9892181441560078
100506411,654499,0.9914975120519616,false,100506411,654499,0.9914975120519616
100506411,100996301,0.9211846885843369,false,100506411,100996301,0.9211846885843369
100506411,653149,0.8507452545947658,false,100506411,653149,0.8507452545947658
100506411,112268037,0.8941427613854536,false,100506411,112268037,0.8941427613854536
100506411,3352,0.8153799909462625,false,100506411,3352,0.8153799909462625
100506411,245972,0.8152771884894595,false,100506411,245972,0.8152771884894595
100506411,340273,0.9903454346825898,false,100506411,340273,0.9903454346825898
100506411,101927355,0.9397848910877321,false,100506411,101927355,0.9397848910877321
100506411,366,0.7314790290377621,false,100506411,366,0.7314790290377621
100506411,51361,0.989002793128846,false,100506411,51361,0.989002793128846
100506411,100289137,0.9600992269495773,false,100506411,100289137,0.9600992269495773
100506411,158228,0.9899075320573615,false,100506411,158228,0.9899075320573615
100506411,2277,0.8911633468839902,false,100506411,2277,0.8911633468839902
100506411,81849,0.8916049236086304,false,100506411,81849,0.8916049236086304
100506411,143662,0.9917943079917855,false,100506411,143662,0.9917943079917855
100506411,22974,0.7427735833820277,false,100506411,22974,0.7427735833820277
100506411,253650,0.9399211210969578,false,100506411,253650,0.9399211210969578
3161,4001,0.8066693718390093,false,3161,4001,0.8066693718390093
3161,387978,0.7322115385830545,false,3161,387978,0.7322115385830545
3161,6241,0.8105514907220176,false,3161,6241,0.8105514907220176
3161,24137,0.8650362621474214,false,3161,24137,0.8650362621474214
3161,9787,0.7706827413765415,false,3161,9787,0.7706827413765415
3161,221150,0.9372181341732108,false,3161,221150,0.9372181341732108
3161,100507118,0.8563316502035742,false,3161,100507118,0.8563316502035742
3161,983,0.8692295929166884,false,3161,983,0.8692295929166884
3161,9824,0.7353120234656767,false,3161,9824,0.7353120234656767
3161,389903,0.8174672023259236,false,3161,389903,0.8174672023259236
3161,105372115,0.806025843098935,false,3161,105372115,0.806025843098935
3161,51203,0.8401260913952479,false,3161,51203,0.8401260913952479
3161,1063,0.7852847867688658,false,3161,1063,0.7852847867688658
3161,9928,0.8030415177180761,false,3161,9928,0.8030415177180761
3161,7272,0.9111887523264757,false,3161,7272,0.9111887523264757
3161,259266,0.7148816701815075,false,3161,259266,0.7148816701815075
3161,55165,0.9070557545582598,false,3161,55165,0.9070557545582598
3161,4085,0.7684687132287629,false,3161,4085,0.7684687132287629
3161,10721,0.8205618667861513,false,3161,10721,0.8205618667861513
3161,57405,0.7266971505481448,false,3161,57405,0.7266971505481448
3161,29128,0.9202670681073334,false,3161,29128,0.9202670681073334
3161,3832,0.7827794373974009,false,3161,3832,0.7827794373974009
3161,57082,0.8377645780537515,false,3161,57082,0.8377645780537515
3161,55247,0.8958998768564266,false,3161,55247,0.8958998768564266
3161,891,0.8263456876420607,false,3161,891,0.8263456876420607
3161,4751,0.9210582441624833,false,3161,4751,0.9210582441624833
3161,55635,0.7157354563297742,false,3161,55635,0.7157354563297742
3161,9768,0.768637809805634,false,3161,9768,0.768637809805634
3161,79801,0.7807138627333923,false,3161,79801,0.7807138627333923
3161,55355,0.7825200509098463,false,3161,55355,0.7825200509098463
3161,2845,0.77623206690453,false,3161,2845,0.77623206690453
3161,9833,0.8158084224299708,false,3161,9833,0.8158084224299708
3161,9055,0.8801460364734007,false,3161,9055,0.8801460364734007
3161,11065,0.7133544173579431,false,3161,11065,0.7133544173579431
3161,56992,0.8962040434989655,false,3161,56992,0.8962040434989655
3161,55872,0.9500026279394977,false,3161,55872,0.9500026279394977
3161,7153,0.8869662933114089,false,3161,7153,0.8869662933114089
3161,9582,0.739051582843965,false,3161,9582,0.739051582843965
3161,6664,0.7405687529884487,false,3161,6664,0.7405687529884487
3161,23397,0.8952971500845374,false,3161,23397,0.8952971500845374
3161,64151,0.8998569106633472,false,3161,64151,0.8998569106633472
3161,100288637,0.8593714006251695,false,3161,100288637,0.8593714006251695
63898,374946,0.7784925169726847,false,63898,374946,0.7784925169726847
63898,7477,0.8619264496662933,false,63898,7477,0.8619264496662933
63898,79191,0.701021042061067,false,63898,79191,0.701021042061067
63898,5798,0.7279170530441252,false,63898,5798,0.7279170530441252
63898,57167,0.7855825315626092,false,63898,57167,0.7855825315626092
63898,120939,0.8510226721950563,false,63898,120939,0.8510226721950563
63898,109729184,0.8497490988125481,false,63898,109729184,0.8497490988125481
63898,344,0.7321510036333096,false,63898,344,0.7321510036333096
63898,4318,0.8513404464365547,false,63898,4318,0.8513404464365547
63898,168002,0.7268890809823745,false,63898,168002,0.7268890809823745
63898,109729169,0.7127039034898434,false,63898,109729169,0.7127039034898434
63898,26289,0.8150729115472263,false,63898,26289,0.8150729115472263
63898,105378305,0.7612359015905654,false,63898,105378305,0.7612359015905654
995,113130,0.8410170978985457,false,995,113130,0.8410170978985457
995,4288,0.9103291438435266,false,995,4288,0.9103291438435266
995,332,0.8618207242287179,false,995,332,0.8618207242287179
995,10874,0.7492554164077703,false,995,10874,0.7492554164077703
995,6241,0.8698708714035941,false,995,6241,0.8698708714035941
995,24137,0.7807417282493136,false,995,24137,0.7807417282493136
995,112937,0.8184023684785537,false,995,112937,0.8184023684785537
995,9787,0.8546010876546412,false,995,9787,0.8546010876546412
995,100507118,0.7744057120479446,false,995,100507118,0.7744057120479446
995,991,0.9093089332386217,false,995,991,0.9093089332386217
995,5347,0.7275241146470842,false,995,5347,0.7275241146470842
995,10024,0.8210138223321768,false,995,10024,0.8210138223321768
995,9212,0.8588212090812515,false,995,9212,0.8588212090812515
995,1063,0.8509087958069335,false,995,1063,0.8509087958069335
995,146909,0.7692748026896534,false,995,146909,0.7692748026896534
995,259266,0.8467073890276381,false,995,259266,0.8467073890276381
995,150468,0.8416895351595187,false,995,150468,0.8416895351595187
995,1870,0.7604194891955406,false,995,1870,0.7604194891955406
995,57405,0.7605391337630321,false,995,57405,0.7605391337630321
995,110806280,0.7424362709065176,false,995,110806280,0.7424362709065176
995,8318,0.7842480096179062,false,995,8318,0.7842480096179062
995,4605,0.7182402261167136,false,995,4605,0.7182402261167136
995,128239,0.861280139219342,false,995,128239,0.861280139219342
995,9232,0.8325945995291878,false,995,9232,0.8325945995291878
995,10615,0.7950581492204113,false,995,10615,0.7950581492204113
995,55355,0.8519555186673758,false,995,55355,0.8519555186673758
995,9133,0.8225555888483946,false,995,9133,0.8225555888483946
995,400618,0.7682161670018024,false,995,400618,0.7682161670018024
995,11065,0.7333014423109394,false,995,11065,0.7333014423109394
995,3833,0.8306742067795195,false,995,3833,0.8306742067795195
113130,4288,0.8979478672268761,false,113130,4288,0.8979478672268761
113130,332,0.863951274221298,false,113130,332,0.863951274221298
113130,10874,0.7319044300409339,false,113130,10874,0.7319044300409339
113130,6241,0.8617752985722833,false,113130,6241,0.8617752985722833
113130,24137,0.7941173790784463,false,113130,24137,0.7941173790784463
113130,9787,0.9161863831522196,false,113130,9787,0.9161863831522196
113130,221150,0.7886788741534477,false,113130,221150,0.7886788741534477
113130,100507118,0.8641183083417089,false,113130,100507118,0.8641183083417089
113130,991,0.9256817282080033,false,113130,991,0.9256817282080033
113130,10024,0.7550923329807588,false,113130,10024,0.7550923329807588
113130,89958,0.7203136210894486,false,113130,89958,0.7203136210894486
113130,9700,0.7222007764020536,false,113130,9700,0.7222007764020536
113130,107985017,0.8112675581348656,false,113130,107985017,0.8112675581348656
113130,9212,0.9051139302291457,false,113130,9212,0.9051139302291457
113130,1063,0.8728511550588892,false,113130,1063,0.8728511550588892
113130,146909,0.9131447010682175,false,113130,146909,0.9131447010682175
113130,259266,0.8791278822966677,false,113130,259266,0.8791278822966677
113130,150468,0.8596590243684257,false,113130,150468,0.8596590243684257
113130,1870,0.7035537229102284,false,113130,1870,0.7035537229102284
113130,57405,0.8568387619677115,false,113130,57405,0.8568387619677115
113130,29128,0.7216853154132044,false,113130,29128,0.7216853154132044
113130,891,0.7059297869649833,false,113130,891,0.7059297869649833
113130,8318,0.786778383499323,false,113130,8318,0.786778383499323
113130,4605,0.7205095912700484,false,113130,4605,0.7205095912700484
113130,128239,0.815805264081884,false,113130,128239,0.815805264081884
113130,1058,0.7614332053146246,false,113130,1058,0.7614332053146246
113130,55771,0.7106975128109477,false,113130,55771,0.7106975128109477
113130,9232,0.929199510387267,false,113130,9232,0.929199510387267
113130,10615,0.8341965153492746,false,113130,10615,0.8341965153492746
113130,79801,0.7557514636213469,false,113130,79801,0.7557514636213469
113130,55355,0.7883639582060162,false,113130,55355,0.7883639582060162
113130,157313,0.7111369438980291,false,113130,157313,0.7111369438980291
113130,9133,0.8656215041616159,false,113130,9133,0.8656215041616159
113130,11065,0.8222584679950196,false,113130,11065,0.8222584679950196
113130,10460,0.7302370435175565,false,113130,10460,0.7302370435175565
113130,9582,0.7056924659731951,false,113130,9582,0.7056924659731951
113130,55723,0.825239688169633,false,113130,55723,0.825239688169633
113130,3833,0.7715328103779177,false,113130,3833,0.7715328103779177
113130,64151,0.7213364861672639,false,113130,64151,0.7213364861672639
100507584,338667,0.7745682878038467,false,100507584,338667,0.7745682878038467
100507584,102724784,0.7951057858829149,false,100507584,102724784,0.7951057858829149
100507584,6690,0.7029664723579663,false,100507584,6690,0.7029664723579663
100507584,101927760,0.7245029915640624,false,100507584,101927760,0.7245029915640624
100507584,6273,0.70013276884465,false,100507584,6273,0.70013276884465
100507584,107985627,0.8468915764155966,false,100507584,107985627,0.8468915764155966
100507584,105375027,0.8622414060156551,false,100507584,105375027,0.8622414060156551
100507584,3754,0.8432216077494453,false,100507584,3754,0.8432216077494453
100507584,112802,0.700493831985674,false,100507584,112802,0.700493831985674
100507584,3881,0.7671675949325499,false,100507584,3881,0.7671675949325499
100507584,338797,0.8410503124980466,false,100507584,338797,0.8410503124980466
374946,7477,0.7923775480393771,false,374946,7477,0.7923775480393771
374946,115701,0.7171161439627316,false,374946,115701,0.7171161439627316
374946,5798,0.9016361972035919,false,374946,5798,0.9016361972035919
374946,57167,0.8188726563344262,false,374946,57167,0.8188726563344262
374946,120939,0.7633491287290181,false,374946,120939,0.7633491287290181
374946,109729184,0.7003973441427238,false,374946,109729184,0.7003973441427238
374946,100533990,0.7906271307029934,false,374946,100533990,0.7906271307029934
374946,344,0.7794111531064852,false,374946,344,0.7794111531064852
374946,11075,0.7764428126398638,false,374946,11075,0.7764428126398638
374946,2250,0.7349690176322825,false,374946,2250,0.7349690176322825
374946,168002,0.7089100060215724,false,374946,168002,0.7089100060215724
374946,109729169,0.8326048061414968,false,374946,109729169,0.8326048061414968
374946,3229,0.7665880620441041,false,374946,3229,0.7665880620441041
374946,387895,0.770055855027245,false,374946,387895,0.770055855027245
4288,332,0.8416980852979249,false,4288,332,0.8416980852979249
4288,10874,0.7530903571765236,false,4288,10874,0.7530903571765236
4288,6241,0.8974527965876934,false,4288,6241,0.8974527965876934
4288,24137,0.786421005960024,false,4288,24137,0.786421005960024
4288,112937,0.7892423501860746,false,4288,112937,0.7892423501860746
4288,9787,0.9455260842983988,false,4288,9787,0.9455260842983988
4288,221150,0.7634199599200118,false,4288,221150,0.7634199599200118
4288,100507118,0.7892893035006319,false,4288,100507118,0.7892893035006319
4288,991,0.9742338748667507,false,4288,991,0.9742338748667507
4288,5347,0.8026785390106546,false,4288,5347,0.8026785390106546
4288,10024,0.8406295718511556,false,4288,10024,0.8406295718511556
4288,89958,0.7149562660218493,false,4288,89958,0.7149562660218493
4288,131578,0.7137095836830141,false,4288,131578,0.7137095836830141
4288,9700,0.8561200483244815,false,4288,9700,0.8561200483244815
4288,107985017,0.7706643696846215,false,4288,107985017,0.7706643696846215
4288,9212,0.9347385410729241,false,4288,9212,0.9347385410729241
4288,1063,0.8898119568528033,false,4288,1063,0.8898119568528033
4288,146909,0.8921119329298972,false,4288,146909,0.8921119329298972
4288,259266,0.9358656853540909,false,4288,259266,0.9358656853540909
4288,112268460,0.7071908762974594,false,4288,112268460,0.7071908762974594
4288,150468,0.8656650783441657,false,4288,150468,0.8656650783441657
4288,1870,0.7232511084340157,false,4288,1870,0.7232511084340157
4288,57405,0.7916505043716209,false,4288,57405,0.7916505043716209
4288,147841,0.7123247847720509,false,4288,147841,0.7123247847720509
4288,8318,0.7366041508311796,false,4288,8318,0.7366041508311796
4288,4605,0.733440619197696,false,4288,4605,0.733440619197696
4288,128239,0.9388237662847375,false,4288,128239,0.9388237662847375
4288,1058,0.7559662197148741,false,4288,1058,0.7559662197148741
4288,9232,0.9326871586758008,false,4288,9232,0.9326871586758008
4288,10615,0.8932792126625532,false,4288,10615,0.8932792126625532
4288,79801,0.8640816776842893,false,4288,79801,0.8640816776842893
4288,55355,0.8754867797818151,false,4288,55355,0.8754867797818151
4288,9133,0.8994498044561678,false,4288,9133,0.8994498044561678
4288,9833,0.7533067808892304,false,4288,9833,0.7533067808892304
4288,11065,0.7716986151743495,false,4288,11065,0.7716986151743495
4288,55872,0.7185652189719018,false,4288,55872,0.7185652189719018
4288,9582,0.7662109911615902,false,4288,9582,0.7662109911615902
4288,55723,0.7449562451987468,false,4288,55723,0.7449562451987468
4288,3833,0.8999192606956495,false,4288,3833,0.8999192606956495
4288,64151,0.7350087478874906,false,4288,64151,0.7350087478874906
4001,387978,0.8657478599855576,false,4001,387978,0.8657478599855576
4001,4547,0.8367378251038143,false,4001,4547,0.8367378251038143
4001,221150,0.7577843909906548,false,4001,221150,0.7577843909906548
4001,983,0.7007041598020971,false,4001,983,0.7007041598020971
4001,9824,0.7062345570681067,false,4001,9824,0.7062345570681067
4001,389903,0.7956399027330492,false,4001,389903,0.7956399027330492
4001,105372115,0.7970245144267235,false,4001,105372115,0.7970245144267235
4001,51203,0.8378690735118657,false,4001,51203,0.8378690735118657
4001,9928,0.804564048927847,false,4001,9928,0.804564048927847
4001,7272,0.7146568240975022,false,4001,7272,0.7146568240975022
4001,55165,0.7611741529256003,false,4001,55165,0.7611741529256003
4001,10721,0.7194696260791826,false,4001,10721,0.7194696260791826
4001,29128,0.841841196474803,false,4001,29128,0.841841196474803
4001,57082,0.7941476638032383,false,4001,57082,0.7941476638032383
4001,3604,0.8304320784089386,false,4001,3604,0.8304320784089386
4001,55247,0.7899719470760096,false,4001,55247,0.7899719470760096
4001,4751,0.7678694570884158,false,4001,4751,0.7678694570884158
4001,79801,0.7232640325767504,false,4001,79801,0.7232640325767504
4001,9833,0.7200732267620379,false,4001,9833,0.7200732267620379
4001,9055,0.8695151781623326,false,4001,9055,0.8695151781623326
4001,56992,0.7037219845356282,false,4001,56992,0.7037219845356282
4001,55872,0.8396119303774918,false,4001,55872,0.8396119303774918
4001,7153,0.7967840468591306,false,4001,7153,0.7967840468591306
4001,27299,0.8302645815737065,false,4001,27299,0.8302645815737065
4001,6664,0.8835611775226684,false,4001,6664,0.8835611775226684
4001,64151,0.8446998597113516,false,4001,64151,0.8446998597113516
4001,100288637,0.7648948904804604,false,4001,100288637,0.7648948904804604
7477,79191,0.8990169769606242,false,7477,79191,0.8990169769606242
7477,5798,0.8238857929701392,false,7477,5798,0.8238857929701392
7477,57167,0.9398091740062248,false,7477,57167,0.9398091740062248
7477,120939,0.8173862685892688,false,7477,120939,0.8173862685892688
7477,109729184,0.883735222656408,false,7477,109729184,0.883735222656408
7477,100533990,0.8407821515671785,false,7477,100533990,0.8407821515671785
7477,344,0.8814461950285826,false,7477,344,0.8814461950285826
7477,4318,0.8674222630216232,false,7477,4318,0.8674222630216232
7477,168002,0.8730125617258601,false,7477,168002,0.8730125617258601
7477,109729169,0.7365622623945294,false,7477,109729169,0.7365622623945294
7477,26289,0.7269233644337502,false,7477,26289,0.7269233644337502
7477,105378305,0.7922296340023041,false,7477,105378305,0.7922296340023041
332,10874,0.8441336661046785,false,332,10874,0.8441336661046785
332,6241,0.9221140858997274,false,332,6241,0.9221140858997274
332,24137,0.8742108161356563,false,332,24137,0.8742108161356563
332,9787,0.8769049834492065,false,332,9787,0.8769049834492065
332,221150,0.7214659140573617,false,332,221150,0.7214659140573617
332,100507118,0.7507680379726445,false,332,100507118,0.7507680379726445
332,991,0.862491727486599,false,332,991,0.862491727486599
332,10024,0.7961874624653068,false,332,10024,0.7961874624653068
332,9212,0.8473631053296079,false,332,9212,0.8473631053296079
332,1063,0.8551464251620761,false,332,1063,0.8551464251620761
332,146909,0.7595252024533269,false,332,146909,0.7595252024533269
332,63967,0.7480853153801713,false,332,63967,0.7480853153801713
332,259266,0.8978174225138992,false,332,259266,0.8978174225138992
332,55165,0.7837285714778497,false,332,55165,0.7837285714778497
332,150468,0.9146100133756886,false,332,150468,0.9146100133756886
332,1870,0.7476241582049877,false,332,1870,0.7476241582049877
332,57405,0.8978606580210038,false,332,57405,0.8978606580210038
332,29128,0.7175688421113349,false,332,29128,0.7175688421113349
332,57082,0.7265698725950954,false,332,57082,0.7265698725950954
332,891,0.7640498466285782,false,332,891,0.7640498466285782
332,147841,0.8261359561330816,false,332,147841,0.8261359561330816
332,8318,0.8726678991763769,false,332,8318,0.8726678991763769
332,4605,0.7970713407923989,false,332,4605,0.7970713407923989
332,128239,0.8102818610835365,false,332,128239,0.8102818610835365
332,55771,0.8646810917845323,false,332,55771,0.8646810917845323
332,9232,0.8390647548149963,false,332,9232,0.8390647548149963
332,10615,0.8460705286118487,false,332,10615,0.8460705286118487
332,9768,0.7944874451334208,false,332,9768,0.7944874451334208
332,79801,0.7329712645107628,false,332,79801,0.7329712645107628
332,55355,0.87313204924138,false,332,55355,0.87313204924138
332,157313,0.8649814111158024,false,332,157313,0.8649814111158024
332,9133,0.836203243434929,false,332,9133,0.836203243434929
332,11065,0.7006941944479641,false,332,11065,0.7006941944479641
332,55872,0.7088600763187706,false,332,55872,0.7088600763187706
332,10460,0.742548770923098,false,332,10460,0.742548770923098
332,9156,0.8193419894582445,false,332,9156,0.8193419894582445
332,64151,0.7869028635558387,false,332,64151,0.7869028635558387
105371152,3502,0.8027171086880793,false,105371152,3502,0.8027171086880793
105371152,28946,0.9195614525586527,false,105371152,28946,0.9195614525586527
105371152,28809,0.703842450532229,false,105371152,28809,0.703842450532229
105371152,646951,0.7620804550970312,false,105371152,646951,0.7620804550970312
105371152,3512,0.8740032653733554,false,105371152,3512,0.8740032653733554
3053,9955,0.9053770990370238,false,3053,9955,0.9053770990370238
3053,115701,0.7676737370731106,false,3053,115701,0.7676737370731106
3053,5798,0.7545636361574409,false,3053,5798,0.7545636361574409
3053,100533990,0.7156095071952628,false,3053,100533990,0.7156095071952628
3053,105375077,0.7182770809573736,false,3053,105375077,0.7182770809573736
3053,284958,0.7316392792620278,false,3053,284958,0.7316392792620278
3053,105376041,0.9004866546069381,false,3053,105376041,0.9004866546069381
3053,105372950,0.8490602712280881,false,3053,105372950,0.8490602712280881
3053,646024,0.9004866546069382,false,3053,646024,0.9004866546069382
3053,55655,0.8229072260848026,false,3053,55655,0.8229072260848026
3053,11075,0.7590608060319143,false,3053,11075,0.7590608060319143
3053,109729169,0.8474908112834042,false,3053,109729169,0.8474908112834042
3053,731220,0.7097970541046945,false,3053,731220,0.7097970541046945
3053,3229,0.7981302206767441,false,3053,3229,0.7981302206767441
3053,387895,0.8017495505626255,false,3053,387895,0.8017495505626255
3053,105377508,0.7964039326616681,false,3053,105377508,0.7964039326616681
3053,84561,0.899097132478181,false,3053,84561,0.899097132478181
338667,102724784,0.8596962508942168,false,338667,102724784,0.8596962508942168
338667,8352,0.8196338508875769,false,338667,8352,0.8196338508875769
338667,101927760,0.9781727471004728,false,338667,101927760,0.9781727471004728
338667,111216286,0.8777216671448425,false,338667,111216286,0.8777216671448425
338667,6273,0.9675645587542773,false,338667,6273,0.9675645587542773
338667,107985627,0.8248302547218361,false,338667,107985627,0.8248302547218361
338667,105375027,0.9787035728786253,false,338667,105375027,0.9787035728786253
338667,3754,0.9138078467391372,false,338667,3754,0.9138078467391372
338667,51512,0.7089769205024506,false,338667,51512,0.7089769205024506
338667,3881,0.8386825296431143,false,338667,3881,0.8386825296431143
338667,8355,0.8977252972910379,false,338667,8355,0.8977252972910379
338667,53820,0.8356021476704695,false,338667,53820,0.8356021476704695
338667,338797,0.8830591394769406,false,338667,338797,0.8830591394769406
9955,5798,0.8616326859423137,false,9955,5798,0.8616326859423137
9955,100533990,0.7992082447268176,false,9955,100533990,0.7992082447268176
9955,105376041,0.8397136911883503,false,9955,105376041,0.8397136911883503
9955,105372950,0.757462903250894,false,9955,105372950,0.757462903250894
9955,646024,0.8397136911883505,false,9955,646024,0.8397136911883505
9955,55655,0.7544546027686981,false,9955,55655,0.7544546027686981
9955,344,0.7313836200783181,false,9955,344,0.7313836200783181
9955,11075,0.872333445887671,false,9955,11075,0.872333445887671
9955,109729169,0.8965117188323972,false,9955,109729169,0.8965117188323972
9955,3229,0.724558303522511,false,9955,3229,0.724558303522511
9955,387895,0.7871726164100644,false,9955,387895,0.7871726164100644
9955,105377508,0.7814890279309038,false,9955,105377508,0.7814890279309038
9955,84561,0.801921010473227,false,9955,84561,0.801921010473227
9955,647309,0.8521606189960874,false,9955,647309,0.8521606189960874
105375622,55789,0.7243179035909504,false,105375622,55789,0.7243179035909504
105375622,574414,0.785435002731138,false,105375622,574414,0.785435002731138
105375622,101927750,0.7780531771028211,false,105375622,101927750,0.7780531771028211
105375622,2834,0.7722466445022703,false,105375622,2834,0.7722466445022703
105375622,574029,0.7520432770754112,false,105375622,574029,0.7520432770754112
105375622,6865,0.751929442844964,false,105375622,6865,0.751929442844964
105375622,157570,0.7965400293728444,false,105375622,157570,0.7965400293728444
105375622,641,0.7719648576931734,false,105375622,641,0.7719648576931734
105375622,1301,0.7664095796009812,false,105375622,1301,0.7664095796009812
3135,79056,0.8780220297112039,false,3135,79056,0.8780220297112039
3135,23286,0.7383965580511012,false,3135,23286,0.7383965580511012
3135,6495,0.7735965127757597,false,3135,6495,0.7735965127757597
3135,54101,0.7970692588224485,false,3135,54101,0.7970692588224485
3135,654499,0.7978124956208174,false,3135,654499,0.7978124956208174
3135,100996301,0.7590223156607575,false,3135,100996301,0.7590223156607575
3135,653149,0.8653451263613934,false,3135,653149,0.8653451263613934
3135,112268037,0.7848978704874078,false,3135,112268037,0.7848978704874078
3135,3352,0.772534903683077,false,3135,3352,0.772534903683077
3135,340273,0.7976271521310995,false,3135,340273,0.7976271521310995
3135,101927355,0.8004499690107071,false,3135,101927355,0.8004499690107071
3135,51361,0.7999967883967175,false,3135,51361,0.7999967883967175
3135,100289137,0.7007116277251235,false,3135,100289137,0.7007116277251235
3135,158228,0.7977612332066764,false,3135,158228,0.7977612332066764
3135,81849,0.762217161264314,false,3135,81849,0.762217161264314
3135,143662,0.8033266872751018,false,3135,143662,0.8033266872751018
3135,253650,0.756244951399784,false,3135,253650,0.756244951399784
11130,7272,0.8678548283457871,false,11130,7272,0.8678548283457871
11130,10721,0.8862586520938217,false,11130,10721,0.8862586520938217
11130,4751,0.7227628116118272,false,11130,4751,0.7227628116118272
11130,2845,0.7281190544372235,false,11130,2845,0.7281190544372235
11130,23397,0.8562163547648393,false,11130,23397,0.8562163547648393
11130,100288637,0.7853951085482569,false,11130,100288637,0.7853951085482569
5865,3580,0.8651867969797606,false,5865,3580,0.8651867969797606
5865,6716,0.9494752553923788,false,5865,6716,0.9494752553923788
5865,219527,0.9479171109839626,false,5865,219527,0.9479171109839626
5865,6345,0.9212990370744835,false,5865,6345,0.9212990370744835
5865,4544,0.9961179642189345,false,5865,4544,0.9961179642189345
5865,116173,0.9430325824886199,false,5865,116173,0.9430325824886199
5865,101927686,0.8805068063097167,false,5865,101927686,0.8805068063097167
5865,1047,0.9460952288521468,false,5865,1047,0.9460952288521468
5865,9378,0.7724614716833534,false,5865,9378,0.7724614716833534
5865,594855,0.8666819565533649,false,5865,594855,0.8666819565533649
5865,646951,0.9078153201560183,false,5865,646951,0.9078153201560183
5865,3512,0.7889097761608965,false,5865,3512,0.7889097761608965
145873,285987,0.8838707858040837,false,145873,285987,0.8838707858040837
145873,3502,0.8218707566803763,false,145873,3502,0.8218707566803763
145873,4004,0.8723674551176528,false,145873,4004,0.8723674551176528
145873,5650,0.8706035265600925,false,145873,5650,0.8706035265600925
145873,58,0.9193963146272142,false,145873,58,0.9193963146272142
145873,27237,0.7373343197101689,false,145873,27237,0.7373343197101689
145873,101929707,0.7608914303498767,false,145873,101929707,0.7608914303498767
145873,5653,0.8505270616096207,false,145873,5653,0.8505270616096207
145873,2328,0.7861389723553316,false,145873,2328,0.7861389723553316
145873,2019,0.8416353765130895,false,145873,2019,0.8416353765130895
145873,28809,0.869533064954154,false,145873,28809,0.869533064954154
145873,134285,0.887784383593457,false,145873,134285,0.887784383593457
145873,284293,0.816378726527922,false,145873,284293,0.816378726527922
145873,55057,0.7124277773945805,false,145873,55057,0.7124277773945805
145873,389336,0.8038221638968618,false,145873,389336,0.8038221638968618
145873,25818,0.8032428685319621,false,145873,25818,0.8032428685319621
145873,102467080,0.7020484087549177,false,145873,102467080,0.7020484087549177
387978,4547,0.8645696106838389,false,387978,4547,0.8645696106838389
387978,3627,0.7100223980844934,false,387978,3627,0.7100223980844934
387978,389903,0.8954572869707654,false,387978,389903,0.8954572869707654
387978,105372115,0.9130722510053159,false,387978,105372115,0.9130722510053159
387978,9928,0.790723417173006,false,387978,9928,0.790723417173006
387978,29128,0.727039291503042,false,387978,29128,0.727039291503042
387978,57082,0.7063865593046702,false,387978,57082,0.7063865593046702
387978,3604,0.9189267004509182,false,387978,3604,0.9189267004509182
387978,55247,0.8723458095982932,false,387978,55247,0.8723458095982932
387978,4751,0.8076238262026503,false,387978,4751,0.8076238262026503
387978,7180,0.80587602040775,false,387978,7180,0.80587602040775
387978,9055,0.8821261649781081,false,387978,9055,0.8821261649781081
387978,56992,0.7774857560800452,false,387978,56992,0.7774857560800452
387978,55872,0.7435665009399891,false,387978,55872,0.7435665009399891
387978,7153,0.712097948497093,false,387978,7153,0.712097948497093
387978,27299,0.9391731594867513,false,387978,27299,0.9391731594867513
387978,6664,0.9906781927985298,false,387978,6664,0.9906781927985298
387978,64151,0.7771507892884284,false,387978,64151,0.7771507892884284
387978,100288637,0.7033788836528668,false,387978,100288637,0.7033788836528668
10874,6241,0.7966763521308724,false,10874,6241,0.7966763521308724
10874,24137,0.7328991298939989,false,10874,24137,0.7328991298939989
10874,9787,0.8168300080179255,false,10874,9787,0.8168300080179255
10874,221150,0.7100712333194338,false,10874,221150,0.7100712333194338
10874,991,0.740200048948405,false,10874,991,0.740200048948405
10874,1063,0.740935629379967,false,10874,1063,0.740935629379967
10874,259266,0.8200047856493674,false,10874,259266,0.8200047856493674
10874,150468,0.9033105782806139,false,10874,150468,0.9033105782806139
10874,891,0.8321246802782645,false,10874,891,0.8321246802782645
10874,147841,0.7588337279394279,false,10874,147841,0.7588337279394279
10874,8318,0.7247813632391624,false,10874,8318,0.7247813632391624
10874,128239,0.7470871525486221,false,10874,128239,0.7470871525486221
10874,9232,0.7364721491931128,false,10874,9232,0.7364721491931128
10874,10615,0.7020958774237375,false,10874,10615,0.7020958774237375
10874,55355,0.761622608228647,false,10874,55355,0.761622608228647
10874,64151,0.7335073264207574,false,10874,64151,0.7335073264207574
3580,6716,0.9103616919545874,false,3580,6716,0.9103616919545874
3580,219527,0.7721020739772487,false,3580,219527,0.7721020739772487
3580,1062,0.7352740270798663,false,3580,1062,0.7352740270798663
3580,6345,0.895057145135408,false,3580,6345,0.895057145135408
3580,4544,0.8770605760585809,false,3580,4544,0.8770605760585809
3580,116173,0.8133895830425395,false,3580,116173,0.8133895830425395
3580,101927686,0.8154359367617398,false,3580,101927686,0.8154359367617398
3580,1047,0.9090103584471406,false,3580,1047,0.9090103584471406
3580,594855,0.8010178269902424,false,3580,594855,0.8010178269902424
3580,646951,0.7344969993030549,false,3580,646951,0.7344969993030549
3580,3512,0.7796149877154755,false,3580,3512,0.7796149877154755
374393,1870,0.728644913040818,false,374393,1870,0.728644913040818
374393,29128,0.733011138576445,false,374393,29128,0.733011138576445
374393,9768,0.7289914736844615,false,374393,9768,0.7289914736844615
374393,9833,0.7591432868192467,false,374393,9833,0.7591432868192467
374393,11065,0.7245343144999633,false,374393,11065,0.7245343144999633
374393,55723,0.7757865881930581,false,374393,55723,0.7757865881930581
6241,83903,0.7066412537182256,false,6241,83903,0.7066412537182256
6241,24137,0.9329435478462046,false,6241,24137,0.9329435478462046
6241,9787,0.9440578236962408,false,6241,9787,0.9440578236962408
6241,221150,0.8700267476545129,false,6241,221150,0.8700267476545129
6241,100507118,0.8539113361056803,false,6241,100507118,0.8539113361056803
6241,991,0.8761662928230258,false,6241,991,0.8761662928230258
6241,983,0.7640691168645768,false,6241,983,0.7640691168645768
6241,10024,0.7602390684742315,false,6241,10024,0.7602390684742315
6241,51203,0.7991842200827602,false,6241,51203,0.7991842200827602
6241,9212,0.9032304928813354,false,6241,9212,0.9032304928813354
6241,1063,0.8929681478174575,false,6241,1063,0.8929681478174575
6241,146909,0.8147870311116766,false,6241,146909,0.8147870311116766
6241,259266,0.9062391383101408,false,6241,259266,0.9062391383101408
6241,55165,0.8801836770922801,false,6241,55165,0.8801836770922801
6241,150468,0.8789575180524467,false,6241,150468,0.8789575180524467
6241,1870,0.8200682251499131,false,6241,1870,0.8200682251499131
6241,57405,0.87561087679332,false,6241,57405,0.87561087679332
6241,29128,0.8252834746252595,false,6241,29128,0.8252834746252595
6241,57082,0.7708891929909584,false,6241,57082,0.7708891929909584
6241,891,0.8099145010535206,false,6241,891,0.8099145010535206
6241,147841,0.7634510533123969,false,6241,147841,0.7634510533123969
6241,8318,0.7266103716430119,false,6241,8318,0.7266103716430119
6241,128239,0.9064655235074466,false,6241,128239,0.9064655235074466
6241,1058,0.7293582040338934,false,6241,1058,0.7293582040338934
6241,55771,0.7018061012945194,false,6241,55771,0.7018061012945194
6241,9232,0.8469310559728994,false,6241,9232,0.8469310559728994
6241,10615,0.8570341837752953,false,6241,10615,0.8570341837752953
6241,9768,0.7809936794137746,false,6241,9768,0.7809936794137746
6241,79801,0.8259728969217484,false,6241,79801,0.8259728969217484
6241,55355,0.9364818436184162,false,6241,55355,0.9364818436184162
6241,157313,0.7073261606312121,false,6241,157313,0.7073261606312121
6241,9133,0.8303144424531221,false,6241,9133,0.8303144424531221
6241,9833,0.8257967125316762,false,6241,9833,0.8257967125316762
6241,11065,0.7739612316367581,false,6241,11065,0.7739612316367581
6241,56992,0.7205549055822404,false,6241,56992,0.7205549055822404
6241,55872,0.8340854684104606,false,6241,55872,0.8340854684104606
6241,7153,0.7467900472270147,false,6241,7153,0.7467900472270147
6241,9582,0.7680952954462896,false,6241,9582,0.7680952954462896
6241,55723,0.74458005945527,false,6241,55723,0.74458005945527
6241,23397,0.7753598434121365,false,6241,23397,0.7753598434121365
6241,3833,0.7876406265598428,false,6241,3833,0.7876406265598428
6241,64151,0.8716498785356914,false,6241,64151,0.8716498785356914
102724784,8352,0.7042175834346842,false,102724784,8352,0.7042175834346842
102724784,101927760,0.7868177290734918,false,102724784,101927760,0.7868177290734918
102724784,111216286,0.7823625483517567,false,102724784,111216286,0.7823625483517567
102724784,6273,0.8277431588903669,false,102724784,6273,0.8277431588903669
102724784,107985627,0.9529078987937362,false,102724784,107985627,0.9529078987937362
102724784,105375027,0.921262057127683,false,102724784,105375027,0.921262057127683
102724784,3754,0.9066394894305154,false,102724784,3754,0.9066394894305154
102724784,112802,0.7922435199864469,false,102724784,112802,0.7922435199864469
102724784,3881,0.8459934567387117,false,102724784,3881,0.8459934567387117
102724784,8355,0.73729947266963,false,102724784,8355,0.73729947266963
102724784,338797,0.74746368965717,false,102724784,338797,0.74746368965717
285987,3502,0.9270257221614295,false,285987,3502,0.9270257221614295
285987,4004,0.9959793614722446,false,285987,4004,0.9959793614722446
285987,4973,0.8157690790067946,false,285987,4973,0.8157690790067946
285987,5265,0.7551220694140378,false,285987,5265,0.7551220694140378
285987,5650,0.9868519233541289,false,285987,5650,0.9868519233541289
285987,6768,0.7384280095357393,false,285987,6768,0.7384280095357393
285987,58,0.9436975750780976,false,285987,58,0.9436975750780976
285987,105374986,0.7182537933414546,false,285987,105374986,0.7182537933414546
285987,27237,0.8892771252199916,false,285987,27237,0.8892771252199916
285987,28946,0.8128685305762167,false,285987,28946,0.8128685305762167
285987,101929707,0.9236540400398062,false,285987,101929707,0.9236540400398062
285987,5653,0.9836163959957701,false,285987,5653,0.9836163959957701
285987,2328,0.9139142798842937,false,285987,2328,0.9139142798842937
285987,1749,0.7131191786358373,false,285987,1749,0.7131191786358373
285987,2019,0.9215412605261274,false,285987,2019,0.9215412605261274
285987,102724714,0.7497766123065669,false,285987,102724714,0.7497766123065669
285987,28809,0.9922542356557004,false,285987,28809,0.9922542356557004
285987,134285,0.99042670264153,false,285987,134285,0.99042670264153
285987,284293,0.7451865583385202,false,285987,284293,0.7451865583385202
285987,115019,0.7182537933414546,false,285987,115019,0.7182537933414546
285987,389336,0.9106220102168142,false,285987,389336,0.9106220102168142
285987,25818,0.9451762298252128,false,285987,25818,0.9451762298252128
285987,102467080,0.7024473171617581,false,285987,102467080,0.7024473171617581
79191,5798,0.7308920624264259,false,79191,5798,0.7308920624264259
79191,57167,0.7510817054364544,false,79191,57167,0.7510817054364544
79191,120939,0.7647503740491258,false,79191,120939,0.7647503740491258
79191,109729184,0.8877161989589014,false,79191,109729184,0.8877161989589014
79191,100533990,0.7550040032361293,false,79191,100533990,0.7550040032361293
79191,344,0.8351935451813495,false,79191,344,0.8351935451813495
79191,4318,0.8658341315308528,false,79191,4318,0.8658341315308528
79191,29991,0.8091108443074664,false,79191,29991,0.8091108443074664
79191,168002,0.9360494351424113,false,79191,168002,0.9360494351424113
79191,105378305,0.8421595375308838,false,79191,105378305,0.8421595375308838
79056,23286,0.927608359270669,false,79056,23286,0.927608359270669
79056,6495,0.9104394817766511,false,79056,6495,0.9104394817766511
79056,54101,0.9373176138687498,false,79056,54101,0.9373176138687498
79056,654499,0.9442158270538885,false,79056,654499,0.9442158270538885
79056,100996301,0.8629156319050246,false,79056,100996301,0.8629156319050246
79056,653149,0.9352584542653178,false,79056,653149,0.9352584542653178
79056,112268037,0.8244377812146101,false,79056,112268037,0.8244377812146101
79056,3352,0.8272397608616875,false,79056,3352,0.8272397608616875
79056,245972,0.7373304388648273,false,79056,245972,0.7373304388648273
79056,340273,0.9458774399562466,false,79056,340273,0.9458774399562466
79056,101927355,0.8976674686787525,false,79056,101927355,0.8976674686787525
79056,366,0.7098319761075058,false,79056,366,0.7098319761075058
79056,51361,0.9461895558641663,false,79056,51361,0.9461895558641663
79056,100289137,0.8812481145873193,false,79056,100289137,0.8812481145873193
79056,158228,0.9461373199041521,false,79056,158228,0.9461373199041521
79056,2277,0.8122875327796906,false,79056,2277,0.8122875327796906
79056,81849,0.8124196855921478,false,79056,81849,0.8124196855921478
79056,143662,0.9482486874172795,false,79056,143662,0.9482486874172795
79056,253650,0.8468920985975922,false,79056,253650,0.8468920985975922
9388,23286,0.7446912806343441,false,9388,23286,0.7446912806343441
9388,105370924,0.8191045525202988,false,9388,105370924,0.8191045525202988
9388,54101,0.7275878755989398,false,9388,54101,0.7275878755989398
9388,654499,0.7439963277584122,false,9388,654499,0.7439963277584122
9388,100996301,0.759136386989756,false,9388,100996301,0.759136386989756
9388,9355,0.7095207667020605,false,9388,9355,0.7095207667020605
9388,653149,0.703406820615977,false,9388,653149,0.703406820615977
9388,112268037,0.9444147561087745,false,9388,112268037,0.9444147561087745
9388,245972,0.7018869764935531,false,9388,245972,0.7018869764935531
9388,340273,0.7394144432704216,false,9388,340273,0.7394144432704216
9388,101927355,0.7943907646045929,false,9388,101927355,0.7943907646045929
9388,51361,0.7389144719563591,false,9388,51361,0.7389144719563591
9388,158228,0.7382234618932844,false,9388,158228,0.7382234618932844
9388,2277,0.8653349296684364,false,9388,2277,0.8653349296684364
9388,81849,0.8385948104018978,false,9388,81849,0.8385948104018978
9388,143662,0.7224599052728442,false,9388,143662,0.7224599052728442
9388,253650,0.8589707139267706,false,9388,253650,0.8589707139267706
83903,9787,0.7178458500985372,false,83903,9787,0.7178458500985372
83903,389903,0.7458031288452318,false,83903,389903,0.7458031288452318
83903,1063,0.7022655437188443,false,83903,1063,0.7022655437188443
83903,150468,0.759821682967886,false,83903,150468,0.759821682967886
83903,55247,0.7004843850091942,false,83903,55247,0.7004843850091942
83903,55355,0.7256239536168938,false,83903,55355,0.7256239536168938
83903,9055,0.7026270329566545,false,83903,9055,0.7026270329566545
83903,56992,0.7596524493411306,false,83903,56992,0.7596524493411306
83903,64151,0.7477546735505758,false,83903,64151,0.7477546735505758
115701,284958,0.8887968722070383,false,115701,284958,0.8887968722070383
115701,105376041,0.8923938734206148,false,115701,105376041,0.8923938734206148
115701,3914,0.7116317879378968,false,115701,3914,0.7116317879378968
115701,105372950,0.7259717461210446,false,115701,105372950,0.7259717461210446
115701,646024,0.8923938734206148,false,115701,646024,0.8923938734206148
115701,55655,0.9141504913759377,false,115701,55655,0.9141504913759377
115701,1749,0.813780416508531,false,115701,1749,0.813780416508531
115701,11075,0.7405828942242872,false,115701,11075,0.7405828942242872
115701,2250,0.8373457652075291,false,115701,2250,0.8373457652075291
115701,109729169,0.7500053996418694,false,115701,109729169,0.7500053996418694
115701,4825,0.7283009456558294,false,115701,4825,0.7283009456558294
115701,731220,0.8110301700146042,false,115701,731220,0.8110301700146042
115701,3229,0.9475131532503207,false,115701,3229,0.9475131532503207
115701,387895,0.850126148583193,false,115701,387895,0.850126148583193
115701,105377508,0.7764194490594316,false,115701,105377508,0.7764194490594316
115701,84561,0.7390083164224032,false,115701,84561,0.7390083164224032
253582,112937,0.8310189393139559,false,253582,112937,0.8310189393139559
253582,102723547,0.7305290750622591,false,253582,102723547,0.7305290750622591
253582,131578,0.7930161556196015,false,253582,131578,0.7930161556196015
253582,110806280,0.7837720589595758,false,253582,110806280,0.7837720589595758
253582,3783,0.7478382354601156,false,253582,3783,0.7478382354601156
253582,400618,0.7072256207636379,false,253582,400618,0.7072256207636379
253582,158511,0.7937801831435973,false,253582,158511,0.7937801831435973
253582,22974,0.717815458024313,false,253582,22974,0.717815458024313
253582,105371664,0.903657140564122,false,253582,105371664,0.903657140564122
24137,9787,0.8946084177034563,false,24137,9787,0.8946084177034563
24137,221150,0.8925010010036324,false,24137,221150,0.8925010010036324
24137,100507118,0.8790862528033555,false,24137,100507118,0.8790862528033555
24137,991,0.8022263087452509,false,24137,991,0.8022263087452509
24137,983,0.8573383431119294,false,24137,983,0.8573383431119294
24137,9824,0.7134681205845028,false,24137,9824,0.7134681205845028
24137,51203,0.8129323831943168,false,24137,51203,0.8129323831943168
24137,9212,0.8536509186429784,false,24137,9212,0.8536509186429784
24137,1063,0.897854723814665,false,24137,1063,0.897854723814665
24137,146909,0.7350261863075106,false,24137,146909,0.7350261863075106
24137,7272,0.8032143373556149,false,24137,7272,0.8032143373556149
24137,259266,0.8431083350893002,false,24137,259266,0.8431083350893002
24137,55165,0.9299715985970565,false,24137,55165,0.9299715985970565
24137,10721,0.7186652240572938,false,24137,10721,0.7186652240572938
24137,150468,0.8054316916724253,false,24137,150468,0.8054316916724253
24137,57405,0.8424163981739552,false,24137,57405,0.8424163981739552
24137,29128,0.9009674374522789,false,24137,29128,0.9009674374522789
24137,3832,0.8036798355090707,false,24137,3832,0.8036798355090707
24137,57082,0.8065585869175359,false,24137,57082,0.8065585869175359
24137,55247,0.7453394526177811,false,24137,55247,0.7453394526177811
24137,891,0.8095726512057742,false,24137,891,0.8095726512057742
24137,4751,0.814415928185792,false,24137,4751,0.814415928185792
24137,55635,0.7192007377578679,false,24137,55635,0.7192007377578679
24137,128239,0.8147229828153593,false,24137,128239,0.8147229828153593
24137,55771,0.7146774911716441,false,24137,55771,0.7146774911716441
24137,9232,0.7194496515296428,false,24137,9232,0.7194496515296428
24137,10615,0.7631842154823953,false,24137,10615,0.7631842154823953
24137,9768,0.8181239567813262,false,24137,9768,0.8181239567813262
24137,79801,0.7679151434341621,false,24137,79801,0.7679151434341621
24137,55355,0.9382178923301646,false,24137,55355,0.9382178923301646
24137,9133,0.7880018782539536,false,24137,9133,0.7880018782539536
24137,9833,0.7655601155171239,false,24137,9833,0.7655601155171239
24137,9055,0.7520921494585604,false,24137,9055,0.7520921494585604
24137,11065,0.7162970445738123,false,24137,11065,0.7162970445738123
24137,157570,0.7727488385136012,false,24137,157570,0.7727488385136012
24137,56992,0.7419826937097911,false,24137,56992,0.7419826937097911
24137,55872,0.9007658696513642,false,24137,55872,0.9007658696513642
24137,7153,0.8487572318947847,false,24137,7153,0.8487572318947847
24137,23397,0.8176535812734481,false,24137,23397,0.8176535812734481
24137,3833,0.7308478331987932,false,24137,3833,0.7308478331987932
24137,64151,0.8980069015923182,false,24137,64151,0.8980069015923182
112937,3664,0.7276787878207016,false,112937,3664,0.7276787878207016
112937,991,0.7869797229802563,false,112937,991,0.7869797229802563
112937,102723547,0.7582799053552253,false,112937,102723547,0.7582799053552253
112937,5347,0.8109894455422965,false,112937,5347,0.8109894455422965
112937,10024,0.7246867431213542,false,112937,10024,0.7246867431213542
112937,131578,0.7906617727583914,false,112937,131578,0.7906617727583914
112937,9700,0.7087819615049498,false,112937,9700,0.7087819615049498
112937,9212,0.778619818732542,false,112937,9212,0.778619818732542
112937,112268460,0.7028046544067817,false,112937,112268460,0.7028046544067817
112937,110806280,0.9245375963857878,false,112937,110806280,0.9245375963857878
112937,8318,0.723468895297152,false,112937,8318,0.723468895297152
112937,128239,0.8521482012502443,false,112937,128239,0.8521482012502443
112937,55355,0.7062536997083683,false,112937,55355,0.7062536997083683
112937,9133,0.7187758002658682,false,112937,9133,0.7187758002658682
112937,729447,0.7253141291837257,false,112937,729447,0.7253141291837257
112937,3783,0.7079686550100399,false,112937,3783,0.7079686550100399
112937,400618,0.8761660910777567,false,112937,400618,0.8761660910777567
112937,158511,0.9031775194285564,false,112937,158511,0.9031775194285564
112937,101929215,0.7563839833988037,false,112937,101929215,0.7563839833988037
112937,105371664,0.8655329853130347,false,112937,105371664,0.8655329853130347
112937,3833,0.7974150905149686,false,112937,3833,0.7974150905149686
5798,57167,0.8109875635432208,false,5798,57167,0.8109875635432208
5798,120939,0.741407686688871,false,5798,120939,0.741407686688871
5798,109729184,0.8128009104196013,false,5798,109729184,0.8128009104196013
5798,100533990,0.93839351404097,false,5798,100533990,0.93839351404097
5798,105376041,0.7487133874315711,false,5798,105376041,0.7487133874315711
5798,646024,0.7487133874315712,false,5798,646024,0.7487133874315712
5798,344,0.912642962754937,false,5798,344,0.912642962754937
5798,4318,0.8123864260080379,false,5798,4318,0.8123864260080379
5798,11075,0.8657363369833072,false,5798,11075,0.8657363369833072
5798,2250,0.7117026691610304,false,5798,2250,0.7117026691610304
5798,168002,0.8118880195332782,false,5798,168002,0.8118880195332782
5798,109729169,0.9574755287129638,false,5798,109729169,0.9574755287129638
5798,100533789,0.7802989703160196,false,5798,100533789,0.7802989703160196
5798,387895,0.7215499683497933,false,5798,387895,0.7215499683497933
5798,105378305,0.7760516904978982,false,5798,105378305,0.7760516904978982
5798,647309,0.7445962211760477,false,5798,647309,0.7445962211760477
6690,1029,0.8146065237207178,false,6690,1029,0.8146065237207178
6690,112802,0.8119075887449024,false,6690,112802,0.8119075887449024
6690,3881,0.8065206307309958,false,6690,3881,0.8065206307309958
9787,221150,0.8631028658437682,false,9787,221150,0.8631028658437682
9787,100507118,0.8690026624732693,false,9787,100507118,0.8690026624732693
9787,991,0.9381768634751486,false,9787,991,0.9381768634751486
9787,983,0.7414315327089321,false,9787,983,0.7414315327089321
9787,10024,0.7528826901903813,false,9787,10024,0.7528826901903813
9787,51203,0.7886634945068824,false,9787,51203,0.7886634945068824
9787,9700,0.7870463410166131,false,9787,9700,0.7870463410166131
9787,107985017,0.7216594709314476,false,9787,107985017,0.7216594709314476
9787,9212,0.9361935729323417,false,9787,9212,0.9361935729323417
9787,1063,0.9154615189493622,false,9787,1063,0.9154615189493622
9787,146909,0.8488348867278005,false,9787,146909,0.8488348867278005
9787,259266,0.9540758205566239,false,9787,259266,0.9540758205566239
9787,55165,0.8099632477767468,false,9787,55165,0.8099632477767468
9787,150468,0.9080805168756,false,9787,150468,0.9080805168756
9787,57405,0.8354499761729497,false,9787,57405,0.8354499761729497
9787,29128,0.8156419455081879,false,9787,29128,0.8156419455081879
9787,57082,0.7074090129524043,false,9787,57082,0.7074090129524043
9787,891,0.7946393717701916,false,9787,891,0.7946393717701916
9787,147841,0.7078028748746371,false,9787,147841,0.7078028748746371
9787,128239,0.9352120154895289,false,9787,128239,0.9352120154895289
9787,1058,0.7983709262051423,false,9787,1058,0.7983709262051423
9787,9232,0.9015941821037853,false,9787,9232,0.9015941821037853
9787,10615,0.8532898823302716,false,9787,10615,0.8532898823302716
9787,79801,0.878110338098594,false,9787,79801,0.878110338098594
9787,55355,0.9259084775347665,false,9787,55355,0.9259084775347665
9787,9133,0.9082600295168965,false,9787,9133,0.9082600295168965
9787,9833,0.7706918328264276,false,9787,9833,0.7706918328264276
9787,9055,0.7558433017387465,false,9787,9055,0.7558433017387465
9787,11065,0.7855345471527372,false,9787,11065,0.7855345471527372
9787,55872,0.8020548569602607,false,9787,55872,0.8020548569602607
9787,9582,0.8031385528004039,false,9787,9582,0.8031385528004039
9787,55723,0.7386213517105111,false,9787,55723,0.7386213517105111
9787,3833,0.8178923281079702,false,9787,3833,0.8178923281079702
9787,64151,0.8572418389629226,false,9787,64151,0.8572418389629226
3664,102723547,0.8810450865093662,false,3664,102723547,0.8810450865093662
3664,91828,0.7801859363399503,false,3664,91828,0.7801859363399503
3664,729447,0.9151896262758981,false,3664,729447,0.9151896262758981
3664,3783,0.845955713718185,false,3664,3783,0.845955713718185
3664,158511,0.7929943087654041,false,3664,158511,0.7929943087654041
3664,101929215,0.7967533057299353,false,3664,101929215,0.7967533057299353
3502,4004,0.9161697067745369,false,3502,4004,0.9161697067745369
3502,4973,0.715746254203663,false,3502,4973,0.715746254203663
3502,5650,0.8993104279260669,false,3502,5650,0.8993104279260669
3502,6768,0.7887080801959696,false,3502,6768,0.7887080801959696
3502,58,0.8854429320864629,false,3502,58,0.8854429320864629
3502,105374986,0.7035880308179683,false,3502,105374986,0.7035880308179683
3502,27237,0.8062976038730499,false,3502,27237,0.8062976038730499
3502,28946,0.9481874239579592,false,3502,28946,0.9481874239579592
3502,101929707,0.8926377081710171,false,3502,101929707,0.8926377081710171
3502,5653,0.8995290722548852,false,3502,5653,0.8995290722548852
3502,2328,0.8623076977006284,false,3502,2328,0.8623076977006284
3502,2019,0.818845294296027,false,3502,2019,0.818845294296027
3502,102724714,0.8076242656230643,false,3502,102724714,0.8076242656230643
3502,28809,0.963963290072123,false,3502,28809,0.963963290072123
3502,134285,0.9082876965071314,false,3502,134285,0.9082876965071314
3502,284293,0.8162973627280529,false,3502,284293,0.8162973627280529
3502,115019,0.7035880308179683,false,3502,115019,0.7035880308179683
3502,389336,0.843728032288043,false,3502,389336,0.843728032288043
3502,25818,0.8315285751190453,false,3502,25818,0.8315285751190453
3502,3512,0.7186451953703294,false,3502,3512,0.7186451953703294
23286,6495,0.9530494291612044,false,23286,6495,0.9530494291612044
23286,54101,0.9751234666468226,false,23286,54101,0.9751234666468226
23286,654499,0.9789408969263727,false,23286,654499,0.9789408969263727
23286,100996301,0.9389317722274438,false,23286,100996301,0.9389317722274438
23286,653149,0.8277997237098202,false,23286,653149,0.8277997237098202
23286,112268037,0.8356711554686972,false,23286,112268037,0.8356711554686972
23286,3352,0.8344137422730992,false,23286,3352,0.8344137422730992
23286,245972,0.7841285083718632,false,23286,245972,0.7841285083718632
23286,340273,0.9802438084569761,false,23286,340273,0.9802438084569761
23286,101927355,0.9465358225348939,false,23286,101927355,0.9465358225348939
23286,366,0.7357123424484369,false,23286,366,0.7357123424484369
23286,51361,0.9794876567961035,false,23286,51361,0.9794876567961035
23286,100289137,0.9490109245195909,false,23286,100289137,0.9490109245195909
23286,158228,0.9801289827542078,false,23286,158228,0.9801289827542078
23286,2277,0.8704312738975537,false,23286,2277,0.8704312738975537
23286,81849,0.885665431201179,false,23286,81849,0.885665431201179
23286,143662,0.9696574024723696,false,23286,143662,0.9696574024723696
23286,22974,0.7421213126656534,false,23286,22974,0.7421213126656534
23286,253650,0.8941765249533747,false,23286,253650,0.8941765249533747
345079,4166,0.7427096926778782,false,345079,4166,0.7427096926778782
8352,101927760,0.8043970838380659,false,8352,101927760,0.8043970838380659
8352,111216286,0.7194352561749687,false,8352,111216286,0.7194352561749687
8352,6273,0.7679848977275529,false,8352,6273,0.7679848977275529
8352,105375027,0.7765724974845898,false,8352,105375027,0.7765724974845898
8352,3754,0.7091309086911075,false,8352,3754,0.7091309086911075
8352,8355,0.7862269720401723,false,8352,8355,0.7862269720401723
8352,53820,0.8532018247848299,false,8352,53820,0.8532018247848299
101927760,111216286,0.919687811944559,false,101927760,111216286,0.919687811944559
101927760,6273,0.9401497453441092,false,101927760,6273,0.9401497453441092
101927760,107985627,0.7563001664164222,false,101927760,107985627,0.7563001664164222
101927760,105375027,0.944256005981538,false,101927760,105375027,0.944256005981538
101927760,3754,0.8633648759973046,false,101927760,3754,0.8633648759973046
101927760,51512,0.7189563679982427,false,101927760,51512,0.7189563679982427
101927760,3881,0.7834620879029097,false,101927760,3881,0.7834620879029097
101927760,8355,0.9215180022365707,false,101927760,8355,0.9215180022365707
101927760,53820,0.8704593145560577,false,101927760,53820,0.8704593145560577
101927760,338797,0.8789327841767266,false,101927760,338797,0.8789327841767266
105377043,105369315,0.7833599192490472,false,105377043,105369315,0.7833599192490472
105377043,11075,0.72675299641383,false,105377043,11075,0.72675299641383
105377043,10642,0.7529461698606285,false,105377043,10642,0.7529461698606285
105377043,55867,0.7807078938867652,false,105377043,55867,0.7807078938867652
4004,4973,0.8369907064912708,false,4004,4973,0.8369907064912708
4004,5265,0.7703344221922304,false,4004,5265,0.7703344221922304
4004,5650,0.9879170866321058,false,4004,5650,0.9879170866321058
4004,6768,0.7095382188560937,false,4004,6768,0.7095382188560937
4004,58,0.9310723358808715,false,4004,58,0.9310723358808715
4004,105374986,0.7078122417573243,false,4004,105374986,0.7078122417573243
4004,27237,0.8858147230774883,false,4004,27237,0.8858147230774883
4004,28946,0.8005849940334218,false,4004,28946,0.8005849940334218
4004,101929707,0.9173808197456386,false,4004,101929707,0.9173808197456386
4004,5653,0.980452253189431,false,4004,5653,0.980452253189431
4004,2328,0.9102683290596588,false,4004,2328,0.9102683290596588
4004,1749,0.7017721069105816,false,4004,1749,0.7017721069105816
4004,2019,0.9184623316464808,false,4004,2019,0.9184623316464808
4004,102724714,0.7624146760587546,false,4004,102724714,0.7624146760587546
4004,28809,0.9871955922223582,false,4004,28809,0.9871955922223582
4004,134285,0.9889079535091073,false,4004,134285,0.9889079535091073
4004,284293,0.7298179872359052,false,4004,284293,0.7298179872359052
4004,115019,0.7078122417573243,false,4004,115019,0.7078122417573243
4004,389336,0.9025100737294651,false,4004,389336,0.9025100737294651
4004,25818,0.9498736156024926,false,4004,25818,0.9498736156024926
4004,102467080,0.7020764315796626,false,4004,102467080,0.7020764315796626
4973,5265,0.8122700398063316,false,4973,5265,0.8122700398063316
4973,5650,0.8223171562386467,false,4973,5650,0.8223171562386467
4973,58,0.7537120437132436,false,4973,58,0.7537120437132436
4973,55765,0.7290838395028572,false,4973,55765,0.7290838395028572
4973,27237,0.8315845929721281,false,4973,27237,0.8315845929721281
4973,101929707,0.715955493278587,false,4973,101929707,0.715955493278587
4973,5653,0.8182367682866947,false,4973,5653,0.8182367682866947
4973,2328,0.7197627052532151,false,4973,2328,0.7197627052532151
4973,2019,0.7329070520795249,false,4973,2019,0.7329070520795249
4973,28809,0.7952343437740151,false,4973,28809,0.7952343437740151
4973,134285,0.8149333910083636,false,4973,134285,0.8149333910083636
4973,389336,0.7223686425481299,false,4973,389336,0.7223686425481299
4973,25818,0.7506483318494336,false,4973,25818,0.7506483318494336
4973,102467080,0.724886696551412,false,4973,102467080,0.724886696551412
57167,120939,0.7072640870084698,false,57167,120939,0.7072640870084698
57167,109729184,0.7517087182544747,false,57167,109729184,0.7517087182544747
57167,100533990,0.8183588747287578,false,57167,100533990,0.8183588747287578
57167,344,0.8203912813076571,false,57167,344,0.8203912813076571
57167,4318,0.7372393172695645,false,57167,4318,0.7372393172695645
57167,11075,0.753284763835084,false,57167,11075,0.753284763835084
57167,168002,0.7314491850181047,false,57167,168002,0.7314491850181047
57167,109729169,0.7521452094103285,false,57167,109729169,0.7521452094103285
11004,1063,0.7135040734732062,false,11004,1063,0.7135040734732062
11004,79801,0.7011332854050839,false,11004,79801,0.7011332854050839
11004,9133,0.7231109731581172,false,11004,9133,0.7231109731581172
4547,3627,0.8583812609971618,false,4547,3627,0.8583812609971618
4547,389903,0.767116965569724,false,4547,389903,0.767116965569724
4547,105372115,0.84247275519166,false,4547,105372115,0.84247275519166
4547,9928,0.7100767870594055,false,4547,9928,0.7100767870594055
4547,3604,0.787666008007863,false,4547,3604,0.787666008007863
4547,55247,0.727376254196132,false,4547,55247,0.727376254196132
4547,29851,0.8501671245643224,false,4547,29851,0.8501671245643224
4547,7180,0.7787554448256877,false,4547,7180,0.7787554448256877
4547,653820,0.7244593233629041,false,4547,653820,0.7244593233629041
4547,9055,0.7215495579737939,false,4547,9055,0.7215495579737939
4547,27299,0.8594842664345169,false,4547,27299,0.8594842664345169
4547,6664,0.8790408922065861,false,4547,6664,0.8790408922065861
221150,100507118,0.9149543249781944,false,221150,100507118,0.9149543249781944
221150,991,0.7465596159119693,false,221150,991,0.7465596159119693
221150,983,0.7782200256184606,false,221150,983,0.7782200256184606
221150,389903,0.8512928934003834,false,221150,389903,0.8512928934003834
221150,105372115,0.7824882761401625,false,221150,105372115,0.7824882761401625
221150,51203,0.7990076542576852,false,221150,51203,0.7990076542576852
221150,9212,0.7719283435136052,false,221150,9212,0.7719283435136052
221150,1063,0.8307209893216768,false,221150,1063,0.8307209893216768
221150,146909,0.7168768789987441,false,221150,146909,0.7168768789987441
221150,9928,0.7089589822265151,false,221150,9928,0.7089589822265151
221150,7272,0.7965173973533481,false,221150,7272,0.7965173973533481
221150,259266,0.7870732353296601,false,221150,259266,0.7870732353296601
221150,55165,0.8672860126376282,false,221150,55165,0.8672860126376282
221150,150468,0.7656244115825077,false,221150,150468,0.7656244115825077
221150,57405,0.7466064954891652,false,221150,57405,0.7466064954891652
221150,29128,0.9173414602298894,false,221150,29128,0.9173414602298894
221150,57082,0.773935695569698,false,221150,57082,0.773935695569698
221150,55247,0.8185291753441335,false,221150,55247,0.8185291753441335
221150,891,0.892910808497763,false,221150,891,0.892910808497763
221150,4751,0.8375872140745066,false,221150,4751,0.8375872140745066
221150,128239,0.7633823859514245,false,221150,128239,0.7633823859514245
221150,10615,0.7616368306647702,false,221150,10615,0.7616368306647702
221150,9768,0.7428924612636071,false,221150,9768,0.7428924612636071
221150,79801,0.7794316444613324,false,221150,79801,0.7794316444613324
221150,55355,0.8534870622843019,false,221150,55355,0.8534870622843019
221150,9833,0.8116483929226932,false,221150,9833,0.8116483929226932
221150,9055,0.9022860574021638,false,221150,9055,0.9022860574021638
221150,11065,0.8717460409065596,false,221150,11065,0.8717460409065596
221150,56992,0.858169984230019,false,221150,56992,0.858169984230019
221150,55872,0.945592083849638,false,221150,55872,0.945592083849638
221150,7153,0.8159716621175594,false,221150,7153,0.8159716621175594
221150,9582,0.8066874510686238,false,221150,9582,0.8066874510686238
221150,55723,0.8117946123866696,false,221150,55723,0.8117946123866696
221150,6664,0.7045367887337336,false,221150,6664,0.7045367887337336
221150,23397,0.781673537354114,false,221150,23397,0.781673537354114
221150,3833,0.7398260937583873,false,221150,3833,0.7398260937583873
221150,64151,0.878378248256272,false,221150,64151,0.878378248256272
221150,100288637,0.7362426007685624,false,221150,100288637,0.7362426007685624
701,729533,0.7406869396595602,false,701,729533,0.7406869396595602
701,23532,0.8266009154393714,false,701,23532,0.8266009154393714
701,4283,0.8337221049807743,false,701,4283,0.8337221049807743
701,113730,0.7401234495057339,false,701,113730,0.7401234495057339
701,100506655,0.8255809351714016,false,701,100506655,0.8255809351714016
701,100506827,0.8014873470735167,false,701,100506827,0.8014873470735167
100507118,991,0.8200899002815674,false,100507118,991,0.8200899002815674
100507118,983,0.8061506197941083,false,100507118,983,0.8061506197941083
100507118,389903,0.7812275839550801,false,100507118,389903,0.7812275839550801
100507118,105372115,0.7214630834520978,false,100507118,105372115,0.7214630834520978
100507118,51203,0.7616007543963019,false,100507118,51203,0.7616007543963019
100507118,107985017,0.7372958115201116,false,100507118,107985017,0.7372958115201116
100507118,9212,0.8139999088879647,false,100507118,9212,0.8139999088879647
100507118,1063,0.8712209021146852,false,100507118,1063,0.8712209021146852
100507118,146909,0.8000070183047269,false,100507118,146909,0.8000070183047269
100507118,259266,0.8328802987871143,false,100507118,259266,0.8328802987871143
100507118,55165,0.8208323848714855,false,100507118,55165,0.8208323848714855
100507118,150468,0.7283875794692861,false,100507118,150468,0.7283875794692861
100507118,57405,0.8595061495914978,false,100507118,57405,0.8595061495914978
100507118,29128,0.8872509366523973,false,100507118,29128,0.8872509366523973
100507118,57082,0.7828928266359889,false,100507118,57082,0.7828928266359889
100507118,55247,0.7447427030078254,false,100507118,55247,0.7447427030078254
100507118,891,0.748763497822002,false,100507118,891,0.748763497822002
100507118,4751,0.772549549070567,false,100507118,4751,0.772549549070567
100507118,128239,0.7724940817732227,false,100507118,128239,0.7724940817732227
100507118,9232,0.7530237960808689,false,100507118,9232,0.7530237960808689
100507118,10615,0.7663001268673899,false,100507118,10615,0.7663001268673899
100507118,9768,0.7060683833800186,false,100507118,9768,0.7060683833800186
100507118,79801,0.8056262515455901,false,100507118,79801,0.8056262515455901
100507118,55355,0.8486813557143952,false,100507118,55355,0.8486813557143952
100507118,9133,0.7764521472381791,false,100507118,9133,0.7764521472381791
100507118,9833,0.7538978732952272,false,100507118,9833,0.7538978732952272
100507118,9055,0.8917279951365692,false,100507118,9055,0.8917279951365692
100507118,11065,0.8163184250518983,false,100507118,11065,0.8163184250518983
100507118,56992,0.8203384479165626,false,100507118,56992,0.8203384479165626
100507118,55872,0.8927778617414052,false,100507118,55872,0.8927778617414052
100507118,7153,0.8129413811018839,false,100507118,7153,0.8129413811018839
100507118,9582,0.7232026949090781,false,100507118,9582,0.7232026949090781
100507118,55723,0.7216051241780993,false,100507118,55723,0.7216051241780993
100507118,3833,0.777935311119117,false,100507118,3833,0.777935311119117
100507118,64151,0.8517983549558703,false,100507118,64151,0.8517983549558703
991,5347,0.7917299989927261,false,991,5347,0.7917299989927261
991,10024,0.8668950831234947,false,991,10024,0.8668950831234947
991,89958,0.7720562369656264,false,991,89958,0.7720562369656264
991,9700,0.8513429871069796,false,991,9700,0.8513429871069796
991,107985017,0.8111146643099933,false,991,107985017,0.8111146643099933
991,9212,0.9572941751416134,false,991,9212,0.9572941751416134
991,1063,0.8666659656739092,false,991,1063,0.8666659656739092
991,146909,0.8825126621512376,false,991,146909,0.8825126621512376
991,259266,0.9317168353914984,false,991,259266,0.9317168353914984
991,112268460,0.7231928016252073,false,991,112268460,0.7231928016252073
991,150468,0.8419026657212567,false,991,150468,0.8419026657212567
991,57405,0.8181684246837481,false,991,57405,0.8181684246837481
991,8318,0.7810512919958333,false,991,8318,0.7810512919958333
991,4605,0.8043477006626125,false,991,4605,0.8043477006626125
991,128239,0.9394751849433731,false,991,128239,0.9394751849433731
991,1058,0.7529159001378457,false,991,1058,0.7529159001378457
991,55771,0.7308414910927464,false,991,55771,0.7308414910927464
991,9232,0.9372012342283847,false,991,9232,0.9372012342283847
991,10615,0.9006148659609577,false,991,10615,0.9006148659609577
991,79801,0.8349638660366142,false,991,79801,0.8349638660366142
991,55355,0.8786221219004664,false,991,55355,0.8786221219004664
991,9133,0.9437386205570188,false,991,9133,0.9437386205570188
991,9833,0.7064260824725175,false,991,9833,0.7064260824725175
991,11065,0.793603250088903,false,991,11065,0.793603250088903
991,10460,0.7089469719998077,false,991,10460,0.7089469719998077
991,9582,0.7044171297618645,false,991,9582,0.7044171297618645
991,55723,0.7547367449787966,false,991,55723,0.7547367449787966
991,3833,0.9001206365884044,false,991,3833,0.9001206365884044
102723547,105377404,0.7354676616387534,false,102723547,105377404,0.7354676616387534
102723547,9096,0.7154027156345034,false,102723547,9096,0.7154027156345034
102723547,89858,0.7137535616196,false,102723547,89858,0.7137535616196
102723547,1058,0.8040305349308065,false,102723547,1058,0.8040305349308065
102723547,729447,0.960303970434609,false,102723547,729447,0.960303970434609
102723547,3783,0.8592469850665969,false,102723547,3783,0.8592469850665969
102723547,158511,0.8481890099857314,false,102723547,158511,0.8481890099857314
102723547,107984763,0.7444486967920325,false,102723547,107984763,0.7444486967920325
102723547,101929215,0.7605565725660179,false,102723547,101929215,0.7605565725660179
3627,105372115,0.8019274341803636,false,3627,105372115,0.8019274341803636
3627,23532,0.8540883775292146,false,3627,23532,0.8540883775292146
3627,3604,0.7549851906695395,false,3627,3604,0.7549851906695395
3627,29851,0.7675049541465833,false,3627,29851,0.7675049541465833
3627,7180,0.8149902973788733,false,3627,7180,0.8149902973788733
3627,653820,0.7485192414278056,false,3627,653820,0.7485192414278056
3627,27299,0.7123241588522938,false,3627,27299,0.7123241588522938
3627,6664,0.737359182565644,false,3627,6664,0.737359182565644
3627,100506655,0.8225959241764836,false,3627,100506655,0.8225959241764836
3627,100506827,0.7958944871272483,false,3627,100506827,0.7958944871272483
6716,219527,0.8960937876392141,false,6716,219527,0.8960937876392141
6716,6345,0.9217175939781872,false,6716,6345,0.9217175939781872
6716,4544,0.9566048753891356,false,6716,4544,0.9566048753891356
6716,116173,0.9561213487225088,false,6716,116173,0.9561213487225088
6716,101927686,0.828100805371969,false,6716,101927686,0.828100805371969
6716,1047,0.939905379118592,false,6716,1047,0.939905379118592
6716,9378,0.7300571320814246,false,6716,9378,0.7300571320814246
6716,594855,0.8633498114653004,false,6716,594855,0.8633498114653004
6716,646951,0.838477895208031,false,6716,646951,0.838477895208031
6716,3512,0.7718506278464389,false,6716,3512,0.7718506278464389
219527,6345,0.8515905241299934,false,219527,6345,0.8515905241299934
219527,4544,0.9549259394906123,false,219527,4544,0.9549259394906123
219527,116173,0.914816469995058,false,219527,116173,0.914816469995058
219527,101927686,0.8180859370237298,false,219527,101927686,0.8180859370237298
219527,26150,0.8082923097649949,false,219527,26150,0.8082923097649949
219527,1047,0.8720670301170971,false,219527,1047,0.8720670301170971
219527,9378,0.8179729161255146,false,219527,9378,0.8179729161255146
219527,594855,0.7867005079036102,false,219527,594855,0.7867005079036102
219527,646951,0.925079544526887,false,219527,646951,0.925079544526887
219527,3512,0.7133450904184618,false,219527,3512,0.7133450904184618
23566,89858,0.798109886295117,false,23566,89858,0.798109886295117
23566,53820,0.7907950305656729,false,23566,53820,0.7907950305656729
23566,107984763,0.9169554754122515,false,23566,107984763,0.9169554754122515
23566,83648,0.7760760295699961,false,23566,83648,0.7760760295699961
1029,103689845,0.7130531550539055,false,1029,103689845,0.7130531550539055
1029,3914,0.7817487222026197,false,1029,3914,0.7817487222026197
1029,2250,0.7185650579565099,false,1029,2250,0.7185650579565099
120939,109729184,0.7895617380639495,false,120939,109729184,0.7895617380639495
120939,100533990,0.7057973548606903,false,120939,100533990,0.7057973548606903
120939,344,0.7465170821478148,false,120939,344,0.7465170821478148
120939,4318,0.7772854262249931,false,120939,4318,0.7772854262249931
120939,29991,0.703655414070687,false,120939,29991,0.703655414070687
120939,168002,0.7917813452852241,false,120939,168002,0.7917813452852241
120939,109729169,0.7021997236467332,false,120939,109729169,0.7021997236467332
120939,26289,0.7622285096929952,false,120939,26289,0.7622285096929952
120939,105378305,0.8023783438012909,false,120939,105378305,0.8023783438012909
983,9824,0.7621910094734673,false,983,9824,0.7621910094734673
983,51203,0.9028531901988525,false,983,51203,0.9028531901988525
983,1063,0.7375063106575283,false,983,1063,0.7375063106575283
983,7272,0.8631307432072445,false,983,7272,0.8631307432072445
983,259266,0.7318752769038539,false,983,259266,0.7318752769038539
983,55165,0.8889495397900719,false,983,55165,0.8889495397900719
983,10721,0.7750746748529718,false,983,10721,0.7750746748529718
983,57405,0.8181395271833084,false,983,57405,0.8181395271833084
983,29128,0.9112535207488535,false,983,29128,0.9112535207488535
983,3832,0.921339587809287,false,983,3832,0.921339587809287
983,57082,0.8251318925634783,false,983,57082,0.8251318925634783
983,55247,0.8117530269833744,false,983,55247,0.8117530269833744
983,891,0.7049732904704331,false,983,891,0.7049732904704331
983,4751,0.8570209549078864,false,983,4751,0.8570209549078864
983,55635,0.8305110030733047,false,983,55635,0.8305110030733047
983,9768,0.8214784252496129,false,983,9768,0.8214784252496129
983,79801,0.8013554377486355,false,983,79801,0.8013554377486355
983,55355,0.7887289870267021,false,983,55355,0.7887289870267021
983,100533789,0.732423426289809,false,983,100533789,0.732423426289809
983,9133,0.7055780541937631,false,983,9133,0.7055780541937631
983,2845,0.7848735115120418,false,983,2845,0.7848735115120418
983,55388,0.791403909778418,false,983,55388,0.791403909778418
983,9833,0.7419593288951902,false,983,9833,0.7419593288951902
983,9055,0.7408640523551694,false,983,9055,0.7408640523551694
983,56992,0.7411927095937171,false,983,56992,0.7411927095937171
983,55872,0.8225337264057716,false,983,55872,0.8225337264057716
983,7153,0.924557565517315,false,983,7153,0.924557565517315
983,23397,0.8608933057297233,false,983,23397,0.8608933057297233
983,64151,0.8577060517954036,false,983,64151,0.8577060517954036
983,100288637,0.7973497190647981,false,983,100288637,0.7973497190647981
5347,9700,0.7879413323441851,false,5347,9700,0.7879413323441851
5347,9212,0.7093128060578989,false,5347,9212,0.7093128060578989
5347,112268460,0.7059956531003345,false,5347,112268460,0.7059956531003345
5347,110806280,0.7132615851929994,false,5347,110806280,0.7132615851929994
5347,128239,0.7545397088282234,false,5347,128239,0.7545397088282234
5347,10615,0.8042988796121985,false,5347,10615,0.8042988796121985
5347,158511,0.7835262438265348,false,5347,158511,0.7835262438265348
5347,11065,0.7888951023127768,false,5347,11065,0.7888951023127768
5347,55723,0.746379659882319,false,5347,55723,0.746379659882319
5347,3833,0.8477621728483513,false,5347,3833,0.8477621728483513
9824,51203,0.7464440787610934,false,9824,51203,0.7464440787610934
9824,55789,0.7201496164616595,false,9824,55789,0.7201496164616595
9824,7272,0.7435367493747819,false,9824,7272,0.7435367493747819
9824,55165,0.8120421645104126,false,9824,55165,0.8120421645104126
9824,10721,0.7530362489047642,false,9824,10721,0.7530362489047642
9824,29128,0.7481238618166527,false,9824,29128,0.7481238618166527
9824,3832,0.7629122015962194,false,9824,3832,0.7629122015962194
9824,57082,0.7456721589692996,false,9824,57082,0.7456721589692996
9824,55247,0.7530735322885085,false,9824,55247,0.7530735322885085
9824,4751,0.7585612556250759,false,9824,4751,0.7585612556250759
9824,55635,0.7063660775918825,false,9824,55635,0.7063660775918825
9824,9493,0.8588165036002119,false,9824,9493,0.8588165036002119
9824,2845,0.7044246280180654,false,9824,2845,0.7044246280180654
9824,9055,0.7017587299091316,false,9824,9055,0.7017587299091316
9824,7153,0.7870614851534877,false,9824,7153,0.7870614851534877
9824,23397,0.74574226914335,false,9824,23397,0.74574226914335
9824,64151,0.7979107832213771,false,9824,64151,0.7979107832213771
10024,89958,0.7397552538455479,false,10024,89958,0.7397552538455479
10024,9700,0.7445204687703956,false,10024,9700,0.7445204687703956
10024,9212,0.8025283369796737,false,10024,9212,0.8025283369796737
10024,146909,0.7503945126775295,false,10024,146909,0.7503945126775295
10024,259266,0.7932661366983665,false,10024,259266,0.7932661366983665
10024,112268460,0.7053427519457602,false,10024,112268460,0.7053427519457602
10024,1870,0.762262428251671,false,10024,1870,0.762262428251671
10024,57405,0.7594182744007505,false,10024,57405,0.7594182744007505
10024,8318,0.7802902246763446,false,10024,8318,0.7802902246763446
10024,4605,0.8574442720186705,false,10024,4605,0.8574442720186705
10024,128239,0.8397880689246787,false,10024,128239,0.8397880689246787
10024,55771,0.7001542664784723,false,10024,55771,0.7001542664784723
10024,9232,0.8673256111208091,false,10024,9232,0.8673256111208091
10024,10615,0.7377845538914034,false,10024,10615,0.7377845538914034
10024,79801,0.7472258258703052,false,10024,79801,0.7472258258703052
10024,55355,0.719595481914693,false,10024,55355,0.719595481914693
10024,157313,0.7309043484186023,false,10024,157313,0.7309043484186023
10024,9133,0.8717549167670569,false,10024,9133,0.8717549167670569
10024,3833,0.7306043646521148,false,10024,3833,0.7306043646521148
389903,105372115,0.9547352249707236,false,389903,105372115,0.9547352249707236
389903,1063,0.7239755153324114,false,389903,1063,0.7239755153324114
389903,29128,0.7417362322532489,false,389903,29128,0.7417362322532489
389903,3604,0.7927724072502809,false,389903,3604,0.7927724072502809
389903,55247,0.8865847259738239,false,389903,55247,0.8865847259738239
389903,4751,0.7867210678628703,false,389903,4751,0.7867210678628703
389903,7180,0.7034630837189765,false,389903,7180,0.7034630837189765
389903,9055,0.9255754040491642,false,389903,9055,0.9255754040491642
389903,56992,0.8673866785728874,false,389903,56992,0.8673866785728874
389903,55872,0.8140103674637924,false,389903,55872,0.8140103674637924
389903,9582,0.709609301227481,false,389903,9582,0.709609301227481
389903,27299,0.8422642552324433,false,389903,27299,0.8422642552324433
389903,6664,0.8951836447472713,false,389903,6664,0.8951836447472713
389903,64151,0.7958343106524367,false,389903,64151,0.7958343106524367
105369315,109729184,0.7064383449867055,false,105369315,109729184,0.7064383449867055
105369315,80714,0.7061633948430274,false,105369315,80714,0.7061633948430274
105369315,10642,0.7539748663312406,false,105369315,10642,0.7539748663312406
105369315,55867,0.8922854073588783,false,105369315,55867,0.8922854073588783
105372115,9928,0.75212282039063,false,105372115,9928,0.75212282039063
105372115,4085,0.707060954091635,false,105372115,4085,0.707060954091635
105372115,3604,0.8315798668388817,false,105372115,3604,0.8315798668388817
105372115,55247,0.8667964043633026,false,105372115,55247,0.8667964043633026
105372115,4751,0.782124522686679,false,105372115,4751,0.782124522686679
105372115,7180,0.841506462056114,false,105372115,7180,0.841506462056114
105372115,9055,0.8992212483080355,false,105372115,9055,0.8992212483080355
105372115,56992,0.9068900739227547,false,105372115,56992,0.9068900739227547
105372115,55872,0.7936872555944431,false,105372115,55872,0.7936872555944431
105372115,27299,0.8516130627830851,false,105372115,27299,0.8516130627830851
105372115,6664,0.9255945691712205,false,105372115,6664,0.9255945691712205
105372115,64151,0.7496732253486956,false,105372115,64151,0.7496732253486956
5265,5650,0.7707798745511235,false,5265,5650,0.7707798745511235
5265,58,0.7313617848250575,false,5265,58,0.7313617848250575
5265,27237,0.8057773038900342,false,5265,27237,0.8057773038900342
5265,101929707,0.7733212952346427,false,5265,101929707,0.7733212952346427
5265,5653,0.7950961181012333,false,5265,5653,0.7950961181012333
5265,27063,0.7525317596376019,false,5265,27063,0.7525317596376019
5265,10437,0.8959739613669524,false,5265,10437,0.8959739613669524
5265,102724714,0.7184987048771697,false,5265,102724714,0.7184987048771697
5265,28809,0.7382871021747215,false,5265,28809,0.7382871021747215
5265,134285,0.7430352437061767,false,5265,134285,0.7430352437061767
5265,102467080,0.8049652977274088,false,5265,102467080,0.8049652977274088
112714,116173,0.7204972092627315,false,112714,116173,0.7204972092627315
112714,646951,0.7819405382974458,false,112714,646951,0.7819405382974458
109729184,100533990,0.7829031867951373,false,109729184,100533990,0.7829031867951373
109729184,344,0.834734733341382,false,109729184,344,0.834734733341382
109729184,4318,0.9908261018457227,false,109729184,4318,0.9908261018457227
109729184,168002,0.9342027045033175,false,109729184,168002,0.9342027045033175
109729184,109729169,0.7617349786098047,false,109729184,109729169,0.7617349786098047
109729184,26289,0.8406023641233016,false,109729184,26289,0.8406023641233016
109729184,105378305,0.8677090778397287,false,109729184,105378305,0.8677090778397287
8345,6273,0.7118296312751506,false,8345,6273,0.7118296312751506
8345,103689845,0.774276505916767,false,8345,103689845,0.774276505916767
8345,51512,0.7407178899587489,false,8345,51512,0.7407178899587489
8345,8355,0.7584995186955301,false,8345,8355,0.7584995186955301
1750,56896,0.9075161323423516,false,1750,56896,0.9075161323423516
1750,105377123,0.7182611384212165,false,1750,105377123,0.7182611384212165
1750,80714,0.7001176654513097,false,1750,80714,0.7001176654513097
1750,284240,0.8268322629877571,false,1750,284240,0.8268322629877571
1750,3856,0.9442932058583304,false,1750,3856,0.9442932058583304
1750,113218482,0.9369272159357532,false,1750,113218482,0.9369272159357532
111216286,6273,0.8686058698713787,false,111216286,6273,0.8686058698713787
111216286,107985627,0.7613612981084155,false,111216286,107985627,0.7613612981084155
111216286,105375027,0.8674603367470122,false,111216286,105375027,0.8674603367470122
111216286,3754,0.811186622611397,false,111216286,3754,0.811186622611397
111216286,3881,0.7085837006170154,false,111216286,3881,0.7085837006170154
111216286,8355,0.8928993644187933,false,111216286,8355,0.8928993644187933
111216286,53820,0.865209556300328,false,111216286,53820,0.865209556300328
111216286,338797,0.7499390602019321,false,111216286,338797,0.7499390602019321
64094,2834,0.7937971206808707,false,64094,2834,0.7937971206808707
64094,5354,0.8095232206613134,false,64094,5354,0.8095232206613134
64094,574029,0.8156670491898186,false,64094,574029,0.8156670491898186
64094,1301,0.7449115169608685,false,64094,1301,0.7449115169608685
64094,107986951,0.8939808195530631,false,64094,107986951,0.8939808195530631
51203,1063,0.7106090382193204,false,51203,1063,0.7106090382193204
51203,9928,0.7322857268981029,false,51203,9928,0.7322857268981029
51203,7272,0.7929447117225623,false,51203,7272,0.7929447117225623
51203,259266,0.7847906763030362,false,51203,259266,0.7847906763030362
51203,55165,0.9101937333571757,false,51203,55165,0.9101937333571757
51203,10721,0.8033534549361051,false,51203,10721,0.8033534549361051
51203,150468,0.7051527477210533,false,51203,150468,0.7051527477210533
51203,57405,0.77858092367988,false,51203,57405,0.77858092367988
51203,29128,0.9231906427477854,false,51203,29128,0.9231906427477854
51203,3832,0.7671910232481735,false,51203,3832,0.7671910232481735
51203,57082,0.8741443166403619,false,51203,57082,0.8741443166403619
51203,55247,0.7528405363584233,false,51203,55247,0.7528405363584233
51203,891,0.7862496008752522,false,51203,891,0.7862496008752522
51203,4751,0.7672881392948243,false,51203,4751,0.7672881392948243
51203,55635,0.7219604753217493,false,51203,55635,0.7219604753217493
51203,128239,0.7114907216074275,false,51203,128239,0.7114907216074275
51203,10615,0.7410568472166814,false,51203,10615,0.7410568472166814
51203,9768,0.8351032657953841,false,51203,9768,0.8351032657953841
51203,79801,0.8537158277282416,false,51203,79801,0.8537158277282416
51203,55355,0.8408916533299464,false,51203,55355,0.8408916533299464
51203,9833,0.8153609928689097,false,51203,9833,0.8153609928689097
51203,9055,0.7877007349921518,false,51203,9055,0.7877007349921518
51203,157570,0.7037072954512238,false,51203,157570,0.7037072954512238
51203,56992,0.731778726550256,false,51203,56992,0.731778726550256
51203,55872,0.8273489483027592,false,51203,55872,0.8273489483027592
51203,7153,0.8952135933061948,false,51203,7153,0.8952135933061948
51203,23397,0.8305815334086996,false,51203,23397,0.8305815334086996
51203,64151,0.9104204499635308,false,51203,64151,0.9104204499635308
51203,100288637,0.7362262078358878,false,51203,100288637,0.7362262078358878
5650,58,0.9189201941706523,false,5650,58,0.9189201941706523
5650,105374986,0.725189218309932,false,5650,105374986,0.725189218309932
5650,27237,0.908339741146693,false,5650,27237,0.908339741146693
5650,28946,0.7766986649289221,false,5650,28946,0.7766986649289221
5650,101929707,0.9042648242321001,false,5650,101929707,0.9042648242321001
5650,5653,0.984169486191043,false,5650,5653,0.984169486191043
5650,2328,0.8995353320082553,false,5650,2328,0.8995353320082553
5650,1749,0.7817435831348852,false,5650,1749,0.7817435831348852
5650,2019,0.9158621006144237,false,5650,2019,0.9158621006144237
5650,102724714,0.7212146314533592,false,5650,102724714,0.7212146314533592
5650,28809,0.9722953252891803,false,5650,28809,0.9722953252891803
5650,134285,0.9724871067539332,false,5650,134285,0.9724871067539332
5650,115019,0.725189218309932,false,5650,115019,0.725189218309932
5650,389336,0.9443818199522863,false,5650,389336,0.9443818199522863
5650,25818,0.959375138513476,false,5650,25818,0.959375138513476
5650,102467080,0.7521912030666521,false,5650,102467080,0.7521912030666521
729533,653820,0.7434930622952453,false,729533,653820,0.7434930622952453
729533,100506827,0.7418766695386412,false,729533,100506827,0.7418766695386412
6273,103689845,0.8050006529547498,false,6273,103689845,0.8050006529547498
6273,107985627,0.759748825291572,false,6273,107985627,0.759748825291572
6273,105375027,0.9365226533531235,false,6273,105375027,0.9365226533531235
6273,3754,0.8502523990449616,false,6273,3754,0.8502523990449616
6273,3881,0.845584815878391,false,6273,3881,0.845584815878391
6273,8355,0.9123546265178593,false,6273,8355,0.9123546265178593
6273,53820,0.8114459597051673,false,6273,53820,0.8114459597051673
6273,338797,0.8783215879228082,false,6273,338797,0.8783215879228082
89958,1063,0.7089974989589626,false,89958,1063,0.7089974989589626
89958,146909,0.783352093332217,false,89958,146909,0.783352093332217
89958,259266,0.70205270038327,false,89958,259266,0.70205270038327
89958,57405,0.7553118662729876,false,89958,57405,0.7553118662729876
89958,4605,0.8980739766759391,false,89958,4605,0.8980739766759391
89958,55771,0.7103030161023905,false,89958,55771,0.7103030161023905
89958,9232,0.7086344867946592,false,89958,9232,0.7086344867946592
89958,10615,0.7320744188852039,false,89958,10615,0.7320744188852039
89958,9133,0.7132077340572106,false,89958,9133,0.7132077340572106
105370924,6332,0.8340234245178325,false,105370924,6332,0.8340234245178325
105370924,9355,0.8137309296680643,false,105370924,9355,0.8137309296680643
105370924,112268037,0.7656479892415408,false,105370924,112268037,0.7656479892415408
105370924,2277,0.7255061478028219,false,105370924,2277,0.7255061478028219
91828,107985017,0.7845596494311144,false,91828,107985017,0.7845596494311144
91828,112268460,0.7004790689329785,false,91828,112268460,0.7004790689329785
91828,55143,0.7550301918087339,false,91828,55143,0.7550301918087339
91828,1058,0.7001702308388909,false,91828,1058,0.7001702308388909
91828,729447,0.7409789690709274,false,91828,729447,0.7409789690709274
91828,3783,0.7125060960765643,false,91828,3783,0.7125060960765643
91828,101929215,0.7295376736705579,false,91828,101929215,0.7295376736705579
6768,58,0.7396546357647756,false,6768,58,0.7396546357647756
6768,105377123,0.7588632360005381,false,6768,105377123,0.7588632360005381
6768,28946,0.7636957241557869,false,6768,28946,0.7636957241557869
6768,5653,0.7205646423891672,false,6768,5653,0.7205646423891672
6768,2328,0.7356289371693514,false,6768,2328,0.7356289371693514
6768,2019,0.7002031511976547,false,6768,2019,0.7002031511976547
6768,28809,0.7612751393881941,false,6768,28809,0.7612751393881941
6768,134285,0.7351669963950314,false,6768,134285,0.7351669963950314
103689845,3914,0.7471299841635686,false,103689845,3914,0.7471299841635686
103689845,8355,0.711578900965707,false,103689845,8355,0.711578900965707
103689845,338797,0.7006449837842418,false,103689845,338797,0.7006449837842418
107985627,105375027,0.900456474198311,false,107985627,105375027,0.900456474198311
107985627,3754,0.9077896338530412,false,107985627,3754,0.9077896338530412
107985627,3881,0.7452293716916182,false,107985627,3881,0.7452293716916182
107985627,338797,0.7117008566579738,false,107985627,338797,0.7117008566579738
131578,110806280,0.7931860651763963,false,131578,110806280,0.7931860651763963
131578,128239,0.702110174642841,false,131578,128239,0.702110174642841
131578,3783,0.7813791673777594,false,131578,3783,0.7813791673777594
131578,101929215,0.8093839788949477,false,131578,101929215,0.8093839788949477
131578,105371664,0.7617096297893434,false,131578,105371664,0.7617096297893434
58,27237,0.7939391564659782,false,58,27237,0.7939391564659782
58,28946,0.7352097227992868,false,58,28946,0.7352097227992868
58,81624,0.7033011303061023,false,58,81624,0.7033011303061023
58,101929707,0.842816554457674,false,58,101929707,0.842816554457674
58,5653,0.9048510206706782,false,58,5653,0.9048510206706782
58,2328,0.814625113334271,false,58,2328,0.814625113334271
58,27063,0.7340384280727088,false,58,27063,0.7340384280727088
58,2019,0.8365651206361588,false,58,2019,0.8365651206361588
58,102724714,0.7999575448251939,false,58,102724714,0.7999575448251939
58,28809,0.929638515266239,false,58,28809,0.929638515266239
58,134285,0.9291070889463169,false,58,134285,0.9291070889463169
58,284293,0.743003189638015,false,58,284293,0.743003189638015
58,389336,0.8512899551374069,false,58,389336,0.8512899551374069
58,25818,0.8832885469064651,false,58,25818,0.8832885469064651
58,102467080,0.7372112688516499,false,58,102467080,0.7372112688516499
9700,107985017,0.8542539706487596,false,9700,107985017,0.8542539706487596
9700,9212,0.7988372394593496,false,9700,9212,0.7988372394593496
9700,146909,0.7380260008858964,false,9700,146909,0.7380260008858964
9700,259266,0.7345349800246332,false,9700,259266,0.7345349800246332
9700,112268460,0.7726465568462407,false,9700,112268460,0.7726465568462407
9700,128239,0.878532915252129,false,9700,128239,0.878532915252129
9700,9232,0.7867969531669884,false,9700,9232,0.7867969531669884
9700,10615,0.7298052507954766,false,9700,10615,0.7298052507954766
9700,79801,0.7430358805173688,false,9700,79801,0.7430358805173688
9700,55355,0.7209613020595791,false,9700,55355,0.7209613020595791
9700,9133,0.7508819338417756,false,9700,9133,0.7508819338417756
9700,9582,0.7882193389393244,false,9700,9582,0.7882193389393244
9700,3833,0.8662269786245473,false,9700,3833,0.8662269786245473
107985017,9212,0.8169716057856562,false,107985017,9212,0.8169716057856562
107985017,146909,0.8272853811353186,false,107985017,146909,0.8272853811353186
107985017,128239,0.7453288773197093,false,107985017,128239,0.7453288773197093
107985017,9232,0.8125250987510066,false,107985017,9232,0.8125250987510066
107985017,9133,0.7391948796270758,false,107985017,9133,0.7391948796270758
107985017,9582,0.7550394835093889,false,107985017,9582,0.7550394835093889
107985017,55723,0.7097967824514075,false,107985017,55723,0.7097967824514075
107985017,3833,0.8210274423139752,false,107985017,3833,0.8210274423139752
864,28946,0.712451056995281,false,864,28946,0.712451056995281
864,2328,0.7006286997914698,false,864,2328,0.7006286997914698
6332,9355,0.8693055053066705,false,6332,9355,0.8693055053066705
6332,186,0.7989360813461055,false,6332,186,0.7989360813461055
6332,574029,0.715728792639475,false,6332,574029,0.715728792639475
100533990,344,0.9798188863764355,false,100533990,344,0.9798188863764355
100533990,4318,0.7760028902542105,false,100533990,4318,0.7760028902542105
100533990,11075,0.7766053277791771,false,100533990,11075,0.7766053277791771
100533990,168002,0.7958189877212205,false,100533990,168002,0.7958189877212205
100533990,109729169,0.89396749928299,false,100533990,109729169,0.89396749928299
100533990,105378305,0.7388024988660841,false,100533990,105378305,0.7388024988660841
27091,5354,0.71440015919799,false,27091,5354,0.71440015919799
27091,6865,0.7841705968823934,false,27091,6865,0.7841705968823934
6495,54101,0.9707169263614961,false,6495,54101,0.9707169263614961
6495,654499,0.9742522608438104,false,6495,654499,0.9742522608438104
6495,100996301,0.8884163274960959,false,6495,100996301,0.8884163274960959
6495,653149,0.8256758115970266,false,6495,653149,0.8256758115970266
6495,112268037,0.8232909800235952,false,6495,112268037,0.8232909800235952
6495,3352,0.81407354197853,false,6495,3352,0.81407354197853
6495,245972,0.7737120213922284,false,6495,245972,0.7737120213922284
6495,340273,0.9748474758680237,false,6495,340273,0.9748474758680237
6495,101927355,0.9216695532387446,false,6495,101927355,0.9216695532387446
6495,366,0.7174091927126172,false,6495,366,0.7174091927126172
6495,51361,0.972635296897873,false,6495,51361,0.972635296897873
6495,29851,0.7275823856447847,false,6495,29851,0.7275823856447847
6495,100289137,0.9182603389213417,false,6495,100289137,0.9182603389213417
6495,158228,0.9751565874198493,false,6495,158228,0.9751565874198493
6495,2277,0.8462011259357793,false,6495,2277,0.8462011259357793
6495,81849,0.8163302996153082,false,6495,81849,0.8163302996153082
6495,143662,0.9669647562824265,false,6495,143662,0.9669647562824265
6495,22974,0.7608463745694435,false,6495,22974,0.7608463745694435
6495,253650,0.8511453567638315,false,6495,253650,0.8511453567638315
56896,80714,0.78828620615826,false,56896,80714,0.78828620615826
56896,284240,0.9041194921996194,false,56896,284240,0.9041194921996194
56896,3856,0.8925693865442769,false,56896,3856,0.8925693865442769
56896,113218482,0.8827848982754132,false,56896,113218482,0.8827848982754132
9312,1748,0.7475426191650878,false,9312,1748,0.7475426191650878
9312,283078,0.909395799766082,false,9312,283078,0.909395799766082
105375077,105376041,0.7445280139819254,false,105375077,105376041,0.7445280139819254
105375077,105372950,0.8593121160594684,false,105375077,105372950,0.8593121160594684
105375077,646024,0.7445280139819256,false,105375077,646024,0.7445280139819256
105375077,84561,0.8045146522978924,false,105375077,84561,0.8045146522978924
105377123,105374986,0.9073835031123632,false,105377123,105374986,0.9073835031123632
105377123,5653,0.7206300720987775,false,105377123,5653,0.7206300720987775
105377123,28809,0.7031480216780476,false,105377123,28809,0.7031480216780476
105377123,115019,0.9073835031123632,false,105377123,115019,0.9073835031123632
105377123,3856,0.7697517242814461,false,105377123,3856,0.7697517242814461
105377123,113218482,0.7281095223761482,false,105377123,113218482,0.7281095223761482
105374986,27237,0.787146555968759,false,105374986,27237,0.787146555968759
105374986,5653,0.782754887862366,false,105374986,5653,0.782754887862366
105374986,1749,0.8135628420210964,false,105374986,1749,0.8135628420210964
105374986,28809,0.7242882316329048,false,105374986,28809,0.7242882316329048
105374986,134285,0.7005348443963063,false,105374986,134285,0.7005348443963063
105374986,115019,0.9999999999999999,false,105374986,115019,0.9999999999999999
105374986,55057,0.7545322885999882,false,105374986,55057,0.7545322885999882
105374986,389336,0.8077724333220411,false,105374986,389336,0.8077724333220411
55789,3832,0.7148083169201016,false,55789,3832,0.7148083169201016
55789,641,0.7022467089745046,false,55789,641,0.7022467089745046
105377404,9096,0.7439432815131676,false,105377404,9096,0.7439432815131676
55765,27237,0.7559134801058262,false,55765,27237,0.7559134801058262
55765,1749,0.7827681049009787,false,55765,1749,0.7827681049009787
55765,389336,0.7147774405551232,false,55765,389336,0.7147774405551232
55765,102467080,0.7719688507753651,false,55765,102467080,0.7719688507753651
899,9055,0.7359454640404529,false,899,9055,0.7359454640404529
54101,654499,0.9983025867142783,false,54101,654499,0.9983025867142783
54101,100996301,0.9307311560031527,false,54101,100996301,0.9307311560031527
54101,653149,0.8562957025506056,false,54101,653149,0.8562957025506056
54101,112268037,0.8480489649110973,false,54101,112268037,0.8480489649110973
54101,3352,0.8655055648830852,false,54101,3352,0.8655055648830852
54101,245972,0.8406510008305592,false,54101,245972,0.8406510008305592
54101,340273,0.9984705402215155,false,54101,340273,0.9984705402215155
54101,101927355,0.9465855015526251,false,54101,101927355,0.9465855015526251
54101,366,0.7525755076058779,false,54101,366,0.7525755076058779
54101,51361,0.9984002059471097,false,54101,51361,0.9984002059471097
54101,100289137,0.9596412416643065,false,54101,100289137,0.9596412416643065
54101,158228,0.9984800528296122,false,54101,158228,0.9984800528296122
54101,2277,0.8718941424740211,false,54101,2277,0.8718941424740211
54101,81849,0.8844987001792406,false,54101,81849,0.8844987001792406
54101,143662,0.9956330748057957,false,54101,143662,0.9956330748057957
54101,22974,0.7299475034788955,false,54101,22974,0.7299475034788955
54101,253650,0.9043872304538855,false,54101,253650,0.9043872304538855
9212,1063,0.8707054538835503,false,9212,1063,0.8707054538835503
9212,146909,0.8973371446165347,false,9212,146909,0.8973371446165347
9212,259266,0.8901699129581279,false,9212,259266,0.8901699129581279
9212,112268460,0.742717561360542,false,9212,112268460,0.742717561360542
9212,55143,0.7711616233906337,false,9212,55143,0.7711616233906337
9212,150468,0.7837034749284273,false,9212,150468,0.7837034749284273
9212,57405,0.8031437191973578,false,9212,57405,0.8031437191973578
9212,8318,0.7541093430960217,false,9212,8318,0.7541093430960217
9212,128239,0.9339759870955003,false,9212,128239,0.9339759870955003
9212,1058,0.868915187498708,false,9212,1058,0.868915187498708
9212,55771,0.7606309611093934,false,9212,55771,0.7606309611093934
9212,9232,0.9270583263645265,false,9212,9232,0.9270583263645265
9212,10615,0.8524394138567168,false,9212,10615,0.8524394138567168
9212,79801,0.7946917455175169,false,9212,79801,0.7946917455175169
9212,55355,0.87525508278277,false,9212,55355,0.87525508278277
9212,9133,0.9335427526716464,false,9212,9133,0.9335427526716464
9212,9833,0.7570283684175784,false,9212,9833,0.7570283684175784
9212,158511,0.7304293832800528,false,9212,158511,0.7304293832800528
9212,11065,0.7486485801432663,false,9212,11065,0.7486485801432663
9212,55872,0.7018573219837578,false,9212,55872,0.7018573219837578
9212,10460,0.7061882551728743,false,9212,10460,0.7061882551728743
9212,9582,0.7829478724647182,false,9212,9582,0.7829478724647182
9212,55723,0.7530346808062034,false,9212,55723,0.7530346808062034
9212,3833,0.9049901531534918,false,9212,3833,0.9049901531534918
27237,101929707,0.8781913344523212,false,27237,101929707,0.8781913344523212
27237,5653,0.9294052268180348,false,27237,5653,0.9294052268180348
27237,2328,0.8368278967447954,false,27237,2328,0.8368278967447954
27237,1749,0.8763349009731788,false,27237,1749,0.8763349009731788
27237,10437,0.7553958589200535,false,27237,10437,0.7553958589200535
27237,2019,0.8488384011575403,false,27237,2019,0.8488384011575403
27237,28809,0.8756655256109076,false,27237,28809,0.8756655256109076
27237,134285,0.8799205843596091,false,27237,134285,0.8799205843596091
27237,115019,0.7871465559687589,false,27237,115019,0.7871465559687589
27237,389336,0.9168879925695897,false,27237,389336,0.9168879925695897
27237,25818,0.8400360567080666,false,27237,25818,0.8400360567080666
27237,102467080,0.7313471169289248,false,27237,102467080,0.7313471169289248
1063,146909,0.8654855631271502,false,1063,146909,0.8654855631271502
1063,259266,0.9159089259693953,false,1063,259266,0.9159089259693953
1063,55165,0.7992037222229418,false,1063,55165,0.7992037222229418
1063,150468,0.8408682850104309,false,1063,150468,0.8408682850104309
1063,57405,0.8686992284408009,false,1063,57405,0.8686992284408009
1063,29128,0.7969129047563862,false,1063,29128,0.7969129047563862
1063,57082,0.7652214573311723,false,1063,57082,0.7652214573311723
1063,128239,0.790971685452147,false,1063,128239,0.790971685452147
1063,9232,0.8485234229162048,false,1063,9232,0.8485234229162048
1063,10615,0.7858346717619055,false,1063,10615,0.7858346717619055
1063,79801,0.8468253333934399,false,1063,79801,0.8468253333934399
1063,55355,0.8651670688463927,false,1063,55355,0.8651670688463927
1063,9133,0.8401070163047798,false,1063,9133,0.8401070163047798
1063,9833,0.7166357298551663,false,1063,9833,0.7166357298551663
1063,9055,0.7415035961836773,false,1063,9055,0.7415035961836773
1063,55872,0.8692232142460099,false,1063,55872,0.8692232142460099
1063,7153,0.7130144083786564,false,1063,7153,0.7130144083786564
1063,3833,0.7870767163288447,false,1063,3833,0.7870767163288447
1063,64151,0.8649527402261852,false,1063,64151,0.8649527402261852
284958,105376041,0.899270343614146,false,284958,105376041,0.899270343614146
284958,105372950,0.7178248090508421,false,284958,105372950,0.7178248090508421
284958,646024,0.899270343614146,false,284958,646024,0.899270343614146
284958,55655,0.880649538598673,false,284958,55655,0.880649538598673
284958,84419,0.7068884389726885,false,284958,84419,0.7068884389726885
284958,2250,0.8373896269584039,false,284958,2250,0.8373896269584039
284958,109729169,0.7280613974882069,false,284958,109729169,0.7280613974882069
284958,4825,0.7359679913411937,false,284958,4825,0.7359679913411937
284958,731220,0.7339472851020263,false,284958,731220,0.7339472851020263
284958,3229,0.9027235327207498,false,284958,3229,0.9027235327207498
284958,387895,0.88418256796151,false,284958,387895,0.88418256796151
284958,105377508,0.9191375481166688,false,284958,105377508,0.9191375481166688
284958,647309,0.741027124792235,false,284958,647309,0.741027124792235
23532,4283,0.9104437181634204,false,23532,4283,0.9104437181634204
23532,113730,0.7522481336028083,false,23532,113730,0.7522481336028083
23532,7180,0.7196835061450098,false,23532,7180,0.7196835061450098
23532,100506655,0.9902831669231779,false,23532,100506655,0.9902831669231779
23532,100506827,0.864305931565404,false,23532,100506827,0.864305931565404
105376041,105372950,0.8574845438179963,false,105376041,105372950,0.8574845438179963
105376041,646024,1.0,false,105376041,646024,1.0
105376041,55655,0.9174041710728844,false,105376041,55655,0.9174041710728844
105376041,11075,0.8366600015353789,false,105376041,11075,0.8366600015353789
105376041,2250,0.8106640572151496,false,105376041,2250,0.8106640572151496
105376041,109729169,0.8326210549533389,false,105376041,109729169,0.8326210549533389
105376041,731220,0.8620357639258355,false,105376041,731220,0.8620357639258355
105376041,3229,0.939779513021805,false,105376041,3229,0.939779513021805
105376041,387895,0.9235310794847738,false,105376041,387895,0.9235310794847738
105376041,105377508,0.9181366151267882,false,105376041,105377508,0.9181366151267882
105376041,84561,0.8318041295360593,false,105376041,84561,0.8318041295360593
105376041,647309,0.7531824849149168,false,105376041,647309,0.7531824849149168
1748,283078,0.7056320404265345,false,1748,283078,0.7056320404265345
3914,1749,0.7565045447981649,false,3914,1749,0.7565045447981649
146909,259266,0.8371344709060474,false,146909,259266,0.8371344709060474
146909,150468,0.7197024501168611,false,146909,150468,0.7197024501168611
146909,1870,0.7344517961248751,false,146909,1870,0.7344517961248751
146909,57405,0.8333916864083936,false,146909,57405,0.8333916864083936
146909,128239,0.7757546782799418,false,146909,128239,0.7757546782799418
146909,1058,0.7438233627609051,false,146909,1058,0.7438233627609051
146909,9232,0.8990541073061503,false,146909,9232,0.8990541073061503
146909,10615,0.8169388207688923,false,146909,10615,0.8169388207688923
146909,79801,0.7939756835462753,false,146909,79801,0.7939756835462753
146909,55355,0.7517519169839334,false,146909,55355,0.7517519169839334
146909,9133,0.8378699059155309,false,146909,9133,0.8378699059155309
146909,9833,0.7565296509603415,false,146909,9833,0.7565296509603415
146909,9582,0.739951478127915,false,146909,9582,0.739951478127915
146909,55723,0.7542316759198876,false,146909,55723,0.7542316759198876
146909,3833,0.8395150646269103,false,146909,3833,0.8395150646269103
28946,101929707,0.7806103965697384,false,28946,101929707,0.7806103965697384
28946,5653,0.781417267002925,false,28946,5653,0.781417267002925
28946,2328,0.7930808774031802,false,28946,2328,0.7930808774031802
28946,2019,0.7158673202751608,false,28946,2019,0.7158673202751608
28946,28809,0.8717422034876924,false,28946,28809,0.8717422034876924
28946,134285,0.7962354920583359,false,28946,134285,0.7962354920583359
28946,284293,0.7476426241460068,false,28946,284293,0.7476426241460068
28946,389336,0.7077452536503481,false,28946,389336,0.7077452536503481
28946,25818,0.7101740096199939,false,28946,25818,0.7101740096199939
28946,3512,0.862374247166767,false,28946,3512,0.862374247166767
9928,7272,0.7175262323599932,false,9928,7272,0.7175262323599932
9928,55165,0.7951063953783181,false,9928,55165,0.7951063953783181
9928,4085,0.7386093854655027,false,9928,4085,0.7386093854655027
9928,10721,0.817461435435585,false,9928,10721,0.817461435435585
9928,29128,0.7781429378339266,false,9928,29128,0.7781429378339266
9928,57082,0.8829377101544882,false,9928,57082,0.8829377101544882
9928,55247,0.841278032863103,false,9928,55247,0.841278032863103
9928,891,0.7188449162732562,false,9928,891,0.7188449162732562
9928,4751,0.8713470250753205,false,9928,4751,0.8713470250753205
9928,55635,0.7098400048414598,false,9928,55635,0.7098400048414598
9928,9768,0.7576871269486304,false,9928,9768,0.7576871269486304
9928,7180,0.7684812396202594,false,9928,7180,0.7684812396202594
9928,2845,0.8223395339746453,false,9928,2845,0.8223395339746453
9928,9055,0.7341963687657277,false,9928,9055,0.7341963687657277
9928,56992,0.7836571374011027,false,9928,56992,0.7836571374011027
9928,55872,0.8308296777032846,false,9928,55872,0.8308296777032846
9928,7153,0.8751023283135142,false,9928,7153,0.8751023283135142
9928,27299,0.7560237362289214,false,9928,27299,0.7560237362289214
9928,6664,0.8219237491196414,false,9928,6664,0.8219237491196414
9928,23397,0.7106318500762403,false,9928,23397,0.7106318500762403
9928,64151,0.8455101203016424,false,9928,64151,0.8455101203016424
9928,100288637,0.7946192419074258,false,9928,100288637,0.7946192419074258
81624,102724714,0.7452007192770134,false,81624,102724714,0.7452007192770134
81624,389336,0.7369866915055066,false,81624,389336,0.7369866915055066
101929707,5653,0.9238480793140945,false,101929707,5653,0.9238480793140945
101929707,2328,0.8599106570179417,false,101929707,2328,0.8599106570179417
101929707,27063,0.777464318824001,false,101929707,27063,0.777464318824001
101929707,10437,0.7033665063237442,false,101929707,10437,0.7033665063237442
101929707,2019,0.8297959302462211,false,101929707,2019,0.8297959302462211
101929707,102724714,0.7536423952573374,false,101929707,102724714,0.7536423952573374
101929707,28809,0.9332462713274855,false,101929707,28809,0.9332462713274855
101929707,134285,0.9065350878926987,false,101929707,134285,0.9065350878926987
101929707,284293,0.7012611141748877,false,101929707,284293,0.7012611141748877
101929707,389336,0.8257190768929981,false,101929707,389336,0.8257190768929981
101929707,25818,0.8357963500677954,false,101929707,25818,0.8357963500677954
654499,100996301,0.9259390787716824,false,654499,100996301,0.9259390787716824
654499,653149,0.8662940696626664,false,654499,653149,0.8662940696626664
654499,112268037,0.8623481393917264,false,654499,112268037,0.8623481393917264
654499,3352,0.857578896017699,false,654499,3352,0.857578896017699
654499,245972,0.8216278939245047,false,654499,245972,0.8216278939245047
654499,340273,0.9998370814083918,false,654499,340273,0.9998370814083918
654499,101927355,0.9506310393552558,false,654499,101927355,0.9506310393552558
654499,366,0.7555934523579266,false,654499,366,0.7555934523579266
654499,51361,0.9993549610433436,false,654499,51361,0.9993549610433436
654499,100289137,0.9613706639787242,false,654499,100289137,0.9613706639787242
654499,158228,0.9998257131251621,false,654499,158228,0.9998257131251621
654499,2277,0.8841919162546206,false,654499,2277,0.8841919162546206
654499,81849,0.8802661643766305,false,654499,81849,0.8802661643766305
654499,143662,0.9959045268236746,false,654499,143662,0.9959045268236746
654499,22974,0.7455573175743633,false,654499,22974,0.7455573175743633
654499,253650,0.911201986365897,false,654499,253650,0.911201986365897
105372950,646024,0.8574845438179965,false,105372950,646024,0.8574845438179965
105372950,55655,0.7846008829784874,false,105372950,55655,0.7846008829784874
105372950,80714,0.7242526729061524,false,105372950,80714,0.7242526729061524
105372950,731220,0.7171464939858531,false,105372950,731220,0.7171464939858531
105372950,3229,0.7776111415989111,false,105372950,3229,0.7776111415989111
105372950,387895,0.7733274221184214,false,105372950,387895,0.7733274221184214
105372950,105377508,0.757937154826485,false,105372950,105377508,0.757937154826485
105372950,84561,0.9683979253651754,false,105372950,84561,0.9683979253651754
100996301,653149,0.7510322062090127,false,100996301,653149,0.7510322062090127
100996301,112268037,0.820906380211903,false,100996301,112268037,0.820906380211903
100996301,3352,0.8244033885338746,false,100996301,3352,0.8244033885338746
100996301,245972,0.7833649672030834,false,100996301,245972,0.7833649672030834
100996301,340273,0.9279247182117538,false,100996301,340273,0.9279247182117538
100996301,101927355,0.9380930955049824,false,100996301,101927355,0.9380930955049824
100996301,51361,0.9237183515383594,false,100996301,51361,0.9237183515383594
100996301,100289137,0.8726828451085725,false,100996301,100289137,0.8726828451085725
100996301,158228,0.9273519777324996,false,100996301,158228,0.9273519777324996
100996301,2277,0.7763582503245647,false,100996301,2277,0.7763582503245647
100996301,81849,0.9594515025901686,false,100996301,81849,0.9594515025901686
100996301,143662,0.9179864026449682,false,100996301,143662,0.9179864026449682
100996301,253650,0.9039026352717399,false,100996301,253650,0.9039026352717399
5653,2328,0.9027280814462733,false,5653,2328,0.9027280814462733
5653,1749,0.7711703171384768,false,5653,1749,0.7711703171384768
5653,10437,0.7144764984446416,false,5653,10437,0.7144764984446416
5653,2019,0.9037910397620522,false,5653,2019,0.9037910397620522
5653,102724714,0.7063561781942209,false,5653,102724714,0.7063561781942209
5653,28809,0.9725637580896505,false,5653,28809,0.9725637580896505
5653,134285,0.9667636077930963,false,5653,134285,0.9667636077930963
5653,115019,0.782754887862366,false,5653,115019,0.782754887862366
5653,389336,0.9323087585266205,false,5653,389336,0.9323087585266205
5653,25818,0.939611814050248,false,5653,25818,0.939611814050248
5653,102467080,0.7286011017802033,false,5653,102467080,0.7286011017802033
7272,55165,0.8608435689482298,false,7272,55165,0.8608435689482298
7272,4085,0.7551026430412293,false,7272,4085,0.7551026430412293
7272,10721,0.865105195352954,false,7272,10721,0.865105195352954
7272,29128,0.875210342935059,false,7272,29128,0.875210342935059
7272,3832,0.7974799778923439,false,7272,3832,0.7974799778923439
7272,55247,0.7855861462061692,false,7272,55247,0.7855861462061692
7272,891,0.7224648079586365,false,7272,891,0.7224648079586365
7272,4751,0.8864153588266909,false,7272,4751,0.8864153588266909
7272,55635,0.7546304628016556,false,7272,55635,0.7546304628016556
7272,9768,0.7647816060178663,false,7272,9768,0.7647816060178663
7272,2845,0.783075601137755,false,7272,2845,0.783075601137755
7272,55388,0.7184944709054801,false,7272,55388,0.7184944709054801
7272,9833,0.8028783375969235,false,7272,9833,0.8028783375969235
7272,9055,0.701016937425159,false,7272,9055,0.701016937425159
7272,55872,0.8210159780604717,false,7272,55872,0.8210159780604717
7272,7153,0.8518122790292977,false,7272,7153,0.8518122790292977
7272,23397,0.9270981811200064,false,7272,23397,0.9270981811200064
7272,64151,0.7830846744059665,false,7272,64151,0.7830846744059665
7272,100288637,0.9159700876381945,false,7272,100288637,0.9159700876381945
574414,101927750,0.9207613042872796,false,574414,101927750,0.9207613042872796
574414,2834,0.8314791432274382,false,574414,2834,0.8314791432274382
574414,5354,0.8119396928448074,false,574414,5354,0.8119396928448074
574414,574029,0.8559978727319534,false,574414,574029,0.8559978727319534
574414,400618,0.7178104952110806,false,574414,400618,0.7178104952110806
574414,6865,0.7425807466862172,false,574414,6865,0.7425807466862172
574414,1301,0.87053871788266,false,574414,1301,0.87053871788266
574414,107986951,0.7020101710601513,false,574414,107986951,0.7020101710601513
63967,150468,0.7634982044730502,false,63967,150468,0.7634982044730502
63967,1870,0.7185052262701849,false,63967,1870,0.7185052262701849
63967,147841,0.8051720034081302,false,63967,147841,0.8051720034081302
63967,8318,0.7452034539809942,false,63967,8318,0.7452034539809942
63967,9768,0.7034468733689627,false,63967,9768,0.7034468733689627
63967,9156,0.805103089686909,false,63967,9156,0.805103089686909
6345,4544,0.9266379733716587,false,6345,4544,0.9266379733716587
6345,116173,0.8903396069486527,false,6345,116173,0.8903396069486527
6345,101927686,0.7992512434183385,false,6345,101927686,0.7992512434183385
6345,1047,0.9523410370336431,false,6345,1047,0.9523410370336431
6345,9378,0.717601977317017,false,6345,9378,0.717601977317017
6345,594855,0.9118515950223708,false,6345,594855,0.9118515950223708
6345,646951,0.8171240593911061,false,6345,646951,0.8171240593911061
6345,3512,0.7439276373993157,false,6345,3512,0.7439276373993157
259266,55165,0.7894186397912877,false,259266,55165,0.7894186397912877
259266,150468,0.8872850353971472,false,259266,150468,0.8872850353971472
259266,57405,0.9008234078039677,false,259266,57405,0.9008234078039677
259266,29128,0.76256519317787,false,259266,29128,0.76256519317787
259266,57082,0.787419029693421,false,259266,57082,0.787419029693421
259266,891,0.7509155445724114,false,259266,891,0.7509155445724114
259266,147841,0.7045721510795953,false,259266,147841,0.7045721510795953
259266,4605,0.7424588613496346,false,259266,4605,0.7424588613496346
259266,128239,0.8859123071668906,false,259266,128239,0.8859123071668906
259266,1058,0.7122519200616924,false,259266,1058,0.7122519200616924
259266,9232,0.9037492171742473,false,259266,9232,0.9037492171742473
259266,10615,0.9097599468961592,false,259266,10615,0.9097599468961592
259266,79801,0.9251686767303378,false,259266,79801,0.9251686767303378
259266,55355,0.9039345855419623,false,259266,55355,0.9039345855419623
259266,157313,0.7240591800373251,false,259266,157313,0.7240591800373251
259266,9133,0.9150941790883672,false,259266,9133,0.9150941790883672
259266,9833,0.7019695717055018,false,259266,9833,0.7019695717055018
259266,11065,0.7279198656393961,false,259266,11065,0.7279198656393961
259266,55872,0.7879973456259995,false,259266,55872,0.7879973456259995
259266,10460,0.7328082334876137,false,259266,10460,0.7328082334876137
259266,3833,0.7919226289834194,false,259266,3833,0.7919226289834194
259266,64151,0.8483039473896056,false,259266,64151,0.8483039473896056
105375027,3754,0.9576657644691654,false,105375027,3754,0.9576657644691654
105375027,112802,0.715172876374391,false,105375027,112802,0.715172876374391
105375027,3881,0.8674543498488264,false,105375027,3881,0.8674543498488264
105375027,8355,0.8411385846069964,false,105375027,8355,0.8411385846069964
105375027,53820,0.8020091025598549,false,105375027,53820,0.8020091025598549
105375027,338797,0.9025454642574016,false,105375027,338797,0.9025454642574016
646024,55655,0.9174041710728846,false,646024,55655,0.9174041710728846
646024,11075,0.836660001535379,false,646024,11075,0.836660001535379
646024,2250,0.8106640572151494,false,646024,2250,0.8106640572151494
646024,109729169,0.8326210549533389,false,646024,109729169,0.8326210549533389
646024,731220,0.8620357639258358,false,646024,731220,0.8620357639258358
646024,3229,0.9397795130218052,false,646024,3229,0.9397795130218052
646024,387895,0.923531079484774,false,646024,387895,0.923531079484774
646024,105377508,0.9181366151267883,false,646024,105377508,0.9181366151267883
646024,84561,0.8318041295360595,false,646024,84561,0.8318041295360595
646024,647309,0.7531824849149169,false,646024,647309,0.7531824849149169
55165,10721,0.8115153279144809,false,55165,10721,0.8115153279144809
55165,150468,0.7515872258682664,false,55165,150468,0.7515872258682664
55165,57405,0.7933679368240835,false,55165,57405,0.7933679368240835
55165,29128,0.9359264191269258,false,55165,29128,0.9359264191269258
55165,3832,0.8028400081517159,false,55165,3832,0.8028400081517159
55165,57082,0.9135891124023371,false,55165,57082,0.9135891124023371
55165,55247,0.7813830384237878,false,55165,55247,0.7813830384237878
55165,891,0.8346555595776937,false,55165,891,0.8346555595776937
55165,4751,0.8443484449166985,false,55165,4751,0.8443484449166985
55165,55635,0.7717213334665267,false,55165,55635,0.7717213334665267
55165,128239,0.7495078847013695,false,55165,128239,0.7495078847013695
55165,10615,0.7044034303092789,false,55165,10615,0.7044034303092789
55165,9768,0.8718388022780064,false,55165,9768,0.8718388022780064
55165,79801,0.8062074045183418,false,55165,79801,0.8062074045183418
55165,55355,0.9062747229324366,false,55165,55355,0.9062747229324366
55165,9833,0.7790500938585306,false,55165,9833,0.7790500938585306
55165,9055,0.7758171662373494,false,55165,9055,0.7758171662373494
55165,157570,0.816207989855437,false,55165,157570,0.816207989855437
55165,56992,0.7765885401439817,false,55165,56992,0.7765885401439817
55165,55872,0.9169216797436076,false,55165,55872,0.9169216797436076
55165,7153,0.9276105633299084,false,55165,7153,0.9276105633299084
55165,23397,0.8716714550129676,false,55165,23397,0.8716714550129676
55165,64151,0.9419205076497347,false,55165,64151,0.9419205076497347
55165,100288637,0.7662407016208138,false,55165,100288637,0.7662407016208138
112268460,128239,0.7018032147335395,false,112268460,128239,0.7018032147335395
112268460,9232,0.7350745824430253,false,112268460,9232,0.7350745824430253
112268460,3783,0.7088255304345692,false,112268460,3783,0.7088255304345692
112268460,158511,0.7213068883707814,false,112268460,158511,0.7213068883707814
112268460,3833,0.7694525012637937,false,112268460,3833,0.7694525012637937
4085,10721,0.7765168831432141,false,4085,10721,0.7765168831432141
4085,3604,0.7169445880101597,false,4085,3604,0.7169445880101597
4085,55247,0.8400604099609231,false,4085,55247,0.8400604099609231
4085,4751,0.8299181432955677,false,4085,4751,0.8299181432955677
4085,55635,0.7533326699765602,false,4085,55635,0.7533326699765602
4085,2845,0.9042486193847163,false,4085,2845,0.9042486193847163
4085,653820,0.82691791889438,false,4085,653820,0.82691791889438
4085,56992,0.7348192426653211,false,4085,56992,0.7348192426653211
4085,7153,0.7503441846803793,false,4085,7153,0.7503441846803793
4085,27299,0.7782188024641216,false,4085,27299,0.7782188024641216
4085,23397,0.7089065869790463,false,4085,23397,0.7089065869790463
4085,100288637,0.8038657498610968,false,4085,100288637,0.8038657498610968
55143,128239,0.7039558243047562,false,55143,128239,0.7039558243047562
55143,1058,0.7002396918877893,false,55143,1058,0.7002396918877893
55143,9133,0.7643471997545611,false,55143,9133,0.7643471997545611
2328,2019,0.9754292537665001,false,2328,2019,0.9754292537665001
2328,554279,0.7086946048957394,false,2328,554279,0.7086946048957394
2328,28809,0.9142520166871114,false,2328,28809,0.9142520166871114
2328,134285,0.9462247048611916,false,2328,134285,0.9462247048611916
2328,55057,0.7042286744745607,false,2328,55057,0.7042286744745607
2328,389336,0.8719969740438035,false,2328,389336,0.8719969740438035
2328,25818,0.8248788389326387,false,2328,25818,0.8248788389326387
10721,29128,0.7861474313698724,false,10721,29128,0.7861474313698724
10721,3832,0.8016017653044561,false,10721,3832,0.8016017653044561
10721,57082,0.747021713626556,false,10721,57082,0.747021713626556
10721,55247,0.8264715971085339,false,10721,55247,0.8264715971085339
10721,891,0.7373029137075334,false,10721,891,0.7373029137075334
10721,4751,0.859455456488905,false,10721,4751,0.859455456488905
10721,55635,0.7825007298658235,false,10721,55635,0.7825007298658235
10721,9768,0.7812898958199053,false,10721,9768,0.7812898958199053
10721,2845,0.8709584565754369,false,10721,2845,0.8709584565754369
10721,653820,0.7821744067264808,false,10721,653820,0.7821744067264808
10721,56992,0.7144144481320379,false,10721,56992,0.7144144481320379
10721,55872,0.7391246552928,false,10721,55872,0.7391246552928
10721,7153,0.842458808075838,false,10721,7153,0.842458808075838
10721,23397,0.889118134493728,false,10721,23397,0.889118134493728
10721,64151,0.7913679540743204,false,10721,64151,0.7913679540743204
10721,100288637,0.8047963413558388,false,10721,100288637,0.8047963413558388
4544,116173,0.950326481381482,false,4544,116173,0.950326481381482
4544,101927686,0.8911585710747172,false,4544,101927686,0.8911585710747172
4544,1047,0.9503085018478581,false,4544,1047,0.9503085018478581
4544,9378,0.7766321286897694,false,4544,9378,0.7766321286897694
4544,594855,0.8724144798970416,false,4544,594855,0.8724144798970416
4544,646951,0.9224270378368703,false,4544,646951,0.9224270378368703
4544,3512,0.8005390492296652,false,4544,3512,0.8005390492296652
27063,10437,0.7313449205509944,false,27063,10437,0.7313449205509944
27063,102724714,0.8433669344933777,false,27063,102724714,0.8433669344933777
55655,1749,0.7160953054690188,false,55655,1749,0.7160953054690188
55655,11075,0.8046557630357548,false,55655,11075,0.8046557630357548
55655,2250,0.7805366252456949,false,55655,2250,0.7805366252456949
55655,109729169,0.8011330345682044,false,55655,109729169,0.8011330345682044
55655,731220,0.8254432974369144,false,55655,731220,0.8254432974369144
55655,3229,0.8680940870018581,false,55655,3229,0.8680940870018581
55655,387895,0.7889819896867135,false,55655,387895,0.7889819896867135
55655,105377508,0.8594492649624503,false,55655,105377508,0.8594492649624503
55655,84561,0.7947931176888553,false,55655,84561,0.7947931176888553
150468,57405,0.7686890136892969,false,150468,57405,0.7686890136892969
150468,29128,0.7223173155856908,false,150468,29128,0.7223173155856908
150468,891,0.8172893964647397,false,150468,891,0.8172893964647397
150468,147841,0.8198627112300853,false,150468,147841,0.8198627112300853
150468,8318,0.7759932266135627,false,150468,8318,0.7759932266135627
150468,128239,0.8041827180332768,false,150468,128239,0.8041827180332768
150468,9232,0.8005706088245024,false,150468,9232,0.8005706088245024
150468,10615,0.7900921959621051,false,150468,10615,0.7900921959621051
150468,9768,0.7232229833778409,false,150468,9768,0.7232229833778409
150468,79801,0.7455863587654994,false,150468,79801,0.7455863587654994
150468,55355,0.8559796525526836,false,150468,55355,0.8559796525526836
150468,157313,0.806605848861033,false,150468,157313,0.806605848861033
150468,9133,0.7875995835216291,false,150468,9133,0.7875995835216291
150468,11065,0.7557683624454677,false,150468,11065,0.7557683624454677
150468,55872,0.7064806388726896,false,150468,55872,0.7064806388726896
150468,64151,0.816881269111413,false,150468,64151,0.816881269111413
1870,57405,0.7490892706961618,false,1870,57405,0.7490892706961618
1870,9232,0.7019745936145323,false,1870,9232,0.7019745936145323
1870,55388,0.751761806452014,false,1870,55388,0.751761806452014
1870,9833,0.7330635840496644,false,1870,9833,0.7330635840496644
1870,1813,0.7168465052932088,false,1870,1813,0.7168465052932088
101927750,2834,0.7479938199867227,false,101927750,2834,0.7479938199867227
101927750,5354,0.7397230394038254,false,101927750,5354,0.7397230394038254
101927750,574029,0.7862401549513346,false,101927750,574029,0.7862401549513346
101927750,6865,0.7021473631504755,false,101927750,6865,0.7021473631504755
101927750,1301,0.8394092608443239,false,101927750,1301,0.8394092608443239
2834,5354,0.8564513780033086,false,2834,5354,0.8564513780033086
2834,574029,0.8923650756506367,false,2834,574029,0.8923650756506367
2834,157570,0.8353331122698755,false,2834,157570,0.8353331122698755
2834,1301,0.8591856312895595,false,2834,1301,0.8591856312895595
2834,107986951,0.8601950986609409,false,2834,107986951,0.8601950986609409
1749,4825,0.7162446108615702,false,1749,4825,0.7162446108615702
1749,115019,0.8135628420210963,false,1749,115019,0.8135628420210963
1749,55057,0.7156432086135134,false,1749,55057,0.7156432086135134
1749,389336,0.9121759529232535,false,1749,389336,0.9121759529232535
1749,25818,0.7333850461257017,false,1749,25818,0.7333850461257017
1749,102467080,0.7177872922997501,false,1749,102467080,0.7177872922997501
9096,55723,0.721181997080273,false,9096,55723,0.721181997080273
57405,29128,0.7938351998218,false,57405,29128,0.7938351998218
57405,3832,0.7186403163095783,false,57405,3832,0.7186403163095783
57405,57082,0.8294180058761843,false,57405,57082,0.8294180058761843
57405,891,0.7003107365418924,false,57405,891,0.7003107365418924
57405,4605,0.7372822484538468,false,57405,4605,0.7372822484538468
57405,128239,0.731763707059559,false,57405,128239,0.731763707059559
57405,55771,0.7550698859498141,false,57405,55771,0.7550698859498141
57405,9232,0.8271863944861187,false,57405,9232,0.8271863944861187
57405,10615,0.8501125305463331,false,57405,10615,0.8501125305463331
57405,9768,0.8028111679975388,false,57405,9768,0.8028111679975388
57405,79801,0.8333242961279639,false,57405,79801,0.8333242961279639
57405,55355,0.8140377501503658,false,57405,55355,0.8140377501503658
57405,157313,0.7416909596505193,false,57405,157313,0.7416909596505193
57405,9133,0.8157723797722887,false,57405,9133,0.8157723797722887
57405,55388,0.7665045932404774,false,57405,55388,0.7665045932404774
57405,9833,0.7101017460827986,false,57405,9833,0.7101017460827986
57405,55872,0.7852324202755843,false,57405,55872,0.7852324202755843
57405,7153,0.8011926840798067,false,57405,7153,0.8011926840798067
57405,9156,0.7974543446888923,false,57405,9156,0.7974543446888923
57405,64151,0.835525360243501,false,57405,64151,0.835525360243501
5354,186,0.7505634122789311,false,5354,186,0.7505634122789311
5354,574029,0.8480109551576497,false,5354,574029,0.8480109551576497
5354,6865,0.8042079300087628,false,5354,6865,0.8042079300087628
5354,6422,0.7584536630021943,false,5354,6422,0.7584536630021943
5354,1813,0.7000117628399721,false,5354,1813,0.7000117628399721
5354,1301,0.8372957456607422,false,5354,1301,0.8372957456607422
5354,107986951,0.8034231961766072,false,5354,107986951,0.8034231961766072
653149,112268037,0.8281562003409203,false,653149,112268037,0.8281562003409203
653149,3352,0.8241031730511998,false,653149,3352,0.8241031730511998
653149,340273,0.8681108038626238,false,653149,340273,0.8681108038626238
653149,101927355,0.8226733336498301,false,653149,101927355,0.8226733336498301
653149,366,0.7493051361057474,false,653149,366,0.7493051361057474
653149,51361,0.8658625175218758,false,653149,51361,0.8658625175218758
653149,100289137,0.8000042087753285,false,653149,100289137,0.8000042087753285
653149,158228,0.8679563626300977,false,653149,158228,0.8679563626300977
653149,2277,0.8336430269110208,false,653149,2277,0.8336430269110208
653149,81849,0.7271620805084162,false,653149,81849,0.7271620805084162
653149,143662,0.8651750038404404,false,653149,143662,0.8651750038404404
653149,253650,0.7637094615590673,false,653149,253650,0.7637094615590673
29128,3832,0.7726241177291643,false,29128,3832,0.7726241177291643
29128,57082,0.8509286181209558,false,29128,57082,0.8509286181209558
29128,55247,0.8277665419007745,false,29128,55247,0.8277665419007745
29128,891,0.8479688067413941,false,29128,891,0.8479688067413941
29128,4751,0.8904048961565131,false,29128,4751,0.8904048961565131
29128,55635,0.7530684112284952,false,29128,55635,0.7530684112284952
29128,128239,0.7043690807665686,false,29128,128239,0.7043690807665686
29128,10615,0.7012058272146264,false,29128,10615,0.7012058272146264
29128,9768,0.8736278084709279,false,29128,9768,0.8736278084709279
29128,79801,0.8077981352600624,false,29128,79801,0.8077981352600624
29128,55355,0.8457486633281354,false,29128,55355,0.8457486633281354
29128,2845,0.7229635085136977,false,29128,2845,0.7229635085136977
29128,55388,0.7555361929824576,false,29128,55388,0.7555361929824576
29128,9833,0.820207159794289,false,29128,9833,0.820207159794289
29128,9055,0.8820088847301051,false,29128,9055,0.8820088847301051
29128,11065,0.7378649784165355,false,29128,11065,0.7378649784165355
29128,157570,0.7040870245607308,false,29128,157570,0.7040870245607308
29128,56992,0.7695052490086906,false,29128,56992,0.7695052490086906
29128,55872,0.9289401806148336,false,29128,55872,0.9289401806148336
29128,7153,0.9480492804349719,false,29128,7153,0.9480492804349719
29128,6664,0.7279654793949257,false,29128,6664,0.7279654793949257
29128,23397,0.8215995290581374,false,29128,23397,0.8215995290581374
29128,64151,0.9292967613925367,false,29128,64151,0.9292967613925367
29128,100288637,0.8126641031061844,false,29128,100288637,0.8126641031061844
3832,57082,0.7737869599706539,false,3832,57082,0.7737869599706539
3832,55247,0.7653781670274769,false,3832,55247,0.7653781670274769
3832,4751,0.8307240677934615,false,3832,4751,0.8307240677934615
3832,55635,0.8048313887364175,false,3832,55635,0.8048313887364175
3832,9768,0.739029647273799,false,3832,9768,0.739029647273799
3832,100533789,0.7190972722508527,false,3832,100533789,0.7190972722508527
3832,2845,0.8330036540723395,false,3832,2845,0.8330036540723395
3832,55872,0.732552738728965,false,3832,55872,0.732552738728965
3832,7153,0.8527152935959464,false,3832,7153,0.8527152935959464
3832,23397,0.8104779661000412,false,3832,23397,0.8104779661000412
3832,64151,0.7552992297499119,false,3832,64151,0.7552992297499119
3832,100288637,0.7047996046629446,false,3832,100288637,0.7047996046629446
57082,55247,0.7853234191440327,false,57082,55247,0.7853234191440327
57082,891,0.7564663950742139,false,57082,891,0.7564663950742139
57082,4751,0.8034473079544747,false,57082,4751,0.8034473079544747
57082,55635,0.7049740499777278,false,57082,55635,0.7049740499777278
57082,10615,0.7210529724611443,false,57082,10615,0.7210529724611443
57082,9768,0.8169098653819145,false,57082,9768,0.8169098653819145
57082,79801,0.7964440512997895,false,57082,79801,0.7964440512997895
57082,55355,0.8078431715601357,false,57082,55355,0.8078431715601357
57082,2845,0.7023144723788933,false,57082,2845,0.7023144723788933
57082,9055,0.7778451196555555,false,57082,9055,0.7778451196555555
57082,157570,0.7379815734912044,false,57082,157570,0.7379815734912044
57082,56992,0.8338929655579377,false,57082,56992,0.8338929655579377
57082,55872,0.8904829431559222,false,57082,55872,0.8904829431559222
57082,7153,0.913630456069778,false,57082,7153,0.913630456069778
57082,6664,0.7372075182486122,false,57082,6664,0.7372075182486122
57082,23397,0.7389415099906159,false,57082,23397,0.7389415099906159
57082,64151,0.9283524683240036,false,57082,64151,0.9283524683240036
344,4318,0.8171829442926041,false,344,4318,0.8171829442926041
344,11075,0.7386958532642747,false,344,11075,0.7386958532642747
344,168002,0.8507934657807107,false,344,168002,0.8507934657807107
344,109729169,0.847526962449974,false,344,109729169,0.847526962449974
344,105378305,0.7979304673599125,false,344,105378305,0.7979304673599125
4283,113730,0.7118345903589113,false,4283,113730,0.7118345903589113
4283,100506655,0.9268995872313814,false,4283,100506655,0.9268995872313814
4283,100506827,0.7640770885675195,false,4283,100506827,0.7640770885675195
3754,3881,0.7834507697726254,false,3754,3881,0.7834507697726254
3754,8355,0.7472810741124428,false,3754,8355,0.7472810741124428
3754,53820,0.7247027615905143,false,3754,53820,0.7247027615905143
3754,338797,0.8430399135817556,false,3754,338797,0.8430399135817556
110806280,128239,0.723849073860636,false,110806280,128239,0.723849073860636
110806280,400618,0.8631960280996658,false,110806280,400618,0.8631960280996658
110806280,158511,0.8088835190333266,false,110806280,158511,0.8088835190333266
110806280,101929215,0.7665004306832282,false,110806280,101929215,0.7665004306832282
110806280,105371664,0.8087568571460726,false,110806280,105371664,0.8087568571460726
3604,55247,0.7776530924348891,false,3604,55247,0.7776530924348891
3604,4751,0.7169853983275838,false,3604,4751,0.7169853983275838
3604,7180,0.7223275046128039,false,3604,7180,0.7223275046128039
3604,9055,0.8237092783318872,false,3604,9055,0.8237092783318872
3604,27299,0.9270436374289562,false,3604,27299,0.9270436374289562
3604,6664,0.9089295532828283,false,3604,6664,0.9089295532828283
2019,554279,0.7053221456328977,false,2019,554279,0.7053221456328977
2019,28809,0.903849761796643,false,2019,28809,0.903849761796643
2019,134285,0.9594125696476923,false,2019,134285,0.9594125696476923
2019,55057,0.7172852962792367,false,2019,55057,0.7172852962792367
2019,389336,0.877348372153692,false,2019,389336,0.877348372153692
2019,25818,0.856901481650536,false,2019,25818,0.856901481650536
55247,891,0.7182265885816946,false,55247,891,0.7182265885816946
55247,4751,0.9404359191456226,false,55247,4751,0.9404359191456226
55247,55635,0.7736043711977947,false,55247,55635,0.7736043711977947
55247,2845,0.8855455694524837,false,55247,2845,0.8855455694524837
55247,653820,0.7293065264289743,false,55247,653820,0.7293065264289743
55247,9055,0.8693318935441224,false,55247,9055,0.8693318935441224
55247,56992,0.8918588316738502,false,55247,56992,0.8918588316738502
55247,55872,0.8408556693509494,false,55247,55872,0.8408556693509494
55247,7153,0.8521002630673667,false,55247,7153,0.8521002630673667
55247,27299,0.8649305189177284,false,55247,27299,0.8649305189177284
55247,6664,0.8660736695304693,false,55247,6664,0.8660736695304693
55247,23397,0.7986173707029507,false,55247,23397,0.7986173707029507
55247,64151,0.8591836760125511,false,55247,64151,0.8591836760125511
55247,100288637,0.8059690085030102,false,55247,100288637,0.8059690085030102
50615,186,0.7174273329635327,false,50615,186,0.7174273329635327
554279,366,0.7804382877294379,false,554279,366,0.7804382877294379
112268037,245972,0.7215679057839303,false,112268037,245972,0.7215679057839303
112268037,340273,0.85848648078591,false,112268037,340273,0.85848648078591
112268037,101927355,0.865327176839655,false,112268037,101927355,0.865327176839655
112268037,51361,0.8559440741698092,false,112268037,51361,0.8559440741698092
112268037,100289137,0.8051124105027744,false,112268037,100289137,0.8051124105027744
112268037,158228,0.8573217973837888,false,112268037,158228,0.8573217973837888
112268037,2277,0.9070934438224898,false,112268037,2277,0.9070934438224898
112268037,81849,0.864926099684073,false,112268037,81849,0.864926099684073
112268037,143662,0.8567623925204935,false,112268037,143662,0.8567623925204935
112268037,253650,0.9247135617987117,false,112268037,253650,0.9247135617987117
4318,168002,0.9065981215754865,false,4318,168002,0.9065981215754865
4318,109729169,0.7834060659178008,false,4318,109729169,0.7834060659178008
4318,26289,0.8319249677090108,false,4318,26289,0.8319249677090108
4318,105378305,0.8239306236139605,false,4318,105378305,0.8239306236139605
186,6422,0.8151235899934471,false,186,6422,0.8151235899934471
891,4751,0.7829289479632604,false,891,4751,0.7829289479632604
891,147841,0.7069541429230718,false,891,147841,0.7069541429230718
891,10615,0.7414322622500354,false,891,10615,0.7414322622500354
891,9768,0.7968377230964139,false,891,9768,0.7968377230964139
891,55355,0.7786524218867314,false,891,55355,0.7786524218867314
891,9055,0.7565361155071851,false,891,9055,0.7565361155071851
891,11065,0.8313661151802858,false,891,11065,0.8313661151802858
891,56992,0.7700478395887831,false,891,56992,0.7700478395887831
891,55872,0.82073715978606,false,891,55872,0.82073715978606
891,7153,0.7783198240229965,false,891,7153,0.7783198240229965
891,55723,0.7601704282662148,false,891,55723,0.7601704282662148
891,64151,0.8373258267853139,false,891,64151,0.8373258267853139
4751,55635,0.7806399139857944,false,4751,55635,0.7806399139857944
4751,9768,0.7575152727757825,false,4751,9768,0.7575152727757825
4751,2845,0.905630797776303,false,4751,2845,0.905630797776303
4751,9055,0.8390013498556459,false,4751,9055,0.8390013498556459
4751,56992,0.8389630162259484,false,4751,56992,0.8389630162259484
4751,55872,0.883897493475976,false,4751,55872,0.883897493475976
4751,7153,0.9116543437220432,false,4751,7153,0.9116543437220432
4751,27299,0.7919178828914408,false,4751,27299,0.7919178828914408
4751,6664,0.8111987734593789,false,4751,6664,0.8111987734593789
4751,23397,0.8107889976921339,false,4751,23397,0.8107889976921339
4751,64151,0.8705551502541561,false,4751,64151,0.8705551502541561
4751,100288637,0.8727268691494356,false,4751,100288637,0.8727268691494356
147841,8318,0.7820372971393352,false,147841,8318,0.7820372971393352
147841,128239,0.7050335935433406,false,147841,128239,0.7050335935433406
147841,10615,0.7462932855223586,false,147841,10615,0.7462932855223586
147841,157313,0.7529993315334571,false,147841,157313,0.7529993315334571
574029,157570,0.7407699291765419,false,574029,157570,0.7407699291765419
574029,1301,0.9286180342718715,false,574029,1301,0.9286180342718715
574029,107986951,0.8981785425895219,false,574029,107986951,0.8981785425895219
3352,245972,0.7316370288458363,false,3352,245972,0.7316370288458363
3352,340273,0.8597787051052858,false,3352,340273,0.8597787051052858
3352,101927355,0.8624050273454061,false,3352,101927355,0.8624050273454061
3352,366,0.8376354435148587,false,3352,366,0.8376354435148587
3352,51361,0.8609958488028642,false,3352,51361,0.8609958488028642
3352,100289137,0.8059538403524107,false,3352,100289137,0.8059538403524107
3352,158228,0.8599950071973534,false,3352,158228,0.8599950071973534
3352,2277,0.7533822879321613,false,3352,2277,0.7533822879321613
3352,81849,0.7555640678252222,false,3352,81849,0.7555640678252222
3352,143662,0.8465061846783932,false,3352,143662,0.8465061846783932
3352,253650,0.7410553240157012,false,3352,253650,0.7410553240157012
116173,101927686,0.8244056742656829,false,116173,101927686,0.8244056742656829
116173,26150,0.7780589726029588,false,116173,26150,0.7780589726029588
116173,1047,0.9179936498801761,false,116173,1047,0.9179936498801761
116173,9378,0.7100395611809237,false,116173,9378,0.7100395611809237
116173,594855,0.8911399809444076,false,116173,594855,0.8911399809444076
116173,646951,0.8804010717243881,false,116173,646951,0.8804010717243881
116173,3512,0.746728686670249,false,116173,3512,0.746728686670249
80714,284240,0.714456279482653,false,80714,284240,0.714456279482653
80714,3856,0.7258294695437926,false,80714,3856,0.7258294695437926
80714,113218482,0.7011792198015927,false,80714,113218482,0.7011792198015927
80714,55867,0.7453682268221915,false,80714,55867,0.7453682268221915
80714,84561,0.7773160463148858,false,80714,84561,0.7773160463148858
8318,4605,0.8207512213166354,false,8318,4605,0.8207512213166354
8318,55771,0.8741253611791939,false,8318,55771,0.8741253611791939
8318,9232,0.787234784491957,false,8318,9232,0.787234784491957
8318,10615,0.7274440498198377,false,8318,10615,0.7274440498198377
8318,157313,0.8161852453724954,false,8318,157313,0.8161852453724954
8318,9133,0.7134354581945008,false,8318,9133,0.7134354581945008
8318,10460,0.7654340719190692,false,8318,10460,0.7654340719190692
8318,9156,0.7340704746792438,false,8318,9156,0.7340704746792438
55635,9768,0.7278551007697713,false,55635,9768,0.7278551007697713
55635,2845,0.861065040358344,false,55635,2845,0.861065040358344
55635,55388,0.7759401570404248,false,55635,55388,0.7759401570404248
55635,7153,0.8544529348548408,false,55635,7153,0.8544529348548408
55635,23397,0.8196199469179356,false,55635,23397,0.8196199469179356
55635,100288637,0.7867024399343825,false,55635,100288637,0.7867024399343825
11075,109729169,0.8888302924488857,false,11075,109729169,0.8888302924488857
11075,731220,0.8441119288012672,false,11075,731220,0.8441119288012672
11075,3229,0.7885043476455565,false,11075,3229,0.7885043476455565
11075,387895,0.7702017710740415,false,11075,387895,0.7702017710740415
11075,105377508,0.7392768676129554,false,11075,105377508,0.7392768676129554
11075,647309,0.7135890295332825,false,11075,647309,0.7135890295332825
4605,55771,0.8083653987400581,false,4605,55771,0.8083653987400581
4605,9232,0.7653157955977864,false,4605,9232,0.7653157955977864
4605,10615,0.754100600872126,false,4605,10615,0.754100600872126
4605,157313,0.7305004034523044,false,4605,157313,0.7305004034523044
4605,9133,0.7640720664908587,false,4605,9133,0.7640720664908587
4605,10460,0.7579246479558676,false,4605,10460,0.7579246479558676
4605,9156,0.7731605856766969,false,4605,9156,0.7731605856766969
101927686,1047,0.8550203206640404,false,101927686,1047,0.8550203206640404
101927686,594855,0.7540325059713238,false,101927686,594855,0.7540325059713238
101927686,646951,0.7891336830408475,false,101927686,646951,0.7891336830408475
89858,729447,0.7275102272247254,false,89858,729447,0.7275102272247254
89858,3783,0.8495927051951515,false,89858,3783,0.8495927051951515
89858,107984763,0.8726065109647647,false,89858,107984763,0.8726065109647647
89858,83648,0.7610851182017176,false,89858,83648,0.7610851182017176
245972,340273,0.8213267940787258,false,245972,340273,0.8213267940787258
245972,101927355,0.7856281038828445,false,245972,101927355,0.7856281038828445
245972,51361,0.8308962860469585,false,245972,51361,0.8308962860469585
245972,100289137,0.7633558291312891,false,245972,100289137,0.7633558291312891
245972,158228,0.8222591796422217,false,245972,158228,0.8222591796422217
245972,2277,0.7769045657443303,false,245972,2277,0.7769045657443303
245972,81849,0.8073818892649476,false,245972,81849,0.8073818892649476
245972,143662,0.807963860763719,false,245972,143662,0.807963860763719
245972,253650,0.7215501796457959,false,245972,253650,0.7215501796457959
340273,101927355,0.9505162202321552,false,340273,101927355,0.9505162202321552
340273,366,0.7550696844005063,false,340273,366,0.7550696844005063
340273,51361,0.9992317254329717,false,340273,51361,0.9992317254329717
340273,100289137,0.9613354042743504,false,340273,100289137,0.9613354042743504
340273,158228,0.9999869069625474,false,340273,158228,0.9999869069625474
340273,2277,0.8816965063797741,false,340273,2277,0.8816965063797741
340273,81849,0.8806005604483945,false,340273,81849,0.8806005604483945
340273,143662,0.9959244494504521,false,340273,143662,0.9959244494504521
340273,22974,0.7434192026775863,false,340273,22974,0.7434192026775863
340273,253650,0.907272897438081,false,340273,253650,0.907272897438081
2250,109729169,0.7619415080213724,false,2250,109729169,0.7619415080213724
2250,4825,0.7462697664589785,false,2250,4825,0.7462697664589785
2250,3229,0.84087990144912,false,2250,3229,0.84087990144912
2250,387895,0.8096064115999118,false,2250,387895,0.8096064115999118
2250,105377508,0.7718445219964352,false,2250,105377508,0.7718445219964352
2250,647309,0.718271050123193,false,2250,647309,0.718271050123193
101927355,366,0.8023508669294948,false,101927355,366,0.8023508669294948
101927355,51361,0.9518024019385345,false,101927355,51361,0.9518024019385345
101927355,100289137,0.8819571431091835,false,101927355,100289137,0.8819571431091835
101927355,158228,0.9499728891311271,false,101927355,158228,0.9499728891311271
101927355,2277,0.8748175360301174,false,101927355,2277,0.8748175360301174
101927355,81849,0.8975464056393856,false,101927355,81849,0.8975464056393856
101927355,143662,0.9365551079812777,false,101927355,143662,0.9365551079812777
101927355,253650,0.9263137017906999,false,101927355,253650,0.9263137017906999
29991,168002,0.7920136814896854,false,29991,168002,0.7920136814896854
29991,105378305,0.8197796062449312,false,29991,105378305,0.8197796062449312
284240,3856,0.8424811934359581,false,284240,3856,0.8424811934359581
284240,113218482,0.8479130841269987,false,284240,113218482,0.8479130841269987
128239,1058,0.7660305763031888,false,128239,1058,0.7660305763031888
128239,9232,0.8722585672440846,false,128239,9232,0.8722585672440846
128239,10615,0.8403654368822612,false,128239,10615,0.8403654368822612
128239,79801,0.8333776521396636,false,128239,79801,0.8333776521396636
128239,55355,0.9085053616255132,false,128239,55355,0.9085053616255132
128239,9133,0.8999851282002294,false,128239,9133,0.8999851282002294
128239,9833,0.7716755523526677,false,128239,9833,0.7716755523526677
128239,158511,0.7060699910141254,false,128239,158511,0.7060699910141254
128239,11065,0.7505745868644755,false,128239,11065,0.7505745868644755
128239,9582,0.8044394749415215,false,128239,9582,0.8044394749415215
128239,55723,0.7069795370863761,false,128239,55723,0.7069795370863761
128239,105371664,0.7367022506442356,false,128239,105371664,0.7367022506442356
128239,3833,0.8826530935301842,false,128239,3833,0.8826530935301842
128239,64151,0.711656877180657,false,128239,64151,0.711656877180657
112802,3881,0.9028405416989757,false,112802,3881,0.9028405416989757
1058,9232,0.8298772297260983,false,1058,9232,0.8298772297260983
1058,9133,0.783215987997106,false,1058,9133,0.783215987997106
1058,729447,0.741009056963681,false,1058,729447,0.741009056963681
1058,9582,0.8000531179716084,false,1058,9582,0.8000531179716084
1058,3833,0.705875387816027,false,1058,3833,0.705875387816027
366,51361,0.7672414409848345,false,366,51361,0.7672414409848345
366,158228,0.754697583894424,false,366,158228,0.754697583894424
366,2277,0.7721714190972836,false,366,2277,0.7721714190972836
366,143662,0.7379886513427942,false,366,143662,0.7379886513427942
55771,9232,0.7046448221046442,false,55771,9232,0.7046448221046442
55771,10615,0.7168346424306788,false,55771,10615,0.7168346424306788
55771,157313,0.7563008960355219,false,55771,157313,0.7563008960355219
55771,9133,0.7375970144842452,false,55771,9133,0.7375970144842452
55771,10460,0.719901340829351,false,55771,10460,0.719901340829351
55771,9156,0.7549691191428083,false,55771,9156,0.7549691191428083
9232,10615,0.8262235248473312,false,9232,10615,0.8262235248473312
9232,79801,0.8131164361319131,false,9232,79801,0.8131164361319131
9232,55355,0.7513505169750483,false,9232,55355,0.7513505169750483
9232,157313,0.7088383954952123,false,9232,157313,0.7088383954952123
9232,9133,0.91668629073793,false,9232,9133,0.91668629073793
9232,10460,0.8219070168472249,false,9232,10460,0.8219070168472249
9232,9582,0.7338208533560064,false,9232,9582,0.7338208533560064
9232,55723,0.7030229606104674,false,9232,55723,0.7030229606104674
9232,3833,0.8023710632851452,false,9232,3833,0.8023710632851452
102724714,28809,0.7765388457962819,false,102724714,28809,0.7765388457962819
102724714,134285,0.7254082708534377,false,102724714,134285,0.7254082708534377
102724714,284293,0.7291533319488455,false,102724714,284293,0.7291533319488455
168002,26289,0.7732554702749309,false,168002,26289,0.7732554702749309
168002,105378305,0.9092563684492702,false,168002,105378305,0.9092563684492702
26150,646951,0.7773083137969141,false,26150,646951,0.7773083137969141
113730,100506655,0.7189949555242768,false,113730,100506655,0.7189949555242768
28809,134285,0.9806387042840827,false,28809,134285,0.9806387042840827
28809,284293,0.7842376274300084,false,28809,284293,0.7842376274300084
28809,115019,0.7242882316329048,false,28809,115019,0.7242882316329048
28809,389336,0.8959913087988761,false,28809,389336,0.8959913087988761
28809,25818,0.9225821215402796,false,28809,25818,0.9225821215402796
109729169,100533789,0.7029151438961515,false,109729169,100533789,0.7029151438961515
109729169,731220,0.7163621071552164,false,109729169,731220,0.7163621071552164
109729169,3229,0.7458883381384833,false,109729169,3229,0.7458883381384833
109729169,387895,0.7490450193176381,false,109729169,387895,0.7490450193176381
109729169,105377508,0.7679926450912743,false,109729169,105377508,0.7679926450912743
109729169,84561,0.7192468434232299,false,109729169,84561,0.7192468434232299
109729169,647309,0.7614294294003545,false,109729169,647309,0.7614294294003545
4825,389336,0.7024816286910973,false,4825,389336,0.7024816286910973
4825,647309,0.7893717683235376,false,4825,647309,0.7893717683235376
10615,79801,0.8226591682108211,false,10615,79801,0.8226591682108211
10615,55355,0.8464420291727583,false,10615,55355,0.8464420291727583
10615,9133,0.8013096503985221,false,10615,9133,0.8013096503985221
10615,9833,0.7464082947839239,false,10615,9833,0.7464082947839239
10615,11065,0.8118188653132486,false,10615,11065,0.8118188653132486
10615,55872,0.7385816685656827,false,10615,55872,0.7385816685656827
10615,55723,0.7736999906941922,false,10615,55723,0.7736999906941922
10615,3833,0.8167468495819598,false,10615,3833,0.8167468495819598
10615,64151,0.7273337300614704,false,10615,64151,0.7273337300614704
9768,55355,0.7389510895765418,false,9768,55355,0.7389510895765418
9768,157313,0.7373693397868681,false,9768,157313,0.7373693397868681
9768,55388,0.8171660054425007,false,9768,55388,0.8171660054425007
9768,55872,0.7816670342753389,false,9768,55872,0.7816670342753389
9768,7153,0.9126849931781473,false,9768,7153,0.9126849931781473
9768,23397,0.7596367675987139,false,9768,23397,0.7596367675987139
9768,64151,0.8287785410185544,false,9768,64151,0.8287785410185544
51361,100289137,0.9573661554156082,false,51361,100289137,0.9573661554156082
51361,158228,0.9992671792401187,false,51361,158228,0.9992671792401187
51361,2277,0.8815188505435233,false,51361,2277,0.8815188505435233
51361,81849,0.8763842651042449,false,51361,81849,0.8763842651042449
51361,143662,0.9951586252222584,false,51361,143662,0.9951586252222584
51361,22974,0.7339154426909575,false,51361,22974,0.7339154426909575
51361,253650,0.9089052262184965,false,51361,253650,0.9089052262184965
1047,9378,0.7126687780823014,false,1047,9378,0.7126687780823014
1047,594855,0.9395675405787965,false,1047,594855,0.9395675405787965
1047,646951,0.8082543650862788,false,1047,646951,0.8082543650862788
1047,3512,0.7988386883655174,false,1047,3512,0.7988386883655174
79801,55355,0.8339101241886513,false,79801,55355,0.8339101241886513
79801,9133,0.8590509140268935,false,79801,9133,0.8590509140268935
79801,9833,0.7950137512547486,false,79801,9833,0.7950137512547486
79801,9055,0.7256374279084623,false,79801,9055,0.7256374279084623
79801,55872,0.8095141642110881,false,79801,55872,0.8095141642110881
79801,7153,0.7145181839912184,false,79801,7153,0.7145181839912184
79801,9582,0.7299006372766443,false,79801,9582,0.7299006372766443
79801,3833,0.7611660036483516,false,79801,3833,0.7611660036483516
79801,64151,0.8360658376328431,false,79801,64151,0.8360658376328431
9378,646951,0.7059412599866285,false,9378,646951,0.7059412599866285
55355,9133,0.8460515119030896,false,55355,9133,0.8460515119030896
55355,9833,0.7412188302050099,false,55355,9833,0.7412188302050099
55355,9055,0.7300589850858192,false,55355,9055,0.7300589850858192
55355,11065,0.7448208236215584,false,55355,11065,0.7448208236215584
55355,157570,0.8006191129183063,false,55355,157570,0.8006191129183063
55355,56992,0.7085286118135515,false,55355,56992,0.7085286118135515
55355,55872,0.8439375955771841,false,55355,55872,0.8439375955771841
55355,7153,0.7627118900846155,false,55355,7153,0.7627118900846155
55355,23397,0.7354907991028629,false,55355,23397,0.7354907991028629
55355,3833,0.8259740358388065,false,55355,3833,0.8259740358388065
55355,64151,0.8710626383381366,false,55355,64151,0.8710626383381366
157313,9133,0.7502866513676185,false,157313,9133,0.7502866513676185
157313,9156,0.733880026813769,false,157313,9156,0.733880026813769
29851,653820,0.7283704178508861,false,29851,653820,0.7283704178508861
51512,53820,0.7306356754488915,false,51512,53820,0.7306356754488915
51512,338797,0.7005618983796278,false,51512,338797,0.7005618983796278
9493,9055,0.7132768738814164,false,9493,9055,0.7132768738814164
9493,64843,0.7842006017818793,false,9493,64843,0.7842006017818793
100289137,158228,0.961252673998317,false,100289137,158228,0.961252673998317
100289137,2277,0.8872323008346866,false,100289137,2277,0.8872323008346866
100289137,81849,0.86421973175747,false,100289137,81849,0.86421973175747
100289137,143662,0.9613579675124136,false,100289137,143662,0.9613579675124136
100289137,22974,0.7278786459723261,false,100289137,22974,0.7278786459723261
100289137,253650,0.8595996871798335,false,100289137,253650,0.8595996871798335
3881,338797,0.7948916549428301,false,3881,338797,0.7948916549428301
9133,3833,0.8195573601883053,false,9133,3833,0.8195573601883053
7180,56992,0.7068049909896017,false,7180,56992,0.7068049909896017
7180,27299,0.7412284937825676,false,7180,27299,0.7412284937825676
7180,6664,0.8430469350845144,false,7180,6664,0.8430469350845144
7180,100506655,0.715307650298144,false,7180,100506655,0.715307650298144
7180,100506827,0.7803514774135535,false,7180,100506827,0.7803514774135535
2845,653820,0.7640485590988138,false,2845,653820,0.7640485590988138
2845,55388,0.7013328503207041,false,2845,55388,0.7013328503207041
2845,56992,0.7605836769443177,false,2845,56992,0.7605836769443177
2845,7153,0.848695111789508,false,2845,7153,0.848695111789508
2845,27299,0.7060701696721846,false,2845,27299,0.7060701696721846
2845,23397,0.7726469363215658,false,2845,23397,0.7726469363215658
2845,64151,0.7010601995868833,false,2845,64151,0.7010601995868833
2845,100288637,0.8220489890882198,false,2845,100288637,0.8220489890882198
134285,284293,0.7619749484562811,false,134285,284293,0.7619749484562811
134285,115019,0.7005348443963063,false,134285,115019,0.7005348443963063
134285,389336,0.8951135988656269,false,134285,389336,0.8951135988656269
134285,25818,0.9255915515543639,false,134285,25818,0.9255915515543639
653820,56992,0.7078140306733366,false,653820,56992,0.7078140306733366
653820,23397,0.7050635814394656,false,653820,23397,0.7050635814394656
158228,2277,0.8813499489223849,false,158228,2277,0.8813499489223849
158228,81849,0.8799408175689166,false,158228,81849,0.8799408175689166
158228,143662,0.9957617773235742,false,158228,143662,0.9957617773235742
158228,22974,0.7434222386418173,false,158228,22974,0.7434222386418173
158228,253650,0.9058875669796213,false,158228,253650,0.9058875669796213
8355,53820,0.8026056247118366,false,8355,53820,0.8026056247118366
8355,338797,0.7582325462401289,false,8355,338797,0.7582325462401289
55388,9833,0.7129004143699912,false,55388,9833,0.7129004143699912
55388,7153,0.8238734404615341,false,55388,7153,0.8238734404615341
55388,23397,0.7287010102195944,false,55388,23397,0.7287010102195944
55388,100288637,0.7616052600190842,false,55388,100288637,0.7616052600190842
9833,11065,0.7034760944022607,false,9833,11065,0.7034760944022607
9833,55872,0.7949733924685247,false,9833,55872,0.7949733924685247
9833,7153,0.7169843399100572,false,9833,7153,0.7169843399100572
9833,9582,0.8157499273651019,false,9833,9582,0.8157499273651019
9833,55723,0.7479248377468569,false,9833,55723,0.7479248377468569
9833,23397,0.8277005383029982,false,9833,23397,0.8277005383029982
9833,3833,0.7263119490466883,false,9833,3833,0.7263119490466883
9833,64151,0.7496599586454734,false,9833,64151,0.7496599586454734
9833,100288637,0.7731452849858556,false,9833,100288637,0.7731452849858556
729447,3783,0.8658829666845452,false,729447,3783,0.8658829666845452
729447,158511,0.8118123580956439,false,729447,158511,0.8118123580956439
729447,107984763,0.786023872691622,false,729447,107984763,0.786023872691622
729447,101929215,0.7126944385781923,false,729447,101929215,0.7126944385781923
2277,81849,0.825337434032131,false,2277,81849,0.825337434032131
2277,143662,0.8683545181830237,false,2277,143662,0.8683545181830237
2277,253650,0.8497560056861615,false,2277,253650,0.8497560056861615
3783,158511,0.7816032121007924,false,3783,158511,0.7816032121007924
3783,107984763,0.7744559255761375,false,3783,107984763,0.7744559255761375
3783,101929215,0.829249514259634,false,3783,101929215,0.829249514259634
10642,55867,0.7788471706073129,false,10642,55867,0.7788471706073129
400618,158511,0.8256743448206719,false,400618,158511,0.8256743448206719
400618,105371664,0.7193066020430336,false,400618,105371664,0.7193066020430336
115019,55057,0.7545322885999882,false,115019,55057,0.7545322885999882
115019,389336,0.8077724333220411,false,115019,389336,0.8077724333220411
158511,101929215,0.7533130553141638,false,158511,101929215,0.7533130553141638
158511,105371664,0.7634374560823968,false,158511,105371664,0.7634374560823968
158511,3833,0.7657052955592215,false,158511,3833,0.7657052955592215
81849,143662,0.8717541739004676,false,81849,143662,0.8717541739004676
81849,253650,0.89701168716776,false,81849,253650,0.89701168716776
9055,11065,0.7299205945347181,false,9055,11065,0.7299205945347181
9055,56992,0.8783006577844765,false,9055,56992,0.8783006577844765
9055,55872,0.8835750419362842,false,9055,55872,0.8835750419362842
9055,7153,0.8040717924259384,false,9055,7153,0.8040717924259384
9055,27299,0.8138678194459072,false,9055,27299,0.8138678194459072
9055,6664,0.8859093082402945,false,9055,6664,0.8859093082402945
9055,64151,0.8697956186814743,false,9055,64151,0.8697956186814743
9055,100288637,0.723881761017048,false,9055,100288637,0.723881761017048
11065,55872,0.7523294163616197,false,11065,55872,0.7523294163616197
11065,55723,0.9263020978719412,false,11065,55723,0.9263020978719412
11065,3833,0.7451985982578336,false,11065,3833,0.7451985982578336
731220,3229,0.8025263316808126,false,731220,3229,0.8025263316808126
731220,387895,0.7340730481594705,false,731220,387895,0.7340730481594705
731220,105377508,0.7085263342349464,false,731220,105377508,0.7085263342349464
107984763,83648,0.7800912839223918,false,107984763,83648,0.7800912839223918
157570,641,0.7299333342242953,false,157570,641,0.7299333342242953
157570,55872,0.718175840285599,false,157570,55872,0.718175840285599
157570,107986951,0.7615382296903639,false,157570,107986951,0.7615382296903639
56992,55872,0.8558061730820611,false,56992,55872,0.8558061730820611
56992,7153,0.7800548881804579,false,56992,7153,0.7800548881804579
56992,6664,0.7928930186003887,false,56992,6664,0.7928930186003887
56992,23397,0.7342381062533122,false,56992,23397,0.7342381062533122
56992,64151,0.8403168338107908,false,56992,64151,0.8403168338107908
56992,100288637,0.7018652653697158,false,56992,100288637,0.7018652653697158
594855,646951,0.7604804198287908,false,594855,646951,0.7604804198287908
594855,3512,0.7644470351702121,false,594855,3512,0.7644470351702121
55872,7153,0.8904915392221349,false,55872,7153,0.8904915392221349
55872,6664,0.7755952100947827,false,55872,6664,0.7755952100947827
55872,23397,0.8055471691512862,false,55872,23397,0.8055471691512862
55872,64151,0.9231563218915422,false,55872,64151,0.9231563218915422
55872,100288637,0.7950771001308509,false,55872,100288637,0.7950771001308509
7153,6664,0.7206920323108154,false,7153,6664,0.7206920323108154
7153,23397,0.8293340819904755,false,7153,23397,0.8293340819904755
7153,64151,0.9076652631604197,false,7153,64151,0.9076652631604197
7153,100288637,0.8256452183019697,false,7153,100288637,0.8256452183019697
3229,387895,0.9578147545613171,false,3229,387895,0.9578147545613171
3229,105377508,0.836527855280077,false,3229,105377508,0.836527855280077
3229,84561,0.7564357753187876,false,3229,84561,0.7564357753187876
3229,647309,0.7008145624969632,false,3229,647309,0.7008145624969632
3856,113218482,0.9884017838883684,false,3856,113218482,0.9884017838883684
101929215,105371664,0.7061020113037884,false,101929215,105371664,0.7061020113037884
10460,9156,0.7534468957864033,false,10460,9156,0.7534468957864033
55057,389336,0.7485622406689797,false,55057,389336,0.7485622406689797
9582,55723,0.7315695607870929,false,9582,55723,0.7315695607870929
9582,3833,0.7720756676000993,false,9582,3833,0.7720756676000993
387895,105377508,0.8774507569177301,false,387895,105377508,0.8774507569177301
387895,84561,0.7560169969555505,false,387895,84561,0.7560169969555505
387895,647309,0.8206864546621123,false,387895,647309,0.8206864546621123
27299,6664,0.9415891174647387,false,27299,6664,0.9415891174647387
27299,64843,0.7351238105614543,false,27299,64843,0.7351238105614543
646951,3512,0.8308301474490994,false,646951,3512,0.8308301474490994
26289,105378305,0.7164082229791964,false,26289,105378305,0.7164082229791964
105377508,84561,0.7216367558203202,false,105377508,84561,0.7216367558203202
105377508,647309,0.8105093234874413,false,105377508,647309,0.8105093234874413
55723,3833,0.714312152112008,false,55723,3833,0.714312152112008
143662,22974,0.725622625589993,false,143662,22974,0.725622625589993
143662,253650,0.9149611709541647,false,143662,253650,0.9149611709541647
6664,64151,0.7850139276096499,false,6664,64151,0.7850139276096499
6664,100288637,0.7078712957831022,false,6664,100288637,0.7078712957831022
100506655,100506827,0.8712488789266503,false,100506655,100506827,0.8712488789266503
1301,107986951,0.7878142844163994,false,1301,107986951,0.7878142844163994
389336,25818,0.9065511561882423,false,389336,25818,0.9065511561882423
389336,102467080,0.7099681143124791,false,389336,102467080,0.7099681143124791
25818,102467080,0.7114294072690949,false,25818,102467080,0.7114294072690949
23397,64151,0.8033618177701972,false,23397,64151,0.8033618177701972
23397,100288637,0.8683331110439793,false,23397,100288637,0.8683331110439793
64151,100288637,0.7448546123128192,false,64151,100288637,0.7448546123128192
